"Correlation_Id","Dispatch_Id","Agent_Id","Queue_Id","Process_Id","Thread_Id","Grid_Size","Kernel_Id","Kernel_Name","Workgroup_Size","LDS_Block_Size","Scratch_Size","VGPR_Count","Accum_VGPR_Count","SGPR_Count","Counter_Name","Counter_Value","Start_Timestamp","End_Timestamp"
1,1,"Agent 1",1,19214,19214,256,17,"pk_gemm(__half const*, __half const*, __half*, int, int, int)",128,8704,0,208,0,128,"ALUStalledByLDS",2.44132820e-01,2081165952842,2081166039564
1,1,"Agent 1",1,19214,19214,256,17,"pk_gemm(__half const*, __half const*, __half*, int, int, int)",128,8704,0,208,0,128,"LDSBankConflict",12.500000,2081165952842,2081166039564
1,1,"Agent 1",1,19214,19214,256,17,"pk_gemm(__half const*, __half const*, __half*, int, int, int)",128,8704,0,208,0,128,"MeanOccupancyPerCU",1.87472390e-01,2081165952842,2081166039564
1,1,"Agent 1",1,19214,19214,256,17,"pk_gemm(__half const*, __half const*, __half*, int, int, int)",128,8704,0,208,0,128,"SQ_INSTS_LDS",10240.000000,2081165952842,2081166039564
1,1,"Agent 1",1,19214,19214,256,17,"pk_gemm(__half const*, __half const*, __half*, int, int, int)",128,8704,0,208,0,128,"SQ_INST_LEVEL_LDS",908.000000,2081165952842,2081166039564
1,1,"Agent 1",1,19214,19214,256,17,"pk_gemm(__half const*, __half const*, __half*, int, int, int)",128,8704,0,208,0,128,"SQ_WAIT_INST_LDS",672.000000,2081165952842,2081166039564
2,2,"Agent 1",1,19214,19214,2048,17,"pk_gemm(__half const*, __half const*, __half*, int, int, int)",128,8704,0,208,0,128,"ALUStalledByLDS",0.00000000e+00,2081173251775,2081173563478
2,2,"Agent 1",1,19214,19214,2048,17,"pk_gemm(__half const*, __half const*, __half*, int, int, int)",128,8704,0,208,0,128,"LDSBankConflict",12.448335,2081173251775,2081173563478
2,2,"Agent 1",1,19214,19214,2048,17,"pk_gemm(__half const*, __half const*, __half*, int, int, int)",128,8704,0,208,0,128,"MeanOccupancyPerCU",1.141367,2081173251775,2081173563478
2,2,"Agent 1",1,19214,19214,2048,17,"pk_gemm(__half const*, __half const*, __half*, int, int, int)",128,8704,0,208,0,128,"SQ_INSTS_LDS",166016.000000,2081173251775,2081173563478
2,2,"Agent 1",1,19214,19214,2048,17,"pk_gemm(__half const*, __half const*, __half*, int, int, int)",128,8704,0,208,0,128,"SQ_INST_LEVEL_LDS",15426.000000,2081173251775,2081173563478
2,2,"Agent 1",1,19214,19214,2048,17,"pk_gemm(__half const*, __half const*, __half*, int, int, int)",128,8704,0,208,0,128,"SQ_WAIT_INST_LDS",0.00000000e+00,2081173251775,2081173563478
3,3,"Agent 1",1,19214,19214,2048,17,"pk_gemm(__half const*, __half const*, __half*, int, int, int)",128,8704,0,208,0,128,"ALUStalledByLDS",0.00000000e+00,2081173715002,2081174095032
3,3,"Agent 1",1,19214,19214,2048,17,"pk_gemm(__half const*, __half const*, __half*, int, int, int)",128,8704,0,208,0,128,"LDSBankConflict",12.422662,2081173715002,2081174095032
3,3,"Agent 1",1,19214,19214,2048,17,"pk_gemm(__half const*, __half const*, __half*, int, int, int)",128,8704,0,208,0,128,"MeanOccupancyPerCU",1.214334,2081173715002,2081174095032
3,3,"Agent 1",1,19214,19214,2048,17,"pk_gemm(__half const*, __half const*, __half*, int, int, int)",128,8704,0,208,0,128,"SQ_INSTS_LDS",167104.000000,2081173715002,2081174095032
3,3,"Agent 1",1,19214,19214,2048,17,"pk_gemm(__half const*, __half const*, __half*, int, int, int)",128,8704,0,208,0,128,"SQ_INST_LEVEL_LDS",15220.000000,2081173715002,2081174095032
3,3,"Agent 1",1,19214,19214,2048,17,"pk_gemm(__half const*, __half const*, __half*, int, int, int)",128,8704,0,208,0,128,"SQ_WAIT_INST_LDS",0.00000000e+00,2081173715002,2081174095032
4,4,"Agent 1",1,19214,19214,2048,17,"pk_gemm(__half const*, __half const*, __half*, int, int, int)",128,8704,0,208,0,128,"ALUStalledByLDS",0.00000000e+00,2081174162599,2081174467890
4,4,"Agent 1",1,19214,19214,2048,17,"pk_gemm(__half const*, __half const*, __half*, int, int, int)",128,8704,0,208,0,128,"LDSBankConflict",12.448335,2081174162599,2081174467890
4,4,"Agent 1",1,19214,19214,2048,17,"pk_gemm(__half const*, __half const*, __half*, int, int, int)",128,8704,0,208,0,128,"MeanOccupancyPerCU",1.340366,2081174162599,2081174467890
4,4,"Agent 1",1,19214,19214,2048,17,"pk_gemm(__half const*, __half const*, __half*, int, int, int)",128,8704,0,208,0,128,"SQ_INSTS_LDS",166016.000000,2081174162599,2081174467890
4,4,"Agent 1",1,19214,19214,2048,17,"pk_gemm(__half const*, __half const*, __half*, int, int, int)",128,8704,0,208,0,128,"SQ_INST_LEVEL_LDS",15095.000000,2081174162599,2081174467890
4,4,"Agent 1",1,19214,19214,2048,17,"pk_gemm(__half const*, __half const*, __half*, int, int, int)",128,8704,0,208,0,128,"SQ_WAIT_INST_LDS",0.00000000e+00,2081174162599,2081174467890
5,5,"Agent 1",1,19214,19214,2048,17,"pk_gemm(__half const*, __half const*, __half*, int, int, int)",128,8704,0,208,0,128,"ALUStalledByLDS",0.00000000e+00,2081174502835,2081174667022
5,5,"Agent 1",1,19214,19214,2048,17,"pk_gemm(__half const*, __half const*, __half*, int, int, int)",128,8704,0,208,0,128,"LDSBankConflict",12.500000,2081174502835,2081174667022
5,5,"Agent 1",1,19214,19214,2048,17,"pk_gemm(__half const*, __half const*, __half*, int, int, int)",128,8704,0,208,0,128,"MeanOccupancyPerCU",1.512225,2081174502835,2081174667022
5,5,"Agent 1",1,19214,19214,2048,17,"pk_gemm(__half const*, __half const*, __half*, int, int, int)",128,8704,0,208,0,128,"SQ_INSTS_LDS",163840.000000,2081174502835,2081174667022
5,5,"Agent 1",1,19214,19214,2048,17,"pk_gemm(__half const*, __half const*, __half*, int, int, int)",128,8704,0,208,0,128,"SQ_INST_LEVEL_LDS",14557.000000,2081174502835,2081174667022
5,5,"Agent 1",1,19214,19214,2048,17,"pk_gemm(__half const*, __half const*, __half*, int, int, int)",128,8704,0,208,0,128,"SQ_WAIT_INST_LDS",0.00000000e+00,2081174502835,2081174667022
6,6,"Agent 1",1,19214,19214,2048,17,"pk_gemm(__half const*, __half const*, __half*, int, int, int)",128,8704,0,208,0,128,"ALUStalledByLDS",0.00000000e+00,2081174699243,2081174861065
6,6,"Agent 1",1,19214,19214,2048,17,"pk_gemm(__half const*, __half const*, __half*, int, int, int)",128,8704,0,208,0,128,"LDSBankConflict",12.500000,2081174699243,2081174861065
6,6,"Agent 1",1,19214,19214,2048,17,"pk_gemm(__half const*, __half const*, __half*, int, int, int)",128,8704,0,208,0,128,"MeanOccupancyPerCU",1.548740,2081174699243,2081174861065
6,6,"Agent 1",1,19214,19214,2048,17,"pk_gemm(__half const*, __half const*, __half*, int, int, int)",128,8704,0,208,0,128,"SQ_INSTS_LDS",163840.000000,2081174699243,2081174861065
6,6,"Agent 1",1,19214,19214,2048,17,"pk_gemm(__half const*, __half const*, __half*, int, int, int)",128,8704,0,208,0,128,"SQ_INST_LEVEL_LDS",14904.000000,2081174699243,2081174861065
6,6,"Agent 1",1,19214,19214,2048,17,"pk_gemm(__half const*, __half const*, __half*, int, int, int)",128,8704,0,208,0,128,"SQ_WAIT_INST_LDS",0.00000000e+00,2081174699243,2081174861065
7,7,"Agent 1",1,19214,19214,2048,17,"pk_gemm(__half const*, __half const*, __half*, int, int, int)",128,8704,0,208,0,128,"ALUStalledByLDS",0.00000000e+00,2081174892685,2081175053946
7,7,"Agent 1",1,19214,19214,2048,17,"pk_gemm(__half const*, __half const*, __half*, int, int, int)",128,8704,0,208,0,128,"LDSBankConflict",12.500000,2081174892685,2081175053946
7,7,"Agent 1",1,19214,19214,2048,17,"pk_gemm(__half const*, __half const*, __half*, int, int, int)",128,8704,0,208,0,128,"MeanOccupancyPerCU",1.540010,2081174892685,2081175053946
7,7,"Agent 1",1,19214,19214,2048,17,"pk_gemm(__half const*, __half const*, __half*, int, int, int)",128,8704,0,208,0,128,"SQ_INSTS_LDS",163840.000000,2081174892685,2081175053946
7,7,"Agent 1",1,19214,19214,2048,17,"pk_gemm(__half const*, __half const*, __half*, int, int, int)",128,8704,0,208,0,128,"SQ_INST_LEVEL_LDS",15026.000000,2081174892685,2081175053946
7,7,"Agent 1",1,19214,19214,2048,17,"pk_gemm(__half const*, __half const*, __half*, int, int, int)",128,8704,0,208,0,128,"SQ_WAIT_INST_LDS",0.00000000e+00,2081174892685,2081175053946
8,8,"Agent 1",1,19214,19214,2048,17,"pk_gemm(__half const*, __half const*, __half*, int, int, int)",128,8704,0,208,0,128,"ALUStalledByLDS",0.00000000e+00,2081175085285,2081175248310
8,8,"Agent 1",1,19214,19214,2048,17,"pk_gemm(__half const*, __half const*, __half*, int, int, int)",128,8704,0,208,0,128,"LDSBankConflict",12.500000,2081175085285,2081175248310
8,8,"Agent 1",1,19214,19214,2048,17,"pk_gemm(__half const*, __half const*, __half*, int, int, int)",128,8704,0,208,0,128,"MeanOccupancyPerCU",1.539624,2081175085285,2081175248310
8,8,"Agent 1",1,19214,19214,2048,17,"pk_gemm(__half const*, __half const*, __half*, int, int, int)",128,8704,0,208,0,128,"SQ_INSTS_LDS",163840.000000,2081175085285,2081175248310
8,8,"Agent 1",1,19214,19214,2048,17,"pk_gemm(__half const*, __half const*, __half*, int, int, int)",128,8704,0,208,0,128,"SQ_INST_LEVEL_LDS",15148.000000,2081175085285,2081175248310
8,8,"Agent 1",1,19214,19214,2048,17,"pk_gemm(__half const*, __half const*, __half*, int, int, int)",128,8704,0,208,0,128,"SQ_WAIT_INST_LDS",0.00000000e+00,2081175085285,2081175248310
9,9,"Agent 1",1,19214,19214,2048,17,"pk_gemm(__half const*, __half const*, __half*, int, int, int)",128,8704,0,208,0,128,"ALUStalledByLDS",0.00000000e+00,2081175277605,2081175438866
9,9,"Agent 1",1,19214,19214,2048,17,"pk_gemm(__half const*, __half const*, __half*, int, int, int)",128,8704,0,208,0,128,"LDSBankConflict",12.500000,2081175277605,2081175438866
9,9,"Agent 1",1,19214,19214,2048,17,"pk_gemm(__half const*, __half const*, __half*, int, int, int)",128,8704,0,208,0,128,"MeanOccupancyPerCU",1.542468,2081175277605,2081175438866
9,9,"Agent 1",1,19214,19214,2048,17,"pk_gemm(__half const*, __half const*, __half*, int, int, int)",128,8704,0,208,0,128,"SQ_INSTS_LDS",163840.000000,2081175277605,2081175438866
9,9,"Agent 1",1,19214,19214,2048,17,"pk_gemm(__half const*, __half const*, __half*, int, int, int)",128,8704,0,208,0,128,"SQ_INST_LEVEL_LDS",14917.000000,2081175277605,2081175438866
9,9,"Agent 1",1,19214,19214,2048,17,"pk_gemm(__half const*, __half const*, __half*, int, int, int)",128,8704,0,208,0,128,"SQ_WAIT_INST_LDS",0.00000000e+00,2081175277605,2081175438866
10,10,"Agent 1",1,19214,19214,2048,17,"pk_gemm(__half const*, __half const*, __half*, int, int, int)",128,8704,0,208,0,128,"ALUStalledByLDS",0.00000000e+00,2081175500542,2081175807235
10,10,"Agent 1",1,19214,19214,2048,17,"pk_gemm(__half const*, __half const*, __half*, int, int, int)",128,8704,0,208,0,128,"LDSBankConflict",12.448335,2081175500542,2081175807235
10,10,"Agent 1",1,19214,19214,2048,17,"pk_gemm(__half const*, __half const*, __half*, int, int, int)",128,8704,0,208,0,128,"MeanOccupancyPerCU",1.248155,2081175500542,2081175807235
10,10,"Agent 1",1,19214,19214,2048,17,"pk_gemm(__half const*, __half const*, __half*, int, int, int)",128,8704,0,208,0,128,"SQ_INSTS_LDS",166016.000000,2081175500542,2081175807235
10,10,"Agent 1",1,19214,19214,2048,17,"pk_gemm(__half const*, __half const*, __half*, int, int, int)",128,8704,0,208,0,128,"SQ_INST_LEVEL_LDS",15165.000000,2081175500542,2081175807235
10,10,"Agent 1",1,19214,19214,2048,17,"pk_gemm(__half const*, __half const*, __half*, int, int, int)",128,8704,0,208,0,128,"SQ_WAIT_INST_LDS",0.00000000e+00,2081175500542,2081175807235
11,11,"Agent 1",1,19214,19214,2048,17,"pk_gemm(__half const*, __half const*, __half*, int, int, int)",128,8704,0,208,0,128,"ALUStalledByLDS",0.00000000e+00,2081175888748,2081176267537
11,11,"Agent 1",1,19214,19214,2048,17,"pk_gemm(__half const*, __half const*, __half*, int, int, int)",128,8704,0,208,0,128,"LDSBankConflict",12.422662,2081175888748,2081176267537
11,11,"Agent 1",1,19214,19214,2048,17,"pk_gemm(__half const*, __half const*, __half*, int, int, int)",128,8704,0,208,0,128,"MeanOccupancyPerCU",1.235243,2081175888748,2081176267537
11,11,"Agent 1",1,19214,19214,2048,17,"pk_gemm(__half const*, __half const*, __half*, int, int, int)",128,8704,0,208,0,128,"SQ_INSTS_LDS",167104.000000,2081175888748,2081176267537
11,11,"Agent 1",1,19214,19214,2048,17,"pk_gemm(__half const*, __half const*, __half*, int, int, int)",128,8704,0,208,0,128,"SQ_INST_LEVEL_LDS",14457.000000,2081175888748,2081176267537
11,11,"Agent 1",1,19214,19214,2048,17,"pk_gemm(__half const*, __half const*, __half*, int, int, int)",128,8704,0,208,0,128,"SQ_WAIT_INST_LDS",0.00000000e+00,2081175888748,2081176267537
12,12,"Agent 1",1,19214,19214,2048,17,"pk_gemm(__half const*, __half const*, __half*, int, int, int)",128,8704,0,208,0,128,"ALUStalledByLDS",0.00000000e+00,2081176327328,2081176754808
12,12,"Agent 1",1,19214,19214,2048,17,"pk_gemm(__half const*, __half const*, __half*, int, int, int)",128,8704,0,208,0,128,"LDSBankConflict",12.400285,2081176327328,2081176754808
12,12,"Agent 1",1,19214,19214,2048,17,"pk_gemm(__half const*, __half const*, __half*, int, int, int)",128,8704,0,208,0,128,"MeanOccupancyPerCU",1.246507,2081176327328,2081176754808
12,12,"Agent 1",1,19214,19214,2048,17,"pk_gemm(__half const*, __half const*, __half*, int, int, int)",128,8704,0,208,0,128,"SQ_INSTS_LDS",168056.000000,2081176327328,2081176754808
12,12,"Agent 1",1,19214,19214,2048,17,"pk_gemm(__half const*, __half const*, __half*, int, int, int)",128,8704,0,208,0,128,"SQ_INST_LEVEL_LDS",15146.000000,2081176327328,2081176754808
12,12,"Agent 1",1,19214,19214,2048,17,"pk_gemm(__half const*, __half const*, __half*, int, int, int)",128,8704,0,208,0,128,"SQ_WAIT_INST_LDS",0.00000000e+00,2081176327328,2081176754808
13,13,"Agent 1",1,19214,19214,2048,17,"pk_gemm(__half const*, __half const*, __half*, int, int, int)",128,8704,0,208,0,128,"ALUStalledByLDS",0.00000000e+00,2081176849946,2081177234105
13,13,"Agent 1",1,19214,19214,2048,17,"pk_gemm(__half const*, __half const*, __half*, int, int, int)",128,8704,0,208,0,128,"LDSBankConflict",12.422662,2081176849946,2081177234105
13,13,"Agent 1",1,19214,19214,2048,17,"pk_gemm(__half const*, __half const*, __half*, int, int, int)",128,8704,0,208,0,128,"MeanOccupancyPerCU",1.261784,2081176849946,2081177234105
13,13,"Agent 1",1,19214,19214,2048,17,"pk_gemm(__half const*, __half const*, __half*, int, int, int)",128,8704,0,208,0,128,"SQ_INSTS_LDS",167104.000000,2081176849946,2081177234105
13,13,"Agent 1",1,19214,19214,2048,17,"pk_gemm(__half const*, __half const*, __half*, int, int, int)",128,8704,0,208,0,128,"SQ_INST_LEVEL_LDS",15117.000000,2081176849946,2081177234105
13,13,"Agent 1",1,19214,19214,2048,17,"pk_gemm(__half const*, __half const*, __half*, int, int, int)",128,8704,0,208,0,128,"SQ_WAIT_INST_LDS",0.00000000e+00,2081176849946,2081177234105
14,14,"Agent 1",1,19214,19214,2048,17,"pk_gemm(__half const*, __half const*, __half*, int, int, int)",128,8704,0,208,0,128,"ALUStalledByLDS",0.00000000e+00,2081177350683,2081177715165
14,14,"Agent 1",1,19214,19214,2048,17,"pk_gemm(__half const*, __half const*, __half*, int, int, int)",128,8704,0,208,0,128,"LDSBankConflict",12.422662,2081177350683,2081177715165
14,14,"Agent 1",1,19214,19214,2048,17,"pk_gemm(__half const*, __half const*, __half*, int, int, int)",128,8704,0,208,0,128,"MeanOccupancyPerCU",1.169080,2081177350683,2081177715165
14,14,"Agent 1",1,19214,19214,2048,17,"pk_gemm(__half const*, __half const*, __half*, int, int, int)",128,8704,0,208,0,128,"SQ_INSTS_LDS",167104.000000,2081177350683,2081177715165
14,14,"Agent 1",1,19214,19214,2048,17,"pk_gemm(__half const*, __half const*, __half*, int, int, int)",128,8704,0,208,0,128,"SQ_INST_LEVEL_LDS",15374.000000,2081177350683,2081177715165
14,14,"Agent 1",1,19214,19214,2048,17,"pk_gemm(__half const*, __half const*, __half*, int, int, int)",128,8704,0,208,0,128,"SQ_WAIT_INST_LDS",0.00000000e+00,2081177350683,2081177715165
15,15,"Agent 1",1,19214,19214,2048,17,"pk_gemm(__half const*, __half const*, __half*, int, int, int)",128,8704,0,208,0,128,"ALUStalledByLDS",0.00000000e+00,2081177791547,2081178100966
15,15,"Agent 1",1,19214,19214,2048,17,"pk_gemm(__half const*, __half const*, __half*, int, int, int)",128,8704,0,208,0,128,"LDSBankConflict",12.448335,2081177791547,2081178100966
15,15,"Agent 1",1,19214,19214,2048,17,"pk_gemm(__half const*, __half const*, __half*, int, int, int)",128,8704,0,208,0,128,"MeanOccupancyPerCU",1.345834,2081177791547,2081178100966
15,15,"Agent 1",1,19214,19214,2048,17,"pk_gemm(__half const*, __half const*, __half*, int, int, int)",128,8704,0,208,0,128,"SQ_INSTS_LDS",166016.000000,2081177791547,2081178100966
15,15,"Agent 1",1,19214,19214,2048,17,"pk_gemm(__half const*, __half const*, __half*, int, int, int)",128,8704,0,208,0,128,"SQ_INST_LEVEL_LDS",15063.000000,2081177791547,2081178100966
15,15,"Agent 1",1,19214,19214,2048,17,"pk_gemm(__half const*, __half const*, __half*, int, int, int)",128,8704,0,208,0,128,"SQ_WAIT_INST_LDS",0.00000000e+00,2081177791547,2081178100966
16,16,"Agent 1",1,19214,19214,2048,17,"pk_gemm(__half const*, __half const*, __half*, int, int, int)",128,8704,0,208,0,128,"ALUStalledByLDS",0.00000000e+00,2081178158875,2081178457834
16,16,"Agent 1",1,19214,19214,2048,17,"pk_gemm(__half const*, __half const*, __half*, int, int, int)",128,8704,0,208,0,128,"LDSBankConflict",12.448335,2081178158875,2081178457834
16,16,"Agent 1",1,19214,19214,2048,17,"pk_gemm(__half const*, __half const*, __half*, int, int, int)",128,8704,0,208,0,128,"MeanOccupancyPerCU",1.160731,2081178158875,2081178457834
16,16,"Agent 1",1,19214,19214,2048,17,"pk_gemm(__half const*, __half const*, __half*, int, int, int)",128,8704,0,208,0,128,"SQ_INSTS_LDS",166016.000000,2081178158875,2081178457834
16,16,"Agent 1",1,19214,19214,2048,17,"pk_gemm(__half const*, __half const*, __half*, int, int, int)",128,8704,0,208,0,128,"SQ_INST_LEVEL_LDS",15295.000000,2081178158875,2081178457834
16,16,"Agent 1",1,19214,19214,2048,17,"pk_gemm(__half const*, __half const*, __half*, int, int, int)",128,8704,0,208,0,128,"SQ_WAIT_INST_LDS",0.00000000e+00,2081178158875,2081178457834
17,17,"Agent 1",1,19214,19214,2048,17,"pk_gemm(__half const*, __half const*, __half*, int, int, int)",128,8704,0,208,0,128,"ALUStalledByLDS",0.00000000e+00,2081178545598,2081178852652
17,17,"Agent 1",1,19214,19214,2048,17,"pk_gemm(__half const*, __half const*, __half*, int, int, int)",128,8704,0,208,0,128,"LDSBankConflict",12.448335,2081178545598,2081178852652
17,17,"Agent 1",1,19214,19214,2048,17,"pk_gemm(__half const*, __half const*, __half*, int, int, int)",128,8704,0,208,0,128,"MeanOccupancyPerCU",1.202004,2081178545598,2081178852652
17,17,"Agent 1",1,19214,19214,2048,17,"pk_gemm(__half const*, __half const*, __half*, int, int, int)",128,8704,0,208,0,128,"SQ_INSTS_LDS",166016.000000,2081178545598,2081178852652
17,17,"Agent 1",1,19214,19214,2048,17,"pk_gemm(__half const*, __half const*, __half*, int, int, int)",128,8704,0,208,0,128,"SQ_INST_LEVEL_LDS",15210.000000,2081178545598,2081178852652
17,17,"Agent 1",1,19214,19214,2048,17,"pk_gemm(__half const*, __half const*, __half*, int, int, int)",128,8704,0,208,0,128,"SQ_WAIT_INST_LDS",0.00000000e+00,2081178545598,2081178852652
18,18,"Agent 1",1,19214,19214,2048,17,"pk_gemm(__half const*, __half const*, __half*, int, int, int)",128,8704,0,208,0,128,"ALUStalledByLDS",0.00000000e+00,2081178927553,2081179164436
18,18,"Agent 1",1,19214,19214,2048,17,"pk_gemm(__half const*, __half const*, __half*, int, int, int)",128,8704,0,208,0,128,"LDSBankConflict",12.474114,2081178927553,2081179164436
18,18,"Agent 1",1,19214,19214,2048,17,"pk_gemm(__half const*, __half const*, __half*, int, int, int)",128,8704,0,208,0,128,"MeanOccupancyPerCU",1.409267,2081178927553,2081179164436
18,18,"Agent 1",1,19214,19214,2048,17,"pk_gemm(__half const*, __half const*, __half*, int, int, int)",128,8704,0,208,0,128,"SQ_INSTS_LDS",164928.000000,2081178927553,2081179164436
18,18,"Agent 1",1,19214,19214,2048,17,"pk_gemm(__half const*, __half const*, __half*, int, int, int)",128,8704,0,208,0,128,"SQ_INST_LEVEL_LDS",15146.000000,2081178927553,2081179164436
18,18,"Agent 1",1,19214,19214,2048,17,"pk_gemm(__half const*, __half const*, __half*, int, int, int)",128,8704,0,208,0,128,"SQ_WAIT_INST_LDS",0.00000000e+00,2081178927553,2081179164436
19,19,"Agent 1",1,19214,19214,2048,17,"pk_gemm(__half const*, __half const*, __half*, int, int, int)",128,8704,0,208,0,128,"ALUStalledByLDS",0.00000000e+00,2081179200143,2081179362927
19,19,"Agent 1",1,19214,19214,2048,17,"pk_gemm(__half const*, __half const*, __half*, int, int, int)",128,8704,0,208,0,128,"LDSBankConflict",12.500000,2081179200143,2081179362927
19,19,"Agent 1",1,19214,19214,2048,17,"pk_gemm(__half const*, __half const*, __half*, int, int, int)",128,8704,0,208,0,128,"MeanOccupancyPerCU",1.549086,2081179200143,2081179362927
19,19,"Agent 1",1,19214,19214,2048,17,"pk_gemm(__half const*, __half const*, __half*, int, int, int)",128,8704,0,208,0,128,"SQ_INSTS_LDS",163840.000000,2081179200143,2081179362927
19,19,"Agent 1",1,19214,19214,2048,17,"pk_gemm(__half const*, __half const*, __half*, int, int, int)",128,8704,0,208,0,128,"SQ_INST_LEVEL_LDS",14816.000000,2081179200143,2081179362927
19,19,"Agent 1",1,19214,19214,2048,17,"pk_gemm(__half const*, __half const*, __half*, int, int, int)",128,8704,0,208,0,128,"SQ_WAIT_INST_LDS",0.00000000e+00,2081179200143,2081179362927
20,20,"Agent 1",1,19214,19214,2048,17,"pk_gemm(__half const*, __half const*, __half*, int, int, int)",128,8704,0,208,0,128,"ALUStalledByLDS",0.00000000e+00,2081179396029,2081179557010
20,20,"Agent 1",1,19214,19214,2048,17,"pk_gemm(__half const*, __half const*, __half*, int, int, int)",128,8704,0,208,0,128,"LDSBankConflict",12.500000,2081179396029,2081179557010
20,20,"Agent 1",1,19214,19214,2048,17,"pk_gemm(__half const*, __half const*, __half*, int, int, int)",128,8704,0,208,0,128,"MeanOccupancyPerCU",1.548370,2081179396029,2081179557010
20,20,"Agent 1",1,19214,19214,2048,17,"pk_gemm(__half const*, __half const*, __half*, int, int, int)",128,8704,0,208,0,128,"SQ_INSTS_LDS",163840.000000,2081179396029,2081179557010
20,20,"Agent 1",1,19214,19214,2048,17,"pk_gemm(__half const*, __half const*, __half*, int, int, int)",128,8704,0,208,0,128,"SQ_INST_LEVEL_LDS",14833.000000,2081179396029,2081179557010
20,20,"Agent 1",1,19214,19214,2048,17,"pk_gemm(__half const*, __half const*, __half*, int, int, int)",128,8704,0,208,0,128,"SQ_WAIT_INST_LDS",0.00000000e+00,2081179396029,2081179557010
21,21,"Agent 1",1,19214,19214,2048,17,"pk_gemm(__half const*, __half const*, __half*, int, int, int)",128,8704,0,208,0,128,"ALUStalledByLDS",0.00000000e+00,2081179589070,2081179751574
21,21,"Agent 1",1,19214,19214,2048,17,"pk_gemm(__half const*, __half const*, __half*, int, int, int)",128,8704,0,208,0,128,"LDSBankConflict",12.500000,2081179589070,2081179751574
21,21,"Agent 1",1,19214,19214,2048,17,"pk_gemm(__half const*, __half const*, __half*, int, int, int)",128,8704,0,208,0,128,"MeanOccupancyPerCU",1.545402,2081179589070,2081179751574
21,21,"Agent 1",1,19214,19214,2048,17,"pk_gemm(__half const*, __half const*, __half*, int, int, int)",128,8704,0,208,0,128,"SQ_INSTS_LDS",163840.000000,2081179589070,2081179751574
21,21,"Agent 1",1,19214,19214,2048,17,"pk_gemm(__half const*, __half const*, __half*, int, int, int)",128,8704,0,208,0,128,"SQ_INST_LEVEL_LDS",15166.000000,2081179589070,2081179751574
21,21,"Agent 1",1,19214,19214,2048,17,"pk_gemm(__half const*, __half const*, __half*, int, int, int)",128,8704,0,208,0,128,"SQ_WAIT_INST_LDS",0.00000000e+00,2081179589070,2081179751574
22,22,"Agent 1",1,19214,19214,2048,17,"pk_gemm(__half const*, __half const*, __half*, int, int, int)",128,8704,0,208,0,128,"ALUStalledByLDS",0.00000000e+00,2081179784476,2081179945577
22,22,"Agent 1",1,19214,19214,2048,17,"pk_gemm(__half const*, __half const*, __half*, int, int, int)",128,8704,0,208,0,128,"LDSBankConflict",12.500000,2081179784476,2081179945577
22,22,"Agent 1",1,19214,19214,2048,17,"pk_gemm(__half const*, __half const*, __half*, int, int, int)",128,8704,0,208,0,128,"MeanOccupancyPerCU",1.547424,2081179784476,2081179945577
22,22,"Agent 1",1,19214,19214,2048,17,"pk_gemm(__half const*, __half const*, __half*, int, int, int)",128,8704,0,208,0,128,"SQ_INSTS_LDS",163840.000000,2081179784476,2081179945577
22,22,"Agent 1",1,19214,19214,2048,17,"pk_gemm(__half const*, __half const*, __half*, int, int, int)",128,8704,0,208,0,128,"SQ_INST_LEVEL_LDS",14808.000000,2081179784476,2081179945577
22,22,"Agent 1",1,19214,19214,2048,17,"pk_gemm(__half const*, __half const*, __half*, int, int, int)",128,8704,0,208,0,128,"SQ_WAIT_INST_LDS",0.00000000e+00,2081179784476,2081179945577
23,23,"Agent 1",1,19214,19214,2048,17,"pk_gemm(__half const*, __half const*, __half*, int, int, int)",128,8704,0,208,0,128,"ALUStalledByLDS",0.00000000e+00,2081179980603,2081180143026
23,23,"Agent 1",1,19214,19214,2048,17,"pk_gemm(__half const*, __half const*, __half*, int, int, int)",128,8704,0,208,0,128,"LDSBankConflict",12.500000,2081179980603,2081180143026
23,23,"Agent 1",1,19214,19214,2048,17,"pk_gemm(__half const*, __half const*, __half*, int, int, int)",128,8704,0,208,0,128,"MeanOccupancyPerCU",1.549144,2081179980603,2081180143026
23,23,"Agent 1",1,19214,19214,2048,17,"pk_gemm(__half const*, __half const*, __half*, int, int, int)",128,8704,0,208,0,128,"SQ_INSTS_LDS",163840.000000,2081179980603,2081180143026
23,23,"Agent 1",1,19214,19214,2048,17,"pk_gemm(__half const*, __half const*, __half*, int, int, int)",128,8704,0,208,0,128,"SQ_INST_LEVEL_LDS",14836.000000,2081179980603,2081180143026
23,23,"Agent 1",1,19214,19214,2048,17,"pk_gemm(__half const*, __half const*, __half*, int, int, int)",128,8704,0,208,0,128,"SQ_WAIT_INST_LDS",0.00000000e+00,2081179980603,2081180143026
24,24,"Agent 1",1,19214,19214,2048,17,"pk_gemm(__half const*, __half const*, __half*, int, int, int)",128,8704,0,208,0,128,"ALUStalledByLDS",0.00000000e+00,2081180175367,2081180337230
24,24,"Agent 1",1,19214,19214,2048,17,"pk_gemm(__half const*, __half const*, __half*, int, int, int)",128,8704,0,208,0,128,"LDSBankConflict",12.500000,2081180175367,2081180337230
24,24,"Agent 1",1,19214,19214,2048,17,"pk_gemm(__half const*, __half const*, __half*, int, int, int)",128,8704,0,208,0,128,"MeanOccupancyPerCU",1.545136,2081180175367,2081180337230
24,24,"Agent 1",1,19214,19214,2048,17,"pk_gemm(__half const*, __half const*, __half*, int, int, int)",128,8704,0,208,0,128,"SQ_INSTS_LDS",163840.000000,2081180175367,2081180337230
24,24,"Agent 1",1,19214,19214,2048,17,"pk_gemm(__half const*, __half const*, __half*, int, int, int)",128,8704,0,208,0,128,"SQ_INST_LEVEL_LDS",15126.000000,2081180175367,2081180337230
24,24,"Agent 1",1,19214,19214,2048,17,"pk_gemm(__half const*, __half const*, __half*, int, int, int)",128,8704,0,208,0,128,"SQ_WAIT_INST_LDS",0.00000000e+00,2081180175367,2081180337230
25,25,"Agent 1",1,19214,19214,2048,17,"pk_gemm(__half const*, __half const*, __half*, int, int, int)",128,8704,0,208,0,128,"ALUStalledByLDS",0.00000000e+00,2081180368488,2081180529950
25,25,"Agent 1",1,19214,19214,2048,17,"pk_gemm(__half const*, __half const*, __half*, int, int, int)",128,8704,0,208,0,128,"LDSBankConflict",12.500000,2081180368488,2081180529950
25,25,"Agent 1",1,19214,19214,2048,17,"pk_gemm(__half const*, __half const*, __half*, int, int, int)",128,8704,0,208,0,128,"MeanOccupancyPerCU",1.547701,2081180368488,2081180529950
25,25,"Agent 1",1,19214,19214,2048,17,"pk_gemm(__half const*, __half const*, __half*, int, int, int)",128,8704,0,208,0,128,"SQ_INSTS_LDS",163840.000000,2081180368488,2081180529950
25,25,"Agent 1",1,19214,19214,2048,17,"pk_gemm(__half const*, __half const*, __half*, int, int, int)",128,8704,0,208,0,128,"SQ_INST_LEVEL_LDS",14670.000000,2081180368488,2081180529950
25,25,"Agent 1",1,19214,19214,2048,17,"pk_gemm(__half const*, __half const*, __half*, int, int, int)",128,8704,0,208,0,128,"SQ_WAIT_INST_LDS",0.00000000e+00,2081180368488,2081180529950
26,26,"Agent 1",1,19214,19214,2048,17,"pk_gemm(__half const*, __half const*, __half*, int, int, int)",128,8704,0,208,0,128,"ALUStalledByLDS",0.00000000e+00,2081180561569,2081180724194
26,26,"Agent 1",1,19214,19214,2048,17,"pk_gemm(__half const*, __half const*, __half*, int, int, int)",128,8704,0,208,0,128,"LDSBankConflict",12.500000,2081180561569,2081180724194
26,26,"Agent 1",1,19214,19214,2048,17,"pk_gemm(__half const*, __half const*, __half*, int, int, int)",128,8704,0,208,0,128,"MeanOccupancyPerCU",1.545663,2081180561569,2081180724194
26,26,"Agent 1",1,19214,19214,2048,17,"pk_gemm(__half const*, __half const*, __half*, int, int, int)",128,8704,0,208,0,128,"SQ_INSTS_LDS",163840.000000,2081180561569,2081180724194
26,26,"Agent 1",1,19214,19214,2048,17,"pk_gemm(__half const*, __half const*, __half*, int, int, int)",128,8704,0,208,0,128,"SQ_INST_LEVEL_LDS",14831.000000,2081180561569,2081180724194
26,26,"Agent 1",1,19214,19214,2048,17,"pk_gemm(__half const*, __half const*, __half*, int, int, int)",128,8704,0,208,0,128,"SQ_WAIT_INST_LDS",0.00000000e+00,2081180561569,2081180724194
27,27,"Agent 1",1,19214,19214,2048,17,"pk_gemm(__half const*, __half const*, __half*, int, int, int)",128,8704,0,208,0,128,"ALUStalledByLDS",0.00000000e+00,2081180755853,2081180917114
27,27,"Agent 1",1,19214,19214,2048,17,"pk_gemm(__half const*, __half const*, __half*, int, int, int)",128,8704,0,208,0,128,"LDSBankConflict",12.500000,2081180755853,2081180917114
27,27,"Agent 1",1,19214,19214,2048,17,"pk_gemm(__half const*, __half const*, __half*, int, int, int)",128,8704,0,208,0,128,"MeanOccupancyPerCU",1.546926,2081180755853,2081180917114
27,27,"Agent 1",1,19214,19214,2048,17,"pk_gemm(__half const*, __half const*, __half*, int, int, int)",128,8704,0,208,0,128,"SQ_INSTS_LDS",163840.000000,2081180755853,2081180917114
27,27,"Agent 1",1,19214,19214,2048,17,"pk_gemm(__half const*, __half const*, __half*, int, int, int)",128,8704,0,208,0,128,"SQ_INST_LEVEL_LDS",15044.000000,2081180755853,2081180917114
27,27,"Agent 1",1,19214,19214,2048,17,"pk_gemm(__half const*, __half const*, __half*, int, int, int)",128,8704,0,208,0,128,"SQ_WAIT_INST_LDS",0.00000000e+00,2081180755853,2081180917114
28,28,"Agent 1",1,19214,19214,2048,17,"pk_gemm(__half const*, __half const*, __half*, int, int, int)",128,8704,0,208,0,128,"ALUStalledByLDS",0.00000000e+00,2081180949335,2081181111839
28,28,"Agent 1",1,19214,19214,2048,17,"pk_gemm(__half const*, __half const*, __half*, int, int, int)",128,8704,0,208,0,128,"LDSBankConflict",12.500000,2081180949335,2081181111839
28,28,"Agent 1",1,19214,19214,2048,17,"pk_gemm(__half const*, __half const*, __half*, int, int, int)",128,8704,0,208,0,128,"MeanOccupancyPerCU",1.547534,2081180949335,2081181111839
28,28,"Agent 1",1,19214,19214,2048,17,"pk_gemm(__half const*, __half const*, __half*, int, int, int)",128,8704,0,208,0,128,"SQ_INSTS_LDS",163840.000000,2081180949335,2081181111839
28,28,"Agent 1",1,19214,19214,2048,17,"pk_gemm(__half const*, __half const*, __half*, int, int, int)",128,8704,0,208,0,128,"SQ_INST_LEVEL_LDS",14870.000000,2081180949335,2081181111839
28,28,"Agent 1",1,19214,19214,2048,17,"pk_gemm(__half const*, __half const*, __half*, int, int, int)",128,8704,0,208,0,128,"SQ_WAIT_INST_LDS",0.00000000e+00,2081180949335,2081181111839
29,29,"Agent 1",1,19214,19214,2048,17,"pk_gemm(__half const*, __half const*, __half*, int, int, int)",128,8704,0,208,0,128,"ALUStalledByLDS",0.00000000e+00,2081181145061,2081181306643
29,29,"Agent 1",1,19214,19214,2048,17,"pk_gemm(__half const*, __half const*, __half*, int, int, int)",128,8704,0,208,0,128,"LDSBankConflict",12.500000,2081181145061,2081181306643
29,29,"Agent 1",1,19214,19214,2048,17,"pk_gemm(__half const*, __half const*, __half*, int, int, int)",128,8704,0,208,0,128,"MeanOccupancyPerCU",1.548601,2081181145061,2081181306643
29,29,"Agent 1",1,19214,19214,2048,17,"pk_gemm(__half const*, __half const*, __half*, int, int, int)",128,8704,0,208,0,128,"SQ_INSTS_LDS",163840.000000,2081181145061,2081181306643
29,29,"Agent 1",1,19214,19214,2048,17,"pk_gemm(__half const*, __half const*, __half*, int, int, int)",128,8704,0,208,0,128,"SQ_INST_LEVEL_LDS",14539.000000,2081181145061,2081181306643
29,29,"Agent 1",1,19214,19214,2048,17,"pk_gemm(__half const*, __half const*, __half*, int, int, int)",128,8704,0,208,0,128,"SQ_WAIT_INST_LDS",0.00000000e+00,2081181145061,2081181306643
30,30,"Agent 1",1,19214,19214,2048,17,"pk_gemm(__half const*, __half const*, __half*, int, int, int)",128,8704,0,208,0,128,"ALUStalledByLDS",0.00000000e+00,2081181338022,2081181499243
30,30,"Agent 1",1,19214,19214,2048,17,"pk_gemm(__half const*, __half const*, __half*, int, int, int)",128,8704,0,208,0,128,"LDSBankConflict",12.500000,2081181338022,2081181499243
30,30,"Agent 1",1,19214,19214,2048,17,"pk_gemm(__half const*, __half const*, __half*, int, int, int)",128,8704,0,208,0,128,"MeanOccupancyPerCU",1.547039,2081181338022,2081181499243
30,30,"Agent 1",1,19214,19214,2048,17,"pk_gemm(__half const*, __half const*, __half*, int, int, int)",128,8704,0,208,0,128,"SQ_INSTS_LDS",163840.000000,2081181338022,2081181499243
30,30,"Agent 1",1,19214,19214,2048,17,"pk_gemm(__half const*, __half const*, __half*, int, int, int)",128,8704,0,208,0,128,"SQ_INST_LEVEL_LDS",14792.000000,2081181338022,2081181499243
30,30,"Agent 1",1,19214,19214,2048,17,"pk_gemm(__half const*, __half const*, __half*, int, int, int)",128,8704,0,208,0,128,"SQ_WAIT_INST_LDS",0.00000000e+00,2081181338022,2081181499243
31,31,"Agent 1",1,19214,19214,2048,17,"pk_gemm(__half const*, __half const*, __half*, int, int, int)",128,8704,0,208,0,128,"ALUStalledByLDS",0.00000000e+00,2081181531303,2081181694168
31,31,"Agent 1",1,19214,19214,2048,17,"pk_gemm(__half const*, __half const*, __half*, int, int, int)",128,8704,0,208,0,128,"LDSBankConflict",12.500000,2081181531303,2081181694168
31,31,"Agent 1",1,19214,19214,2048,17,"pk_gemm(__half const*, __half const*, __half*, int, int, int)",128,8704,0,208,0,128,"MeanOccupancyPerCU",1.546018,2081181531303,2081181694168
31,31,"Agent 1",1,19214,19214,2048,17,"pk_gemm(__half const*, __half const*, __half*, int, int, int)",128,8704,0,208,0,128,"SQ_INSTS_LDS",163840.000000,2081181531303,2081181694168
31,31,"Agent 1",1,19214,19214,2048,17,"pk_gemm(__half const*, __half const*, __half*, int, int, int)",128,8704,0,208,0,128,"SQ_INST_LEVEL_LDS",14513.000000,2081181531303,2081181694168
31,31,"Agent 1",1,19214,19214,2048,17,"pk_gemm(__half const*, __half const*, __half*, int, int, int)",128,8704,0,208,0,128,"SQ_WAIT_INST_LDS",0.00000000e+00,2081181531303,2081181694168
32,32,"Agent 1",1,19214,19214,2048,17,"pk_gemm(__half const*, __half const*, __half*, int, int, int)",128,8704,0,208,0,128,"ALUStalledByLDS",0.00000000e+00,2081181725547,2081181886929
32,32,"Agent 1",1,19214,19214,2048,17,"pk_gemm(__half const*, __half const*, __half*, int, int, int)",128,8704,0,208,0,128,"LDSBankConflict",12.500000,2081181725547,2081181886929
32,32,"Agent 1",1,19214,19214,2048,17,"pk_gemm(__half const*, __half const*, __half*, int, int, int)",128,8704,0,208,0,128,"MeanOccupancyPerCU",1.544382,2081181725547,2081181886929
32,32,"Agent 1",1,19214,19214,2048,17,"pk_gemm(__half const*, __half const*, __half*, int, int, int)",128,8704,0,208,0,128,"SQ_INSTS_LDS",163840.000000,2081181725547,2081181886929
32,32,"Agent 1",1,19214,19214,2048,17,"pk_gemm(__half const*, __half const*, __half*, int, int, int)",128,8704,0,208,0,128,"SQ_INST_LEVEL_LDS",14690.000000,2081181725547,2081181886929
32,32,"Agent 1",1,19214,19214,2048,17,"pk_gemm(__half const*, __half const*, __half*, int, int, int)",128,8704,0,208,0,128,"SQ_WAIT_INST_LDS",0.00000000e+00,2081181725547,2081181886929
33,33,"Agent 1",1,19214,19214,2048,17,"pk_gemm(__half const*, __half const*, __half*, int, int, int)",128,8704,0,208,0,128,"ALUStalledByLDS",0.00000000e+00,2081181919189,2081182081332
33,33,"Agent 1",1,19214,19214,2048,17,"pk_gemm(__half const*, __half const*, __half*, int, int, int)",128,8704,0,208,0,128,"LDSBankConflict",12.500000,2081181919189,2081182081332
33,33,"Agent 1",1,19214,19214,2048,17,"pk_gemm(__half const*, __half const*, __half*, int, int, int)",128,8704,0,208,0,128,"MeanOccupancyPerCU",1.545559,2081181919189,2081182081332
33,33,"Agent 1",1,19214,19214,2048,17,"pk_gemm(__half const*, __half const*, __half*, int, int, int)",128,8704,0,208,0,128,"SQ_INSTS_LDS",163840.000000,2081181919189,2081182081332
33,33,"Agent 1",1,19214,19214,2048,17,"pk_gemm(__half const*, __half const*, __half*, int, int, int)",128,8704,0,208,0,128,"SQ_INST_LEVEL_LDS",14557.000000,2081181919189,2081182081332
33,33,"Agent 1",1,19214,19214,2048,17,"pk_gemm(__half const*, __half const*, __half*, int, int, int)",128,8704,0,208,0,128,"SQ_WAIT_INST_LDS",0.00000000e+00,2081181919189,2081182081332
34,34,"Agent 1",1,19214,19214,2048,17,"pk_gemm(__half const*, __half const*, __half*, int, int, int)",128,8704,0,208,0,128,"ALUStalledByLDS",0.00000000e+00,2081182112511,2081182273812
34,34,"Agent 1",1,19214,19214,2048,17,"pk_gemm(__half const*, __half const*, __half*, int, int, int)",128,8704,0,208,0,128,"LDSBankConflict",12.500000,2081182112511,2081182273812
34,34,"Agent 1",1,19214,19214,2048,17,"pk_gemm(__half const*, __half const*, __half*, int, int, int)",128,8704,0,208,0,128,"MeanOccupancyPerCU",1.547451,2081182112511,2081182273812
34,34,"Agent 1",1,19214,19214,2048,17,"pk_gemm(__half const*, __half const*, __half*, int, int, int)",128,8704,0,208,0,128,"SQ_INSTS_LDS",163840.000000,2081182112511,2081182273812
34,34,"Agent 1",1,19214,19214,2048,17,"pk_gemm(__half const*, __half const*, __half*, int, int, int)",128,8704,0,208,0,128,"SQ_INST_LEVEL_LDS",14857.000000,2081182112511,2081182273812
34,34,"Agent 1",1,19214,19214,2048,17,"pk_gemm(__half const*, __half const*, __half*, int, int, int)",128,8704,0,208,0,128,"SQ_WAIT_INST_LDS",0.00000000e+00,2081182112511,2081182273812
35,35,"Agent 1",1,19214,19214,2048,17,"pk_gemm(__half const*, __half const*, __half*, int, int, int)",128,8704,0,208,0,128,"ALUStalledByLDS",0.00000000e+00,2081182304590,2081182465731
35,35,"Agent 1",1,19214,19214,2048,17,"pk_gemm(__half const*, __half const*, __half*, int, int, int)",128,8704,0,208,0,128,"LDSBankConflict",12.500000,2081182304590,2081182465731
35,35,"Agent 1",1,19214,19214,2048,17,"pk_gemm(__half const*, __half const*, __half*, int, int, int)",128,8704,0,208,0,128,"MeanOccupancyPerCU",1.548584,2081182304590,2081182465731
35,35,"Agent 1",1,19214,19214,2048,17,"pk_gemm(__half const*, __half const*, __half*, int, int, int)",128,8704,0,208,0,128,"SQ_INSTS_LDS",163840.000000,2081182304590,2081182465731
35,35,"Agent 1",1,19214,19214,2048,17,"pk_gemm(__half const*, __half const*, __half*, int, int, int)",128,8704,0,208,0,128,"SQ_INST_LEVEL_LDS",14766.000000,2081182304590,2081182465731
35,35,"Agent 1",1,19214,19214,2048,17,"pk_gemm(__half const*, __half const*, __half*, int, int, int)",128,8704,0,208,0,128,"SQ_WAIT_INST_LDS",0.00000000e+00,2081182304590,2081182465731
36,36,"Agent 1",1,19214,19214,2048,17,"pk_gemm(__half const*, __half const*, __half*, int, int, int)",128,8704,0,208,0,128,"ALUStalledByLDS",0.00000000e+00,2081182496709,2081182659534
36,36,"Agent 1",1,19214,19214,2048,17,"pk_gemm(__half const*, __half const*, __half*, int, int, int)",128,8704,0,208,0,128,"LDSBankConflict",12.500000,2081182496709,2081182659534
36,36,"Agent 1",1,19214,19214,2048,17,"pk_gemm(__half const*, __half const*, __half*, int, int, int)",128,8704,0,208,0,128,"MeanOccupancyPerCU",1.545563,2081182496709,2081182659534
36,36,"Agent 1",1,19214,19214,2048,17,"pk_gemm(__half const*, __half const*, __half*, int, int, int)",128,8704,0,208,0,128,"SQ_INSTS_LDS",163840.000000,2081182496709,2081182659534
36,36,"Agent 1",1,19214,19214,2048,17,"pk_gemm(__half const*, __half const*, __half*, int, int, int)",128,8704,0,208,0,128,"SQ_INST_LEVEL_LDS",14403.000000,2081182496709,2081182659534
36,36,"Agent 1",1,19214,19214,2048,17,"pk_gemm(__half const*, __half const*, __half*, int, int, int)",128,8704,0,208,0,128,"SQ_WAIT_INST_LDS",0.00000000e+00,2081182496709,2081182659534
37,37,"Agent 1",1,19214,19214,2048,17,"pk_gemm(__half const*, __half const*, __half*, int, int, int)",128,8704,0,208,0,128,"ALUStalledByLDS",0.00000000e+00,2081182691394,2081182852936
37,37,"Agent 1",1,19214,19214,2048,17,"pk_gemm(__half const*, __half const*, __half*, int, int, int)",128,8704,0,208,0,128,"LDSBankConflict",12.500000,2081182691394,2081182852936
37,37,"Agent 1",1,19214,19214,2048,17,"pk_gemm(__half const*, __half const*, __half*, int, int, int)",128,8704,0,208,0,128,"MeanOccupancyPerCU",1.547305,2081182691394,2081182852936
37,37,"Agent 1",1,19214,19214,2048,17,"pk_gemm(__half const*, __half const*, __half*, int, int, int)",128,8704,0,208,0,128,"SQ_INSTS_LDS",163840.000000,2081182691394,2081182852936
37,37,"Agent 1",1,19214,19214,2048,17,"pk_gemm(__half const*, __half const*, __half*, int, int, int)",128,8704,0,208,0,128,"SQ_INST_LEVEL_LDS",14846.000000,2081182691394,2081182852936
37,37,"Agent 1",1,19214,19214,2048,17,"pk_gemm(__half const*, __half const*, __half*, int, int, int)",128,8704,0,208,0,128,"SQ_WAIT_INST_LDS",0.00000000e+00,2081182691394,2081182852936
38,38,"Agent 1",1,19214,19214,2048,17,"pk_gemm(__half const*, __half const*, __half*, int, int, int)",128,8704,0,208,0,128,"ALUStalledByLDS",0.00000000e+00,2081182884635,2081183046658
38,38,"Agent 1",1,19214,19214,2048,17,"pk_gemm(__half const*, __half const*, __half*, int, int, int)",128,8704,0,208,0,128,"LDSBankConflict",12.500000,2081182884635,2081183046658
38,38,"Agent 1",1,19214,19214,2048,17,"pk_gemm(__half const*, __half const*, __half*, int, int, int)",128,8704,0,208,0,128,"MeanOccupancyPerCU",1.547834,2081182884635,2081183046658
38,38,"Agent 1",1,19214,19214,2048,17,"pk_gemm(__half const*, __half const*, __half*, int, int, int)",128,8704,0,208,0,128,"SQ_INSTS_LDS",163840.000000,2081182884635,2081183046658
38,38,"Agent 1",1,19214,19214,2048,17,"pk_gemm(__half const*, __half const*, __half*, int, int, int)",128,8704,0,208,0,128,"SQ_INST_LEVEL_LDS",14688.000000,2081182884635,2081183046658
38,38,"Agent 1",1,19214,19214,2048,17,"pk_gemm(__half const*, __half const*, __half*, int, int, int)",128,8704,0,208,0,128,"SQ_WAIT_INST_LDS",0.00000000e+00,2081182884635,2081183046658
39,39,"Agent 1",1,19214,19214,2048,17,"pk_gemm(__half const*, __half const*, __half*, int, int, int)",128,8704,0,208,0,128,"ALUStalledByLDS",0.00000000e+00,2081183077396,2081183238898
39,39,"Agent 1",1,19214,19214,2048,17,"pk_gemm(__half const*, __half const*, __half*, int, int, int)",128,8704,0,208,0,128,"LDSBankConflict",12.500000,2081183077396,2081183238898
39,39,"Agent 1",1,19214,19214,2048,17,"pk_gemm(__half const*, __half const*, __half*, int, int, int)",128,8704,0,208,0,128,"MeanOccupancyPerCU",1.546012,2081183077396,2081183238898
39,39,"Agent 1",1,19214,19214,2048,17,"pk_gemm(__half const*, __half const*, __half*, int, int, int)",128,8704,0,208,0,128,"SQ_INSTS_LDS",163840.000000,2081183077396,2081183238898
39,39,"Agent 1",1,19214,19214,2048,17,"pk_gemm(__half const*, __half const*, __half*, int, int, int)",128,8704,0,208,0,128,"SQ_INST_LEVEL_LDS",15098.000000,2081183077396,2081183238898
39,39,"Agent 1",1,19214,19214,2048,17,"pk_gemm(__half const*, __half const*, __half*, int, int, int)",128,8704,0,208,0,128,"SQ_WAIT_INST_LDS",0.00000000e+00,2081183077396,2081183238898
40,40,"Agent 1",1,19214,19214,2048,17,"pk_gemm(__half const*, __half const*, __half*, int, int, int)",128,8704,0,208,0,128,"ALUStalledByLDS",0.00000000e+00,2081183305102,2081183466764
40,40,"Agent 1",1,19214,19214,2048,17,"pk_gemm(__half const*, __half const*, __half*, int, int, int)",128,8704,0,208,0,128,"LDSBankConflict",12.500000,2081183305102,2081183466764
40,40,"Agent 1",1,19214,19214,2048,17,"pk_gemm(__half const*, __half const*, __half*, int, int, int)",128,8704,0,208,0,128,"MeanOccupancyPerCU",1.545193,2081183305102,2081183466764
40,40,"Agent 1",1,19214,19214,2048,17,"pk_gemm(__half const*, __half const*, __half*, int, int, int)",128,8704,0,208,0,128,"SQ_INSTS_LDS",163840.000000,2081183305102,2081183466764
40,40,"Agent 1",1,19214,19214,2048,17,"pk_gemm(__half const*, __half const*, __half*, int, int, int)",128,8704,0,208,0,128,"SQ_INST_LEVEL_LDS",14694.000000,2081183305102,2081183466764
40,40,"Agent 1",1,19214,19214,2048,17,"pk_gemm(__half const*, __half const*, __half*, int, int, int)",128,8704,0,208,0,128,"SQ_WAIT_INST_LDS",0.00000000e+00,2081183305102,2081183466764
41,41,"Agent 1",1,19214,19214,2048,17,"pk_gemm(__half const*, __half const*, __half*, int, int, int)",128,8704,0,208,0,128,"ALUStalledByLDS",0.00000000e+00,2081183500106,2081183663051
41,41,"Agent 1",1,19214,19214,2048,17,"pk_gemm(__half const*, __half const*, __half*, int, int, int)",128,8704,0,208,0,128,"LDSBankConflict",12.500000,2081183500106,2081183663051
41,41,"Agent 1",1,19214,19214,2048,17,"pk_gemm(__half const*, __half const*, __half*, int, int, int)",128,8704,0,208,0,128,"MeanOccupancyPerCU",1.543851,2081183500106,2081183663051
41,41,"Agent 1",1,19214,19214,2048,17,"pk_gemm(__half const*, __half const*, __half*, int, int, int)",128,8704,0,208,0,128,"SQ_INSTS_LDS",163840.000000,2081183500106,2081183663051
41,41,"Agent 1",1,19214,19214,2048,17,"pk_gemm(__half const*, __half const*, __half*, int, int, int)",128,8704,0,208,0,128,"SQ_INST_LEVEL_LDS",14742.000000,2081183500106,2081183663051
41,41,"Agent 1",1,19214,19214,2048,17,"pk_gemm(__half const*, __half const*, __half*, int, int, int)",128,8704,0,208,0,128,"SQ_WAIT_INST_LDS",0.00000000e+00,2081183500106,2081183663051
42,42,"Agent 1",1,19214,19214,2048,17,"pk_gemm(__half const*, __half const*, __half*, int, int, int)",128,8704,0,208,0,128,"ALUStalledByLDS",0.00000000e+00,2081183696273,2081183857335
42,42,"Agent 1",1,19214,19214,2048,17,"pk_gemm(__half const*, __half const*, __half*, int, int, int)",128,8704,0,208,0,128,"LDSBankConflict",12.500000,2081183696273,2081183857335
42,42,"Agent 1",1,19214,19214,2048,17,"pk_gemm(__half const*, __half const*, __half*, int, int, int)",128,8704,0,208,0,128,"MeanOccupancyPerCU",1.545346,2081183696273,2081183857335
42,42,"Agent 1",1,19214,19214,2048,17,"pk_gemm(__half const*, __half const*, __half*, int, int, int)",128,8704,0,208,0,128,"SQ_INSTS_LDS",163840.000000,2081183696273,2081183857335
42,42,"Agent 1",1,19214,19214,2048,17,"pk_gemm(__half const*, __half const*, __half*, int, int, int)",128,8704,0,208,0,128,"SQ_INST_LEVEL_LDS",14735.000000,2081183696273,2081183857335
42,42,"Agent 1",1,19214,19214,2048,17,"pk_gemm(__half const*, __half const*, __half*, int, int, int)",128,8704,0,208,0,128,"SQ_WAIT_INST_LDS",0.00000000e+00,2081183696273,2081183857335
43,43,"Agent 1",1,19214,19214,2048,17,"pk_gemm(__half const*, __half const*, __half*, int, int, int)",128,8704,0,208,0,128,"ALUStalledByLDS",0.00000000e+00,2081183891519,2081184064162
43,43,"Agent 1",1,19214,19214,2048,17,"pk_gemm(__half const*, __half const*, __half*, int, int, int)",128,8704,0,208,0,128,"LDSBankConflict",12.500000,2081183891519,2081184064162
43,43,"Agent 1",1,19214,19214,2048,17,"pk_gemm(__half const*, __half const*, __half*, int, int, int)",128,8704,0,208,0,128,"MeanOccupancyPerCU",1.371927,2081183891519,2081184064162
43,43,"Agent 1",1,19214,19214,2048,17,"pk_gemm(__half const*, __half const*, __half*, int, int, int)",128,8704,0,208,0,128,"SQ_INSTS_LDS",163840.000000,2081183891519,2081184064162
43,43,"Agent 1",1,19214,19214,2048,17,"pk_gemm(__half const*, __half const*, __half*, int, int, int)",128,8704,0,208,0,128,"SQ_INST_LEVEL_LDS",14499.000000,2081183891519,2081184064162
43,43,"Agent 1",1,19214,19214,2048,17,"pk_gemm(__half const*, __half const*, __half*, int, int, int)",128,8704,0,208,0,128,"SQ_WAIT_INST_LDS",0.00000000e+00,2081183891519,2081184064162
44,44,"Agent 1",1,19214,19214,2048,17,"pk_gemm(__half const*, __half const*, __half*, int, int, int)",128,8704,0,208,0,128,"ALUStalledByLDS",0.00000000e+00,2081184146756,2081184392376
44,44,"Agent 1",1,19214,19214,2048,17,"pk_gemm(__half const*, __half const*, __half*, int, int, int)",128,8704,0,208,0,128,"LDSBankConflict",12.474114,2081184146756,2081184392376
44,44,"Agent 1",1,19214,19214,2048,17,"pk_gemm(__half const*, __half const*, __half*, int, int, int)",128,8704,0,208,0,128,"MeanOccupancyPerCU",1.324546,2081184146756,2081184392376
44,44,"Agent 1",1,19214,19214,2048,17,"pk_gemm(__half const*, __half const*, __half*, int, int, int)",128,8704,0,208,0,128,"SQ_INSTS_LDS",164928.000000,2081184146756,2081184392376
44,44,"Agent 1",1,19214,19214,2048,17,"pk_gemm(__half const*, __half const*, __half*, int, int, int)",128,8704,0,208,0,128,"SQ_INST_LEVEL_LDS",15554.000000,2081184146756,2081184392376
44,44,"Agent 1",1,19214,19214,2048,17,"pk_gemm(__half const*, __half const*, __half*, int, int, int)",128,8704,0,208,0,128,"SQ_WAIT_INST_LDS",0.00000000e+00,2081184146756,2081184392376
45,45,"Agent 1",1,19214,19214,2048,17,"pk_gemm(__half const*, __half const*, __half*, int, int, int)",128,8704,0,208,0,128,"ALUStalledByLDS",0.00000000e+00,2081184445876,2081184755615
45,45,"Agent 1",1,19214,19214,2048,17,"pk_gemm(__half const*, __half const*, __half*, int, int, int)",128,8704,0,208,0,128,"LDSBankConflict",12.448335,2081184445876,2081184755615
45,45,"Agent 1",1,19214,19214,2048,17,"pk_gemm(__half const*, __half const*, __half*, int, int, int)",128,8704,0,208,0,128,"MeanOccupancyPerCU",1.347988,2081184445876,2081184755615
45,45,"Agent 1",1,19214,19214,2048,17,"pk_gemm(__half const*, __half const*, __half*, int, int, int)",128,8704,0,208,0,128,"SQ_INSTS_LDS",166016.000000,2081184445876,2081184755615
45,45,"Agent 1",1,19214,19214,2048,17,"pk_gemm(__half const*, __half const*, __half*, int, int, int)",128,8704,0,208,0,128,"SQ_INST_LEVEL_LDS",15184.000000,2081184445876,2081184755615
45,45,"Agent 1",1,19214,19214,2048,17,"pk_gemm(__half const*, __half const*, __half*, int, int, int)",128,8704,0,208,0,128,"SQ_WAIT_INST_LDS",0.00000000e+00,2081184445876,2081184755615
46,46,"Agent 1",1,19214,19214,2048,17,"pk_gemm(__half const*, __half const*, __half*, int, int, int)",128,8704,0,208,0,128,"ALUStalledByLDS",0.00000000e+00,2081184792043,2081184955028
46,46,"Agent 1",1,19214,19214,2048,17,"pk_gemm(__half const*, __half const*, __half*, int, int, int)",128,8704,0,208,0,128,"LDSBankConflict",12.500000,2081184792043,2081184955028
46,46,"Agent 1",1,19214,19214,2048,17,"pk_gemm(__half const*, __half const*, __half*, int, int, int)",128,8704,0,208,0,128,"MeanOccupancyPerCU",1.542029,2081184792043,2081184955028
46,46,"Agent 1",1,19214,19214,2048,17,"pk_gemm(__half const*, __half const*, __half*, int, int, int)",128,8704,0,208,0,128,"SQ_INSTS_LDS",163840.000000,2081184792043,2081184955028
46,46,"Agent 1",1,19214,19214,2048,17,"pk_gemm(__half const*, __half const*, __half*, int, int, int)",128,8704,0,208,0,128,"SQ_INST_LEVEL_LDS",14640.000000,2081184792043,2081184955028
46,46,"Agent 1",1,19214,19214,2048,17,"pk_gemm(__half const*, __half const*, __half*, int, int, int)",128,8704,0,208,0,128,"SQ_WAIT_INST_LDS",0.00000000e+00,2081184792043,2081184955028
47,47,"Agent 1",1,19214,19214,2048,17,"pk_gemm(__half const*, __half const*, __half*, int, int, int)",128,8704,0,208,0,128,"ALUStalledByLDS",0.00000000e+00,2081184989332,2081185150313
47,47,"Agent 1",1,19214,19214,2048,17,"pk_gemm(__half const*, __half const*, __half*, int, int, int)",128,8704,0,208,0,128,"LDSBankConflict",12.500000,2081184989332,2081185150313
47,47,"Agent 1",1,19214,19214,2048,17,"pk_gemm(__half const*, __half const*, __half*, int, int, int)",128,8704,0,208,0,128,"MeanOccupancyPerCU",1.545004,2081184989332,2081185150313
47,47,"Agent 1",1,19214,19214,2048,17,"pk_gemm(__half const*, __half const*, __half*, int, int, int)",128,8704,0,208,0,128,"SQ_INSTS_LDS",163840.000000,2081184989332,2081185150313
47,47,"Agent 1",1,19214,19214,2048,17,"pk_gemm(__half const*, __half const*, __half*, int, int, int)",128,8704,0,208,0,128,"SQ_INST_LEVEL_LDS",15300.000000,2081184989332,2081185150313
47,47,"Agent 1",1,19214,19214,2048,17,"pk_gemm(__half const*, __half const*, __half*, int, int, int)",128,8704,0,208,0,128,"SQ_WAIT_INST_LDS",0.00000000e+00,2081184989332,2081185150313
48,48,"Agent 1",1,19214,19214,2048,17,"pk_gemm(__half const*, __half const*, __half*, int, int, int)",128,8704,0,208,0,128,"ALUStalledByLDS",0.00000000e+00,2081185182935,2081185345759
48,48,"Agent 1",1,19214,19214,2048,17,"pk_gemm(__half const*, __half const*, __half*, int, int, int)",128,8704,0,208,0,128,"LDSBankConflict",12.500000,2081185182935,2081185345759
48,48,"Agent 1",1,19214,19214,2048,17,"pk_gemm(__half const*, __half const*, __half*, int, int, int)",128,8704,0,208,0,128,"MeanOccupancyPerCU",1.546104,2081185182935,2081185345759
48,48,"Agent 1",1,19214,19214,2048,17,"pk_gemm(__half const*, __half const*, __half*, int, int, int)",128,8704,0,208,0,128,"SQ_INSTS_LDS",163840.000000,2081185182935,2081185345759
48,48,"Agent 1",1,19214,19214,2048,17,"pk_gemm(__half const*, __half const*, __half*, int, int, int)",128,8704,0,208,0,128,"SQ_INST_LEVEL_LDS",14696.000000,2081185182935,2081185345759
48,48,"Agent 1",1,19214,19214,2048,17,"pk_gemm(__half const*, __half const*, __half*, int, int, int)",128,8704,0,208,0,128,"SQ_WAIT_INST_LDS",0.00000000e+00,2081185182935,2081185345759
49,49,"Agent 1",1,19214,19214,2048,17,"pk_gemm(__half const*, __half const*, __half*, int, int, int)",128,8704,0,208,0,128,"ALUStalledByLDS",0.00000000e+00,2081185377819,2081185538840
49,49,"Agent 1",1,19214,19214,2048,17,"pk_gemm(__half const*, __half const*, __half*, int, int, int)",128,8704,0,208,0,128,"LDSBankConflict",12.500000,2081185377819,2081185538840
49,49,"Agent 1",1,19214,19214,2048,17,"pk_gemm(__half const*, __half const*, __half*, int, int, int)",128,8704,0,208,0,128,"MeanOccupancyPerCU",1.545889,2081185377819,2081185538840
49,49,"Agent 1",1,19214,19214,2048,17,"pk_gemm(__half const*, __half const*, __half*, int, int, int)",128,8704,0,208,0,128,"SQ_INSTS_LDS",163840.000000,2081185377819,2081185538840
49,49,"Agent 1",1,19214,19214,2048,17,"pk_gemm(__half const*, __half const*, __half*, int, int, int)",128,8704,0,208,0,128,"SQ_INST_LEVEL_LDS",14798.000000,2081185377819,2081185538840
49,49,"Agent 1",1,19214,19214,2048,17,"pk_gemm(__half const*, __half const*, __half*, int, int, int)",128,8704,0,208,0,128,"SQ_WAIT_INST_LDS",0.00000000e+00,2081185377819,2081185538840
50,50,"Agent 1",1,19214,19214,2048,17,"pk_gemm(__half const*, __half const*, __half*, int, int, int)",128,8704,0,208,0,128,"ALUStalledByLDS",0.00000000e+00,2081185572183,2081185734927
50,50,"Agent 1",1,19214,19214,2048,17,"pk_gemm(__half const*, __half const*, __half*, int, int, int)",128,8704,0,208,0,128,"LDSBankConflict",12.500000,2081185572183,2081185734927
50,50,"Agent 1",1,19214,19214,2048,17,"pk_gemm(__half const*, __half const*, __half*, int, int, int)",128,8704,0,208,0,128,"MeanOccupancyPerCU",1.546400,2081185572183,2081185734927
50,50,"Agent 1",1,19214,19214,2048,17,"pk_gemm(__half const*, __half const*, __half*, int, int, int)",128,8704,0,208,0,128,"SQ_INSTS_LDS",163840.000000,2081185572183,2081185734927
50,50,"Agent 1",1,19214,19214,2048,17,"pk_gemm(__half const*, __half const*, __half*, int, int, int)",128,8704,0,208,0,128,"SQ_INST_LEVEL_LDS",14807.000000,2081185572183,2081185734927
50,50,"Agent 1",1,19214,19214,2048,17,"pk_gemm(__half const*, __half const*, __half*, int, int, int)",128,8704,0,208,0,128,"SQ_WAIT_INST_LDS",0.00000000e+00,2081185572183,2081185734927
51,51,"Agent 1",1,19214,19214,2048,17,"pk_gemm(__half const*, __half const*, __half*, int, int, int)",128,8704,0,208,0,128,"ALUStalledByLDS",0.00000000e+00,2081185769392,2081185931214
51,51,"Agent 1",1,19214,19214,2048,17,"pk_gemm(__half const*, __half const*, __half*, int, int, int)",128,8704,0,208,0,128,"LDSBankConflict",12.500000,2081185769392,2081185931214
51,51,"Agent 1",1,19214,19214,2048,17,"pk_gemm(__half const*, __half const*, __half*, int, int, int)",128,8704,0,208,0,128,"MeanOccupancyPerCU",1.547075,2081185769392,2081185931214
51,51,"Agent 1",1,19214,19214,2048,17,"pk_gemm(__half const*, __half const*, __half*, int, int, int)",128,8704,0,208,0,128,"SQ_INSTS_LDS",163840.000000,2081185769392,2081185931214
51,51,"Agent 1",1,19214,19214,2048,17,"pk_gemm(__half const*, __half const*, __half*, int, int, int)",128,8704,0,208,0,128,"SQ_INST_LEVEL_LDS",14537.000000,2081185769392,2081185931214
51,51,"Agent 1",1,19214,19214,2048,17,"pk_gemm(__half const*, __half const*, __half*, int, int, int)",128,8704,0,208,0,128,"SQ_WAIT_INST_LDS",0.00000000e+00,2081185769392,2081185931214
52,52,"Agent 1",1,19214,19214,2048,17,"pk_gemm(__half const*, __half const*, __half*, int, int, int)",128,8704,0,208,0,128,"ALUStalledByLDS",0.00000000e+00,2081185965799,2081186127181
52,52,"Agent 1",1,19214,19214,2048,17,"pk_gemm(__half const*, __half const*, __half*, int, int, int)",128,8704,0,208,0,128,"LDSBankConflict",12.500000,2081185965799,2081186127181
52,52,"Agent 1",1,19214,19214,2048,17,"pk_gemm(__half const*, __half const*, __half*, int, int, int)",128,8704,0,208,0,128,"MeanOccupancyPerCU",1.545967,2081185965799,2081186127181
52,52,"Agent 1",1,19214,19214,2048,17,"pk_gemm(__half const*, __half const*, __half*, int, int, int)",128,8704,0,208,0,128,"SQ_INSTS_LDS",163840.000000,2081185965799,2081186127181
52,52,"Agent 1",1,19214,19214,2048,17,"pk_gemm(__half const*, __half const*, __half*, int, int, int)",128,8704,0,208,0,128,"SQ_INST_LEVEL_LDS",15240.000000,2081185965799,2081186127181
52,52,"Agent 1",1,19214,19214,2048,17,"pk_gemm(__half const*, __half const*, __half*, int, int, int)",128,8704,0,208,0,128,"SQ_WAIT_INST_LDS",0.00000000e+00,2081185965799,2081186127181
53,53,"Agent 1",1,19214,19214,2048,17,"pk_gemm(__half const*, __half const*, __half*, int, int, int)",128,8704,0,208,0,128,"ALUStalledByLDS",0.00000000e+00,2081186160403,2081186322947
53,53,"Agent 1",1,19214,19214,2048,17,"pk_gemm(__half const*, __half const*, __half*, int, int, int)",128,8704,0,208,0,128,"LDSBankConflict",12.500000,2081186160403,2081186322947
53,53,"Agent 1",1,19214,19214,2048,17,"pk_gemm(__half const*, __half const*, __half*, int, int, int)",128,8704,0,208,0,128,"MeanOccupancyPerCU",1.546769,2081186160403,2081186322947
53,53,"Agent 1",1,19214,19214,2048,17,"pk_gemm(__half const*, __half const*, __half*, int, int, int)",128,8704,0,208,0,128,"SQ_INSTS_LDS",163840.000000,2081186160403,2081186322947
53,53,"Agent 1",1,19214,19214,2048,17,"pk_gemm(__half const*, __half const*, __half*, int, int, int)",128,8704,0,208,0,128,"SQ_INST_LEVEL_LDS",14855.000000,2081186160403,2081186322947
53,53,"Agent 1",1,19214,19214,2048,17,"pk_gemm(__half const*, __half const*, __half*, int, int, int)",128,8704,0,208,0,128,"SQ_WAIT_INST_LDS",0.00000000e+00,2081186160403,2081186322947
54,54,"Agent 1",1,19214,19214,2048,17,"pk_gemm(__half const*, __half const*, __half*, int, int, int)",128,8704,0,208,0,128,"ALUStalledByLDS",0.00000000e+00,2081186355969,2081186517872
54,54,"Agent 1",1,19214,19214,2048,17,"pk_gemm(__half const*, __half const*, __half*, int, int, int)",128,8704,0,208,0,128,"LDSBankConflict",12.500000,2081186355969,2081186517872
54,54,"Agent 1",1,19214,19214,2048,17,"pk_gemm(__half const*, __half const*, __half*, int, int, int)",128,8704,0,208,0,128,"MeanOccupancyPerCU",1.543955,2081186355969,2081186517872
54,54,"Agent 1",1,19214,19214,2048,17,"pk_gemm(__half const*, __half const*, __half*, int, int, int)",128,8704,0,208,0,128,"SQ_INSTS_LDS",163840.000000,2081186355969,2081186517872
54,54,"Agent 1",1,19214,19214,2048,17,"pk_gemm(__half const*, __half const*, __half*, int, int, int)",128,8704,0,208,0,128,"SQ_INST_LEVEL_LDS",14893.000000,2081186355969,2081186517872
54,54,"Agent 1",1,19214,19214,2048,17,"pk_gemm(__half const*, __half const*, __half*, int, int, int)",128,8704,0,208,0,128,"SQ_WAIT_INST_LDS",0.00000000e+00,2081186355969,2081186517872
55,55,"Agent 1",1,19214,19214,2048,17,"pk_gemm(__half const*, __half const*, __half*, int, int, int)",128,8704,0,208,0,128,"ALUStalledByLDS",0.00000000e+00,2081186551094,2081186713157
55,55,"Agent 1",1,19214,19214,2048,17,"pk_gemm(__half const*, __half const*, __half*, int, int, int)",128,8704,0,208,0,128,"LDSBankConflict",12.500000,2081186551094,2081186713157
55,55,"Agent 1",1,19214,19214,2048,17,"pk_gemm(__half const*, __half const*, __half*, int, int, int)",128,8704,0,208,0,128,"MeanOccupancyPerCU",1.546585,2081186551094,2081186713157
55,55,"Agent 1",1,19214,19214,2048,17,"pk_gemm(__half const*, __half const*, __half*, int, int, int)",128,8704,0,208,0,128,"SQ_INSTS_LDS",163840.000000,2081186551094,2081186713157
55,55,"Agent 1",1,19214,19214,2048,17,"pk_gemm(__half const*, __half const*, __half*, int, int, int)",128,8704,0,208,0,128,"SQ_INST_LEVEL_LDS",14778.000000,2081186551094,2081186713157
55,55,"Agent 1",1,19214,19214,2048,17,"pk_gemm(__half const*, __half const*, __half*, int, int, int)",128,8704,0,208,0,128,"SQ_WAIT_INST_LDS",0.00000000e+00,2081186551094,2081186713157
56,56,"Agent 1",1,19214,19214,2048,17,"pk_gemm(__half const*, __half const*, __half*, int, int, int)",128,8704,0,208,0,128,"ALUStalledByLDS",0.00000000e+00,2081186744656,2081186906439
56,56,"Agent 1",1,19214,19214,2048,17,"pk_gemm(__half const*, __half const*, __half*, int, int, int)",128,8704,0,208,0,128,"LDSBankConflict",12.500000,2081186744656,2081186906439
56,56,"Agent 1",1,19214,19214,2048,17,"pk_gemm(__half const*, __half const*, __half*, int, int, int)",128,8704,0,208,0,128,"MeanOccupancyPerCU",1.545911,2081186744656,2081186906439
56,56,"Agent 1",1,19214,19214,2048,17,"pk_gemm(__half const*, __half const*, __half*, int, int, int)",128,8704,0,208,0,128,"SQ_INSTS_LDS",163840.000000,2081186744656,2081186906439
56,56,"Agent 1",1,19214,19214,2048,17,"pk_gemm(__half const*, __half const*, __half*, int, int, int)",128,8704,0,208,0,128,"SQ_INST_LEVEL_LDS",14836.000000,2081186744656,2081186906439
56,56,"Agent 1",1,19214,19214,2048,17,"pk_gemm(__half const*, __half const*, __half*, int, int, int)",128,8704,0,208,0,128,"SQ_WAIT_INST_LDS",0.00000000e+00,2081186744656,2081186906439
57,57,"Agent 1",1,19214,19214,2048,17,"pk_gemm(__half const*, __half const*, __half*, int, int, int)",128,8704,0,208,0,128,"ALUStalledByLDS",0.00000000e+00,2081186938739,2081187100001
57,57,"Agent 1",1,19214,19214,2048,17,"pk_gemm(__half const*, __half const*, __half*, int, int, int)",128,8704,0,208,0,128,"LDSBankConflict",12.500000,2081186938739,2081187100001
57,57,"Agent 1",1,19214,19214,2048,17,"pk_gemm(__half const*, __half const*, __half*, int, int, int)",128,8704,0,208,0,128,"MeanOccupancyPerCU",1.547765,2081186938739,2081187100001
57,57,"Agent 1",1,19214,19214,2048,17,"pk_gemm(__half const*, __half const*, __half*, int, int, int)",128,8704,0,208,0,128,"SQ_INSTS_LDS",163840.000000,2081186938739,2081187100001
57,57,"Agent 1",1,19214,19214,2048,17,"pk_gemm(__half const*, __half const*, __half*, int, int, int)",128,8704,0,208,0,128,"SQ_INST_LEVEL_LDS",14693.000000,2081186938739,2081187100001
57,57,"Agent 1",1,19214,19214,2048,17,"pk_gemm(__half const*, __half const*, __half*, int, int, int)",128,8704,0,208,0,128,"SQ_WAIT_INST_LDS",0.00000000e+00,2081186938739,2081187100001
58,58,"Agent 1",1,19214,19214,2048,17,"pk_gemm(__half const*, __half const*, __half*, int, int, int)",128,8704,0,208,0,128,"ALUStalledByLDS",0.00000000e+00,2081187134666,2081187298091
58,58,"Agent 1",1,19214,19214,2048,17,"pk_gemm(__half const*, __half const*, __half*, int, int, int)",128,8704,0,208,0,128,"LDSBankConflict",12.500000,2081187134666,2081187298091
58,58,"Agent 1",1,19214,19214,2048,17,"pk_gemm(__half const*, __half const*, __half*, int, int, int)",128,8704,0,208,0,128,"MeanOccupancyPerCU",1.545956,2081187134666,2081187298091
58,58,"Agent 1",1,19214,19214,2048,17,"pk_gemm(__half const*, __half const*, __half*, int, int, int)",128,8704,0,208,0,128,"SQ_INSTS_LDS",163840.000000,2081187134666,2081187298091
58,58,"Agent 1",1,19214,19214,2048,17,"pk_gemm(__half const*, __half const*, __half*, int, int, int)",128,8704,0,208,0,128,"SQ_INST_LEVEL_LDS",14805.000000,2081187134666,2081187298091
58,58,"Agent 1",1,19214,19214,2048,17,"pk_gemm(__half const*, __half const*, __half*, int, int, int)",128,8704,0,208,0,128,"SQ_WAIT_INST_LDS",0.00000000e+00,2081187134666,2081187298091
59,59,"Agent 1",1,19214,19214,2048,17,"pk_gemm(__half const*, __half const*, __half*, int, int, int)",128,8704,0,208,0,128,"ALUStalledByLDS",0.00000000e+00,2081187330913,2081187492936
59,59,"Agent 1",1,19214,19214,2048,17,"pk_gemm(__half const*, __half const*, __half*, int, int, int)",128,8704,0,208,0,128,"LDSBankConflict",12.500000,2081187330913,2081187492936
59,59,"Agent 1",1,19214,19214,2048,17,"pk_gemm(__half const*, __half const*, __half*, int, int, int)",128,8704,0,208,0,128,"MeanOccupancyPerCU",1.545828,2081187330913,2081187492936
59,59,"Agent 1",1,19214,19214,2048,17,"pk_gemm(__half const*, __half const*, __half*, int, int, int)",128,8704,0,208,0,128,"SQ_INSTS_LDS",163840.000000,2081187330913,2081187492936
59,59,"Agent 1",1,19214,19214,2048,17,"pk_gemm(__half const*, __half const*, __half*, int, int, int)",128,8704,0,208,0,128,"SQ_INST_LEVEL_LDS",15049.000000,2081187330913,2081187492936
59,59,"Agent 1",1,19214,19214,2048,17,"pk_gemm(__half const*, __half const*, __half*, int, int, int)",128,8704,0,208,0,128,"SQ_WAIT_INST_LDS",0.00000000e+00,2081187330913,2081187492936
60,60,"Agent 1",1,19214,19214,2048,17,"pk_gemm(__half const*, __half const*, __half*, int, int, int)",128,8704,0,208,0,128,"ALUStalledByLDS",0.00000000e+00,2081187523914,2081187686217
60,60,"Agent 1",1,19214,19214,2048,17,"pk_gemm(__half const*, __half const*, __half*, int, int, int)",128,8704,0,208,0,128,"LDSBankConflict",12.500000,2081187523914,2081187686217
60,60,"Agent 1",1,19214,19214,2048,17,"pk_gemm(__half const*, __half const*, __half*, int, int, int)",128,8704,0,208,0,128,"MeanOccupancyPerCU",1.548006,2081187523914,2081187686217
60,60,"Agent 1",1,19214,19214,2048,17,"pk_gemm(__half const*, __half const*, __half*, int, int, int)",128,8704,0,208,0,128,"SQ_INSTS_LDS",163840.000000,2081187523914,2081187686217
60,60,"Agent 1",1,19214,19214,2048,17,"pk_gemm(__half const*, __half const*, __half*, int, int, int)",128,8704,0,208,0,128,"SQ_INST_LEVEL_LDS",15205.000000,2081187523914,2081187686217
60,60,"Agent 1",1,19214,19214,2048,17,"pk_gemm(__half const*, __half const*, __half*, int, int, int)",128,8704,0,208,0,128,"SQ_WAIT_INST_LDS",0.00000000e+00,2081187523914,2081187686217
61,61,"Agent 1",1,19214,19214,2048,17,"pk_gemm(__half const*, __half const*, __half*, int, int, int)",128,8704,0,208,0,128,"ALUStalledByLDS",0.00000000e+00,2081187718117,2081187880260
61,61,"Agent 1",1,19214,19214,2048,17,"pk_gemm(__half const*, __half const*, __half*, int, int, int)",128,8704,0,208,0,128,"LDSBankConflict",12.500000,2081187718117,2081187880260
61,61,"Agent 1",1,19214,19214,2048,17,"pk_gemm(__half const*, __half const*, __half*, int, int, int)",128,8704,0,208,0,128,"MeanOccupancyPerCU",1.543087,2081187718117,2081187880260
61,61,"Agent 1",1,19214,19214,2048,17,"pk_gemm(__half const*, __half const*, __half*, int, int, int)",128,8704,0,208,0,128,"SQ_INSTS_LDS",163840.000000,2081187718117,2081187880260
61,61,"Agent 1",1,19214,19214,2048,17,"pk_gemm(__half const*, __half const*, __half*, int, int, int)",128,8704,0,208,0,128,"SQ_INST_LEVEL_LDS",15092.000000,2081187718117,2081187880260
61,61,"Agent 1",1,19214,19214,2048,17,"pk_gemm(__half const*, __half const*, __half*, int, int, int)",128,8704,0,208,0,128,"SQ_WAIT_INST_LDS",0.00000000e+00,2081187718117,2081187880260
62,62,"Agent 1",1,19214,19214,2048,17,"pk_gemm(__half const*, __half const*, __half*, int, int, int)",128,8704,0,208,0,128,"ALUStalledByLDS",0.00000000e+00,2081187911559,2081188073662
62,62,"Agent 1",1,19214,19214,2048,17,"pk_gemm(__half const*, __half const*, __half*, int, int, int)",128,8704,0,208,0,128,"LDSBankConflict",12.500000,2081187911559,2081188073662
62,62,"Agent 1",1,19214,19214,2048,17,"pk_gemm(__half const*, __half const*, __half*, int, int, int)",128,8704,0,208,0,128,"MeanOccupancyPerCU",1.545576,2081187911559,2081188073662
62,62,"Agent 1",1,19214,19214,2048,17,"pk_gemm(__half const*, __half const*, __half*, int, int, int)",128,8704,0,208,0,128,"SQ_INSTS_LDS",163840.000000,2081187911559,2081188073662
62,62,"Agent 1",1,19214,19214,2048,17,"pk_gemm(__half const*, __half const*, __half*, int, int, int)",128,8704,0,208,0,128,"SQ_INST_LEVEL_LDS",14569.000000,2081187911559,2081188073662
62,62,"Agent 1",1,19214,19214,2048,17,"pk_gemm(__half const*, __half const*, __half*, int, int, int)",128,8704,0,208,0,128,"SQ_WAIT_INST_LDS",0.00000000e+00,2081187911559,2081188073662
63,63,"Agent 1",1,19214,19214,2048,17,"pk_gemm(__half const*, __half const*, __half*, int, int, int)",128,8704,0,208,0,128,"ALUStalledByLDS",0.00000000e+00,2081188105522,2081188268907
63,63,"Agent 1",1,19214,19214,2048,17,"pk_gemm(__half const*, __half const*, __half*, int, int, int)",128,8704,0,208,0,128,"LDSBankConflict",12.500000,2081188105522,2081188268907
63,63,"Agent 1",1,19214,19214,2048,17,"pk_gemm(__half const*, __half const*, __half*, int, int, int)",128,8704,0,208,0,128,"MeanOccupancyPerCU",1.544185,2081188105522,2081188268907
63,63,"Agent 1",1,19214,19214,2048,17,"pk_gemm(__half const*, __half const*, __half*, int, int, int)",128,8704,0,208,0,128,"SQ_INSTS_LDS",163840.000000,2081188105522,2081188268907
63,63,"Agent 1",1,19214,19214,2048,17,"pk_gemm(__half const*, __half const*, __half*, int, int, int)",128,8704,0,208,0,128,"SQ_INST_LEVEL_LDS",14583.000000,2081188105522,2081188268907
63,63,"Agent 1",1,19214,19214,2048,17,"pk_gemm(__half const*, __half const*, __half*, int, int, int)",128,8704,0,208,0,128,"SQ_WAIT_INST_LDS",0.00000000e+00,2081188105522,2081188268907
64,64,"Agent 1",1,19214,19214,2048,17,"pk_gemm(__half const*, __half const*, __half*, int, int, int)",128,8704,0,208,0,128,"ALUStalledByLDS",0.00000000e+00,2081188300366,2081188461828
64,64,"Agent 1",1,19214,19214,2048,17,"pk_gemm(__half const*, __half const*, __half*, int, int, int)",128,8704,0,208,0,128,"LDSBankConflict",12.500000,2081188300366,2081188461828
64,64,"Agent 1",1,19214,19214,2048,17,"pk_gemm(__half const*, __half const*, __half*, int, int, int)",128,8704,0,208,0,128,"MeanOccupancyPerCU",1.546763,2081188300366,2081188461828
64,64,"Agent 1",1,19214,19214,2048,17,"pk_gemm(__half const*, __half const*, __half*, int, int, int)",128,8704,0,208,0,128,"SQ_INSTS_LDS",163840.000000,2081188300366,2081188461828
64,64,"Agent 1",1,19214,19214,2048,17,"pk_gemm(__half const*, __half const*, __half*, int, int, int)",128,8704,0,208,0,128,"SQ_INST_LEVEL_LDS",14748.000000,2081188300366,2081188461828
64,64,"Agent 1",1,19214,19214,2048,17,"pk_gemm(__half const*, __half const*, __half*, int, int, int)",128,8704,0,208,0,128,"SQ_WAIT_INST_LDS",0.00000000e+00,2081188300366,2081188461828
65,65,"Agent 1",1,19214,19214,2048,17,"pk_gemm(__half const*, __half const*, __half*, int, int, int)",128,8704,0,208,0,128,"ALUStalledByLDS",0.00000000e+00,2081188493087,2081188655511
65,65,"Agent 1",1,19214,19214,2048,17,"pk_gemm(__half const*, __half const*, __half*, int, int, int)",128,8704,0,208,0,128,"LDSBankConflict",12.500000,2081188493087,2081188655511
65,65,"Agent 1",1,19214,19214,2048,17,"pk_gemm(__half const*, __half const*, __half*, int, int, int)",128,8704,0,208,0,128,"MeanOccupancyPerCU",1.548874,2081188493087,2081188655511
65,65,"Agent 1",1,19214,19214,2048,17,"pk_gemm(__half const*, __half const*, __half*, int, int, int)",128,8704,0,208,0,128,"SQ_INSTS_LDS",163840.000000,2081188493087,2081188655511
65,65,"Agent 1",1,19214,19214,2048,17,"pk_gemm(__half const*, __half const*, __half*, int, int, int)",128,8704,0,208,0,128,"SQ_INST_LEVEL_LDS",14653.000000,2081188493087,2081188655511
65,65,"Agent 1",1,19214,19214,2048,17,"pk_gemm(__half const*, __half const*, __half*, int, int, int)",128,8704,0,208,0,128,"SQ_WAIT_INST_LDS",0.00000000e+00,2081188493087,2081188655511
66,66,"Agent 1",1,19214,19214,2048,17,"pk_gemm(__half const*, __half const*, __half*, int, int, int)",128,8704,0,208,0,128,"ALUStalledByLDS",0.00000000e+00,2081188686449,2081188847951
66,66,"Agent 1",1,19214,19214,2048,17,"pk_gemm(__half const*, __half const*, __half*, int, int, int)",128,8704,0,208,0,128,"LDSBankConflict",12.500000,2081188686449,2081188847951
66,66,"Agent 1",1,19214,19214,2048,17,"pk_gemm(__half const*, __half const*, __half*, int, int, int)",128,8704,0,208,0,128,"MeanOccupancyPerCU",1.546400,2081188686449,2081188847951
66,66,"Agent 1",1,19214,19214,2048,17,"pk_gemm(__half const*, __half const*, __half*, int, int, int)",128,8704,0,208,0,128,"SQ_INSTS_LDS",163840.000000,2081188686449,2081188847951
66,66,"Agent 1",1,19214,19214,2048,17,"pk_gemm(__half const*, __half const*, __half*, int, int, int)",128,8704,0,208,0,128,"SQ_INST_LEVEL_LDS",14985.000000,2081188686449,2081188847951
66,66,"Agent 1",1,19214,19214,2048,17,"pk_gemm(__half const*, __half const*, __half*, int, int, int)",128,8704,0,208,0,128,"SQ_WAIT_INST_LDS",0.00000000e+00,2081188686449,2081188847951
67,67,"Agent 1",1,19214,19214,2048,17,"pk_gemm(__half const*, __half const*, __half*, int, int, int)",128,8704,0,208,0,128,"ALUStalledByLDS",0.00000000e+00,2081188879369,2081189041192
67,67,"Agent 1",1,19214,19214,2048,17,"pk_gemm(__half const*, __half const*, __half*, int, int, int)",128,8704,0,208,0,128,"LDSBankConflict",12.500000,2081188879369,2081189041192
67,67,"Agent 1",1,19214,19214,2048,17,"pk_gemm(__half const*, __half const*, __half*, int, int, int)",128,8704,0,208,0,128,"MeanOccupancyPerCU",1.543732,2081188879369,2081189041192
67,67,"Agent 1",1,19214,19214,2048,17,"pk_gemm(__half const*, __half const*, __half*, int, int, int)",128,8704,0,208,0,128,"SQ_INSTS_LDS",163840.000000,2081188879369,2081189041192
67,67,"Agent 1",1,19214,19214,2048,17,"pk_gemm(__half const*, __half const*, __half*, int, int, int)",128,8704,0,208,0,128,"SQ_INST_LEVEL_LDS",14893.000000,2081188879369,2081189041192
67,67,"Agent 1",1,19214,19214,2048,17,"pk_gemm(__half const*, __half const*, __half*, int, int, int)",128,8704,0,208,0,128,"SQ_WAIT_INST_LDS",0.00000000e+00,2081188879369,2081189041192
68,68,"Agent 1",1,19214,19214,2048,17,"pk_gemm(__half const*, __half const*, __half*, int, int, int)",128,8704,0,208,0,128,"ALUStalledByLDS",0.00000000e+00,2081189071208,2081189233632
68,68,"Agent 1",1,19214,19214,2048,17,"pk_gemm(__half const*, __half const*, __half*, int, int, int)",128,8704,0,208,0,128,"LDSBankConflict",12.500000,2081189071208,2081189233632
68,68,"Agent 1",1,19214,19214,2048,17,"pk_gemm(__half const*, __half const*, __half*, int, int, int)",128,8704,0,208,0,128,"MeanOccupancyPerCU",1.547374,2081189071208,2081189233632
68,68,"Agent 1",1,19214,19214,2048,17,"pk_gemm(__half const*, __half const*, __half*, int, int, int)",128,8704,0,208,0,128,"SQ_INSTS_LDS",163840.000000,2081189071208,2081189233632
68,68,"Agent 1",1,19214,19214,2048,17,"pk_gemm(__half const*, __half const*, __half*, int, int, int)",128,8704,0,208,0,128,"SQ_INST_LEVEL_LDS",14991.000000,2081189071208,2081189233632
68,68,"Agent 1",1,19214,19214,2048,17,"pk_gemm(__half const*, __half const*, __half*, int, int, int)",128,8704,0,208,0,128,"SQ_WAIT_INST_LDS",0.00000000e+00,2081189071208,2081189233632
69,69,"Agent 1",1,19214,19214,2048,17,"pk_gemm(__half const*, __half const*, __half*, int, int, int)",128,8704,0,208,0,128,"ALUStalledByLDS",0.00000000e+00,2081189264490,2081189425792
69,69,"Agent 1",1,19214,19214,2048,17,"pk_gemm(__half const*, __half const*, __half*, int, int, int)",128,8704,0,208,0,128,"LDSBankConflict",12.500000,2081189264490,2081189425792
69,69,"Agent 1",1,19214,19214,2048,17,"pk_gemm(__half const*, __half const*, __half*, int, int, int)",128,8704,0,208,0,128,"MeanOccupancyPerCU",1.547291,2081189264490,2081189425792
69,69,"Agent 1",1,19214,19214,2048,17,"pk_gemm(__half const*, __half const*, __half*, int, int, int)",128,8704,0,208,0,128,"SQ_INSTS_LDS",163840.000000,2081189264490,2081189425792
69,69,"Agent 1",1,19214,19214,2048,17,"pk_gemm(__half const*, __half const*, __half*, int, int, int)",128,8704,0,208,0,128,"SQ_INST_LEVEL_LDS",14884.000000,2081189264490,2081189425792
69,69,"Agent 1",1,19214,19214,2048,17,"pk_gemm(__half const*, __half const*, __half*, int, int, int)",128,8704,0,208,0,128,"SQ_WAIT_INST_LDS",0.00000000e+00,2081189264490,2081189425792
70,70,"Agent 1",1,19214,19214,2048,17,"pk_gemm(__half const*, __half const*, __half*, int, int, int)",128,8704,0,208,0,128,"ALUStalledByLDS",0.00000000e+00,2081189486185,2081189648689
70,70,"Agent 1",1,19214,19214,2048,17,"pk_gemm(__half const*, __half const*, __half*, int, int, int)",128,8704,0,208,0,128,"LDSBankConflict",12.500000,2081189486185,2081189648689
70,70,"Agent 1",1,19214,19214,2048,17,"pk_gemm(__half const*, __half const*, __half*, int, int, int)",128,8704,0,208,0,128,"MeanOccupancyPerCU",1.547210,2081189486185,2081189648689
70,70,"Agent 1",1,19214,19214,2048,17,"pk_gemm(__half const*, __half const*, __half*, int, int, int)",128,8704,0,208,0,128,"SQ_INSTS_LDS",163840.000000,2081189486185,2081189648689
70,70,"Agent 1",1,19214,19214,2048,17,"pk_gemm(__half const*, __half const*, __half*, int, int, int)",128,8704,0,208,0,128,"SQ_INST_LEVEL_LDS",14788.000000,2081189486185,2081189648689
70,70,"Agent 1",1,19214,19214,2048,17,"pk_gemm(__half const*, __half const*, __half*, int, int, int)",128,8704,0,208,0,128,"SQ_WAIT_INST_LDS",0.00000000e+00,2081189486185,2081189648689
71,71,"Agent 1",1,19214,19214,2048,17,"pk_gemm(__half const*, __half const*, __half*, int, int, int)",128,8704,0,208,0,128,"ALUStalledByLDS",0.00000000e+00,2081189684275,2081189845497
71,71,"Agent 1",1,19214,19214,2048,17,"pk_gemm(__half const*, __half const*, __half*, int, int, int)",128,8704,0,208,0,128,"LDSBankConflict",12.500000,2081189684275,2081189845497
71,71,"Agent 1",1,19214,19214,2048,17,"pk_gemm(__half const*, __half const*, __half*, int, int, int)",128,8704,0,208,0,128,"MeanOccupancyPerCU",1.545910,2081189684275,2081189845497
71,71,"Agent 1",1,19214,19214,2048,17,"pk_gemm(__half const*, __half const*, __half*, int, int, int)",128,8704,0,208,0,128,"SQ_INSTS_LDS",163840.000000,2081189684275,2081189845497
71,71,"Agent 1",1,19214,19214,2048,17,"pk_gemm(__half const*, __half const*, __half*, int, int, int)",128,8704,0,208,0,128,"SQ_INST_LEVEL_LDS",14531.000000,2081189684275,2081189845497
71,71,"Agent 1",1,19214,19214,2048,17,"pk_gemm(__half const*, __half const*, __half*, int, int, int)",128,8704,0,208,0,128,"SQ_WAIT_INST_LDS",0.00000000e+00,2081189684275,2081189845497
72,72,"Agent 1",1,19214,19214,2048,17,"pk_gemm(__half const*, __half const*, __half*, int, int, int)",128,8704,0,208,0,128,"ALUStalledByLDS",0.00000000e+00,2081189878238,2081190040301
72,72,"Agent 1",1,19214,19214,2048,17,"pk_gemm(__half const*, __half const*, __half*, int, int, int)",128,8704,0,208,0,128,"LDSBankConflict",12.500000,2081189878238,2081190040301
72,72,"Agent 1",1,19214,19214,2048,17,"pk_gemm(__half const*, __half const*, __half*, int, int, int)",128,8704,0,208,0,128,"MeanOccupancyPerCU",1.545966,2081189878238,2081190040301
72,72,"Agent 1",1,19214,19214,2048,17,"pk_gemm(__half const*, __half const*, __half*, int, int, int)",128,8704,0,208,0,128,"SQ_INSTS_LDS",163840.000000,2081189878238,2081190040301
72,72,"Agent 1",1,19214,19214,2048,17,"pk_gemm(__half const*, __half const*, __half*, int, int, int)",128,8704,0,208,0,128,"SQ_INST_LEVEL_LDS",14596.000000,2081189878238,2081190040301
72,72,"Agent 1",1,19214,19214,2048,17,"pk_gemm(__half const*, __half const*, __half*, int, int, int)",128,8704,0,208,0,128,"SQ_WAIT_INST_LDS",0.00000000e+00,2081189878238,2081190040301
73,73,"Agent 1",1,19214,19214,2048,17,"pk_gemm(__half const*, __half const*, __half*, int, int, int)",128,8704,0,208,0,128,"ALUStalledByLDS",0.00000000e+00,2081190074846,2081190238191
73,73,"Agent 1",1,19214,19214,2048,17,"pk_gemm(__half const*, __half const*, __half*, int, int, int)",128,8704,0,208,0,128,"LDSBankConflict",12.500000,2081190074846,2081190238191
73,73,"Agent 1",1,19214,19214,2048,17,"pk_gemm(__half const*, __half const*, __half*, int, int, int)",128,8704,0,208,0,128,"MeanOccupancyPerCU",1.544879,2081190074846,2081190238191
73,73,"Agent 1",1,19214,19214,2048,17,"pk_gemm(__half const*, __half const*, __half*, int, int, int)",128,8704,0,208,0,128,"SQ_INSTS_LDS",163840.000000,2081190074846,2081190238191
73,73,"Agent 1",1,19214,19214,2048,17,"pk_gemm(__half const*, __half const*, __half*, int, int, int)",128,8704,0,208,0,128,"SQ_INST_LEVEL_LDS",14878.000000,2081190074846,2081190238191
73,73,"Agent 1",1,19214,19214,2048,17,"pk_gemm(__half const*, __half const*, __half*, int, int, int)",128,8704,0,208,0,128,"SQ_WAIT_INST_LDS",0.00000000e+00,2081190074846,2081190238191
74,74,"Agent 1",1,19214,19214,2048,17,"pk_gemm(__half const*, __half const*, __half*, int, int, int)",128,8704,0,208,0,128,"ALUStalledByLDS",0.00000000e+00,2081190273337,2081190565163
74,74,"Agent 1",1,19214,19214,2048,17,"pk_gemm(__half const*, __half const*, __half*, int, int, int)",128,8704,0,208,0,128,"LDSBankConflict",12.448335,2081190273337,2081190565163
74,74,"Agent 1",1,19214,19214,2048,17,"pk_gemm(__half const*, __half const*, __half*, int, int, int)",128,8704,0,208,0,128,"MeanOccupancyPerCU",1.333722,2081190273337,2081190565163
74,74,"Agent 1",1,19214,19214,2048,17,"pk_gemm(__half const*, __half const*, __half*, int, int, int)",128,8704,0,208,0,128,"SQ_INSTS_LDS",166016.000000,2081190273337,2081190565163
74,74,"Agent 1",1,19214,19214,2048,17,"pk_gemm(__half const*, __half const*, __half*, int, int, int)",128,8704,0,208,0,128,"SQ_INST_LEVEL_LDS",15385.000000,2081190273337,2081190565163
74,74,"Agent 1",1,19214,19214,2048,17,"pk_gemm(__half const*, __half const*, __half*, int, int, int)",128,8704,0,208,0,128,"SQ_WAIT_INST_LDS",0.00000000e+00,2081190273337,2081190565163
75,75,"Agent 1",1,19214,19214,2048,17,"pk_gemm(__half const*, __half const*, __half*, int, int, int)",128,8704,0,208,0,128,"ALUStalledByLDS",0.00000000e+00,2081190603795,2081190768022
75,75,"Agent 1",1,19214,19214,2048,17,"pk_gemm(__half const*, __half const*, __half*, int, int, int)",128,8704,0,208,0,128,"LDSBankConflict",12.500000,2081190603795,2081190768022
75,75,"Agent 1",1,19214,19214,2048,17,"pk_gemm(__half const*, __half const*, __half*, int, int, int)",128,8704,0,208,0,128,"MeanOccupancyPerCU",1.514373,2081190603795,2081190768022
75,75,"Agent 1",1,19214,19214,2048,17,"pk_gemm(__half const*, __half const*, __half*, int, int, int)",128,8704,0,208,0,128,"SQ_INSTS_LDS",163840.000000,2081190603795,2081190768022
75,75,"Agent 1",1,19214,19214,2048,17,"pk_gemm(__half const*, __half const*, __half*, int, int, int)",128,8704,0,208,0,128,"SQ_INST_LEVEL_LDS",14776.000000,2081190603795,2081190768022
75,75,"Agent 1",1,19214,19214,2048,17,"pk_gemm(__half const*, __half const*, __half*, int, int, int)",128,8704,0,208,0,128,"SQ_WAIT_INST_LDS",0.00000000e+00,2081190603795,2081190768022
76,76,"Agent 1",1,19214,19214,2048,17,"pk_gemm(__half const*, __half const*, __half*, int, int, int)",128,8704,0,208,0,128,"ALUStalledByLDS",0.00000000e+00,2081190803809,2081190966594
76,76,"Agent 1",1,19214,19214,2048,17,"pk_gemm(__half const*, __half const*, __half*, int, int, int)",128,8704,0,208,0,128,"LDSBankConflict",12.500000,2081190803809,2081190966594
76,76,"Agent 1",1,19214,19214,2048,17,"pk_gemm(__half const*, __half const*, __half*, int, int, int)",128,8704,0,208,0,128,"MeanOccupancyPerCU",1.543639,2081190803809,2081190966594
76,76,"Agent 1",1,19214,19214,2048,17,"pk_gemm(__half const*, __half const*, __half*, int, int, int)",128,8704,0,208,0,128,"SQ_INSTS_LDS",163840.000000,2081190803809,2081190966594
76,76,"Agent 1",1,19214,19214,2048,17,"pk_gemm(__half const*, __half const*, __half*, int, int, int)",128,8704,0,208,0,128,"SQ_INST_LEVEL_LDS",15035.000000,2081190803809,2081190966594
76,76,"Agent 1",1,19214,19214,2048,17,"pk_gemm(__half const*, __half const*, __half*, int, int, int)",128,8704,0,208,0,128,"SQ_WAIT_INST_LDS",0.00000000e+00,2081190803809,2081190966594
77,77,"Agent 1",1,19214,19214,2048,17,"pk_gemm(__half const*, __half const*, __half*, int, int, int)",128,8704,0,208,0,128,"ALUStalledByLDS",0.00000000e+00,2081191001980,2081191163522
77,77,"Agent 1",1,19214,19214,2048,17,"pk_gemm(__half const*, __half const*, __half*, int, int, int)",128,8704,0,208,0,128,"LDSBankConflict",12.500000,2081191001980,2081191163522
77,77,"Agent 1",1,19214,19214,2048,17,"pk_gemm(__half const*, __half const*, __half*, int, int, int)",128,8704,0,208,0,128,"MeanOccupancyPerCU",1.545252,2081191001980,2081191163522
77,77,"Agent 1",1,19214,19214,2048,17,"pk_gemm(__half const*, __half const*, __half*, int, int, int)",128,8704,0,208,0,128,"SQ_INSTS_LDS",163840.000000,2081191001980,2081191163522
77,77,"Agent 1",1,19214,19214,2048,17,"pk_gemm(__half const*, __half const*, __half*, int, int, int)",128,8704,0,208,0,128,"SQ_INST_LEVEL_LDS",14910.000000,2081191001980,2081191163522
77,77,"Agent 1",1,19214,19214,2048,17,"pk_gemm(__half const*, __half const*, __half*, int, int, int)",128,8704,0,208,0,128,"SQ_WAIT_INST_LDS",0.00000000e+00,2081191001980,2081191163522
78,78,"Agent 1",1,19214,19214,2048,17,"pk_gemm(__half const*, __half const*, __half*, int, int, int)",128,8704,0,208,0,128,"ALUStalledByLDS",0.00000000e+00,2081191197506,2081191359890
78,78,"Agent 1",1,19214,19214,2048,17,"pk_gemm(__half const*, __half const*, __half*, int, int, int)",128,8704,0,208,0,128,"LDSBankConflict",12.500000,2081191197506,2081191359890
78,78,"Agent 1",1,19214,19214,2048,17,"pk_gemm(__half const*, __half const*, __half*, int, int, int)",128,8704,0,208,0,128,"MeanOccupancyPerCU",1.547648,2081191197506,2081191359890
78,78,"Agent 1",1,19214,19214,2048,17,"pk_gemm(__half const*, __half const*, __half*, int, int, int)",128,8704,0,208,0,128,"SQ_INSTS_LDS",163840.000000,2081191197506,2081191359890
78,78,"Agent 1",1,19214,19214,2048,17,"pk_gemm(__half const*, __half const*, __half*, int, int, int)",128,8704,0,208,0,128,"SQ_INST_LEVEL_LDS",14809.000000,2081191197506,2081191359890
78,78,"Agent 1",1,19214,19214,2048,17,"pk_gemm(__half const*, __half const*, __half*, int, int, int)",128,8704,0,208,0,128,"SQ_WAIT_INST_LDS",0.00000000e+00,2081191197506,2081191359890
79,79,"Agent 1",1,19214,19214,2048,17,"pk_gemm(__half const*, __half const*, __half*, int, int, int)",128,8704,0,208,0,128,"ALUStalledByLDS",0.00000000e+00,2081191393833,2081191555496
79,79,"Agent 1",1,19214,19214,2048,17,"pk_gemm(__half const*, __half const*, __half*, int, int, int)",128,8704,0,208,0,128,"LDSBankConflict",12.500000,2081191393833,2081191555496
79,79,"Agent 1",1,19214,19214,2048,17,"pk_gemm(__half const*, __half const*, __half*, int, int, int)",128,8704,0,208,0,128,"MeanOccupancyPerCU",1.545709,2081191393833,2081191555496
79,79,"Agent 1",1,19214,19214,2048,17,"pk_gemm(__half const*, __half const*, __half*, int, int, int)",128,8704,0,208,0,128,"SQ_INSTS_LDS",163840.000000,2081191393833,2081191555496
79,79,"Agent 1",1,19214,19214,2048,17,"pk_gemm(__half const*, __half const*, __half*, int, int, int)",128,8704,0,208,0,128,"SQ_INST_LEVEL_LDS",14824.000000,2081191393833,2081191555496
79,79,"Agent 1",1,19214,19214,2048,17,"pk_gemm(__half const*, __half const*, __half*, int, int, int)",128,8704,0,208,0,128,"SQ_WAIT_INST_LDS",0.00000000e+00,2081191393833,2081191555496
80,80,"Agent 1",1,19214,19214,2048,17,"pk_gemm(__half const*, __half const*, __half*, int, int, int)",128,8704,0,208,0,128,"ALUStalledByLDS",0.00000000e+00,2081191590441,2081191751663
80,80,"Agent 1",1,19214,19214,2048,17,"pk_gemm(__half const*, __half const*, __half*, int, int, int)",128,8704,0,208,0,128,"LDSBankConflict",12.500000,2081191590441,2081191751663
80,80,"Agent 1",1,19214,19214,2048,17,"pk_gemm(__half const*, __half const*, __half*, int, int, int)",128,8704,0,208,0,128,"MeanOccupancyPerCU",1.547977,2081191590441,2081191751663
80,80,"Agent 1",1,19214,19214,2048,17,"pk_gemm(__half const*, __half const*, __half*, int, int, int)",128,8704,0,208,0,128,"SQ_INSTS_LDS",163840.000000,2081191590441,2081191751663
80,80,"Agent 1",1,19214,19214,2048,17,"pk_gemm(__half const*, __half const*, __half*, int, int, int)",128,8704,0,208,0,128,"SQ_INST_LEVEL_LDS",14850.000000,2081191590441,2081191751663
80,80,"Agent 1",1,19214,19214,2048,17,"pk_gemm(__half const*, __half const*, __half*, int, int, int)",128,8704,0,208,0,128,"SQ_WAIT_INST_LDS",0.00000000e+00,2081191590441,2081191751663
81,81,"Agent 1",1,19214,19214,2048,17,"pk_gemm(__half const*, __half const*, __half*, int, int, int)",128,8704,0,208,0,128,"ALUStalledByLDS",0.00000000e+00,2081191787289,2081191950475
81,81,"Agent 1",1,19214,19214,2048,17,"pk_gemm(__half const*, __half const*, __half*, int, int, int)",128,8704,0,208,0,128,"LDSBankConflict",12.500000,2081191787289,2081191950475
81,81,"Agent 1",1,19214,19214,2048,17,"pk_gemm(__half const*, __half const*, __half*, int, int, int)",128,8704,0,208,0,128,"MeanOccupancyPerCU",1.544570,2081191787289,2081191950475
81,81,"Agent 1",1,19214,19214,2048,17,"pk_gemm(__half const*, __half const*, __half*, int, int, int)",128,8704,0,208,0,128,"SQ_INSTS_LDS",163840.000000,2081191787289,2081191950475
81,81,"Agent 1",1,19214,19214,2048,17,"pk_gemm(__half const*, __half const*, __half*, int, int, int)",128,8704,0,208,0,128,"SQ_INST_LEVEL_LDS",14754.000000,2081191787289,2081191950475
81,81,"Agent 1",1,19214,19214,2048,17,"pk_gemm(__half const*, __half const*, __half*, int, int, int)",128,8704,0,208,0,128,"SQ_WAIT_INST_LDS",0.00000000e+00,2081191787289,2081191950475
82,82,"Agent 1",1,19214,19214,2048,17,"pk_gemm(__half const*, __half const*, __half*, int, int, int)",128,8704,0,208,0,128,"ALUStalledByLDS",0.00000000e+00,2081191985981,2081192147042
82,82,"Agent 1",1,19214,19214,2048,17,"pk_gemm(__half const*, __half const*, __half*, int, int, int)",128,8704,0,208,0,128,"LDSBankConflict",12.500000,2081191985981,2081192147042
82,82,"Agent 1",1,19214,19214,2048,17,"pk_gemm(__half const*, __half const*, __half*, int, int, int)",128,8704,0,208,0,128,"MeanOccupancyPerCU",1.546722,2081191985981,2081192147042
82,82,"Agent 1",1,19214,19214,2048,17,"pk_gemm(__half const*, __half const*, __half*, int, int, int)",128,8704,0,208,0,128,"SQ_INSTS_LDS",163840.000000,2081191985981,2081192147042
82,82,"Agent 1",1,19214,19214,2048,17,"pk_gemm(__half const*, __half const*, __half*, int, int, int)",128,8704,0,208,0,128,"SQ_INST_LEVEL_LDS",14662.000000,2081191985981,2081192147042
82,82,"Agent 1",1,19214,19214,2048,17,"pk_gemm(__half const*, __half const*, __half*, int, int, int)",128,8704,0,208,0,128,"SQ_WAIT_INST_LDS",0.00000000e+00,2081191985981,2081192147042
83,83,"Agent 1",1,19214,19214,2048,17,"pk_gemm(__half const*, __half const*, __half*, int, int, int)",128,8704,0,208,0,128,"ALUStalledByLDS",0.00000000e+00,2081192180986,2081192343650
83,83,"Agent 1",1,19214,19214,2048,17,"pk_gemm(__half const*, __half const*, __half*, int, int, int)",128,8704,0,208,0,128,"LDSBankConflict",12.500000,2081192180986,2081192343650
83,83,"Agent 1",1,19214,19214,2048,17,"pk_gemm(__half const*, __half const*, __half*, int, int, int)",128,8704,0,208,0,128,"MeanOccupancyPerCU",1.547715,2081192180986,2081192343650
83,83,"Agent 1",1,19214,19214,2048,17,"pk_gemm(__half const*, __half const*, __half*, int, int, int)",128,8704,0,208,0,128,"SQ_INSTS_LDS",163840.000000,2081192180986,2081192343650
83,83,"Agent 1",1,19214,19214,2048,17,"pk_gemm(__half const*, __half const*, __half*, int, int, int)",128,8704,0,208,0,128,"SQ_INST_LEVEL_LDS",15178.000000,2081192180986,2081192343650
83,83,"Agent 1",1,19214,19214,2048,17,"pk_gemm(__half const*, __half const*, __half*, int, int, int)",128,8704,0,208,0,128,"SQ_WAIT_INST_LDS",0.00000000e+00,2081192180986,2081192343650
84,84,"Agent 1",1,19214,19214,2048,17,"pk_gemm(__half const*, __half const*, __half*, int, int, int)",128,8704,0,208,0,128,"ALUStalledByLDS",0.00000000e+00,2081192378034,2081192539416
84,84,"Agent 1",1,19214,19214,2048,17,"pk_gemm(__half const*, __half const*, __half*, int, int, int)",128,8704,0,208,0,128,"LDSBankConflict",12.500000,2081192378034,2081192539416
84,84,"Agent 1",1,19214,19214,2048,17,"pk_gemm(__half const*, __half const*, __half*, int, int, int)",128,8704,0,208,0,128,"MeanOccupancyPerCU",1.544244,2081192378034,2081192539416
84,84,"Agent 1",1,19214,19214,2048,17,"pk_gemm(__half const*, __half const*, __half*, int, int, int)",128,8704,0,208,0,128,"SQ_INSTS_LDS",163840.000000,2081192378034,2081192539416
84,84,"Agent 1",1,19214,19214,2048,17,"pk_gemm(__half const*, __half const*, __half*, int, int, int)",128,8704,0,208,0,128,"SQ_INST_LEVEL_LDS",15152.000000,2081192378034,2081192539416
84,84,"Agent 1",1,19214,19214,2048,17,"pk_gemm(__half const*, __half const*, __half*, int, int, int)",128,8704,0,208,0,128,"SQ_WAIT_INST_LDS",0.00000000e+00,2081192378034,2081192539416
85,85,"Agent 1",1,19214,19214,2048,17,"pk_gemm(__half const*, __half const*, __half*, int, int, int)",128,8704,0,208,0,128,"ALUStalledByLDS",0.00000000e+00,2081192574201,2081192735663
85,85,"Agent 1",1,19214,19214,2048,17,"pk_gemm(__half const*, __half const*, __half*, int, int, int)",128,8704,0,208,0,128,"LDSBankConflict",12.500000,2081192574201,2081192735663
85,85,"Agent 1",1,19214,19214,2048,17,"pk_gemm(__half const*, __half const*, __half*, int, int, int)",128,8704,0,208,0,128,"MeanOccupancyPerCU",1.545762,2081192574201,2081192735663
85,85,"Agent 1",1,19214,19214,2048,17,"pk_gemm(__half const*, __half const*, __half*, int, int, int)",128,8704,0,208,0,128,"SQ_INSTS_LDS",163840.000000,2081192574201,2081192735663
85,85,"Agent 1",1,19214,19214,2048,17,"pk_gemm(__half const*, __half const*, __half*, int, int, int)",128,8704,0,208,0,128,"SQ_INST_LEVEL_LDS",14662.000000,2081192574201,2081192735663
85,85,"Agent 1",1,19214,19214,2048,17,"pk_gemm(__half const*, __half const*, __half*, int, int, int)",128,8704,0,208,0,128,"SQ_WAIT_INST_LDS",0.00000000e+00,2081192574201,2081192735663
86,86,"Agent 1",1,19214,19214,2048,17,"pk_gemm(__half const*, __half const*, __half*, int, int, int)",128,8704,0,208,0,128,"ALUStalledByLDS",0.00000000e+00,2081192768525,2081192931870
86,86,"Agent 1",1,19214,19214,2048,17,"pk_gemm(__half const*, __half const*, __half*, int, int, int)",128,8704,0,208,0,128,"LDSBankConflict",12.500000,2081192768525,2081192931870
86,86,"Agent 1",1,19214,19214,2048,17,"pk_gemm(__half const*, __half const*, __half*, int, int, int)",128,8704,0,208,0,128,"MeanOccupancyPerCU",1.546479,2081192768525,2081192931870
86,86,"Agent 1",1,19214,19214,2048,17,"pk_gemm(__half const*, __half const*, __half*, int, int, int)",128,8704,0,208,0,128,"SQ_INSTS_LDS",163840.000000,2081192768525,2081192931870
86,86,"Agent 1",1,19214,19214,2048,17,"pk_gemm(__half const*, __half const*, __half*, int, int, int)",128,8704,0,208,0,128,"SQ_INST_LEVEL_LDS",14725.000000,2081192768525,2081192931870
86,86,"Agent 1",1,19214,19214,2048,17,"pk_gemm(__half const*, __half const*, __half*, int, int, int)",128,8704,0,208,0,128,"SQ_WAIT_INST_LDS",0.00000000e+00,2081192768525,2081192931870
87,87,"Agent 1",1,19214,19214,2048,17,"pk_gemm(__half const*, __half const*, __half*, int, int, int)",128,8704,0,208,0,128,"ALUStalledByLDS",0.00000000e+00,2081192963369,2081193124591
87,87,"Agent 1",1,19214,19214,2048,17,"pk_gemm(__half const*, __half const*, __half*, int, int, int)",128,8704,0,208,0,128,"LDSBankConflict",12.500000,2081192963369,2081193124591
87,87,"Agent 1",1,19214,19214,2048,17,"pk_gemm(__half const*, __half const*, __half*, int, int, int)",128,8704,0,208,0,128,"MeanOccupancyPerCU",1.546084,2081192963369,2081193124591
87,87,"Agent 1",1,19214,19214,2048,17,"pk_gemm(__half const*, __half const*, __half*, int, int, int)",128,8704,0,208,0,128,"SQ_INSTS_LDS",163840.000000,2081192963369,2081193124591
87,87,"Agent 1",1,19214,19214,2048,17,"pk_gemm(__half const*, __half const*, __half*, int, int, int)",128,8704,0,208,0,128,"SQ_INST_LEVEL_LDS",14653.000000,2081192963369,2081193124591
87,87,"Agent 1",1,19214,19214,2048,17,"pk_gemm(__half const*, __half const*, __half*, int, int, int)",128,8704,0,208,0,128,"SQ_WAIT_INST_LDS",0.00000000e+00,2081192963369,2081193124591
88,88,"Agent 1",1,19214,19214,2048,17,"pk_gemm(__half const*, __half const*, __half*, int, int, int)",128,8704,0,208,0,128,"ALUStalledByLDS",0.00000000e+00,2081193156410,2081193318554
88,88,"Agent 1",1,19214,19214,2048,17,"pk_gemm(__half const*, __half const*, __half*, int, int, int)",128,8704,0,208,0,128,"LDSBankConflict",12.500000,2081193156410,2081193318554
88,88,"Agent 1",1,19214,19214,2048,17,"pk_gemm(__half const*, __half const*, __half*, int, int, int)",128,8704,0,208,0,128,"MeanOccupancyPerCU",1.546474,2081193156410,2081193318554
88,88,"Agent 1",1,19214,19214,2048,17,"pk_gemm(__half const*, __half const*, __half*, int, int, int)",128,8704,0,208,0,128,"SQ_INSTS_LDS",163840.000000,2081193156410,2081193318554
88,88,"Agent 1",1,19214,19214,2048,17,"pk_gemm(__half const*, __half const*, __half*, int, int, int)",128,8704,0,208,0,128,"SQ_INST_LEVEL_LDS",14881.000000,2081193156410,2081193318554
88,88,"Agent 1",1,19214,19214,2048,17,"pk_gemm(__half const*, __half const*, __half*, int, int, int)",128,8704,0,208,0,128,"SQ_WAIT_INST_LDS",0.00000000e+00,2081193156410,2081193318554
89,89,"Agent 1",1,19214,19214,2048,17,"pk_gemm(__half const*, __half const*, __half*, int, int, int)",128,8704,0,208,0,128,"ALUStalledByLDS",0.00000000e+00,2081193352137,2081193513839
89,89,"Agent 1",1,19214,19214,2048,17,"pk_gemm(__half const*, __half const*, __half*, int, int, int)",128,8704,0,208,0,128,"LDSBankConflict",12.500000,2081193352137,2081193513839
89,89,"Agent 1",1,19214,19214,2048,17,"pk_gemm(__half const*, __half const*, __half*, int, int, int)",128,8704,0,208,0,128,"MeanOccupancyPerCU",1.544408,2081193352137,2081193513839
89,89,"Agent 1",1,19214,19214,2048,17,"pk_gemm(__half const*, __half const*, __half*, int, int, int)",128,8704,0,208,0,128,"SQ_INSTS_LDS",163840.000000,2081193352137,2081193513839
89,89,"Agent 1",1,19214,19214,2048,17,"pk_gemm(__half const*, __half const*, __half*, int, int, int)",128,8704,0,208,0,128,"SQ_INST_LEVEL_LDS",14944.000000,2081193352137,2081193513839
89,89,"Agent 1",1,19214,19214,2048,17,"pk_gemm(__half const*, __half const*, __half*, int, int, int)",128,8704,0,208,0,128,"SQ_WAIT_INST_LDS",0.00000000e+00,2081193352137,2081193513839
90,90,"Agent 1",1,19214,19214,2048,17,"pk_gemm(__half const*, __half const*, __half*, int, int, int)",128,8704,0,208,0,128,"ALUStalledByLDS",0.00000000e+00,2081193546460,2081193707842
90,90,"Agent 1",1,19214,19214,2048,17,"pk_gemm(__half const*, __half const*, __half*, int, int, int)",128,8704,0,208,0,128,"LDSBankConflict",12.500000,2081193546460,2081193707842
90,90,"Agent 1",1,19214,19214,2048,17,"pk_gemm(__half const*, __half const*, __half*, int, int, int)",128,8704,0,208,0,128,"MeanOccupancyPerCU",1.545284,2081193546460,2081193707842
90,90,"Agent 1",1,19214,19214,2048,17,"pk_gemm(__half const*, __half const*, __half*, int, int, int)",128,8704,0,208,0,128,"SQ_INSTS_LDS",163840.000000,2081193546460,2081193707842
90,90,"Agent 1",1,19214,19214,2048,17,"pk_gemm(__half const*, __half const*, __half*, int, int, int)",128,8704,0,208,0,128,"SQ_INST_LEVEL_LDS",15138.000000,2081193546460,2081193707842
90,90,"Agent 1",1,19214,19214,2048,17,"pk_gemm(__half const*, __half const*, __half*, int, int, int)",128,8704,0,208,0,128,"SQ_WAIT_INST_LDS",0.00000000e+00,2081193546460,2081193707842
91,91,"Agent 1",1,19214,19214,2048,17,"pk_gemm(__half const*, __half const*, __half*, int, int, int)",128,8704,0,208,0,128,"ALUStalledByLDS",0.00000000e+00,2081193740223,2081193903248
91,91,"Agent 1",1,19214,19214,2048,17,"pk_gemm(__half const*, __half const*, __half*, int, int, int)",128,8704,0,208,0,128,"LDSBankConflict",12.500000,2081193740223,2081193903248
91,91,"Agent 1",1,19214,19214,2048,17,"pk_gemm(__half const*, __half const*, __half*, int, int, int)",128,8704,0,208,0,128,"MeanOccupancyPerCU",1.546678,2081193740223,2081193903248
91,91,"Agent 1",1,19214,19214,2048,17,"pk_gemm(__half const*, __half const*, __half*, int, int, int)",128,8704,0,208,0,128,"SQ_INSTS_LDS",163840.000000,2081193740223,2081193903248
91,91,"Agent 1",1,19214,19214,2048,17,"pk_gemm(__half const*, __half const*, __half*, int, int, int)",128,8704,0,208,0,128,"SQ_INST_LEVEL_LDS",14842.000000,2081193740223,2081193903248
91,91,"Agent 1",1,19214,19214,2048,17,"pk_gemm(__half const*, __half const*, __half*, int, int, int)",128,8704,0,208,0,128,"SQ_WAIT_INST_LDS",0.00000000e+00,2081193740223,2081193903248
92,92,"Agent 1",1,19214,19214,2048,17,"pk_gemm(__half const*, __half const*, __half*, int, int, int)",128,8704,0,208,0,128,"ALUStalledByLDS",0.00000000e+00,2081193935508,2081194096930
92,92,"Agent 1",1,19214,19214,2048,17,"pk_gemm(__half const*, __half const*, __half*, int, int, int)",128,8704,0,208,0,128,"LDSBankConflict",12.500000,2081193935508,2081194096930
92,92,"Agent 1",1,19214,19214,2048,17,"pk_gemm(__half const*, __half const*, __half*, int, int, int)",128,8704,0,208,0,128,"MeanOccupancyPerCU",1.545983,2081193935508,2081194096930
92,92,"Agent 1",1,19214,19214,2048,17,"pk_gemm(__half const*, __half const*, __half*, int, int, int)",128,8704,0,208,0,128,"SQ_INSTS_LDS",163840.000000,2081193935508,2081194096930
92,92,"Agent 1",1,19214,19214,2048,17,"pk_gemm(__half const*, __half const*, __half*, int, int, int)",128,8704,0,208,0,128,"SQ_INST_LEVEL_LDS",14638.000000,2081193935508,2081194096930
92,92,"Agent 1",1,19214,19214,2048,17,"pk_gemm(__half const*, __half const*, __half*, int, int, int)",128,8704,0,208,0,128,"SQ_WAIT_INST_LDS",0.00000000e+00,2081193935508,2081194096930
93,93,"Agent 1",1,19214,19214,2048,17,"pk_gemm(__half const*, __half const*, __half*, int, int, int)",128,8704,0,208,0,128,"ALUStalledByLDS",0.00000000e+00,2081194128268,2081194291013
93,93,"Agent 1",1,19214,19214,2048,17,"pk_gemm(__half const*, __half const*, __half*, int, int, int)",128,8704,0,208,0,128,"LDSBankConflict",12.500000,2081194128268,2081194291013
93,93,"Agent 1",1,19214,19214,2048,17,"pk_gemm(__half const*, __half const*, __half*, int, int, int)",128,8704,0,208,0,128,"MeanOccupancyPerCU",1.548739,2081194128268,2081194291013
93,93,"Agent 1",1,19214,19214,2048,17,"pk_gemm(__half const*, __half const*, __half*, int, int, int)",128,8704,0,208,0,128,"SQ_INSTS_LDS",163840.000000,2081194128268,2081194291013
93,93,"Agent 1",1,19214,19214,2048,17,"pk_gemm(__half const*, __half const*, __half*, int, int, int)",128,8704,0,208,0,128,"SQ_INST_LEVEL_LDS",15125.000000,2081194128268,2081194291013
93,93,"Agent 1",1,19214,19214,2048,17,"pk_gemm(__half const*, __half const*, __half*, int, int, int)",128,8704,0,208,0,128,"SQ_WAIT_INST_LDS",0.00000000e+00,2081194128268,2081194291013
94,94,"Agent 1",1,19214,19214,2048,17,"pk_gemm(__half const*, __half const*, __half*, int, int, int)",128,8704,0,208,0,128,"ALUStalledByLDS",0.00000000e+00,2081194322632,2081194484014
94,94,"Agent 1",1,19214,19214,2048,17,"pk_gemm(__half const*, __half const*, __half*, int, int, int)",128,8704,0,208,0,128,"LDSBankConflict",12.500000,2081194322632,2081194484014
94,94,"Agent 1",1,19214,19214,2048,17,"pk_gemm(__half const*, __half const*, __half*, int, int, int)",128,8704,0,208,0,128,"MeanOccupancyPerCU",1.546322,2081194322632,2081194484014
94,94,"Agent 1",1,19214,19214,2048,17,"pk_gemm(__half const*, __half const*, __half*, int, int, int)",128,8704,0,208,0,128,"SQ_INSTS_LDS",163840.000000,2081194322632,2081194484014
94,94,"Agent 1",1,19214,19214,2048,17,"pk_gemm(__half const*, __half const*, __half*, int, int, int)",128,8704,0,208,0,128,"SQ_INST_LEVEL_LDS",14698.000000,2081194322632,2081194484014
94,94,"Agent 1",1,19214,19214,2048,17,"pk_gemm(__half const*, __half const*, __half*, int, int, int)",128,8704,0,208,0,128,"SQ_WAIT_INST_LDS",0.00000000e+00,2081194322632,2081194484014
95,95,"Agent 1",1,19214,19214,2048,17,"pk_gemm(__half const*, __half const*, __half*, int, int, int)",128,8704,0,208,0,128,"ALUStalledByLDS",0.00000000e+00,2081194513950,2081194675292
95,95,"Agent 1",1,19214,19214,2048,17,"pk_gemm(__half const*, __half const*, __half*, int, int, int)",128,8704,0,208,0,128,"LDSBankConflict",12.500000,2081194513950,2081194675292
95,95,"Agent 1",1,19214,19214,2048,17,"pk_gemm(__half const*, __half const*, __half*, int, int, int)",128,8704,0,208,0,128,"MeanOccupancyPerCU",1.548294,2081194513950,2081194675292
95,95,"Agent 1",1,19214,19214,2048,17,"pk_gemm(__half const*, __half const*, __half*, int, int, int)",128,8704,0,208,0,128,"SQ_INSTS_LDS",163840.000000,2081194513950,2081194675292
95,95,"Agent 1",1,19214,19214,2048,17,"pk_gemm(__half const*, __half const*, __half*, int, int, int)",128,8704,0,208,0,128,"SQ_INST_LEVEL_LDS",15334.000000,2081194513950,2081194675292
95,95,"Agent 1",1,19214,19214,2048,17,"pk_gemm(__half const*, __half const*, __half*, int, int, int)",128,8704,0,208,0,128,"SQ_WAIT_INST_LDS",0.00000000e+00,2081194513950,2081194675292
96,96,"Agent 1",1,19214,19214,2048,17,"pk_gemm(__half const*, __half const*, __half*, int, int, int)",128,8704,0,208,0,128,"ALUStalledByLDS",0.00000000e+00,2081194705308,2081194868373
96,96,"Agent 1",1,19214,19214,2048,17,"pk_gemm(__half const*, __half const*, __half*, int, int, int)",128,8704,0,208,0,128,"LDSBankConflict",12.500000,2081194705308,2081194868373
96,96,"Agent 1",1,19214,19214,2048,17,"pk_gemm(__half const*, __half const*, __half*, int, int, int)",128,8704,0,208,0,128,"MeanOccupancyPerCU",1.545039,2081194705308,2081194868373
96,96,"Agent 1",1,19214,19214,2048,17,"pk_gemm(__half const*, __half const*, __half*, int, int, int)",128,8704,0,208,0,128,"SQ_INSTS_LDS",163840.000000,2081194705308,2081194868373
96,96,"Agent 1",1,19214,19214,2048,17,"pk_gemm(__half const*, __half const*, __half*, int, int, int)",128,8704,0,208,0,128,"SQ_INST_LEVEL_LDS",15037.000000,2081194705308,2081194868373
96,96,"Agent 1",1,19214,19214,2048,17,"pk_gemm(__half const*, __half const*, __half*, int, int, int)",128,8704,0,208,0,128,"SQ_WAIT_INST_LDS",0.00000000e+00,2081194705308,2081194868373
97,97,"Agent 1",1,19214,19214,2048,17,"pk_gemm(__half const*, __half const*, __half*, int, int, int)",128,8704,0,208,0,128,"ALUStalledByLDS",0.00000000e+00,2081194898710,2081195059811
97,97,"Agent 1",1,19214,19214,2048,17,"pk_gemm(__half const*, __half const*, __half*, int, int, int)",128,8704,0,208,0,128,"LDSBankConflict",12.500000,2081194898710,2081195059811
97,97,"Agent 1",1,19214,19214,2048,17,"pk_gemm(__half const*, __half const*, __half*, int, int, int)",128,8704,0,208,0,128,"MeanOccupancyPerCU",1.545729,2081194898710,2081195059811
97,97,"Agent 1",1,19214,19214,2048,17,"pk_gemm(__half const*, __half const*, __half*, int, int, int)",128,8704,0,208,0,128,"SQ_INSTS_LDS",163840.000000,2081194898710,2081195059811
97,97,"Agent 1",1,19214,19214,2048,17,"pk_gemm(__half const*, __half const*, __half*, int, int, int)",128,8704,0,208,0,128,"SQ_INST_LEVEL_LDS",14470.000000,2081194898710,2081195059811
97,97,"Agent 1",1,19214,19214,2048,17,"pk_gemm(__half const*, __half const*, __half*, int, int, int)",128,8704,0,208,0,128,"SQ_WAIT_INST_LDS",0.00000000e+00,2081194898710,2081195059811
98,98,"Agent 1",1,19214,19214,2048,17,"pk_gemm(__half const*, __half const*, __half*, int, int, int)",128,8704,0,208,0,128,"ALUStalledByLDS",0.00000000e+00,2081195089907,2081195252331
98,98,"Agent 1",1,19214,19214,2048,17,"pk_gemm(__half const*, __half const*, __half*, int, int, int)",128,8704,0,208,0,128,"LDSBankConflict",12.500000,2081195089907,2081195252331
98,98,"Agent 1",1,19214,19214,2048,17,"pk_gemm(__half const*, __half const*, __half*, int, int, int)",128,8704,0,208,0,128,"MeanOccupancyPerCU",1.548061,2081195089907,2081195252331
98,98,"Agent 1",1,19214,19214,2048,17,"pk_gemm(__half const*, __half const*, __half*, int, int, int)",128,8704,0,208,0,128,"SQ_INSTS_LDS",163840.000000,2081195089907,2081195252331
98,98,"Agent 1",1,19214,19214,2048,17,"pk_gemm(__half const*, __half const*, __half*, int, int, int)",128,8704,0,208,0,128,"SQ_INST_LEVEL_LDS",15002.000000,2081195089907,2081195252331
98,98,"Agent 1",1,19214,19214,2048,17,"pk_gemm(__half const*, __half const*, __half*, int, int, int)",128,8704,0,208,0,128,"SQ_WAIT_INST_LDS",0.00000000e+00,2081195089907,2081195252331
99,99,"Agent 1",1,19214,19214,2048,17,"pk_gemm(__half const*, __half const*, __half*, int, int, int)",128,8704,0,208,0,128,"ALUStalledByLDS",0.00000000e+00,2081195283149,2081195444411
99,99,"Agent 1",1,19214,19214,2048,17,"pk_gemm(__half const*, __half const*, __half*, int, int, int)",128,8704,0,208,0,128,"LDSBankConflict",12.500000,2081195283149,2081195444411
99,99,"Agent 1",1,19214,19214,2048,17,"pk_gemm(__half const*, __half const*, __half*, int, int, int)",128,8704,0,208,0,128,"MeanOccupancyPerCU",1.547193,2081195283149,2081195444411
99,99,"Agent 1",1,19214,19214,2048,17,"pk_gemm(__half const*, __half const*, __half*, int, int, int)",128,8704,0,208,0,128,"SQ_INSTS_LDS",163840.000000,2081195283149,2081195444411
99,99,"Agent 1",1,19214,19214,2048,17,"pk_gemm(__half const*, __half const*, __half*, int, int, int)",128,8704,0,208,0,128,"SQ_INST_LEVEL_LDS",14763.000000,2081195283149,2081195444411
99,99,"Agent 1",1,19214,19214,2048,17,"pk_gemm(__half const*, __half const*, __half*, int, int, int)",128,8704,0,208,0,128,"SQ_WAIT_INST_LDS",0.00000000e+00,2081195283149,2081195444411
100,100,"Agent 1",1,19214,19214,2048,17,"pk_gemm(__half const*, __half const*, __half*, int, int, int)",128,8704,0,208,0,128,"ALUStalledByLDS",0.00000000e+00,2081195508010,2081195669672
100,100,"Agent 1",1,19214,19214,2048,17,"pk_gemm(__half const*, __half const*, __half*, int, int, int)",128,8704,0,208,0,128,"LDSBankConflict",12.500000,2081195508010,2081195669672
100,100,"Agent 1",1,19214,19214,2048,17,"pk_gemm(__half const*, __half const*, __half*, int, int, int)",128,8704,0,208,0,128,"MeanOccupancyPerCU",1.546038,2081195508010,2081195669672
100,100,"Agent 1",1,19214,19214,2048,17,"pk_gemm(__half const*, __half const*, __half*, int, int, int)",128,8704,0,208,0,128,"SQ_INSTS_LDS",163840.000000,2081195508010,2081195669672
100,100,"Agent 1",1,19214,19214,2048,17,"pk_gemm(__half const*, __half const*, __half*, int, int, int)",128,8704,0,208,0,128,"SQ_INST_LEVEL_LDS",14996.000000,2081195508010,2081195669672
100,100,"Agent 1",1,19214,19214,2048,17,"pk_gemm(__half const*, __half const*, __half*, int, int, int)",128,8704,0,208,0,128,"SQ_WAIT_INST_LDS",0.00000000e+00,2081195508010,2081195669672
101,101,"Agent 1",1,19214,19214,2048,17,"pk_gemm(__half const*, __half const*, __half*, int, int, int)",128,8704,0,208,0,128,"ALUStalledByLDS",0.00000000e+00,2081195701051,2081195863675
101,101,"Agent 1",1,19214,19214,2048,17,"pk_gemm(__half const*, __half const*, __half*, int, int, int)",128,8704,0,208,0,128,"LDSBankConflict",12.500000,2081195701051,2081195863675
101,101,"Agent 1",1,19214,19214,2048,17,"pk_gemm(__half const*, __half const*, __half*, int, int, int)",128,8704,0,208,0,128,"MeanOccupancyPerCU",1.546063,2081195701051,2081195863675
101,101,"Agent 1",1,19214,19214,2048,17,"pk_gemm(__half const*, __half const*, __half*, int, int, int)",128,8704,0,208,0,128,"SQ_INSTS_LDS",163840.000000,2081195701051,2081195863675
101,101,"Agent 1",1,19214,19214,2048,17,"pk_gemm(__half const*, __half const*, __half*, int, int, int)",128,8704,0,208,0,128,"SQ_INST_LEVEL_LDS",14897.000000,2081195701051,2081195863675
101,101,"Agent 1",1,19214,19214,2048,17,"pk_gemm(__half const*, __half const*, __half*, int, int, int)",128,8704,0,208,0,128,"SQ_WAIT_INST_LDS",0.00000000e+00,2081195701051,2081195863675
102,102,"Agent 1",1,19214,19214,2048,17,"pk_gemm(__half const*, __half const*, __half*, int, int, int)",128,8704,0,208,0,128,"ALUStalledByLDS",0.00000000e+00,2081195896697,2081196058079
102,102,"Agent 1",1,19214,19214,2048,17,"pk_gemm(__half const*, __half const*, __half*, int, int, int)",128,8704,0,208,0,128,"LDSBankConflict",12.500000,2081195896697,2081196058079
102,102,"Agent 1",1,19214,19214,2048,17,"pk_gemm(__half const*, __half const*, __half*, int, int, int)",128,8704,0,208,0,128,"MeanOccupancyPerCU",1.543856,2081195896697,2081196058079
102,102,"Agent 1",1,19214,19214,2048,17,"pk_gemm(__half const*, __half const*, __half*, int, int, int)",128,8704,0,208,0,128,"SQ_INSTS_LDS",163840.000000,2081195896697,2081196058079
102,102,"Agent 1",1,19214,19214,2048,17,"pk_gemm(__half const*, __half const*, __half*, int, int, int)",128,8704,0,208,0,128,"SQ_INST_LEVEL_LDS",15050.000000,2081195896697,2081196058079
102,102,"Agent 1",1,19214,19214,2048,17,"pk_gemm(__half const*, __half const*, __half*, int, int, int)",128,8704,0,208,0,128,"SQ_WAIT_INST_LDS",0.00000000e+00,2081195896697,2081196058079
103,103,"Agent 1",1,19214,19214,2048,17,"pk_gemm(__half const*, __half const*, __half*, int, int, int)",128,8704,0,208,0,128,"ALUStalledByLDS",0.00000000e+00,2081196093946,2081196256850
103,103,"Agent 1",1,19214,19214,2048,17,"pk_gemm(__half const*, __half const*, __half*, int, int, int)",128,8704,0,208,0,128,"LDSBankConflict",12.500000,2081196093946,2081196256850
103,103,"Agent 1",1,19214,19214,2048,17,"pk_gemm(__half const*, __half const*, __half*, int, int, int)",128,8704,0,208,0,128,"MeanOccupancyPerCU",1.544101,2081196093946,2081196256850
103,103,"Agent 1",1,19214,19214,2048,17,"pk_gemm(__half const*, __half const*, __half*, int, int, int)",128,8704,0,208,0,128,"SQ_INSTS_LDS",163840.000000,2081196093946,2081196256850
103,103,"Agent 1",1,19214,19214,2048,17,"pk_gemm(__half const*, __half const*, __half*, int, int, int)",128,8704,0,208,0,128,"SQ_INST_LEVEL_LDS",14947.000000,2081196093946,2081196256850
103,103,"Agent 1",1,19214,19214,2048,17,"pk_gemm(__half const*, __half const*, __half*, int, int, int)",128,8704,0,208,0,128,"SQ_WAIT_INST_LDS",0.00000000e+00,2081196093946,2081196256850
104,104,"Agent 1",1,19214,19214,2048,17,"pk_gemm(__half const*, __half const*, __half*, int, int, int)",128,8704,0,208,0,128,"ALUStalledByLDS",0.00000000e+00,2081196289752,2081196450974
104,104,"Agent 1",1,19214,19214,2048,17,"pk_gemm(__half const*, __half const*, __half*, int, int, int)",128,8704,0,208,0,128,"LDSBankConflict",12.500000,2081196289752,2081196450974
104,104,"Agent 1",1,19214,19214,2048,17,"pk_gemm(__half const*, __half const*, __half*, int, int, int)",128,8704,0,208,0,128,"MeanOccupancyPerCU",1.546215,2081196289752,2081196450974
104,104,"Agent 1",1,19214,19214,2048,17,"pk_gemm(__half const*, __half const*, __half*, int, int, int)",128,8704,0,208,0,128,"SQ_INSTS_LDS",163840.000000,2081196289752,2081196450974
104,104,"Agent 1",1,19214,19214,2048,17,"pk_gemm(__half const*, __half const*, __half*, int, int, int)",128,8704,0,208,0,128,"SQ_INST_LEVEL_LDS",14908.000000,2081196289752,2081196450974
104,104,"Agent 1",1,19214,19214,2048,17,"pk_gemm(__half const*, __half const*, __half*, int, int, int)",128,8704,0,208,0,128,"SQ_WAIT_INST_LDS",0.00000000e+00,2081196289752,2081196450974
105,105,"Agent 1",1,19214,19214,2048,17,"pk_gemm(__half const*, __half const*, __half*, int, int, int)",128,8704,0,208,0,128,"ALUStalledByLDS",0.00000000e+00,2081196486119,2081196647702
105,105,"Agent 1",1,19214,19214,2048,17,"pk_gemm(__half const*, __half const*, __half*, int, int, int)",128,8704,0,208,0,128,"LDSBankConflict",12.500000,2081196486119,2081196647702
105,105,"Agent 1",1,19214,19214,2048,17,"pk_gemm(__half const*, __half const*, __half*, int, int, int)",128,8704,0,208,0,128,"MeanOccupancyPerCU",1.543850,2081196486119,2081196647702
105,105,"Agent 1",1,19214,19214,2048,17,"pk_gemm(__half const*, __half const*, __half*, int, int, int)",128,8704,0,208,0,128,"SQ_INSTS_LDS",163840.000000,2081196486119,2081196647702
105,105,"Agent 1",1,19214,19214,2048,17,"pk_gemm(__half const*, __half const*, __half*, int, int, int)",128,8704,0,208,0,128,"SQ_INST_LEVEL_LDS",14899.000000,2081196486119,2081196647702
105,105,"Agent 1",1,19214,19214,2048,17,"pk_gemm(__half const*, __half const*, __half*, int, int, int)",128,8704,0,208,0,128,"SQ_WAIT_INST_LDS",0.00000000e+00,2081196486119,2081196647702
106,106,"Agent 1",1,19214,19214,2048,17,"pk_gemm(__half const*, __half const*, __half*, int, int, int)",128,8704,0,208,0,128,"ALUStalledByLDS",0.00000000e+00,2081196681004,2081196844069
106,106,"Agent 1",1,19214,19214,2048,17,"pk_gemm(__half const*, __half const*, __half*, int, int, int)",128,8704,0,208,0,128,"LDSBankConflict",12.500000,2081196681004,2081196844069
106,106,"Agent 1",1,19214,19214,2048,17,"pk_gemm(__half const*, __half const*, __half*, int, int, int)",128,8704,0,208,0,128,"MeanOccupancyPerCU",1.544223,2081196681004,2081196844069
106,106,"Agent 1",1,19214,19214,2048,17,"pk_gemm(__half const*, __half const*, __half*, int, int, int)",128,8704,0,208,0,128,"SQ_INSTS_LDS",163840.000000,2081196681004,2081196844069
106,106,"Agent 1",1,19214,19214,2048,17,"pk_gemm(__half const*, __half const*, __half*, int, int, int)",128,8704,0,208,0,128,"SQ_INST_LEVEL_LDS",14879.000000,2081196681004,2081196844069
106,106,"Agent 1",1,19214,19214,2048,17,"pk_gemm(__half const*, __half const*, __half*, int, int, int)",128,8704,0,208,0,128,"SQ_WAIT_INST_LDS",0.00000000e+00,2081196681004,2081196844069
107,107,"Agent 1",1,19214,19214,2048,17,"pk_gemm(__half const*, __half const*, __half*, int, int, int)",128,8704,0,208,0,128,"ALUStalledByLDS",0.00000000e+00,2081196876289,2081197037952
107,107,"Agent 1",1,19214,19214,2048,17,"pk_gemm(__half const*, __half const*, __half*, int, int, int)",128,8704,0,208,0,128,"LDSBankConflict",12.500000,2081196876289,2081197037952
107,107,"Agent 1",1,19214,19214,2048,17,"pk_gemm(__half const*, __half const*, __half*, int, int, int)",128,8704,0,208,0,128,"MeanOccupancyPerCU",1.546149,2081196876289,2081197037952
107,107,"Agent 1",1,19214,19214,2048,17,"pk_gemm(__half const*, __half const*, __half*, int, int, int)",128,8704,0,208,0,128,"SQ_INSTS_LDS",163840.000000,2081196876289,2081197037952
107,107,"Agent 1",1,19214,19214,2048,17,"pk_gemm(__half const*, __half const*, __half*, int, int, int)",128,8704,0,208,0,128,"SQ_INST_LEVEL_LDS",14903.000000,2081196876289,2081197037952
107,107,"Agent 1",1,19214,19214,2048,17,"pk_gemm(__half const*, __half const*, __half*, int, int, int)",128,8704,0,208,0,128,"SQ_WAIT_INST_LDS",0.00000000e+00,2081196876289,2081197037952
108,108,"Agent 1",1,19214,19214,2048,17,"pk_gemm(__half const*, __half const*, __half*, int, int, int)",128,8704,0,208,0,128,"ALUStalledByLDS",0.00000000e+00,2081197072296,2081197234559
108,108,"Agent 1",1,19214,19214,2048,17,"pk_gemm(__half const*, __half const*, __half*, int, int, int)",128,8704,0,208,0,128,"LDSBankConflict",12.500000,2081197072296,2081197234559
108,108,"Agent 1",1,19214,19214,2048,17,"pk_gemm(__half const*, __half const*, __half*, int, int, int)",128,8704,0,208,0,128,"MeanOccupancyPerCU",1.547958,2081197072296,2081197234559
108,108,"Agent 1",1,19214,19214,2048,17,"pk_gemm(__half const*, __half const*, __half*, int, int, int)",128,8704,0,208,0,128,"SQ_INSTS_LDS",163840.000000,2081197072296,2081197234559
108,108,"Agent 1",1,19214,19214,2048,17,"pk_gemm(__half const*, __half const*, __half*, int, int, int)",128,8704,0,208,0,128,"SQ_INST_LEVEL_LDS",14709.000000,2081197072296,2081197234559
108,108,"Agent 1",1,19214,19214,2048,17,"pk_gemm(__half const*, __half const*, __half*, int, int, int)",128,8704,0,208,0,128,"SQ_WAIT_INST_LDS",0.00000000e+00,2081197072296,2081197234559
109,109,"Agent 1",1,19214,19214,2048,17,"pk_gemm(__half const*, __half const*, __half*, int, int, int)",128,8704,0,208,0,128,"ALUStalledByLDS",0.00000000e+00,2081197268623,2081197430165
109,109,"Agent 1",1,19214,19214,2048,17,"pk_gemm(__half const*, __half const*, __half*, int, int, int)",128,8704,0,208,0,128,"LDSBankConflict",12.500000,2081197268623,2081197430165
109,109,"Agent 1",1,19214,19214,2048,17,"pk_gemm(__half const*, __half const*, __half*, int, int, int)",128,8704,0,208,0,128,"MeanOccupancyPerCU",1.544321,2081197268623,2081197430165
109,109,"Agent 1",1,19214,19214,2048,17,"pk_gemm(__half const*, __half const*, __half*, int, int, int)",128,8704,0,208,0,128,"SQ_INSTS_LDS",163840.000000,2081197268623,2081197430165
109,109,"Agent 1",1,19214,19214,2048,17,"pk_gemm(__half const*, __half const*, __half*, int, int, int)",128,8704,0,208,0,128,"SQ_INST_LEVEL_LDS",14602.000000,2081197268623,2081197430165
109,109,"Agent 1",1,19214,19214,2048,17,"pk_gemm(__half const*, __half const*, __half*, int, int, int)",128,8704,0,208,0,128,"SQ_WAIT_INST_LDS",0.00000000e+00,2081197268623,2081197430165
110,110,"Agent 1",1,19214,19214,2048,17,"pk_gemm(__half const*, __half const*, __half*, int, int, int)",128,8704,0,208,0,128,"ALUStalledByLDS",0.00000000e+00,2081197463027,2081197624008
110,110,"Agent 1",1,19214,19214,2048,17,"pk_gemm(__half const*, __half const*, __half*, int, int, int)",128,8704,0,208,0,128,"LDSBankConflict",12.500000,2081197463027,2081197624008
110,110,"Agent 1",1,19214,19214,2048,17,"pk_gemm(__half const*, __half const*, __half*, int, int, int)",128,8704,0,208,0,128,"MeanOccupancyPerCU",1.541467,2081197463027,2081197624008
110,110,"Agent 1",1,19214,19214,2048,17,"pk_gemm(__half const*, __half const*, __half*, int, int, int)",128,8704,0,208,0,128,"SQ_INSTS_LDS",163840.000000,2081197463027,2081197624008
110,110,"Agent 1",1,19214,19214,2048,17,"pk_gemm(__half const*, __half const*, __half*, int, int, int)",128,8704,0,208,0,128,"SQ_INST_LEVEL_LDS",14657.000000,2081197463027,2081197624008
110,110,"Agent 1",1,19214,19214,2048,17,"pk_gemm(__half const*, __half const*, __half*, int, int, int)",128,8704,0,208,0,128,"SQ_WAIT_INST_LDS",0.00000000e+00,2081197463027,2081197624008
111,111,"Agent 1",1,19214,19214,2048,17,"pk_gemm(__half const*, __half const*, __half*, int, int, int)",128,8704,0,208,0,128,"ALUStalledByLDS",0.00000000e+00,2081197656829,2081197820455
111,111,"Agent 1",1,19214,19214,2048,17,"pk_gemm(__half const*, __half const*, __half*, int, int, int)",128,8704,0,208,0,128,"LDSBankConflict",12.500000,2081197656829,2081197820455
111,111,"Agent 1",1,19214,19214,2048,17,"pk_gemm(__half const*, __half const*, __half*, int, int, int)",128,8704,0,208,0,128,"MeanOccupancyPerCU",1.545884,2081197656829,2081197820455
111,111,"Agent 1",1,19214,19214,2048,17,"pk_gemm(__half const*, __half const*, __half*, int, int, int)",128,8704,0,208,0,128,"SQ_INSTS_LDS",163840.000000,2081197656829,2081197820455
111,111,"Agent 1",1,19214,19214,2048,17,"pk_gemm(__half const*, __half const*, __half*, int, int, int)",128,8704,0,208,0,128,"SQ_INST_LEVEL_LDS",14802.000000,2081197656829,2081197820455
111,111,"Agent 1",1,19214,19214,2048,17,"pk_gemm(__half const*, __half const*, __half*, int, int, int)",128,8704,0,208,0,128,"SQ_WAIT_INST_LDS",0.00000000e+00,2081197656829,2081197820455
112,112,"Agent 1",1,19214,19214,2048,17,"pk_gemm(__half const*, __half const*, __half*, int, int, int)",128,8704,0,208,0,128,"ALUStalledByLDS",0.00000000e+00,2081197853397,2081198015300
112,112,"Agent 1",1,19214,19214,2048,17,"pk_gemm(__half const*, __half const*, __half*, int, int, int)",128,8704,0,208,0,128,"LDSBankConflict",12.500000,2081197853397,2081198015300
112,112,"Agent 1",1,19214,19214,2048,17,"pk_gemm(__half const*, __half const*, __half*, int, int, int)",128,8704,0,208,0,128,"MeanOccupancyPerCU",1.547963,2081197853397,2081198015300
112,112,"Agent 1",1,19214,19214,2048,17,"pk_gemm(__half const*, __half const*, __half*, int, int, int)",128,8704,0,208,0,128,"SQ_INSTS_LDS",163840.000000,2081197853397,2081198015300
112,112,"Agent 1",1,19214,19214,2048,17,"pk_gemm(__half const*, __half const*, __half*, int, int, int)",128,8704,0,208,0,128,"SQ_INST_LEVEL_LDS",14666.000000,2081197853397,2081198015300
112,112,"Agent 1",1,19214,19214,2048,17,"pk_gemm(__half const*, __half const*, __half*, int, int, int)",128,8704,0,208,0,128,"SQ_WAIT_INST_LDS",0.00000000e+00,2081197853397,2081198015300
113,113,"Agent 1",1,19214,19214,2048,17,"pk_gemm(__half const*, __half const*, __half*, int, int, int)",128,8704,0,208,0,128,"ALUStalledByLDS",0.00000000e+00,2081198048482,2081198210786
113,113,"Agent 1",1,19214,19214,2048,17,"pk_gemm(__half const*, __half const*, __half*, int, int, int)",128,8704,0,208,0,128,"LDSBankConflict",12.500000,2081198048482,2081198210786
113,113,"Agent 1",1,19214,19214,2048,17,"pk_gemm(__half const*, __half const*, __half*, int, int, int)",128,8704,0,208,0,128,"MeanOccupancyPerCU",1.549566,2081198048482,2081198210786
113,113,"Agent 1",1,19214,19214,2048,17,"pk_gemm(__half const*, __half const*, __half*, int, int, int)",128,8704,0,208,0,128,"SQ_INSTS_LDS",163840.000000,2081198048482,2081198210786
113,113,"Agent 1",1,19214,19214,2048,17,"pk_gemm(__half const*, __half const*, __half*, int, int, int)",128,8704,0,208,0,128,"SQ_INST_LEVEL_LDS",15051.000000,2081198048482,2081198210786
113,113,"Agent 1",1,19214,19214,2048,17,"pk_gemm(__half const*, __half const*, __half*, int, int, int)",128,8704,0,208,0,128,"SQ_WAIT_INST_LDS",0.00000000e+00,2081198048482,2081198210786
114,114,"Agent 1",1,19214,19214,2048,17,"pk_gemm(__half const*, __half const*, __half*, int, int, int)",128,8704,0,208,0,128,"ALUStalledByLDS",0.00000000e+00,2081198244689,2081198406552
114,114,"Agent 1",1,19214,19214,2048,17,"pk_gemm(__half const*, __half const*, __half*, int, int, int)",128,8704,0,208,0,128,"LDSBankConflict",12.500000,2081198244689,2081198406552
114,114,"Agent 1",1,19214,19214,2048,17,"pk_gemm(__half const*, __half const*, __half*, int, int, int)",128,8704,0,208,0,128,"MeanOccupancyPerCU",1.545521,2081198244689,2081198406552
114,114,"Agent 1",1,19214,19214,2048,17,"pk_gemm(__half const*, __half const*, __half*, int, int, int)",128,8704,0,208,0,128,"SQ_INSTS_LDS",163840.000000,2081198244689,2081198406552
114,114,"Agent 1",1,19214,19214,2048,17,"pk_gemm(__half const*, __half const*, __half*, int, int, int)",128,8704,0,208,0,128,"SQ_INST_LEVEL_LDS",15043.000000,2081198244689,2081198406552
114,114,"Agent 1",1,19214,19214,2048,17,"pk_gemm(__half const*, __half const*, __half*, int, int, int)",128,8704,0,208,0,128,"SQ_WAIT_INST_LDS",0.00000000e+00,2081198244689,2081198406552
115,115,"Agent 1",1,19214,19214,2048,17,"pk_gemm(__half const*, __half const*, __half*, int, int, int)",128,8704,0,208,0,128,"ALUStalledByLDS",0.00000000e+00,2081198441658,2081198602799
115,115,"Agent 1",1,19214,19214,2048,17,"pk_gemm(__half const*, __half const*, __half*, int, int, int)",128,8704,0,208,0,128,"LDSBankConflict",12.500000,2081198441658,2081198602799
115,115,"Agent 1",1,19214,19214,2048,17,"pk_gemm(__half const*, __half const*, __half*, int, int, int)",128,8704,0,208,0,128,"MeanOccupancyPerCU",1.545234,2081198441658,2081198602799
115,115,"Agent 1",1,19214,19214,2048,17,"pk_gemm(__half const*, __half const*, __half*, int, int, int)",128,8704,0,208,0,128,"SQ_INSTS_LDS",163840.000000,2081198441658,2081198602799
115,115,"Agent 1",1,19214,19214,2048,17,"pk_gemm(__half const*, __half const*, __half*, int, int, int)",128,8704,0,208,0,128,"SQ_INST_LEVEL_LDS",14780.000000,2081198441658,2081198602799
115,115,"Agent 1",1,19214,19214,2048,17,"pk_gemm(__half const*, __half const*, __half*, int, int, int)",128,8704,0,208,0,128,"SQ_WAIT_INST_LDS",0.00000000e+00,2081198441658,2081198602799
116,116,"Agent 1",1,19214,19214,2048,17,"pk_gemm(__half const*, __half const*, __half*, int, int, int)",128,8704,0,208,0,128,"ALUStalledByLDS",0.00000000e+00,2081198634017,2081198796922
116,116,"Agent 1",1,19214,19214,2048,17,"pk_gemm(__half const*, __half const*, __half*, int, int, int)",128,8704,0,208,0,128,"LDSBankConflict",12.500000,2081198634017,2081198796922
116,116,"Agent 1",1,19214,19214,2048,17,"pk_gemm(__half const*, __half const*, __half*, int, int, int)",128,8704,0,208,0,128,"MeanOccupancyPerCU",1.546156,2081198634017,2081198796922
116,116,"Agent 1",1,19214,19214,2048,17,"pk_gemm(__half const*, __half const*, __half*, int, int, int)",128,8704,0,208,0,128,"SQ_INSTS_LDS",163840.000000,2081198634017,2081198796922
116,116,"Agent 1",1,19214,19214,2048,17,"pk_gemm(__half const*, __half const*, __half*, int, int, int)",128,8704,0,208,0,128,"SQ_INST_LEVEL_LDS",14882.000000,2081198634017,2081198796922
116,116,"Agent 1",1,19214,19214,2048,17,"pk_gemm(__half const*, __half const*, __half*, int, int, int)",128,8704,0,208,0,128,"SQ_WAIT_INST_LDS",0.00000000e+00,2081198634017,2081198796922
117,117,"Agent 1",1,19214,19214,2048,17,"pk_gemm(__half const*, __half const*, __half*, int, int, int)",128,8704,0,208,0,128,"ALUStalledByLDS",0.00000000e+00,2081198829744,2081198990885
117,117,"Agent 1",1,19214,19214,2048,17,"pk_gemm(__half const*, __half const*, __half*, int, int, int)",128,8704,0,208,0,128,"LDSBankConflict",12.500000,2081198829744,2081198990885
117,117,"Agent 1",1,19214,19214,2048,17,"pk_gemm(__half const*, __half const*, __half*, int, int, int)",128,8704,0,208,0,128,"MeanOccupancyPerCU",1.547466,2081198829744,2081198990885
117,117,"Agent 1",1,19214,19214,2048,17,"pk_gemm(__half const*, __half const*, __half*, int, int, int)",128,8704,0,208,0,128,"SQ_INSTS_LDS",163840.000000,2081198829744,2081198990885
117,117,"Agent 1",1,19214,19214,2048,17,"pk_gemm(__half const*, __half const*, __half*, int, int, int)",128,8704,0,208,0,128,"SQ_INST_LEVEL_LDS",14571.000000,2081198829744,2081198990885
117,117,"Agent 1",1,19214,19214,2048,17,"pk_gemm(__half const*, __half const*, __half*, int, int, int)",128,8704,0,208,0,128,"SQ_WAIT_INST_LDS",0.00000000e+00,2081198829744,2081198990885
118,118,"Agent 1",1,19214,19214,2048,17,"pk_gemm(__half const*, __half const*, __half*, int, int, int)",128,8704,0,208,0,128,"ALUStalledByLDS",0.00000000e+00,2081199025470,2081199188414
118,118,"Agent 1",1,19214,19214,2048,17,"pk_gemm(__half const*, __half const*, __half*, int, int, int)",128,8704,0,208,0,128,"LDSBankConflict",12.500000,2081199025470,2081199188414
118,118,"Agent 1",1,19214,19214,2048,17,"pk_gemm(__half const*, __half const*, __half*, int, int, int)",128,8704,0,208,0,128,"MeanOccupancyPerCU",1.547294,2081199025470,2081199188414
118,118,"Agent 1",1,19214,19214,2048,17,"pk_gemm(__half const*, __half const*, __half*, int, int, int)",128,8704,0,208,0,128,"SQ_INSTS_LDS",163840.000000,2081199025470,2081199188414
118,118,"Agent 1",1,19214,19214,2048,17,"pk_gemm(__half const*, __half const*, __half*, int, int, int)",128,8704,0,208,0,128,"SQ_INST_LEVEL_LDS",14606.000000,2081199025470,2081199188414
118,118,"Agent 1",1,19214,19214,2048,17,"pk_gemm(__half const*, __half const*, __half*, int, int, int)",128,8704,0,208,0,128,"SQ_WAIT_INST_LDS",0.00000000e+00,2081199025470,2081199188414
119,119,"Agent 1",1,19214,19214,2048,17,"pk_gemm(__half const*, __half const*, __half*, int, int, int)",128,8704,0,208,0,128,"ALUStalledByLDS",0.00000000e+00,2081199219994,2081199381616
119,119,"Agent 1",1,19214,19214,2048,17,"pk_gemm(__half const*, __half const*, __half*, int, int, int)",128,8704,0,208,0,128,"LDSBankConflict",12.500000,2081199219994,2081199381616
119,119,"Agent 1",1,19214,19214,2048,17,"pk_gemm(__half const*, __half const*, __half*, int, int, int)",128,8704,0,208,0,128,"MeanOccupancyPerCU",1.545372,2081199219994,2081199381616
119,119,"Agent 1",1,19214,19214,2048,17,"pk_gemm(__half const*, __half const*, __half*, int, int, int)",128,8704,0,208,0,128,"SQ_INSTS_LDS",163840.000000,2081199219994,2081199381616
119,119,"Agent 1",1,19214,19214,2048,17,"pk_gemm(__half const*, __half const*, __half*, int, int, int)",128,8704,0,208,0,128,"SQ_INST_LEVEL_LDS",14439.000000,2081199219994,2081199381616
119,119,"Agent 1",1,19214,19214,2048,17,"pk_gemm(__half const*, __half const*, __half*, int, int, int)",128,8704,0,208,0,128,"SQ_WAIT_INST_LDS",0.00000000e+00,2081199219994,2081199381616
120,120,"Agent 1",1,19214,19214,2048,17,"pk_gemm(__half const*, __half const*, __half*, int, int, int)",128,8704,0,208,0,128,"ALUStalledByLDS",0.00000000e+00,2081199413435,2081199574697
120,120,"Agent 1",1,19214,19214,2048,17,"pk_gemm(__half const*, __half const*, __half*, int, int, int)",128,8704,0,208,0,128,"LDSBankConflict",12.500000,2081199413435,2081199574697
120,120,"Agent 1",1,19214,19214,2048,17,"pk_gemm(__half const*, __half const*, __half*, int, int, int)",128,8704,0,208,0,128,"MeanOccupancyPerCU",1.546940,2081199413435,2081199574697
120,120,"Agent 1",1,19214,19214,2048,17,"pk_gemm(__half const*, __half const*, __half*, int, int, int)",128,8704,0,208,0,128,"SQ_INSTS_LDS",163840.000000,2081199413435,2081199574697
120,120,"Agent 1",1,19214,19214,2048,17,"pk_gemm(__half const*, __half const*, __half*, int, int, int)",128,8704,0,208,0,128,"SQ_INST_LEVEL_LDS",15019.000000,2081199413435,2081199574697
120,120,"Agent 1",1,19214,19214,2048,17,"pk_gemm(__half const*, __half const*, __half*, int, int, int)",128,8704,0,208,0,128,"SQ_WAIT_INST_LDS",0.00000000e+00,2081199413435,2081199574697
121,121,"Agent 1",1,19214,19214,2048,17,"pk_gemm(__half const*, __half const*, __half*, int, int, int)",128,8704,0,208,0,128,"ALUStalledByLDS",0.00000000e+00,2081199606797,2081199769982
121,121,"Agent 1",1,19214,19214,2048,17,"pk_gemm(__half const*, __half const*, __half*, int, int, int)",128,8704,0,208,0,128,"LDSBankConflict",12.500000,2081199606797,2081199769982
121,121,"Agent 1",1,19214,19214,2048,17,"pk_gemm(__half const*, __half const*, __half*, int, int, int)",128,8704,0,208,0,128,"MeanOccupancyPerCU",1.547991,2081199606797,2081199769982
121,121,"Agent 1",1,19214,19214,2048,17,"pk_gemm(__half const*, __half const*, __half*, int, int, int)",128,8704,0,208,0,128,"SQ_INSTS_LDS",163840.000000,2081199606797,2081199769982
121,121,"Agent 1",1,19214,19214,2048,17,"pk_gemm(__half const*, __half const*, __half*, int, int, int)",128,8704,0,208,0,128,"SQ_INST_LEVEL_LDS",14901.000000,2081199606797,2081199769982
121,121,"Agent 1",1,19214,19214,2048,17,"pk_gemm(__half const*, __half const*, __half*, int, int, int)",128,8704,0,208,0,128,"SQ_WAIT_INST_LDS",0.00000000e+00,2081199606797,2081199769982
122,122,"Agent 1",1,19214,19214,2048,17,"pk_gemm(__half const*, __half const*, __half*, int, int, int)",128,8704,0,208,0,128,"ALUStalledByLDS",0.00000000e+00,2081199802203,2081199963745
122,122,"Agent 1",1,19214,19214,2048,17,"pk_gemm(__half const*, __half const*, __half*, int, int, int)",128,8704,0,208,0,128,"LDSBankConflict",12.500000,2081199802203,2081199963745
122,122,"Agent 1",1,19214,19214,2048,17,"pk_gemm(__half const*, __half const*, __half*, int, int, int)",128,8704,0,208,0,128,"MeanOccupancyPerCU",1.546168,2081199802203,2081199963745
122,122,"Agent 1",1,19214,19214,2048,17,"pk_gemm(__half const*, __half const*, __half*, int, int, int)",128,8704,0,208,0,128,"SQ_INSTS_LDS",163840.000000,2081199802203,2081199963745
122,122,"Agent 1",1,19214,19214,2048,17,"pk_gemm(__half const*, __half const*, __half*, int, int, int)",128,8704,0,208,0,128,"SQ_INST_LEVEL_LDS",15009.000000,2081199802203,2081199963745
122,122,"Agent 1",1,19214,19214,2048,17,"pk_gemm(__half const*, __half const*, __half*, int, int, int)",128,8704,0,208,0,128,"SQ_WAIT_INST_LDS",0.00000000e+00,2081199802203,2081199963745
123,123,"Agent 1",1,19214,19214,2048,17,"pk_gemm(__half const*, __half const*, __half*, int, int, int)",128,8704,0,208,0,128,"ALUStalledByLDS",0.00000000e+00,2081199995324,2081200157868
123,123,"Agent 1",1,19214,19214,2048,17,"pk_gemm(__half const*, __half const*, __half*, int, int, int)",128,8704,0,208,0,128,"LDSBankConflict",12.500000,2081199995324,2081200157868
123,123,"Agent 1",1,19214,19214,2048,17,"pk_gemm(__half const*, __half const*, __half*, int, int, int)",128,8704,0,208,0,128,"MeanOccupancyPerCU",1.547016,2081199995324,2081200157868
123,123,"Agent 1",1,19214,19214,2048,17,"pk_gemm(__half const*, __half const*, __half*, int, int, int)",128,8704,0,208,0,128,"SQ_INSTS_LDS",163840.000000,2081199995324,2081200157868
123,123,"Agent 1",1,19214,19214,2048,17,"pk_gemm(__half const*, __half const*, __half*, int, int, int)",128,8704,0,208,0,128,"SQ_INST_LEVEL_LDS",15211.000000,2081199995324,2081200157868
123,123,"Agent 1",1,19214,19214,2048,17,"pk_gemm(__half const*, __half const*, __half*, int, int, int)",128,8704,0,208,0,128,"SQ_WAIT_INST_LDS",0.00000000e+00,2081199995324,2081200157868
124,124,"Agent 1",1,19214,19214,2048,17,"pk_gemm(__half const*, __half const*, __half*, int, int, int)",128,8704,0,208,0,128,"ALUStalledByLDS",0.00000000e+00,2081200189006,2081200350468
124,124,"Agent 1",1,19214,19214,2048,17,"pk_gemm(__half const*, __half const*, __half*, int, int, int)",128,8704,0,208,0,128,"LDSBankConflict",12.500000,2081200189006,2081200350468
124,124,"Agent 1",1,19214,19214,2048,17,"pk_gemm(__half const*, __half const*, __half*, int, int, int)",128,8704,0,208,0,128,"MeanOccupancyPerCU",1.547464,2081200189006,2081200350468
124,124,"Agent 1",1,19214,19214,2048,17,"pk_gemm(__half const*, __half const*, __half*, int, int, int)",128,8704,0,208,0,128,"SQ_INSTS_LDS",163840.000000,2081200189006,2081200350468
124,124,"Agent 1",1,19214,19214,2048,17,"pk_gemm(__half const*, __half const*, __half*, int, int, int)",128,8704,0,208,0,128,"SQ_INST_LEVEL_LDS",14896.000000,2081200189006,2081200350468
124,124,"Agent 1",1,19214,19214,2048,17,"pk_gemm(__half const*, __half const*, __half*, int, int, int)",128,8704,0,208,0,128,"SQ_WAIT_INST_LDS",0.00000000e+00,2081200189006,2081200350468
125,125,"Agent 1",1,19214,19214,2048,17,"pk_gemm(__half const*, __half const*, __half*, int, int, int)",128,8704,0,208,0,128,"ALUStalledByLDS",0.00000000e+00,2081200381927,2081200543590
125,125,"Agent 1",1,19214,19214,2048,17,"pk_gemm(__half const*, __half const*, __half*, int, int, int)",128,8704,0,208,0,128,"LDSBankConflict",12.500000,2081200381927,2081200543590
125,125,"Agent 1",1,19214,19214,2048,17,"pk_gemm(__half const*, __half const*, __half*, int, int, int)",128,8704,0,208,0,128,"MeanOccupancyPerCU",1.545013,2081200381927,2081200543590
125,125,"Agent 1",1,19214,19214,2048,17,"pk_gemm(__half const*, __half const*, __half*, int, int, int)",128,8704,0,208,0,128,"SQ_INSTS_LDS",163840.000000,2081200381927,2081200543590
125,125,"Agent 1",1,19214,19214,2048,17,"pk_gemm(__half const*, __half const*, __half*, int, int, int)",128,8704,0,208,0,128,"SQ_INST_LEVEL_LDS",14817.000000,2081200381927,2081200543590
125,125,"Agent 1",1,19214,19214,2048,17,"pk_gemm(__half const*, __half const*, __half*, int, int, int)",128,8704,0,208,0,128,"SQ_WAIT_INST_LDS",0.00000000e+00,2081200381927,2081200543590
126,126,"Agent 1",1,19214,19214,2048,17,"pk_gemm(__half const*, __half const*, __half*, int, int, int)",128,8704,0,208,0,128,"ALUStalledByLDS",0.00000000e+00,2081200574127,2081200736951
126,126,"Agent 1",1,19214,19214,2048,17,"pk_gemm(__half const*, __half const*, __half*, int, int, int)",128,8704,0,208,0,128,"LDSBankConflict",12.500000,2081200574127,2081200736951
126,126,"Agent 1",1,19214,19214,2048,17,"pk_gemm(__half const*, __half const*, __half*, int, int, int)",128,8704,0,208,0,128,"MeanOccupancyPerCU",1.545151,2081200574127,2081200736951
126,126,"Agent 1",1,19214,19214,2048,17,"pk_gemm(__half const*, __half const*, __half*, int, int, int)",128,8704,0,208,0,128,"SQ_INSTS_LDS",163840.000000,2081200574127,2081200736951
126,126,"Agent 1",1,19214,19214,2048,17,"pk_gemm(__half const*, __half const*, __half*, int, int, int)",128,8704,0,208,0,128,"SQ_INST_LEVEL_LDS",14670.000000,2081200574127,2081200736951
126,126,"Agent 1",1,19214,19214,2048,17,"pk_gemm(__half const*, __half const*, __half*, int, int, int)",128,8704,0,208,0,128,"SQ_WAIT_INST_LDS",0.00000000e+00,2081200574127,2081200736951
127,127,"Agent 1",1,19214,19214,2048,17,"pk_gemm(__half const*, __half const*, __half*, int, int, int)",128,8704,0,208,0,128,"ALUStalledByLDS",0.00000000e+00,2081200766607,2081200928189
127,127,"Agent 1",1,19214,19214,2048,17,"pk_gemm(__half const*, __half const*, __half*, int, int, int)",128,8704,0,208,0,128,"LDSBankConflict",12.500000,2081200766607,2081200928189
127,127,"Agent 1",1,19214,19214,2048,17,"pk_gemm(__half const*, __half const*, __half*, int, int, int)",128,8704,0,208,0,128,"MeanOccupancyPerCU",1.546618,2081200766607,2081200928189
127,127,"Agent 1",1,19214,19214,2048,17,"pk_gemm(__half const*, __half const*, __half*, int, int, int)",128,8704,0,208,0,128,"SQ_INSTS_LDS",163840.000000,2081200766607,2081200928189
127,127,"Agent 1",1,19214,19214,2048,17,"pk_gemm(__half const*, __half const*, __half*, int, int, int)",128,8704,0,208,0,128,"SQ_INST_LEVEL_LDS",14561.000000,2081200766607,2081200928189
127,127,"Agent 1",1,19214,19214,2048,17,"pk_gemm(__half const*, __half const*, __half*, int, int, int)",128,8704,0,208,0,128,"SQ_WAIT_INST_LDS",0.00000000e+00,2081200766607,2081200928189
128,128,"Agent 1",1,19214,19214,2048,17,"pk_gemm(__half const*, __half const*, __half*, int, int, int)",128,8704,0,208,0,128,"ALUStalledByLDS",0.00000000e+00,2081200958406,2081201120589
128,128,"Agent 1",1,19214,19214,2048,17,"pk_gemm(__half const*, __half const*, __half*, int, int, int)",128,8704,0,208,0,128,"LDSBankConflict",12.500000,2081200958406,2081201120589
128,128,"Agent 1",1,19214,19214,2048,17,"pk_gemm(__half const*, __half const*, __half*, int, int, int)",128,8704,0,208,0,128,"MeanOccupancyPerCU",1.548583,2081200958406,2081201120589
128,128,"Agent 1",1,19214,19214,2048,17,"pk_gemm(__half const*, __half const*, __half*, int, int, int)",128,8704,0,208,0,128,"SQ_INSTS_LDS",163840.000000,2081200958406,2081201120589
128,128,"Agent 1",1,19214,19214,2048,17,"pk_gemm(__half const*, __half const*, __half*, int, int, int)",128,8704,0,208,0,128,"SQ_INST_LEVEL_LDS",14982.000000,2081200958406,2081201120589
128,128,"Agent 1",1,19214,19214,2048,17,"pk_gemm(__half const*, __half const*, __half*, int, int, int)",128,8704,0,208,0,128,"SQ_WAIT_INST_LDS",0.00000000e+00,2081200958406,2081201120589
129,129,"Agent 1",1,19214,19214,2048,17,"pk_gemm(__half const*, __half const*, __half*, int, int, int)",128,8704,0,208,0,128,"ALUStalledByLDS",0.00000000e+00,2081201151086,2081201312508
129,129,"Agent 1",1,19214,19214,2048,17,"pk_gemm(__half const*, __half const*, __half*, int, int, int)",128,8704,0,208,0,128,"LDSBankConflict",12.500000,2081201151086,2081201312508
129,129,"Agent 1",1,19214,19214,2048,17,"pk_gemm(__half const*, __half const*, __half*, int, int, int)",128,8704,0,208,0,128,"MeanOccupancyPerCU",1.548658,2081201151086,2081201312508
129,129,"Agent 1",1,19214,19214,2048,17,"pk_gemm(__half const*, __half const*, __half*, int, int, int)",128,8704,0,208,0,128,"SQ_INSTS_LDS",163840.000000,2081201151086,2081201312508
129,129,"Agent 1",1,19214,19214,2048,17,"pk_gemm(__half const*, __half const*, __half*, int, int, int)",128,8704,0,208,0,128,"SQ_INST_LEVEL_LDS",14312.000000,2081201151086,2081201312508
129,129,"Agent 1",1,19214,19214,2048,17,"pk_gemm(__half const*, __half const*, __half*, int, int, int)",128,8704,0,208,0,128,"SQ_WAIT_INST_LDS",0.00000000e+00,2081201151086,2081201312508
130,130,"Agent 1",1,19214,19214,8192,17,"pk_gemm(__half const*, __half const*, __half*, int, int, int)",128,8704,0,208,0,128,"ALUStalledByLDS",3.41988807e-02,2081228754706,2081229267545
130,130,"Agent 1",1,19214,19214,8192,17,"pk_gemm(__half const*, __half const*, __half*, int, int, int)",128,8704,0,208,0,128,"LDSBankConflict",12.500000,2081228754706,2081229267545
130,130,"Agent 1",1,19214,19214,8192,17,"pk_gemm(__half const*, __half const*, __half*, int, int, int)",128,8704,0,208,0,128,"MeanOccupancyPerCU",5.803474,2081228754706,2081229267545
130,130,"Agent 1",1,19214,19214,8192,17,"pk_gemm(__half const*, __half const*, __half*, int, int, int)",128,8704,0,208,0,128,"SQ_INSTS_LDS",1310720.000000,2081228754706,2081229267545
130,130,"Agent 1",1,19214,19214,8192,17,"pk_gemm(__half const*, __half const*, __half*, int, int, int)",128,8704,0,208,0,128,"SQ_INST_LEVEL_LDS",124047.000000,2081228754706,2081229267545
130,130,"Agent 1",1,19214,19214,8192,17,"pk_gemm(__half const*, __half const*, __half*, int, int, int)",128,8704,0,208,0,128,"SQ_WAIT_INST_LDS",16983.000000,2081228754706,2081229267545
131,131,"Agent 1",1,19214,19214,8192,17,"pk_gemm(__half const*, __half const*, __half*, int, int, int)",128,8704,0,208,0,128,"ALUStalledByLDS",3.65704587e-02,2081229305295,2081229810520
131,131,"Agent 1",1,19214,19214,8192,17,"pk_gemm(__half const*, __half const*, __half*, int, int, int)",128,8704,0,208,0,128,"LDSBankConflict",12.500000,2081229305295,2081229810520
131,131,"Agent 1",1,19214,19214,8192,17,"pk_gemm(__half const*, __half const*, __half*, int, int, int)",128,8704,0,208,0,128,"MeanOccupancyPerCU",5.829806,2081229305295,2081229810520
131,131,"Agent 1",1,19214,19214,8192,17,"pk_gemm(__half const*, __half const*, __half*, int, int, int)",128,8704,0,208,0,128,"SQ_INSTS_LDS",1310720.000000,2081229305295,2081229810520
131,131,"Agent 1",1,19214,19214,8192,17,"pk_gemm(__half const*, __half const*, __half*, int, int, int)",128,8704,0,208,0,128,"SQ_INST_LEVEL_LDS",124893.000000,2081229305295,2081229810520
131,131,"Agent 1",1,19214,19214,8192,17,"pk_gemm(__half const*, __half const*, __half*, int, int, int)",128,8704,0,208,0,128,"SQ_WAIT_INST_LDS",17881.000000,2081229305295,2081229810520
132,132,"Agent 1",1,19214,19214,8192,17,"pk_gemm(__half const*, __half const*, __half*, int, int, int)",128,8704,0,208,0,128,"ALUStalledByLDS",4.08662487e-02,2081229845586,2081230323721
132,132,"Agent 1",1,19214,19214,8192,17,"pk_gemm(__half const*, __half const*, __half*, int, int, int)",128,8704,0,208,0,128,"LDSBankConflict",12.500000,2081229845586,2081230323721
132,132,"Agent 1",1,19214,19214,8192,17,"pk_gemm(__half const*, __half const*, __half*, int, int, int)",128,8704,0,208,0,128,"MeanOccupancyPerCU",5.838010,2081229845586,2081230323721
132,132,"Agent 1",1,19214,19214,8192,17,"pk_gemm(__half const*, __half const*, __half*, int, int, int)",128,8704,0,208,0,128,"SQ_INSTS_LDS",1310720.000000,2081229845586,2081230323721
132,132,"Agent 1",1,19214,19214,8192,17,"pk_gemm(__half const*, __half const*, __half*, int, int, int)",128,8704,0,208,0,128,"SQ_INST_LEVEL_LDS",123847.000000,2081229845586,2081230323721
132,132,"Agent 1",1,19214,19214,8192,17,"pk_gemm(__half const*, __half const*, __half*, int, int, int)",128,8704,0,208,0,128,"SQ_WAIT_INST_LDS",18918.000000,2081229845586,2081230323721
133,133,"Agent 1",1,19214,19214,8192,17,"pk_gemm(__half const*, __half const*, __half*, int, int, int)",128,8704,0,208,0,128,"ALUStalledByLDS",3.38911758e-02,2081230357384,2081230872588
133,133,"Agent 1",1,19214,19214,8192,17,"pk_gemm(__half const*, __half const*, __half*, int, int, int)",128,8704,0,208,0,128,"LDSBankConflict",12.500000,2081230357384,2081230872588
133,133,"Agent 1",1,19214,19214,8192,17,"pk_gemm(__half const*, __half const*, __half*, int, int, int)",128,8704,0,208,0,128,"MeanOccupancyPerCU",5.987325,2081230357384,2081230872588
133,133,"Agent 1",1,19214,19214,8192,17,"pk_gemm(__half const*, __half const*, __half*, int, int, int)",128,8704,0,208,0,128,"SQ_INSTS_LDS",1310720.000000,2081230357384,2081230872588
133,133,"Agent 1",1,19214,19214,8192,17,"pk_gemm(__half const*, __half const*, __half*, int, int, int)",128,8704,0,208,0,128,"SQ_INST_LEVEL_LDS",123725.000000,2081230357384,2081230872588
133,133,"Agent 1",1,19214,19214,8192,17,"pk_gemm(__half const*, __half const*, __half*, int, int, int)",128,8704,0,208,0,128,"SQ_WAIT_INST_LDS",16888.000000,2081230357384,2081230872588
134,134,"Agent 1",1,19214,19214,8192,17,"pk_gemm(__half const*, __half const*, __half*, int, int, int)",128,8704,0,208,0,128,"ALUStalledByLDS",3.60305456e-02,2081230906611,2081231418088
134,134,"Agent 1",1,19214,19214,8192,17,"pk_gemm(__half const*, __half const*, __half*, int, int, int)",128,8704,0,208,0,128,"LDSBankConflict",12.500000,2081230906611,2081231418088
134,134,"Agent 1",1,19214,19214,8192,17,"pk_gemm(__half const*, __half const*, __half*, int, int, int)",128,8704,0,208,0,128,"MeanOccupancyPerCU",5.833870,2081230906611,2081231418088
134,134,"Agent 1",1,19214,19214,8192,17,"pk_gemm(__half const*, __half const*, __half*, int, int, int)",128,8704,0,208,0,128,"SQ_INSTS_LDS",1310720.000000,2081230906611,2081231418088
134,134,"Agent 1",1,19214,19214,8192,17,"pk_gemm(__half const*, __half const*, __half*, int, int, int)",128,8704,0,208,0,128,"SQ_INST_LEVEL_LDS",124569.000000,2081230906611,2081231418088
134,134,"Agent 1",1,19214,19214,8192,17,"pk_gemm(__half const*, __half const*, __half*, int, int, int)",128,8704,0,208,0,128,"SQ_WAIT_INST_LDS",17826.000000,2081230906611,2081231418088
135,135,"Agent 1",1,19214,19214,8192,17,"pk_gemm(__half const*, __half const*, __half*, int, int, int)",128,8704,0,208,0,128,"ALUStalledByLDS",3.76183546e-02,2081231451952,2081231938702
135,135,"Agent 1",1,19214,19214,8192,17,"pk_gemm(__half const*, __half const*, __half*, int, int, int)",128,8704,0,208,0,128,"LDSBankConflict",12.500000,2081231451952,2081231938702
135,135,"Agent 1",1,19214,19214,8192,17,"pk_gemm(__half const*, __half const*, __half*, int, int, int)",128,8704,0,208,0,128,"MeanOccupancyPerCU",5.871872,2081231451952,2081231938702
135,135,"Agent 1",1,19214,19214,8192,17,"pk_gemm(__half const*, __half const*, __half*, int, int, int)",128,8704,0,208,0,128,"SQ_INSTS_LDS",1310720.000000,2081231451952,2081231938702
135,135,"Agent 1",1,19214,19214,8192,17,"pk_gemm(__half const*, __half const*, __half*, int, int, int)",128,8704,0,208,0,128,"SQ_INST_LEVEL_LDS",123121.000000,2081231451952,2081231938702
135,135,"Agent 1",1,19214,19214,8192,17,"pk_gemm(__half const*, __half const*, __half*, int, int, int)",128,8704,0,208,0,128,"SQ_WAIT_INST_LDS",17723.000000,2081231451952,2081231938702
136,136,"Agent 1",1,19214,19214,8192,17,"pk_gemm(__half const*, __half const*, __half*, int, int, int)",128,8704,0,208,0,128,"ALUStalledByLDS",3.47858391e-02,2081231972766,2081232488611
136,136,"Agent 1",1,19214,19214,8192,17,"pk_gemm(__half const*, __half const*, __half*, int, int, int)",128,8704,0,208,0,128,"LDSBankConflict",12.500000,2081231972766,2081232488611
136,136,"Agent 1",1,19214,19214,8192,17,"pk_gemm(__half const*, __half const*, __half*, int, int, int)",128,8704,0,208,0,128,"MeanOccupancyPerCU",5.890420,2081231972766,2081232488611
136,136,"Agent 1",1,19214,19214,8192,17,"pk_gemm(__half const*, __half const*, __half*, int, int, int)",128,8704,0,208,0,128,"SQ_INSTS_LDS",1310720.000000,2081231972766,2081232488611
136,136,"Agent 1",1,19214,19214,8192,17,"pk_gemm(__half const*, __half const*, __half*, int, int, int)",128,8704,0,208,0,128,"SQ_INST_LEVEL_LDS",123399.000000,2081231972766,2081232488611
136,136,"Agent 1",1,19214,19214,8192,17,"pk_gemm(__half const*, __half const*, __half*, int, int, int)",128,8704,0,208,0,128,"SQ_WAIT_INST_LDS",17364.000000,2081231972766,2081232488611
137,137,"Agent 1",1,19214,19214,8192,17,"pk_gemm(__half const*, __half const*, __half*, int, int, int)",128,8704,0,208,0,128,"ALUStalledByLDS",3.91255645e-02,2081232522435,2081233007583
137,137,"Agent 1",1,19214,19214,8192,17,"pk_gemm(__half const*, __half const*, __half*, int, int, int)",128,8704,0,208,0,128,"LDSBankConflict",12.500000,2081232522435,2081233007583
137,137,"Agent 1",1,19214,19214,8192,17,"pk_gemm(__half const*, __half const*, __half*, int, int, int)",128,8704,0,208,0,128,"MeanOccupancyPerCU",5.856910,2081232522435,2081233007583
137,137,"Agent 1",1,19214,19214,8192,17,"pk_gemm(__half const*, __half const*, __half*, int, int, int)",128,8704,0,208,0,128,"SQ_INSTS_LDS",1310720.000000,2081232522435,2081233007583
137,137,"Agent 1",1,19214,19214,8192,17,"pk_gemm(__half const*, __half const*, __half*, int, int, int)",128,8704,0,208,0,128,"SQ_INST_LEVEL_LDS",124740.000000,2081232522435,2081233007583
137,137,"Agent 1",1,19214,19214,8192,17,"pk_gemm(__half const*, __half const*, __half*, int, int, int)",128,8704,0,208,0,128,"SQ_WAIT_INST_LDS",18364.000000,2081232522435,2081233007583
138,138,"Agent 1",1,19214,19214,8192,17,"pk_gemm(__half const*, __half const*, __half*, int, int, int)",128,8704,0,208,0,128,"ALUStalledByLDS",3.35492683e-02,2081233069779,2081233585744
138,138,"Agent 1",1,19214,19214,8192,17,"pk_gemm(__half const*, __half const*, __half*, int, int, int)",128,8704,0,208,0,128,"LDSBankConflict",12.500000,2081233069779,2081233585744
138,138,"Agent 1",1,19214,19214,8192,17,"pk_gemm(__half const*, __half const*, __half*, int, int, int)",128,8704,0,208,0,128,"MeanOccupancyPerCU",5.932706,2081233069779,2081233585744
138,138,"Agent 1",1,19214,19214,8192,17,"pk_gemm(__half const*, __half const*, __half*, int, int, int)",128,8704,0,208,0,128,"SQ_INSTS_LDS",1310720.000000,2081233069779,2081233585744
138,138,"Agent 1",1,19214,19214,8192,17,"pk_gemm(__half const*, __half const*, __half*, int, int, int)",128,8704,0,208,0,128,"SQ_INST_LEVEL_LDS",123053.000000,2081233069779,2081233585744
138,138,"Agent 1",1,19214,19214,8192,17,"pk_gemm(__half const*, __half const*, __half*, int, int, int)",128,8704,0,208,0,128,"SQ_WAIT_INST_LDS",16754.000000,2081233069779,2081233585744
139,139,"Agent 1",1,19214,19214,8192,17,"pk_gemm(__half const*, __half const*, __half*, int, int, int)",128,8704,0,208,0,128,"ALUStalledByLDS",6.51294595e-03,2081233622653,2081234411970
139,139,"Agent 1",1,19214,19214,8192,17,"pk_gemm(__half const*, __half const*, __half*, int, int, int)",128,8704,0,208,0,128,"LDSBankConflict",12.464636,2081233622653,2081234411970
139,139,"Agent 1",1,19214,19214,8192,17,"pk_gemm(__half const*, __half const*, __half*, int, int, int)",128,8704,0,208,0,128,"MeanOccupancyPerCU",4.802005,2081233622653,2081234411970
139,139,"Agent 1",1,19214,19214,8192,17,"pk_gemm(__half const*, __half const*, __half*, int, int, int)",128,8704,0,208,0,128,"SQ_INSTS_LDS",1322620.000000,2081233622653,2081234411970
139,139,"Agent 1",1,19214,19214,8192,17,"pk_gemm(__half const*, __half const*, __half*, int, int, int)",128,8704,0,208,0,128,"SQ_INST_LEVEL_LDS",127058.000000,2081233622653,2081234411970
139,139,"Agent 1",1,19214,19214,8192,17,"pk_gemm(__half const*, __half const*, __half*, int, int, int)",128,8704,0,208,0,128,"SQ_WAIT_INST_LDS",18132.000000,2081233622653,2081234411970
140,140,"Agent 1",1,19214,19214,8192,17,"pk_gemm(__half const*, __half const*, __half*, int, int, int)",128,8704,0,208,0,128,"ALUStalledByLDS",7.31446778e-03,2081234449601,2081235157606
140,140,"Agent 1",1,19214,19214,8192,17,"pk_gemm(__half const*, __half const*, __half*, int, int, int)",128,8704,0,208,0,128,"LDSBankConflict",12.474114,2081234449601,2081235157606
140,140,"Agent 1",1,19214,19214,8192,17,"pk_gemm(__half const*, __half const*, __half*, int, int, int)",128,8704,0,208,0,128,"MeanOccupancyPerCU",5.525382,2081234449601,2081235157606
140,140,"Agent 1",1,19214,19214,8192,17,"pk_gemm(__half const*, __half const*, __half*, int, int, int)",128,8704,0,208,0,128,"SQ_INSTS_LDS",1319424.000000,2081234449601,2081235157606
140,140,"Agent 1",1,19214,19214,8192,17,"pk_gemm(__half const*, __half const*, __half*, int, int, int)",128,8704,0,208,0,128,"SQ_INST_LEVEL_LDS",125371.000000,2081234449601,2081235157606
140,140,"Agent 1",1,19214,19214,8192,17,"pk_gemm(__half const*, __half const*, __half*, int, int, int)",128,8704,0,208,0,128,"SQ_WAIT_INST_LDS",14958.000000,2081234449601,2081235157606
141,141,"Agent 1",1,19214,19214,8192,17,"pk_gemm(__half const*, __half const*, __half*, int, int, int)",128,8704,0,208,0,128,"ALUStalledByLDS",3.95448052e-02,2081235199484,2081235688800
141,141,"Agent 1",1,19214,19214,8192,17,"pk_gemm(__half const*, __half const*, __half*, int, int, int)",128,8704,0,208,0,128,"LDSBankConflict",12.500000,2081235199484,2081235688800
141,141,"Agent 1",1,19214,19214,8192,17,"pk_gemm(__half const*, __half const*, __half*, int, int, int)",128,8704,0,208,0,128,"MeanOccupancyPerCU",5.805487,2081235199484,2081235688800
141,141,"Agent 1",1,19214,19214,8192,17,"pk_gemm(__half const*, __half const*, __half*, int, int, int)",128,8704,0,208,0,128,"SQ_INSTS_LDS",1310720.000000,2081235199484,2081235688800
141,141,"Agent 1",1,19214,19214,8192,17,"pk_gemm(__half const*, __half const*, __half*, int, int, int)",128,8704,0,208,0,128,"SQ_INST_LEVEL_LDS",123957.000000,2081235199484,2081235688800
141,141,"Agent 1",1,19214,19214,8192,17,"pk_gemm(__half const*, __half const*, __half*, int, int, int)",128,8704,0,208,0,128,"SQ_WAIT_INST_LDS",18735.000000,2081235199484,2081235688800
142,142,"Agent 1",1,19214,19214,8192,17,"pk_gemm(__half const*, __half const*, __half*, int, int, int)",128,8704,0,208,0,128,"ALUStalledByLDS",3.69928511e-02,2081235726109,2081236226446
142,142,"Agent 1",1,19214,19214,8192,17,"pk_gemm(__half const*, __half const*, __half*, int, int, int)",128,8704,0,208,0,128,"LDSBankConflict",12.500000,2081235726109,2081236226446
142,142,"Agent 1",1,19214,19214,8192,17,"pk_gemm(__half const*, __half const*, __half*, int, int, int)",128,8704,0,208,0,128,"MeanOccupancyPerCU",5.875742,2081235726109,2081236226446
142,142,"Agent 1",1,19214,19214,8192,17,"pk_gemm(__half const*, __half const*, __half*, int, int, int)",128,8704,0,208,0,128,"SQ_INSTS_LDS",1310720.000000,2081235726109,2081236226446
142,142,"Agent 1",1,19214,19214,8192,17,"pk_gemm(__half const*, __half const*, __half*, int, int, int)",128,8704,0,208,0,128,"SQ_INST_LEVEL_LDS",123697.000000,2081235726109,2081236226446
142,142,"Agent 1",1,19214,19214,8192,17,"pk_gemm(__half const*, __half const*, __half*, int, int, int)",128,8704,0,208,0,128,"SQ_WAIT_INST_LDS",17920.000000,2081235726109,2081236226446
143,143,"Agent 1",1,19214,19214,8192,17,"pk_gemm(__half const*, __half const*, __half*, int, int, int)",128,8704,0,208,0,128,"ALUStalledByLDS",3.76198247e-02,2081236263114,2081236769301
143,143,"Agent 1",1,19214,19214,8192,17,"pk_gemm(__half const*, __half const*, __half*, int, int, int)",128,8704,0,208,0,128,"LDSBankConflict",12.500000,2081236263114,2081236769301
143,143,"Agent 1",1,19214,19214,8192,17,"pk_gemm(__half const*, __half const*, __half*, int, int, int)",128,8704,0,208,0,128,"MeanOccupancyPerCU",5.745901,2081236263114,2081236769301
143,143,"Agent 1",1,19214,19214,8192,17,"pk_gemm(__half const*, __half const*, __half*, int, int, int)",128,8704,0,208,0,128,"SQ_INSTS_LDS",1310720.000000,2081236263114,2081236769301
143,143,"Agent 1",1,19214,19214,8192,17,"pk_gemm(__half const*, __half const*, __half*, int, int, int)",128,8704,0,208,0,128,"SQ_INST_LEVEL_LDS",125720.000000,2081236263114,2081236769301
143,143,"Agent 1",1,19214,19214,8192,17,"pk_gemm(__half const*, __half const*, __half*, int, int, int)",128,8704,0,208,0,128,"SQ_WAIT_INST_LDS",18423.000000,2081236263114,2081236769301
144,144,"Agent 1",1,19214,19214,8192,17,"pk_gemm(__half const*, __half const*, __half*, int, int, int)",128,8704,0,208,0,128,"ALUStalledByLDS",3.40045112e-02,2081236808014,2081237318048
144,144,"Agent 1",1,19214,19214,8192,17,"pk_gemm(__half const*, __half const*, __half*, int, int, int)",128,8704,0,208,0,128,"LDSBankConflict",12.500000,2081236808014,2081237318048
144,144,"Agent 1",1,19214,19214,8192,17,"pk_gemm(__half const*, __half const*, __half*, int, int, int)",128,8704,0,208,0,128,"MeanOccupancyPerCU",5.803057,2081236808014,2081237318048
144,144,"Agent 1",1,19214,19214,8192,17,"pk_gemm(__half const*, __half const*, __half*, int, int, int)",128,8704,0,208,0,128,"SQ_INSTS_LDS",1310720.000000,2081236808014,2081237318048
144,144,"Agent 1",1,19214,19214,8192,17,"pk_gemm(__half const*, __half const*, __half*, int, int, int)",128,8704,0,208,0,128,"SQ_INST_LEVEL_LDS",123867.000000,2081236808014,2081237318048
144,144,"Agent 1",1,19214,19214,8192,17,"pk_gemm(__half const*, __half const*, __half*, int, int, int)",128,8704,0,208,0,128,"SQ_WAIT_INST_LDS",16788.000000,2081236808014,2081237318048
145,145,"Agent 1",1,19214,19214,8192,17,"pk_gemm(__half const*, __half const*, __half*, int, int, int)",128,8704,0,208,0,128,"ALUStalledByLDS",3.53328632e-02,2081237357041,2081237862908
145,145,"Agent 1",1,19214,19214,8192,17,"pk_gemm(__half const*, __half const*, __half*, int, int, int)",128,8704,0,208,0,128,"LDSBankConflict",12.500000,2081237357041,2081237862908
145,145,"Agent 1",1,19214,19214,8192,17,"pk_gemm(__half const*, __half const*, __half*, int, int, int)",128,8704,0,208,0,128,"MeanOccupancyPerCU",5.872343,2081237357041,2081237862908
145,145,"Agent 1",1,19214,19214,8192,17,"pk_gemm(__half const*, __half const*, __half*, int, int, int)",128,8704,0,208,0,128,"SQ_INSTS_LDS",1310720.000000,2081237357041,2081237862908
145,145,"Agent 1",1,19214,19214,8192,17,"pk_gemm(__half const*, __half const*, __half*, int, int, int)",128,8704,0,208,0,128,"SQ_INST_LEVEL_LDS",124070.000000,2081237357041,2081237862908
145,145,"Agent 1",1,19214,19214,8192,17,"pk_gemm(__half const*, __half const*, __half*, int, int, int)",128,8704,0,208,0,128,"SQ_WAIT_INST_LDS",17293.000000,2081237357041,2081237862908
146,146,"Agent 1",1,19214,19214,8192,17,"pk_gemm(__half const*, __half const*, __half*, int, int, int)",128,8704,0,208,0,128,"ALUStalledByLDS",3.92437166e-02,2081237901580,2081238386648
146,146,"Agent 1",1,19214,19214,8192,17,"pk_gemm(__half const*, __half const*, __half*, int, int, int)",128,8704,0,208,0,128,"LDSBankConflict",12.500000,2081237901580,2081238386648
146,146,"Agent 1",1,19214,19214,8192,17,"pk_gemm(__half const*, __half const*, __half*, int, int, int)",128,8704,0,208,0,128,"MeanOccupancyPerCU",5.836427,2081237901580,2081238386648
146,146,"Agent 1",1,19214,19214,8192,17,"pk_gemm(__half const*, __half const*, __half*, int, int, int)",128,8704,0,208,0,128,"SQ_INSTS_LDS",1310720.000000,2081237901580,2081238386648
146,146,"Agent 1",1,19214,19214,8192,17,"pk_gemm(__half const*, __half const*, __half*, int, int, int)",128,8704,0,208,0,128,"SQ_INST_LEVEL_LDS",124313.000000,2081237901580,2081238386648
146,146,"Agent 1",1,19214,19214,8192,17,"pk_gemm(__half const*, __half const*, __half*, int, int, int)",128,8704,0,208,0,128,"SQ_WAIT_INST_LDS",18429.000000,2081237901580,2081238386648
147,147,"Agent 1",1,19214,19214,8192,17,"pk_gemm(__half const*, __half const*, __half*, int, int, int)",128,8704,0,208,0,128,"ALUStalledByLDS",3.74235770e-02,2081238423958,2081238919805
147,147,"Agent 1",1,19214,19214,8192,17,"pk_gemm(__half const*, __half const*, __half*, int, int, int)",128,8704,0,208,0,128,"LDSBankConflict",12.500000,2081238423958,2081238919805
147,147,"Agent 1",1,19214,19214,8192,17,"pk_gemm(__half const*, __half const*, __half*, int, int, int)",128,8704,0,208,0,128,"MeanOccupancyPerCU",5.906953,2081238423958,2081238919805
147,147,"Agent 1",1,19214,19214,8192,17,"pk_gemm(__half const*, __half const*, __half*, int, int, int)",128,8704,0,208,0,128,"SQ_INSTS_LDS",1310720.000000,2081238423958,2081238919805
147,147,"Agent 1",1,19214,19214,8192,17,"pk_gemm(__half const*, __half const*, __half*, int, int, int)",128,8704,0,208,0,128,"SQ_INST_LEVEL_LDS",125285.000000,2081238423958,2081238919805
147,147,"Agent 1",1,19214,19214,8192,17,"pk_gemm(__half const*, __half const*, __half*, int, int, int)",128,8704,0,208,0,128,"SQ_WAIT_INST_LDS",17954.000000,2081238423958,2081238919805
148,148,"Agent 1",1,19214,19214,8192,17,"pk_gemm(__half const*, __half const*, __half*, int, int, int)",128,8704,0,208,0,128,"ALUStalledByLDS",3.60781192e-02,2081238954871,2081239462781
148,148,"Agent 1",1,19214,19214,8192,17,"pk_gemm(__half const*, __half const*, __half*, int, int, int)",128,8704,0,208,0,128,"LDSBankConflict",12.500000,2081238954871,2081239462781
148,148,"Agent 1",1,19214,19214,8192,17,"pk_gemm(__half const*, __half const*, __half*, int, int, int)",128,8704,0,208,0,128,"MeanOccupancyPerCU",5.834719,2081238954871,2081239462781
148,148,"Agent 1",1,19214,19214,8192,17,"pk_gemm(__half const*, __half const*, __half*, int, int, int)",128,8704,0,208,0,128,"SQ_INSTS_LDS",1310720.000000,2081238954871,2081239462781
148,148,"Agent 1",1,19214,19214,8192,17,"pk_gemm(__half const*, __half const*, __half*, int, int, int)",128,8704,0,208,0,128,"SQ_INST_LEVEL_LDS",124219.000000,2081238954871,2081239462781
148,148,"Agent 1",1,19214,19214,8192,17,"pk_gemm(__half const*, __half const*, __half*, int, int, int)",128,8704,0,208,0,128,"SQ_WAIT_INST_LDS",17730.000000,2081238954871,2081239462781
149,149,"Agent 1",1,19214,19214,8192,17,"pk_gemm(__half const*, __half const*, __half*, int, int, int)",128,8704,0,208,0,128,"ALUStalledByLDS",3.76586233e-02,2081239500211,2081239995298
149,149,"Agent 1",1,19214,19214,8192,17,"pk_gemm(__half const*, __half const*, __half*, int, int, int)",128,8704,0,208,0,128,"LDSBankConflict",12.500000,2081239500211,2081239995298
149,149,"Agent 1",1,19214,19214,8192,17,"pk_gemm(__half const*, __half const*, __half*, int, int, int)",128,8704,0,208,0,128,"MeanOccupancyPerCU",5.817046,2081239500211,2081239995298
149,149,"Agent 1",1,19214,19214,8192,17,"pk_gemm(__half const*, __half const*, __half*, int, int, int)",128,8704,0,208,0,128,"SQ_INSTS_LDS",1310720.000000,2081239500211,2081239995298
149,149,"Agent 1",1,19214,19214,8192,17,"pk_gemm(__half const*, __half const*, __half*, int, int, int)",128,8704,0,208,0,128,"SQ_INST_LEVEL_LDS",124424.000000,2081239500211,2081239995298
149,149,"Agent 1",1,19214,19214,8192,17,"pk_gemm(__half const*, __half const*, __half*, int, int, int)",128,8704,0,208,0,128,"SQ_WAIT_INST_LDS",18045.000000,2081239500211,2081239995298
150,150,"Agent 1",1,19214,19214,8192,17,"pk_gemm(__half const*, __half const*, __half*, int, int, int)",128,8704,0,208,0,128,"ALUStalledByLDS",3.46950379e-02,2081240033329,2081240544485
150,150,"Agent 1",1,19214,19214,8192,17,"pk_gemm(__half const*, __half const*, __half*, int, int, int)",128,8704,0,208,0,128,"LDSBankConflict",12.500000,2081240033329,2081240544485
150,150,"Agent 1",1,19214,19214,8192,17,"pk_gemm(__half const*, __half const*, __half*, int, int, int)",128,8704,0,208,0,128,"MeanOccupancyPerCU",5.846122,2081240033329,2081240544485
150,150,"Agent 1",1,19214,19214,8192,17,"pk_gemm(__half const*, __half const*, __half*, int, int, int)",128,8704,0,208,0,128,"SQ_INSTS_LDS",1310720.000000,2081240033329,2081240544485
150,150,"Agent 1",1,19214,19214,8192,17,"pk_gemm(__half const*, __half const*, __half*, int, int, int)",128,8704,0,208,0,128,"SQ_INST_LEVEL_LDS",124081.000000,2081240033329,2081240544485
150,150,"Agent 1",1,19214,19214,8192,17,"pk_gemm(__half const*, __half const*, __half*, int, int, int)",128,8704,0,208,0,128,"SQ_WAIT_INST_LDS",17159.000000,2081240033329,2081240544485
151,151,"Agent 1",1,19214,19214,8192,17,"pk_gemm(__half const*, __half const*, __half*, int, int, int)",128,8704,0,208,0,128,"ALUStalledByLDS",3.81690831e-02,2081240579832,2081241073596
151,151,"Agent 1",1,19214,19214,8192,17,"pk_gemm(__half const*, __half const*, __half*, int, int, int)",128,8704,0,208,0,128,"LDSBankConflict",12.500000,2081240579832,2081241073596
151,151,"Agent 1",1,19214,19214,8192,17,"pk_gemm(__half const*, __half const*, __half*, int, int, int)",128,8704,0,208,0,128,"MeanOccupancyPerCU",5.844010,2081240579832,2081241073596
151,151,"Agent 1",1,19214,19214,8192,17,"pk_gemm(__half const*, __half const*, __half*, int, int, int)",128,8704,0,208,0,128,"SQ_INSTS_LDS",1310720.000000,2081240579832,2081241073596
151,151,"Agent 1",1,19214,19214,8192,17,"pk_gemm(__half const*, __half const*, __half*, int, int, int)",128,8704,0,208,0,128,"SQ_INST_LEVEL_LDS",125871.000000,2081240579832,2081241073596
151,151,"Agent 1",1,19214,19214,8192,17,"pk_gemm(__half const*, __half const*, __half*, int, int, int)",128,8704,0,208,0,128,"SQ_WAIT_INST_LDS",18234.000000,2081240579832,2081241073596
152,152,"Agent 1",1,19214,19214,8192,17,"pk_gemm(__half const*, __half const*, __half*, int, int, int)",128,8704,0,208,0,128,"ALUStalledByLDS",3.66207990e-02,2081241108140,2081241601103
152,152,"Agent 1",1,19214,19214,8192,17,"pk_gemm(__half const*, __half const*, __half*, int, int, int)",128,8704,0,208,0,128,"LDSBankConflict",12.500000,2081241108140,2081241601103
152,152,"Agent 1",1,19214,19214,8192,17,"pk_gemm(__half const*, __half const*, __half*, int, int, int)",128,8704,0,208,0,128,"MeanOccupancyPerCU",5.963652,2081241108140,2081241601103
152,152,"Agent 1",1,19214,19214,8192,17,"pk_gemm(__half const*, __half const*, __half*, int, int, int)",128,8704,0,208,0,128,"SQ_INSTS_LDS",1310720.000000,2081241108140,2081241601103
152,152,"Agent 1",1,19214,19214,8192,17,"pk_gemm(__half const*, __half const*, __half*, int, int, int)",128,8704,0,208,0,128,"SQ_INST_LEVEL_LDS",122900.000000,2081241108140,2081241601103
152,152,"Agent 1",1,19214,19214,8192,17,"pk_gemm(__half const*, __half const*, __half*, int, int, int)",128,8704,0,208,0,128,"SQ_WAIT_INST_LDS",17469.000000,2081241108140,2081241601103
153,153,"Agent 1",1,19214,19214,8192,17,"pk_gemm(__half const*, __half const*, __half*, int, int, int)",128,8704,0,208,0,128,"ALUStalledByLDS",3.71580723e-02,2081241636369,2081242142957
153,153,"Agent 1",1,19214,19214,8192,17,"pk_gemm(__half const*, __half const*, __half*, int, int, int)",128,8704,0,208,0,128,"LDSBankConflict",12.500000,2081241636369,2081242142957
153,153,"Agent 1",1,19214,19214,8192,17,"pk_gemm(__half const*, __half const*, __half*, int, int, int)",128,8704,0,208,0,128,"MeanOccupancyPerCU",5.791861,2081241636369,2081242142957
153,153,"Agent 1",1,19214,19214,8192,17,"pk_gemm(__half const*, __half const*, __half*, int, int, int)",128,8704,0,208,0,128,"SQ_INSTS_LDS",1310720.000000,2081241636369,2081242142957
153,153,"Agent 1",1,19214,19214,8192,17,"pk_gemm(__half const*, __half const*, __half*, int, int, int)",128,8704,0,208,0,128,"SQ_INST_LEVEL_LDS",124558.000000,2081241636369,2081242142957
153,153,"Agent 1",1,19214,19214,8192,17,"pk_gemm(__half const*, __half const*, __half*, int, int, int)",128,8704,0,208,0,128,"SQ_WAIT_INST_LDS",18210.000000,2081241636369,2081242142957
154,154,"Agent 1",1,19214,19214,8192,17,"pk_gemm(__half const*, __half const*, __half*, int, int, int)",128,8704,0,208,0,128,"ALUStalledByLDS",3.78852409e-02,2081242179625,2081242666777
154,154,"Agent 1",1,19214,19214,8192,17,"pk_gemm(__half const*, __half const*, __half*, int, int, int)",128,8704,0,208,0,128,"LDSBankConflict",12.500000,2081242179625,2081242666777
154,154,"Agent 1",1,19214,19214,8192,17,"pk_gemm(__half const*, __half const*, __half*, int, int, int)",128,8704,0,208,0,128,"MeanOccupancyPerCU",5.848888,2081242179625,2081242666777
154,154,"Agent 1",1,19214,19214,8192,17,"pk_gemm(__half const*, __half const*, __half*, int, int, int)",128,8704,0,208,0,128,"SQ_INSTS_LDS",1310720.000000,2081242179625,2081242666777
154,154,"Agent 1",1,19214,19214,8192,17,"pk_gemm(__half const*, __half const*, __half*, int, int, int)",128,8704,0,208,0,128,"SQ_INST_LEVEL_LDS",123042.000000,2081242179625,2081242666777
154,154,"Agent 1",1,19214,19214,8192,17,"pk_gemm(__half const*, __half const*, __half*, int, int, int)",128,8704,0,208,0,128,"SQ_WAIT_INST_LDS",17862.000000,2081242179625,2081242666777
155,155,"Agent 1",1,19214,19214,8192,17,"pk_gemm(__half const*, __half const*, __half*, int, int, int)",128,8704,0,208,0,128,"ALUStalledByLDS",3.18310109e-02,2081242702123,2081243224901
155,155,"Agent 1",1,19214,19214,8192,17,"pk_gemm(__half const*, __half const*, __half*, int, int, int)",128,8704,0,208,0,128,"LDSBankConflict",12.500000,2081242702123,2081243224901
155,155,"Agent 1",1,19214,19214,8192,17,"pk_gemm(__half const*, __half const*, __half*, int, int, int)",128,8704,0,208,0,128,"MeanOccupancyPerCU",5.919268,2081242702123,2081243224901
155,155,"Agent 1",1,19214,19214,8192,17,"pk_gemm(__half const*, __half const*, __half*, int, int, int)",128,8704,0,208,0,128,"SQ_INSTS_LDS",1310720.000000,2081242702123,2081243224901
155,155,"Agent 1",1,19214,19214,8192,17,"pk_gemm(__half const*, __half const*, __half*, int, int, int)",128,8704,0,208,0,128,"SQ_INST_LEVEL_LDS",123620.000000,2081242702123,2081243224901
155,155,"Agent 1",1,19214,19214,8192,17,"pk_gemm(__half const*, __half const*, __half*, int, int, int)",128,8704,0,208,0,128,"SQ_WAIT_INST_LDS",16096.000000,2081242702123,2081243224901
156,156,"Agent 1",1,19214,19214,8192,17,"pk_gemm(__half const*, __half const*, __half*, int, int, int)",128,8704,0,208,0,128,"ALUStalledByLDS",3.86812529e-02,2081243259245,2081243752208
156,156,"Agent 1",1,19214,19214,8192,17,"pk_gemm(__half const*, __half const*, __half*, int, int, int)",128,8704,0,208,0,128,"LDSBankConflict",12.500000,2081243259245,2081243752208
156,156,"Agent 1",1,19214,19214,8192,17,"pk_gemm(__half const*, __half const*, __half*, int, int, int)",128,8704,0,208,0,128,"MeanOccupancyPerCU",5.743242,2081243259245,2081243752208
156,156,"Agent 1",1,19214,19214,8192,17,"pk_gemm(__half const*, __half const*, __half*, int, int, int)",128,8704,0,208,0,128,"SQ_INSTS_LDS",1310720.000000,2081243259245,2081243752208
156,156,"Agent 1",1,19214,19214,8192,17,"pk_gemm(__half const*, __half const*, __half*, int, int, int)",128,8704,0,208,0,128,"SQ_INST_LEVEL_LDS",124291.000000,2081243259245,2081243752208
156,156,"Agent 1",1,19214,19214,8192,17,"pk_gemm(__half const*, __half const*, __half*, int, int, int)",128,8704,0,208,0,128,"SQ_WAIT_INST_LDS",18453.000000,2081243259245,2081243752208
157,157,"Agent 1",1,19214,19214,8192,17,"pk_gemm(__half const*, __half const*, __half*, int, int, int)",128,8704,0,208,0,128,"ALUStalledByLDS",3.37503496e-02,2081243786271,2081244299271
157,157,"Agent 1",1,19214,19214,8192,17,"pk_gemm(__half const*, __half const*, __half*, int, int, int)",128,8704,0,208,0,128,"LDSBankConflict",12.500000,2081243786271,2081244299271
157,157,"Agent 1",1,19214,19214,8192,17,"pk_gemm(__half const*, __half const*, __half*, int, int, int)",128,8704,0,208,0,128,"MeanOccupancyPerCU",5.895958,2081243786271,2081244299271
157,157,"Agent 1",1,19214,19214,8192,17,"pk_gemm(__half const*, __half const*, __half*, int, int, int)",128,8704,0,208,0,128,"SQ_INSTS_LDS",1310720.000000,2081243786271,2081244299271
157,157,"Agent 1",1,19214,19214,8192,17,"pk_gemm(__half const*, __half const*, __half*, int, int, int)",128,8704,0,208,0,128,"SQ_INST_LEVEL_LDS",123565.000000,2081243786271,2081244299271
157,157,"Agent 1",1,19214,19214,8192,17,"pk_gemm(__half const*, __half const*, __half*, int, int, int)",128,8704,0,208,0,128,"SQ_WAIT_INST_LDS",16757.000000,2081243786271,2081244299271
158,158,"Agent 1",1,19214,19214,8192,17,"pk_gemm(__half const*, __half const*, __half*, int, int, int)",128,8704,0,208,0,128,"ALUStalledByLDS",3.86513408e-02,2081244336461,2081244836036
158,158,"Agent 1",1,19214,19214,8192,17,"pk_gemm(__half const*, __half const*, __half*, int, int, int)",128,8704,0,208,0,128,"LDSBankConflict",12.500000,2081244336461,2081244836036
158,158,"Agent 1",1,19214,19214,8192,17,"pk_gemm(__half const*, __half const*, __half*, int, int, int)",128,8704,0,208,0,128,"MeanOccupancyPerCU",5.796050,2081244336461,2081244836036
158,158,"Agent 1",1,19214,19214,8192,17,"pk_gemm(__half const*, __half const*, __half*, int, int, int)",128,8704,0,208,0,128,"SQ_INSTS_LDS",1310720.000000,2081244336461,2081244836036
158,158,"Agent 1",1,19214,19214,8192,17,"pk_gemm(__half const*, __half const*, __half*, int, int, int)",128,8704,0,208,0,128,"SQ_INST_LEVEL_LDS",126266.000000,2081244336461,2081244836036
158,158,"Agent 1",1,19214,19214,8192,17,"pk_gemm(__half const*, __half const*, __half*, int, int, int)",128,8704,0,208,0,128,"SQ_WAIT_INST_LDS",18686.000000,2081244336461,2081244836036
159,159,"Agent 1",1,19214,19214,8192,17,"pk_gemm(__half const*, __half const*, __half*, int, int, int)",128,8704,0,208,0,128,"ALUStalledByLDS",4.13111225e-02,2081244871101,2081245348555
159,159,"Agent 1",1,19214,19214,8192,17,"pk_gemm(__half const*, __half const*, __half*, int, int, int)",128,8704,0,208,0,128,"LDSBankConflict",12.500000,2081244871101,2081245348555
159,159,"Agent 1",1,19214,19214,8192,17,"pk_gemm(__half const*, __half const*, __half*, int, int, int)",128,8704,0,208,0,128,"MeanOccupancyPerCU",5.788107,2081244871101,2081245348555
159,159,"Agent 1",1,19214,19214,8192,17,"pk_gemm(__half const*, __half const*, __half*, int, int, int)",128,8704,0,208,0,128,"SQ_INSTS_LDS",1310720.000000,2081244871101,2081245348555
159,159,"Agent 1",1,19214,19214,8192,17,"pk_gemm(__half const*, __half const*, __half*, int, int, int)",128,8704,0,208,0,128,"SQ_INST_LEVEL_LDS",125053.000000,2081244871101,2081245348555
159,159,"Agent 1",1,19214,19214,8192,17,"pk_gemm(__half const*, __half const*, __half*, int, int, int)",128,8704,0,208,0,128,"SQ_WAIT_INST_LDS",19091.000000,2081244871101,2081245348555
160,160,"Agent 1",1,19214,19214,8192,17,"pk_gemm(__half const*, __half const*, __half*, int, int, int)",128,8704,0,208,0,128,"ALUStalledByLDS",3.28592007e-02,2081245383380,2081245903633
160,160,"Agent 1",1,19214,19214,8192,17,"pk_gemm(__half const*, __half const*, __half*, int, int, int)",128,8704,0,208,0,128,"LDSBankConflict",12.500000,2081245383380,2081245903633
160,160,"Agent 1",1,19214,19214,8192,17,"pk_gemm(__half const*, __half const*, __half*, int, int, int)",128,8704,0,208,0,128,"MeanOccupancyPerCU",5.949158,2081245383380,2081245903633
160,160,"Agent 1",1,19214,19214,8192,17,"pk_gemm(__half const*, __half const*, __half*, int, int, int)",128,8704,0,208,0,128,"SQ_INSTS_LDS",1310720.000000,2081245383380,2081245903633
160,160,"Agent 1",1,19214,19214,8192,17,"pk_gemm(__half const*, __half const*, __half*, int, int, int)",128,8704,0,208,0,128,"SQ_INST_LEVEL_LDS",123388.000000,2081245383380,2081245903633
160,160,"Agent 1",1,19214,19214,8192,17,"pk_gemm(__half const*, __half const*, __half*, int, int, int)",128,8704,0,208,0,128,"SQ_WAIT_INST_LDS",16537.000000,2081245383380,2081245903633
161,161,"Agent 1",1,19214,19214,8192,17,"pk_gemm(__half const*, __half const*, __half*, int, int, int)",128,8704,0,208,0,128,"ALUStalledByLDS",3.67699590e-02,2081245938619,2081246436310
161,161,"Agent 1",1,19214,19214,8192,17,"pk_gemm(__half const*, __half const*, __half*, int, int, int)",128,8704,0,208,0,128,"LDSBankConflict",12.500000,2081245938619,2081246436310
161,161,"Agent 1",1,19214,19214,8192,17,"pk_gemm(__half const*, __half const*, __half*, int, int, int)",128,8704,0,208,0,128,"MeanOccupancyPerCU",5.894259,2081245938619,2081246436310
161,161,"Agent 1",1,19214,19214,8192,17,"pk_gemm(__half const*, __half const*, __half*, int, int, int)",128,8704,0,208,0,128,"SQ_INSTS_LDS",1310720.000000,2081245938619,2081246436310
161,161,"Agent 1",1,19214,19214,8192,17,"pk_gemm(__half const*, __half const*, __half*, int, int, int)",128,8704,0,208,0,128,"SQ_INST_LEVEL_LDS",124561.000000,2081245938619,2081246436310
161,161,"Agent 1",1,19214,19214,8192,17,"pk_gemm(__half const*, __half const*, __half*, int, int, int)",128,8704,0,208,0,128,"SQ_WAIT_INST_LDS",17705.000000,2081245938619,2081246436310
162,162,"Agent 1",1,19214,19214,8192,17,"pk_gemm(__half const*, __half const*, __half*, int, int, int)",128,8704,0,208,0,128,"ALUStalledByLDS",3.29671940e-02,2081246472137,2081246993713
162,162,"Agent 1",1,19214,19214,8192,17,"pk_gemm(__half const*, __half const*, __half*, int, int, int)",128,8704,0,208,0,128,"LDSBankConflict",12.500000,2081246472137,2081246993713
162,162,"Agent 1",1,19214,19214,8192,17,"pk_gemm(__half const*, __half const*, __half*, int, int, int)",128,8704,0,208,0,128,"MeanOccupancyPerCU",5.880201,2081246472137,2081246993713
162,162,"Agent 1",1,19214,19214,8192,17,"pk_gemm(__half const*, __half const*, __half*, int, int, int)",128,8704,0,208,0,128,"SQ_INSTS_LDS",1310720.000000,2081246472137,2081246993713
162,162,"Agent 1",1,19214,19214,8192,17,"pk_gemm(__half const*, __half const*, __half*, int, int, int)",128,8704,0,208,0,128,"SQ_INST_LEVEL_LDS",123775.000000,2081246472137,2081246993713
162,162,"Agent 1",1,19214,19214,8192,17,"pk_gemm(__half const*, __half const*, __half*, int, int, int)",128,8704,0,208,0,128,"SQ_WAIT_INST_LDS",16643.000000,2081246472137,2081246993713
163,163,"Agent 1",1,19214,19214,8192,17,"pk_gemm(__half const*, __half const*, __half*, int, int, int)",128,8704,0,208,0,128,"ALUStalledByLDS",3.62434724e-02,2081247028057,2081247533523
163,163,"Agent 1",1,19214,19214,8192,17,"pk_gemm(__half const*, __half const*, __half*, int, int, int)",128,8704,0,208,0,128,"LDSBankConflict",12.500000,2081247028057,2081247533523
163,163,"Agent 1",1,19214,19214,8192,17,"pk_gemm(__half const*, __half const*, __half*, int, int, int)",128,8704,0,208,0,128,"MeanOccupancyPerCU",5.818597,2081247028057,2081247533523
163,163,"Agent 1",1,19214,19214,8192,17,"pk_gemm(__half const*, __half const*, __half*, int, int, int)",128,8704,0,208,0,128,"SQ_INSTS_LDS",1310720.000000,2081247028057,2081247533523
163,163,"Agent 1",1,19214,19214,8192,17,"pk_gemm(__half const*, __half const*, __half*, int, int, int)",128,8704,0,208,0,128,"SQ_INST_LEVEL_LDS",124489.000000,2081247028057,2081247533523
163,163,"Agent 1",1,19214,19214,8192,17,"pk_gemm(__half const*, __half const*, __half*, int, int, int)",128,8704,0,208,0,128,"SQ_WAIT_INST_LDS",17723.000000,2081247028057,2081247533523
164,164,"Agent 1",1,19214,19214,8192,17,"pk_gemm(__half const*, __half const*, __half*, int, int, int)",128,8704,0,208,0,128,"ALUStalledByLDS",3.75260573e-02,2081247565944,2081248062834
164,164,"Agent 1",1,19214,19214,8192,17,"pk_gemm(__half const*, __half const*, __half*, int, int, int)",128,8704,0,208,0,128,"LDSBankConflict",12.500000,2081247565944,2081248062834
164,164,"Agent 1",1,19214,19214,8192,17,"pk_gemm(__half const*, __half const*, __half*, int, int, int)",128,8704,0,208,0,128,"MeanOccupancyPerCU",5.783010,2081247565944,2081248062834
164,164,"Agent 1",1,19214,19214,8192,17,"pk_gemm(__half const*, __half const*, __half*, int, int, int)",128,8704,0,208,0,128,"SQ_INSTS_LDS",1310720.000000,2081247565944,2081248062834
164,164,"Agent 1",1,19214,19214,8192,17,"pk_gemm(__half const*, __half const*, __half*, int, int, int)",128,8704,0,208,0,128,"SQ_INST_LEVEL_LDS",123408.000000,2081247565944,2081248062834
164,164,"Agent 1",1,19214,19214,8192,17,"pk_gemm(__half const*, __half const*, __half*, int, int, int)",128,8704,0,208,0,128,"SQ_WAIT_INST_LDS",18042.000000,2081247565944,2081248062834
165,165,"Agent 1",1,19214,19214,8192,17,"pk_gemm(__half const*, __half const*, __half*, int, int, int)",128,8704,0,208,0,128,"ALUStalledByLDS",3.65169204e-02,2081248096176,2081248599197
165,165,"Agent 1",1,19214,19214,8192,17,"pk_gemm(__half const*, __half const*, __half*, int, int, int)",128,8704,0,208,0,128,"LDSBankConflict",12.500000,2081248096176,2081248599197
165,165,"Agent 1",1,19214,19214,8192,17,"pk_gemm(__half const*, __half const*, __half*, int, int, int)",128,8704,0,208,0,128,"MeanOccupancyPerCU",5.847591,2081248096176,2081248599197
165,165,"Agent 1",1,19214,19214,8192,17,"pk_gemm(__half const*, __half const*, __half*, int, int, int)",128,8704,0,208,0,128,"SQ_INSTS_LDS",1310720.000000,2081248096176,2081248599197
165,165,"Agent 1",1,19214,19214,8192,17,"pk_gemm(__half const*, __half const*, __half*, int, int, int)",128,8704,0,208,0,128,"SQ_INST_LEVEL_LDS",124497.000000,2081248096176,2081248599197
165,165,"Agent 1",1,19214,19214,8192,17,"pk_gemm(__half const*, __half const*, __half*, int, int, int)",128,8704,0,208,0,128,"SQ_WAIT_INST_LDS",17768.000000,2081248096176,2081248599197
166,166,"Agent 1",1,19214,19214,8192,17,"pk_gemm(__half const*, __half const*, __half*, int, int, int)",128,8704,0,208,0,128,"ALUStalledByLDS",4.06376277e-02,2081248632179,2081249112358
166,166,"Agent 1",1,19214,19214,8192,17,"pk_gemm(__half const*, __half const*, __half*, int, int, int)",128,8704,0,208,0,128,"LDSBankConflict",12.500000,2081248632179,2081249112358
166,166,"Agent 1",1,19214,19214,8192,17,"pk_gemm(__half const*, __half const*, __half*, int, int, int)",128,8704,0,208,0,128,"MeanOccupancyPerCU",5.905367,2081248632179,2081249112358
166,166,"Agent 1",1,19214,19214,8192,17,"pk_gemm(__half const*, __half const*, __half*, int, int, int)",128,8704,0,208,0,128,"SQ_INSTS_LDS",1310720.000000,2081248632179,2081249112358
166,166,"Agent 1",1,19214,19214,8192,17,"pk_gemm(__half const*, __half const*, __half*, int, int, int)",128,8704,0,208,0,128,"SQ_INST_LEVEL_LDS",125538.000000,2081248632179,2081249112358
166,166,"Agent 1",1,19214,19214,8192,17,"pk_gemm(__half const*, __half const*, __half*, int, int, int)",128,8704,0,208,0,128,"SQ_WAIT_INST_LDS",18884.000000,2081248632179,2081249112358
167,167,"Agent 1",1,19214,19214,8192,17,"pk_gemm(__half const*, __half const*, __half*, int, int, int)",128,8704,0,208,0,128,"ALUStalledByLDS",3.48278536e-02,2081249145620,2081249653650
167,167,"Agent 1",1,19214,19214,8192,17,"pk_gemm(__half const*, __half const*, __half*, int, int, int)",128,8704,0,208,0,128,"LDSBankConflict",12.500000,2081249145620,2081249653650
167,167,"Agent 1",1,19214,19214,8192,17,"pk_gemm(__half const*, __half const*, __half*, int, int, int)",128,8704,0,208,0,128,"MeanOccupancyPerCU",5.905967,2081249145620,2081249653650
167,167,"Agent 1",1,19214,19214,8192,17,"pk_gemm(__half const*, __half const*, __half*, int, int, int)",128,8704,0,208,0,128,"SQ_INSTS_LDS",1310720.000000,2081249145620,2081249653650
167,167,"Agent 1",1,19214,19214,8192,17,"pk_gemm(__half const*, __half const*, __half*, int, int, int)",128,8704,0,208,0,128,"SQ_INST_LEVEL_LDS",124129.000000,2081249145620,2081249653650
167,167,"Agent 1",1,19214,19214,8192,17,"pk_gemm(__half const*, __half const*, __half*, int, int, int)",128,8704,0,208,0,128,"SQ_WAIT_INST_LDS",17123.000000,2081249145620,2081249653650
168,168,"Agent 1",1,19214,19214,8192,17,"pk_gemm(__half const*, __half const*, __half*, int, int, int)",128,8704,0,208,0,128,"ALUStalledByLDS",3.63376359e-02,2081249721618,2081250228767
168,168,"Agent 1",1,19214,19214,8192,17,"pk_gemm(__half const*, __half const*, __half*, int, int, int)",128,8704,0,208,0,128,"LDSBankConflict",12.500000,2081249721618,2081250228767
168,168,"Agent 1",1,19214,19214,8192,17,"pk_gemm(__half const*, __half const*, __half*, int, int, int)",128,8704,0,208,0,128,"MeanOccupancyPerCU",5.768153,2081249721618,2081250228767
168,168,"Agent 1",1,19214,19214,8192,17,"pk_gemm(__half const*, __half const*, __half*, int, int, int)",128,8704,0,208,0,128,"SQ_INSTS_LDS",1310720.000000,2081249721618,2081250228767
168,168,"Agent 1",1,19214,19214,8192,17,"pk_gemm(__half const*, __half const*, __half*, int, int, int)",128,8704,0,208,0,128,"SQ_INST_LEVEL_LDS",124616.000000,2081249721618,2081250228767
168,168,"Agent 1",1,19214,19214,8192,17,"pk_gemm(__half const*, __half const*, __half*, int, int, int)",128,8704,0,208,0,128,"SQ_WAIT_INST_LDS",17830.000000,2081249721618,2081250228767
169,169,"Agent 1",1,19214,19214,8192,17,"pk_gemm(__half const*, __half const*, __half*, int, int, int)",128,8704,0,208,0,128,"ALUStalledByLDS",3.86468533e-02,2081250266397,2081250758959
169,169,"Agent 1",1,19214,19214,8192,17,"pk_gemm(__half const*, __half const*, __half*, int, int, int)",128,8704,0,208,0,128,"LDSBankConflict",12.500000,2081250266397,2081250758959
169,169,"Agent 1",1,19214,19214,8192,17,"pk_gemm(__half const*, __half const*, __half*, int, int, int)",128,8704,0,208,0,128,"MeanOccupancyPerCU",5.817469,2081250266397,2081250758959
169,169,"Agent 1",1,19214,19214,8192,17,"pk_gemm(__half const*, __half const*, __half*, int, int, int)",128,8704,0,208,0,128,"SQ_INSTS_LDS",1310720.000000,2081250266397,2081250758959
169,169,"Agent 1",1,19214,19214,8192,17,"pk_gemm(__half const*, __half const*, __half*, int, int, int)",128,8704,0,208,0,128,"SQ_INST_LEVEL_LDS",124226.000000,2081250266397,2081250758959
169,169,"Agent 1",1,19214,19214,8192,17,"pk_gemm(__half const*, __half const*, __half*, int, int, int)",128,8704,0,208,0,128,"SQ_WAIT_INST_LDS",18424.000000,2081250266397,2081250758959
170,170,"Agent 1",1,19214,19214,8192,17,"pk_gemm(__half const*, __half const*, __half*, int, int, int)",128,8704,0,208,0,128,"ALUStalledByLDS",3.59071373e-02,2081250797591,2081251303377
170,170,"Agent 1",1,19214,19214,8192,17,"pk_gemm(__half const*, __half const*, __half*, int, int, int)",128,8704,0,208,0,128,"LDSBankConflict",12.500000,2081250797591,2081251303377
170,170,"Agent 1",1,19214,19214,8192,17,"pk_gemm(__half const*, __half const*, __half*, int, int, int)",128,8704,0,208,0,128,"MeanOccupancyPerCU",5.823828,2081250797591,2081251303377
170,170,"Agent 1",1,19214,19214,8192,17,"pk_gemm(__half const*, __half const*, __half*, int, int, int)",128,8704,0,208,0,128,"SQ_INSTS_LDS",1310720.000000,2081250797591,2081251303377
170,170,"Agent 1",1,19214,19214,8192,17,"pk_gemm(__half const*, __half const*, __half*, int, int, int)",128,8704,0,208,0,128,"SQ_INST_LEVEL_LDS",123631.000000,2081250797591,2081251303377
170,170,"Agent 1",1,19214,19214,8192,17,"pk_gemm(__half const*, __half const*, __half*, int, int, int)",128,8704,0,208,0,128,"SQ_WAIT_INST_LDS",17570.000000,2081250797591,2081251303377
171,171,"Agent 1",1,19214,19214,8192,17,"pk_gemm(__half const*, __half const*, __half*, int, int, int)",128,8704,0,208,0,128,"ALUStalledByLDS",3.84857310e-02,2081251340968,2081251830764
171,171,"Agent 1",1,19214,19214,8192,17,"pk_gemm(__half const*, __half const*, __half*, int, int, int)",128,8704,0,208,0,128,"LDSBankConflict",12.500000,2081251340968,2081251830764
171,171,"Agent 1",1,19214,19214,8192,17,"pk_gemm(__half const*, __half const*, __half*, int, int, int)",128,8704,0,208,0,128,"MeanOccupancyPerCU",5.871993,2081251340968,2081251830764
171,171,"Agent 1",1,19214,19214,8192,17,"pk_gemm(__half const*, __half const*, __half*, int, int, int)",128,8704,0,208,0,128,"SQ_INSTS_LDS",1310720.000000,2081251340968,2081251830764
171,171,"Agent 1",1,19214,19214,8192,17,"pk_gemm(__half const*, __half const*, __half*, int, int, int)",128,8704,0,208,0,128,"SQ_INST_LEVEL_LDS",124646.000000,2081251340968,2081251830764
171,171,"Agent 1",1,19214,19214,8192,17,"pk_gemm(__half const*, __half const*, __half*, int, int, int)",128,8704,0,208,0,128,"SQ_WAIT_INST_LDS",18238.000000,2081251340968,2081251830764
172,172,"Agent 1",1,19214,19214,8192,17,"pk_gemm(__half const*, __half const*, __half*, int, int, int)",128,8704,0,208,0,128,"ALUStalledByLDS",3.55549924e-02,2081251866431,2081252368009
172,172,"Agent 1",1,19214,19214,8192,17,"pk_gemm(__half const*, __half const*, __half*, int, int, int)",128,8704,0,208,0,128,"LDSBankConflict",12.500000,2081251866431,2081252368009
172,172,"Agent 1",1,19214,19214,8192,17,"pk_gemm(__half const*, __half const*, __half*, int, int, int)",128,8704,0,208,0,128,"MeanOccupancyPerCU",5.911223,2081251866431,2081252368009
172,172,"Agent 1",1,19214,19214,8192,17,"pk_gemm(__half const*, __half const*, __half*, int, int, int)",128,8704,0,208,0,128,"SQ_INSTS_LDS",1310720.000000,2081251866431,2081252368009
172,172,"Agent 1",1,19214,19214,8192,17,"pk_gemm(__half const*, __half const*, __half*, int, int, int)",128,8704,0,208,0,128,"SQ_INST_LEVEL_LDS",123462.000000,2081251866431,2081252368009
172,172,"Agent 1",1,19214,19214,8192,17,"pk_gemm(__half const*, __half const*, __half*, int, int, int)",128,8704,0,208,0,128,"SQ_WAIT_INST_LDS",17262.000000,2081251866431,2081252368009
173,173,"Agent 1",1,19214,19214,8192,17,"pk_gemm(__half const*, __half const*, __half*, int, int, int)",128,8704,0,208,0,128,"ALUStalledByLDS",3.84003424e-02,2081252405480,2081252900927
173,173,"Agent 1",1,19214,19214,8192,17,"pk_gemm(__half const*, __half const*, __half*, int, int, int)",128,8704,0,208,0,128,"LDSBankConflict",12.500000,2081252405480,2081252900927
173,173,"Agent 1",1,19214,19214,8192,17,"pk_gemm(__half const*, __half const*, __half*, int, int, int)",128,8704,0,208,0,128,"MeanOccupancyPerCU",5.917526,2081252405480,2081252900927
173,173,"Agent 1",1,19214,19214,8192,17,"pk_gemm(__half const*, __half const*, __half*, int, int, int)",128,8704,0,208,0,128,"SQ_INSTS_LDS",1310720.000000,2081252405480,2081252900927
173,173,"Agent 1",1,19214,19214,8192,17,"pk_gemm(__half const*, __half const*, __half*, int, int, int)",128,8704,0,208,0,128,"SQ_INST_LEVEL_LDS",124232.000000,2081252405480,2081252900927
173,173,"Agent 1",1,19214,19214,8192,17,"pk_gemm(__half const*, __half const*, __half*, int, int, int)",128,8704,0,208,0,128,"SQ_WAIT_INST_LDS",18404.000000,2081252405480,2081252900927
174,174,"Agent 1",1,19214,19214,8192,17,"pk_gemm(__half const*, __half const*, __half*, int, int, int)",128,8704,0,208,0,128,"ALUStalledByLDS",4.07239012e-02,2081252938036,2081253422703
174,174,"Agent 1",1,19214,19214,8192,17,"pk_gemm(__half const*, __half const*, __half*, int, int, int)",128,8704,0,208,0,128,"LDSBankConflict",12.500000,2081252938036,2081253422703
174,174,"Agent 1",1,19214,19214,8192,17,"pk_gemm(__half const*, __half const*, __half*, int, int, int)",128,8704,0,208,0,128,"MeanOccupancyPerCU",5.807897,2081252938036,2081253422703
174,174,"Agent 1",1,19214,19214,8192,17,"pk_gemm(__half const*, __half const*, __half*, int, int, int)",128,8704,0,208,0,128,"SQ_INSTS_LDS",1310720.000000,2081252938036,2081253422703
174,174,"Agent 1",1,19214,19214,8192,17,"pk_gemm(__half const*, __half const*, __half*, int, int, int)",128,8704,0,208,0,128,"SQ_INST_LEVEL_LDS",125140.000000,2081252938036,2081253422703
174,174,"Agent 1",1,19214,19214,8192,17,"pk_gemm(__half const*, __half const*, __half*, int, int, int)",128,8704,0,208,0,128,"SQ_WAIT_INST_LDS",19091.000000,2081252938036,2081253422703
175,175,"Agent 1",1,19214,19214,8192,17,"pk_gemm(__half const*, __half const*, __half*, int, int, int)",128,8704,0,208,0,128,"ALUStalledByLDS",3.73446964e-02,2081253458570,2081253951332
175,175,"Agent 1",1,19214,19214,8192,17,"pk_gemm(__half const*, __half const*, __half*, int, int, int)",128,8704,0,208,0,128,"LDSBankConflict",12.500000,2081253458570,2081253951332
175,175,"Agent 1",1,19214,19214,8192,17,"pk_gemm(__half const*, __half const*, __half*, int, int, int)",128,8704,0,208,0,128,"MeanOccupancyPerCU",5.856338,2081253458570,2081253951332
175,175,"Agent 1",1,19214,19214,8192,17,"pk_gemm(__half const*, __half const*, __half*, int, int, int)",128,8704,0,208,0,128,"SQ_INSTS_LDS",1310720.000000,2081253458570,2081253951332
175,175,"Agent 1",1,19214,19214,8192,17,"pk_gemm(__half const*, __half const*, __half*, int, int, int)",128,8704,0,208,0,128,"SQ_INST_LEVEL_LDS",125106.000000,2081253458570,2081253951332
175,175,"Agent 1",1,19214,19214,8192,17,"pk_gemm(__half const*, __half const*, __half*, int, int, int)",128,8704,0,208,0,128,"SQ_WAIT_INST_LDS",17800.000000,2081253458570,2081253951332
176,176,"Agent 1",1,19214,19214,8192,17,"pk_gemm(__half const*, __half const*, __half*, int, int, int)",128,8704,0,208,0,128,"ALUStalledByLDS",3.88339109e-02,2081253988522,2081254470944
176,176,"Agent 1",1,19214,19214,8192,17,"pk_gemm(__half const*, __half const*, __half*, int, int, int)",128,8704,0,208,0,128,"LDSBankConflict",12.500000,2081253988522,2081254470944
176,176,"Agent 1",1,19214,19214,8192,17,"pk_gemm(__half const*, __half const*, __half*, int, int, int)",128,8704,0,208,0,128,"MeanOccupancyPerCU",5.850055,2081253988522,2081254470944
176,176,"Agent 1",1,19214,19214,8192,17,"pk_gemm(__half const*, __half const*, __half*, int, int, int)",128,8704,0,208,0,128,"SQ_INSTS_LDS",1310720.000000,2081253988522,2081254470944
176,176,"Agent 1",1,19214,19214,8192,17,"pk_gemm(__half const*, __half const*, __half*, int, int, int)",128,8704,0,208,0,128,"SQ_INST_LEVEL_LDS",124148.000000,2081253988522,2081254470944
176,176,"Agent 1",1,19214,19214,8192,17,"pk_gemm(__half const*, __half const*, __half*, int, int, int)",128,8704,0,208,0,128,"SQ_WAIT_INST_LDS",18131.000000,2081253988522,2081254470944
177,177,"Agent 1",1,19214,19214,8192,17,"pk_gemm(__half const*, __half const*, __half*, int, int, int)",128,8704,0,208,0,128,"ALUStalledByLDS",3.46750213e-02,2081254507573,2081255015123
177,177,"Agent 1",1,19214,19214,8192,17,"pk_gemm(__half const*, __half const*, __half*, int, int, int)",128,8704,0,208,0,128,"LDSBankConflict",12.500000,2081254507573,2081255015123
177,177,"Agent 1",1,19214,19214,8192,17,"pk_gemm(__half const*, __half const*, __half*, int, int, int)",128,8704,0,208,0,128,"MeanOccupancyPerCU",5.923000,2081254507573,2081255015123
177,177,"Agent 1",1,19214,19214,8192,17,"pk_gemm(__half const*, __half const*, __half*, int, int, int)",128,8704,0,208,0,128,"SQ_INSTS_LDS",1310720.000000,2081254507573,2081255015123
177,177,"Agent 1",1,19214,19214,8192,17,"pk_gemm(__half const*, __half const*, __half*, int, int, int)",128,8704,0,208,0,128,"SQ_INST_LEVEL_LDS",124173.000000,2081254507573,2081255015123
177,177,"Agent 1",1,19214,19214,8192,17,"pk_gemm(__half const*, __half const*, __half*, int, int, int)",128,8704,0,208,0,128,"SQ_WAIT_INST_LDS",17027.000000,2081254507573,2081255015123
178,178,"Agent 1",1,19214,19214,8192,17,"pk_gemm(__half const*, __half const*, __half*, int, int, int)",128,8704,0,208,0,128,"ALUStalledByLDS",3.74081146e-02,2081255050709,2081255546958
178,178,"Agent 1",1,19214,19214,8192,17,"pk_gemm(__half const*, __half const*, __half*, int, int, int)",128,8704,0,208,0,128,"LDSBankConflict",12.500000,2081255050709,2081255546958
178,178,"Agent 1",1,19214,19214,8192,17,"pk_gemm(__half const*, __half const*, __half*, int, int, int)",128,8704,0,208,0,128,"MeanOccupancyPerCU",5.887862,2081255050709,2081255546958
178,178,"Agent 1",1,19214,19214,8192,17,"pk_gemm(__half const*, __half const*, __half*, int, int, int)",128,8704,0,208,0,128,"SQ_INSTS_LDS",1310720.000000,2081255050709,2081255546958
178,178,"Agent 1",1,19214,19214,8192,17,"pk_gemm(__half const*, __half const*, __half*, int, int, int)",128,8704,0,208,0,128,"SQ_INST_LEVEL_LDS",124772.000000,2081255050709,2081255546958
178,178,"Agent 1",1,19214,19214,8192,17,"pk_gemm(__half const*, __half const*, __half*, int, int, int)",128,8704,0,208,0,128,"SQ_WAIT_INST_LDS",17962.000000,2081255050709,2081255546958
179,179,"Agent 1",1,19214,19214,8192,17,"pk_gemm(__half const*, __half const*, __half*, int, int, int)",128,8704,0,208,0,128,"ALUStalledByLDS",3.86781284e-02,2081255584027,2081256068293
179,179,"Agent 1",1,19214,19214,8192,17,"pk_gemm(__half const*, __half const*, __half*, int, int, int)",128,8704,0,208,0,128,"LDSBankConflict",12.500000,2081255584027,2081256068293
179,179,"Agent 1",1,19214,19214,8192,17,"pk_gemm(__half const*, __half const*, __half*, int, int, int)",128,8704,0,208,0,128,"MeanOccupancyPerCU",5.870573,2081255584027,2081256068293
179,179,"Agent 1",1,19214,19214,8192,17,"pk_gemm(__half const*, __half const*, __half*, int, int, int)",128,8704,0,208,0,128,"SQ_INSTS_LDS",1310720.000000,2081255584027,2081256068293
179,179,"Agent 1",1,19214,19214,8192,17,"pk_gemm(__half const*, __half const*, __half*, int, int, int)",128,8704,0,208,0,128,"SQ_INST_LEVEL_LDS",123717.000000,2081255584027,2081256068293
179,179,"Agent 1",1,19214,19214,8192,17,"pk_gemm(__half const*, __half const*, __half*, int, int, int)",128,8704,0,208,0,128,"SQ_WAIT_INST_LDS",18138.000000,2081255584027,2081256068293
180,180,"Agent 1",1,19214,19214,8192,17,"pk_gemm(__half const*, __half const*, __half*, int, int, int)",128,8704,0,208,0,128,"ALUStalledByLDS",3.43877679e-02,2081256104601,2081256617200
180,180,"Agent 1",1,19214,19214,8192,17,"pk_gemm(__half const*, __half const*, __half*, int, int, int)",128,8704,0,208,0,128,"LDSBankConflict",12.500000,2081256104601,2081256617200
180,180,"Agent 1",1,19214,19214,8192,17,"pk_gemm(__half const*, __half const*, __half*, int, int, int)",128,8704,0,208,0,128,"MeanOccupancyPerCU",5.921032,2081256104601,2081256617200
180,180,"Agent 1",1,19214,19214,8192,17,"pk_gemm(__half const*, __half const*, __half*, int, int, int)",128,8704,0,208,0,128,"SQ_INSTS_LDS",1310720.000000,2081256104601,2081256617200
180,180,"Agent 1",1,19214,19214,8192,17,"pk_gemm(__half const*, __half const*, __half*, int, int, int)",128,8704,0,208,0,128,"SQ_INST_LEVEL_LDS",124214.000000,2081256104601,2081256617200
180,180,"Agent 1",1,19214,19214,8192,17,"pk_gemm(__half const*, __half const*, __half*, int, int, int)",128,8704,0,208,0,128,"SQ_WAIT_INST_LDS",17054.000000,2081256104601,2081256617200
181,181,"Agent 1",1,19214,19214,8192,17,"pk_gemm(__half const*, __half const*, __half*, int, int, int)",128,8704,0,208,0,128,"ALUStalledByLDS",3.81531527e-02,2081256654751,2081257151641
181,181,"Agent 1",1,19214,19214,8192,17,"pk_gemm(__half const*, __half const*, __half*, int, int, int)",128,8704,0,208,0,128,"LDSBankConflict",12.500000,2081256654751,2081257151641
181,181,"Agent 1",1,19214,19214,8192,17,"pk_gemm(__half const*, __half const*, __half*, int, int, int)",128,8704,0,208,0,128,"MeanOccupancyPerCU",5.841286,2081256654751,2081257151641
181,181,"Agent 1",1,19214,19214,8192,17,"pk_gemm(__half const*, __half const*, __half*, int, int, int)",128,8704,0,208,0,128,"SQ_INSTS_LDS",1310720.000000,2081256654751,2081257151641
181,181,"Agent 1",1,19214,19214,8192,17,"pk_gemm(__half const*, __half const*, __half*, int, int, int)",128,8704,0,208,0,128,"SQ_INST_LEVEL_LDS",123600.000000,2081256654751,2081257151641
181,181,"Agent 1",1,19214,19214,8192,17,"pk_gemm(__half const*, __half const*, __half*, int, int, int)",128,8704,0,208,0,128,"SQ_WAIT_INST_LDS",18334.000000,2081256654751,2081257151641
182,182,"Agent 1",1,19214,19214,8192,17,"pk_gemm(__half const*, __half const*, __half*, int, int, int)",128,8704,0,208,0,128,"ALUStalledByLDS",3.67761886e-02,2081257186906,2081257685720
182,182,"Agent 1",1,19214,19214,8192,17,"pk_gemm(__half const*, __half const*, __half*, int, int, int)",128,8704,0,208,0,128,"LDSBankConflict",12.500000,2081257186906,2081257685720
182,182,"Agent 1",1,19214,19214,8192,17,"pk_gemm(__half const*, __half const*, __half*, int, int, int)",128,8704,0,208,0,128,"MeanOccupancyPerCU",5.835412,2081257186906,2081257685720
182,182,"Agent 1",1,19214,19214,8192,17,"pk_gemm(__half const*, __half const*, __half*, int, int, int)",128,8704,0,208,0,128,"SQ_INSTS_LDS",1310720.000000,2081257186906,2081257685720
182,182,"Agent 1",1,19214,19214,8192,17,"pk_gemm(__half const*, __half const*, __half*, int, int, int)",128,8704,0,208,0,128,"SQ_INST_LEVEL_LDS",124297.000000,2081257186906,2081257685720
182,182,"Agent 1",1,19214,19214,8192,17,"pk_gemm(__half const*, __half const*, __half*, int, int, int)",128,8704,0,208,0,128,"SQ_WAIT_INST_LDS",17747.000000,2081257186906,2081257685720
183,183,"Agent 1",1,19214,19214,8192,17,"pk_gemm(__half const*, __half const*, __half*, int, int, int)",128,8704,0,208,0,128,"ALUStalledByLDS",3.86845095e-02,2081257721347,2081258216433
183,183,"Agent 1",1,19214,19214,8192,17,"pk_gemm(__half const*, __half const*, __half*, int, int, int)",128,8704,0,208,0,128,"LDSBankConflict",12.500000,2081257721347,2081258216433
183,183,"Agent 1",1,19214,19214,8192,17,"pk_gemm(__half const*, __half const*, __half*, int, int, int)",128,8704,0,208,0,128,"MeanOccupancyPerCU",5.859680,2081257721347,2081258216433
183,183,"Agent 1",1,19214,19214,8192,17,"pk_gemm(__half const*, __half const*, __half*, int, int, int)",128,8704,0,208,0,128,"SQ_INSTS_LDS",1310720.000000,2081257721347,2081258216433
183,183,"Agent 1",1,19214,19214,8192,17,"pk_gemm(__half const*, __half const*, __half*, int, int, int)",128,8704,0,208,0,128,"SQ_INST_LEVEL_LDS",125299.000000,2081257721347,2081258216433
183,183,"Agent 1",1,19214,19214,8192,17,"pk_gemm(__half const*, __half const*, __half*, int, int, int)",128,8704,0,208,0,128,"SQ_WAIT_INST_LDS",18524.000000,2081257721347,2081258216433
184,184,"Agent 1",1,19214,19214,8192,17,"pk_gemm(__half const*, __half const*, __half*, int, int, int)",128,8704,0,208,0,128,"ALUStalledByLDS",4.09919985e-02,2081258252420,2081258727950
184,184,"Agent 1",1,19214,19214,8192,17,"pk_gemm(__half const*, __half const*, __half*, int, int, int)",128,8704,0,208,0,128,"LDSBankConflict",12.500000,2081258252420,2081258727950
184,184,"Agent 1",1,19214,19214,8192,17,"pk_gemm(__half const*, __half const*, __half*, int, int, int)",128,8704,0,208,0,128,"MeanOccupancyPerCU",5.886517,2081258252420,2081258727950
184,184,"Agent 1",1,19214,19214,8192,17,"pk_gemm(__half const*, __half const*, __half*, int, int, int)",128,8704,0,208,0,128,"SQ_INSTS_LDS",1310720.000000,2081258252420,2081258727950
184,184,"Agent 1",1,19214,19214,8192,17,"pk_gemm(__half const*, __half const*, __half*, int, int, int)",128,8704,0,208,0,128,"SQ_INST_LEVEL_LDS",124977.000000,2081258252420,2081258727950
184,184,"Agent 1",1,19214,19214,8192,17,"pk_gemm(__half const*, __half const*, __half*, int, int, int)",128,8704,0,208,0,128,"SQ_WAIT_INST_LDS",18866.000000,2081258252420,2081258727950
185,185,"Agent 1",1,19214,19214,8192,17,"pk_gemm(__half const*, __half const*, __half*, int, int, int)",128,8704,0,208,0,128,"ALUStalledByLDS",3.59486576e-02,2081258763817,2081259268161
185,185,"Agent 1",1,19214,19214,8192,17,"pk_gemm(__half const*, __half const*, __half*, int, int, int)",128,8704,0,208,0,128,"LDSBankConflict",12.500000,2081258763817,2081259268161
185,185,"Agent 1",1,19214,19214,8192,17,"pk_gemm(__half const*, __half const*, __half*, int, int, int)",128,8704,0,208,0,128,"MeanOccupancyPerCU",5.817973,2081258763817,2081259268161
185,185,"Agent 1",1,19214,19214,8192,17,"pk_gemm(__half const*, __half const*, __half*, int, int, int)",128,8704,0,208,0,128,"SQ_INSTS_LDS",1310720.000000,2081258763817,2081259268161
185,185,"Agent 1",1,19214,19214,8192,17,"pk_gemm(__half const*, __half const*, __half*, int, int, int)",128,8704,0,208,0,128,"SQ_INST_LEVEL_LDS",124095.000000,2081258763817,2081259268161
185,185,"Agent 1",1,19214,19214,8192,17,"pk_gemm(__half const*, __half const*, __half*, int, int, int)",128,8704,0,208,0,128,"SQ_WAIT_INST_LDS",17540.000000,2081258763817,2081259268161
186,186,"Agent 1",1,19214,19214,8192,17,"pk_gemm(__half const*, __half const*, __half*, int, int, int)",128,8704,0,208,0,128,"ALUStalledByLDS",3.74222530e-02,2081259302265,2081259802320
186,186,"Agent 1",1,19214,19214,8192,17,"pk_gemm(__half const*, __half const*, __half*, int, int, int)",128,8704,0,208,0,128,"LDSBankConflict",12.500000,2081259302265,2081259802320
186,186,"Agent 1",1,19214,19214,8192,17,"pk_gemm(__half const*, __half const*, __half*, int, int, int)",128,8704,0,208,0,128,"MeanOccupancyPerCU",5.799191,2081259302265,2081259802320
186,186,"Agent 1",1,19214,19214,8192,17,"pk_gemm(__half const*, __half const*, __half*, int, int, int)",128,8704,0,208,0,128,"SQ_INSTS_LDS",1310720.000000,2081259302265,2081259802320
186,186,"Agent 1",1,19214,19214,8192,17,"pk_gemm(__half const*, __half const*, __half*, int, int, int)",128,8704,0,208,0,128,"SQ_INST_LEVEL_LDS",124066.000000,2081259302265,2081259802320
186,186,"Agent 1",1,19214,19214,8192,17,"pk_gemm(__half const*, __half const*, __half*, int, int, int)",128,8704,0,208,0,128,"SQ_WAIT_INST_LDS",18102.000000,2081259302265,2081259802320
187,187,"Agent 1",1,19214,19214,8192,17,"pk_gemm(__half const*, __half const*, __half*, int, int, int)",128,8704,0,208,0,128,"ALUStalledByLDS",3.56222436e-02,2081259838308,2081260340728
187,187,"Agent 1",1,19214,19214,8192,17,"pk_gemm(__half const*, __half const*, __half*, int, int, int)",128,8704,0,208,0,128,"LDSBankConflict",12.500000,2081259838308,2081260340728
187,187,"Agent 1",1,19214,19214,8192,17,"pk_gemm(__half const*, __half const*, __half*, int, int, int)",128,8704,0,208,0,128,"MeanOccupancyPerCU",5.912027,2081259838308,2081260340728
187,187,"Agent 1",1,19214,19214,8192,17,"pk_gemm(__half const*, __half const*, __half*, int, int, int)",128,8704,0,208,0,128,"SQ_INSTS_LDS",1310720.000000,2081259838308,2081260340728
187,187,"Agent 1",1,19214,19214,8192,17,"pk_gemm(__half const*, __half const*, __half*, int, int, int)",128,8704,0,208,0,128,"SQ_INST_LEVEL_LDS",123658.000000,2081259838308,2081260340728
187,187,"Agent 1",1,19214,19214,8192,17,"pk_gemm(__half const*, __half const*, __half*, int, int, int)",128,8704,0,208,0,128,"SQ_WAIT_INST_LDS",17312.000000,2081259838308,2081260340728
188,188,"Agent 1",1,19214,19214,8192,17,"pk_gemm(__half const*, __half const*, __half*, int, int, int)",128,8704,0,208,0,128,"ALUStalledByLDS",4.00283759e-02,2081260377236,2081260866031
188,188,"Agent 1",1,19214,19214,8192,17,"pk_gemm(__half const*, __half const*, __half*, int, int, int)",128,8704,0,208,0,128,"LDSBankConflict",12.500000,2081260377236,2081260866031
188,188,"Agent 1",1,19214,19214,8192,17,"pk_gemm(__half const*, __half const*, __half*, int, int, int)",128,8704,0,208,0,128,"MeanOccupancyPerCU",5.843236,2081260377236,2081260866031
188,188,"Agent 1",1,19214,19214,8192,17,"pk_gemm(__half const*, __half const*, __half*, int, int, int)",128,8704,0,208,0,128,"SQ_INSTS_LDS",1310720.000000,2081260377236,2081260866031
188,188,"Agent 1",1,19214,19214,8192,17,"pk_gemm(__half const*, __half const*, __half*, int, int, int)",128,8704,0,208,0,128,"SQ_INST_LEVEL_LDS",125394.000000,2081260377236,2081260866031
188,188,"Agent 1",1,19214,19214,8192,17,"pk_gemm(__half const*, __half const*, __half*, int, int, int)",128,8704,0,208,0,128,"SQ_WAIT_INST_LDS",18932.000000,2081260377236,2081260866031
189,189,"Agent 1",1,19214,19214,8192,17,"pk_gemm(__half const*, __half const*, __half*, int, int, int)",128,8704,0,208,0,128,"ALUStalledByLDS",3.86958224e-02,2081260899934,2081261386244
189,189,"Agent 1",1,19214,19214,8192,17,"pk_gemm(__half const*, __half const*, __half*, int, int, int)",128,8704,0,208,0,128,"LDSBankConflict",12.500000,2081260899934,2081261386244
189,189,"Agent 1",1,19214,19214,8192,17,"pk_gemm(__half const*, __half const*, __half*, int, int, int)",128,8704,0,208,0,128,"MeanOccupancyPerCU",5.812415,2081260899934,2081261386244
189,189,"Agent 1",1,19214,19214,8192,17,"pk_gemm(__half const*, __half const*, __half*, int, int, int)",128,8704,0,208,0,128,"SQ_INSTS_LDS",1310720.000000,2081260899934,2081261386244
189,189,"Agent 1",1,19214,19214,8192,17,"pk_gemm(__half const*, __half const*, __half*, int, int, int)",128,8704,0,208,0,128,"SQ_INST_LEVEL_LDS",125676.000000,2081260899934,2081261386244
189,189,"Agent 1",1,19214,19214,8192,17,"pk_gemm(__half const*, __half const*, __half*, int, int, int)",128,8704,0,208,0,128,"SQ_WAIT_INST_LDS",18212.000000,2081260899934,2081261386244
190,190,"Agent 1",1,19214,19214,8192,17,"pk_gemm(__half const*, __half const*, __half*, int, int, int)",128,8704,0,208,0,128,"ALUStalledByLDS",3.52343146e-02,2081261421230,2081261929541
190,190,"Agent 1",1,19214,19214,8192,17,"pk_gemm(__half const*, __half const*, __half*, int, int, int)",128,8704,0,208,0,128,"LDSBankConflict",12.500000,2081261421230,2081261929541
190,190,"Agent 1",1,19214,19214,8192,17,"pk_gemm(__half const*, __half const*, __half*, int, int, int)",128,8704,0,208,0,128,"MeanOccupancyPerCU",5.929190,2081261421230,2081261929541
190,190,"Agent 1",1,19214,19214,8192,17,"pk_gemm(__half const*, __half const*, __half*, int, int, int)",128,8704,0,208,0,128,"SQ_INSTS_LDS",1310720.000000,2081261421230,2081261929541
190,190,"Agent 1",1,19214,19214,8192,17,"pk_gemm(__half const*, __half const*, __half*, int, int, int)",128,8704,0,208,0,128,"SQ_INST_LEVEL_LDS",124018.000000,2081261421230,2081261929541
190,190,"Agent 1",1,19214,19214,8192,17,"pk_gemm(__half const*, __half const*, __half*, int, int, int)",128,8704,0,208,0,128,"SQ_WAIT_INST_LDS",17325.000000,2081261421230,2081261929541
191,191,"Agent 1",1,19214,19214,8192,17,"pk_gemm(__half const*, __half const*, __half*, int, int, int)",128,8704,0,208,0,128,"ALUStalledByLDS",3.57521775e-02,2081261964085,2081262470313
191,191,"Agent 1",1,19214,19214,8192,17,"pk_gemm(__half const*, __half const*, __half*, int, int, int)",128,8704,0,208,0,128,"LDSBankConflict",12.500000,2081261964085,2081262470313
191,191,"Agent 1",1,19214,19214,8192,17,"pk_gemm(__half const*, __half const*, __half*, int, int, int)",128,8704,0,208,0,128,"MeanOccupancyPerCU",5.847419,2081261964085,2081262470313
191,191,"Agent 1",1,19214,19214,8192,17,"pk_gemm(__half const*, __half const*, __half*, int, int, int)",128,8704,0,208,0,128,"SQ_INSTS_LDS",1310720.000000,2081261964085,2081262470313
191,191,"Agent 1",1,19214,19214,8192,17,"pk_gemm(__half const*, __half const*, __half*, int, int, int)",128,8704,0,208,0,128,"SQ_INST_LEVEL_LDS",123799.000000,2081261964085,2081262470313
191,191,"Agent 1",1,19214,19214,8192,17,"pk_gemm(__half const*, __half const*, __half*, int, int, int)",128,8704,0,208,0,128,"SQ_WAIT_INST_LDS",17512.000000,2081261964085,2081262470313
192,192,"Agent 1",1,19214,19214,8192,17,"pk_gemm(__half const*, __half const*, __half*, int, int, int)",128,8704,0,208,0,128,"ALUStalledByLDS",3.56201384e-02,2081262504817,2081263005554
192,192,"Agent 1",1,19214,19214,8192,17,"pk_gemm(__half const*, __half const*, __half*, int, int, int)",128,8704,0,208,0,128,"LDSBankConflict",12.500000,2081262504817,2081263005554
192,192,"Agent 1",1,19214,19214,8192,17,"pk_gemm(__half const*, __half const*, __half*, int, int, int)",128,8704,0,208,0,128,"MeanOccupancyPerCU",5.913026,2081262504817,2081263005554
192,192,"Agent 1",1,19214,19214,8192,17,"pk_gemm(__half const*, __half const*, __half*, int, int, int)",128,8704,0,208,0,128,"SQ_INSTS_LDS",1310720.000000,2081262504817,2081263005554
192,192,"Agent 1",1,19214,19214,8192,17,"pk_gemm(__half const*, __half const*, __half*, int, int, int)",128,8704,0,208,0,128,"SQ_INST_LEVEL_LDS",122697.000000,2081262504817,2081263005554
192,192,"Agent 1",1,19214,19214,8192,17,"pk_gemm(__half const*, __half const*, __half*, int, int, int)",128,8704,0,208,0,128,"SQ_WAIT_INST_LDS",17259.000000,2081262504817,2081263005554
193,193,"Agent 1",1,19214,19214,8192,17,"pk_gemm(__half const*, __half const*, __half*, int, int, int)",128,8704,0,208,0,128,"ALUStalledByLDS",3.86941667e-02,2081263039818,2081263538912
193,193,"Agent 1",1,19214,19214,8192,17,"pk_gemm(__half const*, __half const*, __half*, int, int, int)",128,8704,0,208,0,128,"LDSBankConflict",12.500000,2081263039818,2081263538912
193,193,"Agent 1",1,19214,19214,8192,17,"pk_gemm(__half const*, __half const*, __half*, int, int, int)",128,8704,0,208,0,128,"MeanOccupancyPerCU",5.846818,2081263039818,2081263538912
193,193,"Agent 1",1,19214,19214,8192,17,"pk_gemm(__half const*, __half const*, __half*, int, int, int)",128,8704,0,208,0,128,"SQ_INSTS_LDS",1310720.000000,2081263039818,2081263538912
193,193,"Agent 1",1,19214,19214,8192,17,"pk_gemm(__half const*, __half const*, __half*, int, int, int)",128,8704,0,208,0,128,"SQ_INST_LEVEL_LDS",125266.000000,2081263039818,2081263538912
193,193,"Agent 1",1,19214,19214,8192,17,"pk_gemm(__half const*, __half const*, __half*, int, int, int)",128,8704,0,208,0,128,"SQ_WAIT_INST_LDS",18673.000000,2081263039818,2081263538912
194,194,"Agent 1",1,19214,19214,8192,17,"pk_gemm(__half const*, __half const*, __half*, int, int, int)",128,8704,0,208,0,128,"ALUStalledByLDS",3.53489379e-02,2081263573417,2081264081167
194,194,"Agent 1",1,19214,19214,8192,17,"pk_gemm(__half const*, __half const*, __half*, int, int, int)",128,8704,0,208,0,128,"LDSBankConflict",12.500000,2081263573417,2081264081167
194,194,"Agent 1",1,19214,19214,8192,17,"pk_gemm(__half const*, __half const*, __half*, int, int, int)",128,8704,0,208,0,128,"MeanOccupancyPerCU",5.828301,2081263573417,2081264081167
194,194,"Agent 1",1,19214,19214,8192,17,"pk_gemm(__half const*, __half const*, __half*, int, int, int)",128,8704,0,208,0,128,"SQ_INSTS_LDS",1310720.000000,2081263573417,2081264081167
194,194,"Agent 1",1,19214,19214,8192,17,"pk_gemm(__half const*, __half const*, __half*, int, int, int)",128,8704,0,208,0,128,"SQ_INST_LEVEL_LDS",123164.000000,2081263573417,2081264081167
194,194,"Agent 1",1,19214,19214,8192,17,"pk_gemm(__half const*, __half const*, __half*, int, int, int)",128,8704,0,208,0,128,"SQ_WAIT_INST_LDS",17366.000000,2081263573417,2081264081167
195,195,"Agent 1",1,19214,19214,8192,17,"pk_gemm(__half const*, __half const*, __half*, int, int, int)",128,8704,0,208,0,128,"ALUStalledByLDS",3.60181567e-02,2081264115471,2081264623422
195,195,"Agent 1",1,19214,19214,8192,17,"pk_gemm(__half const*, __half const*, __half*, int, int, int)",128,8704,0,208,0,128,"LDSBankConflict",12.500000,2081264115471,2081264623422
195,195,"Agent 1",1,19214,19214,8192,17,"pk_gemm(__half const*, __half const*, __half*, int, int, int)",128,8704,0,208,0,128,"MeanOccupancyPerCU",5.818263,2081264115471,2081264623422
195,195,"Agent 1",1,19214,19214,8192,17,"pk_gemm(__half const*, __half const*, __half*, int, int, int)",128,8704,0,208,0,128,"SQ_INSTS_LDS",1310720.000000,2081264115471,2081264623422
195,195,"Agent 1",1,19214,19214,8192,17,"pk_gemm(__half const*, __half const*, __half*, int, int, int)",128,8704,0,208,0,128,"SQ_INST_LEVEL_LDS",123656.000000,2081264115471,2081264623422
195,195,"Agent 1",1,19214,19214,8192,17,"pk_gemm(__half const*, __half const*, __half*, int, int, int)",128,8704,0,208,0,128,"SQ_WAIT_INST_LDS",17695.000000,2081264115471,2081264623422
196,196,"Agent 1",1,19214,19214,8192,17,"pk_gemm(__half const*, __half const*, __half*, int, int, int)",128,8704,0,208,0,128,"ALUStalledByLDS",3.77362289e-02,2081264657205,2081265151971
196,196,"Agent 1",1,19214,19214,8192,17,"pk_gemm(__half const*, __half const*, __half*, int, int, int)",128,8704,0,208,0,128,"LDSBankConflict",12.500000,2081264657205,2081265151971
196,196,"Agent 1",1,19214,19214,8192,17,"pk_gemm(__half const*, __half const*, __half*, int, int, int)",128,8704,0,208,0,128,"MeanOccupancyPerCU",5.847748,2081264657205,2081265151971
196,196,"Agent 1",1,19214,19214,8192,17,"pk_gemm(__half const*, __half const*, __half*, int, int, int)",128,8704,0,208,0,128,"SQ_INSTS_LDS",1310720.000000,2081264657205,2081265151971
196,196,"Agent 1",1,19214,19214,8192,17,"pk_gemm(__half const*, __half const*, __half*, int, int, int)",128,8704,0,208,0,128,"SQ_INST_LEVEL_LDS",123565.000000,2081264657205,2081265151971
196,196,"Agent 1",1,19214,19214,8192,17,"pk_gemm(__half const*, __half const*, __half*, int, int, int)",128,8704,0,208,0,128,"SQ_WAIT_INST_LDS",18069.000000,2081264657205,2081265151971
197,197,"Agent 1",1,19214,19214,8192,17,"pk_gemm(__half const*, __half const*, __half*, int, int, int)",128,8704,0,208,0,128,"ALUStalledByLDS",3.78068835e-02,2081265186355,2081265673707
197,197,"Agent 1",1,19214,19214,8192,17,"pk_gemm(__half const*, __half const*, __half*, int, int, int)",128,8704,0,208,0,128,"LDSBankConflict",12.500000,2081265186355,2081265673707
197,197,"Agent 1",1,19214,19214,8192,17,"pk_gemm(__half const*, __half const*, __half*, int, int, int)",128,8704,0,208,0,128,"MeanOccupancyPerCU",5.938254,2081265186355,2081265673707
197,197,"Agent 1",1,19214,19214,8192,17,"pk_gemm(__half const*, __half const*, __half*, int, int, int)",128,8704,0,208,0,128,"SQ_INSTS_LDS",1310720.000000,2081265186355,2081265673707
197,197,"Agent 1",1,19214,19214,8192,17,"pk_gemm(__half const*, __half const*, __half*, int, int, int)",128,8704,0,208,0,128,"SQ_INST_LEVEL_LDS",124502.000000,2081265186355,2081265673707
197,197,"Agent 1",1,19214,19214,8192,17,"pk_gemm(__half const*, __half const*, __half*, int, int, int)",128,8704,0,208,0,128,"SQ_WAIT_INST_LDS",17826.000000,2081265186355,2081265673707
198,198,"Agent 1",1,19214,19214,8192,17,"pk_gemm(__half const*, __half const*, __half*, int, int, int)",128,8704,0,208,0,128,"ALUStalledByLDS",3.64483779e-02,2081265738428,2081266244415
198,198,"Agent 1",1,19214,19214,8192,17,"pk_gemm(__half const*, __half const*, __half*, int, int, int)",128,8704,0,208,0,128,"LDSBankConflict",12.500000,2081265738428,2081266244415
198,198,"Agent 1",1,19214,19214,8192,17,"pk_gemm(__half const*, __half const*, __half*, int, int, int)",128,8704,0,208,0,128,"MeanOccupancyPerCU",5.836777,2081265738428,2081266244415
198,198,"Agent 1",1,19214,19214,8192,17,"pk_gemm(__half const*, __half const*, __half*, int, int, int)",128,8704,0,208,0,128,"SQ_INSTS_LDS",1310720.000000,2081265738428,2081266244415
198,198,"Agent 1",1,19214,19214,8192,17,"pk_gemm(__half const*, __half const*, __half*, int, int, int)",128,8704,0,208,0,128,"SQ_INST_LEVEL_LDS",124761.000000,2081265738428,2081266244415
198,198,"Agent 1",1,19214,19214,8192,17,"pk_gemm(__half const*, __half const*, __half*, int, int, int)",128,8704,0,208,0,128,"SQ_WAIT_INST_LDS",17842.000000,2081265738428,2081266244415
199,199,"Agent 1",1,19214,19214,8192,17,"pk_gemm(__half const*, __half const*, __half*, int, int, int)",128,8704,0,208,0,128,"ALUStalledByLDS",3.62041973e-02,2081266280202,2081266777412
199,199,"Agent 1",1,19214,19214,8192,17,"pk_gemm(__half const*, __half const*, __half*, int, int, int)",128,8704,0,208,0,128,"LDSBankConflict",12.500000,2081266280202,2081266777412
199,199,"Agent 1",1,19214,19214,8192,17,"pk_gemm(__half const*, __half const*, __half*, int, int, int)",128,8704,0,208,0,128,"MeanOccupancyPerCU",5.845213,2081266280202,2081266777412
199,199,"Agent 1",1,19214,19214,8192,17,"pk_gemm(__half const*, __half const*, __half*, int, int, int)",128,8704,0,208,0,128,"SQ_INSTS_LDS",1310720.000000,2081266280202,2081266777412
199,199,"Agent 1",1,19214,19214,8192,17,"pk_gemm(__half const*, __half const*, __half*, int, int, int)",128,8704,0,208,0,128,"SQ_INST_LEVEL_LDS",122017.000000,2081266280202,2081266777412
199,199,"Agent 1",1,19214,19214,8192,17,"pk_gemm(__half const*, __half const*, __half*, int, int, int)",128,8704,0,208,0,128,"SQ_WAIT_INST_LDS",17420.000000,2081266280202,2081266777412
200,200,"Agent 1",1,19214,19214,8192,17,"pk_gemm(__half const*, __half const*, __half*, int, int, int)",128,8704,0,208,0,128,"ALUStalledByLDS",3.39652492e-02,2081266815443,2081267329485
200,200,"Agent 1",1,19214,19214,8192,17,"pk_gemm(__half const*, __half const*, __half*, int, int, int)",128,8704,0,208,0,128,"LDSBankConflict",12.500000,2081266815443,2081267329485
200,200,"Agent 1",1,19214,19214,8192,17,"pk_gemm(__half const*, __half const*, __half*, int, int, int)",128,8704,0,208,0,128,"MeanOccupancyPerCU",5.897741,2081266815443,2081267329485
200,200,"Agent 1",1,19214,19214,8192,17,"pk_gemm(__half const*, __half const*, __half*, int, int, int)",128,8704,0,208,0,128,"SQ_INSTS_LDS",1310720.000000,2081266815443,2081267329485
200,200,"Agent 1",1,19214,19214,8192,17,"pk_gemm(__half const*, __half const*, __half*, int, int, int)",128,8704,0,208,0,128,"SQ_INST_LEVEL_LDS",124538.000000,2081266815443,2081267329485
200,200,"Agent 1",1,19214,19214,8192,17,"pk_gemm(__half const*, __half const*, __half*, int, int, int)",128,8704,0,208,0,128,"SQ_WAIT_INST_LDS",16890.000000,2081266815443,2081267329485
201,201,"Agent 1",1,19214,19214,8192,17,"pk_gemm(__half const*, __half const*, __half*, int, int, int)",128,8704,0,208,0,128,"ALUStalledByLDS",3.90176698e-02,2081267364951,2081267851782
201,201,"Agent 1",1,19214,19214,8192,17,"pk_gemm(__half const*, __half const*, __half*, int, int, int)",128,8704,0,208,0,128,"LDSBankConflict",12.500000,2081267364951,2081267851782
201,201,"Agent 1",1,19214,19214,8192,17,"pk_gemm(__half const*, __half const*, __half*, int, int, int)",128,8704,0,208,0,128,"MeanOccupancyPerCU",5.801979,2081267364951,2081267851782
201,201,"Agent 1",1,19214,19214,8192,17,"pk_gemm(__half const*, __half const*, __half*, int, int, int)",128,8704,0,208,0,128,"SQ_INSTS_LDS",1310720.000000,2081267364951,2081267851782
201,201,"Agent 1",1,19214,19214,8192,17,"pk_gemm(__half const*, __half const*, __half*, int, int, int)",128,8704,0,208,0,128,"SQ_INST_LEVEL_LDS",124612.000000,2081267364951,2081267851782
201,201,"Agent 1",1,19214,19214,8192,17,"pk_gemm(__half const*, __half const*, __half*, int, int, int)",128,8704,0,208,0,128,"SQ_WAIT_INST_LDS",18386.000000,2081267364951,2081267851782
202,202,"Agent 1",1,19214,19214,8192,17,"pk_gemm(__half const*, __half const*, __half*, int, int, int)",128,8704,0,208,0,128,"ALUStalledByLDS",3.52716863e-02,2081267890535,2081268391272
202,202,"Agent 1",1,19214,19214,8192,17,"pk_gemm(__half const*, __half const*, __half*, int, int, int)",128,8704,0,208,0,128,"LDSBankConflict",12.500000,2081267890535,2081268391272
202,202,"Agent 1",1,19214,19214,8192,17,"pk_gemm(__half const*, __half const*, __half*, int, int, int)",128,8704,0,208,0,128,"MeanOccupancyPerCU",5.947009,2081267890535,2081268391272
202,202,"Agent 1",1,19214,19214,8192,17,"pk_gemm(__half const*, __half const*, __half*, int, int, int)",128,8704,0,208,0,128,"SQ_INSTS_LDS",1310720.000000,2081267890535,2081268391272
202,202,"Agent 1",1,19214,19214,8192,17,"pk_gemm(__half const*, __half const*, __half*, int, int, int)",128,8704,0,208,0,128,"SQ_INST_LEVEL_LDS",123312.000000,2081267890535,2081268391272
202,202,"Agent 1",1,19214,19214,8192,17,"pk_gemm(__half const*, __half const*, __half*, int, int, int)",128,8704,0,208,0,128,"SQ_WAIT_INST_LDS",17091.000000,2081267890535,2081268391272
203,203,"Agent 1",1,19214,19214,8192,17,"pk_gemm(__half const*, __half const*, __half*, int, int, int)",128,8704,0,208,0,128,"ALUStalledByLDS",3.67514598e-02,2081268428301,2081268934929
203,203,"Agent 1",1,19214,19214,8192,17,"pk_gemm(__half const*, __half const*, __half*, int, int, int)",128,8704,0,208,0,128,"LDSBankConflict",12.500000,2081268428301,2081268934929
203,203,"Agent 1",1,19214,19214,8192,17,"pk_gemm(__half const*, __half const*, __half*, int, int, int)",128,8704,0,208,0,128,"MeanOccupancyPerCU",5.850125,2081268428301,2081268934929
203,203,"Agent 1",1,19214,19214,8192,17,"pk_gemm(__half const*, __half const*, __half*, int, int, int)",128,8704,0,208,0,128,"SQ_INSTS_LDS",1310720.000000,2081268428301,2081268934929
203,203,"Agent 1",1,19214,19214,8192,17,"pk_gemm(__half const*, __half const*, __half*, int, int, int)",128,8704,0,208,0,128,"SQ_INST_LEVEL_LDS",124407.000000,2081268428301,2081268934929
203,203,"Agent 1",1,19214,19214,8192,17,"pk_gemm(__half const*, __half const*, __half*, int, int, int)",128,8704,0,208,0,128,"SQ_WAIT_INST_LDS",18018.000000,2081268428301,2081268934929
204,204,"Agent 1",1,19214,19214,8192,17,"pk_gemm(__half const*, __half const*, __half*, int, int, int)",128,8704,0,208,0,128,"ALUStalledByLDS",3.87456326e-02,2081268973842,2081269462116
204,204,"Agent 1",1,19214,19214,8192,17,"pk_gemm(__half const*, __half const*, __half*, int, int, int)",128,8704,0,208,0,128,"LDSBankConflict",12.500000,2081268973842,2081269462116
204,204,"Agent 1",1,19214,19214,8192,17,"pk_gemm(__half const*, __half const*, __half*, int, int, int)",128,8704,0,208,0,128,"MeanOccupancyPerCU",5.791299,2081268973842,2081269462116
204,204,"Agent 1",1,19214,19214,8192,17,"pk_gemm(__half const*, __half const*, __half*, int, int, int)",128,8704,0,208,0,128,"SQ_INSTS_LDS",1310720.000000,2081268973842,2081269462116
204,204,"Agent 1",1,19214,19214,8192,17,"pk_gemm(__half const*, __half const*, __half*, int, int, int)",128,8704,0,208,0,128,"SQ_INST_LEVEL_LDS",123184.000000,2081268973842,2081269462116
204,204,"Agent 1",1,19214,19214,8192,17,"pk_gemm(__half const*, __half const*, __half*, int, int, int)",128,8704,0,208,0,128,"SQ_WAIT_INST_LDS",18311.000000,2081268973842,2081269462116
205,205,"Agent 1",1,19214,19214,8192,17,"pk_gemm(__half const*, __half const*, __half*, int, int, int)",128,8704,0,208,0,128,"ALUStalledByLDS",3.71818215e-02,2081269498424,2081270000042
205,205,"Agent 1",1,19214,19214,8192,17,"pk_gemm(__half const*, __half const*, __half*, int, int, int)",128,8704,0,208,0,128,"LDSBankConflict",12.500000,2081269498424,2081270000042
205,205,"Agent 1",1,19214,19214,8192,17,"pk_gemm(__half const*, __half const*, __half*, int, int, int)",128,8704,0,208,0,128,"MeanOccupancyPerCU",5.909646,2081269498424,2081270000042
205,205,"Agent 1",1,19214,19214,8192,17,"pk_gemm(__half const*, __half const*, __half*, int, int, int)",128,8704,0,208,0,128,"SQ_INSTS_LDS",1310720.000000,2081269498424,2081270000042
205,205,"Agent 1",1,19214,19214,8192,17,"pk_gemm(__half const*, __half const*, __half*, int, int, int)",128,8704,0,208,0,128,"SQ_INST_LEVEL_LDS",124324.000000,2081269498424,2081270000042
205,205,"Agent 1",1,19214,19214,8192,17,"pk_gemm(__half const*, __half const*, __half*, int, int, int)",128,8704,0,208,0,128,"SQ_WAIT_INST_LDS",18042.000000,2081269498424,2081270000042
206,206,"Agent 1",1,19214,19214,8192,17,"pk_gemm(__half const*, __half const*, __half*, int, int, int)",128,8704,0,208,0,128,"ALUStalledByLDS",3.88830471e-02,2081270037592,2081270523381
206,206,"Agent 1",1,19214,19214,8192,17,"pk_gemm(__half const*, __half const*, __half*, int, int, int)",128,8704,0,208,0,128,"LDSBankConflict",12.500000,2081270037592,2081270523381
206,206,"Agent 1",1,19214,19214,8192,17,"pk_gemm(__half const*, __half const*, __half*, int, int, int)",128,8704,0,208,0,128,"MeanOccupancyPerCU",5.808872,2081270037592,2081270523381
206,206,"Agent 1",1,19214,19214,8192,17,"pk_gemm(__half const*, __half const*, __half*, int, int, int)",128,8704,0,208,0,128,"SQ_INSTS_LDS",1310720.000000,2081270037592,2081270523381
206,206,"Agent 1",1,19214,19214,8192,17,"pk_gemm(__half const*, __half const*, __half*, int, int, int)",128,8704,0,208,0,128,"SQ_INST_LEVEL_LDS",124476.000000,2081270037592,2081270523381
206,206,"Agent 1",1,19214,19214,8192,17,"pk_gemm(__half const*, __half const*, __half*, int, int, int)",128,8704,0,208,0,128,"SQ_WAIT_INST_LDS",18282.000000,2081270037592,2081270523381
207,207,"Agent 1",1,19214,19214,8192,17,"pk_gemm(__half const*, __half const*, __half*, int, int, int)",128,8704,0,208,0,128,"ALUStalledByLDS",3.33478392e-02,2081270559930,2081271075414
207,207,"Agent 1",1,19214,19214,8192,17,"pk_gemm(__half const*, __half const*, __half*, int, int, int)",128,8704,0,208,0,128,"LDSBankConflict",12.500000,2081270559930,2081271075414
207,207,"Agent 1",1,19214,19214,8192,17,"pk_gemm(__half const*, __half const*, __half*, int, int, int)",128,8704,0,208,0,128,"MeanOccupancyPerCU",5.913977,2081270559930,2081271075414
207,207,"Agent 1",1,19214,19214,8192,17,"pk_gemm(__half const*, __half const*, __half*, int, int, int)",128,8704,0,208,0,128,"SQ_INSTS_LDS",1310720.000000,2081270559930,2081271075414
207,207,"Agent 1",1,19214,19214,8192,17,"pk_gemm(__half const*, __half const*, __half*, int, int, int)",128,8704,0,208,0,128,"SQ_INST_LEVEL_LDS",123108.000000,2081270559930,2081271075414
207,207,"Agent 1",1,19214,19214,8192,17,"pk_gemm(__half const*, __half const*, __half*, int, int, int)",128,8704,0,208,0,128,"SQ_WAIT_INST_LDS",16638.000000,2081270559930,2081271075414
208,208,"Agent 1",1,19214,19214,8192,17,"pk_gemm(__half const*, __half const*, __half*, int, int, int)",128,8704,0,208,0,128,"ALUStalledByLDS",3.71221229e-02,2081271112724,2081271618711
208,208,"Agent 1",1,19214,19214,8192,17,"pk_gemm(__half const*, __half const*, __half*, int, int, int)",128,8704,0,208,0,128,"LDSBankConflict",12.500000,2081271112724,2081271618711
208,208,"Agent 1",1,19214,19214,8192,17,"pk_gemm(__half const*, __half const*, __half*, int, int, int)",128,8704,0,208,0,128,"MeanOccupancyPerCU",5.842638,2081271112724,2081271618711
208,208,"Agent 1",1,19214,19214,8192,17,"pk_gemm(__half const*, __half const*, __half*, int, int, int)",128,8704,0,208,0,128,"SQ_INSTS_LDS",1310720.000000,2081271112724,2081271618711
208,208,"Agent 1",1,19214,19214,8192,17,"pk_gemm(__half const*, __half const*, __half*, int, int, int)",128,8704,0,208,0,128,"SQ_INST_LEVEL_LDS",124323.000000,2081271112724,2081271618711
208,208,"Agent 1",1,19214,19214,8192,17,"pk_gemm(__half const*, __half const*, __half*, int, int, int)",128,8704,0,208,0,128,"SQ_WAIT_INST_LDS",18171.000000,2081271112724,2081271618711
209,209,"Agent 1",1,19214,19214,8192,17,"pk_gemm(__half const*, __half const*, __half*, int, int, int)",128,8704,0,208,0,128,"ALUStalledByLDS",3.66390578e-02,2081271655580,2081272153912
209,209,"Agent 1",1,19214,19214,8192,17,"pk_gemm(__half const*, __half const*, __half*, int, int, int)",128,8704,0,208,0,128,"LDSBankConflict",12.500000,2081271655580,2081272153912
209,209,"Agent 1",1,19214,19214,8192,17,"pk_gemm(__half const*, __half const*, __half*, int, int, int)",128,8704,0,208,0,128,"MeanOccupancyPerCU",5.871169,2081271655580,2081272153912
209,209,"Agent 1",1,19214,19214,8192,17,"pk_gemm(__half const*, __half const*, __half*, int, int, int)",128,8704,0,208,0,128,"SQ_INSTS_LDS",1310720.000000,2081271655580,2081272153912
209,209,"Agent 1",1,19214,19214,8192,17,"pk_gemm(__half const*, __half const*, __half*, int, int, int)",128,8704,0,208,0,128,"SQ_INST_LEVEL_LDS",125047.000000,2081271655580,2081272153912
209,209,"Agent 1",1,19214,19214,8192,17,"pk_gemm(__half const*, __half const*, __half*, int, int, int)",128,8704,0,208,0,128,"SQ_WAIT_INST_LDS",17671.000000,2081271655580,2081272153912
210,210,"Agent 1",1,19214,19214,8192,17,"pk_gemm(__half const*, __half const*, __half*, int, int, int)",128,8704,0,208,0,128,"ALUStalledByLDS",3.34592523e-02,2081272190140,2081272701697
210,210,"Agent 1",1,19214,19214,8192,17,"pk_gemm(__half const*, __half const*, __half*, int, int, int)",128,8704,0,208,0,128,"LDSBankConflict",12.500000,2081272190140,2081272701697
210,210,"Agent 1",1,19214,19214,8192,17,"pk_gemm(__half const*, __half const*, __half*, int, int, int)",128,8704,0,208,0,128,"MeanOccupancyPerCU",6.038045,2081272190140,2081272701697
210,210,"Agent 1",1,19214,19214,8192,17,"pk_gemm(__half const*, __half const*, __half*, int, int, int)",128,8704,0,208,0,128,"SQ_INSTS_LDS",1310720.000000,2081272190140,2081272701697
210,210,"Agent 1",1,19214,19214,8192,17,"pk_gemm(__half const*, __half const*, __half*, int, int, int)",128,8704,0,208,0,128,"SQ_INST_LEVEL_LDS",124576.000000,2081272190140,2081272701697
210,210,"Agent 1",1,19214,19214,8192,17,"pk_gemm(__half const*, __half const*, __half*, int, int, int)",128,8704,0,208,0,128,"SQ_WAIT_INST_LDS",16559.000000,2081272190140,2081272701697
211,211,"Agent 1",1,19214,19214,8192,17,"pk_gemm(__half const*, __half const*, __half*, int, int, int)",128,8704,0,208,0,128,"ALUStalledByLDS",3.96994844e-02,2081272737364,2081273223794
211,211,"Agent 1",1,19214,19214,8192,17,"pk_gemm(__half const*, __half const*, __half*, int, int, int)",128,8704,0,208,0,128,"LDSBankConflict",12.500000,2081272737364,2081273223794
211,211,"Agent 1",1,19214,19214,8192,17,"pk_gemm(__half const*, __half const*, __half*, int, int, int)",128,8704,0,208,0,128,"MeanOccupancyPerCU",5.822629,2081272737364,2081273223794
211,211,"Agent 1",1,19214,19214,8192,17,"pk_gemm(__half const*, __half const*, __half*, int, int, int)",128,8704,0,208,0,128,"SQ_INSTS_LDS",1310720.000000,2081272737364,2081273223794
211,211,"Agent 1",1,19214,19214,8192,17,"pk_gemm(__half const*, __half const*, __half*, int, int, int)",128,8704,0,208,0,128,"SQ_INST_LEVEL_LDS",124357.000000,2081272737364,2081273223794
211,211,"Agent 1",1,19214,19214,8192,17,"pk_gemm(__half const*, __half const*, __half*, int, int, int)",128,8704,0,208,0,128,"SQ_WAIT_INST_LDS",18691.000000,2081272737364,2081273223794
212,212,"Agent 1",1,19214,19214,8192,17,"pk_gemm(__half const*, __half const*, __half*, int, int, int)",128,8704,0,208,0,128,"ALUStalledByLDS",3.76509306e-02,2081273263669,2081273756912
212,212,"Agent 1",1,19214,19214,8192,17,"pk_gemm(__half const*, __half const*, __half*, int, int, int)",128,8704,0,208,0,128,"LDSBankConflict",12.500000,2081273263669,2081273756912
212,212,"Agent 1",1,19214,19214,8192,17,"pk_gemm(__half const*, __half const*, __half*, int, int, int)",128,8704,0,208,0,128,"MeanOccupancyPerCU",5.847077,2081273263669,2081273756912
212,212,"Agent 1",1,19214,19214,8192,17,"pk_gemm(__half const*, __half const*, __half*, int, int, int)",128,8704,0,208,0,128,"SQ_INSTS_LDS",1310720.000000,2081273263669,2081273756912
212,212,"Agent 1",1,19214,19214,8192,17,"pk_gemm(__half const*, __half const*, __half*, int, int, int)",128,8704,0,208,0,128,"SQ_INST_LEVEL_LDS",123893.000000,2081273263669,2081273756912
212,212,"Agent 1",1,19214,19214,8192,17,"pk_gemm(__half const*, __half const*, __half*, int, int, int)",128,8704,0,208,0,128,"SQ_WAIT_INST_LDS",17971.000000,2081273263669,2081273756912
213,213,"Agent 1",1,19214,19214,8192,17,"pk_gemm(__half const*, __half const*, __half*, int, int, int)",128,8704,0,208,0,128,"ALUStalledByLDS",3.70440494e-02,2081273793500,2081274301090
213,213,"Agent 1",1,19214,19214,8192,17,"pk_gemm(__half const*, __half const*, __half*, int, int, int)",128,8704,0,208,0,128,"LDSBankConflict",12.500000,2081273793500,2081274301090
213,213,"Agent 1",1,19214,19214,8192,17,"pk_gemm(__half const*, __half const*, __half*, int, int, int)",128,8704,0,208,0,128,"MeanOccupancyPerCU",5.777917,2081273793500,2081274301090
213,213,"Agent 1",1,19214,19214,8192,17,"pk_gemm(__half const*, __half const*, __half*, int, int, int)",128,8704,0,208,0,128,"SQ_INSTS_LDS",1310720.000000,2081273793500,2081274301090
213,213,"Agent 1",1,19214,19214,8192,17,"pk_gemm(__half const*, __half const*, __half*, int, int, int)",128,8704,0,208,0,128,"SQ_INST_LEVEL_LDS",125378.000000,2081273793500,2081274301090
213,213,"Agent 1",1,19214,19214,8192,17,"pk_gemm(__half const*, __half const*, __half*, int, int, int)",128,8704,0,208,0,128,"SQ_WAIT_INST_LDS",18188.000000,2081273793500,2081274301090
214,214,"Agent 1",1,19214,19214,8192,17,"pk_gemm(__half const*, __half const*, __half*, int, int, int)",128,8704,0,208,0,128,"ALUStalledByLDS",3.98122596e-02,2081274337959,2081274818378
214,214,"Agent 1",1,19214,19214,8192,17,"pk_gemm(__half const*, __half const*, __half*, int, int, int)",128,8704,0,208,0,128,"LDSBankConflict",12.500000,2081274337959,2081274818378
214,214,"Agent 1",1,19214,19214,8192,17,"pk_gemm(__half const*, __half const*, __half*, int, int, int)",128,8704,0,208,0,128,"MeanOccupancyPerCU",5.865752,2081274337959,2081274818378
214,214,"Agent 1",1,19214,19214,8192,17,"pk_gemm(__half const*, __half const*, __half*, int, int, int)",128,8704,0,208,0,128,"SQ_INSTS_LDS",1310720.000000,2081274337959,2081274818378
214,214,"Agent 1",1,19214,19214,8192,17,"pk_gemm(__half const*, __half const*, __half*, int, int, int)",128,8704,0,208,0,128,"SQ_INST_LEVEL_LDS",124468.000000,2081274337959,2081274818378
214,214,"Agent 1",1,19214,19214,8192,17,"pk_gemm(__half const*, __half const*, __half*, int, int, int)",128,8704,0,208,0,128,"SQ_WAIT_INST_LDS",18512.000000,2081274337959,2081274818378
215,215,"Agent 1",1,19214,19214,8192,17,"pk_gemm(__half const*, __half const*, __half*, int, int, int)",128,8704,0,208,0,128,"ALUStalledByLDS",3.42933111e-02,2081274853845,2081275364119
215,215,"Agent 1",1,19214,19214,8192,17,"pk_gemm(__half const*, __half const*, __half*, int, int, int)",128,8704,0,208,0,128,"LDSBankConflict",12.500000,2081274853845,2081275364119
215,215,"Agent 1",1,19214,19214,8192,17,"pk_gemm(__half const*, __half const*, __half*, int, int, int)",128,8704,0,208,0,128,"MeanOccupancyPerCU",5.956184,2081274853845,2081275364119
215,215,"Agent 1",1,19214,19214,8192,17,"pk_gemm(__half const*, __half const*, __half*, int, int, int)",128,8704,0,208,0,128,"SQ_INSTS_LDS",1310720.000000,2081274853845,2081275364119
215,215,"Agent 1",1,19214,19214,8192,17,"pk_gemm(__half const*, __half const*, __half*, int, int, int)",128,8704,0,208,0,128,"SQ_INST_LEVEL_LDS",123755.000000,2081274853845,2081275364119
215,215,"Agent 1",1,19214,19214,8192,17,"pk_gemm(__half const*, __half const*, __half*, int, int, int)",128,8704,0,208,0,128,"SQ_WAIT_INST_LDS",16929.000000,2081274853845,2081275364119
216,216,"Agent 1",1,19214,19214,8192,17,"pk_gemm(__half const*, __half const*, __half*, int, int, int)",128,8704,0,208,0,128,"ALUStalledByLDS",3.86078039e-02,2081275401109,2081275891626
216,216,"Agent 1",1,19214,19214,8192,17,"pk_gemm(__half const*, __half const*, __half*, int, int, int)",128,8704,0,208,0,128,"LDSBankConflict",12.500000,2081275401109,2081275891626
216,216,"Agent 1",1,19214,19214,8192,17,"pk_gemm(__half const*, __half const*, __half*, int, int, int)",128,8704,0,208,0,128,"MeanOccupancyPerCU",5.824477,2081275401109,2081275891626
216,216,"Agent 1",1,19214,19214,8192,17,"pk_gemm(__half const*, __half const*, __half*, int, int, int)",128,8704,0,208,0,128,"SQ_INSTS_LDS",1310720.000000,2081275401109,2081275891626
216,216,"Agent 1",1,19214,19214,8192,17,"pk_gemm(__half const*, __half const*, __half*, int, int, int)",128,8704,0,208,0,128,"SQ_INST_LEVEL_LDS",125831.000000,2081275401109,2081275891626
216,216,"Agent 1",1,19214,19214,8192,17,"pk_gemm(__half const*, __half const*, __half*, int, int, int)",128,8704,0,208,0,128,"SQ_WAIT_INST_LDS",18317.000000,2081275401109,2081275891626
217,217,"Agent 1",1,19214,19214,8192,17,"pk_gemm(__half const*, __half const*, __half*, int, int, int)",128,8704,0,208,0,128,"ALUStalledByLDS",3.81976602e-02,2081275926211,2081276418372
217,217,"Agent 1",1,19214,19214,8192,17,"pk_gemm(__half const*, __half const*, __half*, int, int, int)",128,8704,0,208,0,128,"LDSBankConflict",12.500000,2081275926211,2081276418372
217,217,"Agent 1",1,19214,19214,8192,17,"pk_gemm(__half const*, __half const*, __half*, int, int, int)",128,8704,0,208,0,128,"MeanOccupancyPerCU",5.879104,2081275926211,2081276418372
217,217,"Agent 1",1,19214,19214,8192,17,"pk_gemm(__half const*, __half const*, __half*, int, int, int)",128,8704,0,208,0,128,"SQ_INSTS_LDS",1310720.000000,2081275926211,2081276418372
217,217,"Agent 1",1,19214,19214,8192,17,"pk_gemm(__half const*, __half const*, __half*, int, int, int)",128,8704,0,208,0,128,"SQ_INST_LEVEL_LDS",124790.000000,2081275926211,2081276418372
217,217,"Agent 1",1,19214,19214,8192,17,"pk_gemm(__half const*, __half const*, __half*, int, int, int)",128,8704,0,208,0,128,"SQ_WAIT_INST_LDS",18187.000000,2081275926211,2081276418372
218,218,"Agent 1",1,19214,19214,8192,17,"pk_gemm(__half const*, __half const*, __half*, int, int, int)",128,8704,0,208,0,128,"ALUStalledByLDS",3.75089381e-02,2081276452155,2081276951770
218,218,"Agent 1",1,19214,19214,8192,17,"pk_gemm(__half const*, __half const*, __half*, int, int, int)",128,8704,0,208,0,128,"LDSBankConflict",12.500000,2081276452155,2081276951770
218,218,"Agent 1",1,19214,19214,8192,17,"pk_gemm(__half const*, __half const*, __half*, int, int, int)",128,8704,0,208,0,128,"MeanOccupancyPerCU",5.870866,2081276452155,2081276951770
218,218,"Agent 1",1,19214,19214,8192,17,"pk_gemm(__half const*, __half const*, __half*, int, int, int)",128,8704,0,208,0,128,"SQ_INSTS_LDS",1310720.000000,2081276452155,2081276951770
218,218,"Agent 1",1,19214,19214,8192,17,"pk_gemm(__half const*, __half const*, __half*, int, int, int)",128,8704,0,208,0,128,"SQ_INST_LEVEL_LDS",124771.000000,2081276452155,2081276951770
218,218,"Agent 1",1,19214,19214,8192,17,"pk_gemm(__half const*, __half const*, __half*, int, int, int)",128,8704,0,208,0,128,"SQ_WAIT_INST_LDS",18129.000000,2081276452155,2081276951770
219,219,"Agent 1",1,19214,19214,8192,17,"pk_gemm(__half const*, __half const*, __half*, int, int, int)",128,8704,0,208,0,128,"ALUStalledByLDS",3.65204843e-02,2081276988439,2081277487693
219,219,"Agent 1",1,19214,19214,8192,17,"pk_gemm(__half const*, __half const*, __half*, int, int, int)",128,8704,0,208,0,128,"LDSBankConflict",12.500000,2081276988439,2081277487693
219,219,"Agent 1",1,19214,19214,8192,17,"pk_gemm(__half const*, __half const*, __half*, int, int, int)",128,8704,0,208,0,128,"MeanOccupancyPerCU",5.851527,2081276988439,2081277487693
219,219,"Agent 1",1,19214,19214,8192,17,"pk_gemm(__half const*, __half const*, __half*, int, int, int)",128,8704,0,208,0,128,"SQ_INSTS_LDS",1310720.000000,2081276988439,2081277487693
219,219,"Agent 1",1,19214,19214,8192,17,"pk_gemm(__half const*, __half const*, __half*, int, int, int)",128,8704,0,208,0,128,"SQ_INST_LEVEL_LDS",124554.000000,2081276988439,2081277487693
219,219,"Agent 1",1,19214,19214,8192,17,"pk_gemm(__half const*, __half const*, __half*, int, int, int)",128,8704,0,208,0,128,"SQ_WAIT_INST_LDS",17642.000000,2081276988439,2081277487693
220,220,"Agent 1",1,19214,19214,8192,17,"pk_gemm(__half const*, __half const*, __half*, int, int, int)",128,8704,0,208,0,128,"ALUStalledByLDS",3.78417556e-02,2081277523801,2081278012595
220,220,"Agent 1",1,19214,19214,8192,17,"pk_gemm(__half const*, __half const*, __half*, int, int, int)",128,8704,0,208,0,128,"LDSBankConflict",12.500000,2081277523801,2081278012595
220,220,"Agent 1",1,19214,19214,8192,17,"pk_gemm(__half const*, __half const*, __half*, int, int, int)",128,8704,0,208,0,128,"MeanOccupancyPerCU",5.896357,2081277523801,2081278012595
220,220,"Agent 1",1,19214,19214,8192,17,"pk_gemm(__half const*, __half const*, __half*, int, int, int)",128,8704,0,208,0,128,"SQ_INSTS_LDS",1310720.000000,2081277523801,2081278012595
220,220,"Agent 1",1,19214,19214,8192,17,"pk_gemm(__half const*, __half const*, __half*, int, int, int)",128,8704,0,208,0,128,"SQ_INST_LEVEL_LDS",124722.000000,2081277523801,2081278012595
220,220,"Agent 1",1,19214,19214,8192,17,"pk_gemm(__half const*, __half const*, __half*, int, int, int)",128,8704,0,208,0,128,"SQ_WAIT_INST_LDS",17898.000000,2081277523801,2081278012595
221,221,"Agent 1",1,19214,19214,8192,17,"pk_gemm(__half const*, __half const*, __half*, int, int, int)",128,8704,0,208,0,128,"ALUStalledByLDS",3.90077256e-02,2081278055956,2081278548718
221,221,"Agent 1",1,19214,19214,8192,17,"pk_gemm(__half const*, __half const*, __half*, int, int, int)",128,8704,0,208,0,128,"LDSBankConflict",12.500000,2081278055956,2081278548718
221,221,"Agent 1",1,19214,19214,8192,17,"pk_gemm(__half const*, __half const*, __half*, int, int, int)",128,8704,0,208,0,128,"MeanOccupancyPerCU",5.832064,2081278055956,2081278548718
221,221,"Agent 1",1,19214,19214,8192,17,"pk_gemm(__half const*, __half const*, __half*, int, int, int)",128,8704,0,208,0,128,"SQ_INSTS_LDS",1310720.000000,2081278055956,2081278548718
221,221,"Agent 1",1,19214,19214,8192,17,"pk_gemm(__half const*, __half const*, __half*, int, int, int)",128,8704,0,208,0,128,"SQ_INST_LEVEL_LDS",124255.000000,2081278055956,2081278548718
221,221,"Agent 1",1,19214,19214,8192,17,"pk_gemm(__half const*, __half const*, __half*, int, int, int)",128,8704,0,208,0,128,"SQ_WAIT_INST_LDS",18605.000000,2081278055956,2081278548718
222,222,"Agent 1",1,19214,19214,8192,17,"pk_gemm(__half const*, __half const*, __half*, int, int, int)",128,8704,0,208,0,128,"ALUStalledByLDS",3.39125318e-02,2081278583784,2081279096263
222,222,"Agent 1",1,19214,19214,8192,17,"pk_gemm(__half const*, __half const*, __half*, int, int, int)",128,8704,0,208,0,128,"LDSBankConflict",12.500000,2081278583784,2081279096263
222,222,"Agent 1",1,19214,19214,8192,17,"pk_gemm(__half const*, __half const*, __half*, int, int, int)",128,8704,0,208,0,128,"MeanOccupancyPerCU",5.889307,2081278583784,2081279096263
222,222,"Agent 1",1,19214,19214,8192,17,"pk_gemm(__half const*, __half const*, __half*, int, int, int)",128,8704,0,208,0,128,"SQ_INSTS_LDS",1310720.000000,2081278583784,2081279096263
222,222,"Agent 1",1,19214,19214,8192,17,"pk_gemm(__half const*, __half const*, __half*, int, int, int)",128,8704,0,208,0,128,"SQ_INST_LEVEL_LDS",123979.000000,2081278583784,2081279096263
222,222,"Agent 1",1,19214,19214,8192,17,"pk_gemm(__half const*, __half const*, __half*, int, int, int)",128,8704,0,208,0,128,"SQ_WAIT_INST_LDS",16825.000000,2081278583784,2081279096263
223,223,"Agent 1",1,19214,19214,8192,17,"pk_gemm(__half const*, __half const*, __half*, int, int, int)",128,8704,0,208,0,128,"ALUStalledByLDS",3.77243698e-02,2081279131008,2081279633268
223,223,"Agent 1",1,19214,19214,8192,17,"pk_gemm(__half const*, __half const*, __half*, int, int, int)",128,8704,0,208,0,128,"LDSBankConflict",12.500000,2081279131008,2081279633268
223,223,"Agent 1",1,19214,19214,8192,17,"pk_gemm(__half const*, __half const*, __half*, int, int, int)",128,8704,0,208,0,128,"MeanOccupancyPerCU",5.777633,2081279131008,2081279633268
223,223,"Agent 1",1,19214,19214,8192,17,"pk_gemm(__half const*, __half const*, __half*, int, int, int)",128,8704,0,208,0,128,"SQ_INSTS_LDS",1310720.000000,2081279131008,2081279633268
223,223,"Agent 1",1,19214,19214,8192,17,"pk_gemm(__half const*, __half const*, __half*, int, int, int)",128,8704,0,208,0,128,"SQ_INST_LEVEL_LDS",124143.000000,2081279131008,2081279633268
223,223,"Agent 1",1,19214,19214,8192,17,"pk_gemm(__half const*, __half const*, __half*, int, int, int)",128,8704,0,208,0,128,"SQ_WAIT_INST_LDS",18324.000000,2081279131008,2081279633268
224,224,"Agent 1",1,19214,19214,8192,17,"pk_gemm(__half const*, __half const*, __half*, int, int, int)",128,8704,0,208,0,128,"ALUStalledByLDS",3.87440182e-02,2081279668253,2081280155204
224,224,"Agent 1",1,19214,19214,8192,17,"pk_gemm(__half const*, __half const*, __half*, int, int, int)",128,8704,0,208,0,128,"LDSBankConflict",12.500000,2081279668253,2081280155204
224,224,"Agent 1",1,19214,19214,8192,17,"pk_gemm(__half const*, __half const*, __half*, int, int, int)",128,8704,0,208,0,128,"MeanOccupancyPerCU",5.779281,2081279668253,2081280155204
224,224,"Agent 1",1,19214,19214,8192,17,"pk_gemm(__half const*, __half const*, __half*, int, int, int)",128,8704,0,208,0,128,"SQ_INSTS_LDS",1310720.000000,2081279668253,2081280155204
224,224,"Agent 1",1,19214,19214,8192,17,"pk_gemm(__half const*, __half const*, __half*, int, int, int)",128,8704,0,208,0,128,"SQ_INST_LEVEL_LDS",124810.000000,2081279668253,2081280155204
224,224,"Agent 1",1,19214,19214,8192,17,"pk_gemm(__half const*, __half const*, __half*, int, int, int)",128,8704,0,208,0,128,"SQ_WAIT_INST_LDS",18260.000000,2081279668253,2081280155204
225,225,"Agent 1",1,19214,19214,8192,17,"pk_gemm(__half const*, __half const*, __half*, int, int, int)",128,8704,0,208,0,128,"ALUStalledByLDS",3.32049639e-02,2081280190470,2081280710323
225,225,"Agent 1",1,19214,19214,8192,17,"pk_gemm(__half const*, __half const*, __half*, int, int, int)",128,8704,0,208,0,128,"LDSBankConflict",12.500000,2081280190470,2081280710323
225,225,"Agent 1",1,19214,19214,8192,17,"pk_gemm(__half const*, __half const*, __half*, int, int, int)",128,8704,0,208,0,128,"MeanOccupancyPerCU",5.878709,2081280190470,2081280710323
225,225,"Agent 1",1,19214,19214,8192,17,"pk_gemm(__half const*, __half const*, __half*, int, int, int)",128,8704,0,208,0,128,"SQ_INSTS_LDS",1310720.000000,2081280190470,2081280710323
225,225,"Agent 1",1,19214,19214,8192,17,"pk_gemm(__half const*, __half const*, __half*, int, int, int)",128,8704,0,208,0,128,"SQ_INST_LEVEL_LDS",125065.000000,2081280190470,2081280710323
225,225,"Agent 1",1,19214,19214,8192,17,"pk_gemm(__half const*, __half const*, __half*, int, int, int)",128,8704,0,208,0,128,"SQ_WAIT_INST_LDS",16703.000000,2081280190470,2081280710323
226,226,"Agent 1",1,19214,19214,8192,17,"pk_gemm(__half const*, __half const*, __half*, int, int, int)",128,8704,0,208,0,128,"ALUStalledByLDS",4.00985008e-02,2081280744409,2081281227953
226,226,"Agent 1",1,19214,19214,8192,17,"pk_gemm(__half const*, __half const*, __half*, int, int, int)",128,8704,0,208,0,128,"LDSBankConflict",12.500000,2081280744409,2081281227953
226,226,"Agent 1",1,19214,19214,8192,17,"pk_gemm(__half const*, __half const*, __half*, int, int, int)",128,8704,0,208,0,128,"MeanOccupancyPerCU",5.856996,2081280744409,2081281227953
226,226,"Agent 1",1,19214,19214,8192,17,"pk_gemm(__half const*, __half const*, __half*, int, int, int)",128,8704,0,208,0,128,"SQ_INSTS_LDS",1310720.000000,2081280744409,2081281227953
226,226,"Agent 1",1,19214,19214,8192,17,"pk_gemm(__half const*, __half const*, __half*, int, int, int)",128,8704,0,208,0,128,"SQ_INST_LEVEL_LDS",124856.000000,2081280744409,2081281227953
226,226,"Agent 1",1,19214,19214,8192,17,"pk_gemm(__half const*, __half const*, __half*, int, int, int)",128,8704,0,208,0,128,"SQ_WAIT_INST_LDS",18771.000000,2081280744409,2081281227953
227,227,"Agent 1",1,19214,19214,8192,17,"pk_gemm(__half const*, __half const*, __half*, int, int, int)",128,8704,0,208,0,128,"ALUStalledByLDS",3.44774599e-02,2081281264060,2081281778342
227,227,"Agent 1",1,19214,19214,8192,17,"pk_gemm(__half const*, __half const*, __half*, int, int, int)",128,8704,0,208,0,128,"LDSBankConflict",12.500000,2081281264060,2081281778342
227,227,"Agent 1",1,19214,19214,8192,17,"pk_gemm(__half const*, __half const*, __half*, int, int, int)",128,8704,0,208,0,128,"MeanOccupancyPerCU",5.932724,2081281264060,2081281778342
227,227,"Agent 1",1,19214,19214,8192,17,"pk_gemm(__half const*, __half const*, __half*, int, int, int)",128,8704,0,208,0,128,"SQ_INSTS_LDS",1310720.000000,2081281264060,2081281778342
227,227,"Agent 1",1,19214,19214,8192,17,"pk_gemm(__half const*, __half const*, __half*, int, int, int)",128,8704,0,208,0,128,"SQ_INST_LEVEL_LDS",123731.000000,2081281264060,2081281778342
227,227,"Agent 1",1,19214,19214,8192,17,"pk_gemm(__half const*, __half const*, __half*, int, int, int)",128,8704,0,208,0,128,"SQ_WAIT_INST_LDS",17160.000000,2081281264060,2081281778342
228,228,"Agent 1",1,19214,19214,8192,17,"pk_gemm(__half const*, __half const*, __half*, int, int, int)",128,8704,0,208,0,128,"ALUStalledByLDS",3.54837439e-02,2081281845869,2081282351615
228,228,"Agent 1",1,19214,19214,8192,17,"pk_gemm(__half const*, __half const*, __half*, int, int, int)",128,8704,0,208,0,128,"LDSBankConflict",12.500000,2081281845869,2081282351615
228,228,"Agent 1",1,19214,19214,8192,17,"pk_gemm(__half const*, __half const*, __half*, int, int, int)",128,8704,0,208,0,128,"MeanOccupancyPerCU",5.914185,2081281845869,2081282351615
228,228,"Agent 1",1,19214,19214,8192,17,"pk_gemm(__half const*, __half const*, __half*, int, int, int)",128,8704,0,208,0,128,"SQ_INSTS_LDS",1310720.000000,2081281845869,2081282351615
228,228,"Agent 1",1,19214,19214,8192,17,"pk_gemm(__half const*, __half const*, __half*, int, int, int)",128,8704,0,208,0,128,"SQ_INST_LEVEL_LDS",124945.000000,2081281845869,2081282351615
228,228,"Agent 1",1,19214,19214,8192,17,"pk_gemm(__half const*, __half const*, __half*, int, int, int)",128,8704,0,208,0,128,"SQ_WAIT_INST_LDS",17373.000000,2081281845869,2081282351615
229,229,"Agent 1",1,19214,19214,8192,17,"pk_gemm(__half const*, __half const*, __half*, int, int, int)",128,8704,0,208,0,128,"ALUStalledByLDS",3.84480445e-02,2081282388043,2081282873031
229,229,"Agent 1",1,19214,19214,8192,17,"pk_gemm(__half const*, __half const*, __half*, int, int, int)",128,8704,0,208,0,128,"LDSBankConflict",12.500000,2081282388043,2081282873031
229,229,"Agent 1",1,19214,19214,8192,17,"pk_gemm(__half const*, __half const*, __half*, int, int, int)",128,8704,0,208,0,128,"MeanOccupancyPerCU",5.905584,2081282388043,2081282873031
229,229,"Agent 1",1,19214,19214,8192,17,"pk_gemm(__half const*, __half const*, __half*, int, int, int)",128,8704,0,208,0,128,"SQ_INSTS_LDS",1310720.000000,2081282388043,2081282873031
229,229,"Agent 1",1,19214,19214,8192,17,"pk_gemm(__half const*, __half const*, __half*, int, int, int)",128,8704,0,208,0,128,"SQ_INST_LEVEL_LDS",124251.000000,2081282388043,2081282873031
229,229,"Agent 1",1,19214,19214,8192,17,"pk_gemm(__half const*, __half const*, __half*, int, int, int)",128,8704,0,208,0,128,"SQ_WAIT_INST_LDS",18060.000000,2081282388043,2081282873031
230,230,"Agent 1",1,19214,19214,8192,17,"pk_gemm(__half const*, __half const*, __half*, int, int, int)",128,8704,0,208,0,128,"ALUStalledByLDS",3.69694354e-02,2081282908858,2081283407992
230,230,"Agent 1",1,19214,19214,8192,17,"pk_gemm(__half const*, __half const*, __half*, int, int, int)",128,8704,0,208,0,128,"LDSBankConflict",12.500000,2081282908858,2081283407992
230,230,"Agent 1",1,19214,19214,8192,17,"pk_gemm(__half const*, __half const*, __half*, int, int, int)",128,8704,0,208,0,128,"MeanOccupancyPerCU",5.855715,2081282908858,2081283407992
230,230,"Agent 1",1,19214,19214,8192,17,"pk_gemm(__half const*, __half const*, __half*, int, int, int)",128,8704,0,208,0,128,"SQ_INSTS_LDS",1310720.000000,2081282908858,2081283407992
230,230,"Agent 1",1,19214,19214,8192,17,"pk_gemm(__half const*, __half const*, __half*, int, int, int)",128,8704,0,208,0,128,"SQ_INST_LEVEL_LDS",124121.000000,2081282908858,2081283407992
230,230,"Agent 1",1,19214,19214,8192,17,"pk_gemm(__half const*, __half const*, __half*, int, int, int)",128,8704,0,208,0,128,"SQ_WAIT_INST_LDS",17858.000000,2081282908858,2081283407992
231,231,"Agent 1",1,19214,19214,8192,17,"pk_gemm(__half const*, __half const*, __half*, int, int, int)",128,8704,0,208,0,128,"ALUStalledByLDS",3.67352342e-02,2081283445502,2081283946680
231,231,"Agent 1",1,19214,19214,8192,17,"pk_gemm(__half const*, __half const*, __half*, int, int, int)",128,8704,0,208,0,128,"LDSBankConflict",12.500000,2081283445502,2081283946680
231,231,"Agent 1",1,19214,19214,8192,17,"pk_gemm(__half const*, __half const*, __half*, int, int, int)",128,8704,0,208,0,128,"MeanOccupancyPerCU",5.882217,2081283445502,2081283946680
231,231,"Agent 1",1,19214,19214,8192,17,"pk_gemm(__half const*, __half const*, __half*, int, int, int)",128,8704,0,208,0,128,"SQ_INSTS_LDS",1310720.000000,2081283445502,2081283946680
231,231,"Agent 1",1,19214,19214,8192,17,"pk_gemm(__half const*, __half const*, __half*, int, int, int)",128,8704,0,208,0,128,"SQ_INST_LEVEL_LDS",123664.000000,2081283445502,2081283946680
231,231,"Agent 1",1,19214,19214,8192,17,"pk_gemm(__half const*, __half const*, __half*, int, int, int)",128,8704,0,208,0,128,"SQ_WAIT_INST_LDS",17817.000000,2081283445502,2081283946680
232,232,"Agent 1",1,19214,19214,8192,17,"pk_gemm(__half const*, __half const*, __half*, int, int, int)",128,8704,0,208,0,128,"ALUStalledByLDS",3.30083770e-02,2081283983108,2081284495467
232,232,"Agent 1",1,19214,19214,8192,17,"pk_gemm(__half const*, __half const*, __half*, int, int, int)",128,8704,0,208,0,128,"LDSBankConflict",12.500000,2081283983108,2081284495467
232,232,"Agent 1",1,19214,19214,8192,17,"pk_gemm(__half const*, __half const*, __half*, int, int, int)",128,8704,0,208,0,128,"MeanOccupancyPerCU",5.924861,2081283983108,2081284495467
232,232,"Agent 1",1,19214,19214,8192,17,"pk_gemm(__half const*, __half const*, __half*, int, int, int)",128,8704,0,208,0,128,"SQ_INSTS_LDS",1310720.000000,2081283983108,2081284495467
232,232,"Agent 1",1,19214,19214,8192,17,"pk_gemm(__half const*, __half const*, __half*, int, int, int)",128,8704,0,208,0,128,"SQ_INST_LEVEL_LDS",124069.000000,2081283983108,2081284495467
232,232,"Agent 1",1,19214,19214,8192,17,"pk_gemm(__half const*, __half const*, __half*, int, int, int)",128,8704,0,208,0,128,"SQ_WAIT_INST_LDS",16373.000000,2081283983108,2081284495467
233,233,"Agent 1",1,19214,19214,8192,17,"pk_gemm(__half const*, __half const*, __half*, int, int, int)",128,8704,0,208,0,128,"ALUStalledByLDS",3.89317201e-02,2081284530973,2081285025058
233,233,"Agent 1",1,19214,19214,8192,17,"pk_gemm(__half const*, __half const*, __half*, int, int, int)",128,8704,0,208,0,128,"LDSBankConflict",12.500000,2081284530973,2081285025058
233,233,"Agent 1",1,19214,19214,8192,17,"pk_gemm(__half const*, __half const*, __half*, int, int, int)",128,8704,0,208,0,128,"MeanOccupancyPerCU",5.804573,2081284530973,2081285025058
233,233,"Agent 1",1,19214,19214,8192,17,"pk_gemm(__half const*, __half const*, __half*, int, int, int)",128,8704,0,208,0,128,"SQ_INSTS_LDS",1310720.000000,2081284530973,2081285025058
233,233,"Agent 1",1,19214,19214,8192,17,"pk_gemm(__half const*, __half const*, __half*, int, int, int)",128,8704,0,208,0,128,"SQ_INST_LEVEL_LDS",125077.000000,2081284530973,2081285025058
233,233,"Agent 1",1,19214,19214,8192,17,"pk_gemm(__half const*, __half const*, __half*, int, int, int)",128,8704,0,208,0,128,"SQ_WAIT_INST_LDS",18613.000000,2081284530973,2081285025058
234,234,"Agent 1",1,19214,19214,8192,17,"pk_gemm(__half const*, __half const*, __half*, int, int, int)",128,8704,0,208,0,128,"ALUStalledByLDS",3.80683013e-02,2081285061165,2081285554729
234,234,"Agent 1",1,19214,19214,8192,17,"pk_gemm(__half const*, __half const*, __half*, int, int, int)",128,8704,0,208,0,128,"LDSBankConflict",12.500000,2081285061165,2081285554729
234,234,"Agent 1",1,19214,19214,8192,17,"pk_gemm(__half const*, __half const*, __half*, int, int, int)",128,8704,0,208,0,128,"MeanOccupancyPerCU",5.806686,2081285061165,2081285554729
234,234,"Agent 1",1,19214,19214,8192,17,"pk_gemm(__half const*, __half const*, __half*, int, int, int)",128,8704,0,208,0,128,"SQ_INSTS_LDS",1310720.000000,2081285061165,2081285554729
234,234,"Agent 1",1,19214,19214,8192,17,"pk_gemm(__half const*, __half const*, __half*, int, int, int)",128,8704,0,208,0,128,"SQ_INST_LEVEL_LDS",125032.000000,2081285061165,2081285554729
234,234,"Agent 1",1,19214,19214,8192,17,"pk_gemm(__half const*, __half const*, __half*, int, int, int)",128,8704,0,208,0,128,"SQ_WAIT_INST_LDS",18187.000000,2081285061165,2081285554729
235,235,"Agent 1",1,19214,19214,8192,17,"pk_gemm(__half const*, __half const*, __half*, int, int, int)",128,8704,0,208,0,128,"ALUStalledByLDS",3.27480389e-02,2081285591478,2081286115699
235,235,"Agent 1",1,19214,19214,8192,17,"pk_gemm(__half const*, __half const*, __half*, int, int, int)",128,8704,0,208,0,128,"LDSBankConflict",12.500000,2081285591478,2081286115699
235,235,"Agent 1",1,19214,19214,8192,17,"pk_gemm(__half const*, __half const*, __half*, int, int, int)",128,8704,0,208,0,128,"MeanOccupancyPerCU",5.918257,2081285591478,2081286115699
235,235,"Agent 1",1,19214,19214,8192,17,"pk_gemm(__half const*, __half const*, __half*, int, int, int)",128,8704,0,208,0,128,"SQ_INSTS_LDS",1310720.000000,2081285591478,2081286115699
235,235,"Agent 1",1,19214,19214,8192,17,"pk_gemm(__half const*, __half const*, __half*, int, int, int)",128,8704,0,208,0,128,"SQ_INST_LEVEL_LDS",122452.000000,2081285591478,2081286115699
235,235,"Agent 1",1,19214,19214,8192,17,"pk_gemm(__half const*, __half const*, __half*, int, int, int)",128,8704,0,208,0,128,"SQ_WAIT_INST_LDS",16611.000000,2081285591478,2081286115699
236,236,"Agent 1",1,19214,19214,8192,17,"pk_gemm(__half const*, __half const*, __half*, int, int, int)",128,8704,0,208,0,128,"ALUStalledByLDS",3.62955333e-02,2081286151686,2081286656671
236,236,"Agent 1",1,19214,19214,8192,17,"pk_gemm(__half const*, __half const*, __half*, int, int, int)",128,8704,0,208,0,128,"LDSBankConflict",12.500000,2081286151686,2081286656671
236,236,"Agent 1",1,19214,19214,8192,17,"pk_gemm(__half const*, __half const*, __half*, int, int, int)",128,8704,0,208,0,128,"MeanOccupancyPerCU",5.837298,2081286151686,2081286656671
236,236,"Agent 1",1,19214,19214,8192,17,"pk_gemm(__half const*, __half const*, __half*, int, int, int)",128,8704,0,208,0,128,"SQ_INSTS_LDS",1310720.000000,2081286151686,2081286656671
236,236,"Agent 1",1,19214,19214,8192,17,"pk_gemm(__half const*, __half const*, __half*, int, int, int)",128,8704,0,208,0,128,"SQ_INST_LEVEL_LDS",124312.000000,2081286151686,2081286656671
236,236,"Agent 1",1,19214,19214,8192,17,"pk_gemm(__half const*, __half const*, __half*, int, int, int)",128,8704,0,208,0,128,"SQ_WAIT_INST_LDS",17742.000000,2081286151686,2081286656671
237,237,"Agent 1",1,19214,19214,8192,17,"pk_gemm(__half const*, __half const*, __half*, int, int, int)",128,8704,0,208,0,128,"ALUStalledByLDS",3.89064712e-02,2081286692298,2081287174400
237,237,"Agent 1",1,19214,19214,8192,17,"pk_gemm(__half const*, __half const*, __half*, int, int, int)",128,8704,0,208,0,128,"LDSBankConflict",12.500000,2081286692298,2081287174400
237,237,"Agent 1",1,19214,19214,8192,17,"pk_gemm(__half const*, __half const*, __half*, int, int, int)",128,8704,0,208,0,128,"MeanOccupancyPerCU",5.914207,2081286692298,2081287174400
237,237,"Agent 1",1,19214,19214,8192,17,"pk_gemm(__half const*, __half const*, __half*, int, int, int)",128,8704,0,208,0,128,"SQ_INSTS_LDS",1310720.000000,2081286692298,2081287174400
237,237,"Agent 1",1,19214,19214,8192,17,"pk_gemm(__half const*, __half const*, __half*, int, int, int)",128,8704,0,208,0,128,"SQ_INST_LEVEL_LDS",125091.000000,2081286692298,2081287174400
237,237,"Agent 1",1,19214,19214,8192,17,"pk_gemm(__half const*, __half const*, __half*, int, int, int)",128,8704,0,208,0,128,"SQ_WAIT_INST_LDS",18153.000000,2081286692298,2081287174400
238,238,"Agent 1",1,19214,19214,8192,17,"pk_gemm(__half const*, __half const*, __half*, int, int, int)",128,8704,0,208,0,128,"ALUStalledByLDS",3.74344098e-02,2081287209706,2081287710363
238,238,"Agent 1",1,19214,19214,8192,17,"pk_gemm(__half const*, __half const*, __half*, int, int, int)",128,8704,0,208,0,128,"LDSBankConflict",12.500000,2081287209706,2081287710363
238,238,"Agent 1",1,19214,19214,8192,17,"pk_gemm(__half const*, __half const*, __half*, int, int, int)",128,8704,0,208,0,128,"MeanOccupancyPerCU",5.832147,2081287209706,2081287710363
238,238,"Agent 1",1,19214,19214,8192,17,"pk_gemm(__half const*, __half const*, __half*, int, int, int)",128,8704,0,208,0,128,"SQ_INSTS_LDS",1310720.000000,2081287209706,2081287710363
238,238,"Agent 1",1,19214,19214,8192,17,"pk_gemm(__half const*, __half const*, __half*, int, int, int)",128,8704,0,208,0,128,"SQ_INST_LEVEL_LDS",123906.000000,2081287209706,2081287710363
238,238,"Agent 1",1,19214,19214,8192,17,"pk_gemm(__half const*, __half const*, __half*, int, int, int)",128,8704,0,208,0,128,"SQ_WAIT_INST_LDS",18131.000000,2081287209706,2081287710363
239,239,"Agent 1",1,19214,19214,8192,17,"pk_gemm(__half const*, __half const*, __half*, int, int, int)",128,8704,0,208,0,128,"ALUStalledByLDS",3.63134839e-02,2081287745909,2081288243200
239,239,"Agent 1",1,19214,19214,8192,17,"pk_gemm(__half const*, __half const*, __half*, int, int, int)",128,8704,0,208,0,128,"LDSBankConflict",12.500000,2081287745909,2081288243200
239,239,"Agent 1",1,19214,19214,8192,17,"pk_gemm(__half const*, __half const*, __half*, int, int, int)",128,8704,0,208,0,128,"MeanOccupancyPerCU",5.843060,2081287745909,2081288243200
239,239,"Agent 1",1,19214,19214,8192,17,"pk_gemm(__half const*, __half const*, __half*, int, int, int)",128,8704,0,208,0,128,"SQ_INSTS_LDS",1310720.000000,2081287745909,2081288243200
239,239,"Agent 1",1,19214,19214,8192,17,"pk_gemm(__half const*, __half const*, __half*, int, int, int)",128,8704,0,208,0,128,"SQ_INST_LEVEL_LDS",122937.000000,2081287745909,2081288243200
239,239,"Agent 1",1,19214,19214,8192,17,"pk_gemm(__half const*, __half const*, __half*, int, int, int)",128,8704,0,208,0,128,"SQ_WAIT_INST_LDS",17477.000000,2081287745909,2081288243200
240,240,"Agent 1",1,19214,19214,8192,17,"pk_gemm(__half const*, __half const*, __half*, int, int, int)",128,8704,0,208,0,128,"ALUStalledByLDS",3.46379740e-02,2081288278065,2081288791265
240,240,"Agent 1",1,19214,19214,8192,17,"pk_gemm(__half const*, __half const*, __half*, int, int, int)",128,8704,0,208,0,128,"LDSBankConflict",12.500000,2081288278065,2081288791265
240,240,"Agent 1",1,19214,19214,8192,17,"pk_gemm(__half const*, __half const*, __half*, int, int, int)",128,8704,0,208,0,128,"MeanOccupancyPerCU",5.877311,2081288278065,2081288791265
240,240,"Agent 1",1,19214,19214,8192,17,"pk_gemm(__half const*, __half const*, __half*, int, int, int)",128,8704,0,208,0,128,"SQ_INSTS_LDS",1310720.000000,2081288278065,2081288791265
240,240,"Agent 1",1,19214,19214,8192,17,"pk_gemm(__half const*, __half const*, __half*, int, int, int)",128,8704,0,208,0,128,"SQ_INST_LEVEL_LDS",125668.000000,2081288278065,2081288791265
240,240,"Agent 1",1,19214,19214,8192,17,"pk_gemm(__half const*, __half const*, __half*, int, int, int)",128,8704,0,208,0,128,"SQ_WAIT_INST_LDS",17204.000000,2081288278065,2081288791265
241,241,"Agent 1",1,19214,19214,8192,17,"pk_gemm(__half const*, __half const*, __half*, int, int, int)",128,8704,0,208,0,128,"ALUStalledByLDS",4.01100020e-02,2081288829377,2081289318973
241,241,"Agent 1",1,19214,19214,8192,17,"pk_gemm(__half const*, __half const*, __half*, int, int, int)",128,8704,0,208,0,128,"LDSBankConflict",12.500000,2081288829377,2081289318973
241,241,"Agent 1",1,19214,19214,8192,17,"pk_gemm(__half const*, __half const*, __half*, int, int, int)",128,8704,0,208,0,128,"MeanOccupancyPerCU",5.854865,2081288829377,2081289318973
241,241,"Agent 1",1,19214,19214,8192,17,"pk_gemm(__half const*, __half const*, __half*, int, int, int)",128,8704,0,208,0,128,"SQ_INSTS_LDS",1310720.000000,2081288829377,2081289318973
241,241,"Agent 1",1,19214,19214,8192,17,"pk_gemm(__half const*, __half const*, __half*, int, int, int)",128,8704,0,208,0,128,"SQ_INST_LEVEL_LDS",124218.000000,2081288829377,2081289318973
241,241,"Agent 1",1,19214,19214,8192,17,"pk_gemm(__half const*, __half const*, __half*, int, int, int)",128,8704,0,208,0,128,"SQ_WAIT_INST_LDS",19001.000000,2081288829377,2081289318973
242,242,"Agent 1",1,19214,19214,8192,17,"pk_gemm(__half const*, __half const*, __half*, int, int, int)",128,8704,0,208,0,128,"ALUStalledByLDS",3.73470872e-02,2081289353397,2081289845839
242,242,"Agent 1",1,19214,19214,8192,17,"pk_gemm(__half const*, __half const*, __half*, int, int, int)",128,8704,0,208,0,128,"LDSBankConflict",12.500000,2081289353397,2081289845839
242,242,"Agent 1",1,19214,19214,8192,17,"pk_gemm(__half const*, __half const*, __half*, int, int, int)",128,8704,0,208,0,128,"MeanOccupancyPerCU",5.834860,2081289353397,2081289845839
242,242,"Agent 1",1,19214,19214,8192,17,"pk_gemm(__half const*, __half const*, __half*, int, int, int)",128,8704,0,208,0,128,"SQ_INSTS_LDS",1310720.000000,2081289353397,2081289845839
242,242,"Agent 1",1,19214,19214,8192,17,"pk_gemm(__half const*, __half const*, __half*, int, int, int)",128,8704,0,208,0,128,"SQ_INST_LEVEL_LDS",124481.000000,2081289353397,2081289845839
242,242,"Agent 1",1,19214,19214,8192,17,"pk_gemm(__half const*, __half const*, __half*, int, int, int)",128,8704,0,208,0,128,"SQ_WAIT_INST_LDS",17802.000000,2081289353397,2081289845839
243,243,"Agent 1",1,19214,19214,8192,17,"pk_gemm(__half const*, __half const*, __half*, int, int, int)",128,8704,0,208,0,128,"ALUStalledByLDS",3.77528386e-02,2081289882027,2081290385248
243,243,"Agent 1",1,19214,19214,8192,17,"pk_gemm(__half const*, __half const*, __half*, int, int, int)",128,8704,0,208,0,128,"LDSBankConflict",12.500000,2081289882027,2081290385248
243,243,"Agent 1",1,19214,19214,8192,17,"pk_gemm(__half const*, __half const*, __half*, int, int, int)",128,8704,0,208,0,128,"MeanOccupancyPerCU",5.829634,2081289882027,2081290385248
243,243,"Agent 1",1,19214,19214,8192,17,"pk_gemm(__half const*, __half const*, __half*, int, int, int)",128,8704,0,208,0,128,"SQ_INSTS_LDS",1310720.000000,2081289882027,2081290385248
243,243,"Agent 1",1,19214,19214,8192,17,"pk_gemm(__half const*, __half const*, __half*, int, int, int)",128,8704,0,208,0,128,"SQ_INST_LEVEL_LDS",125122.000000,2081289882027,2081290385248
243,243,"Agent 1",1,19214,19214,8192,17,"pk_gemm(__half const*, __half const*, __half*, int, int, int)",128,8704,0,208,0,128,"SQ_WAIT_INST_LDS",18379.000000,2081289882027,2081290385248
244,244,"Agent 1",1,19214,19214,8192,17,"pk_gemm(__half const*, __half const*, __half*, int, int, int)",128,8704,0,208,0,128,"ALUStalledByLDS",3.90074291e-02,2081290419793,2081290905983
244,244,"Agent 1",1,19214,19214,8192,17,"pk_gemm(__half const*, __half const*, __half*, int, int, int)",128,8704,0,208,0,128,"LDSBankConflict",12.500000,2081290419793,2081290905983
244,244,"Agent 1",1,19214,19214,8192,17,"pk_gemm(__half const*, __half const*, __half*, int, int, int)",128,8704,0,208,0,128,"MeanOccupancyPerCU",5.803338,2081290419793,2081290905983
244,244,"Agent 1",1,19214,19214,8192,17,"pk_gemm(__half const*, __half const*, __half*, int, int, int)",128,8704,0,208,0,128,"SQ_INSTS_LDS",1310720.000000,2081290419793,2081290905983
244,244,"Agent 1",1,19214,19214,8192,17,"pk_gemm(__half const*, __half const*, __half*, int, int, int)",128,8704,0,208,0,128,"SQ_INST_LEVEL_LDS",124863.000000,2081290419793,2081290905983
244,244,"Agent 1",1,19214,19214,8192,17,"pk_gemm(__half const*, __half const*, __half*, int, int, int)",128,8704,0,208,0,128,"SQ_WAIT_INST_LDS",18363.000000,2081290419793,2081290905983
245,245,"Agent 1",1,19214,19214,8192,17,"pk_gemm(__half const*, __half const*, __half*, int, int, int)",128,8704,0,208,0,128,"ALUStalledByLDS",3.52423889e-02,2081290940367,2081291448638
245,245,"Agent 1",1,19214,19214,8192,17,"pk_gemm(__half const*, __half const*, __half*, int, int, int)",128,8704,0,208,0,128,"LDSBankConflict",12.500000,2081290940367,2081291448638
245,245,"Agent 1",1,19214,19214,8192,17,"pk_gemm(__half const*, __half const*, __half*, int, int, int)",128,8704,0,208,0,128,"MeanOccupancyPerCU",5.866315,2081290940367,2081291448638
245,245,"Agent 1",1,19214,19214,8192,17,"pk_gemm(__half const*, __half const*, __half*, int, int, int)",128,8704,0,208,0,128,"SQ_INSTS_LDS",1310720.000000,2081290940367,2081291448638
245,245,"Agent 1",1,19214,19214,8192,17,"pk_gemm(__half const*, __half const*, __half*, int, int, int)",128,8704,0,208,0,128,"SQ_INST_LEVEL_LDS",124578.000000,2081290940367,2081291448638
245,245,"Agent 1",1,19214,19214,8192,17,"pk_gemm(__half const*, __half const*, __half*, int, int, int)",128,8704,0,208,0,128,"SQ_WAIT_INST_LDS",17334.000000,2081290940367,2081291448638
246,246,"Agent 1",1,19214,19214,8192,17,"pk_gemm(__half const*, __half const*, __half*, int, int, int)",128,8704,0,208,0,128,"ALUStalledByLDS",3.69906576e-02,2081291481900,2081291982076
246,246,"Agent 1",1,19214,19214,8192,17,"pk_gemm(__half const*, __half const*, __half*, int, int, int)",128,8704,0,208,0,128,"LDSBankConflict",12.500000,2081291481900,2081291982076
246,246,"Agent 1",1,19214,19214,8192,17,"pk_gemm(__half const*, __half const*, __half*, int, int, int)",128,8704,0,208,0,128,"MeanOccupancyPerCU",5.854808,2081291481900,2081291982076
246,246,"Agent 1",1,19214,19214,8192,17,"pk_gemm(__half const*, __half const*, __half*, int, int, int)",128,8704,0,208,0,128,"SQ_INSTS_LDS",1310720.000000,2081291481900,2081291982076
246,246,"Agent 1",1,19214,19214,8192,17,"pk_gemm(__half const*, __half const*, __half*, int, int, int)",128,8704,0,208,0,128,"SQ_INST_LEVEL_LDS",123350.000000,2081291481900,2081291982076
246,246,"Agent 1",1,19214,19214,8192,17,"pk_gemm(__half const*, __half const*, __half*, int, int, int)",128,8704,0,208,0,128,"SQ_WAIT_INST_LDS",17908.000000,2081291481900,2081291982076
247,247,"Agent 1",1,19214,19214,8192,17,"pk_gemm(__half const*, __half const*, __half*, int, int, int)",128,8704,0,208,0,128,"ALUStalledByLDS",3.54088992e-02,2081292019907,2081292528258
247,247,"Agent 1",1,19214,19214,8192,17,"pk_gemm(__half const*, __half const*, __half*, int, int, int)",128,8704,0,208,0,128,"LDSBankConflict",12.500000,2081292019907,2081292528258
247,247,"Agent 1",1,19214,19214,8192,17,"pk_gemm(__half const*, __half const*, __half*, int, int, int)",128,8704,0,208,0,128,"MeanOccupancyPerCU",5.846504,2081292019907,2081292528258
247,247,"Agent 1",1,19214,19214,8192,17,"pk_gemm(__half const*, __half const*, __half*, int, int, int)",128,8704,0,208,0,128,"SQ_INSTS_LDS",1310720.000000,2081292019907,2081292528258
247,247,"Agent 1",1,19214,19214,8192,17,"pk_gemm(__half const*, __half const*, __half*, int, int, int)",128,8704,0,208,0,128,"SQ_INST_LEVEL_LDS",125293.000000,2081292019907,2081292528258
247,247,"Agent 1",1,19214,19214,8192,17,"pk_gemm(__half const*, __half const*, __half*, int, int, int)",128,8704,0,208,0,128,"SQ_WAIT_INST_LDS",17420.000000,2081292019907,2081292528258
248,248,"Agent 1",1,19214,19214,8192,17,"pk_gemm(__half const*, __half const*, __half*, int, int, int)",128,8704,0,208,0,128,"ALUStalledByLDS",3.82495663e-02,2081292564807,2081293059973
248,248,"Agent 1",1,19214,19214,8192,17,"pk_gemm(__half const*, __half const*, __half*, int, int, int)",128,8704,0,208,0,128,"LDSBankConflict",12.500000,2081292564807,2081293059973
248,248,"Agent 1",1,19214,19214,8192,17,"pk_gemm(__half const*, __half const*, __half*, int, int, int)",128,8704,0,208,0,128,"MeanOccupancyPerCU",5.861858,2081292564807,2081293059973
248,248,"Agent 1",1,19214,19214,8192,17,"pk_gemm(__half const*, __half const*, __half*, int, int, int)",128,8704,0,208,0,128,"SQ_INSTS_LDS",1310720.000000,2081292564807,2081293059973
248,248,"Agent 1",1,19214,19214,8192,17,"pk_gemm(__half const*, __half const*, __half*, int, int, int)",128,8704,0,208,0,128,"SQ_INST_LEVEL_LDS",125016.000000,2081292564807,2081293059973
248,248,"Agent 1",1,19214,19214,8192,17,"pk_gemm(__half const*, __half const*, __half*, int, int, int)",128,8704,0,208,0,128,"SQ_WAIT_INST_LDS",18330.000000,2081292564807,2081293059973
249,249,"Agent 1",1,19214,19214,8192,17,"pk_gemm(__half const*, __half const*, __half*, int, int, int)",128,8704,0,208,0,128,"ALUStalledByLDS",3.79308156e-02,2081293094358,2081293585236
249,249,"Agent 1",1,19214,19214,8192,17,"pk_gemm(__half const*, __half const*, __half*, int, int, int)",128,8704,0,208,0,128,"LDSBankConflict",12.500000,2081293094358,2081293585236
249,249,"Agent 1",1,19214,19214,8192,17,"pk_gemm(__half const*, __half const*, __half*, int, int, int)",128,8704,0,208,0,128,"MeanOccupancyPerCU",5.849770,2081293094358,2081293585236
249,249,"Agent 1",1,19214,19214,8192,17,"pk_gemm(__half const*, __half const*, __half*, int, int, int)",128,8704,0,208,0,128,"SQ_INSTS_LDS",1310720.000000,2081293094358,2081293585236
249,249,"Agent 1",1,19214,19214,8192,17,"pk_gemm(__half const*, __half const*, __half*, int, int, int)",128,8704,0,208,0,128,"SQ_INST_LEVEL_LDS",124451.000000,2081293094358,2081293585236
249,249,"Agent 1",1,19214,19214,8192,17,"pk_gemm(__half const*, __half const*, __half*, int, int, int)",128,8704,0,208,0,128,"SQ_WAIT_INST_LDS",18023.000000,2081293094358,2081293585236
250,250,"Agent 1",1,19214,19214,8192,17,"pk_gemm(__half const*, __half const*, __half*, int, int, int)",128,8704,0,208,0,128,"ALUStalledByLDS",3.60494438e-02,2081293619260,2081294119676
250,250,"Agent 1",1,19214,19214,8192,17,"pk_gemm(__half const*, __half const*, __half*, int, int, int)",128,8704,0,208,0,128,"LDSBankConflict",12.500000,2081293619260,2081294119676
250,250,"Agent 1",1,19214,19214,8192,17,"pk_gemm(__half const*, __half const*, __half*, int, int, int)",128,8704,0,208,0,128,"MeanOccupancyPerCU",5.952843,2081293619260,2081294119676
250,250,"Agent 1",1,19214,19214,8192,17,"pk_gemm(__half const*, __half const*, __half*, int, int, int)",128,8704,0,208,0,128,"SQ_INSTS_LDS",1310720.000000,2081293619260,2081294119676
250,250,"Agent 1",1,19214,19214,8192,17,"pk_gemm(__half const*, __half const*, __half*, int, int, int)",128,8704,0,208,0,128,"SQ_INST_LEVEL_LDS",125485.000000,2081293619260,2081294119676
250,250,"Agent 1",1,19214,19214,8192,17,"pk_gemm(__half const*, __half const*, __half*, int, int, int)",128,8704,0,208,0,128,"SQ_WAIT_INST_LDS",17448.000000,2081293619260,2081294119676
251,251,"Agent 1",1,19214,19214,8192,17,"pk_gemm(__half const*, __half const*, __half*, int, int, int)",128,8704,0,208,0,128,"ALUStalledByLDS",3.85280930e-02,2081294154381,2081294646823
251,251,"Agent 1",1,19214,19214,8192,17,"pk_gemm(__half const*, __half const*, __half*, int, int, int)",128,8704,0,208,0,128,"LDSBankConflict",12.500000,2081294154381,2081294646823
251,251,"Agent 1",1,19214,19214,8192,17,"pk_gemm(__half const*, __half const*, __half*, int, int, int)",128,8704,0,208,0,128,"MeanOccupancyPerCU",5.795984,2081294154381,2081294646823
251,251,"Agent 1",1,19214,19214,8192,17,"pk_gemm(__half const*, __half const*, __half*, int, int, int)",128,8704,0,208,0,128,"SQ_INSTS_LDS",1310720.000000,2081294154381,2081294646823
251,251,"Agent 1",1,19214,19214,8192,17,"pk_gemm(__half const*, __half const*, __half*, int, int, int)",128,8704,0,208,0,128,"SQ_INST_LEVEL_LDS",124283.000000,2081294154381,2081294646823
251,251,"Agent 1",1,19214,19214,8192,17,"pk_gemm(__half const*, __half const*, __half*, int, int, int)",128,8704,0,208,0,128,"SQ_WAIT_INST_LDS",18359.000000,2081294154381,2081294646823
252,252,"Agent 1",1,19214,19214,8192,17,"pk_gemm(__half const*, __half const*, __half*, int, int, int)",128,8704,0,208,0,128,"ALUStalledByLDS",3.33823353e-02,2081294680806,2081295192724
252,252,"Agent 1",1,19214,19214,8192,17,"pk_gemm(__half const*, __half const*, __half*, int, int, int)",128,8704,0,208,0,128,"LDSBankConflict",12.500000,2081294680806,2081295192724
252,252,"Agent 1",1,19214,19214,8192,17,"pk_gemm(__half const*, __half const*, __half*, int, int, int)",128,8704,0,208,0,128,"MeanOccupancyPerCU",5.878778,2081294680806,2081295192724
252,252,"Agent 1",1,19214,19214,8192,17,"pk_gemm(__half const*, __half const*, __half*, int, int, int)",128,8704,0,208,0,128,"SQ_INSTS_LDS",1310720.000000,2081294680806,2081295192724
252,252,"Agent 1",1,19214,19214,8192,17,"pk_gemm(__half const*, __half const*, __half*, int, int, int)",128,8704,0,208,0,128,"SQ_INST_LEVEL_LDS",124589.000000,2081294680806,2081295192724
252,252,"Agent 1",1,19214,19214,8192,17,"pk_gemm(__half const*, __half const*, __half*, int, int, int)",128,8704,0,208,0,128,"SQ_WAIT_INST_LDS",16537.000000,2081294680806,2081295192724
253,253,"Agent 1",1,19214,19214,8192,17,"pk_gemm(__half const*, __half const*, __half*, int, int, int)",128,8704,0,208,0,128,"ALUStalledByLDS",3.61711861e-02,2081295226588,2081295738946
253,253,"Agent 1",1,19214,19214,8192,17,"pk_gemm(__half const*, __half const*, __half*, int, int, int)",128,8704,0,208,0,128,"LDSBankConflict",12.500000,2081295226588,2081295738946
253,253,"Agent 1",1,19214,19214,8192,17,"pk_gemm(__half const*, __half const*, __half*, int, int, int)",128,8704,0,208,0,128,"MeanOccupancyPerCU",5.782678,2081295226588,2081295738946
253,253,"Agent 1",1,19214,19214,8192,17,"pk_gemm(__half const*, __half const*, __half*, int, int, int)",128,8704,0,208,0,128,"SQ_INSTS_LDS",1310720.000000,2081295226588,2081295738946
253,253,"Agent 1",1,19214,19214,8192,17,"pk_gemm(__half const*, __half const*, __half*, int, int, int)",128,8704,0,208,0,128,"SQ_INST_LEVEL_LDS",124921.000000,2081295226588,2081295738946
253,253,"Agent 1",1,19214,19214,8192,17,"pk_gemm(__half const*, __half const*, __half*, int, int, int)",128,8704,0,208,0,128,"SQ_WAIT_INST_LDS",17926.000000,2081295226588,2081295738946
254,254,"Agent 1",1,19214,19214,8192,17,"pk_gemm(__half const*, __half const*, __half*, int, int, int)",128,8704,0,208,0,128,"ALUStalledByLDS",3.70982644e-02,2081295773130,2081296265492
254,254,"Agent 1",1,19214,19214,8192,17,"pk_gemm(__half const*, __half const*, __half*, int, int, int)",128,8704,0,208,0,128,"LDSBankConflict",12.500000,2081295773130,2081296265492
254,254,"Agent 1",1,19214,19214,8192,17,"pk_gemm(__half const*, __half const*, __half*, int, int, int)",128,8704,0,208,0,128,"MeanOccupancyPerCU",5.906933,2081295773130,2081296265492
254,254,"Agent 1",1,19214,19214,8192,17,"pk_gemm(__half const*, __half const*, __half*, int, int, int)",128,8704,0,208,0,128,"SQ_INSTS_LDS",1310720.000000,2081295773130,2081296265492
254,254,"Agent 1",1,19214,19214,8192,17,"pk_gemm(__half const*, __half const*, __half*, int, int, int)",128,8704,0,208,0,128,"SQ_INST_LEVEL_LDS",124272.000000,2081295773130,2081296265492
254,254,"Agent 1",1,19214,19214,8192,17,"pk_gemm(__half const*, __half const*, __half*, int, int, int)",128,8704,0,208,0,128,"SQ_WAIT_INST_LDS",17680.000000,2081295773130,2081296265492
255,255,"Agent 1",1,19214,19214,8192,17,"pk_gemm(__half const*, __half const*, __half*, int, int, int)",128,8704,0,208,0,128,"ALUStalledByLDS",3.66231776e-02,2081296299395,2081296795363
255,255,"Agent 1",1,19214,19214,8192,17,"pk_gemm(__half const*, __half const*, __half*, int, int, int)",128,8704,0,208,0,128,"LDSBankConflict",12.500000,2081296299395,2081296795363
255,255,"Agent 1",1,19214,19214,8192,17,"pk_gemm(__half const*, __half const*, __half*, int, int, int)",128,8704,0,208,0,128,"MeanOccupancyPerCU",5.887242,2081296299395,2081296795363
255,255,"Agent 1",1,19214,19214,8192,17,"pk_gemm(__half const*, __half const*, __half*, int, int, int)",128,8704,0,208,0,128,"SQ_INSTS_LDS",1310720.000000,2081296299395,2081296795363
255,255,"Agent 1",1,19214,19214,8192,17,"pk_gemm(__half const*, __half const*, __half*, int, int, int)",128,8704,0,208,0,128,"SQ_INST_LEVEL_LDS",124048.000000,2081296299395,2081296795363
255,255,"Agent 1",1,19214,19214,8192,17,"pk_gemm(__half const*, __half const*, __half*, int, int, int)",128,8704,0,208,0,128,"SQ_WAIT_INST_LDS",17575.000000,2081296299395,2081296795363
256,256,"Agent 1",1,19214,19214,8192,17,"pk_gemm(__half const*, __half const*, __half*, int, int, int)",128,8704,0,208,0,128,"ALUStalledByLDS",4.18727765e-02,2081296828585,2081297309485
256,256,"Agent 1",1,19214,19214,8192,17,"pk_gemm(__half const*, __half const*, __half*, int, int, int)",128,8704,0,208,0,128,"LDSBankConflict",12.500000,2081296828585,2081297309485
256,256,"Agent 1",1,19214,19214,8192,17,"pk_gemm(__half const*, __half const*, __half*, int, int, int)",128,8704,0,208,0,128,"MeanOccupancyPerCU",5.733661,2081296828585,2081297309485
256,256,"Agent 1",1,19214,19214,8192,17,"pk_gemm(__half const*, __half const*, __half*, int, int, int)",128,8704,0,208,0,128,"SQ_INSTS_LDS",1310720.000000,2081296828585,2081297309485
256,256,"Agent 1",1,19214,19214,8192,17,"pk_gemm(__half const*, __half const*, __half*, int, int, int)",128,8704,0,208,0,128,"SQ_INST_LEVEL_LDS",124416.000000,2081296828585,2081297309485
256,256,"Agent 1",1,19214,19214,8192,17,"pk_gemm(__half const*, __half const*, __half*, int, int, int)",128,8704,0,208,0,128,"SQ_WAIT_INST_LDS",19495.000000,2081296828585,2081297309485
257,257,"Agent 1",1,19214,19214,8192,17,"pk_gemm(__half const*, __half const*, __half*, int, int, int)",128,8704,0,208,0,128,"ALUStalledByLDS",3.53823974e-02,2081297343148,2081297845408
257,257,"Agent 1",1,19214,19214,8192,17,"pk_gemm(__half const*, __half const*, __half*, int, int, int)",128,8704,0,208,0,128,"LDSBankConflict",12.500000,2081297343148,2081297845408
257,257,"Agent 1",1,19214,19214,8192,17,"pk_gemm(__half const*, __half const*, __half*, int, int, int)",128,8704,0,208,0,128,"MeanOccupancyPerCU",5.919750,2081297343148,2081297845408
257,257,"Agent 1",1,19214,19214,8192,17,"pk_gemm(__half const*, __half const*, __half*, int, int, int)",128,8704,0,208,0,128,"SQ_INSTS_LDS",1310720.000000,2081297343148,2081297845408
257,257,"Agent 1",1,19214,19214,8192,17,"pk_gemm(__half const*, __half const*, __half*, int, int, int)",128,8704,0,208,0,128,"SQ_INST_LEVEL_LDS",122858.000000,2081297343148,2081297845408
257,257,"Agent 1",1,19214,19214,8192,17,"pk_gemm(__half const*, __half const*, __half*, int, int, int)",128,8704,0,208,0,128,"SQ_WAIT_INST_LDS",17197.000000,2081297343148,2081297845408
258,258,"Agent 1",1,19214,19214,32768,17,"pk_gemm(__half const*, __half const*, __half*, int, int, int)",128,8704,0,208,0,128,"ALUStalledByLDS",8.60814064e-03,2081406869747,2081413057086
258,258,"Agent 1",1,19214,19214,32768,17,"pk_gemm(__half const*, __half const*, __half*, int, int, int)",128,8704,0,208,0,128,"LDSBankConflict",12.500000,2081406869747,2081413057086
258,258,"Agent 1",1,19214,19214,32768,17,"pk_gemm(__half const*, __half const*, __half*, int, int, int)",128,8704,0,208,0,128,"MeanOccupancyPerCU",7.255559,2081406869747,2081413057086
258,258,"Agent 1",1,19214,19214,32768,17,"pk_gemm(__half const*, __half const*, __half*, int, int, int)",128,8704,0,208,0,128,"SQ_INSTS_LDS",10485760.000000,2081406869747,2081413057086
258,258,"Agent 1",1,19214,19214,32768,17,"pk_gemm(__half const*, __half const*, __half*, int, int, int)",128,8704,0,208,0,128,"SQ_INST_LEVEL_LDS",1075521.000000,2081406869747,2081413057086
258,258,"Agent 1",1,19214,19214,32768,17,"pk_gemm(__half const*, __half const*, __half*, int, int, int)",128,8704,0,208,0,128,"SQ_WAIT_INST_LDS",204178.000000,2081406869747,2081413057086
259,259,"Agent 1",1,19214,19214,32768,17,"pk_gemm(__half const*, __half const*, __half*, int, int, int)",128,8704,0,208,0,128,"ALUStalledByLDS",8.44139119e-03,2081413096920,2081419498139
259,259,"Agent 1",1,19214,19214,32768,17,"pk_gemm(__half const*, __half const*, __half*, int, int, int)",128,8704,0,208,0,128,"LDSBankConflict",12.500000,2081413096920,2081419498139
259,259,"Agent 1",1,19214,19214,32768,17,"pk_gemm(__half const*, __half const*, __half*, int, int, int)",128,8704,0,208,0,128,"MeanOccupancyPerCU",7.034549,2081413096920,2081419498139
259,259,"Agent 1",1,19214,19214,32768,17,"pk_gemm(__half const*, __half const*, __half*, int, int, int)",128,8704,0,208,0,128,"SQ_INSTS_LDS",10485760.000000,2081413096920,2081419498139
259,259,"Agent 1",1,19214,19214,32768,17,"pk_gemm(__half const*, __half const*, __half*, int, int, int)",128,8704,0,208,0,128,"SQ_INST_LEVEL_LDS",1085502.000000,2081413096920,2081419498139
259,259,"Agent 1",1,19214,19214,32768,17,"pk_gemm(__half const*, __half const*, __half*, int, int, int)",128,8704,0,208,0,128,"SQ_WAIT_INST_LDS",206870.000000,2081413096920,2081419498139
260,260,"Agent 1",1,19214,19214,32768,17,"pk_gemm(__half const*, __half const*, __half*, int, int, int)",128,8704,0,208,0,128,"ALUStalledByLDS",7.60794947e-03,2081419532002,2081426191745
260,260,"Agent 1",1,19214,19214,32768,17,"pk_gemm(__half const*, __half const*, __half*, int, int, int)",128,8704,0,208,0,128,"LDSBankConflict",12.500000,2081419532002,2081426191745
260,260,"Agent 1",1,19214,19214,32768,17,"pk_gemm(__half const*, __half const*, __half*, int, int, int)",128,8704,0,208,0,128,"MeanOccupancyPerCU",7.290985,2081419532002,2081426191745
260,260,"Agent 1",1,19214,19214,32768,17,"pk_gemm(__half const*, __half const*, __half*, int, int, int)",128,8704,0,208,0,128,"SQ_INSTS_LDS",10485760.000000,2081419532002,2081426191745
260,260,"Agent 1",1,19214,19214,32768,17,"pk_gemm(__half const*, __half const*, __half*, int, int, int)",128,8704,0,208,0,128,"SQ_INST_LEVEL_LDS",1066953.000000,2081419532002,2081426191745
260,260,"Agent 1",1,19214,19214,32768,17,"pk_gemm(__half const*, __half const*, __half*, int, int, int)",128,8704,0,208,0,128,"SQ_WAIT_INST_LDS",194278.000000,2081419532002,2081426191745
261,261,"Agent 1",1,19214,19214,32768,17,"pk_gemm(__half const*, __half const*, __half*, int, int, int)",128,8704,0,208,0,128,"ALUStalledByLDS",8.90579879e-03,2081426223685,2081432174060
261,261,"Agent 1",1,19214,19214,32768,17,"pk_gemm(__half const*, __half const*, __half*, int, int, int)",128,8704,0,208,0,128,"LDSBankConflict",12.500000,2081426223685,2081432174060
261,261,"Agent 1",1,19214,19214,32768,17,"pk_gemm(__half const*, __half const*, __half*, int, int, int)",128,8704,0,208,0,128,"MeanOccupancyPerCU",7.363864,2081426223685,2081432174060
261,261,"Agent 1",1,19214,19214,32768,17,"pk_gemm(__half const*, __half const*, __half*, int, int, int)",128,8704,0,208,0,128,"SQ_INSTS_LDS",10485760.000000,2081426223685,2081432174060
261,261,"Agent 1",1,19214,19214,32768,17,"pk_gemm(__half const*, __half const*, __half*, int, int, int)",128,8704,0,208,0,128,"SQ_INST_LEVEL_LDS",1063619.000000,2081426223685,2081432174060
261,261,"Agent 1",1,19214,19214,32768,17,"pk_gemm(__half const*, __half const*, __half*, int, int, int)",128,8704,0,208,0,128,"SQ_WAIT_INST_LDS",203028.000000,2081426223685,2081432174060
262,262,"Agent 1",1,19214,19214,32768,17,"pk_gemm(__half const*, __half const*, __half*, int, int, int)",128,8704,0,208,0,128,"ALUStalledByLDS",7.74019077e-03,2081432206681,2081438612309
262,262,"Agent 1",1,19214,19214,32768,17,"pk_gemm(__half const*, __half const*, __half*, int, int, int)",128,8704,0,208,0,128,"LDSBankConflict",12.500000,2081432206681,2081438612309
262,262,"Agent 1",1,19214,19214,32768,17,"pk_gemm(__half const*, __half const*, __half*, int, int, int)",128,8704,0,208,0,128,"MeanOccupancyPerCU",7.171108,2081432206681,2081438612309
262,262,"Agent 1",1,19214,19214,32768,17,"pk_gemm(__half const*, __half const*, __half*, int, int, int)",128,8704,0,208,0,128,"SQ_INSTS_LDS",10485760.000000,2081432206681,2081438612309
262,262,"Agent 1",1,19214,19214,32768,17,"pk_gemm(__half const*, __half const*, __half*, int, int, int)",128,8704,0,208,0,128,"SQ_INST_LEVEL_LDS",1056148.000000,2081432206681,2081438612309
262,262,"Agent 1",1,19214,19214,32768,17,"pk_gemm(__half const*, __half const*, __half*, int, int, int)",128,8704,0,208,0,128,"SQ_WAIT_INST_LDS",190181.000000,2081432206681,2081438612309
263,263,"Agent 1",1,19214,19214,32768,17,"pk_gemm(__half const*, __half const*, __half*, int, int, int)",128,8704,0,208,0,128,"ALUStalledByLDS",7.82327649e-03,2081438645250,2081445148260
263,263,"Agent 1",1,19214,19214,32768,17,"pk_gemm(__half const*, __half const*, __half*, int, int, int)",128,8704,0,208,0,128,"LDSBankConflict",12.500000,2081438645250,2081445148260
263,263,"Agent 1",1,19214,19214,32768,17,"pk_gemm(__half const*, __half const*, __half*, int, int, int)",128,8704,0,208,0,128,"MeanOccupancyPerCU",7.282825,2081438645250,2081445148260
263,263,"Agent 1",1,19214,19214,32768,17,"pk_gemm(__half const*, __half const*, __half*, int, int, int)",128,8704,0,208,0,128,"SQ_INSTS_LDS",10485760.000000,2081438645250,2081445148260
263,263,"Agent 1",1,19214,19214,32768,17,"pk_gemm(__half const*, __half const*, __half*, int, int, int)",128,8704,0,208,0,128,"SQ_INST_LEVEL_LDS",1062997.000000,2081438645250,2081445148260
263,263,"Agent 1",1,19214,19214,32768,17,"pk_gemm(__half const*, __half const*, __half*, int, int, int)",128,8704,0,208,0,128,"SQ_WAIT_INST_LDS",195152.000000,2081438645250,2081445148260
264,264,"Agent 1",1,19214,19214,32768,17,"pk_gemm(__half const*, __half const*, __half*, int, int, int)",128,8704,0,208,0,128,"ALUStalledByLDS",8.26523337e-03,2081445182083,2081451531806
264,264,"Agent 1",1,19214,19214,32768,17,"pk_gemm(__half const*, __half const*, __half*, int, int, int)",128,8704,0,208,0,128,"LDSBankConflict",12.500000,2081445182083,2081451531806
264,264,"Agent 1",1,19214,19214,32768,17,"pk_gemm(__half const*, __half const*, __half*, int, int, int)",128,8704,0,208,0,128,"MeanOccupancyPerCU",7.148014,2081445182083,2081451531806
264,264,"Agent 1",1,19214,19214,32768,17,"pk_gemm(__half const*, __half const*, __half*, int, int, int)",128,8704,0,208,0,128,"SQ_INSTS_LDS",10485760.000000,2081445182083,2081451531806
264,264,"Agent 1",1,19214,19214,32768,17,"pk_gemm(__half const*, __half const*, __half*, int, int, int)",128,8704,0,208,0,128,"SQ_INST_LEVEL_LDS",1068637.000000,2081445182083,2081451531806
264,264,"Agent 1",1,19214,19214,32768,17,"pk_gemm(__half const*, __half const*, __half*, int, int, int)",128,8704,0,208,0,128,"SQ_WAIT_INST_LDS",201142.000000,2081445182083,2081451531806
265,265,"Agent 1",1,19214,19214,32768,17,"pk_gemm(__half const*, __half const*, __half*, int, int, int)",128,8704,0,208,0,128,"ALUStalledByLDS",7.47142970e-03,2081451564307,2081458098294
265,265,"Agent 1",1,19214,19214,32768,17,"pk_gemm(__half const*, __half const*, __half*, int, int, int)",128,8704,0,208,0,128,"LDSBankConflict",12.500000,2081451564307,2081458098294
265,265,"Agent 1",1,19214,19214,32768,17,"pk_gemm(__half const*, __half const*, __half*, int, int, int)",128,8704,0,208,0,128,"MeanOccupancyPerCU",7.310318,2081451564307,2081458098294
265,265,"Agent 1",1,19214,19214,32768,17,"pk_gemm(__half const*, __half const*, __half*, int, int, int)",128,8704,0,208,0,128,"SQ_INSTS_LDS",10485760.000000,2081451564307,2081458098294
265,265,"Agent 1",1,19214,19214,32768,17,"pk_gemm(__half const*, __half const*, __half*, int, int, int)",128,8704,0,208,0,128,"SQ_INST_LEVEL_LDS",1061459.000000,2081451564307,2081458098294
265,265,"Agent 1",1,19214,19214,32768,17,"pk_gemm(__half const*, __half const*, __half*, int, int, int)",128,8704,0,208,0,128,"SQ_WAIT_INST_LDS",187195.000000,2081451564307,2081458098294
266,266,"Agent 1",1,19214,19214,32768,17,"pk_gemm(__half const*, __half const*, __half*, int, int, int)",128,8704,0,208,0,128,"ALUStalledByLDS",4.94669571e-03,2081458156203,2081464883432
266,266,"Agent 1",1,19214,19214,32768,17,"pk_gemm(__half const*, __half const*, __half*, int, int, int)",128,8704,0,208,0,128,"LDSBankConflict",12.495948,2081458156203,2081464883432
266,266,"Agent 1",1,19214,19214,32768,17,"pk_gemm(__half const*, __half const*, __half*, int, int, int)",128,8704,0,208,0,128,"MeanOccupancyPerCU",7.053939,2081458156203,2081464883432
266,266,"Agent 1",1,19214,19214,32768,17,"pk_gemm(__half const*, __half const*, __half*, int, int, int)",128,8704,0,208,0,128,"SQ_INSTS_LDS",10496640.000000,2081458156203,2081464883432
266,266,"Agent 1",1,19214,19214,32768,17,"pk_gemm(__half const*, __half const*, __half*, int, int, int)",128,8704,0,208,0,128,"SQ_INST_LEVEL_LDS",1098631.000000,2081458156203,2081464883432
266,266,"Agent 1",1,19214,19214,32768,17,"pk_gemm(__half const*, __half const*, __half*, int, int, int)",128,8704,0,208,0,128,"SQ_WAIT_INST_LDS",206996.000000,2081458156203,2081464883432
267,267,"Agent 1",1,19214,19214,32768,17,"pk_gemm(__half const*, __half const*, __half*, int, int, int)",128,8704,0,208,0,128,"ALUStalledByLDS",7.91444937e-03,2081464920622,2081471457655
267,267,"Agent 1",1,19214,19214,32768,17,"pk_gemm(__half const*, __half const*, __half*, int, int, int)",128,8704,0,208,0,128,"LDSBankConflict",12.500000,2081464920622,2081471457655
267,267,"Agent 1",1,19214,19214,32768,17,"pk_gemm(__half const*, __half const*, __half*, int, int, int)",128,8704,0,208,0,128,"MeanOccupancyPerCU",7.135215,2081464920622,2081471457655
267,267,"Agent 1",1,19214,19214,32768,17,"pk_gemm(__half const*, __half const*, __half*, int, int, int)",128,8704,0,208,0,128,"SQ_INSTS_LDS",10485760.000000,2081464920622,2081471457655
267,267,"Agent 1",1,19214,19214,32768,17,"pk_gemm(__half const*, __half const*, __half*, int, int, int)",128,8704,0,208,0,128,"SQ_INST_LEVEL_LDS",1070704.000000,2081464920622,2081471457655
267,267,"Agent 1",1,19214,19214,32768,17,"pk_gemm(__half const*, __half const*, __half*, int, int, int)",128,8704,0,208,0,128,"SQ_WAIT_INST_LDS",198284.000000,2081464920622,2081471457655
268,268,"Agent 1",1,19214,19214,32768,17,"pk_gemm(__half const*, __half const*, __half*, int, int, int)",128,8704,0,208,0,128,"ALUStalledByLDS",8.30776536e-03,2081471498385,2081477762107
268,268,"Agent 1",1,19214,19214,32768,17,"pk_gemm(__half const*, __half const*, __half*, int, int, int)",128,8704,0,208,0,128,"LDSBankConflict",12.500000,2081471498385,2081477762107
268,268,"Agent 1",1,19214,19214,32768,17,"pk_gemm(__half const*, __half const*, __half*, int, int, int)",128,8704,0,208,0,128,"MeanOccupancyPerCU",7.310385,2081471498385,2081477762107
268,268,"Agent 1",1,19214,19214,32768,17,"pk_gemm(__half const*, __half const*, __half*, int, int, int)",128,8704,0,208,0,128,"SQ_INSTS_LDS",10485760.000000,2081471498385,2081477762107
268,268,"Agent 1",1,19214,19214,32768,17,"pk_gemm(__half const*, __half const*, __half*, int, int, int)",128,8704,0,208,0,128,"SQ_INST_LEVEL_LDS",1065173.000000,2081471498385,2081477762107
268,268,"Agent 1",1,19214,19214,32768,17,"pk_gemm(__half const*, __half const*, __half*, int, int, int)",128,8704,0,208,0,128,"SQ_WAIT_INST_LDS",199455.000000,2081471498385,2081477762107
269,269,"Agent 1",1,19214,19214,32768,17,"pk_gemm(__half const*, __half const*, __half*, int, int, int)",128,8704,0,208,0,128,"ALUStalledByLDS",7.80298167e-03,2081477802822,2081484428381
269,269,"Agent 1",1,19214,19214,32768,17,"pk_gemm(__half const*, __half const*, __half*, int, int, int)",128,8704,0,208,0,128,"LDSBankConflict",12.500000,2081477802822,2081484428381
269,269,"Agent 1",1,19214,19214,32768,17,"pk_gemm(__half const*, __half const*, __half*, int, int, int)",128,8704,0,208,0,128,"MeanOccupancyPerCU",7.151188,2081477802822,2081484428381
269,269,"Agent 1",1,19214,19214,32768,17,"pk_gemm(__half const*, __half const*, __half*, int, int, int)",128,8704,0,208,0,128,"SQ_INSTS_LDS",10485760.000000,2081477802822,2081484428381
269,269,"Agent 1",1,19214,19214,32768,17,"pk_gemm(__half const*, __half const*, __half*, int, int, int)",128,8704,0,208,0,128,"SQ_INST_LEVEL_LDS",1069783.000000,2081477802822,2081484428381
269,269,"Agent 1",1,19214,19214,32768,17,"pk_gemm(__half const*, __half const*, __half*, int, int, int)",128,8704,0,208,0,128,"SQ_WAIT_INST_LDS",198142.000000,2081477802822,2081484428381
270,270,"Agent 1",1,19214,19214,32768,17,"pk_gemm(__half const*, __half const*, __half*, int, int, int)",128,8704,0,208,0,128,"ALUStalledByLDS",7.87878395e-03,2081484465009,2081490809362
270,270,"Agent 1",1,19214,19214,32768,17,"pk_gemm(__half const*, __half const*, __half*, int, int, int)",128,8704,0,208,0,128,"LDSBankConflict",12.500000,2081484465009,2081490809362
270,270,"Agent 1",1,19214,19214,32768,17,"pk_gemm(__half const*, __half const*, __half*, int, int, int)",128,8704,0,208,0,128,"MeanOccupancyPerCU",7.341258,2081484465009,2081490809362
270,270,"Agent 1",1,19214,19214,32768,17,"pk_gemm(__half const*, __half const*, __half*, int, int, int)",128,8704,0,208,0,128,"SQ_INSTS_LDS",10485760.000000,2081484465009,2081490809362
270,270,"Agent 1",1,19214,19214,32768,17,"pk_gemm(__half const*, __half const*, __half*, int, int, int)",128,8704,0,208,0,128,"SQ_INST_LEVEL_LDS",1059302.000000,2081484465009,2081490809362
270,270,"Agent 1",1,19214,19214,32768,17,"pk_gemm(__half const*, __half const*, __half*, int, int, int)",128,8704,0,208,0,128,"SQ_WAIT_INST_LDS",191754.000000,2081484465009,2081490809362
271,271,"Agent 1",1,19214,19214,32768,17,"pk_gemm(__half const*, __half const*, __half*, int, int, int)",128,8704,0,208,0,128,"ALUStalledByLDS",8.21527352e-03,2081490847634,2081496755891
271,271,"Agent 1",1,19214,19214,32768,17,"pk_gemm(__half const*, __half const*, __half*, int, int, int)",128,8704,0,208,0,128,"LDSBankConflict",12.500000,2081490847634,2081496755891
271,271,"Agent 1",1,19214,19214,32768,17,"pk_gemm(__half const*, __half const*, __half*, int, int, int)",128,8704,0,208,0,128,"MeanOccupancyPerCU",7.036664,2081490847634,2081496755891
271,271,"Agent 1",1,19214,19214,32768,17,"pk_gemm(__half const*, __half const*, __half*, int, int, int)",128,8704,0,208,0,128,"SQ_INSTS_LDS",10485760.000000,2081490847634,2081496755891
271,271,"Agent 1",1,19214,19214,32768,17,"pk_gemm(__half const*, __half const*, __half*, int, int, int)",128,8704,0,208,0,128,"SQ_INST_LEVEL_LDS",1048874.000000,2081490847634,2081496755891
271,271,"Agent 1",1,19214,19214,32768,17,"pk_gemm(__half const*, __half const*, __half*, int, int, int)",128,8704,0,208,0,128,"SQ_WAIT_INST_LDS",186295.000000,2081490847634,2081496755891
272,272,"Agent 1",1,19214,19214,32768,17,"pk_gemm(__half const*, __half const*, __half*, int, int, int)",128,8704,0,208,0,128,"ALUStalledByLDS",7.42120301e-03,2081496792679,2081503545196
272,272,"Agent 1",1,19214,19214,32768,17,"pk_gemm(__half const*, __half const*, __half*, int, int, int)",128,8704,0,208,0,128,"LDSBankConflict",12.500000,2081496792679,2081503545196
272,272,"Agent 1",1,19214,19214,32768,17,"pk_gemm(__half const*, __half const*, __half*, int, int, int)",128,8704,0,208,0,128,"MeanOccupancyPerCU",7.187341,2081496792679,2081503545196
272,272,"Agent 1",1,19214,19214,32768,17,"pk_gemm(__half const*, __half const*, __half*, int, int, int)",128,8704,0,208,0,128,"SQ_INSTS_LDS",10485760.000000,2081496792679,2081503545196
272,272,"Agent 1",1,19214,19214,32768,17,"pk_gemm(__half const*, __half const*, __half*, int, int, int)",128,8704,0,208,0,128,"SQ_INST_LEVEL_LDS",1074350.000000,2081496792679,2081503545196
272,272,"Agent 1",1,19214,19214,32768,17,"pk_gemm(__half const*, __half const*, __half*, int, int, int)",128,8704,0,208,0,128,"SQ_WAIT_INST_LDS",192160.000000,2081496792679,2081503545196
273,273,"Agent 1",1,19214,19214,32768,17,"pk_gemm(__half const*, __half const*, __half*, int, int, int)",128,8704,0,208,0,128,"ALUStalledByLDS",6.94151972e-03,2081503581224,2081510221971
273,273,"Agent 1",1,19214,19214,32768,17,"pk_gemm(__half const*, __half const*, __half*, int, int, int)",128,8704,0,208,0,128,"LDSBankConflict",12.500000,2081503581224,2081510221971
273,273,"Agent 1",1,19214,19214,32768,17,"pk_gemm(__half const*, __half const*, __half*, int, int, int)",128,8704,0,208,0,128,"MeanOccupancyPerCU",7.022969,2081503581224,2081510221971
273,273,"Agent 1",1,19214,19214,32768,17,"pk_gemm(__half const*, __half const*, __half*, int, int, int)",128,8704,0,208,0,128,"SQ_INSTS_LDS",10485760.000000,2081503581224,2081510221971
273,273,"Agent 1",1,19214,19214,32768,17,"pk_gemm(__half const*, __half const*, __half*, int, int, int)",128,8704,0,208,0,128,"SQ_INST_LEVEL_LDS",1049292.000000,2081503581224,2081510221971
273,273,"Agent 1",1,19214,19214,32768,17,"pk_gemm(__half const*, __half const*, __half*, int, int, int)",128,8704,0,208,0,128,"SQ_WAIT_INST_LDS",176960.000000,2081503581224,2081510221971
274,274,"Agent 1",1,19214,19214,32768,17,"pk_gemm(__half const*, __half const*, __half*, int, int, int)",128,8704,0,208,0,128,"ALUStalledByLDS",7.84333629e-03,2081510260523,2081516678694
274,274,"Agent 1",1,19214,19214,32768,17,"pk_gemm(__half const*, __half const*, __half*, int, int, int)",128,8704,0,208,0,128,"LDSBankConflict",12.500000,2081510260523,2081516678694
274,274,"Agent 1",1,19214,19214,32768,17,"pk_gemm(__half const*, __half const*, __half*, int, int, int)",128,8704,0,208,0,128,"MeanOccupancyPerCU",7.409874,2081510260523,2081516678694
274,274,"Agent 1",1,19214,19214,32768,17,"pk_gemm(__half const*, __half const*, __half*, int, int, int)",128,8704,0,208,0,128,"SQ_INSTS_LDS",10485760.000000,2081510260523,2081516678694
274,274,"Agent 1",1,19214,19214,32768,17,"pk_gemm(__half const*, __half const*, __half*, int, int, int)",128,8704,0,208,0,128,"SQ_INST_LEVEL_LDS",1060783.000000,2081510260523,2081516678694
274,274,"Agent 1",1,19214,19214,32768,17,"pk_gemm(__half const*, __half const*, __half*, int, int, int)",128,8704,0,208,0,128,"SQ_WAIT_INST_LDS",193070.000000,2081510260523,2081516678694
275,275,"Agent 1",1,19214,19214,32768,17,"pk_gemm(__half const*, __half const*, __half*, int, int, int)",128,8704,0,208,0,128,"ALUStalledByLDS",8.25827303e-03,2081516715163,2081523100713
275,275,"Agent 1",1,19214,19214,32768,17,"pk_gemm(__half const*, __half const*, __half*, int, int, int)",128,8704,0,208,0,128,"LDSBankConflict",12.500000,2081516715163,2081523100713
275,275,"Agent 1",1,19214,19214,32768,17,"pk_gemm(__half const*, __half const*, __half*, int, int, int)",128,8704,0,208,0,128,"MeanOccupancyPerCU",7.178134,2081516715163,2081523100713
275,275,"Agent 1",1,19214,19214,32768,17,"pk_gemm(__half const*, __half const*, __half*, int, int, int)",128,8704,0,208,0,128,"SQ_INSTS_LDS",10485760.000000,2081516715163,2081523100713
275,275,"Agent 1",1,19214,19214,32768,17,"pk_gemm(__half const*, __half const*, __half*, int, int, int)",128,8704,0,208,0,128,"SQ_INST_LEVEL_LDS",1070550.000000,2081516715163,2081523100713
275,275,"Agent 1",1,19214,19214,32768,17,"pk_gemm(__half const*, __half const*, __half*, int, int, int)",128,8704,0,208,0,128,"SQ_WAIT_INST_LDS",202138.000000,2081516715163,2081523100713
276,276,"Agent 1",1,19214,19214,32768,17,"pk_gemm(__half const*, __half const*, __half*, int, int, int)",128,8704,0,208,0,128,"ALUStalledByLDS",7.51173468e-03,2081523136299,2081529480251
276,276,"Agent 1",1,19214,19214,32768,17,"pk_gemm(__half const*, __half const*, __half*, int, int, int)",128,8704,0,208,0,128,"LDSBankConflict",12.500000,2081523136299,2081529480251
276,276,"Agent 1",1,19214,19214,32768,17,"pk_gemm(__half const*, __half const*, __half*, int, int, int)",128,8704,0,208,0,128,"MeanOccupancyPerCU",7.076319,2081523136299,2081529480251
276,276,"Agent 1",1,19214,19214,32768,17,"pk_gemm(__half const*, __half const*, __half*, int, int, int)",128,8704,0,208,0,128,"SQ_INSTS_LDS",10485760.000000,2081523136299,2081529480251
276,276,"Agent 1",1,19214,19214,32768,17,"pk_gemm(__half const*, __half const*, __half*, int, int, int)",128,8704,0,208,0,128,"SQ_INST_LEVEL_LDS",1057508.000000,2081523136299,2081529480251
276,276,"Agent 1",1,19214,19214,32768,17,"pk_gemm(__half const*, __half const*, __half*, int, int, int)",128,8704,0,208,0,128,"SQ_WAIT_INST_LDS",182757.000000,2081523136299,2081529480251
277,277,"Agent 1",1,19214,19214,32768,17,"pk_gemm(__half const*, __half const*, __half*, int, int, int)",128,8704,0,208,0,128,"ALUStalledByLDS",8.20016441e-03,2081529517842,2081535621664
277,277,"Agent 1",1,19214,19214,32768,17,"pk_gemm(__half const*, __half const*, __half*, int, int, int)",128,8704,0,208,0,128,"LDSBankConflict",12.500000,2081529517842,2081535621664
277,277,"Agent 1",1,19214,19214,32768,17,"pk_gemm(__half const*, __half const*, __half*, int, int, int)",128,8704,0,208,0,128,"MeanOccupancyPerCU",7.356545,2081529517842,2081535621664
277,277,"Agent 1",1,19214,19214,32768,17,"pk_gemm(__half const*, __half const*, __half*, int, int, int)",128,8704,0,208,0,128,"SQ_INSTS_LDS",10485760.000000,2081529517842,2081535621664
277,277,"Agent 1",1,19214,19214,32768,17,"pk_gemm(__half const*, __half const*, __half*, int, int, int)",128,8704,0,208,0,128,"SQ_INST_LEVEL_LDS",1060284.000000,2081529517842,2081535621664
277,277,"Agent 1",1,19214,19214,32768,17,"pk_gemm(__half const*, __half const*, __half*, int, int, int)",128,8704,0,208,0,128,"SQ_WAIT_INST_LDS",191970.000000,2081529517842,2081535621664
278,278,"Agent 1",1,19214,19214,32768,17,"pk_gemm(__half const*, __half const*, __half*, int, int, int)",128,8704,0,208,0,128,"ALUStalledByLDS",6.87956873e-03,2081535655864,2081542325065
278,278,"Agent 1",1,19214,19214,32768,17,"pk_gemm(__half const*, __half const*, __half*, int, int, int)",128,8704,0,208,0,128,"LDSBankConflict",12.500000,2081535655864,2081542325065
278,278,"Agent 1",1,19214,19214,32768,17,"pk_gemm(__half const*, __half const*, __half*, int, int, int)",128,8704,0,208,0,128,"MeanOccupancyPerCU",7.237192,2081535655864,2081542325065
278,278,"Agent 1",1,19214,19214,32768,17,"pk_gemm(__half const*, __half const*, __half*, int, int, int)",128,8704,0,208,0,128,"SQ_INSTS_LDS",10485760.000000,2081535655864,2081542325065
278,278,"Agent 1",1,19214,19214,32768,17,"pk_gemm(__half const*, __half const*, __half*, int, int, int)",128,8704,0,208,0,128,"SQ_INST_LEVEL_LDS",1046663.000000,2081535655864,2081542325065
278,278,"Agent 1",1,19214,19214,32768,17,"pk_gemm(__half const*, __half const*, __half*, int, int, int)",128,8704,0,208,0,128,"SQ_WAIT_INST_LDS",176132.000000,2081535655864,2081542325065
279,279,"Agent 1",1,19214,19214,32768,17,"pk_gemm(__half const*, __half const*, __half*, int, int, int)",128,8704,0,208,0,128,"ALUStalledByLDS",8.50370633e-03,2081542361251,2081548790884
279,279,"Agent 1",1,19214,19214,32768,17,"pk_gemm(__half const*, __half const*, __half*, int, int, int)",128,8704,0,208,0,128,"LDSBankConflict",12.500000,2081542361251,2081548790884
279,279,"Agent 1",1,19214,19214,32768,17,"pk_gemm(__half const*, __half const*, __half*, int, int, int)",128,8704,0,208,0,128,"MeanOccupancyPerCU",7.304120,2081542361251,2081548790884
279,279,"Agent 1",1,19214,19214,32768,17,"pk_gemm(__half const*, __half const*, __half*, int, int, int)",128,8704,0,208,0,128,"SQ_INSTS_LDS",10485760.000000,2081542361251,2081548790884
279,279,"Agent 1",1,19214,19214,32768,17,"pk_gemm(__half const*, __half const*, __half*, int, int, int)",128,8704,0,208,0,128,"SQ_INST_LEVEL_LDS",1079034.000000,2081542361251,2081548790884
279,279,"Agent 1",1,19214,19214,32768,17,"pk_gemm(__half const*, __half const*, __half*, int, int, int)",128,8704,0,208,0,128,"SQ_WAIT_INST_LDS",209486.000000,2081542361251,2081548790884
280,280,"Agent 1",1,19214,19214,32768,17,"pk_gemm(__half const*, __half const*, __half*, int, int, int)",128,8704,0,208,0,128,"ALUStalledByLDS",7.75258634e-03,2081548825429,2081555215267
280,280,"Agent 1",1,19214,19214,32768,17,"pk_gemm(__half const*, __half const*, __half*, int, int, int)",128,8704,0,208,0,128,"LDSBankConflict",12.500000,2081548825429,2081555215267
280,280,"Agent 1",1,19214,19214,32768,17,"pk_gemm(__half const*, __half const*, __half*, int, int, int)",128,8704,0,208,0,128,"MeanOccupancyPerCU",7.463400,2081548825429,2081555215267
280,280,"Agent 1",1,19214,19214,32768,17,"pk_gemm(__half const*, __half const*, __half*, int, int, int)",128,8704,0,208,0,128,"SQ_INSTS_LDS",10485760.000000,2081548825429,2081555215267
280,280,"Agent 1",1,19214,19214,32768,17,"pk_gemm(__half const*, __half const*, __half*, int, int, int)",128,8704,0,208,0,128,"SQ_INST_LEVEL_LDS",1062275.000000,2081548825429,2081555215267
280,280,"Agent 1",1,19214,19214,32768,17,"pk_gemm(__half const*, __half const*, __half*, int, int, int)",128,8704,0,208,0,128,"SQ_WAIT_INST_LDS",189974.000000,2081548825429,2081555215267
281,281,"Agent 1",1,19214,19214,32768,17,"pk_gemm(__half const*, __half const*, __half*, int, int, int)",128,8704,0,208,0,128,"ALUStalledByLDS",6.99020550e-03,2081555249371,2081561946344
281,281,"Agent 1",1,19214,19214,32768,17,"pk_gemm(__half const*, __half const*, __half*, int, int, int)",128,8704,0,208,0,128,"LDSBankConflict",12.500000,2081555249371,2081561946344
281,281,"Agent 1",1,19214,19214,32768,17,"pk_gemm(__half const*, __half const*, __half*, int, int, int)",128,8704,0,208,0,128,"MeanOccupancyPerCU",7.196101,2081555249371,2081561946344
281,281,"Agent 1",1,19214,19214,32768,17,"pk_gemm(__half const*, __half const*, __half*, int, int, int)",128,8704,0,208,0,128,"SQ_INSTS_LDS",10485760.000000,2081555249371,2081561946344
281,281,"Agent 1",1,19214,19214,32768,17,"pk_gemm(__half const*, __half const*, __half*, int, int, int)",128,8704,0,208,0,128,"SQ_INST_LEVEL_LDS",1048882.000000,2081555249371,2081561946344
281,281,"Agent 1",1,19214,19214,32768,17,"pk_gemm(__half const*, __half const*, __half*, int, int, int)",128,8704,0,208,0,128,"SQ_WAIT_INST_LDS",179680.000000,2081555249371,2081561946344
282,282,"Agent 1",1,19214,19214,32768,17,"pk_gemm(__half const*, __half const*, __half*, int, int, int)",128,8704,0,208,0,128,"ALUStalledByLDS",7.26569375e-03,2081561982291,2081568797285
282,282,"Agent 1",1,19214,19214,32768,17,"pk_gemm(__half const*, __half const*, __half*, int, int, int)",128,8704,0,208,0,128,"LDSBankConflict",12.500000,2081561982291,2081568797285
282,282,"Agent 1",1,19214,19214,32768,17,"pk_gemm(__half const*, __half const*, __half*, int, int, int)",128,8704,0,208,0,128,"MeanOccupancyPerCU",7.278070,2081561982291,2081568797285
282,282,"Agent 1",1,19214,19214,32768,17,"pk_gemm(__half const*, __half const*, __half*, int, int, int)",128,8704,0,208,0,128,"SQ_INSTS_LDS",10485760.000000,2081561982291,2081568797285
282,282,"Agent 1",1,19214,19214,32768,17,"pk_gemm(__half const*, __half const*, __half*, int, int, int)",128,8704,0,208,0,128,"SQ_INST_LEVEL_LDS",1058926.000000,2081561982291,2081568797285
282,282,"Agent 1",1,19214,19214,32768,17,"pk_gemm(__half const*, __half const*, __half*, int, int, int)",128,8704,0,208,0,128,"SQ_WAIT_INST_LDS",190030.000000,2081561982291,2081568797285
283,283,"Agent 1",1,19214,19214,32768,17,"pk_gemm(__half const*, __half const*, __half*, int, int, int)",128,8704,0,208,0,128,"ALUStalledByLDS",7.98811011e-03,2081568830868,2081575430538
283,283,"Agent 1",1,19214,19214,32768,17,"pk_gemm(__half const*, __half const*, __half*, int, int, int)",128,8704,0,208,0,128,"LDSBankConflict",12.500000,2081568830868,2081575430538
283,283,"Agent 1",1,19214,19214,32768,17,"pk_gemm(__half const*, __half const*, __half*, int, int, int)",128,8704,0,208,0,128,"MeanOccupancyPerCU",7.301307,2081568830868,2081575430538
283,283,"Agent 1",1,19214,19214,32768,17,"pk_gemm(__half const*, __half const*, __half*, int, int, int)",128,8704,0,208,0,128,"SQ_INSTS_LDS",10485760.000000,2081568830868,2081575430538
283,283,"Agent 1",1,19214,19214,32768,17,"pk_gemm(__half const*, __half const*, __half*, int, int, int)",128,8704,0,208,0,128,"SQ_INST_LEVEL_LDS",1069949.000000,2081568830868,2081575430538
283,283,"Agent 1",1,19214,19214,32768,17,"pk_gemm(__half const*, __half const*, __half*, int, int, int)",128,8704,0,208,0,128,"SQ_WAIT_INST_LDS",202083.000000,2081568830868,2081575430538
284,284,"Agent 1",1,19214,19214,32768,17,"pk_gemm(__half const*, __half const*, __half*, int, int, int)",128,8704,0,208,0,128,"ALUStalledByLDS",8.72388473e-03,2081575465043,2081581822861
284,284,"Agent 1",1,19214,19214,32768,17,"pk_gemm(__half const*, __half const*, __half*, int, int, int)",128,8704,0,208,0,128,"LDSBankConflict",12.500000,2081575465043,2081581822861
284,284,"Agent 1",1,19214,19214,32768,17,"pk_gemm(__half const*, __half const*, __half*, int, int, int)",128,8704,0,208,0,128,"MeanOccupancyPerCU",7.071104,2081575465043,2081581822861
284,284,"Agent 1",1,19214,19214,32768,17,"pk_gemm(__half const*, __half const*, __half*, int, int, int)",128,8704,0,208,0,128,"SQ_INSTS_LDS",10485760.000000,2081575465043,2081581822861
284,284,"Agent 1",1,19214,19214,32768,17,"pk_gemm(__half const*, __half const*, __half*, int, int, int)",128,8704,0,208,0,128,"SQ_INST_LEVEL_LDS",1086222.000000,2081575465043,2081581822861
284,284,"Agent 1",1,19214,19214,32768,17,"pk_gemm(__half const*, __half const*, __half*, int, int, int)",128,8704,0,208,0,128,"SQ_WAIT_INST_LDS",212315.000000,2081575465043,2081581822861
285,285,"Agent 1",1,19214,19214,32768,17,"pk_gemm(__half const*, __half const*, __half*, int, int, int)",128,8704,0,208,0,128,"ALUStalledByLDS",8.27077414e-03,2081581857005,2081587858276
285,285,"Agent 1",1,19214,19214,32768,17,"pk_gemm(__half const*, __half const*, __half*, int, int, int)",128,8704,0,208,0,128,"LDSBankConflict",12.500000,2081581857005,2081587858276
285,285,"Agent 1",1,19214,19214,32768,17,"pk_gemm(__half const*, __half const*, __half*, int, int, int)",128,8704,0,208,0,128,"MeanOccupancyPerCU",7.138484,2081581857005,2081587858276
285,285,"Agent 1",1,19214,19214,32768,17,"pk_gemm(__half const*, __half const*, __half*, int, int, int)",128,8704,0,208,0,128,"SQ_INSTS_LDS",10485760.000000,2081581857005,2081587858276
285,285,"Agent 1",1,19214,19214,32768,17,"pk_gemm(__half const*, __half const*, __half*, int, int, int)",128,8704,0,208,0,128,"SQ_INST_LEVEL_LDS",1053110.000000,2081581857005,2081587858276
285,285,"Agent 1",1,19214,19214,32768,17,"pk_gemm(__half const*, __half const*, __half*, int, int, int)",128,8704,0,208,0,128,"SQ_WAIT_INST_LDS",190458.000000,2081581857005,2081587858276
286,286,"Agent 1",1,19214,19214,32768,17,"pk_gemm(__half const*, __half const*, __half*, int, int, int)",128,8704,0,208,0,128,"ALUStalledByLDS",8.67800723e-03,2081587894063,2081594221865
286,286,"Agent 1",1,19214,19214,32768,17,"pk_gemm(__half const*, __half const*, __half*, int, int, int)",128,8704,0,208,0,128,"LDSBankConflict",12.500000,2081587894063,2081594221865
286,286,"Agent 1",1,19214,19214,32768,17,"pk_gemm(__half const*, __half const*, __half*, int, int, int)",128,8704,0,208,0,128,"MeanOccupancyPerCU",7.105246,2081587894063,2081594221865
286,286,"Agent 1",1,19214,19214,32768,17,"pk_gemm(__half const*, __half const*, __half*, int, int, int)",128,8704,0,208,0,128,"SQ_INSTS_LDS",10485760.000000,2081587894063,2081594221865
286,286,"Agent 1",1,19214,19214,32768,17,"pk_gemm(__half const*, __half const*, __half*, int, int, int)",128,8704,0,208,0,128,"SQ_INST_LEVEL_LDS",1085985.000000,2081587894063,2081594221865
286,286,"Agent 1",1,19214,19214,32768,17,"pk_gemm(__half const*, __half const*, __half*, int, int, int)",128,8704,0,208,0,128,"SQ_WAIT_INST_LDS",210225.000000,2081587894063,2081594221865
287,287,"Agent 1",1,19214,19214,32768,17,"pk_gemm(__half const*, __half const*, __half*, int, int, int)",128,8704,0,208,0,128,"ALUStalledByLDS",8.05578433e-03,2081594256370,2081600843497
287,287,"Agent 1",1,19214,19214,32768,17,"pk_gemm(__half const*, __half const*, __half*, int, int, int)",128,8704,0,208,0,128,"LDSBankConflict",12.500000,2081594256370,2081600843497
287,287,"Agent 1",1,19214,19214,32768,17,"pk_gemm(__half const*, __half const*, __half*, int, int, int)",128,8704,0,208,0,128,"MeanOccupancyPerCU",7.176145,2081594256370,2081600843497
287,287,"Agent 1",1,19214,19214,32768,17,"pk_gemm(__half const*, __half const*, __half*, int, int, int)",128,8704,0,208,0,128,"SQ_INSTS_LDS",10485760.000000,2081594256370,2081600843497
287,287,"Agent 1",1,19214,19214,32768,17,"pk_gemm(__half const*, __half const*, __half*, int, int, int)",128,8704,0,208,0,128,"SQ_INST_LEVEL_LDS",1073496.000000,2081594256370,2081600843497
287,287,"Agent 1",1,19214,19214,32768,17,"pk_gemm(__half const*, __half const*, __half*, int, int, int)",128,8704,0,208,0,128,"SQ_WAIT_INST_LDS",203295.000000,2081594256370,2081600843497
288,288,"Agent 1",1,19214,19214,32768,17,"pk_gemm(__half const*, __half const*, __half*, int, int, int)",128,8704,0,208,0,128,"ALUStalledByLDS",7.77081794e-03,2081600877503,2081607462547
288,288,"Agent 1",1,19214,19214,32768,17,"pk_gemm(__half const*, __half const*, __half*, int, int, int)",128,8704,0,208,0,128,"LDSBankConflict",12.500000,2081600877503,2081607462547
288,288,"Agent 1",1,19214,19214,32768,17,"pk_gemm(__half const*, __half const*, __half*, int, int, int)",128,8704,0,208,0,128,"MeanOccupancyPerCU",7.191410,2081600877503,2081607462547
288,288,"Agent 1",1,19214,19214,32768,17,"pk_gemm(__half const*, __half const*, __half*, int, int, int)",128,8704,0,208,0,128,"SQ_INSTS_LDS",10485760.000000,2081600877503,2081607462547
288,288,"Agent 1",1,19214,19214,32768,17,"pk_gemm(__half const*, __half const*, __half*, int, int, int)",128,8704,0,208,0,128,"SQ_INST_LEVEL_LDS",1067387.000000,2081600877503,2081607462547
288,288,"Agent 1",1,19214,19214,32768,17,"pk_gemm(__half const*, __half const*, __half*, int, int, int)",128,8704,0,208,0,128,"SQ_WAIT_INST_LDS",196237.000000,2081600877503,2081607462547
289,289,"Agent 1",1,19214,19214,32768,17,"pk_gemm(__half const*, __half const*, __half*, int, int, int)",128,8704,0,208,0,128,"ALUStalledByLDS",8.00491779e-03,2081607498333,2081614041099
289,289,"Agent 1",1,19214,19214,32768,17,"pk_gemm(__half const*, __half const*, __half*, int, int, int)",128,8704,0,208,0,128,"LDSBankConflict",12.500000,2081607498333,2081614041099
289,289,"Agent 1",1,19214,19214,32768,17,"pk_gemm(__half const*, __half const*, __half*, int, int, int)",128,8704,0,208,0,128,"MeanOccupancyPerCU",7.160335,2081607498333,2081614041099
289,289,"Agent 1",1,19214,19214,32768,17,"pk_gemm(__half const*, __half const*, __half*, int, int, int)",128,8704,0,208,0,128,"SQ_INSTS_LDS",10485760.000000,2081607498333,2081614041099
289,289,"Agent 1",1,19214,19214,32768,17,"pk_gemm(__half const*, __half const*, __half*, int, int, int)",128,8704,0,208,0,128,"SQ_INST_LEVEL_LDS",1079895.000000,2081607498333,2081614041099
289,289,"Agent 1",1,19214,19214,32768,17,"pk_gemm(__half const*, __half const*, __half*, int, int, int)",128,8704,0,208,0,128,"SQ_WAIT_INST_LDS",200602.000000,2081607498333,2081614041099
290,290,"Agent 1",1,19214,19214,32768,17,"pk_gemm(__half const*, __half const*, __half*, int, int, int)",128,8704,0,208,0,128,"ALUStalledByLDS",7.23865180e-03,2081614074842,2081621026332
290,290,"Agent 1",1,19214,19214,32768,17,"pk_gemm(__half const*, __half const*, __half*, int, int, int)",128,8704,0,208,0,128,"LDSBankConflict",12.500000,2081614074842,2081621026332
290,290,"Agent 1",1,19214,19214,32768,17,"pk_gemm(__half const*, __half const*, __half*, int, int, int)",128,8704,0,208,0,128,"MeanOccupancyPerCU",7.111105,2081614074842,2081621026332
290,290,"Agent 1",1,19214,19214,32768,17,"pk_gemm(__half const*, __half const*, __half*, int, int, int)",128,8704,0,208,0,128,"SQ_INSTS_LDS",10485760.000000,2081614074842,2081621026332
290,290,"Agent 1",1,19214,19214,32768,17,"pk_gemm(__half const*, __half const*, __half*, int, int, int)",128,8704,0,208,0,128,"SQ_INST_LEVEL_LDS",1070172.000000,2081614074842,2081621026332
290,290,"Agent 1",1,19214,19214,32768,17,"pk_gemm(__half const*, __half const*, __half*, int, int, int)",128,8704,0,208,0,128,"SQ_WAIT_INST_LDS",192950.000000,2081614074842,2081621026332
291,291,"Agent 1",1,19214,19214,32768,17,"pk_gemm(__half const*, __half const*, __half*, int, int, int)",128,8704,0,208,0,128,"ALUStalledByLDS",7.85288414e-03,2081621058031,2081627724468
291,291,"Agent 1",1,19214,19214,32768,17,"pk_gemm(__half const*, __half const*, __half*, int, int, int)",128,8704,0,208,0,128,"LDSBankConflict",12.500000,2081621058031,2081627724468
291,291,"Agent 1",1,19214,19214,32768,17,"pk_gemm(__half const*, __half const*, __half*, int, int, int)",128,8704,0,208,0,128,"MeanOccupancyPerCU",7.234965,2081621058031,2081627724468
291,291,"Agent 1",1,19214,19214,32768,17,"pk_gemm(__half const*, __half const*, __half*, int, int, int)",128,8704,0,208,0,128,"SQ_INSTS_LDS",10485760.000000,2081621058031,2081627724468
291,291,"Agent 1",1,19214,19214,32768,17,"pk_gemm(__half const*, __half const*, __half*, int, int, int)",128,8704,0,208,0,128,"SQ_INST_LEVEL_LDS",1080121.000000,2081621058031,2081627724468
291,291,"Agent 1",1,19214,19214,32768,17,"pk_gemm(__half const*, __half const*, __half*, int, int, int)",128,8704,0,208,0,128,"SQ_WAIT_INST_LDS",200545.000000,2081621058031,2081627724468
292,292,"Agent 1",1,19214,19214,32768,17,"pk_gemm(__half const*, __half const*, __half*, int, int, int)",128,8704,0,208,0,128,"ALUStalledByLDS",7.74942481e-03,2081627758571,2081633815387
292,292,"Agent 1",1,19214,19214,32768,17,"pk_gemm(__half const*, __half const*, __half*, int, int, int)",128,8704,0,208,0,128,"LDSBankConflict",12.500000,2081627758571,2081633815387
292,292,"Agent 1",1,19214,19214,32768,17,"pk_gemm(__half const*, __half const*, __half*, int, int, int)",128,8704,0,208,0,128,"MeanOccupancyPerCU",7.060689,2081627758571,2081633815387
292,292,"Agent 1",1,19214,19214,32768,17,"pk_gemm(__half const*, __half const*, __half*, int, int, int)",128,8704,0,208,0,128,"SQ_INSTS_LDS",10485760.000000,2081627758571,2081633815387
292,292,"Agent 1",1,19214,19214,32768,17,"pk_gemm(__half const*, __half const*, __half*, int, int, int)",128,8704,0,208,0,128,"SQ_INST_LEVEL_LDS",1043165.000000,2081627758571,2081633815387
292,292,"Agent 1",1,19214,19214,32768,17,"pk_gemm(__half const*, __half const*, __half*, int, int, int)",128,8704,0,208,0,128,"SQ_WAIT_INST_LDS",180194.000000,2081627758571,2081633815387
293,293,"Agent 1",1,19214,19214,32768,17,"pk_gemm(__half const*, __half const*, __half*, int, int, int)",128,8704,0,208,0,128,"ALUStalledByLDS",8.11719204e-03,2081633849411,2081640379552
293,293,"Agent 1",1,19214,19214,32768,17,"pk_gemm(__half const*, __half const*, __half*, int, int, int)",128,8704,0,208,0,128,"LDSBankConflict",12.500000,2081633849411,2081640379552
293,293,"Agent 1",1,19214,19214,32768,17,"pk_gemm(__half const*, __half const*, __half*, int, int, int)",128,8704,0,208,0,128,"MeanOccupancyPerCU",7.218087,2081633849411,2081640379552
293,293,"Agent 1",1,19214,19214,32768,17,"pk_gemm(__half const*, __half const*, __half*, int, int, int)",128,8704,0,208,0,128,"SQ_INSTS_LDS",10485760.000000,2081633849411,2081640379552
293,293,"Agent 1",1,19214,19214,32768,17,"pk_gemm(__half const*, __half const*, __half*, int, int, int)",128,8704,0,208,0,128,"SQ_INST_LEVEL_LDS",1082125.000000,2081633849411,2081640379552
293,293,"Agent 1",1,19214,19214,32768,17,"pk_gemm(__half const*, __half const*, __half*, int, int, int)",128,8704,0,208,0,128,"SQ_WAIT_INST_LDS",203039.000000,2081633849411,2081640379552
294,294,"Agent 1",1,19214,19214,32768,17,"pk_gemm(__half const*, __half const*, __half*, int, int, int)",128,8704,0,208,0,128,"ALUStalledByLDS",8.16893127e-03,2081640410971,2081646429795
294,294,"Agent 1",1,19214,19214,32768,17,"pk_gemm(__half const*, __half const*, __half*, int, int, int)",128,8704,0,208,0,128,"LDSBankConflict",12.500000,2081640410971,2081646429795
294,294,"Agent 1",1,19214,19214,32768,17,"pk_gemm(__half const*, __half const*, __half*, int, int, int)",128,8704,0,208,0,128,"MeanOccupancyPerCU",7.010150,2081640410971,2081646429795
294,294,"Agent 1",1,19214,19214,32768,17,"pk_gemm(__half const*, __half const*, __half*, int, int, int)",128,8704,0,208,0,128,"SQ_INSTS_LDS",10485760.000000,2081640410971,2081646429795
294,294,"Agent 1",1,19214,19214,32768,17,"pk_gemm(__half const*, __half const*, __half*, int, int, int)",128,8704,0,208,0,128,"SQ_INST_LEVEL_LDS",1060593.000000,2081640410971,2081646429795
294,294,"Agent 1",1,19214,19214,32768,17,"pk_gemm(__half const*, __half const*, __half*, int, int, int)",128,8704,0,208,0,128,"SQ_WAIT_INST_LDS",188595.000000,2081640410971,2081646429795
295,295,"Agent 1",1,19214,19214,32768,17,"pk_gemm(__half const*, __half const*, __half*, int, int, int)",128,8704,0,208,0,128,"ALUStalledByLDS",8.54608318e-03,2081646461976,2081652561711
295,295,"Agent 1",1,19214,19214,32768,17,"pk_gemm(__half const*, __half const*, __half*, int, int, int)",128,8704,0,208,0,128,"LDSBankConflict",12.500000,2081646461976,2081652561711
295,295,"Agent 1",1,19214,19214,32768,17,"pk_gemm(__half const*, __half const*, __half*, int, int, int)",128,8704,0,208,0,128,"MeanOccupancyPerCU",7.360806,2081646461976,2081652561711
295,295,"Agent 1",1,19214,19214,32768,17,"pk_gemm(__half const*, __half const*, __half*, int, int, int)",128,8704,0,208,0,128,"SQ_INSTS_LDS",10485760.000000,2081646461976,2081652561711
295,295,"Agent 1",1,19214,19214,32768,17,"pk_gemm(__half const*, __half const*, __half*, int, int, int)",128,8704,0,208,0,128,"SQ_INST_LEVEL_LDS",1071086.000000,2081646461976,2081652561711
295,295,"Agent 1",1,19214,19214,32768,17,"pk_gemm(__half const*, __half const*, __half*, int, int, int)",128,8704,0,208,0,128,"SQ_WAIT_INST_LDS",199797.000000,2081646461976,2081652561711
296,296,"Agent 1",1,19214,19214,32768,17,"pk_gemm(__half const*, __half const*, __half*, int, int, int)",128,8704,0,208,0,128,"ALUStalledByLDS",7.45024028e-03,2081652637654,2081659218169
296,296,"Agent 1",1,19214,19214,32768,17,"pk_gemm(__half const*, __half const*, __half*, int, int, int)",128,8704,0,208,0,128,"LDSBankConflict",12.500000,2081652637654,2081659218169
296,296,"Agent 1",1,19214,19214,32768,17,"pk_gemm(__half const*, __half const*, __half*, int, int, int)",128,8704,0,208,0,128,"MeanOccupancyPerCU",7.262512,2081652637654,2081659218169
296,296,"Agent 1",1,19214,19214,32768,17,"pk_gemm(__half const*, __half const*, __half*, int, int, int)",128,8704,0,208,0,128,"SQ_INSTS_LDS",10485760.000000,2081652637654,2081659218169
296,296,"Agent 1",1,19214,19214,32768,17,"pk_gemm(__half const*, __half const*, __half*, int, int, int)",128,8704,0,208,0,128,"SQ_INST_LEVEL_LDS",1063993.000000,2081652637654,2081659218169
296,296,"Agent 1",1,19214,19214,32768,17,"pk_gemm(__half const*, __half const*, __half*, int, int, int)",128,8704,0,208,0,128,"SQ_WAIT_INST_LDS",187973.000000,2081652637654,2081659218169
297,297,"Agent 1",1,19214,19214,32768,17,"pk_gemm(__half const*, __half const*, __half*, int, int, int)",128,8704,0,208,0,128,"ALUStalledByLDS",6.97025566e-03,2081659253716,2081666475872
297,297,"Agent 1",1,19214,19214,32768,17,"pk_gemm(__half const*, __half const*, __half*, int, int, int)",128,8704,0,208,0,128,"LDSBankConflict",12.500000,2081659253716,2081666475872
297,297,"Agent 1",1,19214,19214,32768,17,"pk_gemm(__half const*, __half const*, __half*, int, int, int)",128,8704,0,208,0,128,"MeanOccupancyPerCU",7.435951,2081659253716,2081666475872
297,297,"Agent 1",1,19214,19214,32768,17,"pk_gemm(__half const*, __half const*, __half*, int, int, int)",128,8704,0,208,0,128,"SQ_INSTS_LDS",10485760.000000,2081659253716,2081666475872
297,297,"Agent 1",1,19214,19214,32768,17,"pk_gemm(__half const*, __half const*, __half*, int, int, int)",128,8704,0,208,0,128,"SQ_INST_LEVEL_LDS",1069731.000000,2081659253716,2081666475872
297,297,"Agent 1",1,19214,19214,32768,17,"pk_gemm(__half const*, __half const*, __half*, int, int, int)",128,8704,0,208,0,128,"SQ_WAIT_INST_LDS",193030.000000,2081659253716,2081666475872
298,298,"Agent 1",1,19214,19214,32768,17,"pk_gemm(__half const*, __half const*, __half*, int, int, int)",128,8704,0,208,0,128,"ALUStalledByLDS",8.19343801e-03,2081666510505,2081672869164
298,298,"Agent 1",1,19214,19214,32768,17,"pk_gemm(__half const*, __half const*, __half*, int, int, int)",128,8704,0,208,0,128,"LDSBankConflict",12.500000,2081666510505,2081672869164
298,298,"Agent 1",1,19214,19214,32768,17,"pk_gemm(__half const*, __half const*, __half*, int, int, int)",128,8704,0,208,0,128,"MeanOccupancyPerCU",7.177911,2081666510505,2081672869164
298,298,"Agent 1",1,19214,19214,32768,17,"pk_gemm(__half const*, __half const*, __half*, int, int, int)",128,8704,0,208,0,128,"SQ_INSTS_LDS",10485760.000000,2081666510505,2081672869164
298,298,"Agent 1",1,19214,19214,32768,17,"pk_gemm(__half const*, __half const*, __half*, int, int, int)",128,8704,0,208,0,128,"SQ_INST_LEVEL_LDS",1065640.000000,2081666510505,2081672869164
298,298,"Agent 1",1,19214,19214,32768,17,"pk_gemm(__half const*, __half const*, __half*, int, int, int)",128,8704,0,208,0,128,"SQ_WAIT_INST_LDS",199801.000000,2081666510505,2081672869164
299,299,"Agent 1",1,19214,19214,32768,17,"pk_gemm(__half const*, __half const*, __half*, int, int, int)",128,8704,0,208,0,128,"ALUStalledByLDS",7.45043915e-03,2081672906473,2081679191154
299,299,"Agent 1",1,19214,19214,32768,17,"pk_gemm(__half const*, __half const*, __half*, int, int, int)",128,8704,0,208,0,128,"LDSBankConflict",12.500000,2081672906473,2081679191154
299,299,"Agent 1",1,19214,19214,32768,17,"pk_gemm(__half const*, __half const*, __half*, int, int, int)",128,8704,0,208,0,128,"MeanOccupancyPerCU",7.154274,2081672906473,2081679191154
299,299,"Agent 1",1,19214,19214,32768,17,"pk_gemm(__half const*, __half const*, __half*, int, int, int)",128,8704,0,208,0,128,"SQ_INSTS_LDS",10485760.000000,2081672906473,2081679191154
299,299,"Agent 1",1,19214,19214,32768,17,"pk_gemm(__half const*, __half const*, __half*, int, int, int)",128,8704,0,208,0,128,"SQ_INST_LEVEL_LDS",1046368.000000,2081672906473,2081679191154
299,299,"Agent 1",1,19214,19214,32768,17,"pk_gemm(__half const*, __half const*, __half*, int, int, int)",128,8704,0,208,0,128,"SQ_WAIT_INST_LDS",179746.000000,2081672906473,2081679191154
300,300,"Agent 1",1,19214,19214,32768,17,"pk_gemm(__half const*, __half const*, __half*, int, int, int)",128,8704,0,208,0,128,"ALUStalledByLDS",7.45396483e-03,2081679230147,2081685574901
300,300,"Agent 1",1,19214,19214,32768,17,"pk_gemm(__half const*, __half const*, __half*, int, int, int)",128,8704,0,208,0,128,"LDSBankConflict",12.500000,2081679230147,2081685574901
300,300,"Agent 1",1,19214,19214,32768,17,"pk_gemm(__half const*, __half const*, __half*, int, int, int)",128,8704,0,208,0,128,"MeanOccupancyPerCU",7.027564,2081679230147,2081685574901
300,300,"Agent 1",1,19214,19214,32768,17,"pk_gemm(__half const*, __half const*, __half*, int, int, int)",128,8704,0,208,0,128,"SQ_INSTS_LDS",10485760.000000,2081679230147,2081685574901
300,300,"Agent 1",1,19214,19214,32768,17,"pk_gemm(__half const*, __half const*, __half*, int, int, int)",128,8704,0,208,0,128,"SQ_INST_LEVEL_LDS",1047511.000000,2081679230147,2081685574901
300,300,"Agent 1",1,19214,19214,32768,17,"pk_gemm(__half const*, __half const*, __half*, int, int, int)",128,8704,0,208,0,128,"SQ_WAIT_INST_LDS",181530.000000,2081679230147,2081685574901
301,301,"Agent 1",1,19214,19214,32768,17,"pk_gemm(__half const*, __half const*, __half*, int, int, int)",128,8704,0,208,0,128,"ALUStalledByLDS",8.29693040e-03,2081685609686,2081691979246
301,301,"Agent 1",1,19214,19214,32768,17,"pk_gemm(__half const*, __half const*, __half*, int, int, int)",128,8704,0,208,0,128,"LDSBankConflict",12.500000,2081685609686,2081691979246
301,301,"Agent 1",1,19214,19214,32768,17,"pk_gemm(__half const*, __half const*, __half*, int, int, int)",128,8704,0,208,0,128,"MeanOccupancyPerCU",7.124770,2081685609686,2081691979246
301,301,"Agent 1",1,19214,19214,32768,17,"pk_gemm(__half const*, __half const*, __half*, int, int, int)",128,8704,0,208,0,128,"SQ_INSTS_LDS",10485760.000000,2081685609686,2081691979246
301,301,"Agent 1",1,19214,19214,32768,17,"pk_gemm(__half const*, __half const*, __half*, int, int, int)",128,8704,0,208,0,128,"SQ_INST_LEVEL_LDS",1077732.000000,2081685609686,2081691979246
301,301,"Agent 1",1,19214,19214,32768,17,"pk_gemm(__half const*, __half const*, __half*, int, int, int)",128,8704,0,208,0,128,"SQ_WAIT_INST_LDS",202492.000000,2081685609686,2081691979246
302,302,"Agent 1",1,19214,19214,32768,17,"pk_gemm(__half const*, __half const*, __half*, int, int, int)",128,8704,0,208,0,128,"ALUStalledByLDS",8.67029333e-03,2081692014392,2081698168549
302,302,"Agent 1",1,19214,19214,32768,17,"pk_gemm(__half const*, __half const*, __half*, int, int, int)",128,8704,0,208,0,128,"LDSBankConflict",12.500000,2081692014392,2081698168549
302,302,"Agent 1",1,19214,19214,32768,17,"pk_gemm(__half const*, __half const*, __half*, int, int, int)",128,8704,0,208,0,128,"MeanOccupancyPerCU",7.097341,2081692014392,2081698168549
302,302,"Agent 1",1,19214,19214,32768,17,"pk_gemm(__half const*, __half const*, __half*, int, int, int)",128,8704,0,208,0,128,"SQ_INSTS_LDS",10485760.000000,2081692014392,2081698168549
302,302,"Agent 1",1,19214,19214,32768,17,"pk_gemm(__half const*, __half const*, __half*, int, int, int)",128,8704,0,208,0,128,"SQ_INST_LEVEL_LDS",1067983.000000,2081692014392,2081698168549
302,302,"Agent 1",1,19214,19214,32768,17,"pk_gemm(__half const*, __half const*, __half*, int, int, int)",128,8704,0,208,0,128,"SQ_WAIT_INST_LDS",204516.000000,2081692014392,2081698168549
303,303,"Agent 1",1,19214,19214,32768,17,"pk_gemm(__half const*, __half const*, __half*, int, int, int)",128,8704,0,208,0,128,"ALUStalledByLDS",7.38272137e-03,2081698203455,2081704596859
303,303,"Agent 1",1,19214,19214,32768,17,"pk_gemm(__half const*, __half const*, __half*, int, int, int)",128,8704,0,208,0,128,"LDSBankConflict",12.500000,2081698203455,2081704596859
303,303,"Agent 1",1,19214,19214,32768,17,"pk_gemm(__half const*, __half const*, __half*, int, int, int)",128,8704,0,208,0,128,"MeanOccupancyPerCU",7.363244,2081698203455,2081704596859
303,303,"Agent 1",1,19214,19214,32768,17,"pk_gemm(__half const*, __half const*, __half*, int, int, int)",128,8704,0,208,0,128,"SQ_INSTS_LDS",10485760.000000,2081698203455,2081704596859
303,303,"Agent 1",1,19214,19214,32768,17,"pk_gemm(__half const*, __half const*, __half*, int, int, int)",128,8704,0,208,0,128,"SQ_INST_LEVEL_LDS",1052115.000000,2081698203455,2081704596859
303,303,"Agent 1",1,19214,19214,32768,17,"pk_gemm(__half const*, __half const*, __half*, int, int, int)",128,8704,0,208,0,128,"SQ_WAIT_INST_LDS",181132.000000,2081698203455,2081704596859
304,304,"Agent 1",1,19214,19214,32768,17,"pk_gemm(__half const*, __half const*, __half*, int, int, int)",128,8704,0,208,0,128,"ALUStalledByLDS",7.74257673e-03,2081704631043,2081711076866
304,304,"Agent 1",1,19214,19214,32768,17,"pk_gemm(__half const*, __half const*, __half*, int, int, int)",128,8704,0,208,0,128,"LDSBankConflict",12.500000,2081704631043,2081711076866
304,304,"Agent 1",1,19214,19214,32768,17,"pk_gemm(__half const*, __half const*, __half*, int, int, int)",128,8704,0,208,0,128,"MeanOccupancyPerCU",7.455235,2081704631043,2081711076866
304,304,"Agent 1",1,19214,19214,32768,17,"pk_gemm(__half const*, __half const*, __half*, int, int, int)",128,8704,0,208,0,128,"SQ_INSTS_LDS",10485760.000000,2081704631043,2081711076866
304,304,"Agent 1",1,19214,19214,32768,17,"pk_gemm(__half const*, __half const*, __half*, int, int, int)",128,8704,0,208,0,128,"SQ_INST_LEVEL_LDS",1062251.000000,2081704631043,2081711076866
304,304,"Agent 1",1,19214,19214,32768,17,"pk_gemm(__half const*, __half const*, __half*, int, int, int)",128,8704,0,208,0,128,"SQ_WAIT_INST_LDS",191436.000000,2081704631043,2081711076866
305,305,"Agent 1",1,19214,19214,32768,17,"pk_gemm(__half const*, __half const*, __half*, int, int, int)",128,8704,0,208,0,128,"ALUStalledByLDS",8.99587645e-03,2081711110730,2081717034776
305,305,"Agent 1",1,19214,19214,32768,17,"pk_gemm(__half const*, __half const*, __half*, int, int, int)",128,8704,0,208,0,128,"LDSBankConflict",12.500000,2081711110730,2081717034776
305,305,"Agent 1",1,19214,19214,32768,17,"pk_gemm(__half const*, __half const*, __half*, int, int, int)",128,8704,0,208,0,128,"MeanOccupancyPerCU",7.332325,2081711110730,2081717034776
305,305,"Agent 1",1,19214,19214,32768,17,"pk_gemm(__half const*, __half const*, __half*, int, int, int)",128,8704,0,208,0,128,"SQ_INSTS_LDS",10485760.000000,2081711110730,2081717034776
305,305,"Agent 1",1,19214,19214,32768,17,"pk_gemm(__half const*, __half const*, __half*, int, int, int)",128,8704,0,208,0,128,"SQ_INST_LEVEL_LDS",1073622.000000,2081711110730,2081717034776
305,305,"Agent 1",1,19214,19214,32768,17,"pk_gemm(__half const*, __half const*, __half*, int, int, int)",128,8704,0,208,0,128,"SQ_WAIT_INST_LDS",204165.000000,2081711110730,2081717034776
306,306,"Agent 1",1,19214,19214,32768,17,"pk_gemm(__half const*, __half const*, __half*, int, int, int)",128,8704,0,208,0,128,"ALUStalledByLDS",7.01899591e-03,2081717070723,2081723842075
306,306,"Agent 1",1,19214,19214,32768,17,"pk_gemm(__half const*, __half const*, __half*, int, int, int)",128,8704,0,208,0,128,"LDSBankConflict",12.500000,2081717070723,2081723842075
306,306,"Agent 1",1,19214,19214,32768,17,"pk_gemm(__half const*, __half const*, __half*, int, int, int)",128,8704,0,208,0,128,"MeanOccupancyPerCU",7.371361,2081717070723,2081723842075
306,306,"Agent 1",1,19214,19214,32768,17,"pk_gemm(__half const*, __half const*, __half*, int, int, int)",128,8704,0,208,0,128,"SQ_INSTS_LDS",10485760.000000,2081717070723,2081723842075
306,306,"Agent 1",1,19214,19214,32768,17,"pk_gemm(__half const*, __half const*, __half*, int, int, int)",128,8704,0,208,0,128,"SQ_INST_LEVEL_LDS",1055844.000000,2081717070723,2081723842075
306,306,"Agent 1",1,19214,19214,32768,17,"pk_gemm(__half const*, __half const*, __half*, int, int, int)",128,8704,0,208,0,128,"SQ_WAIT_INST_LDS",182347.000000,2081717070723,2081723842075
307,307,"Agent 1",1,19214,19214,32768,17,"pk_gemm(__half const*, __half const*, __half*, int, int, int)",128,8704,0,208,0,128,"ALUStalledByLDS",9.12648534e-03,2081723878063,2081729877330
307,307,"Agent 1",1,19214,19214,32768,17,"pk_gemm(__half const*, __half const*, __half*, int, int, int)",128,8704,0,208,0,128,"LDSBankConflict",12.500000,2081723878063,2081729877330
307,307,"Agent 1",1,19214,19214,32768,17,"pk_gemm(__half const*, __half const*, __half*, int, int, int)",128,8704,0,208,0,128,"MeanOccupancyPerCU",7.526309,2081723878063,2081729877330
307,307,"Agent 1",1,19214,19214,32768,17,"pk_gemm(__half const*, __half const*, __half*, int, int, int)",128,8704,0,208,0,128,"SQ_INSTS_LDS",10485760.000000,2081723878063,2081729877330
307,307,"Agent 1",1,19214,19214,32768,17,"pk_gemm(__half const*, __half const*, __half*, int, int, int)",128,8704,0,208,0,128,"SQ_INST_LEVEL_LDS",1077426.000000,2081723878063,2081729877330
307,307,"Agent 1",1,19214,19214,32768,17,"pk_gemm(__half const*, __half const*, __half*, int, int, int)",128,8704,0,208,0,128,"SQ_WAIT_INST_LDS",209723.000000,2081723878063,2081729877330
308,308,"Agent 1",1,19214,19214,32768,17,"pk_gemm(__half const*, __half const*, __half*, int, int, int)",128,8704,0,208,0,128,"ALUStalledByLDS",6.98521690e-03,2081729913770,2081736999231
308,308,"Agent 1",1,19214,19214,32768,17,"pk_gemm(__half const*, __half const*, __half*, int, int, int)",128,8704,0,208,0,128,"LDSBankConflict",12.500000,2081729913770,2081736999231
308,308,"Agent 1",1,19214,19214,32768,17,"pk_gemm(__half const*, __half const*, __half*, int, int, int)",128,8704,0,208,0,128,"MeanOccupancyPerCU",7.144644,2081729913770,2081736999231
308,308,"Agent 1",1,19214,19214,32768,17,"pk_gemm(__half const*, __half const*, __half*, int, int, int)",128,8704,0,208,0,128,"SQ_INSTS_LDS",10485760.000000,2081729913770,2081736999231
308,308,"Agent 1",1,19214,19214,32768,17,"pk_gemm(__half const*, __half const*, __half*, int, int, int)",128,8704,0,208,0,128,"SQ_INST_LEVEL_LDS",1064246.000000,2081729913770,2081736999231
308,308,"Agent 1",1,19214,19214,32768,17,"pk_gemm(__half const*, __half const*, __half*, int, int, int)",128,8704,0,208,0,128,"SQ_WAIT_INST_LDS",189776.000000,2081729913770,2081736999231
309,309,"Agent 1",1,19214,19214,32768,17,"pk_gemm(__half const*, __half const*, __half*, int, int, int)",128,8704,0,208,0,128,"ALUStalledByLDS",9.45002618e-03,2081737036860,2081742861441
309,309,"Agent 1",1,19214,19214,32768,17,"pk_gemm(__half const*, __half const*, __half*, int, int, int)",128,8704,0,208,0,128,"LDSBankConflict",12.500000,2081737036860,2081742861441
309,309,"Agent 1",1,19214,19214,32768,17,"pk_gemm(__half const*, __half const*, __half*, int, int, int)",128,8704,0,208,0,128,"MeanOccupancyPerCU",7.503975,2081737036860,2081742861441
309,309,"Agent 1",1,19214,19214,32768,17,"pk_gemm(__half const*, __half const*, __half*, int, int, int)",128,8704,0,208,0,128,"SQ_INSTS_LDS",10485760.000000,2081737036860,2081742861441
309,309,"Agent 1",1,19214,19214,32768,17,"pk_gemm(__half const*, __half const*, __half*, int, int, int)",128,8704,0,208,0,128,"SQ_INST_LEVEL_LDS",1081214.000000,2081737036860,2081742861441
309,309,"Agent 1",1,19214,19214,32768,17,"pk_gemm(__half const*, __half const*, __half*, int, int, int)",128,8704,0,208,0,128,"SQ_WAIT_INST_LDS",210853.000000,2081737036860,2081742861441
310,310,"Agent 1",1,19214,19214,32768,17,"pk_gemm(__half const*, __half const*, __half*, int, int, int)",128,8704,0,208,0,128,"ALUStalledByLDS",7.78862865e-03,2081742898110,2081749462435
310,310,"Agent 1",1,19214,19214,32768,17,"pk_gemm(__half const*, __half const*, __half*, int, int, int)",128,8704,0,208,0,128,"LDSBankConflict",12.500000,2081742898110,2081749462435
310,310,"Agent 1",1,19214,19214,32768,17,"pk_gemm(__half const*, __half const*, __half*, int, int, int)",128,8704,0,208,0,128,"MeanOccupancyPerCU",7.221758,2081742898110,2081749462435
310,310,"Agent 1",1,19214,19214,32768,17,"pk_gemm(__half const*, __half const*, __half*, int, int, int)",128,8704,0,208,0,128,"SQ_INSTS_LDS",10485760.000000,2081742898110,2081749462435
310,310,"Agent 1",1,19214,19214,32768,17,"pk_gemm(__half const*, __half const*, __half*, int, int, int)",128,8704,0,208,0,128,"SQ_INST_LEVEL_LDS",1070359.000000,2081742898110,2081749462435
310,310,"Agent 1",1,19214,19214,32768,17,"pk_gemm(__half const*, __half const*, __half*, int, int, int)",128,8704,0,208,0,128,"SQ_WAIT_INST_LDS",195987.000000,2081742898110,2081749462435
311,311,"Agent 1",1,19214,19214,32768,17,"pk_gemm(__half const*, __half const*, __half*, int, int, int)",128,8704,0,208,0,128,"ALUStalledByLDS",8.76569726e-03,2081749497300,2081755355264
311,311,"Agent 1",1,19214,19214,32768,17,"pk_gemm(__half const*, __half const*, __half*, int, int, int)",128,8704,0,208,0,128,"LDSBankConflict",12.500000,2081749497300,2081755355264
311,311,"Agent 1",1,19214,19214,32768,17,"pk_gemm(__half const*, __half const*, __half*, int, int, int)",128,8704,0,208,0,128,"MeanOccupancyPerCU",7.006678,2081749497300,2081755355264
311,311,"Agent 1",1,19214,19214,32768,17,"pk_gemm(__half const*, __half const*, __half*, int, int, int)",128,8704,0,208,0,128,"SQ_INSTS_LDS",10485760.000000,2081749497300,2081755355264
311,311,"Agent 1",1,19214,19214,32768,17,"pk_gemm(__half const*, __half const*, __half*, int, int, int)",128,8704,0,208,0,128,"SQ_INST_LEVEL_LDS",1056927.000000,2081749497300,2081755355264
311,311,"Agent 1",1,19214,19214,32768,17,"pk_gemm(__half const*, __half const*, __half*, int, int, int)",128,8704,0,208,0,128,"SQ_WAIT_INST_LDS",196972.000000,2081749497300,2081755355264
312,312,"Agent 1",1,19214,19214,32768,17,"pk_gemm(__half const*, __half const*, __half*, int, int, int)",128,8704,0,208,0,128,"ALUStalledByLDS",7.70862274e-03,2081755389889,2081761573101
312,312,"Agent 1",1,19214,19214,32768,17,"pk_gemm(__half const*, __half const*, __half*, int, int, int)",128,8704,0,208,0,128,"LDSBankConflict",12.500000,2081755389889,2081761573101
312,312,"Agent 1",1,19214,19214,32768,17,"pk_gemm(__half const*, __half const*, __half*, int, int, int)",128,8704,0,208,0,128,"MeanOccupancyPerCU",7.334667,2081755389889,2081761573101
312,312,"Agent 1",1,19214,19214,32768,17,"pk_gemm(__half const*, __half const*, __half*, int, int, int)",128,8704,0,208,0,128,"SQ_INSTS_LDS",10485760.000000,2081755389889,2081761573101
312,312,"Agent 1",1,19214,19214,32768,17,"pk_gemm(__half const*, __half const*, __half*, int, int, int)",128,8704,0,208,0,128,"SQ_INST_LEVEL_LDS",1049184.000000,2081755389889,2081761573101
312,312,"Agent 1",1,19214,19214,32768,17,"pk_gemm(__half const*, __half const*, __half*, int, int, int)",128,8704,0,208,0,128,"SQ_WAIT_INST_LDS",182885.000000,2081755389889,2081761573101
313,313,"Agent 1",1,19214,19214,32768,17,"pk_gemm(__half const*, __half const*, __half*, int, int, int)",128,8704,0,208,0,128,"ALUStalledByLDS",7.14106575e-03,2081761608848,2081768163195
313,313,"Agent 1",1,19214,19214,32768,17,"pk_gemm(__half const*, __half const*, __half*, int, int, int)",128,8704,0,208,0,128,"LDSBankConflict",12.500000,2081761608848,2081768163195
313,313,"Agent 1",1,19214,19214,32768,17,"pk_gemm(__half const*, __half const*, __half*, int, int, int)",128,8704,0,208,0,128,"MeanOccupancyPerCU",6.828607,2081761608848,2081768163195
313,313,"Agent 1",1,19214,19214,32768,17,"pk_gemm(__half const*, __half const*, __half*, int, int, int)",128,8704,0,208,0,128,"SQ_INSTS_LDS",10485760.000000,2081761608848,2081768163195
313,313,"Agent 1",1,19214,19214,32768,17,"pk_gemm(__half const*, __half const*, __half*, int, int, int)",128,8704,0,208,0,128,"SQ_INST_LEVEL_LDS",1045646.000000,2081761608848,2081768163195
313,313,"Agent 1",1,19214,19214,32768,17,"pk_gemm(__half const*, __half const*, __half*, int, int, int)",128,8704,0,208,0,128,"SQ_WAIT_INST_LDS",179690.000000,2081761608848,2081768163195
314,314,"Agent 1",1,19214,19214,32768,17,"pk_gemm(__half const*, __half const*, __half*, int, int, int)",128,8704,0,208,0,128,"ALUStalledByLDS",7.05526991e-03,2081768196096,2081774765952
314,314,"Agent 1",1,19214,19214,32768,17,"pk_gemm(__half const*, __half const*, __half*, int, int, int)",128,8704,0,208,0,128,"LDSBankConflict",12.500000,2081768196096,2081774765952
314,314,"Agent 1",1,19214,19214,32768,17,"pk_gemm(__half const*, __half const*, __half*, int, int, int)",128,8704,0,208,0,128,"MeanOccupancyPerCU",7.118707,2081768196096,2081774765952
314,314,"Agent 1",1,19214,19214,32768,17,"pk_gemm(__half const*, __half const*, __half*, int, int, int)",128,8704,0,208,0,128,"SQ_INSTS_LDS",10485760.000000,2081768196096,2081774765952
314,314,"Agent 1",1,19214,19214,32768,17,"pk_gemm(__half const*, __half const*, __half*, int, int, int)",128,8704,0,208,0,128,"SQ_INST_LEVEL_LDS",1048200.000000,2081768196096,2081774765952
314,314,"Agent 1",1,19214,19214,32768,17,"pk_gemm(__half const*, __half const*, __half*, int, int, int)",128,8704,0,208,0,128,"SQ_WAIT_INST_LDS",177995.000000,2081768196096,2081774765952
315,315,"Agent 1",1,19214,19214,32768,17,"pk_gemm(__half const*, __half const*, __half*, int, int, int)",128,8704,0,208,0,128,"ALUStalledByLDS",8.04606129e-03,2081774800417,2081781258744
315,315,"Agent 1",1,19214,19214,32768,17,"pk_gemm(__half const*, __half const*, __half*, int, int, int)",128,8704,0,208,0,128,"LDSBankConflict",12.500000,2081774800417,2081781258744
315,315,"Agent 1",1,19214,19214,32768,17,"pk_gemm(__half const*, __half const*, __half*, int, int, int)",128,8704,0,208,0,128,"MeanOccupancyPerCU",7.341648,2081774800417,2081781258744
315,315,"Agent 1",1,19214,19214,32768,17,"pk_gemm(__half const*, __half const*, __half*, int, int, int)",128,8704,0,208,0,128,"SQ_INSTS_LDS",10485760.000000,2081774800417,2081781258744
315,315,"Agent 1",1,19214,19214,32768,17,"pk_gemm(__half const*, __half const*, __half*, int, int, int)",128,8704,0,208,0,128,"SQ_INST_LEVEL_LDS",1067706.000000,2081774800417,2081781258744
315,315,"Agent 1",1,19214,19214,32768,17,"pk_gemm(__half const*, __half const*, __half*, int, int, int)",128,8704,0,208,0,128,"SQ_WAIT_INST_LDS",199306.000000,2081774800417,2081781258744
316,316,"Agent 1",1,19214,19214,32768,17,"pk_gemm(__half const*, __half const*, __half*, int, int, int)",128,8704,0,208,0,128,"ALUStalledByLDS",7.32566724e-03,2081781291726,2081788039234
316,316,"Agent 1",1,19214,19214,32768,17,"pk_gemm(__half const*, __half const*, __half*, int, int, int)",128,8704,0,208,0,128,"LDSBankConflict",12.500000,2081781291726,2081788039234
316,316,"Agent 1",1,19214,19214,32768,17,"pk_gemm(__half const*, __half const*, __half*, int, int, int)",128,8704,0,208,0,128,"MeanOccupancyPerCU",7.194185,2081781291726,2081788039234
316,316,"Agent 1",1,19214,19214,32768,17,"pk_gemm(__half const*, __half const*, __half*, int, int, int)",128,8704,0,208,0,128,"SQ_INSTS_LDS",10485760.000000,2081781291726,2081788039234
316,316,"Agent 1",1,19214,19214,32768,17,"pk_gemm(__half const*, __half const*, __half*, int, int, int)",128,8704,0,208,0,128,"SQ_INST_LEVEL_LDS",1063087.000000,2081781291726,2081788039234
316,316,"Agent 1",1,19214,19214,32768,17,"pk_gemm(__half const*, __half const*, __half*, int, int, int)",128,8704,0,208,0,128,"SQ_WAIT_INST_LDS",189654.000000,2081781291726,2081788039234
317,317,"Agent 1",1,19214,19214,32768,17,"pk_gemm(__half const*, __half const*, __half*, int, int, int)",128,8704,0,208,0,128,"ALUStalledByLDS",8.08893800e-03,2081788072416,2081794514272
317,317,"Agent 1",1,19214,19214,32768,17,"pk_gemm(__half const*, __half const*, __half*, int, int, int)",128,8704,0,208,0,128,"LDSBankConflict",12.500000,2081788072416,2081794514272
317,317,"Agent 1",1,19214,19214,32768,17,"pk_gemm(__half const*, __half const*, __half*, int, int, int)",128,8704,0,208,0,128,"MeanOccupancyPerCU",7.396944,2081788072416,2081794514272
317,317,"Agent 1",1,19214,19214,32768,17,"pk_gemm(__half const*, __half const*, __half*, int, int, int)",128,8704,0,208,0,128,"SQ_INSTS_LDS",10485760.000000,2081788072416,2081794514272
317,317,"Agent 1",1,19214,19214,32768,17,"pk_gemm(__half const*, __half const*, __half*, int, int, int)",128,8704,0,208,0,128,"SQ_INST_LEVEL_LDS",1076110.000000,2081788072416,2081794514272
317,317,"Agent 1",1,19214,19214,32768,17,"pk_gemm(__half const*, __half const*, __half*, int, int, int)",128,8704,0,208,0,128,"SQ_WAIT_INST_LDS",199702.000000,2081788072416,2081794514272
318,318,"Agent 1",1,19214,19214,32768,17,"pk_gemm(__half const*, __half const*, __half*, int, int, int)",128,8704,0,208,0,128,"ALUStalledByLDS",7.69437397e-03,2081794547951,2081801168341
318,318,"Agent 1",1,19214,19214,32768,17,"pk_gemm(__half const*, __half const*, __half*, int, int, int)",128,8704,0,208,0,128,"LDSBankConflict",12.500000,2081794547951,2081801168341
318,318,"Agent 1",1,19214,19214,32768,17,"pk_gemm(__half const*, __half const*, __half*, int, int, int)",128,8704,0,208,0,128,"MeanOccupancyPerCU",7.159526,2081794547951,2081801168341
318,318,"Agent 1",1,19214,19214,32768,17,"pk_gemm(__half const*, __half const*, __half*, int, int, int)",128,8704,0,208,0,128,"SQ_INSTS_LDS",10485760.000000,2081794547951,2081801168341
318,318,"Agent 1",1,19214,19214,32768,17,"pk_gemm(__half const*, __half const*, __half*, int, int, int)",128,8704,0,208,0,128,"SQ_INST_LEVEL_LDS",1065387.000000,2081794547951,2081801168341
318,318,"Agent 1",1,19214,19214,32768,17,"pk_gemm(__half const*, __half const*, __half*, int, int, int)",128,8704,0,208,0,128,"SQ_WAIT_INST_LDS",195282.000000,2081794547951,2081801168341
319,319,"Agent 1",1,19214,19214,32768,17,"pk_gemm(__half const*, __half const*, __half*, int, int, int)",128,8704,0,208,0,128,"ALUStalledByLDS",7.83508360e-03,2081801205049,2081807678364
319,319,"Agent 1",1,19214,19214,32768,17,"pk_gemm(__half const*, __half const*, __half*, int, int, int)",128,8704,0,208,0,128,"LDSBankConflict",12.500000,2081801205049,2081807678364
319,319,"Agent 1",1,19214,19214,32768,17,"pk_gemm(__half const*, __half const*, __half*, int, int, int)",128,8704,0,208,0,128,"MeanOccupancyPerCU",7.555836,2081801205049,2081807678364
319,319,"Agent 1",1,19214,19214,32768,17,"pk_gemm(__half const*, __half const*, __half*, int, int, int)",128,8704,0,208,0,128,"SQ_INSTS_LDS",10485760.000000,2081801205049,2081807678364
319,319,"Agent 1",1,19214,19214,32768,17,"pk_gemm(__half const*, __half const*, __half*, int, int, int)",128,8704,0,208,0,128,"SQ_INST_LEVEL_LDS",1067985.000000,2081801205049,2081807678364
319,319,"Agent 1",1,19214,19214,32768,17,"pk_gemm(__half const*, __half const*, __half*, int, int, int)",128,8704,0,208,0,128,"SQ_WAIT_INST_LDS",194472.000000,2081801205049,2081807678364
320,320,"Agent 1",1,19214,19214,32768,17,"pk_gemm(__half const*, __half const*, __half*, int, int, int)",128,8704,0,208,0,128,"ALUStalledByLDS",8.55826011e-03,2081807711506,2081813913593
320,320,"Agent 1",1,19214,19214,32768,17,"pk_gemm(__half const*, __half const*, __half*, int, int, int)",128,8704,0,208,0,128,"LDSBankConflict",12.500000,2081807711506,2081813913593
320,320,"Agent 1",1,19214,19214,32768,17,"pk_gemm(__half const*, __half const*, __half*, int, int, int)",128,8704,0,208,0,128,"MeanOccupancyPerCU",7.461381,2081807711506,2081813913593
320,320,"Agent 1",1,19214,19214,32768,17,"pk_gemm(__half const*, __half const*, __half*, int, int, int)",128,8704,0,208,0,128,"SQ_INSTS_LDS",10485760.000000,2081807711506,2081813913593
320,320,"Agent 1",1,19214,19214,32768,17,"pk_gemm(__half const*, __half const*, __half*, int, int, int)",128,8704,0,208,0,128,"SQ_INST_LEVEL_LDS",1070054.000000,2081807711506,2081813913593
320,320,"Agent 1",1,19214,19214,32768,17,"pk_gemm(__half const*, __half const*, __half*, int, int, int)",128,8704,0,208,0,128,"SQ_WAIT_INST_LDS",203448.000000,2081807711506,2081813913593
321,321,"Agent 1",1,19214,19214,32768,17,"pk_gemm(__half const*, __half const*, __half*, int, int, int)",128,8704,0,208,0,128,"ALUStalledByLDS",7.36501136e-03,2081813947096,2081820697650
321,321,"Agent 1",1,19214,19214,32768,17,"pk_gemm(__half const*, __half const*, __half*, int, int, int)",128,8704,0,208,0,128,"LDSBankConflict",12.500000,2081813947096,2081820697650
321,321,"Agent 1",1,19214,19214,32768,17,"pk_gemm(__half const*, __half const*, __half*, int, int, int)",128,8704,0,208,0,128,"MeanOccupancyPerCU",7.228757,2081813947096,2081820697650
321,321,"Agent 1",1,19214,19214,32768,17,"pk_gemm(__half const*, __half const*, __half*, int, int, int)",128,8704,0,208,0,128,"SQ_INSTS_LDS",10485760.000000,2081813947096,2081820697650
321,321,"Agent 1",1,19214,19214,32768,17,"pk_gemm(__half const*, __half const*, __half*, int, int, int)",128,8704,0,208,0,128,"SQ_INST_LEVEL_LDS",1075202.000000,2081813947096,2081820697650
321,321,"Agent 1",1,19214,19214,32768,17,"pk_gemm(__half const*, __half const*, __half*, int, int, int)",128,8704,0,208,0,128,"SQ_WAIT_INST_LDS",190585.000000,2081813947096,2081820697650
322,322,"Agent 1",1,19214,19214,32768,17,"pk_gemm(__half const*, __half const*, __half*, int, int, int)",128,8704,0,208,0,128,"ALUStalledByLDS",7.70739109e-03,2081820730952,2081827208756
322,322,"Agent 1",1,19214,19214,32768,17,"pk_gemm(__half const*, __half const*, __half*, int, int, int)",128,8704,0,208,0,128,"LDSBankConflict",12.500000,2081820730952,2081827208756
322,322,"Agent 1",1,19214,19214,32768,17,"pk_gemm(__half const*, __half const*, __half*, int, int, int)",128,8704,0,208,0,128,"MeanOccupancyPerCU",7.068443,2081820730952,2081827208756
322,322,"Agent 1",1,19214,19214,32768,17,"pk_gemm(__half const*, __half const*, __half*, int, int, int)",128,8704,0,208,0,128,"SQ_INSTS_LDS",10485760.000000,2081820730952,2081827208756
322,322,"Agent 1",1,19214,19214,32768,17,"pk_gemm(__half const*, __half const*, __half*, int, int, int)",128,8704,0,208,0,128,"SQ_INST_LEVEL_LDS",1061113.000000,2081820730952,2081827208756
322,322,"Agent 1",1,19214,19214,32768,17,"pk_gemm(__half const*, __half const*, __half*, int, int, int)",128,8704,0,208,0,128,"SQ_WAIT_INST_LDS",191614.000000,2081820730952,2081827208756
323,323,"Agent 1",1,19214,19214,32768,17,"pk_gemm(__half const*, __half const*, __half*, int, int, int)",128,8704,0,208,0,128,"ALUStalledByLDS",7.47674731e-03,2081827241657,2081833596190
323,323,"Agent 1",1,19214,19214,32768,17,"pk_gemm(__half const*, __half const*, __half*, int, int, int)",128,8704,0,208,0,128,"LDSBankConflict",12.500000,2081827241657,2081833596190
323,323,"Agent 1",1,19214,19214,32768,17,"pk_gemm(__half const*, __half const*, __half*, int, int, int)",128,8704,0,208,0,128,"MeanOccupancyPerCU",7.085154,2081827241657,2081833596190
323,323,"Agent 1",1,19214,19214,32768,17,"pk_gemm(__half const*, __half const*, __half*, int, int, int)",128,8704,0,208,0,128,"SQ_INSTS_LDS",10485760.000000,2081827241657,2081833596190
323,323,"Agent 1",1,19214,19214,32768,17,"pk_gemm(__half const*, __half const*, __half*, int, int, int)",128,8704,0,208,0,128,"SQ_INST_LEVEL_LDS",1053444.000000,2081827241657,2081833596190
323,323,"Agent 1",1,19214,19214,32768,17,"pk_gemm(__half const*, __half const*, __half*, int, int, int)",128,8704,0,208,0,128,"SQ_WAIT_INST_LDS",182294.000000,2081827241657,2081833596190
324,324,"Agent 1",1,19214,19214,32768,17,"pk_gemm(__half const*, __half const*, __half*, int, int, int)",128,8704,0,208,0,128,"ALUStalledByLDS",8.26108499e-03,2081833628771,2081840085855
324,324,"Agent 1",1,19214,19214,32768,17,"pk_gemm(__half const*, __half const*, __half*, int, int, int)",128,8704,0,208,0,128,"LDSBankConflict",12.500000,2081833628771,2081840085855
324,324,"Agent 1",1,19214,19214,32768,17,"pk_gemm(__half const*, __half const*, __half*, int, int, int)",128,8704,0,208,0,128,"MeanOccupancyPerCU",7.327421,2081833628771,2081840085855
324,324,"Agent 1",1,19214,19214,32768,17,"pk_gemm(__half const*, __half const*, __half*, int, int, int)",128,8704,0,208,0,128,"SQ_INSTS_LDS",10485760.000000,2081833628771,2081840085855
324,324,"Agent 1",1,19214,19214,32768,17,"pk_gemm(__half const*, __half const*, __half*, int, int, int)",128,8704,0,208,0,128,"SQ_INST_LEVEL_LDS",1084283.000000,2081833628771,2081840085855
324,324,"Agent 1",1,19214,19214,32768,17,"pk_gemm(__half const*, __half const*, __half*, int, int, int)",128,8704,0,208,0,128,"SQ_WAIT_INST_LDS",204414.000000,2081833628771,2081840085855
325,325,"Agent 1",1,19214,19214,32768,17,"pk_gemm(__half const*, __half const*, __half*, int, int, int)",128,8704,0,208,0,128,"ALUStalledByLDS",7.95868230e-03,2081840118957,2081846407927
325,325,"Agent 1",1,19214,19214,32768,17,"pk_gemm(__half const*, __half const*, __half*, int, int, int)",128,8704,0,208,0,128,"LDSBankConflict",12.500000,2081840118957,2081846407927
325,325,"Agent 1",1,19214,19214,32768,17,"pk_gemm(__half const*, __half const*, __half*, int, int, int)",128,8704,0,208,0,128,"MeanOccupancyPerCU",7.113871,2081840118957,2081846407927
325,325,"Agent 1",1,19214,19214,32768,17,"pk_gemm(__half const*, __half const*, __half*, int, int, int)",128,8704,0,208,0,128,"SQ_INSTS_LDS",10485760.000000,2081840118957,2081846407927
325,325,"Agent 1",1,19214,19214,32768,17,"pk_gemm(__half const*, __half const*, __half*, int, int, int)",128,8704,0,208,0,128,"SQ_INST_LEVEL_LDS",1063449.000000,2081840118957,2081846407927
325,325,"Agent 1",1,19214,19214,32768,17,"pk_gemm(__half const*, __half const*, __half*, int, int, int)",128,8704,0,208,0,128,"SQ_WAIT_INST_LDS",191932.000000,2081840118957,2081846407927
326,326,"Agent 1",1,19214,19214,32768,17,"pk_gemm(__half const*, __half const*, __half*, int, int, int)",128,8704,0,208,0,128,"ALUStalledByLDS",8.59152854e-03,2081846478018,2081852735329
326,326,"Agent 1",1,19214,19214,32768,17,"pk_gemm(__half const*, __half const*, __half*, int, int, int)",128,8704,0,208,0,128,"LDSBankConflict",12.500000,2081846478018,2081852735329
326,326,"Agent 1",1,19214,19214,32768,17,"pk_gemm(__half const*, __half const*, __half*, int, int, int)",128,8704,0,208,0,128,"MeanOccupancyPerCU",7.197671,2081846478018,2081852735329
326,326,"Agent 1",1,19214,19214,32768,17,"pk_gemm(__half const*, __half const*, __half*, int, int, int)",128,8704,0,208,0,128,"SQ_INSTS_LDS",10485760.000000,2081846478018,2081852735329
326,326,"Agent 1",1,19214,19214,32768,17,"pk_gemm(__half const*, __half const*, __half*, int, int, int)",128,8704,0,208,0,128,"SQ_INST_LEVEL_LDS",1084188.000000,2081846478018,2081852735329
326,326,"Agent 1",1,19214,19214,32768,17,"pk_gemm(__half const*, __half const*, __half*, int, int, int)",128,8704,0,208,0,128,"SQ_WAIT_INST_LDS",205821.000000,2081846478018,2081852735329
327,327,"Agent 1",1,19214,19214,32768,17,"pk_gemm(__half const*, __half const*, __half*, int, int, int)",128,8704,0,208,0,128,"ALUStalledByLDS",8.52440894e-03,2081852774322,2081858947716
327,327,"Agent 1",1,19214,19214,32768,17,"pk_gemm(__half const*, __half const*, __half*, int, int, int)",128,8704,0,208,0,128,"LDSBankConflict",12.500000,2081852774322,2081858947716
327,327,"Agent 1",1,19214,19214,32768,17,"pk_gemm(__half const*, __half const*, __half*, int, int, int)",128,8704,0,208,0,128,"MeanOccupancyPerCU",7.225664,2081852774322,2081858947716
327,327,"Agent 1",1,19214,19214,32768,17,"pk_gemm(__half const*, __half const*, __half*, int, int, int)",128,8704,0,208,0,128,"SQ_INSTS_LDS",10485760.000000,2081852774322,2081858947716
327,327,"Agent 1",1,19214,19214,32768,17,"pk_gemm(__half const*, __half const*, __half*, int, int, int)",128,8704,0,208,0,128,"SQ_INST_LEVEL_LDS",1078822.000000,2081852774322,2081858947716
327,327,"Agent 1",1,19214,19214,32768,17,"pk_gemm(__half const*, __half const*, __half*, int, int, int)",128,8704,0,208,0,128,"SQ_WAIT_INST_LDS",201470.000000,2081852774322,2081858947716
328,328,"Agent 1",1,19214,19214,32768,17,"pk_gemm(__half const*, __half const*, __half*, int, int, int)",128,8704,0,208,0,128,"ALUStalledByLDS",8.95090234e-03,2081858987474,2081865086368
328,328,"Agent 1",1,19214,19214,32768,17,"pk_gemm(__half const*, __half const*, __half*, int, int, int)",128,8704,0,208,0,128,"LDSBankConflict",12.500000,2081858987474,2081865086368
328,328,"Agent 1",1,19214,19214,32768,17,"pk_gemm(__half const*, __half const*, __half*, int, int, int)",128,8704,0,208,0,128,"MeanOccupancyPerCU",7.060456,2081858987474,2081865086368
328,328,"Agent 1",1,19214,19214,32768,17,"pk_gemm(__half const*, __half const*, __half*, int, int, int)",128,8704,0,208,0,128,"SQ_INSTS_LDS",10485760.000000,2081858987474,2081865086368
328,328,"Agent 1",1,19214,19214,32768,17,"pk_gemm(__half const*, __half const*, __half*, int, int, int)",128,8704,0,208,0,128,"SQ_INST_LEVEL_LDS",1087193.000000,2081858987474,2081865086368
328,328,"Agent 1",1,19214,19214,32768,17,"pk_gemm(__half const*, __half const*, __half*, int, int, int)",128,8704,0,208,0,128,"SQ_WAIT_INST_LDS",208986.000000,2081858987474,2081865086368
329,329,"Agent 1",1,19214,19214,32768,17,"pk_gemm(__half const*, __half const*, __half*, int, int, int)",128,8704,0,208,0,128,"ALUStalledByLDS",7.90890953e-03,2081865125240,2081871553591
329,329,"Agent 1",1,19214,19214,32768,17,"pk_gemm(__half const*, __half const*, __half*, int, int, int)",128,8704,0,208,0,128,"LDSBankConflict",12.500000,2081865125240,2081871553591
329,329,"Agent 1",1,19214,19214,32768,17,"pk_gemm(__half const*, __half const*, __half*, int, int, int)",128,8704,0,208,0,128,"MeanOccupancyPerCU",7.020595,2081865125240,2081871553591
329,329,"Agent 1",1,19214,19214,32768,17,"pk_gemm(__half const*, __half const*, __half*, int, int, int)",128,8704,0,208,0,128,"SQ_INSTS_LDS",10485760.000000,2081865125240,2081871553591
329,329,"Agent 1",1,19214,19214,32768,17,"pk_gemm(__half const*, __half const*, __half*, int, int, int)",128,8704,0,208,0,128,"SQ_INST_LEVEL_LDS",1063695.000000,2081865125240,2081871553591
329,329,"Agent 1",1,19214,19214,32768,17,"pk_gemm(__half const*, __half const*, __half*, int, int, int)",128,8704,0,208,0,128,"SQ_WAIT_INST_LDS",194978.000000,2081865125240,2081871553591
330,330,"Agent 1",1,19214,19214,32768,17,"pk_gemm(__half const*, __half const*, __half*, int, int, int)",128,8704,0,208,0,128,"ALUStalledByLDS",7.04155395e-03,2081871590220,2081877906000
330,330,"Agent 1",1,19214,19214,32768,17,"pk_gemm(__half const*, __half const*, __half*, int, int, int)",128,8704,0,208,0,128,"LDSBankConflict",12.500000,2081871590220,2081877906000
330,330,"Agent 1",1,19214,19214,32768,17,"pk_gemm(__half const*, __half const*, __half*, int, int, int)",128,8704,0,208,0,128,"MeanOccupancyPerCU",7.227472,2081871590220,2081877906000
330,330,"Agent 1",1,19214,19214,32768,17,"pk_gemm(__half const*, __half const*, __half*, int, int, int)",128,8704,0,208,0,128,"SQ_INSTS_LDS",10485760.000000,2081871590220,2081877906000
330,330,"Agent 1",1,19214,19214,32768,17,"pk_gemm(__half const*, __half const*, __half*, int, int, int)",128,8704,0,208,0,128,"SQ_INST_LEVEL_LDS",1039494.000000,2081871590220,2081877906000
330,330,"Agent 1",1,19214,19214,32768,17,"pk_gemm(__half const*, __half const*, __half*, int, int, int)",128,8704,0,208,0,128,"SQ_WAIT_INST_LDS",170790.000000,2081871590220,2081877906000
331,331,"Agent 1",1,19214,19214,32768,17,"pk_gemm(__half const*, __half const*, __half*, int, int, int)",128,8704,0,208,0,128,"ALUStalledByLDS",8.54465921e-03,2081877944151,2081884194329
331,331,"Agent 1",1,19214,19214,32768,17,"pk_gemm(__half const*, __half const*, __half*, int, int, int)",128,8704,0,208,0,128,"LDSBankConflict",12.500000,2081877944151,2081884194329
331,331,"Agent 1",1,19214,19214,32768,17,"pk_gemm(__half const*, __half const*, __half*, int, int, int)",128,8704,0,208,0,128,"MeanOccupancyPerCU",7.108863,2081877944151,2081884194329
331,331,"Agent 1",1,19214,19214,32768,17,"pk_gemm(__half const*, __half const*, __half*, int, int, int)",128,8704,0,208,0,128,"SQ_INSTS_LDS",10485760.000000,2081877944151,2081884194329
331,331,"Agent 1",1,19214,19214,32768,17,"pk_gemm(__half const*, __half const*, __half*, int, int, int)",128,8704,0,208,0,128,"SQ_INST_LEVEL_LDS",1075403.000000,2081877944151,2081884194329
331,331,"Agent 1",1,19214,19214,32768,17,"pk_gemm(__half const*, __half const*, __half*, int, int, int)",128,8704,0,208,0,128,"SQ_WAIT_INST_LDS",204538.000000,2081877944151,2081884194329
332,332,"Agent 1",1,19214,19214,32768,17,"pk_gemm(__half const*, __half const*, __half*, int, int, int)",128,8704,0,208,0,128,"ALUStalledByLDS",7.53413657e-03,2081884231960,2081890981311
332,332,"Agent 1",1,19214,19214,32768,17,"pk_gemm(__half const*, __half const*, __half*, int, int, int)",128,8704,0,208,0,128,"LDSBankConflict",12.500000,2081884231960,2081890981311
332,332,"Agent 1",1,19214,19214,32768,17,"pk_gemm(__half const*, __half const*, __half*, int, int, int)",128,8704,0,208,0,128,"MeanOccupancyPerCU",7.347967,2081884231960,2081890981311
332,332,"Agent 1",1,19214,19214,32768,17,"pk_gemm(__half const*, __half const*, __half*, int, int, int)",128,8704,0,208,0,128,"SQ_INSTS_LDS",10485760.000000,2081884231960,2081890981311
332,332,"Agent 1",1,19214,19214,32768,17,"pk_gemm(__half const*, __half const*, __half*, int, int, int)",128,8704,0,208,0,128,"SQ_INST_LEVEL_LDS",1070630.000000,2081884231960,2081890981311
332,332,"Agent 1",1,19214,19214,32768,17,"pk_gemm(__half const*, __half const*, __half*, int, int, int)",128,8704,0,208,0,128,"SQ_WAIT_INST_LDS",194868.000000,2081884231960,2081890981311
333,333,"Agent 1",1,19214,19214,32768,17,"pk_gemm(__half const*, __half const*, __half*, int, int, int)",128,8704,0,208,0,128,"ALUStalledByLDS",8.62075323e-03,2081891022869,2081897349670
333,333,"Agent 1",1,19214,19214,32768,17,"pk_gemm(__half const*, __half const*, __half*, int, int, int)",128,8704,0,208,0,128,"LDSBankConflict",12.500000,2081891022869,2081897349670
333,333,"Agent 1",1,19214,19214,32768,17,"pk_gemm(__half const*, __half const*, __half*, int, int, int)",128,8704,0,208,0,128,"MeanOccupancyPerCU",6.918304,2081891022869,2081897349670
333,333,"Agent 1",1,19214,19214,32768,17,"pk_gemm(__half const*, __half const*, __half*, int, int, int)",128,8704,0,208,0,128,"SQ_INSTS_LDS",10485760.000000,2081891022869,2081897349670
333,333,"Agent 1",1,19214,19214,32768,17,"pk_gemm(__half const*, __half const*, __half*, int, int, int)",128,8704,0,208,0,128,"SQ_INST_LEVEL_LDS",1078745.000000,2081891022869,2081897349670
333,333,"Agent 1",1,19214,19214,32768,17,"pk_gemm(__half const*, __half const*, __half*, int, int, int)",128,8704,0,208,0,128,"SQ_WAIT_INST_LDS",208921.000000,2081891022869,2081897349670
334,334,"Agent 1",1,19214,19214,32768,17,"pk_gemm(__half const*, __half const*, __half*, int, int, int)",128,8704,0,208,0,128,"ALUStalledByLDS",8.67060327e-03,2081897384536,2081903840699
334,334,"Agent 1",1,19214,19214,32768,17,"pk_gemm(__half const*, __half const*, __half*, int, int, int)",128,8704,0,208,0,128,"LDSBankConflict",12.500000,2081897384536,2081903840699
334,334,"Agent 1",1,19214,19214,32768,17,"pk_gemm(__half const*, __half const*, __half*, int, int, int)",128,8704,0,208,0,128,"MeanOccupancyPerCU",7.241256,2081897384536,2081903840699
334,334,"Agent 1",1,19214,19214,32768,17,"pk_gemm(__half const*, __half const*, __half*, int, int, int)",128,8704,0,208,0,128,"SQ_INSTS_LDS",10485760.000000,2081897384536,2081903840699
334,334,"Agent 1",1,19214,19214,32768,17,"pk_gemm(__half const*, __half const*, __half*, int, int, int)",128,8704,0,208,0,128,"SQ_INST_LEVEL_LDS",1085123.000000,2081897384536,2081903840699
334,334,"Agent 1",1,19214,19214,32768,17,"pk_gemm(__half const*, __half const*, __half*, int, int, int)",128,8704,0,208,0,128,"SQ_WAIT_INST_LDS",214300.000000,2081897384536,2081903840699
335,335,"Agent 1",1,19214,19214,32768,17,"pk_gemm(__half const*, __half const*, __half*, int, int, int)",128,8704,0,208,0,128,"ALUStalledByLDS",7.96772258e-03,2081903878930,2081910516914
335,335,"Agent 1",1,19214,19214,32768,17,"pk_gemm(__half const*, __half const*, __half*, int, int, int)",128,8704,0,208,0,128,"LDSBankConflict",12.500000,2081903878930,2081910516914
335,335,"Agent 1",1,19214,19214,32768,17,"pk_gemm(__half const*, __half const*, __half*, int, int, int)",128,8704,0,208,0,128,"MeanOccupancyPerCU",7.229122,2081903878930,2081910516914
335,335,"Agent 1",1,19214,19214,32768,17,"pk_gemm(__half const*, __half const*, __half*, int, int, int)",128,8704,0,208,0,128,"SQ_INSTS_LDS",10485760.000000,2081903878930,2081910516914
335,335,"Agent 1",1,19214,19214,32768,17,"pk_gemm(__half const*, __half const*, __half*, int, int, int)",128,8704,0,208,0,128,"SQ_INST_LEVEL_LDS",1073866.000000,2081903878930,2081910516914
335,335,"Agent 1",1,19214,19214,32768,17,"pk_gemm(__half const*, __half const*, __half*, int, int, int)",128,8704,0,208,0,128,"SQ_WAIT_INST_LDS",202593.000000,2081903878930,2081910516914
336,336,"Agent 1",1,19214,19214,32768,17,"pk_gemm(__half const*, __half const*, __half*, int, int, int)",128,8704,0,208,0,128,"ALUStalledByLDS",7.86086366e-03,2081910551298,2081916924947
336,336,"Agent 1",1,19214,19214,32768,17,"pk_gemm(__half const*, __half const*, __half*, int, int, int)",128,8704,0,208,0,128,"LDSBankConflict",12.500000,2081910551298,2081916924947
336,336,"Agent 1",1,19214,19214,32768,17,"pk_gemm(__half const*, __half const*, __half*, int, int, int)",128,8704,0,208,0,128,"MeanOccupancyPerCU",7.170901,2081910551298,2081916924947
336,336,"Agent 1",1,19214,19214,32768,17,"pk_gemm(__half const*, __half const*, __half*, int, int, int)",128,8704,0,208,0,128,"SQ_INSTS_LDS",10485760.000000,2081910551298,2081916924947
336,336,"Agent 1",1,19214,19214,32768,17,"pk_gemm(__half const*, __half const*, __half*, int, int, int)",128,8704,0,208,0,128,"SQ_INST_LEVEL_LDS",1066630.000000,2081910551298,2081916924947
336,336,"Agent 1",1,19214,19214,32768,17,"pk_gemm(__half const*, __half const*, __half*, int, int, int)",128,8704,0,208,0,128,"SQ_WAIT_INST_LDS",192115.000000,2081910551298,2081916924947
337,337,"Agent 1",1,19214,19214,32768,17,"pk_gemm(__half const*, __half const*, __half*, int, int, int)",128,8704,0,208,0,128,"ALUStalledByLDS",7.77625641e-03,2081916959812,2081923657788
337,337,"Agent 1",1,19214,19214,32768,17,"pk_gemm(__half const*, __half const*, __half*, int, int, int)",128,8704,0,208,0,128,"LDSBankConflict",12.500000,2081916959812,2081923657788
337,337,"Agent 1",1,19214,19214,32768,17,"pk_gemm(__half const*, __half const*, __half*, int, int, int)",128,8704,0,208,0,128,"MeanOccupancyPerCU",7.379670,2081916959812,2081923657788
337,337,"Agent 1",1,19214,19214,32768,17,"pk_gemm(__half const*, __half const*, __half*, int, int, int)",128,8704,0,208,0,128,"SQ_INSTS_LDS",10485760.000000,2081916959812,2081923657788
337,337,"Agent 1",1,19214,19214,32768,17,"pk_gemm(__half const*, __half const*, __half*, int, int, int)",128,8704,0,208,0,128,"SQ_INST_LEVEL_LDS",1076118.000000,2081916959812,2081923657788
337,337,"Agent 1",1,19214,19214,32768,17,"pk_gemm(__half const*, __half const*, __half*, int, int, int)",128,8704,0,208,0,128,"SQ_WAIT_INST_LDS",199588.000000,2081916959812,2081923657788
338,338,"Agent 1",1,19214,19214,32768,17,"pk_gemm(__half const*, __half const*, __half*, int, int, int)",128,8704,0,208,0,128,"ALUStalledByLDS",8.72663900e-03,2081923690594,2081930058913
338,338,"Agent 1",1,19214,19214,32768,17,"pk_gemm(__half const*, __half const*, __half*, int, int, int)",128,8704,0,208,0,128,"LDSBankConflict",12.500000,2081923690594,2081930058913
338,338,"Agent 1",1,19214,19214,32768,17,"pk_gemm(__half const*, __half const*, __half*, int, int, int)",128,8704,0,208,0,128,"MeanOccupancyPerCU",6.794295,2081923690594,2081930058913
338,338,"Agent 1",1,19214,19214,32768,17,"pk_gemm(__half const*, __half const*, __half*, int, int, int)",128,8704,0,208,0,128,"SQ_INSTS_LDS",10485760.000000,2081923690594,2081930058913
338,338,"Agent 1",1,19214,19214,32768,17,"pk_gemm(__half const*, __half const*, __half*, int, int, int)",128,8704,0,208,0,128,"SQ_INST_LEVEL_LDS",1081405.000000,2081923690594,2081930058913
338,338,"Agent 1",1,19214,19214,32768,17,"pk_gemm(__half const*, __half const*, __half*, int, int, int)",128,8704,0,208,0,128,"SQ_WAIT_INST_LDS",212940.000000,2081923690594,2081930058913
339,339,"Agent 1",1,19214,19214,32768,17,"pk_gemm(__half const*, __half const*, __half*, int, int, int)",128,8704,0,208,0,128,"ALUStalledByLDS",8.00939715e-03,2081930096502,2081936287970
339,339,"Agent 1",1,19214,19214,32768,17,"pk_gemm(__half const*, __half const*, __half*, int, int, int)",128,8704,0,208,0,128,"LDSBankConflict",12.500000,2081930096502,2081936287970
339,339,"Agent 1",1,19214,19214,32768,17,"pk_gemm(__half const*, __half const*, __half*, int, int, int)",128,8704,0,208,0,128,"MeanOccupancyPerCU",7.322859,2081930096502,2081936287970
339,339,"Agent 1",1,19214,19214,32768,17,"pk_gemm(__half const*, __half const*, __half*, int, int, int)",128,8704,0,208,0,128,"SQ_INSTS_LDS",10485760.000000,2081930096502,2081936287970
339,339,"Agent 1",1,19214,19214,32768,17,"pk_gemm(__half const*, __half const*, __half*, int, int, int)",128,8704,0,208,0,128,"SQ_INST_LEVEL_LDS",1058488.000000,2081930096502,2081936287970
339,339,"Agent 1",1,19214,19214,32768,17,"pk_gemm(__half const*, __half const*, __half*, int, int, int)",128,8704,0,208,0,128,"SQ_WAIT_INST_LDS",190170.000000,2081930096502,2081936287970
340,340,"Agent 1",1,19214,19214,32768,17,"pk_gemm(__half const*, __half const*, __half*, int, int, int)",128,8704,0,208,0,128,"ALUStalledByLDS",6.31329545e-03,2081936322314,2081943301897
340,340,"Agent 1",1,19214,19214,32768,17,"pk_gemm(__half const*, __half const*, __half*, int, int, int)",128,8704,0,208,0,128,"LDSBankConflict",12.500000,2081936322314,2081943301897
340,340,"Agent 1",1,19214,19214,32768,17,"pk_gemm(__half const*, __half const*, __half*, int, int, int)",128,8704,0,208,0,128,"MeanOccupancyPerCU",7.491697,2081936322314,2081943301897
340,340,"Agent 1",1,19214,19214,32768,17,"pk_gemm(__half const*, __half const*, __half*, int, int, int)",128,8704,0,208,0,128,"SQ_INSTS_LDS",10485760.000000,2081936322314,2081943301897
340,340,"Agent 1",1,19214,19214,32768,17,"pk_gemm(__half const*, __half const*, __half*, int, int, int)",128,8704,0,208,0,128,"SQ_INST_LEVEL_LDS",1043279.000000,2081936322314,2081943301897
340,340,"Agent 1",1,19214,19214,32768,17,"pk_gemm(__half const*, __half const*, __half*, int, int, int)",128,8704,0,208,0,128,"SQ_WAIT_INST_LDS",169167.000000,2081936322314,2081943301897
341,341,"Agent 1",1,19214,19214,32768,17,"pk_gemm(__half const*, __half const*, __half*, int, int, int)",128,8704,0,208,0,128,"ALUStalledByLDS",7.96328262e-03,2081943337083,2081949480060
341,341,"Agent 1",1,19214,19214,32768,17,"pk_gemm(__half const*, __half const*, __half*, int, int, int)",128,8704,0,208,0,128,"LDSBankConflict",12.500000,2081943337083,2081949480060
341,341,"Agent 1",1,19214,19214,32768,17,"pk_gemm(__half const*, __half const*, __half*, int, int, int)",128,8704,0,208,0,128,"MeanOccupancyPerCU",7.049594,2081943337083,2081949480060
341,341,"Agent 1",1,19214,19214,32768,17,"pk_gemm(__half const*, __half const*, __half*, int, int, int)",128,8704,0,208,0,128,"SQ_INSTS_LDS",10485760.000000,2081943337083,2081949480060
341,341,"Agent 1",1,19214,19214,32768,17,"pk_gemm(__half const*, __half const*, __half*, int, int, int)",128,8704,0,208,0,128,"SQ_INST_LEVEL_LDS",1057432.000000,2081943337083,2081949480060
341,341,"Agent 1",1,19214,19214,32768,17,"pk_gemm(__half const*, __half const*, __half*, int, int, int)",128,8704,0,208,0,128,"SQ_WAIT_INST_LDS",187671.000000,2081943337083,2081949480060
342,342,"Agent 1",1,19214,19214,32768,17,"pk_gemm(__half const*, __half const*, __half*, int, int, int)",128,8704,0,208,0,128,"ALUStalledByLDS",8.20757504e-03,2081949512480,2081955846896
342,342,"Agent 1",1,19214,19214,32768,17,"pk_gemm(__half const*, __half const*, __half*, int, int, int)",128,8704,0,208,0,128,"LDSBankConflict",12.500000,2081949512480,2081955846896
342,342,"Agent 1",1,19214,19214,32768,17,"pk_gemm(__half const*, __half const*, __half*, int, int, int)",128,8704,0,208,0,128,"MeanOccupancyPerCU",7.135433,2081949512480,2081955846896
342,342,"Agent 1",1,19214,19214,32768,17,"pk_gemm(__half const*, __half const*, __half*, int, int, int)",128,8704,0,208,0,128,"SQ_INSTS_LDS",10485760.000000,2081949512480,2081955846896
342,342,"Agent 1",1,19214,19214,32768,17,"pk_gemm(__half const*, __half const*, __half*, int, int, int)",128,8704,0,208,0,128,"SQ_INST_LEVEL_LDS",1072636.000000,2081949512480,2081955846896
342,342,"Agent 1",1,19214,19214,32768,17,"pk_gemm(__half const*, __half const*, __half*, int, int, int)",128,8704,0,208,0,128,"SQ_WAIT_INST_LDS",199090.000000,2081949512480,2081955846896
343,343,"Agent 1",1,19214,19214,32768,17,"pk_gemm(__half const*, __half const*, __half*, int, int, int)",128,8704,0,208,0,128,"ALUStalledByLDS",8.40687402e-03,2081955879957,2081962429415
343,343,"Agent 1",1,19214,19214,32768,17,"pk_gemm(__half const*, __half const*, __half*, int, int, int)",128,8704,0,208,0,128,"LDSBankConflict",12.500000,2081955879957,2081962429415
343,343,"Agent 1",1,19214,19214,32768,17,"pk_gemm(__half const*, __half const*, __half*, int, int, int)",128,8704,0,208,0,128,"MeanOccupancyPerCU",7.002549,2081955879957,2081962429415
343,343,"Agent 1",1,19214,19214,32768,17,"pk_gemm(__half const*, __half const*, __half*, int, int, int)",128,8704,0,208,0,128,"SQ_INSTS_LDS",10485760.000000,2081955879957,2081962429415
343,343,"Agent 1",1,19214,19214,32768,17,"pk_gemm(__half const*, __half const*, __half*, int, int, int)",128,8704,0,208,0,128,"SQ_INST_LEVEL_LDS",1088234.000000,2081955879957,2081962429415
343,343,"Agent 1",1,19214,19214,32768,17,"pk_gemm(__half const*, __half const*, __half*, int, int, int)",128,8704,0,208,0,128,"SQ_WAIT_INST_LDS",210841.000000,2081955879957,2081962429415
344,344,"Agent 1",1,19214,19214,32768,17,"pk_gemm(__half const*, __half const*, __half*, int, int, int)",128,8704,0,208,0,128,"ALUStalledByLDS",7.32906461e-03,2081962460513,2081969116891
344,344,"Agent 1",1,19214,19214,32768,17,"pk_gemm(__half const*, __half const*, __half*, int, int, int)",128,8704,0,208,0,128,"LDSBankConflict",12.500000,2081962460513,2081969116891
344,344,"Agent 1",1,19214,19214,32768,17,"pk_gemm(__half const*, __half const*, __half*, int, int, int)",128,8704,0,208,0,128,"MeanOccupancyPerCU",7.373141,2081962460513,2081969116891
344,344,"Agent 1",1,19214,19214,32768,17,"pk_gemm(__half const*, __half const*, __half*, int, int, int)",128,8704,0,208,0,128,"SQ_INSTS_LDS",10485760.000000,2081962460513,2081969116891
344,344,"Agent 1",1,19214,19214,32768,17,"pk_gemm(__half const*, __half const*, __half*, int, int, int)",128,8704,0,208,0,128,"SQ_INST_LEVEL_LDS",1054607.000000,2081962460513,2081969116891
344,344,"Agent 1",1,19214,19214,32768,17,"pk_gemm(__half const*, __half const*, __half*, int, int, int)",128,8704,0,208,0,128,"SQ_WAIT_INST_LDS",187013.000000,2081962460513,2081969116891
345,345,"Agent 1",1,19214,19214,32768,17,"pk_gemm(__half const*, __half const*, __half*, int, int, int)",128,8704,0,208,0,128,"ALUStalledByLDS",8.26822579e-03,2081969149592,2081975438963
345,345,"Agent 1",1,19214,19214,32768,17,"pk_gemm(__half const*, __half const*, __half*, int, int, int)",128,8704,0,208,0,128,"LDSBankConflict",12.500000,2081969149592,2081975438963
345,345,"Agent 1",1,19214,19214,32768,17,"pk_gemm(__half const*, __half const*, __half*, int, int, int)",128,8704,0,208,0,128,"MeanOccupancyPerCU",7.325985,2081969149592,2081975438963
345,345,"Agent 1",1,19214,19214,32768,17,"pk_gemm(__half const*, __half const*, __half*, int, int, int)",128,8704,0,208,0,128,"SQ_INSTS_LDS",10485760.000000,2081969149592,2081975438963
345,345,"Agent 1",1,19214,19214,32768,17,"pk_gemm(__half const*, __half const*, __half*, int, int, int)",128,8704,0,208,0,128,"SQ_INST_LEVEL_LDS",1072763.000000,2081969149592,2081975438963
345,345,"Agent 1",1,19214,19214,32768,17,"pk_gemm(__half const*, __half const*, __half*, int, int, int)",128,8704,0,208,0,128,"SQ_WAIT_INST_LDS",199280.000000,2081969149592,2081975438963
346,346,"Agent 1",1,19214,19214,32768,17,"pk_gemm(__half const*, __half const*, __half*, int, int, int)",128,8704,0,208,0,128,"ALUStalledByLDS",7.54123306e-03,2081975470542,2081982134895
346,346,"Agent 1",1,19214,19214,32768,17,"pk_gemm(__half const*, __half const*, __half*, int, int, int)",128,8704,0,208,0,128,"LDSBankConflict",12.500000,2081975470542,2081982134895
346,346,"Agent 1",1,19214,19214,32768,17,"pk_gemm(__half const*, __half const*, __half*, int, int, int)",128,8704,0,208,0,128,"MeanOccupancyPerCU",7.423550,2081975470542,2081982134895
346,346,"Agent 1",1,19214,19214,32768,17,"pk_gemm(__half const*, __half const*, __half*, int, int, int)",128,8704,0,208,0,128,"SQ_INSTS_LDS",10485760.000000,2081975470542,2081982134895
346,346,"Agent 1",1,19214,19214,32768,17,"pk_gemm(__half const*, __half const*, __half*, int, int, int)",128,8704,0,208,0,128,"SQ_INST_LEVEL_LDS",1061471.000000,2081975470542,2081982134895
346,346,"Agent 1",1,19214,19214,32768,17,"pk_gemm(__half const*, __half const*, __half*, int, int, int)",128,8704,0,208,0,128,"SQ_WAIT_INST_LDS",192825.000000,2081975470542,2081982134895
347,347,"Agent 1",1,19214,19214,32768,17,"pk_gemm(__half const*, __half const*, __half*, int, int, int)",128,8704,0,208,0,128,"ALUStalledByLDS",7.92668767e-03,2081982167837,2081988510868
347,347,"Agent 1",1,19214,19214,32768,17,"pk_gemm(__half const*, __half const*, __half*, int, int, int)",128,8704,0,208,0,128,"LDSBankConflict",12.500000,2081982167837,2081988510868
347,347,"Agent 1",1,19214,19214,32768,17,"pk_gemm(__half const*, __half const*, __half*, int, int, int)",128,8704,0,208,0,128,"MeanOccupancyPerCU",7.315890,2081982167837,2081988510868
347,347,"Agent 1",1,19214,19214,32768,17,"pk_gemm(__half const*, __half const*, __half*, int, int, int)",128,8704,0,208,0,128,"SQ_INSTS_LDS",10485760.000000,2081982167837,2081988510868
347,347,"Agent 1",1,19214,19214,32768,17,"pk_gemm(__half const*, __half const*, __half*, int, int, int)",128,8704,0,208,0,128,"SQ_INST_LEVEL_LDS",1067119.000000,2081982167837,2081988510868
347,347,"Agent 1",1,19214,19214,32768,17,"pk_gemm(__half const*, __half const*, __half*, int, int, int)",128,8704,0,208,0,128,"SQ_WAIT_INST_LDS",192867.000000,2081982167837,2081988510868
348,348,"Agent 1",1,19214,19214,32768,17,"pk_gemm(__half const*, __half const*, __half*, int, int, int)",128,8704,0,208,0,128,"ALUStalledByLDS",7.95398895e-03,2081988544434,2081994696027
348,348,"Agent 1",1,19214,19214,32768,17,"pk_gemm(__half const*, __half const*, __half*, int, int, int)",128,8704,0,208,0,128,"LDSBankConflict",12.500000,2081988544434,2081994696027
348,348,"Agent 1",1,19214,19214,32768,17,"pk_gemm(__half const*, __half const*, __half*, int, int, int)",128,8704,0,208,0,128,"MeanOccupancyPerCU",7.097946,2081988544434,2081994696027
348,348,"Agent 1",1,19214,19214,32768,17,"pk_gemm(__half const*, __half const*, __half*, int, int, int)",128,8704,0,208,0,128,"SQ_INSTS_LDS",10485760.000000,2081988544434,2081994696027
348,348,"Agent 1",1,19214,19214,32768,17,"pk_gemm(__half const*, __half const*, __half*, int, int, int)",128,8704,0,208,0,128,"SQ_INST_LEVEL_LDS",1054726.000000,2081988544434,2081994696027
348,348,"Agent 1",1,19214,19214,32768,17,"pk_gemm(__half const*, __half const*, __half*, int, int, int)",128,8704,0,208,0,128,"SQ_WAIT_INST_LDS",187812.000000,2081988544434,2081994696027
349,349,"Agent 1",1,19214,19214,32768,17,"pk_gemm(__half const*, __half const*, __half*, int, int, int)",128,8704,0,208,0,128,"ALUStalledByLDS",7.52991988e-03,2081994730731,2082001515910
349,349,"Agent 1",1,19214,19214,32768,17,"pk_gemm(__half const*, __half const*, __half*, int, int, int)",128,8704,0,208,0,128,"LDSBankConflict",12.500000,2081994730731,2082001515910
349,349,"Agent 1",1,19214,19214,32768,17,"pk_gemm(__half const*, __half const*, __half*, int, int, int)",128,8704,0,208,0,128,"MeanOccupancyPerCU",7.181716,2081994730731,2082001515910
349,349,"Agent 1",1,19214,19214,32768,17,"pk_gemm(__half const*, __half const*, __half*, int, int, int)",128,8704,0,208,0,128,"SQ_INSTS_LDS",10485760.000000,2081994730731,2082001515910
349,349,"Agent 1",1,19214,19214,32768,17,"pk_gemm(__half const*, __half const*, __half*, int, int, int)",128,8704,0,208,0,128,"SQ_INST_LEVEL_LDS",1074090.000000,2081994730731,2082001515910
349,349,"Agent 1",1,19214,19214,32768,17,"pk_gemm(__half const*, __half const*, __half*, int, int, int)",128,8704,0,208,0,128,"SQ_WAIT_INST_LDS",195821.000000,2081994730731,2082001515910
350,350,"Agent 1",1,19214,19214,32768,17,"pk_gemm(__half const*, __half const*, __half*, int, int, int)",128,8704,0,208,0,128,"ALUStalledByLDS",7.41176830e-03,2082001548532,2082007808808
350,350,"Agent 1",1,19214,19214,32768,17,"pk_gemm(__half const*, __half const*, __half*, int, int, int)",128,8704,0,208,0,128,"LDSBankConflict",12.500000,2082001548532,2082007808808
350,350,"Agent 1",1,19214,19214,32768,17,"pk_gemm(__half const*, __half const*, __half*, int, int, int)",128,8704,0,208,0,128,"MeanOccupancyPerCU",7.103227,2082001548532,2082007808808
350,350,"Agent 1",1,19214,19214,32768,17,"pk_gemm(__half const*, __half const*, __half*, int, int, int)",128,8704,0,208,0,128,"SQ_INSTS_LDS",10485760.000000,2082001548532,2082007808808
350,350,"Agent 1",1,19214,19214,32768,17,"pk_gemm(__half const*, __half const*, __half*, int, int, int)",128,8704,0,208,0,128,"SQ_INST_LEVEL_LDS",1044253.000000,2082001548532,2082007808808
350,350,"Agent 1",1,19214,19214,32768,17,"pk_gemm(__half const*, __half const*, __half*, int, int, int)",128,8704,0,208,0,128,"SQ_WAIT_INST_LDS",178104.000000,2082001548532,2082007808808
351,351,"Agent 1",1,19214,19214,32768,17,"pk_gemm(__half const*, __half const*, __half*, int, int, int)",128,8704,0,208,0,128,"ALUStalledByLDS",8.23515911e-03,2082007843073,2082014231750
351,351,"Agent 1",1,19214,19214,32768,17,"pk_gemm(__half const*, __half const*, __half*, int, int, int)",128,8704,0,208,0,128,"LDSBankConflict",12.500000,2082007843073,2082014231750
351,351,"Agent 1",1,19214,19214,32768,17,"pk_gemm(__half const*, __half const*, __half*, int, int, int)",128,8704,0,208,0,128,"MeanOccupancyPerCU",7.271790,2082007843073,2082014231750
351,351,"Agent 1",1,19214,19214,32768,17,"pk_gemm(__half const*, __half const*, __half*, int, int, int)",128,8704,0,208,0,128,"SQ_INSTS_LDS",10485760.000000,2082007843073,2082014231750
351,351,"Agent 1",1,19214,19214,32768,17,"pk_gemm(__half const*, __half const*, __half*, int, int, int)",128,8704,0,208,0,128,"SQ_INST_LEVEL_LDS",1075995.000000,2082007843073,2082014231750
351,351,"Agent 1",1,19214,19214,32768,17,"pk_gemm(__half const*, __half const*, __half*, int, int, int)",128,8704,0,208,0,128,"SQ_WAIT_INST_LDS",201589.000000,2082007843073,2082014231750
352,352,"Agent 1",1,19214,19214,32768,17,"pk_gemm(__half const*, __half const*, __half*, int, int, int)",128,8704,0,208,0,128,"ALUStalledByLDS",7.50807989e-03,2082014263169,2082020987754
352,352,"Agent 1",1,19214,19214,32768,17,"pk_gemm(__half const*, __half const*, __half*, int, int, int)",128,8704,0,208,0,128,"LDSBankConflict",12.500000,2082014263169,2082020987754
352,352,"Agent 1",1,19214,19214,32768,17,"pk_gemm(__half const*, __half const*, __half*, int, int, int)",128,8704,0,208,0,128,"MeanOccupancyPerCU",6.946119,2082014263169,2082020987754
352,352,"Agent 1",1,19214,19214,32768,17,"pk_gemm(__half const*, __half const*, __half*, int, int, int)",128,8704,0,208,0,128,"SQ_INSTS_LDS",10485760.000000,2082014263169,2082020987754
352,352,"Agent 1",1,19214,19214,32768,17,"pk_gemm(__half const*, __half const*, __half*, int, int, int)",128,8704,0,208,0,128,"SQ_INST_LEVEL_LDS",1066677.000000,2082014263169,2082020987754
352,352,"Agent 1",1,19214,19214,32768,17,"pk_gemm(__half const*, __half const*, __half*, int, int, int)",128,8704,0,208,0,128,"SQ_WAIT_INST_LDS",193561.000000,2082014263169,2082020987754
353,353,"Agent 1",1,19214,19214,32768,17,"pk_gemm(__half const*, __half const*, __half*, int, int, int)",128,8704,0,208,0,128,"ALUStalledByLDS",7.36484893e-03,2082021020776,2082027750692
353,353,"Agent 1",1,19214,19214,32768,17,"pk_gemm(__half const*, __half const*, __half*, int, int, int)",128,8704,0,208,0,128,"LDSBankConflict",12.500000,2082021020776,2082027750692
353,353,"Agent 1",1,19214,19214,32768,17,"pk_gemm(__half const*, __half const*, __half*, int, int, int)",128,8704,0,208,0,128,"MeanOccupancyPerCU",7.106071,2082021020776,2082027750692
353,353,"Agent 1",1,19214,19214,32768,17,"pk_gemm(__half const*, __half const*, __half*, int, int, int)",128,8704,0,208,0,128,"SQ_INSTS_LDS",10485760.000000,2082021020776,2082027750692
353,353,"Agent 1",1,19214,19214,32768,17,"pk_gemm(__half const*, __half const*, __half*, int, int, int)",128,8704,0,208,0,128,"SQ_INST_LEVEL_LDS",1064208.000000,2082021020776,2082027750692
353,353,"Agent 1",1,19214,19214,32768,17,"pk_gemm(__half const*, __half const*, __half*, int, int, int)",128,8704,0,208,0,128,"SQ_WAIT_INST_LDS",190075.000000,2082021020776,2082027750692
354,354,"Agent 1",1,19214,19214,32768,17,"pk_gemm(__half const*, __half const*, __half*, int, int, int)",128,8704,0,208,0,128,"ALUStalledByLDS",7.71167818e-03,2082027783473,2082034459569
354,354,"Agent 1",1,19214,19214,32768,17,"pk_gemm(__half const*, __half const*, __half*, int, int, int)",128,8704,0,208,0,128,"LDSBankConflict",12.500000,2082027783473,2082034459569
354,354,"Agent 1",1,19214,19214,32768,17,"pk_gemm(__half const*, __half const*, __half*, int, int, int)",128,8704,0,208,0,128,"MeanOccupancyPerCU",7.466887,2082027783473,2082034459569
354,354,"Agent 1",1,19214,19214,32768,17,"pk_gemm(__half const*, __half const*, __half*, int, int, int)",128,8704,0,208,0,128,"SQ_INSTS_LDS",10485760.000000,2082027783473,2082034459569
354,354,"Agent 1",1,19214,19214,32768,17,"pk_gemm(__half const*, __half const*, __half*, int, int, int)",128,8704,0,208,0,128,"SQ_INST_LEVEL_LDS",1065877.000000,2082027783473,2082034459569
354,354,"Agent 1",1,19214,19214,32768,17,"pk_gemm(__half const*, __half const*, __half*, int, int, int)",128,8704,0,208,0,128,"SQ_WAIT_INST_LDS",197390.000000,2082027783473,2082034459569
355,355,"Agent 1",1,19214,19214,32768,17,"pk_gemm(__half const*, __half const*, __half*, int, int, int)",128,8704,0,208,0,128,"ALUStalledByLDS",8.16217645e-03,2082034490226,2082041111619
355,355,"Agent 1",1,19214,19214,32768,17,"pk_gemm(__half const*, __half const*, __half*, int, int, int)",128,8704,0,208,0,128,"LDSBankConflict",12.500000,2082034490226,2082041111619
355,355,"Agent 1",1,19214,19214,32768,17,"pk_gemm(__half const*, __half const*, __half*, int, int, int)",128,8704,0,208,0,128,"MeanOccupancyPerCU",7.392161,2082034490226,2082041111619
355,355,"Agent 1",1,19214,19214,32768,17,"pk_gemm(__half const*, __half const*, __half*, int, int, int)",128,8704,0,208,0,128,"SQ_INSTS_LDS",10485760.000000,2082034490226,2082041111619
355,355,"Agent 1",1,19214,19214,32768,17,"pk_gemm(__half const*, __half const*, __half*, int, int, int)",128,8704,0,208,0,128,"SQ_INST_LEVEL_LDS",1081958.000000,2082034490226,2082041111619
355,355,"Agent 1",1,19214,19214,32768,17,"pk_gemm(__half const*, __half const*, __half*, int, int, int)",128,8704,0,208,0,128,"SQ_WAIT_INST_LDS",207041.000000,2082034490226,2082041111619
356,356,"Agent 1",1,19214,19214,32768,17,"pk_gemm(__half const*, __half const*, __half*, int, int, int)",128,8704,0,208,0,128,"ALUStalledByLDS",6.62258635e-03,2082041172493,2082048266730
356,356,"Agent 1",1,19214,19214,32768,17,"pk_gemm(__half const*, __half const*, __half*, int, int, int)",128,8704,0,208,0,128,"LDSBankConflict",12.500000,2082041172493,2082048266730
356,356,"Agent 1",1,19214,19214,32768,17,"pk_gemm(__half const*, __half const*, __half*, int, int, int)",128,8704,0,208,0,128,"MeanOccupancyPerCU",7.375388,2082041172493,2082048266730
356,356,"Agent 1",1,19214,19214,32768,17,"pk_gemm(__half const*, __half const*, __half*, int, int, int)",128,8704,0,208,0,128,"SQ_INSTS_LDS",10485760.000000,2082041172493,2082048266730
356,356,"Agent 1",1,19214,19214,32768,17,"pk_gemm(__half const*, __half const*, __half*, int, int, int)",128,8704,0,208,0,128,"SQ_INST_LEVEL_LDS",1059237.000000,2082041172493,2082048266730
356,356,"Agent 1",1,19214,19214,32768,17,"pk_gemm(__half const*, __half const*, __half*, int, int, int)",128,8704,0,208,0,128,"SQ_WAIT_INST_LDS",180161.000000,2082041172493,2082048266730
357,357,"Agent 1",1,19214,19214,32768,17,"pk_gemm(__half const*, __half const*, __half*, int, int, int)",128,8704,0,208,0,128,"ALUStalledByLDS",8.28932900e-03,2082048302397,2082054896218
357,357,"Agent 1",1,19214,19214,32768,17,"pk_gemm(__half const*, __half const*, __half*, int, int, int)",128,8704,0,208,0,128,"LDSBankConflict",12.500000,2082048302397,2082054896218
357,357,"Agent 1",1,19214,19214,32768,17,"pk_gemm(__half const*, __half const*, __half*, int, int, int)",128,8704,0,208,0,128,"MeanOccupancyPerCU",7.168515,2082048302397,2082054896218
357,357,"Agent 1",1,19214,19214,32768,17,"pk_gemm(__half const*, __half const*, __half*, int, int, int)",128,8704,0,208,0,128,"SQ_INSTS_LDS",10485760.000000,2082048302397,2082054896218
357,357,"Agent 1",1,19214,19214,32768,17,"pk_gemm(__half const*, __half const*, __half*, int, int, int)",128,8704,0,208,0,128,"SQ_INST_LEVEL_LDS",1094666.000000,2082048302397,2082054896218
357,357,"Agent 1",1,19214,19214,32768,17,"pk_gemm(__half const*, __half const*, __half*, int, int, int)",128,8704,0,208,0,128,"SQ_WAIT_INST_LDS",209192.000000,2082048302397,2082054896218
358,358,"Agent 1",1,19214,19214,32768,17,"pk_gemm(__half const*, __half const*, __half*, int, int, int)",128,8704,0,208,0,128,"ALUStalledByLDS",7.29353614e-03,2082054934150,2082061606919
358,358,"Agent 1",1,19214,19214,32768,17,"pk_gemm(__half const*, __half const*, __half*, int, int, int)",128,8704,0,208,0,128,"LDSBankConflict",12.500000,2082054934150,2082061606919
358,358,"Agent 1",1,19214,19214,32768,17,"pk_gemm(__half const*, __half const*, __half*, int, int, int)",128,8704,0,208,0,128,"MeanOccupancyPerCU",7.438713,2082054934150,2082061606919
358,358,"Agent 1",1,19214,19214,32768,17,"pk_gemm(__half const*, __half const*, __half*, int, int, int)",128,8704,0,208,0,128,"SQ_INSTS_LDS",10485760.000000,2082054934150,2082061606919
358,358,"Agent 1",1,19214,19214,32768,17,"pk_gemm(__half const*, __half const*, __half*, int, int, int)",128,8704,0,208,0,128,"SQ_INST_LEVEL_LDS",1058742.000000,2082054934150,2082061606919
358,358,"Agent 1",1,19214,19214,32768,17,"pk_gemm(__half const*, __half const*, __half*, int, int, int)",128,8704,0,208,0,128,"SQ_WAIT_INST_LDS",186569.000000,2082054934150,2082061606919
359,359,"Agent 1",1,19214,19214,32768,17,"pk_gemm(__half const*, __half const*, __half*, int, int, int)",128,8704,0,208,0,128,"ALUStalledByLDS",7.48534105e-03,2082061644989,2082068196812
359,359,"Agent 1",1,19214,19214,32768,17,"pk_gemm(__half const*, __half const*, __half*, int, int, int)",128,8704,0,208,0,128,"LDSBankConflict",12.500000,2082061644989,2082068196812
359,359,"Agent 1",1,19214,19214,32768,17,"pk_gemm(__half const*, __half const*, __half*, int, int, int)",128,8704,0,208,0,128,"MeanOccupancyPerCU",7.177724,2082061644989,2082068196812
359,359,"Agent 1",1,19214,19214,32768,17,"pk_gemm(__half const*, __half const*, __half*, int, int, int)",128,8704,0,208,0,128,"SQ_INSTS_LDS",10485760.000000,2082061644989,2082068196812
359,359,"Agent 1",1,19214,19214,32768,17,"pk_gemm(__half const*, __half const*, __half*, int, int, int)",128,8704,0,208,0,128,"SQ_INST_LEVEL_LDS",1061867.000000,2082061644989,2082068196812
359,359,"Agent 1",1,19214,19214,32768,17,"pk_gemm(__half const*, __half const*, __half*, int, int, int)",128,8704,0,208,0,128,"SQ_WAIT_INST_LDS",188247.000000,2082061644989,2082068196812
360,360,"Agent 1",1,19214,19214,32768,17,"pk_gemm(__half const*, __half const*, __half*, int, int, int)",128,8704,0,208,0,128,"ALUStalledByLDS",6.85775492e-03,2082068234923,2082075369917
360,360,"Agent 1",1,19214,19214,32768,17,"pk_gemm(__half const*, __half const*, __half*, int, int, int)",128,8704,0,208,0,128,"LDSBankConflict",12.500000,2082068234923,2082075369917
360,360,"Agent 1",1,19214,19214,32768,17,"pk_gemm(__half const*, __half const*, __half*, int, int, int)",128,8704,0,208,0,128,"MeanOccupancyPerCU",6.872444,2082068234923,2082075369917
360,360,"Agent 1",1,19214,19214,32768,17,"pk_gemm(__half const*, __half const*, __half*, int, int, int)",128,8704,0,208,0,128,"SQ_INSTS_LDS",10485760.000000,2082068234923,2082075369917
360,360,"Agent 1",1,19214,19214,32768,17,"pk_gemm(__half const*, __half const*, __half*, int, int, int)",128,8704,0,208,0,128,"SQ_INST_LEVEL_LDS",1062031.000000,2082068234923,2082075369917
360,360,"Agent 1",1,19214,19214,32768,17,"pk_gemm(__half const*, __half const*, __half*, int, int, int)",128,8704,0,208,0,128,"SQ_WAIT_INST_LDS",187809.000000,2082068234923,2082075369917
361,361,"Agent 1",1,19214,19214,32768,17,"pk_gemm(__half const*, __half const*, __half*, int, int, int)",128,8704,0,208,0,128,"ALUStalledByLDS",7.94981126e-03,2082075405583,2082081621417
361,361,"Agent 1",1,19214,19214,32768,17,"pk_gemm(__half const*, __half const*, __half*, int, int, int)",128,8704,0,208,0,128,"LDSBankConflict",12.500000,2082075405583,2082081621417
361,361,"Agent 1",1,19214,19214,32768,17,"pk_gemm(__half const*, __half const*, __half*, int, int, int)",128,8704,0,208,0,128,"MeanOccupancyPerCU",7.214635,2082075405583,2082081621417
361,361,"Agent 1",1,19214,19214,32768,17,"pk_gemm(__half const*, __half const*, __half*, int, int, int)",128,8704,0,208,0,128,"SQ_INSTS_LDS",10485760.000000,2082075405583,2082081621417
361,361,"Agent 1",1,19214,19214,32768,17,"pk_gemm(__half const*, __half const*, __half*, int, int, int)",128,8704,0,208,0,128,"SQ_INST_LEVEL_LDS",1055233.000000,2082075405583,2082081621417
361,361,"Agent 1",1,19214,19214,32768,17,"pk_gemm(__half const*, __half const*, __half*, int, int, int)",128,8704,0,208,0,128,"SQ_WAIT_INST_LDS",189564.000000,2082075405583,2082081621417
362,362,"Agent 1",1,19214,19214,32768,17,"pk_gemm(__half const*, __half const*, __half*, int, int, int)",128,8704,0,208,0,128,"ALUStalledByLDS",8.50664342e-03,2082081655801,2082088013581
362,362,"Agent 1",1,19214,19214,32768,17,"pk_gemm(__half const*, __half const*, __half*, int, int, int)",128,8704,0,208,0,128,"LDSBankConflict",12.500000,2082081655801,2082088013581
362,362,"Agent 1",1,19214,19214,32768,17,"pk_gemm(__half const*, __half const*, __half*, int, int, int)",128,8704,0,208,0,128,"MeanOccupancyPerCU",7.146418,2082081655801,2082088013581
362,362,"Agent 1",1,19214,19214,32768,17,"pk_gemm(__half const*, __half const*, __half*, int, int, int)",128,8704,0,208,0,128,"SQ_INSTS_LDS",10485760.000000,2082081655801,2082088013581
362,362,"Agent 1",1,19214,19214,32768,17,"pk_gemm(__half const*, __half const*, __half*, int, int, int)",128,8704,0,208,0,128,"SQ_INST_LEVEL_LDS",1076410.000000,2082081655801,2082088013581
362,362,"Agent 1",1,19214,19214,32768,17,"pk_gemm(__half const*, __half const*, __half*, int, int, int)",128,8704,0,208,0,128,"SQ_WAIT_INST_LDS",207405.000000,2082081655801,2082088013581
363,363,"Agent 1",1,19214,19214,32768,17,"pk_gemm(__half const*, __half const*, __half*, int, int, int)",128,8704,0,208,0,128,"ALUStalledByLDS",7.01006440e-03,2082088050530,2082095010917
363,363,"Agent 1",1,19214,19214,32768,17,"pk_gemm(__half const*, __half const*, __half*, int, int, int)",128,8704,0,208,0,128,"LDSBankConflict",12.500000,2082088050530,2082095010917
363,363,"Agent 1",1,19214,19214,32768,17,"pk_gemm(__half const*, __half const*, __half*, int, int, int)",128,8704,0,208,0,128,"MeanOccupancyPerCU",7.312613,2082088050530,2082095010917
363,363,"Agent 1",1,19214,19214,32768,17,"pk_gemm(__half const*, __half const*, __half*, int, int, int)",128,8704,0,208,0,128,"SQ_INSTS_LDS",10485760.000000,2082088050530,2082095010917
363,363,"Agent 1",1,19214,19214,32768,17,"pk_gemm(__half const*, __half const*, __half*, int, int, int)",128,8704,0,208,0,128,"SQ_INST_LEVEL_LDS",1056759.000000,2082088050530,2082095010917
363,363,"Agent 1",1,19214,19214,32768,17,"pk_gemm(__half const*, __half const*, __half*, int, int, int)",128,8704,0,208,0,128,"SQ_WAIT_INST_LDS",187202.000000,2082088050530,2082095010917
364,364,"Agent 1",1,19214,19214,32768,17,"pk_gemm(__half const*, __half const*, __half*, int, int, int)",128,8704,0,208,0,128,"ALUStalledByLDS",8.55506007e-03,2082095044580,2082101344531
364,364,"Agent 1",1,19214,19214,32768,17,"pk_gemm(__half const*, __half const*, __half*, int, int, int)",128,8704,0,208,0,128,"LDSBankConflict",12.500000,2082095044580,2082101344531
364,364,"Agent 1",1,19214,19214,32768,17,"pk_gemm(__half const*, __half const*, __half*, int, int, int)",128,8704,0,208,0,128,"MeanOccupancyPerCU",7.351677,2082095044580,2082101344531
364,364,"Agent 1",1,19214,19214,32768,17,"pk_gemm(__half const*, __half const*, __half*, int, int, int)",128,8704,0,208,0,128,"SQ_INSTS_LDS",10485760.000000,2082095044580,2082101344531
364,364,"Agent 1",1,19214,19214,32768,17,"pk_gemm(__half const*, __half const*, __half*, int, int, int)",128,8704,0,208,0,128,"SQ_INST_LEVEL_LDS",1081350.000000,2082095044580,2082101344531
364,364,"Agent 1",1,19214,19214,32768,17,"pk_gemm(__half const*, __half const*, __half*, int, int, int)",128,8704,0,208,0,128,"SQ_WAIT_INST_LDS",206415.000000,2082095044580,2082101344531
365,365,"Agent 1",1,19214,19214,32768,17,"pk_gemm(__half const*, __half const*, __half*, int, int, int)",128,8704,0,208,0,128,"ALUStalledByLDS",7.03355247e-03,2082101381119,2082108459607
365,365,"Agent 1",1,19214,19214,32768,17,"pk_gemm(__half const*, __half const*, __half*, int, int, int)",128,8704,0,208,0,128,"LDSBankConflict",12.500000,2082101381119,2082108459607
365,365,"Agent 1",1,19214,19214,32768,17,"pk_gemm(__half const*, __half const*, __half*, int, int, int)",128,8704,0,208,0,128,"MeanOccupancyPerCU",7.178088,2082101381119,2082108459607
365,365,"Agent 1",1,19214,19214,32768,17,"pk_gemm(__half const*, __half const*, __half*, int, int, int)",128,8704,0,208,0,128,"SQ_INSTS_LDS",10485760.000000,2082101381119,2082108459607
365,365,"Agent 1",1,19214,19214,32768,17,"pk_gemm(__half const*, __half const*, __half*, int, int, int)",128,8704,0,208,0,128,"SQ_INST_LEVEL_LDS",1066962.000000,2082101381119,2082108459607
365,365,"Agent 1",1,19214,19214,32768,17,"pk_gemm(__half const*, __half const*, __half*, int, int, int)",128,8704,0,208,0,128,"SQ_WAIT_INST_LDS",190906.000000,2082101381119,2082108459607
366,366,"Agent 1",1,19214,19214,32768,17,"pk_gemm(__half const*, __half const*, __half*, int, int, int)",128,8704,0,208,0,128,"ALUStalledByLDS",8.71347208e-03,2082108492589,2082114308234
366,366,"Agent 1",1,19214,19214,32768,17,"pk_gemm(__half const*, __half const*, __half*, int, int, int)",128,8704,0,208,0,128,"LDSBankConflict",12.500000,2082108492589,2082114308234
366,366,"Agent 1",1,19214,19214,32768,17,"pk_gemm(__half const*, __half const*, __half*, int, int, int)",128,8704,0,208,0,128,"MeanOccupancyPerCU",6.977536,2082108492589,2082114308234
366,366,"Agent 1",1,19214,19214,32768,17,"pk_gemm(__half const*, __half const*, __half*, int, int, int)",128,8704,0,208,0,128,"SQ_INSTS_LDS",10485760.000000,2082108492589,2082114308234
366,366,"Agent 1",1,19214,19214,32768,17,"pk_gemm(__half const*, __half const*, __half*, int, int, int)",128,8704,0,208,0,128,"SQ_INST_LEVEL_LDS",1054609.000000,2082108492589,2082114308234
366,366,"Agent 1",1,19214,19214,32768,17,"pk_gemm(__half const*, __half const*, __half*, int, int, int)",128,8704,0,208,0,128,"SQ_WAIT_INST_LDS",194312.000000,2082108492589,2082114308234
367,367,"Agent 1",1,19214,19214,32768,17,"pk_gemm(__half const*, __half const*, __half*, int, int, int)",128,8704,0,208,0,128,"ALUStalledByLDS",8.14897201e-03,2082114342698,2082120354831
367,367,"Agent 1",1,19214,19214,32768,17,"pk_gemm(__half const*, __half const*, __half*, int, int, int)",128,8704,0,208,0,128,"LDSBankConflict",12.500000,2082114342698,2082120354831
367,367,"Agent 1",1,19214,19214,32768,17,"pk_gemm(__half const*, __half const*, __half*, int, int, int)",128,8704,0,208,0,128,"MeanOccupancyPerCU",7.065858,2082114342698,2082120354831
367,367,"Agent 1",1,19214,19214,32768,17,"pk_gemm(__half const*, __half const*, __half*, int, int, int)",128,8704,0,208,0,128,"SQ_INSTS_LDS",10485760.000000,2082114342698,2082120354831
367,367,"Agent 1",1,19214,19214,32768,17,"pk_gemm(__half const*, __half const*, __half*, int, int, int)",128,8704,0,208,0,128,"SQ_INST_LEVEL_LDS",1048612.000000,2082114342698,2082120354831
367,367,"Agent 1",1,19214,19214,32768,17,"pk_gemm(__half const*, __half const*, __half*, int, int, int)",128,8704,0,208,0,128,"SQ_WAIT_INST_LDS",188045.000000,2082114342698,2082120354831
368,368,"Agent 1",1,19214,19214,32768,17,"pk_gemm(__half const*, __half const*, __half*, int, int, int)",128,8704,0,208,0,128,"ALUStalledByLDS",8.08027777e-03,2082120388989,2082126433743
368,368,"Agent 1",1,19214,19214,32768,17,"pk_gemm(__half const*, __half const*, __half*, int, int, int)",128,8704,0,208,0,128,"LDSBankConflict",12.500000,2082120388989,2082126433743
368,368,"Agent 1",1,19214,19214,32768,17,"pk_gemm(__half const*, __half const*, __half*, int, int, int)",128,8704,0,208,0,128,"MeanOccupancyPerCU",6.978577,2082120388989,2082126433743
368,368,"Agent 1",1,19214,19214,32768,17,"pk_gemm(__half const*, __half const*, __half*, int, int, int)",128,8704,0,208,0,128,"SQ_INSTS_LDS",10485760.000000,2082120388989,2082126433743
368,368,"Agent 1",1,19214,19214,32768,17,"pk_gemm(__half const*, __half const*, __half*, int, int, int)",128,8704,0,208,0,128,"SQ_INST_LEVEL_LDS",1049681.000000,2082120388989,2082126433743
368,368,"Agent 1",1,19214,19214,32768,17,"pk_gemm(__half const*, __half const*, __half*, int, int, int)",128,8704,0,208,0,128,"SQ_WAIT_INST_LDS",187408.000000,2082120388989,2082126433743
369,369,"Agent 1",1,19214,19214,32768,17,"pk_gemm(__half const*, __half const*, __half*, int, int, int)",128,8704,0,208,0,128,"ALUStalledByLDS",6.26988105e-03,2082126470330,2082133885449
369,369,"Agent 1",1,19214,19214,32768,17,"pk_gemm(__half const*, __half const*, __half*, int, int, int)",128,8704,0,208,0,128,"LDSBankConflict",12.500000,2082126470330,2082133885449
369,369,"Agent 1",1,19214,19214,32768,17,"pk_gemm(__half const*, __half const*, __half*, int, int, int)",128,8704,0,208,0,128,"MeanOccupancyPerCU",7.402025,2082126470330,2082133885449
369,369,"Agent 1",1,19214,19214,32768,17,"pk_gemm(__half const*, __half const*, __half*, int, int, int)",128,8704,0,208,0,128,"SQ_INSTS_LDS",10485760.000000,2082126470330,2082133885449
369,369,"Agent 1",1,19214,19214,32768,17,"pk_gemm(__half const*, __half const*, __half*, int, int, int)",128,8704,0,208,0,128,"SQ_INST_LEVEL_LDS",1061369.000000,2082126470330,2082133885449
369,369,"Agent 1",1,19214,19214,32768,17,"pk_gemm(__half const*, __half const*, __half*, int, int, int)",128,8704,0,208,0,128,"SQ_WAIT_INST_LDS",178358.000000,2082126470330,2082133885449
370,370,"Agent 1",1,19214,19214,32768,17,"pk_gemm(__half const*, __half const*, __half*, int, int, int)",128,8704,0,208,0,128,"ALUStalledByLDS",7.61072145e-03,2082133918551,2082140367140
370,370,"Agent 1",1,19214,19214,32768,17,"pk_gemm(__half const*, __half const*, __half*, int, int, int)",128,8704,0,208,0,128,"LDSBankConflict",12.500000,2082133918551,2082140367140
370,370,"Agent 1",1,19214,19214,32768,17,"pk_gemm(__half const*, __half const*, __half*, int, int, int)",128,8704,0,208,0,128,"MeanOccupancyPerCU",7.195671,2082133918551,2082140367140
370,370,"Agent 1",1,19214,19214,32768,17,"pk_gemm(__half const*, __half const*, __half*, int, int, int)",128,8704,0,208,0,128,"SQ_INSTS_LDS",10485760.000000,2082133918551,2082140367140
370,370,"Agent 1",1,19214,19214,32768,17,"pk_gemm(__half const*, __half const*, __half*, int, int, int)",128,8704,0,208,0,128,"SQ_INST_LEVEL_LDS",1057794.000000,2082133918551,2082140367140
370,370,"Agent 1",1,19214,19214,32768,17,"pk_gemm(__half const*, __half const*, __half*, int, int, int)",128,8704,0,208,0,128,"SQ_WAIT_INST_LDS",188385.000000,2082133918551,2082140367140
371,371,"Agent 1",1,19214,19214,32768,17,"pk_gemm(__half const*, __half const*, __half*, int, int, int)",128,8704,0,208,0,128,"ALUStalledByLDS",7.63072241e-03,2082140402687,2082146981360
371,371,"Agent 1",1,19214,19214,32768,17,"pk_gemm(__half const*, __half const*, __half*, int, int, int)",128,8704,0,208,0,128,"LDSBankConflict",12.500000,2082140402687,2082146981360
371,371,"Agent 1",1,19214,19214,32768,17,"pk_gemm(__half const*, __half const*, __half*, int, int, int)",128,8704,0,208,0,128,"MeanOccupancyPerCU",7.336472,2082140402687,2082146981360
371,371,"Agent 1",1,19214,19214,32768,17,"pk_gemm(__half const*, __half const*, __half*, int, int, int)",128,8704,0,208,0,128,"SQ_INSTS_LDS",10485760.000000,2082140402687,2082146981360
371,371,"Agent 1",1,19214,19214,32768,17,"pk_gemm(__half const*, __half const*, __half*, int, int, int)",128,8704,0,208,0,128,"SQ_INST_LEVEL_LDS",1059699.000000,2082140402687,2082146981360
371,371,"Agent 1",1,19214,19214,32768,17,"pk_gemm(__half const*, __half const*, __half*, int, int, int)",128,8704,0,208,0,128,"SQ_WAIT_INST_LDS",192532.000000,2082140402687,2082146981360
372,372,"Agent 1",1,19214,19214,32768,17,"pk_gemm(__half const*, __half const*, __half*, int, int, int)",128,8704,0,208,0,128,"ALUStalledByLDS",7.41861476e-03,2082147013700,2082153753154
372,372,"Agent 1",1,19214,19214,32768,17,"pk_gemm(__half const*, __half const*, __half*, int, int, int)",128,8704,0,208,0,128,"LDSBankConflict",12.500000,2082147013700,2082153753154
372,372,"Agent 1",1,19214,19214,32768,17,"pk_gemm(__half const*, __half const*, __half*, int, int, int)",128,8704,0,208,0,128,"MeanOccupancyPerCU",7.072749,2082147013700,2082153753154
372,372,"Agent 1",1,19214,19214,32768,17,"pk_gemm(__half const*, __half const*, __half*, int, int, int)",128,8704,0,208,0,128,"SQ_INSTS_LDS",10485760.000000,2082147013700,2082153753154
372,372,"Agent 1",1,19214,19214,32768,17,"pk_gemm(__half const*, __half const*, __half*, int, int, int)",128,8704,0,208,0,128,"SQ_INST_LEVEL_LDS",1072583.000000,2082147013700,2082153753154
372,372,"Agent 1",1,19214,19214,32768,17,"pk_gemm(__half const*, __half const*, __half*, int, int, int)",128,8704,0,208,0,128,"SQ_WAIT_INST_LDS",191673.000000,2082147013700,2082153753154
373,373,"Agent 1",1,19214,19214,32768,17,"pk_gemm(__half const*, __half const*, __half*, int, int, int)",128,8704,0,208,0,128,"ALUStalledByLDS",7.42178139e-03,2082153786657,2082160038478
373,373,"Agent 1",1,19214,19214,32768,17,"pk_gemm(__half const*, __half const*, __half*, int, int, int)",128,8704,0,208,0,128,"LDSBankConflict",12.500000,2082153786657,2082160038478
373,373,"Agent 1",1,19214,19214,32768,17,"pk_gemm(__half const*, __half const*, __half*, int, int, int)",128,8704,0,208,0,128,"MeanOccupancyPerCU",7.188259,2082153786657,2082160038478
373,373,"Agent 1",1,19214,19214,32768,17,"pk_gemm(__half const*, __half const*, __half*, int, int, int)",128,8704,0,208,0,128,"SQ_INSTS_LDS",10485760.000000,2082153786657,2082160038478
373,373,"Agent 1",1,19214,19214,32768,17,"pk_gemm(__half const*, __half const*, __half*, int, int, int)",128,8704,0,208,0,128,"SQ_INST_LEVEL_LDS",1044026.000000,2082153786657,2082160038478
373,373,"Agent 1",1,19214,19214,32768,17,"pk_gemm(__half const*, __half const*, __half*, int, int, int)",128,8704,0,208,0,128,"SQ_WAIT_INST_LDS",178142.000000,2082153786657,2082160038478
374,374,"Agent 1",1,19214,19214,32768,17,"pk_gemm(__half const*, __half const*, __half*, int, int, int)",128,8704,0,208,0,128,"ALUStalledByLDS",7.57494359e-03,2082160071740,2082166740462
374,374,"Agent 1",1,19214,19214,32768,17,"pk_gemm(__half const*, __half const*, __half*, int, int, int)",128,8704,0,208,0,128,"LDSBankConflict",12.500000,2082160071740,2082166740462
374,374,"Agent 1",1,19214,19214,32768,17,"pk_gemm(__half const*, __half const*, __half*, int, int, int)",128,8704,0,208,0,128,"MeanOccupancyPerCU",7.461350,2082160071740,2082166740462
374,374,"Agent 1",1,19214,19214,32768,17,"pk_gemm(__half const*, __half const*, __half*, int, int, int)",128,8704,0,208,0,128,"SQ_INSTS_LDS",10485760.000000,2082160071740,2082166740462
374,374,"Agent 1",1,19214,19214,32768,17,"pk_gemm(__half const*, __half const*, __half*, int, int, int)",128,8704,0,208,0,128,"SQ_INST_LEVEL_LDS",1063151.000000,2082160071740,2082166740462
374,374,"Agent 1",1,19214,19214,32768,17,"pk_gemm(__half const*, __half const*, __half*, int, int, int)",128,8704,0,208,0,128,"SQ_WAIT_INST_LDS",193678.000000,2082160071740,2082166740462
375,375,"Agent 1",1,19214,19214,32768,17,"pk_gemm(__half const*, __half const*, __half*, int, int, int)",128,8704,0,208,0,128,"ALUStalledByLDS",8.31362722e-03,2082166773123,2082172620948
375,375,"Agent 1",1,19214,19214,32768,17,"pk_gemm(__half const*, __half const*, __half*, int, int, int)",128,8704,0,208,0,128,"LDSBankConflict",12.500000,2082166773123,2082172620948
375,375,"Agent 1",1,19214,19214,32768,17,"pk_gemm(__half const*, __half const*, __half*, int, int, int)",128,8704,0,208,0,128,"MeanOccupancyPerCU",7.038323,2082166773123,2082172620948
375,375,"Agent 1",1,19214,19214,32768,17,"pk_gemm(__half const*, __half const*, __half*, int, int, int)",128,8704,0,208,0,128,"SQ_INSTS_LDS",10485760.000000,2082166773123,2082172620948
375,375,"Agent 1",1,19214,19214,32768,17,"pk_gemm(__half const*, __half const*, __half*, int, int, int)",128,8704,0,208,0,128,"SQ_INST_LEVEL_LDS",1045054.000000,2082166773123,2082172620948
375,375,"Agent 1",1,19214,19214,32768,17,"pk_gemm(__half const*, __half const*, __half*, int, int, int)",128,8704,0,208,0,128,"SQ_WAIT_INST_LDS",186604.000000,2082166773123,2082172620948
376,376,"Agent 1",1,19214,19214,32768,17,"pk_gemm(__half const*, __half const*, __half*, int, int, int)",128,8704,0,208,0,128,"ALUStalledByLDS",8.70816531e-03,2082172654451,2082178987905
376,376,"Agent 1",1,19214,19214,32768,17,"pk_gemm(__half const*, __half const*, __half*, int, int, int)",128,8704,0,208,0,128,"LDSBankConflict",12.500000,2082172654451,2082178987905
376,376,"Agent 1",1,19214,19214,32768,17,"pk_gemm(__half const*, __half const*, __half*, int, int, int)",128,8704,0,208,0,128,"MeanOccupancyPerCU",7.173642,2082172654451,2082178987905
376,376,"Agent 1",1,19214,19214,32768,17,"pk_gemm(__half const*, __half const*, __half*, int, int, int)",128,8704,0,208,0,128,"SQ_INSTS_LDS",10485760.000000,2082172654451,2082178987905
376,376,"Agent 1",1,19214,19214,32768,17,"pk_gemm(__half const*, __half const*, __half*, int, int, int)",128,8704,0,208,0,128,"SQ_INST_LEVEL_LDS",1088311.000000,2082172654451,2082178987905
376,376,"Agent 1",1,19214,19214,32768,17,"pk_gemm(__half const*, __half const*, __half*, int, int, int)",128,8704,0,208,0,128,"SQ_WAIT_INST_LDS",211158.000000,2082172654451,2082178987905
377,377,"Agent 1",1,19214,19214,32768,17,"pk_gemm(__half const*, __half const*, __half*, int, int, int)",128,8704,0,208,0,128,"ALUStalledByLDS",7.00583993e-03,2082179021728,2082185869665
377,377,"Agent 1",1,19214,19214,32768,17,"pk_gemm(__half const*, __half const*, __half*, int, int, int)",128,8704,0,208,0,128,"LDSBankConflict",12.500000,2082179021728,2082185869665
377,377,"Agent 1",1,19214,19214,32768,17,"pk_gemm(__half const*, __half const*, __half*, int, int, int)",128,8704,0,208,0,128,"MeanOccupancyPerCU",7.294260,2082179021728,2082185869665
377,377,"Agent 1",1,19214,19214,32768,17,"pk_gemm(__half const*, __half const*, __half*, int, int, int)",128,8704,0,208,0,128,"SQ_INSTS_LDS",10485760.000000,2082179021728,2082185869665
377,377,"Agent 1",1,19214,19214,32768,17,"pk_gemm(__half const*, __half const*, __half*, int, int, int)",128,8704,0,208,0,128,"SQ_INST_LEVEL_LDS",1057627.000000,2082179021728,2082185869665
377,377,"Agent 1",1,19214,19214,32768,17,"pk_gemm(__half const*, __half const*, __half*, int, int, int)",128,8704,0,208,0,128,"SQ_WAIT_INST_LDS",183992.000000,2082179021728,2082185869665
378,378,"Agent 1",1,19214,19214,32768,17,"pk_gemm(__half const*, __half const*, __half*, int, int, int)",128,8704,0,208,0,128,"ALUStalledByLDS",7.99977228e-03,2082185901923,2082192407779
378,378,"Agent 1",1,19214,19214,32768,17,"pk_gemm(__half const*, __half const*, __half*, int, int, int)",128,8704,0,208,0,128,"LDSBankConflict",12.500000,2082185901923,2082192407779
378,378,"Agent 1",1,19214,19214,32768,17,"pk_gemm(__half const*, __half const*, __half*, int, int, int)",128,8704,0,208,0,128,"MeanOccupancyPerCU",7.285834,2082185901923,2082192407779
378,378,"Agent 1",1,19214,19214,32768,17,"pk_gemm(__half const*, __half const*, __half*, int, int, int)",128,8704,0,208,0,128,"SQ_INSTS_LDS",10485760.000000,2082185901923,2082192407779
378,378,"Agent 1",1,19214,19214,32768,17,"pk_gemm(__half const*, __half const*, __half*, int, int, int)",128,8704,0,208,0,128,"SQ_INST_LEVEL_LDS",1082722.000000,2082185901923,2082192407779
378,378,"Agent 1",1,19214,19214,32768,17,"pk_gemm(__half const*, __half const*, __half*, int, int, int)",128,8704,0,208,0,128,"SQ_WAIT_INST_LDS",199255.000000,2082185901923,2082192407779
379,379,"Agent 1",1,19214,19214,32768,17,"pk_gemm(__half const*, __half const*, __half*, int, int, int)",128,8704,0,208,0,128,"ALUStalledByLDS",7.86319017e-03,2082192443164,2082198726284
379,379,"Agent 1",1,19214,19214,32768,17,"pk_gemm(__half const*, __half const*, __half*, int, int, int)",128,8704,0,208,0,128,"LDSBankConflict",12.500000,2082192443164,2082198726284
379,379,"Agent 1",1,19214,19214,32768,17,"pk_gemm(__half const*, __half const*, __half*, int, int, int)",128,8704,0,208,0,128,"MeanOccupancyPerCU",7.337413,2082192443164,2082198726284
379,379,"Agent 1",1,19214,19214,32768,17,"pk_gemm(__half const*, __half const*, __half*, int, int, int)",128,8704,0,208,0,128,"SQ_INSTS_LDS",10485760.000000,2082192443164,2082198726284
379,379,"Agent 1",1,19214,19214,32768,17,"pk_gemm(__half const*, __half const*, __half*, int, int, int)",128,8704,0,208,0,128,"SQ_INST_LEVEL_LDS",1057876.000000,2082192443164,2082198726284
379,379,"Agent 1",1,19214,19214,32768,17,"pk_gemm(__half const*, __half const*, __half*, int, int, int)",128,8704,0,208,0,128,"SQ_WAIT_INST_LDS",189414.000000,2082192443164,2082198726284
380,380,"Agent 1",1,19214,19214,32768,17,"pk_gemm(__half const*, __half const*, __half*, int, int, int)",128,8704,0,208,0,128,"ALUStalledByLDS",8.36665914e-03,2082198758985,2082205178520
380,380,"Agent 1",1,19214,19214,32768,17,"pk_gemm(__half const*, __half const*, __half*, int, int, int)",128,8704,0,208,0,128,"LDSBankConflict",12.500000,2082198758985,2082205178520
380,380,"Agent 1",1,19214,19214,32768,17,"pk_gemm(__half const*, __half const*, __half*, int, int, int)",128,8704,0,208,0,128,"MeanOccupancyPerCU",7.135966,2082198758985,2082205178520
380,380,"Agent 1",1,19214,19214,32768,17,"pk_gemm(__half const*, __half const*, __half*, int, int, int)",128,8704,0,208,0,128,"SQ_INSTS_LDS",10485760.000000,2082198758985,2082205178520
380,380,"Agent 1",1,19214,19214,32768,17,"pk_gemm(__half const*, __half const*, __half*, int, int, int)",128,8704,0,208,0,128,"SQ_INST_LEVEL_LDS",1084031.000000,2082198758985,2082205178520
380,380,"Agent 1",1,19214,19214,32768,17,"pk_gemm(__half const*, __half const*, __half*, int, int, int)",128,8704,0,208,0,128,"SQ_WAIT_INST_LDS",205636.000000,2082198758985,2082205178520
381,381,"Agent 1",1,19214,19214,32768,17,"pk_gemm(__half const*, __half const*, __half*, int, int, int)",128,8704,0,208,0,128,"ALUStalledByLDS",8.09228744e-03,2082205211101,2082211196744
381,381,"Agent 1",1,19214,19214,32768,17,"pk_gemm(__half const*, __half const*, __half*, int, int, int)",128,8704,0,208,0,128,"LDSBankConflict",12.500000,2082205211101,2082211196744
381,381,"Agent 1",1,19214,19214,32768,17,"pk_gemm(__half const*, __half const*, __half*, int, int, int)",128,8704,0,208,0,128,"MeanOccupancyPerCU",7.039303,2082205211101,2082211196744
381,381,"Agent 1",1,19214,19214,32768,17,"pk_gemm(__half const*, __half const*, __half*, int, int, int)",128,8704,0,208,0,128,"SQ_INSTS_LDS",10485760.000000,2082205211101,2082211196744
381,381,"Agent 1",1,19214,19214,32768,17,"pk_gemm(__half const*, __half const*, __half*, int, int, int)",128,8704,0,208,0,128,"SQ_INST_LEVEL_LDS",1049487.000000,2082205211101,2082211196744
381,381,"Agent 1",1,19214,19214,32768,17,"pk_gemm(__half const*, __half const*, __half*, int, int, int)",128,8704,0,208,0,128,"SQ_WAIT_INST_LDS",185840.000000,2082205211101,2082211196744
382,382,"Agent 1",1,19214,19214,32768,17,"pk_gemm(__half const*, __half const*, __half*, int, int, int)",128,8704,0,208,0,128,"ALUStalledByLDS",8.58513817e-03,2082211231409,2082217580492
382,382,"Agent 1",1,19214,19214,32768,17,"pk_gemm(__half const*, __half const*, __half*, int, int, int)",128,8704,0,208,0,128,"LDSBankConflict",12.500000,2082211231409,2082217580492
382,382,"Agent 1",1,19214,19214,32768,17,"pk_gemm(__half const*, __half const*, __half*, int, int, int)",128,8704,0,208,0,128,"MeanOccupancyPerCU",6.999116,2082211231409,2082217580492
382,382,"Agent 1",1,19214,19214,32768,17,"pk_gemm(__half const*, __half const*, __half*, int, int, int)",128,8704,0,208,0,128,"SQ_INSTS_LDS",10485760.000000,2082211231409,2082217580492
382,382,"Agent 1",1,19214,19214,32768,17,"pk_gemm(__half const*, __half const*, __half*, int, int, int)",128,8704,0,208,0,128,"SQ_INST_LEVEL_LDS",1084272.000000,2082211231409,2082217580492
382,382,"Agent 1",1,19214,19214,32768,17,"pk_gemm(__half const*, __half const*, __half*, int, int, int)",128,8704,0,208,0,128,"SQ_WAIT_INST_LDS",208781.000000,2082211231409,2082217580492
383,383,"Agent 1",1,19214,19214,32768,17,"pk_gemm(__half const*, __half const*, __half*, int, int, int)",128,8704,0,208,0,128,"ALUStalledByLDS",7.88295007e-03,2082217613634,2082224271735
383,383,"Agent 1",1,19214,19214,32768,17,"pk_gemm(__half const*, __half const*, __half*, int, int, int)",128,8704,0,208,0,128,"LDSBankConflict",12.500000,2082217613634,2082224271735
383,383,"Agent 1",1,19214,19214,32768,17,"pk_gemm(__half const*, __half const*, __half*, int, int, int)",128,8704,0,208,0,128,"MeanOccupancyPerCU",7.272851,2082217613634,2082224271735
383,383,"Agent 1",1,19214,19214,32768,17,"pk_gemm(__half const*, __half const*, __half*, int, int, int)",128,8704,0,208,0,128,"SQ_INSTS_LDS",10485760.000000,2082217613634,2082224271735
383,383,"Agent 1",1,19214,19214,32768,17,"pk_gemm(__half const*, __half const*, __half*, int, int, int)",128,8704,0,208,0,128,"SQ_INST_LEVEL_LDS",1076137.000000,2082217613634,2082224271735
383,383,"Agent 1",1,19214,19214,32768,17,"pk_gemm(__half const*, __half const*, __half*, int, int, int)",128,8704,0,208,0,128,"SQ_WAIT_INST_LDS",201170.000000,2082217613634,2082224271735
384,384,"Agent 1",1,19214,19214,32768,17,"pk_gemm(__half const*, __half const*, __half*, int, int, int)",128,8704,0,208,0,128,"ALUStalledByLDS",8.53048694e-03,2082224302312,2082230387221
384,384,"Agent 1",1,19214,19214,32768,17,"pk_gemm(__half const*, __half const*, __half*, int, int, int)",128,8704,0,208,0,128,"LDSBankConflict",12.500000,2082224302312,2082230387221
384,384,"Agent 1",1,19214,19214,32768,17,"pk_gemm(__half const*, __half const*, __half*, int, int, int)",128,8704,0,208,0,128,"MeanOccupancyPerCU",7.384327,2082224302312,2082230387221
384,384,"Agent 1",1,19214,19214,32768,17,"pk_gemm(__half const*, __half const*, __half*, int, int, int)",128,8704,0,208,0,128,"SQ_INSTS_LDS",10485760.000000,2082224302312,2082230387221
384,384,"Agent 1",1,19214,19214,32768,17,"pk_gemm(__half const*, __half const*, __half*, int, int, int)",128,8704,0,208,0,128,"SQ_INST_LEVEL_LDS",1063020.000000,2082224302312,2082230387221
384,384,"Agent 1",1,19214,19214,32768,17,"pk_gemm(__half const*, __half const*, __half*, int, int, int)",128,8704,0,208,0,128,"SQ_WAIT_INST_LDS",198888.000000,2082224302312,2082230387221
385,385,"Agent 1",1,19214,19214,32768,17,"pk_gemm(__half const*, __half const*, __half*, int, int, int)",128,8704,0,208,0,128,"ALUStalledByLDS",8.62980864e-03,2082230417718,2082236418469
385,385,"Agent 1",1,19214,19214,32768,17,"pk_gemm(__half const*, __half const*, __half*, int, int, int)",128,8704,0,208,0,128,"LDSBankConflict",12.500000,2082230417718,2082236418469
385,385,"Agent 1",1,19214,19214,32768,17,"pk_gemm(__half const*, __half const*, __half*, int, int, int)",128,8704,0,208,0,128,"MeanOccupancyPerCU",7.366413,2082230417718,2082236418469
385,385,"Agent 1",1,19214,19214,32768,17,"pk_gemm(__half const*, __half const*, __half*, int, int, int)",128,8704,0,208,0,128,"SQ_INSTS_LDS",10485760.000000,2082230417718,2082236418469
385,385,"Agent 1",1,19214,19214,32768,17,"pk_gemm(__half const*, __half const*, __half*, int, int, int)",128,8704,0,208,0,128,"SQ_INST_LEVEL_LDS",1070209.000000,2082230417718,2082236418469
385,385,"Agent 1",1,19214,19214,32768,17,"pk_gemm(__half const*, __half const*, __half*, int, int, int)",128,8704,0,208,0,128,"SQ_WAIT_INST_LDS",198372.000000,2082230417718,2082236418469
386,386,"Agent 1",1,19214,19214,131072,17,"pk_gemm(__half const*, __half const*, __half*, int, int, int)",128,8704,0,208,0,128,"ALUStalledByLDS",2.74790355e-03,2082679801780,2082717880892
386,386,"Agent 1",1,19214,19214,131072,17,"pk_gemm(__half const*, __half const*, __half*, int, int, int)",128,8704,0,208,0,128,"LDSBankConflict",12.500000,2082679801780,2082717880892
386,386,"Agent 1",1,19214,19214,131072,17,"pk_gemm(__half const*, __half const*, __half*, int, int, int)",128,8704,0,208,0,128,"MeanOccupancyPerCU",7.684642,2082679801780,2082717880892
386,386,"Agent 1",1,19214,19214,131072,17,"pk_gemm(__half const*, __half const*, __half*, int, int, int)",128,8704,0,208,0,128,"SQ_INSTS_LDS",83886080.000000,2082679801780,2082717880892
386,386,"Agent 1",1,19214,19214,131072,17,"pk_gemm(__half const*, __half const*, __half*, int, int, int)",128,8704,0,208,0,128,"SQ_INST_LEVEL_LDS",8425620.000000,2082679801780,2082717880892
386,386,"Agent 1",1,19214,19214,131072,17,"pk_gemm(__half const*, __half const*, __half*, int, int, int)",128,8704,0,208,0,128,"SQ_WAIT_INST_LDS",1604227.000000,2082679801780,2082717880892
387,387,"Agent 1",1,19214,19214,131072,17,"pk_gemm(__half const*, __half const*, __half*, int, int, int)",128,8704,0,208,0,128,"ALUStalledByLDS",1.82259191e-03,2082717922369,2082773183762
387,387,"Agent 1",1,19214,19214,131072,17,"pk_gemm(__half const*, __half const*, __half*, int, int, int)",128,8704,0,208,0,128,"LDSBankConflict",12.500000,2082717922369,2082773183762
387,387,"Agent 1",1,19214,19214,131072,17,"pk_gemm(__half const*, __half const*, __half*, int, int, int)",128,8704,0,208,0,128,"MeanOccupancyPerCU",7.509030,2082717922369,2082773183762
387,387,"Agent 1",1,19214,19214,131072,17,"pk_gemm(__half const*, __half const*, __half*, int, int, int)",128,8704,0,208,0,128,"SQ_INSTS_LDS",83886080.000000,2082717922369,2082773183762
387,387,"Agent 1",1,19214,19214,131072,17,"pk_gemm(__half const*, __half const*, __half*, int, int, int)",128,8704,0,208,0,128,"SQ_INST_LEVEL_LDS",8541688.000000,2082717922369,2082773183762
387,387,"Agent 1",1,19214,19214,131072,17,"pk_gemm(__half const*, __half const*, __half*, int, int, int)",128,8704,0,208,0,128,"SQ_WAIT_INST_LDS",1545141.000000,2082717922369,2082773183762
388,388,"Agent 1",1,19214,19214,131072,17,"pk_gemm(__half const*, __half const*, __half*, int, int, int)",128,8704,0,208,0,128,"ALUStalledByLDS",2.25566914e-03,2082773217755,2082819239053
388,388,"Agent 1",1,19214,19214,131072,17,"pk_gemm(__half const*, __half const*, __half*, int, int, int)",128,8704,0,208,0,128,"LDSBankConflict",12.500000,2082773217755,2082819239053
388,388,"Agent 1",1,19214,19214,131072,17,"pk_gemm(__half const*, __half const*, __half*, int, int, int)",128,8704,0,208,0,128,"MeanOccupancyPerCU",7.786256,2082773217755,2082819239053
388,388,"Agent 1",1,19214,19214,131072,17,"pk_gemm(__half const*, __half const*, __half*, int, int, int)",128,8704,0,208,0,128,"SQ_INSTS_LDS",83886080.000000,2082773217755,2082819239053
388,388,"Agent 1",1,19214,19214,131072,17,"pk_gemm(__half const*, __half const*, __half*, int, int, int)",128,8704,0,208,0,128,"SQ_INST_LEVEL_LDS",8497861.000000,2082773217755,2082819239053
388,388,"Agent 1",1,19214,19214,131072,17,"pk_gemm(__half const*, __half const*, __half*, int, int, int)",128,8704,0,208,0,128,"SQ_WAIT_INST_LDS",1591533.000000,2082773217755,2082819239053
389,389,"Agent 1",1,19214,19214,131072,17,"pk_gemm(__half const*, __half const*, __half*, int, int, int)",128,8704,0,208,0,128,"ALUStalledByLDS",1.77861804e-03,2082819272995,2082874994007
389,389,"Agent 1",1,19214,19214,131072,17,"pk_gemm(__half const*, __half const*, __half*, int, int, int)",128,8704,0,208,0,128,"LDSBankConflict",12.500000,2082819272995,2082874994007
389,389,"Agent 1",1,19214,19214,131072,17,"pk_gemm(__half const*, __half const*, __half*, int, int, int)",128,8704,0,208,0,128,"MeanOccupancyPerCU",7.741300,2082819272995,2082874994007
389,389,"Agent 1",1,19214,19214,131072,17,"pk_gemm(__half const*, __half const*, __half*, int, int, int)",128,8704,0,208,0,128,"SQ_INSTS_LDS",83886080.000000,2082819272995,2082874994007
389,389,"Agent 1",1,19214,19214,131072,17,"pk_gemm(__half const*, __half const*, __half*, int, int, int)",128,8704,0,208,0,128,"SQ_INST_LEVEL_LDS",8532528.000000,2082819272995,2082874994007
389,389,"Agent 1",1,19214,19214,131072,17,"pk_gemm(__half const*, __half const*, __half*, int, int, int)",128,8704,0,208,0,128,"SQ_WAIT_INST_LDS",1520099.000000,2082819272995,2082874994007
390,390,"Agent 1",1,19214,19214,131072,17,"pk_gemm(__half const*, __half const*, __half*, int, int, int)",128,8704,0,208,0,128,"ALUStalledByLDS",2.33289953e-03,2082875027622,2082918842555
390,390,"Agent 1",1,19214,19214,131072,17,"pk_gemm(__half const*, __half const*, __half*, int, int, int)",128,8704,0,208,0,128,"LDSBankConflict",12.500000,2082875027622,2082918842555
390,390,"Agent 1",1,19214,19214,131072,17,"pk_gemm(__half const*, __half const*, __half*, int, int, int)",128,8704,0,208,0,128,"MeanOccupancyPerCU",7.618661,2082875027622,2082918842555
390,390,"Agent 1",1,19214,19214,131072,17,"pk_gemm(__half const*, __half const*, __half*, int, int, int)",128,8704,0,208,0,128,"SQ_INSTS_LDS",83886080.000000,2082875027622,2082918842555
390,390,"Agent 1",1,19214,19214,131072,17,"pk_gemm(__half const*, __half const*, __half*, int, int, int)",128,8704,0,208,0,128,"SQ_INST_LEVEL_LDS",8447939.000000,2082875027622,2082918842555
390,390,"Agent 1",1,19214,19214,131072,17,"pk_gemm(__half const*, __half const*, __half*, int, int, int)",128,8704,0,208,0,128,"SQ_WAIT_INST_LDS",1567348.000000,2082875027622,2082918842555
391,391,"Agent 1",1,19214,19214,131072,17,"pk_gemm(__half const*, __half const*, __half*, int, int, int)",128,8704,0,208,0,128,"ALUStalledByLDS",1.50448886e-03,2082918882393,2082984327439
391,391,"Agent 1",1,19214,19214,131072,17,"pk_gemm(__half const*, __half const*, __half*, int, int, int)",128,8704,0,208,0,128,"LDSBankConflict",12.500000,2082918882393,2082984327439
391,391,"Agent 1",1,19214,19214,131072,17,"pk_gemm(__half const*, __half const*, __half*, int, int, int)",128,8704,0,208,0,128,"MeanOccupancyPerCU",7.715715,2082918882393,2082984327439
391,391,"Agent 1",1,19214,19214,131072,17,"pk_gemm(__half const*, __half const*, __half*, int, int, int)",128,8704,0,208,0,128,"SQ_INSTS_LDS",83886080.000000,2082918882393,2082984327439
391,391,"Agent 1",1,19214,19214,131072,17,"pk_gemm(__half const*, __half const*, __half*, int, int, int)",128,8704,0,208,0,128,"SQ_INST_LEVEL_LDS",8617105.000000,2082918882393,2082984327439
391,391,"Agent 1",1,19214,19214,131072,17,"pk_gemm(__half const*, __half const*, __half*, int, int, int)",128,8704,0,208,0,128,"SQ_WAIT_INST_LDS",1509419.000000,2082918882393,2082984327439
392,392,"Agent 1",1,19214,19214,131072,17,"pk_gemm(__half const*, __half const*, __half*, int, int, int)",128,8704,0,208,0,128,"ALUStalledByLDS",2.17442138e-03,2082984367673,2083031496485
392,392,"Agent 1",1,19214,19214,131072,17,"pk_gemm(__half const*, __half const*, __half*, int, int, int)",128,8704,0,208,0,128,"LDSBankConflict",12.500000,2082984367673,2083031496485
392,392,"Agent 1",1,19214,19214,131072,17,"pk_gemm(__half const*, __half const*, __half*, int, int, int)",128,8704,0,208,0,128,"MeanOccupancyPerCU",7.593077,2082984367673,2083031496485
392,392,"Agent 1",1,19214,19214,131072,17,"pk_gemm(__half const*, __half const*, __half*, int, int, int)",128,8704,0,208,0,128,"SQ_INSTS_LDS",83886080.000000,2082984367673,2083031496485
392,392,"Agent 1",1,19214,19214,131072,17,"pk_gemm(__half const*, __half const*, __half*, int, int, int)",128,8704,0,208,0,128,"SQ_INST_LEVEL_LDS",8464265.000000,2082984367673,2083031496485
392,392,"Agent 1",1,19214,19214,131072,17,"pk_gemm(__half const*, __half const*, __half*, int, int, int)",128,8704,0,208,0,128,"SQ_WAIT_INST_LDS",1571658.000000,2082984367673,2083031496485
393,393,"Agent 1",1,19214,19214,131072,17,"pk_gemm(__half const*, __half const*, __half*, int, int, int)",128,8704,0,208,0,128,"ALUStalledByLDS",1.60230614e-03,2083031527937,2083092627504
393,393,"Agent 1",1,19214,19214,131072,17,"pk_gemm(__half const*, __half const*, __half*, int, int, int)",128,8704,0,208,0,128,"LDSBankConflict",12.500000,2083031527937,2083092627504
393,393,"Agent 1",1,19214,19214,131072,17,"pk_gemm(__half const*, __half const*, __half*, int, int, int)",128,8704,0,208,0,128,"MeanOccupancyPerCU",7.775383,2083031527937,2083092627504
393,393,"Agent 1",1,19214,19214,131072,17,"pk_gemm(__half const*, __half const*, __half*, int, int, int)",128,8704,0,208,0,128,"SQ_INSTS_LDS",83886080.000000,2083031527937,2083092627504
393,393,"Agent 1",1,19214,19214,131072,17,"pk_gemm(__half const*, __half const*, __half*, int, int, int)",128,8704,0,208,0,128,"SQ_INST_LEVEL_LDS",8588476.000000,2083031527937,2083092627504
393,393,"Agent 1",1,19214,19214,131072,17,"pk_gemm(__half const*, __half const*, __half*, int, int, int)",128,8704,0,208,0,128,"SQ_WAIT_INST_LDS",1500643.000000,2083031527937,2083092627504
394,394,"Agent 1",1,19214,19214,131072,17,"pk_gemm(__half const*, __half const*, __half*, int, int, int)",128,8704,0,208,0,128,"ALUStalledByLDS",1.52048054e-03,2083092690287,2083157039378
394,394,"Agent 1",1,19214,19214,131072,17,"pk_gemm(__half const*, __half const*, __half*, int, int, int)",128,8704,0,208,0,128,"LDSBankConflict",12.500000,2083092690287,2083157039378
394,394,"Agent 1",1,19214,19214,131072,17,"pk_gemm(__half const*, __half const*, __half*, int, int, int)",128,8704,0,208,0,128,"MeanOccupancyPerCU",7.652389,2083092690287,2083157039378
394,394,"Agent 1",1,19214,19214,131072,17,"pk_gemm(__half const*, __half const*, __half*, int, int, int)",128,8704,0,208,0,128,"SQ_INSTS_LDS",83886080.000000,2083092690287,2083157039378
394,394,"Agent 1",1,19214,19214,131072,17,"pk_gemm(__half const*, __half const*, __half*, int, int, int)",128,8704,0,208,0,128,"SQ_INST_LEVEL_LDS",8628298.000000,2083092690287,2083157039378
394,394,"Agent 1",1,19214,19214,131072,17,"pk_gemm(__half const*, __half const*, __half*, int, int, int)",128,8704,0,208,0,128,"SQ_WAIT_INST_LDS",1500728.000000,2083092690287,2083157039378
395,395,"Agent 1",1,19214,19214,131072,17,"pk_gemm(__half const*, __half const*, __half*, int, int, int)",128,8704,0,208,0,128,"ALUStalledByLDS",1.61580421e-03,2083157081496,2083216847527
395,395,"Agent 1",1,19214,19214,131072,17,"pk_gemm(__half const*, __half const*, __half*, int, int, int)",128,8704,0,208,0,128,"LDSBankConflict",12.500000,2083157081496,2083216847527
395,395,"Agent 1",1,19214,19214,131072,17,"pk_gemm(__half const*, __half const*, __half*, int, int, int)",128,8704,0,208,0,128,"MeanOccupancyPerCU",7.523843,2083157081496,2083216847527
395,395,"Agent 1",1,19214,19214,131072,17,"pk_gemm(__half const*, __half const*, __half*, int, int, int)",128,8704,0,208,0,128,"SQ_INSTS_LDS",83886080.000000,2083157081496,2083216847527
395,395,"Agent 1",1,19214,19214,131072,17,"pk_gemm(__half const*, __half const*, __half*, int, int, int)",128,8704,0,208,0,128,"SQ_INST_LEVEL_LDS",8553689.000000,2083157081496,2083216847527
395,395,"Agent 1",1,19214,19214,131072,17,"pk_gemm(__half const*, __half const*, __half*, int, int, int)",128,8704,0,208,0,128,"SQ_WAIT_INST_LDS",1481198.000000,2083157081496,2083216847527
396,396,"Agent 1",1,19214,19214,131072,17,"pk_gemm(__half const*, __half const*, __half*, int, int, int)",128,8704,0,208,0,128,"ALUStalledByLDS",2.42379469e-03,2083216885706,2083259906149
396,396,"Agent 1",1,19214,19214,131072,17,"pk_gemm(__half const*, __half const*, __half*, int, int, int)",128,8704,0,208,0,128,"LDSBankConflict",12.500000,2083216885706,2083259906149
396,396,"Agent 1",1,19214,19214,131072,17,"pk_gemm(__half const*, __half const*, __half*, int, int, int)",128,8704,0,208,0,128,"MeanOccupancyPerCU",7.668925,2083216885706,2083259906149
396,396,"Agent 1",1,19214,19214,131072,17,"pk_gemm(__half const*, __half const*, __half*, int, int, int)",128,8704,0,208,0,128,"SQ_INSTS_LDS",83886080.000000,2083216885706,2083259906149
396,396,"Agent 1",1,19214,19214,131072,17,"pk_gemm(__half const*, __half const*, __half*, int, int, int)",128,8704,0,208,0,128,"SQ_INST_LEVEL_LDS",8492911.000000,2083216885706,2083259906149
396,396,"Agent 1",1,19214,19214,131072,17,"pk_gemm(__half const*, __half const*, __half*, int, int, int)",128,8704,0,208,0,128,"SQ_WAIT_INST_LDS",1598868.000000,2083216885706,2083259906149
397,397,"Agent 1",1,19214,19214,131072,17,"pk_gemm(__half const*, __half const*, __half*, int, int, int)",128,8704,0,208,0,128,"ALUStalledByLDS",1.66569039e-03,2083259951873,2083319009453
397,397,"Agent 1",1,19214,19214,131072,17,"pk_gemm(__half const*, __half const*, __half*, int, int, int)",128,8704,0,208,0,128,"LDSBankConflict",12.500000,2083259951873,2083319009453
397,397,"Agent 1",1,19214,19214,131072,17,"pk_gemm(__half const*, __half const*, __half*, int, int, int)",128,8704,0,208,0,128,"MeanOccupancyPerCU",7.644752,2083259951873,2083319009453
397,397,"Agent 1",1,19214,19214,131072,17,"pk_gemm(__half const*, __half const*, __half*, int, int, int)",128,8704,0,208,0,128,"SQ_INSTS_LDS",83886080.000000,2083259951873,2083319009453
397,397,"Agent 1",1,19214,19214,131072,17,"pk_gemm(__half const*, __half const*, __half*, int, int, int)",128,8704,0,208,0,128,"SQ_INST_LEVEL_LDS",8553724.000000,2083259951873,2083319009453
397,397,"Agent 1",1,19214,19214,131072,17,"pk_gemm(__half const*, __half const*, __half*, int, int, int)",128,8704,0,208,0,128,"SQ_WAIT_INST_LDS",1507968.000000,2083259951873,2083319009453
398,398,"Agent 1",1,19214,19214,131072,17,"pk_gemm(__half const*, __half const*, __half*, int, int, int)",128,8704,0,208,0,128,"ALUStalledByLDS",1.51100465e-03,2083319051711,2083383365367
398,398,"Agent 1",1,19214,19214,131072,17,"pk_gemm(__half const*, __half const*, __half*, int, int, int)",128,8704,0,208,0,128,"LDSBankConflict",12.500000,2083319051711,2083383365367
398,398,"Agent 1",1,19214,19214,131072,17,"pk_gemm(__half const*, __half const*, __half*, int, int, int)",128,8704,0,208,0,128,"MeanOccupancyPerCU",7.711905,2083319051711,2083383365367
398,398,"Agent 1",1,19214,19214,131072,17,"pk_gemm(__half const*, __half const*, __half*, int, int, int)",128,8704,0,208,0,128,"SQ_INSTS_LDS",83886080.000000,2083319051711,2083383365367
398,398,"Agent 1",1,19214,19214,131072,17,"pk_gemm(__half const*, __half const*, __half*, int, int, int)",128,8704,0,208,0,128,"SQ_INST_LEVEL_LDS",8580616.000000,2083319051711,2083383365367
398,398,"Agent 1",1,19214,19214,131072,17,"pk_gemm(__half const*, __half const*, __half*, int, int, int)",128,8704,0,208,0,128,"SQ_WAIT_INST_LDS",1489565.000000,2083319051711,2083383365367
399,399,"Agent 1",1,19214,19214,131072,17,"pk_gemm(__half const*, __half const*, __half*, int, int, int)",128,8704,0,208,0,128,"ALUStalledByLDS",2.51899902e-03,2083383406603,2083424558988
399,399,"Agent 1",1,19214,19214,131072,17,"pk_gemm(__half const*, __half const*, __half*, int, int, int)",128,8704,0,208,0,128,"LDSBankConflict",12.500000,2083383406603,2083424558988
399,399,"Agent 1",1,19214,19214,131072,17,"pk_gemm(__half const*, __half const*, __half*, int, int, int)",128,8704,0,208,0,128,"MeanOccupancyPerCU",7.734630,2083383406603,2083424558988
399,399,"Agent 1",1,19214,19214,131072,17,"pk_gemm(__half const*, __half const*, __half*, int, int, int)",128,8704,0,208,0,128,"SQ_INSTS_LDS",83886080.000000,2083383406603,2083424558988
399,399,"Agent 1",1,19214,19214,131072,17,"pk_gemm(__half const*, __half const*, __half*, int, int, int)",128,8704,0,208,0,128,"SQ_INST_LEVEL_LDS",8431229.000000,2083383406603,2083424558988
399,399,"Agent 1",1,19214,19214,131072,17,"pk_gemm(__half const*, __half const*, __half*, int, int, int)",128,8704,0,208,0,128,"SQ_WAIT_INST_LDS",1589238.000000,2083383406603,2083424558988
400,400,"Agent 1",1,19214,19214,131072,17,"pk_gemm(__half const*, __half const*, __half*, int, int, int)",128,8704,0,208,0,128,"ALUStalledByLDS",1.40426054e-03,2083424598097,2083494212556
400,400,"Agent 1",1,19214,19214,131072,17,"pk_gemm(__half const*, __half const*, __half*, int, int, int)",128,8704,0,208,0,128,"LDSBankConflict",12.500000,2083424598097,2083494212556
400,400,"Agent 1",1,19214,19214,131072,17,"pk_gemm(__half const*, __half const*, __half*, int, int, int)",128,8704,0,208,0,128,"MeanOccupancyPerCU",7.668039,2083424598097,2083494212556
400,400,"Agent 1",1,19214,19214,131072,17,"pk_gemm(__half const*, __half const*, __half*, int, int, int)",128,8704,0,208,0,128,"SQ_INSTS_LDS",83886080.000000,2083424598097,2083494212556
400,400,"Agent 1",1,19214,19214,131072,17,"pk_gemm(__half const*, __half const*, __half*, int, int, int)",128,8704,0,208,0,128,"SQ_INST_LEVEL_LDS",8643793.000000,2083424598097,2083494212556
400,400,"Agent 1",1,19214,19214,131072,17,"pk_gemm(__half const*, __half const*, __half*, int, int, int)",128,8704,0,208,0,128,"SQ_WAIT_INST_LDS",1499254.000000,2083424598097,2083494212556
401,401,"Agent 1",1,19214,19214,131072,17,"pk_gemm(__half const*, __half const*, __half*, int, int, int)",128,8704,0,208,0,128,"ALUStalledByLDS",1.59510265e-03,2083494253271,2083555671709
401,401,"Agent 1",1,19214,19214,131072,17,"pk_gemm(__half const*, __half const*, __half*, int, int, int)",128,8704,0,208,0,128,"LDSBankConflict",12.500000,2083494253271,2083555671709
401,401,"Agent 1",1,19214,19214,131072,17,"pk_gemm(__half const*, __half const*, __half*, int, int, int)",128,8704,0,208,0,128,"MeanOccupancyPerCU",7.659152,2083494253271,2083555671709
401,401,"Agent 1",1,19214,19214,131072,17,"pk_gemm(__half const*, __half const*, __half*, int, int, int)",128,8704,0,208,0,128,"SQ_INSTS_LDS",83886080.000000,2083494253271,2083555671709
401,401,"Agent 1",1,19214,19214,131072,17,"pk_gemm(__half const*, __half const*, __half*, int, int, int)",128,8704,0,208,0,128,"SQ_INST_LEVEL_LDS",8579164.000000,2083494253271,2083555671709
401,401,"Agent 1",1,19214,19214,131072,17,"pk_gemm(__half const*, __half const*, __half*, int, int, int)",128,8704,0,208,0,128,"SQ_WAIT_INST_LDS",1502208.000000,2083494253271,2083555671709
402,402,"Agent 1",1,19214,19214,131072,17,"pk_gemm(__half const*, __half const*, __half*, int, int, int)",128,8704,0,208,0,128,"ALUStalledByLDS",1.91847510e-03,2083555712425,2083608375275
402,402,"Agent 1",1,19214,19214,131072,17,"pk_gemm(__half const*, __half const*, __half*, int, int, int)",128,8704,0,208,0,128,"LDSBankConflict",12.500000,2083555712425,2083608375275
402,402,"Agent 1",1,19214,19214,131072,17,"pk_gemm(__half const*, __half const*, __half*, int, int, int)",128,8704,0,208,0,128,"MeanOccupancyPerCU",7.779784,2083555712425,2083608375275
402,402,"Agent 1",1,19214,19214,131072,17,"pk_gemm(__half const*, __half const*, __half*, int, int, int)",128,8704,0,208,0,128,"SQ_INSTS_LDS",83886080.000000,2083555712425,2083608375275
402,402,"Agent 1",1,19214,19214,131072,17,"pk_gemm(__half const*, __half const*, __half*, int, int, int)",128,8704,0,208,0,128,"SQ_INST_LEVEL_LDS",8537985.000000,2083555712425,2083608375275
402,402,"Agent 1",1,19214,19214,131072,17,"pk_gemm(__half const*, __half const*, __half*, int, int, int)",128,8704,0,208,0,128,"SQ_WAIT_INST_LDS",1548757.000000,2083555712425,2083608375275
403,403,"Agent 1",1,19214,19214,131072,17,"pk_gemm(__half const*, __half const*, __half*, int, int, int)",128,8704,0,208,0,128,"ALUStalledByLDS",1.63104709e-03,2083608418595,2083669114200
403,403,"Agent 1",1,19214,19214,131072,17,"pk_gemm(__half const*, __half const*, __half*, int, int, int)",128,8704,0,208,0,128,"LDSBankConflict",12.500000,2083608418595,2083669114200
403,403,"Agent 1",1,19214,19214,131072,17,"pk_gemm(__half const*, __half const*, __half*, int, int, int)",128,8704,0,208,0,128,"MeanOccupancyPerCU",7.675992,2083608418595,2083669114200
403,403,"Agent 1",1,19214,19214,131072,17,"pk_gemm(__half const*, __half const*, __half*, int, int, int)",128,8704,0,208,0,128,"SQ_INSTS_LDS",83886080.000000,2083608418595,2083669114200
403,403,"Agent 1",1,19214,19214,131072,17,"pk_gemm(__half const*, __half const*, __half*, int, int, int)",128,8704,0,208,0,128,"SQ_INST_LEVEL_LDS",8566954.000000,2083608418595,2083669114200
403,403,"Agent 1",1,19214,19214,131072,17,"pk_gemm(__half const*, __half const*, __half*, int, int, int)",128,8704,0,208,0,128,"SQ_WAIT_INST_LDS",1518072.000000,2083608418595,2083669114200
404,404,"Agent 1",1,19214,19214,131072,17,"pk_gemm(__half const*, __half const*, __half*, int, int, int)",128,8704,0,208,0,128,"ALUStalledByLDS",1.69000003e-03,2083669155434,2083727009480
404,404,"Agent 1",1,19214,19214,131072,17,"pk_gemm(__half const*, __half const*, __half*, int, int, int)",128,8704,0,208,0,128,"LDSBankConflict",12.500000,2083669155434,2083727009480
404,404,"Agent 1",1,19214,19214,131072,17,"pk_gemm(__half const*, __half const*, __half*, int, int, int)",128,8704,0,208,0,128,"MeanOccupancyPerCU",7.656640,2083669155434,2083727009480
404,404,"Agent 1",1,19214,19214,131072,17,"pk_gemm(__half const*, __half const*, __half*, int, int, int)",128,8704,0,208,0,128,"SQ_INSTS_LDS",83886080.000000,2083669155434,2083727009480
404,404,"Agent 1",1,19214,19214,131072,17,"pk_gemm(__half const*, __half const*, __half*, int, int, int)",128,8704,0,208,0,128,"SQ_INST_LEVEL_LDS",8539356.000000,2083669155434,2083727009480
404,404,"Agent 1",1,19214,19214,131072,17,"pk_gemm(__half const*, __half const*, __half*, int, int, int)",128,8704,0,208,0,128,"SQ_WAIT_INST_LDS",1499979.000000,2083669155434,2083727009480
405,405,"Agent 1",1,19214,19214,131072,17,"pk_gemm(__half const*, __half const*, __half*, int, int, int)",128,8704,0,208,0,128,"ALUStalledByLDS",2.25470725e-03,2083727054483,2083771791658
405,405,"Agent 1",1,19214,19214,131072,17,"pk_gemm(__half const*, __half const*, __half*, int, int, int)",128,8704,0,208,0,128,"LDSBankConflict",12.500000,2083727054483,2083771791658
405,405,"Agent 1",1,19214,19214,131072,17,"pk_gemm(__half const*, __half const*, __half*, int, int, int)",128,8704,0,208,0,128,"MeanOccupancyPerCU",7.401690,2083727054483,2083771791658
405,405,"Agent 1",1,19214,19214,131072,17,"pk_gemm(__half const*, __half const*, __half*, int, int, int)",128,8704,0,208,0,128,"SQ_INSTS_LDS",83886080.000000,2083727054483,2083771791658
405,405,"Agent 1",1,19214,19214,131072,17,"pk_gemm(__half const*, __half const*, __half*, int, int, int)",128,8704,0,208,0,128,"SQ_INST_LEVEL_LDS",8439495.000000,2083727054483,2083771791658
405,405,"Agent 1",1,19214,19214,131072,17,"pk_gemm(__half const*, __half const*, __half*, int, int, int)",128,8704,0,208,0,128,"SQ_WAIT_INST_LDS",1547302.000000,2083727054483,2083771791658
406,406,"Agent 1",1,19214,19214,131072,17,"pk_gemm(__half const*, __half const*, __half*, int, int, int)",128,8704,0,208,0,128,"ALUStalledByLDS",2.33849638e-03,2083771851854,2083816415665
406,406,"Agent 1",1,19214,19214,131072,17,"pk_gemm(__half const*, __half const*, __half*, int, int, int)",128,8704,0,208,0,128,"LDSBankConflict",12.500000,2083771851854,2083816415665
406,406,"Agent 1",1,19214,19214,131072,17,"pk_gemm(__half const*, __half const*, __half*, int, int, int)",128,8704,0,208,0,128,"MeanOccupancyPerCU",7.628628,2083771851854,2083816415665
406,406,"Agent 1",1,19214,19214,131072,17,"pk_gemm(__half const*, __half const*, __half*, int, int, int)",128,8704,0,208,0,128,"SQ_INSTS_LDS",83886080.000000,2083771851854,2083816415665
406,406,"Agent 1",1,19214,19214,131072,17,"pk_gemm(__half const*, __half const*, __half*, int, int, int)",128,8704,0,208,0,128,"SQ_INST_LEVEL_LDS",8464556.000000,2083771851854,2083816415665
406,406,"Agent 1",1,19214,19214,131072,17,"pk_gemm(__half const*, __half const*, __half*, int, int, int)",128,8704,0,208,0,128,"SQ_WAIT_INST_LDS",1598635.000000,2083771851854,2083816415665
407,407,"Agent 1",1,19214,19214,131072,17,"pk_gemm(__half const*, __half const*, __half*, int, int, int)",128,8704,0,208,0,128,"ALUStalledByLDS",1.68136442e-03,2083816468644,2083874990541
407,407,"Agent 1",1,19214,19214,131072,17,"pk_gemm(__half const*, __half const*, __half*, int, int, int)",128,8704,0,208,0,128,"LDSBankConflict",12.500000,2083816468644,2083874990541
407,407,"Agent 1",1,19214,19214,131072,17,"pk_gemm(__half const*, __half const*, __half*, int, int, int)",128,8704,0,208,0,128,"MeanOccupancyPerCU",7.769222,2083816468644,2083874990541
407,407,"Agent 1",1,19214,19214,131072,17,"pk_gemm(__half const*, __half const*, __half*, int, int, int)",128,8704,0,208,0,128,"SQ_INSTS_LDS",83886080.000000,2083816468644,2083874990541
407,407,"Agent 1",1,19214,19214,131072,17,"pk_gemm(__half const*, __half const*, __half*, int, int, int)",128,8704,0,208,0,128,"SQ_INST_LEVEL_LDS",8590624.000000,2083816468644,2083874990541
407,407,"Agent 1",1,19214,19214,131072,17,"pk_gemm(__half const*, __half const*, __half*, int, int, int)",128,8704,0,208,0,128,"SQ_WAIT_INST_LDS",1507562.000000,2083816468644,2083874990541
408,408,"Agent 1",1,19214,19214,131072,17,"pk_gemm(__half const*, __half const*, __half*, int, int, int)",128,8704,0,208,0,128,"ALUStalledByLDS",1.78392659e-03,2083875032466,2083931205367
408,408,"Agent 1",1,19214,19214,131072,17,"pk_gemm(__half const*, __half const*, __half*, int, int, int)",128,8704,0,208,0,128,"LDSBankConflict",12.500000,2083875032466,2083931205367
408,408,"Agent 1",1,19214,19214,131072,17,"pk_gemm(__half const*, __half const*, __half*, int, int, int)",128,8704,0,208,0,128,"MeanOccupancyPerCU",7.707831,2083875032466,2083931205367
408,408,"Agent 1",1,19214,19214,131072,17,"pk_gemm(__half const*, __half const*, __half*, int, int, int)",128,8704,0,208,0,128,"SQ_INSTS_LDS",83886080.000000,2083875032466,2083931205367
408,408,"Agent 1",1,19214,19214,131072,17,"pk_gemm(__half const*, __half const*, __half*, int, int, int)",128,8704,0,208,0,128,"SQ_INST_LEVEL_LDS",8565981.000000,2083875032466,2083931205367
408,408,"Agent 1",1,19214,19214,131072,17,"pk_gemm(__half const*, __half const*, __half*, int, int, int)",128,8704,0,208,0,128,"SQ_WAIT_INST_LDS",1536785.000000,2083875032466,2083931205367
409,409,"Agent 1",1,19214,19214,131072,17,"pk_gemm(__half const*, __half const*, __half*, int, int, int)",128,8704,0,208,0,128,"ALUStalledByLDS",2.22246319e-03,2083931246964,2083977425398
409,409,"Agent 1",1,19214,19214,131072,17,"pk_gemm(__half const*, __half const*, __half*, int, int, int)",128,8704,0,208,0,128,"LDSBankConflict",12.500000,2083931246964,2083977425398
409,409,"Agent 1",1,19214,19214,131072,17,"pk_gemm(__half const*, __half const*, __half*, int, int, int)",128,8704,0,208,0,128,"MeanOccupancyPerCU",7.664880,2083931246964,2083977425398
409,409,"Agent 1",1,19214,19214,131072,17,"pk_gemm(__half const*, __half const*, __half*, int, int, int)",128,8704,0,208,0,128,"SQ_INSTS_LDS",83886080.000000,2083931246964,2083977425398
409,409,"Agent 1",1,19214,19214,131072,17,"pk_gemm(__half const*, __half const*, __half*, int, int, int)",128,8704,0,208,0,128,"SQ_INST_LEVEL_LDS",8461134.000000,2083931246964,2083977425398
409,409,"Agent 1",1,19214,19214,131072,17,"pk_gemm(__half const*, __half const*, __half*, int, int, int)",128,8704,0,208,0,128,"SQ_WAIT_INST_LDS",1573246.000000,2083931246964,2083977425398
410,410,"Agent 1",1,19214,19214,131072,17,"pk_gemm(__half const*, __half const*, __half*, int, int, int)",128,8704,0,208,0,128,"ALUStalledByLDS",1.52248372e-03,2083977465218,2084041374119
410,410,"Agent 1",1,19214,19214,131072,17,"pk_gemm(__half const*, __half const*, __half*, int, int, int)",128,8704,0,208,0,128,"LDSBankConflict",12.500000,2083977465218,2084041374119
410,410,"Agent 1",1,19214,19214,131072,17,"pk_gemm(__half const*, __half const*, __half*, int, int, int)",128,8704,0,208,0,128,"MeanOccupancyPerCU",7.653453,2083977465218,2084041374119
410,410,"Agent 1",1,19214,19214,131072,17,"pk_gemm(__half const*, __half const*, __half*, int, int, int)",128,8704,0,208,0,128,"SQ_INSTS_LDS",83886080.000000,2083977465218,2084041374119
410,410,"Agent 1",1,19214,19214,131072,17,"pk_gemm(__half const*, __half const*, __half*, int, int, int)",128,8704,0,208,0,128,"SQ_INST_LEVEL_LDS",8574313.000000,2083977465218,2084041374119
410,410,"Agent 1",1,19214,19214,131072,17,"pk_gemm(__half const*, __half const*, __half*, int, int, int)",128,8704,0,208,0,128,"SQ_WAIT_INST_LDS",1491999.000000,2083977465218,2084041374119
411,411,"Agent 1",1,19214,19214,131072,17,"pk_gemm(__half const*, __half const*, __half*, int, int, int)",128,8704,0,208,0,128,"ALUStalledByLDS",2.21904228e-03,2084041417799,2084087094694
411,411,"Agent 1",1,19214,19214,131072,17,"pk_gemm(__half const*, __half const*, __half*, int, int, int)",128,8704,0,208,0,128,"LDSBankConflict",12.500000,2084041417799,2084087094694
411,411,"Agent 1",1,19214,19214,131072,17,"pk_gemm(__half const*, __half const*, __half*, int, int, int)",128,8704,0,208,0,128,"MeanOccupancyPerCU",7.414829,2084041417799,2084087094694
411,411,"Agent 1",1,19214,19214,131072,17,"pk_gemm(__half const*, __half const*, __half*, int, int, int)",128,8704,0,208,0,128,"SQ_INSTS_LDS",83886080.000000,2084041417799,2084087094694
411,411,"Agent 1",1,19214,19214,131072,17,"pk_gemm(__half const*, __half const*, __half*, int, int, int)",128,8704,0,208,0,128,"SQ_INST_LEVEL_LDS",8450164.000000,2084041417799,2084087094694
411,411,"Agent 1",1,19214,19214,131072,17,"pk_gemm(__half const*, __half const*, __half*, int, int, int)",128,8704,0,208,0,128,"SQ_WAIT_INST_LDS",1555304.000000,2084041417799,2084087094694
412,412,"Agent 1",1,19214,19214,131072,17,"pk_gemm(__half const*, __half const*, __half*, int, int, int)",128,8704,0,208,0,128,"ALUStalledByLDS",2.00212392e-03,2084087131187,2084138149279
412,412,"Agent 1",1,19214,19214,131072,17,"pk_gemm(__half const*, __half const*, __half*, int, int, int)",128,8704,0,208,0,128,"LDSBankConflict",12.500000,2084087131187,2084138149279
412,412,"Agent 1",1,19214,19214,131072,17,"pk_gemm(__half const*, __half const*, __half*, int, int, int)",128,8704,0,208,0,128,"MeanOccupancyPerCU",7.707681,2084087131187,2084138149279
412,412,"Agent 1",1,19214,19214,131072,17,"pk_gemm(__half const*, __half const*, __half*, int, int, int)",128,8704,0,208,0,128,"SQ_INSTS_LDS",83886080.000000,2084087131187,2084138149279
412,412,"Agent 1",1,19214,19214,131072,17,"pk_gemm(__half const*, __half const*, __half*, int, int, int)",128,8704,0,208,0,128,"SQ_INST_LEVEL_LDS",8522866.000000,2084087131187,2084138149279
412,412,"Agent 1",1,19214,19214,131072,17,"pk_gemm(__half const*, __half const*, __half*, int, int, int)",128,8704,0,208,0,128,"SQ_WAIT_INST_LDS",1565996.000000,2084087131187,2084138149279
413,413,"Agent 1",1,19214,19214,131072,17,"pk_gemm(__half const*, __half const*, __half*, int, int, int)",128,8704,0,208,0,128,"ALUStalledByLDS",2.07364872e-03,2084138189553,2084187264728
413,413,"Agent 1",1,19214,19214,131072,17,"pk_gemm(__half const*, __half const*, __half*, int, int, int)",128,8704,0,208,0,128,"LDSBankConflict",12.500000,2084138189553,2084187264728
413,413,"Agent 1",1,19214,19214,131072,17,"pk_gemm(__half const*, __half const*, __half*, int, int, int)",128,8704,0,208,0,128,"MeanOccupancyPerCU",7.585263,2084138189553,2084187264728
413,413,"Agent 1",1,19214,19214,131072,17,"pk_gemm(__half const*, __half const*, __half*, int, int, int)",128,8704,0,208,0,128,"SQ_INSTS_LDS",83886080.000000,2084138189553,2084187264728
413,413,"Agent 1",1,19214,19214,131072,17,"pk_gemm(__half const*, __half const*, __half*, int, int, int)",128,8704,0,208,0,128,"SQ_INST_LEVEL_LDS",8493353.000000,2084138189553,2084187264728
413,413,"Agent 1",1,19214,19214,131072,17,"pk_gemm(__half const*, __half const*, __half*, int, int, int)",128,8704,0,208,0,128,"SQ_WAIT_INST_LDS",1560738.000000,2084138189553,2084187264728
414,414,"Agent 1",1,19214,19214,131072,17,"pk_gemm(__half const*, __half const*, __half*, int, int, int)",128,8704,0,208,0,128,"ALUStalledByLDS",2.80433381e-03,2084187302143,2084224924161
414,414,"Agent 1",1,19214,19214,131072,17,"pk_gemm(__half const*, __half const*, __half*, int, int, int)",128,8704,0,208,0,128,"LDSBankConflict",12.500000,2084187302143,2084224924161
414,414,"Agent 1",1,19214,19214,131072,17,"pk_gemm(__half const*, __half const*, __half*, int, int, int)",128,8704,0,208,0,128,"MeanOccupancyPerCU",7.712615,2084187302143,2084224924161
414,414,"Agent 1",1,19214,19214,131072,17,"pk_gemm(__half const*, __half const*, __half*, int, int, int)",128,8704,0,208,0,128,"SQ_INSTS_LDS",83886080.000000,2084187302143,2084224924161
414,414,"Agent 1",1,19214,19214,131072,17,"pk_gemm(__half const*, __half const*, __half*, int, int, int)",128,8704,0,208,0,128,"SQ_INST_LEVEL_LDS",8428567.000000,2084187302143,2084224924161
414,414,"Agent 1",1,19214,19214,131072,17,"pk_gemm(__half const*, __half const*, __half*, int, int, int)",128,8704,0,208,0,128,"SQ_WAIT_INST_LDS",1617806.000000,2084187302143,2084224924161
415,415,"Agent 1",1,19214,19214,131072,17,"pk_gemm(__half const*, __half const*, __half*, int, int, int)",128,8704,0,208,0,128,"ALUStalledByLDS",1.85921087e-03,2084224963754,2084278660338
415,415,"Agent 1",1,19214,19214,131072,17,"pk_gemm(__half const*, __half const*, __half*, int, int, int)",128,8704,0,208,0,128,"LDSBankConflict",12.500000,2084224963754,2084278660338
415,415,"Agent 1",1,19214,19214,131072,17,"pk_gemm(__half const*, __half const*, __half*, int, int, int)",128,8704,0,208,0,128,"MeanOccupancyPerCU",7.620195,2084224963754,2084278660338
415,415,"Agent 1",1,19214,19214,131072,17,"pk_gemm(__half const*, __half const*, __half*, int, int, int)",128,8704,0,208,0,128,"SQ_INSTS_LDS",83886080.000000,2084224963754,2084278660338
415,415,"Agent 1",1,19214,19214,131072,17,"pk_gemm(__half const*, __half const*, __half*, int, int, int)",128,8704,0,208,0,128,"SQ_INST_LEVEL_LDS",8528014.000000,2084224963754,2084278660338
415,415,"Agent 1",1,19214,19214,131072,17,"pk_gemm(__half const*, __half const*, __half*, int, int, int)",128,8704,0,208,0,128,"SQ_WAIT_INST_LDS",1531597.000000,2084224963754,2084278660338
416,416,"Agent 1",1,19214,19214,131072,17,"pk_gemm(__half const*, __half const*, __half*, int, int, int)",128,8704,0,208,0,128,"ALUStalledByLDS",3.22009700e-03,2084278695666,2084312279408
416,416,"Agent 1",1,19214,19214,131072,17,"pk_gemm(__half const*, __half const*, __half*, int, int, int)",128,8704,0,208,0,128,"LDSBankConflict",12.500000,2084278695666,2084312279408
416,416,"Agent 1",1,19214,19214,131072,17,"pk_gemm(__half const*, __half const*, __half*, int, int, int)",128,8704,0,208,0,128,"MeanOccupancyPerCU",7.569305,2084278695666,2084312279408
416,416,"Agent 1",1,19214,19214,131072,17,"pk_gemm(__half const*, __half const*, __half*, int, int, int)",128,8704,0,208,0,128,"SQ_INSTS_LDS",83886080.000000,2084278695666,2084312279408
416,416,"Agent 1",1,19214,19214,131072,17,"pk_gemm(__half const*, __half const*, __half*, int, int, int)",128,8704,0,208,0,128,"SQ_INST_LEVEL_LDS",8392468.000000,2084278695666,2084312279408
416,416,"Agent 1",1,19214,19214,131072,17,"pk_gemm(__half const*, __half const*, __half*, int, int, int)",128,8704,0,208,0,128,"SQ_WAIT_INST_LDS",1657931.000000,2084278695666,2084312279408
417,417,"Agent 1",1,19214,19214,131072,17,"pk_gemm(__half const*, __half const*, __half*, int, int, int)",128,8704,0,208,0,128,"ALUStalledByLDS",1.53968677e-03,2084312316580,2084376940418
417,417,"Agent 1",1,19214,19214,131072,17,"pk_gemm(__half const*, __half const*, __half*, int, int, int)",128,8704,0,208,0,128,"LDSBankConflict",12.500000,2084312316580,2084376940418
417,417,"Agent 1",1,19214,19214,131072,17,"pk_gemm(__half const*, __half const*, __half*, int, int, int)",128,8704,0,208,0,128,"MeanOccupancyPerCU",7.651342,2084312316580,2084376940418
417,417,"Agent 1",1,19214,19214,131072,17,"pk_gemm(__half const*, __half const*, __half*, int, int, int)",128,8704,0,208,0,128,"SQ_INSTS_LDS",83886080.000000,2084312316580,2084376940418
417,417,"Agent 1",1,19214,19214,131072,17,"pk_gemm(__half const*, __half const*, __half*, int, int, int)",128,8704,0,208,0,128,"SQ_INST_LEVEL_LDS",8647714.000000,2084312316580,2084376940418
417,417,"Agent 1",1,19214,19214,131072,17,"pk_gemm(__half const*, __half const*, __half*, int, int, int)",128,8704,0,208,0,128,"SQ_WAIT_INST_LDS",1525556.000000,2084312316580,2084376940418
418,418,"Agent 1",1,19214,19214,131072,17,"pk_gemm(__half const*, __half const*, __half*, int, int, int)",128,8704,0,208,0,128,"ALUStalledByLDS",2.52982312e-03,2084376979170,2084417791720
418,418,"Agent 1",1,19214,19214,131072,17,"pk_gemm(__half const*, __half const*, __half*, int, int, int)",128,8704,0,208,0,128,"LDSBankConflict",12.500000,2084376979170,2084417791720
418,418,"Agent 1",1,19214,19214,131072,17,"pk_gemm(__half const*, __half const*, __half*, int, int, int)",128,8704,0,208,0,128,"MeanOccupancyPerCU",7.666400,2084376979170,2084417791720
418,418,"Agent 1",1,19214,19214,131072,17,"pk_gemm(__half const*, __half const*, __half*, int, int, int)",128,8704,0,208,0,128,"SQ_INSTS_LDS",83886080.000000,2084376979170,2084417791720
418,418,"Agent 1",1,19214,19214,131072,17,"pk_gemm(__half const*, __half const*, __half*, int, int, int)",128,8704,0,208,0,128,"SQ_INST_LEVEL_LDS",8438535.000000,2084376979170,2084417791720
418,418,"Agent 1",1,19214,19214,131072,17,"pk_gemm(__half const*, __half const*, __half*, int, int, int)",128,8704,0,208,0,128,"SQ_WAIT_INST_LDS",1583003.000000,2084376979170,2084417791720
419,419,"Agent 1",1,19214,19214,131072,17,"pk_gemm(__half const*, __half const*, __half*, int, int, int)",128,8704,0,208,0,128,"ALUStalledByLDS",1.53683225e-03,2084417826550,2084482114522
419,419,"Agent 1",1,19214,19214,131072,17,"pk_gemm(__half const*, __half const*, __half*, int, int, int)",128,8704,0,208,0,128,"LDSBankConflict",12.500000,2084417826550,2084482114522
419,419,"Agent 1",1,19214,19214,131072,17,"pk_gemm(__half const*, __half const*, __half*, int, int, int)",128,8704,0,208,0,128,"MeanOccupancyPerCU",7.764251,2084417826550,2084482114522
419,419,"Agent 1",1,19214,19214,131072,17,"pk_gemm(__half const*, __half const*, __half*, int, int, int)",128,8704,0,208,0,128,"SQ_INSTS_LDS",83886080.000000,2084417826550,2084482114522
419,419,"Agent 1",1,19214,19214,131072,17,"pk_gemm(__half const*, __half const*, __half*, int, int, int)",128,8704,0,208,0,128,"SQ_INST_LEVEL_LDS",8618891.000000,2084417826550,2084482114522
419,419,"Agent 1",1,19214,19214,131072,17,"pk_gemm(__half const*, __half const*, __half*, int, int, int)",128,8704,0,208,0,128,"SQ_WAIT_INST_LDS",1515016.000000,2084417826550,2084482114522
420,420,"Agent 1",1,19214,19214,131072,17,"pk_gemm(__half const*, __half const*, __half*, int, int, int)",128,8704,0,208,0,128,"ALUStalledByLDS",1.56280218e-03,2084482153106,2084544942911
420,420,"Agent 1",1,19214,19214,131072,17,"pk_gemm(__half const*, __half const*, __half*, int, int, int)",128,8704,0,208,0,128,"LDSBankConflict",12.500000,2084482153106,2084544942911
420,420,"Agent 1",1,19214,19214,131072,17,"pk_gemm(__half const*, __half const*, __half*, int, int, int)",128,8704,0,208,0,128,"MeanOccupancyPerCU",7.635325,2084482153106,2084544942911
420,420,"Agent 1",1,19214,19214,131072,17,"pk_gemm(__half const*, __half const*, __half*, int, int, int)",128,8704,0,208,0,128,"SQ_INSTS_LDS",83886080.000000,2084482153106,2084544942911
420,420,"Agent 1",1,19214,19214,131072,17,"pk_gemm(__half const*, __half const*, __half*, int, int, int)",128,8704,0,208,0,128,"SQ_INST_LEVEL_LDS",8598669.000000,2084482153106,2084544942911
420,420,"Agent 1",1,19214,19214,131072,17,"pk_gemm(__half const*, __half const*, __half*, int, int, int)",128,8704,0,208,0,128,"SQ_WAIT_INST_LDS",1504366.000000,2084482153106,2084544942911
421,421,"Agent 1",1,19214,19214,131072,17,"pk_gemm(__half const*, __half const*, __half*, int, int, int)",128,8704,0,208,0,128,"ALUStalledByLDS",1.81516494e-03,2084544979940,2084599353913
421,421,"Agent 1",1,19214,19214,131072,17,"pk_gemm(__half const*, __half const*, __half*, int, int, int)",128,8704,0,208,0,128,"LDSBankConflict",12.500000,2084544979940,2084599353913
421,421,"Agent 1",1,19214,19214,131072,17,"pk_gemm(__half const*, __half const*, __half*, int, int, int)",128,8704,0,208,0,128,"MeanOccupancyPerCU",7.712505,2084544979940,2084599353913
421,421,"Agent 1",1,19214,19214,131072,17,"pk_gemm(__half const*, __half const*, __half*, int, int, int)",128,8704,0,208,0,128,"SQ_INSTS_LDS",83886080.000000,2084544979940,2084599353913
421,421,"Agent 1",1,19214,19214,131072,17,"pk_gemm(__half const*, __half const*, __half*, int, int, int)",128,8704,0,208,0,128,"SQ_INST_LEVEL_LDS",8519072.000000,2084544979940,2084599353913
421,421,"Agent 1",1,19214,19214,131072,17,"pk_gemm(__half const*, __half const*, __half*, int, int, int)",128,8704,0,208,0,128,"SQ_WAIT_INST_LDS",1513334.000000,2084544979940,2084599353913
422,422,"Agent 1",1,19214,19214,131072,17,"pk_gemm(__half const*, __half const*, __half*, int, int, int)",128,8704,0,208,0,128,"ALUStalledByLDS",1.83729623e-03,2084599387967,2084654811468
422,422,"Agent 1",1,19214,19214,131072,17,"pk_gemm(__half const*, __half const*, __half*, int, int, int)",128,8704,0,208,0,128,"LDSBankConflict",12.500000,2084599387967,2084654811468
422,422,"Agent 1",1,19214,19214,131072,17,"pk_gemm(__half const*, __half const*, __half*, int, int, int)",128,8704,0,208,0,128,"MeanOccupancyPerCU",7.653653,2084599387967,2084654811468
422,422,"Agent 1",1,19214,19214,131072,17,"pk_gemm(__half const*, __half const*, __half*, int, int, int)",128,8704,0,208,0,128,"SQ_INSTS_LDS",83886080.000000,2084599387967,2084654811468
422,422,"Agent 1",1,19214,19214,131072,17,"pk_gemm(__half const*, __half const*, __half*, int, int, int)",128,8704,0,208,0,128,"SQ_INST_LEVEL_LDS",8604631.000000,2084599387967,2084654811468
422,422,"Agent 1",1,19214,19214,131072,17,"pk_gemm(__half const*, __half const*, __half*, int, int, int)",128,8704,0,208,0,128,"SQ_WAIT_INST_LDS",1561299.000000,2084599387967,2084654811468
423,423,"Agent 1",1,19214,19214,131072,17,"pk_gemm(__half const*, __half const*, __half*, int, int, int)",128,8704,0,208,0,128,"ALUStalledByLDS",1.78582428e-03,2084654848456,2084712124826
423,423,"Agent 1",1,19214,19214,131072,17,"pk_gemm(__half const*, __half const*, __half*, int, int, int)",128,8704,0,208,0,128,"LDSBankConflict",12.500000,2084654848456,2084712124826
423,423,"Agent 1",1,19214,19214,131072,17,"pk_gemm(__half const*, __half const*, __half*, int, int, int)",128,8704,0,208,0,128,"MeanOccupancyPerCU",7.756576,2084654848456,2084712124826
423,423,"Agent 1",1,19214,19214,131072,17,"pk_gemm(__half const*, __half const*, __half*, int, int, int)",128,8704,0,208,0,128,"SQ_INSTS_LDS",83886080.000000,2084654848456,2084712124826
423,423,"Agent 1",1,19214,19214,131072,17,"pk_gemm(__half const*, __half const*, __half*, int, int, int)",128,8704,0,208,0,128,"SQ_INST_LEVEL_LDS",8594373.000000,2084654848456,2084712124826
423,423,"Agent 1",1,19214,19214,131072,17,"pk_gemm(__half const*, __half const*, __half*, int, int, int)",128,8704,0,208,0,128,"SQ_WAIT_INST_LDS",1568656.000000,2084654848456,2084712124826
424,424,"Agent 1",1,19214,19214,131072,17,"pk_gemm(__half const*, __half const*, __half*, int, int, int)",128,8704,0,208,0,128,"ALUStalledByLDS",2.14130474e-03,2084712230196,2084759113709
424,424,"Agent 1",1,19214,19214,131072,17,"pk_gemm(__half const*, __half const*, __half*, int, int, int)",128,8704,0,208,0,128,"LDSBankConflict",12.500000,2084712230196,2084759113709
424,424,"Agent 1",1,19214,19214,131072,17,"pk_gemm(__half const*, __half const*, __half*, int, int, int)",128,8704,0,208,0,128,"MeanOccupancyPerCU",7.724634,2084712230196,2084759113709
424,424,"Agent 1",1,19214,19214,131072,17,"pk_gemm(__half const*, __half const*, __half*, int, int, int)",128,8704,0,208,0,128,"SQ_INSTS_LDS",83886080.000000,2084712230196,2084759113709
424,424,"Agent 1",1,19214,19214,131072,17,"pk_gemm(__half const*, __half const*, __half*, int, int, int)",128,8704,0,208,0,128,"SQ_INST_LEVEL_LDS",8458732.000000,2084712230196,2084759113709
424,424,"Agent 1",1,19214,19214,131072,17,"pk_gemm(__half const*, __half const*, __half*, int, int, int)",128,8704,0,208,0,128,"SQ_WAIT_INST_LDS",1540123.000000,2084712230196,2084759113709
425,425,"Agent 1",1,19214,19214,131072,17,"pk_gemm(__half const*, __half const*, __half*, int, int, int)",128,8704,0,208,0,128,"ALUStalledByLDS",2.10921658e-03,2084759158312,2084807308916
425,425,"Agent 1",1,19214,19214,131072,17,"pk_gemm(__half const*, __half const*, __half*, int, int, int)",128,8704,0,208,0,128,"LDSBankConflict",12.500000,2084759158312,2084807308916
425,425,"Agent 1",1,19214,19214,131072,17,"pk_gemm(__half const*, __half const*, __half*, int, int, int)",128,8704,0,208,0,128,"MeanOccupancyPerCU",7.713571,2084759158312,2084807308916
425,425,"Agent 1",1,19214,19214,131072,17,"pk_gemm(__half const*, __half const*, __half*, int, int, int)",128,8704,0,208,0,128,"SQ_INSTS_LDS",83886080.000000,2084759158312,2084807308916
425,425,"Agent 1",1,19214,19214,131072,17,"pk_gemm(__half const*, __half const*, __half*, int, int, int)",128,8704,0,208,0,128,"SQ_INST_LEVEL_LDS",8473781.000000,2084759158312,2084807308916
425,425,"Agent 1",1,19214,19214,131072,17,"pk_gemm(__half const*, __half const*, __half*, int, int, int)",128,8704,0,208,0,128,"SQ_WAIT_INST_LDS",1557732.000000,2084759158312,2084807308916
426,426,"Agent 1",1,19214,19214,131072,17,"pk_gemm(__half const*, __half const*, __half*, int, int, int)",128,8704,0,208,0,128,"ALUStalledByLDS",1.58392892e-03,2084807350006,2084867985740
426,426,"Agent 1",1,19214,19214,131072,17,"pk_gemm(__half const*, __half const*, __half*, int, int, int)",128,8704,0,208,0,128,"LDSBankConflict",12.500000,2084807350006,2084867985740
426,426,"Agent 1",1,19214,19214,131072,17,"pk_gemm(__half const*, __half const*, __half*, int, int, int)",128,8704,0,208,0,128,"MeanOccupancyPerCU",7.651551,2084807350006,2084867985740
426,426,"Agent 1",1,19214,19214,131072,17,"pk_gemm(__half const*, __half const*, __half*, int, int, int)",128,8704,0,208,0,128,"SQ_INSTS_LDS",83886080.000000,2084807350006,2084867985740
426,426,"Agent 1",1,19214,19214,131072,17,"pk_gemm(__half const*, __half const*, __half*, int, int, int)",128,8704,0,208,0,128,"SQ_INST_LEVEL_LDS",8533481.000000,2084807350006,2084867985740
426,426,"Agent 1",1,19214,19214,131072,17,"pk_gemm(__half const*, __half const*, __half*, int, int, int)",128,8704,0,208,0,128,"SQ_WAIT_INST_LDS",1473251.000000,2084807350006,2084867985740
427,427,"Agent 1",1,19214,19214,131072,17,"pk_gemm(__half const*, __half const*, __half*, int, int, int)",128,8704,0,208,0,128,"ALUStalledByLDS",1.52371831e-03,2084868026993,2084933583016
427,427,"Agent 1",1,19214,19214,131072,17,"pk_gemm(__half const*, __half const*, __half*, int, int, int)",128,8704,0,208,0,128,"LDSBankConflict",12.500000,2084868026993,2084933583016
427,427,"Agent 1",1,19214,19214,131072,17,"pk_gemm(__half const*, __half const*, __half*, int, int, int)",128,8704,0,208,0,128,"MeanOccupancyPerCU",7.748920,2084868026993,2084933583016
427,427,"Agent 1",1,19214,19214,131072,17,"pk_gemm(__half const*, __half const*, __half*, int, int, int)",128,8704,0,208,0,128,"SQ_INSTS_LDS",83886080.000000,2084868026993,2084933583016
427,427,"Agent 1",1,19214,19214,131072,17,"pk_gemm(__half const*, __half const*, __half*, int, int, int)",128,8704,0,208,0,128,"SQ_INST_LEVEL_LDS",8679544.000000,2084868026993,2084933583016
427,427,"Agent 1",1,19214,19214,131072,17,"pk_gemm(__half const*, __half const*, __half*, int, int, int)",128,8704,0,208,0,128,"SQ_WAIT_INST_LDS",1532125.000000,2084868026993,2084933583016
428,428,"Agent 1",1,19214,19214,131072,17,"pk_gemm(__half const*, __half const*, __half*, int, int, int)",128,8704,0,208,0,128,"ALUStalledByLDS",1.62592848e-03,2084933626016,2084993817999
428,428,"Agent 1",1,19214,19214,131072,17,"pk_gemm(__half const*, __half const*, __half*, int, int, int)",128,8704,0,208,0,128,"LDSBankConflict",12.500000,2084933626016,2084993817999
428,428,"Agent 1",1,19214,19214,131072,17,"pk_gemm(__half const*, __half const*, __half*, int, int, int)",128,8704,0,208,0,128,"MeanOccupancyPerCU",7.650454,2084933626016,2084993817999
428,428,"Agent 1",1,19214,19214,131072,17,"pk_gemm(__half const*, __half const*, __half*, int, int, int)",128,8704,0,208,0,128,"SQ_INSTS_LDS",83886080.000000,2084933626016,2084993817999
428,428,"Agent 1",1,19214,19214,131072,17,"pk_gemm(__half const*, __half const*, __half*, int, int, int)",128,8704,0,208,0,128,"SQ_INST_LEVEL_LDS",8569839.000000,2084933626016,2084993817999
428,428,"Agent 1",1,19214,19214,131072,17,"pk_gemm(__half const*, __half const*, __half*, int, int, int)",128,8704,0,208,0,128,"SQ_WAIT_INST_LDS",1501091.000000,2084933626016,2084993817999
429,429,"Agent 1",1,19214,19214,131072,17,"pk_gemm(__half const*, __half const*, __half*, int, int, int)",128,8704,0,208,0,128,"ALUStalledByLDS",1.61390940e-03,2084993856667,2085054373377
429,429,"Agent 1",1,19214,19214,131072,17,"pk_gemm(__half const*, __half const*, __half*, int, int, int)",128,8704,0,208,0,128,"LDSBankConflict",12.500000,2084993856667,2085054373377
429,429,"Agent 1",1,19214,19214,131072,17,"pk_gemm(__half const*, __half const*, __half*, int, int, int)",128,8704,0,208,0,128,"MeanOccupancyPerCU",7.665157,2084993856667,2085054373377
429,429,"Agent 1",1,19214,19214,131072,17,"pk_gemm(__half const*, __half const*, __half*, int, int, int)",128,8704,0,208,0,128,"SQ_INSTS_LDS",83886080.000000,2084993856667,2085054373377
429,429,"Agent 1",1,19214,19214,131072,17,"pk_gemm(__half const*, __half const*, __half*, int, int, int)",128,8704,0,208,0,128,"SQ_INST_LEVEL_LDS",8561719.000000,2084993856667,2085054373377
429,429,"Agent 1",1,19214,19214,131072,17,"pk_gemm(__half const*, __half const*, __half*, int, int, int)",128,8704,0,208,0,128,"SQ_WAIT_INST_LDS",1496727.000000,2084993856667,2085054373377
430,430,"Agent 1",1,19214,19214,131072,17,"pk_gemm(__half const*, __half const*, __half*, int, int, int)",128,8704,0,208,0,128,"ALUStalledByLDS",1.47423262e-03,2085054416963,2085120096738
430,430,"Agent 1",1,19214,19214,131072,17,"pk_gemm(__half const*, __half const*, __half*, int, int, int)",128,8704,0,208,0,128,"LDSBankConflict",12.500000,2085054416963,2085120096738
430,430,"Agent 1",1,19214,19214,131072,17,"pk_gemm(__half const*, __half const*, __half*, int, int, int)",128,8704,0,208,0,128,"MeanOccupancyPerCU",7.686764,2085054416963,2085120096738
430,430,"Agent 1",1,19214,19214,131072,17,"pk_gemm(__half const*, __half const*, __half*, int, int, int)",128,8704,0,208,0,128,"SQ_INSTS_LDS",83886080.000000,2085054416963,2085120096738
430,430,"Agent 1",1,19214,19214,131072,17,"pk_gemm(__half const*, __half const*, __half*, int, int, int)",128,8704,0,208,0,128,"SQ_INST_LEVEL_LDS",8564177.000000,2085054416963,2085120096738
430,430,"Agent 1",1,19214,19214,131072,17,"pk_gemm(__half const*, __half const*, __half*, int, int, int)",128,8704,0,208,0,128,"SQ_WAIT_INST_LDS",1485159.000000,2085054416963,2085120096738
431,431,"Agent 1",1,19214,19214,131072,17,"pk_gemm(__half const*, __half const*, __half*, int, int, int)",128,8704,0,208,0,128,"ALUStalledByLDS",1.64879851e-03,2085120137974,2085180211335
431,431,"Agent 1",1,19214,19214,131072,17,"pk_gemm(__half const*, __half const*, __half*, int, int, int)",128,8704,0,208,0,128,"LDSBankConflict",12.500000,2085120137974,2085180211335
431,431,"Agent 1",1,19214,19214,131072,17,"pk_gemm(__half const*, __half const*, __half*, int, int, int)",128,8704,0,208,0,128,"MeanOccupancyPerCU",7.705540,2085120137974,2085180211335
431,431,"Agent 1",1,19214,19214,131072,17,"pk_gemm(__half const*, __half const*, __half*, int, int, int)",128,8704,0,208,0,128,"SQ_INSTS_LDS",83886080.000000,2085120137974,2085180211335
431,431,"Agent 1",1,19214,19214,131072,17,"pk_gemm(__half const*, __half const*, __half*, int, int, int)",128,8704,0,208,0,128,"SQ_INST_LEVEL_LDS",8601249.000000,2085120137974,2085180211335
431,431,"Agent 1",1,19214,19214,131072,17,"pk_gemm(__half const*, __half const*, __half*, int, int, int)",128,8704,0,208,0,128,"SQ_WAIT_INST_LDS",1518774.000000,2085120137974,2085180211335
432,432,"Agent 1",1,19214,19214,131072,17,"pk_gemm(__half const*, __half const*, __half*, int, int, int)",128,8704,0,208,0,128,"ALUStalledByLDS",1.58207457e-03,2085180252166,2085242080732
432,432,"Agent 1",1,19214,19214,131072,17,"pk_gemm(__half const*, __half const*, __half*, int, int, int)",128,8704,0,208,0,128,"LDSBankConflict",12.500000,2085180252166,2085242080732
432,432,"Agent 1",1,19214,19214,131072,17,"pk_gemm(__half const*, __half const*, __half*, int, int, int)",128,8704,0,208,0,128,"MeanOccupancyPerCU",7.765161,2085180252166,2085242080732
432,432,"Agent 1",1,19214,19214,131072,17,"pk_gemm(__half const*, __half const*, __half*, int, int, int)",128,8704,0,208,0,128,"SQ_INSTS_LDS",83886080.000000,2085180252166,2085242080732
432,432,"Agent 1",1,19214,19214,131072,17,"pk_gemm(__half const*, __half const*, __half*, int, int, int)",128,8704,0,208,0,128,"SQ_INST_LEVEL_LDS",8581741.000000,2085180252166,2085242080732
432,432,"Agent 1",1,19214,19214,131072,17,"pk_gemm(__half const*, __half const*, __half*, int, int, int)",128,8704,0,208,0,128,"SQ_WAIT_INST_LDS",1499309.000000,2085180252166,2085242080732
433,433,"Agent 1",1,19214,19214,131072,17,"pk_gemm(__half const*, __half const*, __half*, int, int, int)",128,8704,0,208,0,128,"ALUStalledByLDS",2.81113070e-03,2085242124413,2085278993262
433,433,"Agent 1",1,19214,19214,131072,17,"pk_gemm(__half const*, __half const*, __half*, int, int, int)",128,8704,0,208,0,128,"LDSBankConflict",12.500000,2085242124413,2085278993262
433,433,"Agent 1",1,19214,19214,131072,17,"pk_gemm(__half const*, __half const*, __half*, int, int, int)",128,8704,0,208,0,128,"MeanOccupancyPerCU",7.653512,2085242124413,2085278993262
433,433,"Agent 1",1,19214,19214,131072,17,"pk_gemm(__half const*, __half const*, __half*, int, int, int)",128,8704,0,208,0,128,"SQ_INSTS_LDS",83886080.000000,2085242124413,2085278993262
433,433,"Agent 1",1,19214,19214,131072,17,"pk_gemm(__half const*, __half const*, __half*, int, int, int)",128,8704,0,208,0,128,"SQ_INST_LEVEL_LDS",8391692.000000,2085242124413,2085278993262
433,433,"Agent 1",1,19214,19214,131072,17,"pk_gemm(__half const*, __half const*, __half*, int, int, int)",128,8704,0,208,0,128,"SQ_WAIT_INST_LDS",1588820.000000,2085242124413,2085278993262
434,434,"Agent 1",1,19214,19214,131072,17,"pk_gemm(__half const*, __half const*, __half*, int, int, int)",128,8704,0,208,0,128,"ALUStalledByLDS",1.59163615e-03,2085279034493,2085340974387
434,434,"Agent 1",1,19214,19214,131072,17,"pk_gemm(__half const*, __half const*, __half*, int, int, int)",128,8704,0,208,0,128,"LDSBankConflict",12.500000,2085279034493,2085340974387
434,434,"Agent 1",1,19214,19214,131072,17,"pk_gemm(__half const*, __half const*, __half*, int, int, int)",128,8704,0,208,0,128,"MeanOccupancyPerCU",7.763416,2085279034493,2085340974387
434,434,"Agent 1",1,19214,19214,131072,17,"pk_gemm(__half const*, __half const*, __half*, int, int, int)",128,8704,0,208,0,128,"SQ_INSTS_LDS",83886080.000000,2085279034493,2085340974387
434,434,"Agent 1",1,19214,19214,131072,17,"pk_gemm(__half const*, __half const*, __half*, int, int, int)",128,8704,0,208,0,128,"SQ_INST_LEVEL_LDS",8584676.000000,2085279034493,2085340974387
434,434,"Agent 1",1,19214,19214,131072,17,"pk_gemm(__half const*, __half const*, __half*, int, int, int)",128,8704,0,208,0,128,"SQ_WAIT_INST_LDS",1512320.000000,2085279034493,2085340974387
435,435,"Agent 1",1,19214,19214,131072,17,"pk_gemm(__half const*, __half const*, __half*, int, int, int)",128,8704,0,208,0,128,"ALUStalledByLDS",1.76931678e-03,2085341013379,2085397312917
435,435,"Agent 1",1,19214,19214,131072,17,"pk_gemm(__half const*, __half const*, __half*, int, int, int)",128,8704,0,208,0,128,"LDSBankConflict",12.500000,2085341013379,2085397312917
435,435,"Agent 1",1,19214,19214,131072,17,"pk_gemm(__half const*, __half const*, __half*, int, int, int)",128,8704,0,208,0,128,"MeanOccupancyPerCU",7.732593,2085341013379,2085397312917
435,435,"Agent 1",1,19214,19214,131072,17,"pk_gemm(__half const*, __half const*, __half*, int, int, int)",128,8704,0,208,0,128,"SQ_INSTS_LDS",83886080.000000,2085341013379,2085397312917
435,435,"Agent 1",1,19214,19214,131072,17,"pk_gemm(__half const*, __half const*, __half*, int, int, int)",128,8704,0,208,0,128,"SQ_INST_LEVEL_LDS",8560903.000000,2085341013379,2085397312917
435,435,"Agent 1",1,19214,19214,131072,17,"pk_gemm(__half const*, __half const*, __half*, int, int, int)",128,8704,0,208,0,128,"SQ_WAIT_INST_LDS",1527920.000000,2085341013379,2085397312917
436,436,"Agent 1",1,19214,19214,131072,17,"pk_gemm(__half const*, __half const*, __half*, int, int, int)",128,8704,0,208,0,128,"ALUStalledByLDS",2.48974625e-03,2085397353159,2085438737379
436,436,"Agent 1",1,19214,19214,131072,17,"pk_gemm(__half const*, __half const*, __half*, int, int, int)",128,8704,0,208,0,128,"LDSBankConflict",12.500000,2085397353159,2085438737379
436,436,"Agent 1",1,19214,19214,131072,17,"pk_gemm(__half const*, __half const*, __half*, int, int, int)",128,8704,0,208,0,128,"MeanOccupancyPerCU",7.373444,2085397353159,2085438737379
436,436,"Agent 1",1,19214,19214,131072,17,"pk_gemm(__half const*, __half const*, __half*, int, int, int)",128,8704,0,208,0,128,"SQ_INSTS_LDS",83886080.000000,2085397353159,2085438737379
436,436,"Agent 1",1,19214,19214,131072,17,"pk_gemm(__half const*, __half const*, __half*, int, int, int)",128,8704,0,208,0,128,"SQ_INST_LEVEL_LDS",8424605.000000,2085397353159,2085438737379
436,436,"Agent 1",1,19214,19214,131072,17,"pk_gemm(__half const*, __half const*, __half*, int, int, int)",128,8704,0,208,0,128,"SQ_WAIT_INST_LDS",1580318.000000,2085397353159,2085438737379
437,437,"Agent 1",1,19214,19214,131072,17,"pk_gemm(__half const*, __half const*, __half*, int, int, int)",128,8704,0,208,0,128,"ALUStalledByLDS",2.44920354e-03,2085438779497,2085481202262
437,437,"Agent 1",1,19214,19214,131072,17,"pk_gemm(__half const*, __half const*, __half*, int, int, int)",128,8704,0,208,0,128,"LDSBankConflict",12.500000,2085438779497,2085481202262
437,437,"Agent 1",1,19214,19214,131072,17,"pk_gemm(__half const*, __half const*, __half*, int, int, int)",128,8704,0,208,0,128,"MeanOccupancyPerCU",7.745270,2085438779497,2085481202262
437,437,"Agent 1",1,19214,19214,131072,17,"pk_gemm(__half const*, __half const*, __half*, int, int, int)",128,8704,0,208,0,128,"SQ_INSTS_LDS",83886080.000000,2085438779497,2085481202262
437,437,"Agent 1",1,19214,19214,131072,17,"pk_gemm(__half const*, __half const*, __half*, int, int, int)",128,8704,0,208,0,128,"SQ_INST_LEVEL_LDS",8472371.000000,2085438779497,2085481202262
437,437,"Agent 1",1,19214,19214,131072,17,"pk_gemm(__half const*, __half const*, __half*, int, int, int)",128,8704,0,208,0,128,"SQ_WAIT_INST_LDS",1593054.000000,2085438779497,2085481202262
438,438,"Agent 1",1,19214,19214,131072,17,"pk_gemm(__half const*, __half const*, __half*, int, int, int)",128,8704,0,208,0,128,"ALUStalledByLDS",2.21560136e-03,2085481237150,2085527486116
438,438,"Agent 1",1,19214,19214,131072,17,"pk_gemm(__half const*, __half const*, __half*, int, int, int)",128,8704,0,208,0,128,"LDSBankConflict",12.500000,2085481237150,2085527486116
438,438,"Agent 1",1,19214,19214,131072,17,"pk_gemm(__half const*, __half const*, __half*, int, int, int)",128,8704,0,208,0,128,"MeanOccupancyPerCU",7.670660,2085481237150,2085527486116
438,438,"Agent 1",1,19214,19214,131072,17,"pk_gemm(__half const*, __half const*, __half*, int, int, int)",128,8704,0,208,0,128,"SQ_INSTS_LDS",83886080.000000,2085481237150,2085527486116
438,438,"Agent 1",1,19214,19214,131072,17,"pk_gemm(__half const*, __half const*, __half*, int, int, int)",128,8704,0,208,0,128,"SQ_INST_LEVEL_LDS",8459312.000000,2085481237150,2085527486116
438,438,"Agent 1",1,19214,19214,131072,17,"pk_gemm(__half const*, __half const*, __half*, int, int, int)",128,8704,0,208,0,128,"SQ_WAIT_INST_LDS",1571940.000000,2085481237150,2085527486116
439,439,"Agent 1",1,19214,19214,131072,17,"pk_gemm(__half const*, __half const*, __half*, int, int, int)",128,8704,0,208,0,128,"ALUStalledByLDS",2.57426592e-03,2085527527913,2085567907533
439,439,"Agent 1",1,19214,19214,131072,17,"pk_gemm(__half const*, __half const*, __half*, int, int, int)",128,8704,0,208,0,128,"LDSBankConflict",12.500000,2085527527913,2085567907533
439,439,"Agent 1",1,19214,19214,131072,17,"pk_gemm(__half const*, __half const*, __half*, int, int, int)",128,8704,0,208,0,128,"MeanOccupancyPerCU",7.747458,2085527527913,2085567907533
439,439,"Agent 1",1,19214,19214,131072,17,"pk_gemm(__half const*, __half const*, __half*, int, int, int)",128,8704,0,208,0,128,"SQ_INSTS_LDS",83886080.000000,2085527527913,2085567907533
439,439,"Agent 1",1,19214,19214,131072,17,"pk_gemm(__half const*, __half const*, __half*, int, int, int)",128,8704,0,208,0,128,"SQ_INST_LEVEL_LDS",8434347.000000,2085527527913,2085567907533
439,439,"Agent 1",1,19214,19214,131072,17,"pk_gemm(__half const*, __half const*, __half*, int, int, int)",128,8704,0,208,0,128,"SQ_WAIT_INST_LDS",1593807.000000,2085527527913,2085567907533
440,440,"Agent 1",1,19214,19214,131072,17,"pk_gemm(__half const*, __half const*, __half*, int, int, int)",128,8704,0,208,0,128,"ALUStalledByLDS",1.84131564e-03,2085567943221,2085622490119
440,440,"Agent 1",1,19214,19214,131072,17,"pk_gemm(__half const*, __half const*, __half*, int, int, int)",128,8704,0,208,0,128,"LDSBankConflict",12.500000,2085567943221,2085622490119
440,440,"Agent 1",1,19214,19214,131072,17,"pk_gemm(__half const*, __half const*, __half*, int, int, int)",128,8704,0,208,0,128,"MeanOccupancyPerCU",7.650276,2085567943221,2085622490119
440,440,"Agent 1",1,19214,19214,131072,17,"pk_gemm(__half const*, __half const*, __half*, int, int, int)",128,8704,0,208,0,128,"SQ_INSTS_LDS",83886080.000000,2085567943221,2085622490119
440,440,"Agent 1",1,19214,19214,131072,17,"pk_gemm(__half const*, __half const*, __half*, int, int, int)",128,8704,0,208,0,128,"SQ_INST_LEVEL_LDS",8554249.000000,2085567943221,2085622490119
440,440,"Agent 1",1,19214,19214,131072,17,"pk_gemm(__half const*, __half const*, __half*, int, int, int)",128,8704,0,208,0,128,"SQ_WAIT_INST_LDS",1539569.000000,2085567943221,2085622490119
441,441,"Agent 1",1,19214,19214,131072,17,"pk_gemm(__half const*, __half const*, __half*, int, int, int)",128,8704,0,208,0,128,"ALUStalledByLDS",2.26296065e-03,2085622530955,2085667156642
441,441,"Agent 1",1,19214,19214,131072,17,"pk_gemm(__half const*, __half const*, __half*, int, int, int)",128,8704,0,208,0,128,"LDSBankConflict",12.500000,2085622530955,2085667156642
441,441,"Agent 1",1,19214,19214,131072,17,"pk_gemm(__half const*, __half const*, __half*, int, int, int)",128,8704,0,208,0,128,"MeanOccupancyPerCU",7.647309,2085622530955,2085667156642
441,441,"Agent 1",1,19214,19214,131072,17,"pk_gemm(__half const*, __half const*, __half*, int, int, int)",128,8704,0,208,0,128,"SQ_INSTS_LDS",83886080.000000,2085622530955,2085667156642
441,441,"Agent 1",1,19214,19214,131072,17,"pk_gemm(__half const*, __half const*, __half*, int, int, int)",128,8704,0,208,0,128,"SQ_INST_LEVEL_LDS",8439266.000000,2085622530955,2085667156642
441,441,"Agent 1",1,19214,19214,131072,17,"pk_gemm(__half const*, __half const*, __half*, int, int, int)",128,8704,0,208,0,128,"SQ_WAIT_INST_LDS",1548953.000000,2085622530955,2085667156642
442,442,"Agent 1",1,19214,19214,131072,17,"pk_gemm(__half const*, __half const*, __half*, int, int, int)",128,8704,0,208,0,128,"ALUStalledByLDS",1.94365468e-03,2085667192113,2085718660651
442,442,"Agent 1",1,19214,19214,131072,17,"pk_gemm(__half const*, __half const*, __half*, int, int, int)",128,8704,0,208,0,128,"LDSBankConflict",12.500000,2085667192113,2085718660651
442,442,"Agent 1",1,19214,19214,131072,17,"pk_gemm(__half const*, __half const*, __half*, int, int, int)",128,8704,0,208,0,128,"MeanOccupancyPerCU",7.598326,2085667192113,2085718660651
442,442,"Agent 1",1,19214,19214,131072,17,"pk_gemm(__half const*, __half const*, __half*, int, int, int)",128,8704,0,208,0,128,"SQ_INSTS_LDS",83886080.000000,2085667192113,2085718660651
442,442,"Agent 1",1,19214,19214,131072,17,"pk_gemm(__half const*, __half const*, __half*, int, int, int)",128,8704,0,208,0,128,"SQ_INST_LEVEL_LDS",8492324.000000,2085667192113,2085718660651
442,442,"Agent 1",1,19214,19214,131072,17,"pk_gemm(__half const*, __half const*, __half*, int, int, int)",128,8704,0,208,0,128,"SQ_WAIT_INST_LDS",1533276.000000,2085667192113,2085718660651
443,443,"Agent 1",1,19214,19214,131072,17,"pk_gemm(__half const*, __half const*, __half*, int, int, int)",128,8704,0,208,0,128,"ALUStalledByLDS",1.79027382e-03,2085718699122,2085774325362
443,443,"Agent 1",1,19214,19214,131072,17,"pk_gemm(__half const*, __half const*, __half*, int, int, int)",128,8704,0,208,0,128,"LDSBankConflict",12.500000,2085718699122,2085774325362
443,443,"Agent 1",1,19214,19214,131072,17,"pk_gemm(__half const*, __half const*, __half*, int, int, int)",128,8704,0,208,0,128,"MeanOccupancyPerCU",7.604085,2085718699122,2085774325362
443,443,"Agent 1",1,19214,19214,131072,17,"pk_gemm(__half const*, __half const*, __half*, int, int, int)",128,8704,0,208,0,128,"SQ_INSTS_LDS",83886080.000000,2085718699122,2085774325362
443,443,"Agent 1",1,19214,19214,131072,17,"pk_gemm(__half const*, __half const*, __half*, int, int, int)",128,8704,0,208,0,128,"SQ_INST_LEVEL_LDS",8541152.000000,2085718699122,2085774325362
443,443,"Agent 1",1,19214,19214,131072,17,"pk_gemm(__half const*, __half const*, __half*, int, int, int)",128,8704,0,208,0,128,"SQ_WAIT_INST_LDS",1527865.000000,2085718699122,2085774325362
444,444,"Agent 1",1,19214,19214,131072,17,"pk_gemm(__half const*, __half const*, __half*, int, int, int)",128,8704,0,208,0,128,"ALUStalledByLDS",1.95921835e-03,2085774362157,2085824771753
444,444,"Agent 1",1,19214,19214,131072,17,"pk_gemm(__half const*, __half const*, __half*, int, int, int)",128,8704,0,208,0,128,"LDSBankConflict",12.500000,2085774362157,2085824771753
444,444,"Agent 1",1,19214,19214,131072,17,"pk_gemm(__half const*, __half const*, __half*, int, int, int)",128,8704,0,208,0,128,"MeanOccupancyPerCU",7.501379,2085774362157,2085824771753
444,444,"Agent 1",1,19214,19214,131072,17,"pk_gemm(__half const*, __half const*, __half*, int, int, int)",128,8704,0,208,0,128,"SQ_INSTS_LDS",83886080.000000,2085774362157,2085824771753
444,444,"Agent 1",1,19214,19214,131072,17,"pk_gemm(__half const*, __half const*, __half*, int, int, int)",128,8704,0,208,0,128,"SQ_INST_LEVEL_LDS",8456901.000000,2085774362157,2085824771753
444,444,"Agent 1",1,19214,19214,131072,17,"pk_gemm(__half const*, __half const*, __half*, int, int, int)",128,8704,0,208,0,128,"SQ_WAIT_INST_LDS",1514541.000000,2085774362157,2085824771753
445,445,"Agent 1",1,19214,19214,131072,17,"pk_gemm(__half const*, __half const*, __half*, int, int, int)",128,8704,0,208,0,128,"ALUStalledByLDS",1.55793842e-03,2085824808781,2085886589141
445,445,"Agent 1",1,19214,19214,131072,17,"pk_gemm(__half const*, __half const*, __half*, int, int, int)",128,8704,0,208,0,128,"LDSBankConflict",12.500000,2085824808781,2085886589141
445,445,"Agent 1",1,19214,19214,131072,17,"pk_gemm(__half const*, __half const*, __half*, int, int, int)",128,8704,0,208,0,128,"MeanOccupancyPerCU",7.626723,2085824808781,2085886589141
445,445,"Agent 1",1,19214,19214,131072,17,"pk_gemm(__half const*, __half const*, __half*, int, int, int)",128,8704,0,208,0,128,"SQ_INSTS_LDS",83886080.000000,2085824808781,2085886589141
445,445,"Agent 1",1,19214,19214,131072,17,"pk_gemm(__half const*, __half const*, __half*, int, int, int)",128,8704,0,208,0,128,"SQ_INST_LEVEL_LDS",8581711.000000,2085824808781,2085886589141
445,445,"Agent 1",1,19214,19214,131072,17,"pk_gemm(__half const*, __half const*, __half*, int, int, int)",128,8704,0,208,0,128,"SQ_WAIT_INST_LDS",1476392.000000,2085824808781,2085886589141
446,446,"Agent 1",1,19214,19214,131072,17,"pk_gemm(__half const*, __half const*, __half*, int, int, int)",128,8704,0,208,0,128,"ALUStalledByLDS",1.65448847e-03,2085886624351,2085945769935
446,446,"Agent 1",1,19214,19214,131072,17,"pk_gemm(__half const*, __half const*, __half*, int, int, int)",128,8704,0,208,0,128,"LDSBankConflict",12.500000,2085886624351,2085945769935
446,446,"Agent 1",1,19214,19214,131072,17,"pk_gemm(__half const*, __half const*, __half*, int, int, int)",128,8704,0,208,0,128,"MeanOccupancyPerCU",7.675038,2085886624351,2085945769935
446,446,"Agent 1",1,19214,19214,131072,17,"pk_gemm(__half const*, __half const*, __half*, int, int, int)",128,8704,0,208,0,128,"SQ_INSTS_LDS",83886080.000000,2085886624351,2085945769935
446,446,"Agent 1",1,19214,19214,131072,17,"pk_gemm(__half const*, __half const*, __half*, int, int, int)",128,8704,0,208,0,128,"SQ_INST_LEVEL_LDS",8555661.000000,2085886624351,2085945769935
446,446,"Agent 1",1,19214,19214,131072,17,"pk_gemm(__half const*, __half const*, __half*, int, int, int)",128,8704,0,208,0,128,"SQ_WAIT_INST_LDS",1499725.000000,2085886624351,2085945769935
447,447,"Agent 1",1,19214,19214,131072,17,"pk_gemm(__half const*, __half const*, __half*, int, int, int)",128,8704,0,208,0,128,"ALUStalledByLDS",2.64880668e-03,2085945808927,2085985359435
447,447,"Agent 1",1,19214,19214,131072,17,"pk_gemm(__half const*, __half const*, __half*, int, int, int)",128,8704,0,208,0,128,"LDSBankConflict",12.500000,2085945808927,2085985359435
447,447,"Agent 1",1,19214,19214,131072,17,"pk_gemm(__half const*, __half const*, __half*, int, int, int)",128,8704,0,208,0,128,"MeanOccupancyPerCU",7.741067,2085945808927,2085985359435
447,447,"Agent 1",1,19214,19214,131072,17,"pk_gemm(__half const*, __half const*, __half*, int, int, int)",128,8704,0,208,0,128,"SQ_INSTS_LDS",83886080.000000,2085945808927,2085985359435
447,447,"Agent 1",1,19214,19214,131072,17,"pk_gemm(__half const*, __half const*, __half*, int, int, int)",128,8704,0,208,0,128,"SQ_INST_LEVEL_LDS",8437919.000000,2085945808927,2085985359435
447,447,"Agent 1",1,19214,19214,131072,17,"pk_gemm(__half const*, __half const*, __half*, int, int, int)",128,8704,0,208,0,128,"SQ_WAIT_INST_LDS",1605458.000000,2085945808927,2085985359435
448,448,"Agent 1",1,19214,19214,131072,17,"pk_gemm(__half const*, __half const*, __half*, int, int, int)",128,8704,0,208,0,128,"ALUStalledByLDS",1.51949376e-03,2085985393931,2086050954767
448,448,"Agent 1",1,19214,19214,131072,17,"pk_gemm(__half const*, __half const*, __half*, int, int, int)",128,8704,0,208,0,128,"LDSBankConflict",12.500000,2085985393931,2086050954767
448,448,"Agent 1",1,19214,19214,131072,17,"pk_gemm(__half const*, __half const*, __half*, int, int, int)",128,8704,0,208,0,128,"MeanOccupancyPerCU",7.684849,2085985393931,2086050954767
448,448,"Agent 1",1,19214,19214,131072,17,"pk_gemm(__half const*, __half const*, __half*, int, int, int)",128,8704,0,208,0,128,"SQ_INSTS_LDS",83886080.000000,2085985393931,2086050954767
448,448,"Agent 1",1,19214,19214,131072,17,"pk_gemm(__half const*, __half const*, __half*, int, int, int)",128,8704,0,208,0,128,"SQ_INST_LEVEL_LDS",8637556.000000,2085985393931,2086050954767
448,448,"Agent 1",1,19214,19214,131072,17,"pk_gemm(__half const*, __half const*, __half*, int, int, int)",128,8704,0,208,0,128,"SQ_WAIT_INST_LDS",1528163.000000,2085985393931,2086050954767
449,449,"Agent 1",1,19214,19214,131072,17,"pk_gemm(__half const*, __half const*, __half*, int, int, int)",128,8704,0,208,0,128,"ALUStalledByLDS",2.62911707e-03,2086050991234,2086090154339
449,449,"Agent 1",1,19214,19214,131072,17,"pk_gemm(__half const*, __half const*, __half*, int, int, int)",128,8704,0,208,0,128,"LDSBankConflict",12.500000,2086050991234,2086090154339
449,449,"Agent 1",1,19214,19214,131072,17,"pk_gemm(__half const*, __half const*, __half*, int, int, int)",128,8704,0,208,0,128,"MeanOccupancyPerCU",7.663755,2086050991234,2086090154339
449,449,"Agent 1",1,19214,19214,131072,17,"pk_gemm(__half const*, __half const*, __half*, int, int, int)",128,8704,0,208,0,128,"SQ_INSTS_LDS",83886080.000000,2086050991234,2086090154339
449,449,"Agent 1",1,19214,19214,131072,17,"pk_gemm(__half const*, __half const*, __half*, int, int, int)",128,8704,0,208,0,128,"SQ_INST_LEVEL_LDS",8404537.000000,2086050991234,2086090154339
449,449,"Agent 1",1,19214,19214,131072,17,"pk_gemm(__half const*, __half const*, __half*, int, int, int)",128,8704,0,208,0,128,"SQ_WAIT_INST_LDS",1578615.000000,2086050991234,2086090154339
450,450,"Agent 1",1,19214,19214,131072,17,"pk_gemm(__half const*, __half const*, __half*, int, int, int)",128,8704,0,208,0,128,"ALUStalledByLDS",2.45247989e-03,2086090188266,2086132641527
450,450,"Agent 1",1,19214,19214,131072,17,"pk_gemm(__half const*, __half const*, __half*, int, int, int)",128,8704,0,208,0,128,"LDSBankConflict",12.500000,2086090188266,2086132641527
450,450,"Agent 1",1,19214,19214,131072,17,"pk_gemm(__half const*, __half const*, __half*, int, int, int)",128,8704,0,208,0,128,"MeanOccupancyPerCU",7.753835,2086090188266,2086132641527
450,450,"Agent 1",1,19214,19214,131072,17,"pk_gemm(__half const*, __half const*, __half*, int, int, int)",128,8704,0,208,0,128,"SQ_INSTS_LDS",83886080.000000,2086090188266,2086132641527
450,450,"Agent 1",1,19214,19214,131072,17,"pk_gemm(__half const*, __half const*, __half*, int, int, int)",128,8704,0,208,0,128,"SQ_INST_LEVEL_LDS",8472921.000000,2086090188266,2086132641527
450,450,"Agent 1",1,19214,19214,131072,17,"pk_gemm(__half const*, __half const*, __half*, int, int, int)",128,8704,0,208,0,128,"SQ_WAIT_INST_LDS",1596130.000000,2086090188266,2086132641527
451,451,"Agent 1",1,19214,19214,131072,17,"pk_gemm(__half const*, __half const*, __half*, int, int, int)",128,8704,0,208,0,128,"ALUStalledByLDS",2.95685765e-03,2086132678676,2086168347439
451,451,"Agent 1",1,19214,19214,131072,17,"pk_gemm(__half const*, __half const*, __half*, int, int, int)",128,8704,0,208,0,128,"LDSBankConflict",12.500000,2086132678676,2086168347439
451,451,"Agent 1",1,19214,19214,131072,17,"pk_gemm(__half const*, __half const*, __half*, int, int, int)",128,8704,0,208,0,128,"MeanOccupancyPerCU",7.698535,2086132678676,2086168347439
451,451,"Agent 1",1,19214,19214,131072,17,"pk_gemm(__half const*, __half const*, __half*, int, int, int)",128,8704,0,208,0,128,"SQ_INSTS_LDS",83886080.000000,2086132678676,2086168347439
451,451,"Agent 1",1,19214,19214,131072,17,"pk_gemm(__half const*, __half const*, __half*, int, int, int)",128,8704,0,208,0,128,"SQ_INST_LEVEL_LDS",8383319.000000,2086132678676,2086168347439
451,451,"Agent 1",1,19214,19214,131072,17,"pk_gemm(__half const*, __half const*, __half*, int, int, int)",128,8704,0,208,0,128,"SQ_WAIT_INST_LDS",1617128.000000,2086132678676,2086168347439
452,452,"Agent 1",1,19214,19214,131072,17,"pk_gemm(__half const*, __half const*, __half*, int, int, int)",128,8704,0,208,0,128,"ALUStalledByLDS",2.48426128e-03,2086168381775,2086210585689
452,452,"Agent 1",1,19214,19214,131072,17,"pk_gemm(__half const*, __half const*, __half*, int, int, int)",128,8704,0,208,0,128,"LDSBankConflict",12.500000,2086168381775,2086210585689
452,452,"Agent 1",1,19214,19214,131072,17,"pk_gemm(__half const*, __half const*, __half*, int, int, int)",128,8704,0,208,0,128,"MeanOccupancyPerCU",7.622892,2086168381775,2086210585689
452,452,"Agent 1",1,19214,19214,131072,17,"pk_gemm(__half const*, __half const*, __half*, int, int, int)",128,8704,0,208,0,128,"SQ_INSTS_LDS",83886080.000000,2086168381775,2086210585689
452,452,"Agent 1",1,19214,19214,131072,17,"pk_gemm(__half const*, __half const*, __half*, int, int, int)",128,8704,0,208,0,128,"SQ_INST_LEVEL_LDS",8493813.000000,2086168381775,2086210585689
452,452,"Agent 1",1,19214,19214,131072,17,"pk_gemm(__half const*, __half const*, __half*, int, int, int)",128,8704,0,208,0,128,"SQ_WAIT_INST_LDS",1608079.000000,2086168381775,2086210585689
453,453,"Agent 1",1,19214,19214,131072,17,"pk_gemm(__half const*, __half const*, __half*, int, int, int)",128,8704,0,208,0,128,"ALUStalledByLDS",2.41254201e-03,2086210622076,2086253504822
453,453,"Agent 1",1,19214,19214,131072,17,"pk_gemm(__half const*, __half const*, __half*, int, int, int)",128,8704,0,208,0,128,"LDSBankConflict",12.500000,2086210622076,2086253504822
453,453,"Agent 1",1,19214,19214,131072,17,"pk_gemm(__half const*, __half const*, __half*, int, int, int)",128,8704,0,208,0,128,"MeanOccupancyPerCU",7.714009,2086210622076,2086253504822
453,453,"Agent 1",1,19214,19214,131072,17,"pk_gemm(__half const*, __half const*, __half*, int, int, int)",128,8704,0,208,0,128,"SQ_INSTS_LDS",83886080.000000,2086210622076,2086253504822
453,453,"Agent 1",1,19214,19214,131072,17,"pk_gemm(__half const*, __half const*, __half*, int, int, int)",128,8704,0,208,0,128,"SQ_INST_LEVEL_LDS",8450610.000000,2086210622076,2086253504822
453,453,"Agent 1",1,19214,19214,131072,17,"pk_gemm(__half const*, __half const*, __half*, int, int, int)",128,8704,0,208,0,128,"SQ_WAIT_INST_LDS",1586308.000000,2086210622076,2086253504822
454,454,"Agent 1",1,19214,19214,131072,17,"pk_gemm(__half const*, __half const*, __half*, int, int, int)",128,8704,0,208,0,128,"ALUStalledByLDS",1.53164339e-03,2086253590847,2086317889077
454,454,"Agent 1",1,19214,19214,131072,17,"pk_gemm(__half const*, __half const*, __half*, int, int, int)",128,8704,0,208,0,128,"LDSBankConflict",12.500000,2086253590847,2086317889077
454,454,"Agent 1",1,19214,19214,131072,17,"pk_gemm(__half const*, __half const*, __half*, int, int, int)",128,8704,0,208,0,128,"MeanOccupancyPerCU",7.564933,2086253590847,2086317889077
454,454,"Agent 1",1,19214,19214,131072,17,"pk_gemm(__half const*, __half const*, __half*, int, int, int)",128,8704,0,208,0,128,"SQ_INSTS_LDS",83886080.000000,2086253590847,2086317889077
454,454,"Agent 1",1,19214,19214,131072,17,"pk_gemm(__half const*, __half const*, __half*, int, int, int)",128,8704,0,208,0,128,"SQ_INST_LEVEL_LDS",8599608.000000,2086253590847,2086317889077
454,454,"Agent 1",1,19214,19214,131072,17,"pk_gemm(__half const*, __half const*, __half*, int, int, int)",128,8704,0,208,0,128,"SQ_WAIT_INST_LDS",1510475.000000,2086253590847,2086317889077
455,455,"Agent 1",1,19214,19214,131072,17,"pk_gemm(__half const*, __half const*, __half*, int, int, int)",128,8704,0,208,0,128,"ALUStalledByLDS",1.68547281e-03,2086317930473,2086375772098
455,455,"Agent 1",1,19214,19214,131072,17,"pk_gemm(__half const*, __half const*, __half*, int, int, int)",128,8704,0,208,0,128,"LDSBankConflict",12.500000,2086317930473,2086375772098
455,455,"Agent 1",1,19214,19214,131072,17,"pk_gemm(__half const*, __half const*, __half*, int, int, int)",128,8704,0,208,0,128,"MeanOccupancyPerCU",7.759586,2086317930473,2086375772098
455,455,"Agent 1",1,19214,19214,131072,17,"pk_gemm(__half const*, __half const*, __half*, int, int, int)",128,8704,0,208,0,128,"SQ_INSTS_LDS",83886080.000000,2086317930473,2086375772098
455,455,"Agent 1",1,19214,19214,131072,17,"pk_gemm(__half const*, __half const*, __half*, int, int, int)",128,8704,0,208,0,128,"SQ_INST_LEVEL_LDS",8540758.000000,2086317930473,2086375772098
455,455,"Agent 1",1,19214,19214,131072,17,"pk_gemm(__half const*, __half const*, __half*, int, int, int)",128,8704,0,208,0,128,"SQ_WAIT_INST_LDS",1495076.000000,2086317930473,2086375772098
456,456,"Agent 1",1,19214,19214,131072,17,"pk_gemm(__half const*, __half const*, __half*, int, int, int)",128,8704,0,208,0,128,"ALUStalledByLDS",3.03979042e-03,2086375812164,2086410660311
456,456,"Agent 1",1,19214,19214,131072,17,"pk_gemm(__half const*, __half const*, __half*, int, int, int)",128,8704,0,208,0,128,"LDSBankConflict",12.500000,2086375812164,2086410660311
456,456,"Agent 1",1,19214,19214,131072,17,"pk_gemm(__half const*, __half const*, __half*, int, int, int)",128,8704,0,208,0,128,"MeanOccupancyPerCU",7.675248,2086375812164,2086410660311
456,456,"Agent 1",1,19214,19214,131072,17,"pk_gemm(__half const*, __half const*, __half*, int, int, int)",128,8704,0,208,0,128,"SQ_INSTS_LDS",83886080.000000,2086375812164,2086410660311
456,456,"Agent 1",1,19214,19214,131072,17,"pk_gemm(__half const*, __half const*, __half*, int, int, int)",128,8704,0,208,0,128,"SQ_INST_LEVEL_LDS",8390132.000000,2086375812164,2086410660311
456,456,"Agent 1",1,19214,19214,131072,17,"pk_gemm(__half const*, __half const*, __half*, int, int, int)",128,8704,0,208,0,128,"SQ_WAIT_INST_LDS",1624282.000000,2086375812164,2086410660311
457,457,"Agent 1",1,19214,19214,131072,17,"pk_gemm(__half const*, __half const*, __half*, int, int, int)",128,8704,0,208,0,128,"ALUStalledByLDS",2.12475246e-03,2086410705395,2086458738260
457,457,"Agent 1",1,19214,19214,131072,17,"pk_gemm(__half const*, __half const*, __half*, int, int, int)",128,8704,0,208,0,128,"LDSBankConflict",12.500000,2086410705395,2086458738260
457,457,"Agent 1",1,19214,19214,131072,17,"pk_gemm(__half const*, __half const*, __half*, int, int, int)",128,8704,0,208,0,128,"MeanOccupancyPerCU",7.760393,2086410705395,2086458738260
457,457,"Agent 1",1,19214,19214,131072,17,"pk_gemm(__half const*, __half const*, __half*, int, int, int)",128,8704,0,208,0,128,"SQ_INSTS_LDS",83886080.000000,2086410705395,2086458738260
457,457,"Agent 1",1,19214,19214,131072,17,"pk_gemm(__half const*, __half const*, __half*, int, int, int)",128,8704,0,208,0,128,"SQ_INST_LEVEL_LDS",8497579.000000,2086410705395,2086458738260
457,457,"Agent 1",1,19214,19214,131072,17,"pk_gemm(__half const*, __half const*, __half*, int, int, int)",128,8704,0,208,0,128,"SQ_WAIT_INST_LDS",1564840.000000,2086410705395,2086458738260
458,458,"Agent 1",1,19214,19214,131072,17,"pk_gemm(__half const*, __half const*, __half*, int, int, int)",128,8704,0,208,0,128,"ALUStalledByLDS",1.50630617e-03,2086458776277,2086523138627
458,458,"Agent 1",1,19214,19214,131072,17,"pk_gemm(__half const*, __half const*, __half*, int, int, int)",128,8704,0,208,0,128,"LDSBankConflict",12.500000,2086458776277,2086523138627
458,458,"Agent 1",1,19214,19214,131072,17,"pk_gemm(__half const*, __half const*, __half*, int, int, int)",128,8704,0,208,0,128,"MeanOccupancyPerCU",7.540931,2086458776277,2086523138627
458,458,"Agent 1",1,19214,19214,131072,17,"pk_gemm(__half const*, __half const*, __half*, int, int, int)",128,8704,0,208,0,128,"SQ_INSTS_LDS",83886080.000000,2086458776277,2086523138627
458,458,"Agent 1",1,19214,19214,131072,17,"pk_gemm(__half const*, __half const*, __half*, int, int, int)",128,8704,0,208,0,128,"SQ_INST_LEVEL_LDS",8594357.000000,2086458776277,2086523138627
458,458,"Agent 1",1,19214,19214,131072,17,"pk_gemm(__half const*, __half const*, __half*, int, int, int)",128,8704,0,208,0,128,"SQ_WAIT_INST_LDS",1486853.000000,2086458776277,2086523138627
459,459,"Agent 1",1,19214,19214,131072,17,"pk_gemm(__half const*, __half const*, __half*, int, int, int)",128,8704,0,208,0,128,"ALUStalledByLDS",2.54592367e-03,2086523180785,2086564338782
459,459,"Agent 1",1,19214,19214,131072,17,"pk_gemm(__half const*, __half const*, __half*, int, int, int)",128,8704,0,208,0,128,"LDSBankConflict",12.500000,2086523180785,2086564338782
459,459,"Agent 1",1,19214,19214,131072,17,"pk_gemm(__half const*, __half const*, __half*, int, int, int)",128,8704,0,208,0,128,"MeanOccupancyPerCU",7.582776,2086523180785,2086564338782
459,459,"Agent 1",1,19214,19214,131072,17,"pk_gemm(__half const*, __half const*, __half*, int, int, int)",128,8704,0,208,0,128,"SQ_INSTS_LDS",83886080.000000,2086523180785,2086564338782
459,459,"Agent 1",1,19214,19214,131072,17,"pk_gemm(__half const*, __half const*, __half*, int, int, int)",128,8704,0,208,0,128,"SQ_INST_LEVEL_LDS",8426876.000000,2086523180785,2086564338782
459,459,"Agent 1",1,19214,19214,131072,17,"pk_gemm(__half const*, __half const*, __half*, int, int, int)",128,8704,0,208,0,128,"SQ_WAIT_INST_LDS",1607403.000000,2086523180785,2086564338782
460,460,"Agent 1",1,19214,19214,131072,17,"pk_gemm(__half const*, __half const*, __half*, int, int, int)",128,8704,0,208,0,128,"ALUStalledByLDS",1.53618978e-03,2086564378190,2086628394171
460,460,"Agent 1",1,19214,19214,131072,17,"pk_gemm(__half const*, __half const*, __half*, int, int, int)",128,8704,0,208,0,128,"LDSBankConflict",12.500000,2086564378190,2086628394171
460,460,"Agent 1",1,19214,19214,131072,17,"pk_gemm(__half const*, __half const*, __half*, int, int, int)",128,8704,0,208,0,128,"MeanOccupancyPerCU",7.706939,2086564378190,2086628394171
460,460,"Agent 1",1,19214,19214,131072,17,"pk_gemm(__half const*, __half const*, __half*, int, int, int)",128,8704,0,208,0,128,"SQ_INSTS_LDS",83886080.000000,2086564378190,2086628394171
460,460,"Agent 1",1,19214,19214,131072,17,"pk_gemm(__half const*, __half const*, __half*, int, int, int)",128,8704,0,208,0,128,"SQ_INST_LEVEL_LDS",8614400.000000,2086564378190,2086628394171
460,460,"Agent 1",1,19214,19214,131072,17,"pk_gemm(__half const*, __half const*, __half*, int, int, int)",128,8704,0,208,0,128,"SQ_WAIT_INST_LDS",1508844.000000,2086564378190,2086628394171
461,461,"Agent 1",1,19214,19214,131072,17,"pk_gemm(__half const*, __half const*, __half*, int, int, int)",128,8704,0,208,0,128,"ALUStalledByLDS",1.55190392e-03,2086628436732,2086692124899
461,461,"Agent 1",1,19214,19214,131072,17,"pk_gemm(__half const*, __half const*, __half*, int, int, int)",128,8704,0,208,0,128,"LDSBankConflict",12.500000,2086628436732,2086692124899
461,461,"Agent 1",1,19214,19214,131072,17,"pk_gemm(__half const*, __half const*, __half*, int, int, int)",128,8704,0,208,0,128,"MeanOccupancyPerCU",7.689858,2086628436732,2086692124899
461,461,"Agent 1",1,19214,19214,131072,17,"pk_gemm(__half const*, __half const*, __half*, int, int, int)",128,8704,0,208,0,128,"SQ_INSTS_LDS",83886080.000000,2086628436732,2086692124899
461,461,"Agent 1",1,19214,19214,131072,17,"pk_gemm(__half const*, __half const*, __half*, int, int, int)",128,8704,0,208,0,128,"SQ_INST_LEVEL_LDS",8610126.000000,2086628436732,2086692124899
461,461,"Agent 1",1,19214,19214,131072,17,"pk_gemm(__half const*, __half const*, __half*, int, int, int)",128,8704,0,208,0,128,"SQ_WAIT_INST_LDS",1515191.000000,2086628436732,2086692124899
462,462,"Agent 1",1,19214,19214,131072,17,"pk_gemm(__half const*, __half const*, __half*, int, int, int)",128,8704,0,208,0,128,"ALUStalledByLDS",2.36736753e-03,2086692168901,2086736029677
462,462,"Agent 1",1,19214,19214,131072,17,"pk_gemm(__half const*, __half const*, __half*, int, int, int)",128,8704,0,208,0,128,"LDSBankConflict",12.500000,2086692168901,2086736029677
462,462,"Agent 1",1,19214,19214,131072,17,"pk_gemm(__half const*, __half const*, __half*, int, int, int)",128,8704,0,208,0,128,"MeanOccupancyPerCU",7.757846,2086692168901,2086736029677
462,462,"Agent 1",1,19214,19214,131072,17,"pk_gemm(__half const*, __half const*, __half*, int, int, int)",128,8704,0,208,0,128,"SQ_INSTS_LDS",83886080.000000,2086692168901,2086736029677
462,462,"Agent 1",1,19214,19214,131072,17,"pk_gemm(__half const*, __half const*, __half*, int, int, int)",128,8704,0,208,0,128,"SQ_INST_LEVEL_LDS",8497637.000000,2086692168901,2086736029677
462,462,"Agent 1",1,19214,19214,131072,17,"pk_gemm(__half const*, __half const*, __half*, int, int, int)",128,8704,0,208,0,128,"SQ_WAIT_INST_LDS",1591055.000000,2086692168901,2086736029677
463,463,"Agent 1",1,19214,19214,131072,17,"pk_gemm(__half const*, __half const*, __half*, int, int, int)",128,8704,0,208,0,128,"ALUStalledByLDS",1.52164589e-03,2086736069075,2086800210852
463,463,"Agent 1",1,19214,19214,131072,17,"pk_gemm(__half const*, __half const*, __half*, int, int, int)",128,8704,0,208,0,128,"LDSBankConflict",12.500000,2086736069075,2086800210852
463,463,"Agent 1",1,19214,19214,131072,17,"pk_gemm(__half const*, __half const*, __half*, int, int, int)",128,8704,0,208,0,128,"MeanOccupancyPerCU",7.622567,2086736069075,2086800210852
463,463,"Agent 1",1,19214,19214,131072,17,"pk_gemm(__half const*, __half const*, __half*, int, int, int)",128,8704,0,208,0,128,"SQ_INSTS_LDS",83886080.000000,2086736069075,2086800210852
463,463,"Agent 1",1,19214,19214,131072,17,"pk_gemm(__half const*, __half const*, __half*, int, int, int)",128,8704,0,208,0,128,"SQ_INST_LEVEL_LDS",8569425.000000,2086736069075,2086800210852
463,463,"Agent 1",1,19214,19214,131072,17,"pk_gemm(__half const*, __half const*, __half*, int, int, int)",128,8704,0,208,0,128,"SQ_WAIT_INST_LDS",1497708.000000,2086736069075,2086800210852
464,464,"Agent 1",1,19214,19214,131072,17,"pk_gemm(__half const*, __half const*, __half*, int, int, int)",128,8704,0,208,0,128,"ALUStalledByLDS",1.93470439e-03,2086800253410,2086852082702
464,464,"Agent 1",1,19214,19214,131072,17,"pk_gemm(__half const*, __half const*, __half*, int, int, int)",128,8704,0,208,0,128,"LDSBankConflict",12.500000,2086800253410,2086852082702
464,464,"Agent 1",1,19214,19214,131072,17,"pk_gemm(__half const*, __half const*, __half*, int, int, int)",128,8704,0,208,0,128,"MeanOccupancyPerCU",7.658968,2086800253410,2086852082702
464,464,"Agent 1",1,19214,19214,131072,17,"pk_gemm(__half const*, __half const*, __half*, int, int, int)",128,8704,0,208,0,128,"SQ_INSTS_LDS",83886080.000000,2086800253410,2086852082702
464,464,"Agent 1",1,19214,19214,131072,17,"pk_gemm(__half const*, __half const*, __half*, int, int, int)",128,8704,0,208,0,128,"SQ_INST_LEVEL_LDS",8484550.000000,2086800253410,2086852082702
464,464,"Agent 1",1,19214,19214,131072,17,"pk_gemm(__half const*, __half const*, __half*, int, int, int)",128,8704,0,208,0,128,"SQ_WAIT_INST_LDS",1538239.000000,2086800253410,2086852082702
465,465,"Agent 1",1,19214,19214,131072,17,"pk_gemm(__half const*, __half const*, __half*, int, int, int)",128,8704,0,208,0,128,"ALUStalledByLDS",1.63182342e-03,2086852121719,2086913005478
465,465,"Agent 1",1,19214,19214,131072,17,"pk_gemm(__half const*, __half const*, __half*, int, int, int)",128,8704,0,208,0,128,"LDSBankConflict",12.500000,2086852121719,2086913005478
465,465,"Agent 1",1,19214,19214,131072,17,"pk_gemm(__half const*, __half const*, __half*, int, int, int)",128,8704,0,208,0,128,"MeanOccupancyPerCU",7.795867,2086852121719,2086913005478
465,465,"Agent 1",1,19214,19214,131072,17,"pk_gemm(__half const*, __half const*, __half*, int, int, int)",128,8704,0,208,0,128,"SQ_INSTS_LDS",83886080.000000,2086852121719,2086913005478
465,465,"Agent 1",1,19214,19214,131072,17,"pk_gemm(__half const*, __half const*, __half*, int, int, int)",128,8704,0,208,0,128,"SQ_INST_LEVEL_LDS",8585557.000000,2086852121719,2086913005478
465,465,"Agent 1",1,19214,19214,131072,17,"pk_gemm(__half const*, __half const*, __half*, int, int, int)",128,8704,0,208,0,128,"SQ_WAIT_INST_LDS",1523684.000000,2086852121719,2086913005478
466,466,"Agent 1",1,19214,19214,131072,17,"pk_gemm(__half const*, __half const*, __half*, int, int, int)",128,8704,0,208,0,128,"ALUStalledByLDS",1.48517100e-03,2086913045722,2086977983991
466,466,"Agent 1",1,19214,19214,131072,17,"pk_gemm(__half const*, __half const*, __half*, int, int, int)",128,8704,0,208,0,128,"LDSBankConflict",12.500000,2086913045722,2086977983991
466,466,"Agent 1",1,19214,19214,131072,17,"pk_gemm(__half const*, __half const*, __half*, int, int, int)",128,8704,0,208,0,128,"MeanOccupancyPerCU",7.576148,2086913045722,2086977983991
466,466,"Agent 1",1,19214,19214,131072,17,"pk_gemm(__half const*, __half const*, __half*, int, int, int)",128,8704,0,208,0,128,"SQ_INSTS_LDS",83886080.000000,2086913045722,2086977983991
466,466,"Agent 1",1,19214,19214,131072,17,"pk_gemm(__half const*, __half const*, __half*, int, int, int)",128,8704,0,208,0,128,"SQ_INST_LEVEL_LDS",8581971.000000,2086913045722,2086977983991
466,466,"Agent 1",1,19214,19214,131072,17,"pk_gemm(__half const*, __half const*, __half*, int, int, int)",128,8704,0,208,0,128,"SQ_WAIT_INST_LDS",1479487.000000,2086913045722,2086977983991
467,467,"Agent 1",1,19214,19214,131072,17,"pk_gemm(__half const*, __half const*, __half*, int, int, int)",128,8704,0,208,0,128,"ALUStalledByLDS",1.97106626e-03,2086978027431,2087029581207
467,467,"Agent 1",1,19214,19214,131072,17,"pk_gemm(__half const*, __half const*, __half*, int, int, int)",128,8704,0,208,0,128,"LDSBankConflict",12.500000,2086978027431,2087029581207
467,467,"Agent 1",1,19214,19214,131072,17,"pk_gemm(__half const*, __half const*, __half*, int, int, int)",128,8704,0,208,0,128,"MeanOccupancyPerCU",7.758064,2086978027431,2087029581207
467,467,"Agent 1",1,19214,19214,131072,17,"pk_gemm(__half const*, __half const*, __half*, int, int, int)",128,8704,0,208,0,128,"SQ_INSTS_LDS",83886080.000000,2086978027431,2087029581207
467,467,"Agent 1",1,19214,19214,131072,17,"pk_gemm(__half const*, __half const*, __half*, int, int, int)",128,8704,0,208,0,128,"SQ_INST_LEVEL_LDS",8504225.000000,2086978027431,2087029581207
467,467,"Agent 1",1,19214,19214,131072,17,"pk_gemm(__half const*, __half const*, __half*, int, int, int)",128,8704,0,208,0,128,"SQ_WAIT_INST_LDS",1558466.000000,2086978027431,2087029581207
468,468,"Agent 1",1,19214,19214,131072,17,"pk_gemm(__half const*, __half const*, __half*, int, int, int)",128,8704,0,208,0,128,"ALUStalledByLDS",1.82219126e-03,2087029619154,2087084984223
468,468,"Agent 1",1,19214,19214,131072,17,"pk_gemm(__half const*, __half const*, __half*, int, int, int)",128,8704,0,208,0,128,"LDSBankConflict",12.500000,2087029619154,2087084984223
468,468,"Agent 1",1,19214,19214,131072,17,"pk_gemm(__half const*, __half const*, __half*, int, int, int)",128,8704,0,208,0,128,"MeanOccupancyPerCU",7.702899,2087029619154,2087084984223
468,468,"Agent 1",1,19214,19214,131072,17,"pk_gemm(__half const*, __half const*, __half*, int, int, int)",128,8704,0,208,0,128,"SQ_INSTS_LDS",83886080.000000,2087029619154,2087084984223
468,468,"Agent 1",1,19214,19214,131072,17,"pk_gemm(__half const*, __half const*, __half*, int, int, int)",128,8704,0,208,0,128,"SQ_INST_LEVEL_LDS",8558821.000000,2087029619154,2087084984223
468,468,"Agent 1",1,19214,19214,131072,17,"pk_gemm(__half const*, __half const*, __half*, int, int, int)",128,8704,0,208,0,128,"SQ_WAIT_INST_LDS",1546851.000000,2087029619154,2087084984223
469,469,"Agent 1",1,19214,19214,131072,17,"pk_gemm(__half const*, __half const*, __half*, int, int, int)",128,8704,0,208,0,128,"ALUStalledByLDS",2.17124008e-03,2087085025179,2087131974015
469,469,"Agent 1",1,19214,19214,131072,17,"pk_gemm(__half const*, __half const*, __half*, int, int, int)",128,8704,0,208,0,128,"LDSBankConflict",12.500000,2087085025179,2087131974015
469,469,"Agent 1",1,19214,19214,131072,17,"pk_gemm(__half const*, __half const*, __half*, int, int, int)",128,8704,0,208,0,128,"MeanOccupancyPerCU",7.715951,2087085025179,2087131974015
469,469,"Agent 1",1,19214,19214,131072,17,"pk_gemm(__half const*, __half const*, __half*, int, int, int)",128,8704,0,208,0,128,"SQ_INSTS_LDS",83886080.000000,2087085025179,2087131974015
469,469,"Agent 1",1,19214,19214,131072,17,"pk_gemm(__half const*, __half const*, __half*, int, int, int)",128,8704,0,208,0,128,"SQ_INST_LEVEL_LDS",8466999.000000,2087085025179,2087131974015
469,469,"Agent 1",1,19214,19214,131072,17,"pk_gemm(__half const*, __half const*, __half*, int, int, int)",128,8704,0,208,0,128,"SQ_WAIT_INST_LDS",1564006.000000,2087085025179,2087131974015
470,470,"Agent 1",1,19214,19214,131072,17,"pk_gemm(__half const*, __half const*, __half*, int, int, int)",128,8704,0,208,0,128,"ALUStalledByLDS",2.37151317e-03,2087132010953,2087175217585
470,470,"Agent 1",1,19214,19214,131072,17,"pk_gemm(__half const*, __half const*, __half*, int, int, int)",128,8704,0,208,0,128,"LDSBankConflict",12.500000,2087132010953,2087175217585
470,470,"Agent 1",1,19214,19214,131072,17,"pk_gemm(__half const*, __half const*, __half*, int, int, int)",128,8704,0,208,0,128,"MeanOccupancyPerCU",7.764288,2087132010953,2087175217585
470,470,"Agent 1",1,19214,19214,131072,17,"pk_gemm(__half const*, __half const*, __half*, int, int, int)",128,8704,0,208,0,128,"SQ_INSTS_LDS",83886080.000000,2087132010953,2087175217585
470,470,"Agent 1",1,19214,19214,131072,17,"pk_gemm(__half const*, __half const*, __half*, int, int, int)",128,8704,0,208,0,128,"SQ_INST_LEVEL_LDS",8468599.000000,2087132010953,2087175217585
470,470,"Agent 1",1,19214,19214,131072,17,"pk_gemm(__half const*, __half const*, __half*, int, int, int)",128,8704,0,208,0,128,"SQ_WAIT_INST_LDS",1570433.000000,2087132010953,2087175217585
471,471,"Agent 1",1,19214,19214,131072,17,"pk_gemm(__half const*, __half const*, __half*, int, int, int)",128,8704,0,208,0,128,"ALUStalledByLDS",1.61466067e-03,2087175256617,2087235343124
471,471,"Agent 1",1,19214,19214,131072,17,"pk_gemm(__half const*, __half const*, __half*, int, int, int)",128,8704,0,208,0,128,"LDSBankConflict",12.500000,2087175256617,2087235343124
471,471,"Agent 1",1,19214,19214,131072,17,"pk_gemm(__half const*, __half const*, __half*, int, int, int)",128,8704,0,208,0,128,"MeanOccupancyPerCU",7.672704,2087175256617,2087235343124
471,471,"Agent 1",1,19214,19214,131072,17,"pk_gemm(__half const*, __half const*, __half*, int, int, int)",128,8704,0,208,0,128,"SQ_INSTS_LDS",83886080.000000,2087175256617,2087235343124
471,471,"Agent 1",1,19214,19214,131072,17,"pk_gemm(__half const*, __half const*, __half*, int, int, int)",128,8704,0,208,0,128,"SQ_INST_LEVEL_LDS",8539805.000000,2087175256617,2087235343124
471,471,"Agent 1",1,19214,19214,131072,17,"pk_gemm(__half const*, __half const*, __half*, int, int, int)",128,8704,0,208,0,128,"SQ_WAIT_INST_LDS",1487947.000000,2087175256617,2087235343124
472,472,"Agent 1",1,19214,19214,131072,17,"pk_gemm(__half const*, __half const*, __half*, int, int, int)",128,8704,0,208,0,128,"ALUStalledByLDS",2.17800160e-03,2087235379909,2087282670304
472,472,"Agent 1",1,19214,19214,131072,17,"pk_gemm(__half const*, __half const*, __half*, int, int, int)",128,8704,0,208,0,128,"LDSBankConflict",12.500000,2087235379909,2087282670304
472,472,"Agent 1",1,19214,19214,131072,17,"pk_gemm(__half const*, __half const*, __half*, int, int, int)",128,8704,0,208,0,128,"MeanOccupancyPerCU",7.683628,2087235379909,2087282670304
472,472,"Agent 1",1,19214,19214,131072,17,"pk_gemm(__half const*, __half const*, __half*, int, int, int)",128,8704,0,208,0,128,"SQ_INSTS_LDS",83886080.000000,2087235379909,2087282670304
472,472,"Agent 1",1,19214,19214,131072,17,"pk_gemm(__half const*, __half const*, __half*, int, int, int)",128,8704,0,208,0,128,"SQ_INST_LEVEL_LDS",8507794.000000,2087235379909,2087282670304
472,472,"Agent 1",1,19214,19214,131072,17,"pk_gemm(__half const*, __half const*, __half*, int, int, int)",128,8704,0,208,0,128,"SQ_WAIT_INST_LDS",1579175.000000,2087235379909,2087282670304
473,473,"Agent 1",1,19214,19214,131072,17,"pk_gemm(__half const*, __half const*, __half*, int, int, int)",128,8704,0,208,0,128,"ALUStalledByLDS",2.31082008e-03,2087282710458,2087327582928
473,473,"Agent 1",1,19214,19214,131072,17,"pk_gemm(__half const*, __half const*, __half*, int, int, int)",128,8704,0,208,0,128,"LDSBankConflict",12.500000,2087282710458,2087327582928
473,473,"Agent 1",1,19214,19214,131072,17,"pk_gemm(__half const*, __half const*, __half*, int, int, int)",128,8704,0,208,0,128,"MeanOccupancyPerCU",7.700665,2087282710458,2087327582928
473,473,"Agent 1",1,19214,19214,131072,17,"pk_gemm(__half const*, __half const*, __half*, int, int, int)",128,8704,0,208,0,128,"SQ_INSTS_LDS",83886080.000000,2087282710458,2087327582928
473,473,"Agent 1",1,19214,19214,131072,17,"pk_gemm(__half const*, __half const*, __half*, int, int, int)",128,8704,0,208,0,128,"SQ_INST_LEVEL_LDS",8463540.000000,2087282710458,2087327582928
473,473,"Agent 1",1,19214,19214,131072,17,"pk_gemm(__half const*, __half const*, __half*, int, int, int)",128,8704,0,208,0,128,"SQ_WAIT_INST_LDS",1589841.000000,2087282710458,2087327582928
474,474,"Agent 1",1,19214,19214,131072,17,"pk_gemm(__half const*, __half const*, __half*, int, int, int)",128,8704,0,208,0,128,"ALUStalledByLDS",1.71716945e-03,2087327620086,2087384773064
474,474,"Agent 1",1,19214,19214,131072,17,"pk_gemm(__half const*, __half const*, __half*, int, int, int)",128,8704,0,208,0,128,"LDSBankConflict",12.500000,2087327620086,2087384773064
474,474,"Agent 1",1,19214,19214,131072,17,"pk_gemm(__half const*, __half const*, __half*, int, int, int)",128,8704,0,208,0,128,"MeanOccupancyPerCU",7.555398,2087327620086,2087384773064
474,474,"Agent 1",1,19214,19214,131072,17,"pk_gemm(__half const*, __half const*, __half*, int, int, int)",128,8704,0,208,0,128,"SQ_INSTS_LDS",83886080.000000,2087327620086,2087384773064
474,474,"Agent 1",1,19214,19214,131072,17,"pk_gemm(__half const*, __half const*, __half*, int, int, int)",128,8704,0,208,0,128,"SQ_INST_LEVEL_LDS",8529434.000000,2087327620086,2087384773064
474,474,"Agent 1",1,19214,19214,131072,17,"pk_gemm(__half const*, __half const*, __half*, int, int, int)",128,8704,0,208,0,128,"SQ_WAIT_INST_LDS",1505343.000000,2087327620086,2087384773064
475,475,"Agent 1",1,19214,19214,131072,17,"pk_gemm(__half const*, __half const*, __half*, int, int, int)",128,8704,0,208,0,128,"ALUStalledByLDS",1.59867592e-03,2087384811175,2087446655173
475,475,"Agent 1",1,19214,19214,131072,17,"pk_gemm(__half const*, __half const*, __half*, int, int, int)",128,8704,0,208,0,128,"LDSBankConflict",12.500000,2087384811175,2087446655173
475,475,"Agent 1",1,19214,19214,131072,17,"pk_gemm(__half const*, __half const*, __half*, int, int, int)",128,8704,0,208,0,128,"MeanOccupancyPerCU",7.763734,2087384811175,2087446655173
475,475,"Agent 1",1,19214,19214,131072,17,"pk_gemm(__half const*, __half const*, __half*, int, int, int)",128,8704,0,208,0,128,"SQ_INSTS_LDS",83886080.000000,2087384811175,2087446655173
475,475,"Agent 1",1,19214,19214,131072,17,"pk_gemm(__half const*, __half const*, __half*, int, int, int)",128,8704,0,208,0,128,"SQ_INST_LEVEL_LDS",8588179.000000,2087384811175,2087446655173
475,475,"Agent 1",1,19214,19214,131072,17,"pk_gemm(__half const*, __half const*, __half*, int, int, int)",128,8704,0,208,0,128,"SQ_WAIT_INST_LDS",1516536.000000,2087384811175,2087446655173
476,476,"Agent 1",1,19214,19214,131072,17,"pk_gemm(__half const*, __half const*, __half*, int, int, int)",128,8704,0,208,0,128,"ALUStalledByLDS",1.42422027e-03,2087446690290,2087514138215
476,476,"Agent 1",1,19214,19214,131072,17,"pk_gemm(__half const*, __half const*, __half*, int, int, int)",128,8704,0,208,0,128,"LDSBankConflict",12.500000,2087446690290,2087514138215
476,476,"Agent 1",1,19214,19214,131072,17,"pk_gemm(__half const*, __half const*, __half*, int, int, int)",128,8704,0,208,0,128,"MeanOccupancyPerCU",7.704771,2087446690290,2087514138215
476,476,"Agent 1",1,19214,19214,131072,17,"pk_gemm(__half const*, __half const*, __half*, int, int, int)",128,8704,0,208,0,128,"SQ_INSTS_LDS",83886080.000000,2087446690290,2087514138215
476,476,"Agent 1",1,19214,19214,131072,17,"pk_gemm(__half const*, __half const*, __half*, int, int, int)",128,8704,0,208,0,128,"SQ_INST_LEVEL_LDS",8613970.000000,2087446690290,2087514138215
476,476,"Agent 1",1,19214,19214,131072,17,"pk_gemm(__half const*, __half const*, __half*, int, int, int)",128,8704,0,208,0,128,"SQ_WAIT_INST_LDS",1473628.000000,2087446690290,2087514138215
477,477,"Agent 1",1,19214,19214,131072,17,"pk_gemm(__half const*, __half const*, __half*, int, int, int)",128,8704,0,208,0,128,"ALUStalledByLDS",1.53364928e-03,2087514177802,2087578198111
477,477,"Agent 1",1,19214,19214,131072,17,"pk_gemm(__half const*, __half const*, __half*, int, int, int)",128,8704,0,208,0,128,"LDSBankConflict",12.500000,2087514177802,2087578198111
477,477,"Agent 1",1,19214,19214,131072,17,"pk_gemm(__half const*, __half const*, __half*, int, int, int)",128,8704,0,208,0,128,"MeanOccupancyPerCU",7.695949,2087514177802,2087578198111
477,477,"Agent 1",1,19214,19214,131072,17,"pk_gemm(__half const*, __half const*, __half*, int, int, int)",128,8704,0,208,0,128,"SQ_INSTS_LDS",83886080.000000,2087514177802,2087578198111
477,477,"Agent 1",1,19214,19214,131072,17,"pk_gemm(__half const*, __half const*, __half*, int, int, int)",128,8704,0,208,0,128,"SQ_INST_LEVEL_LDS",8610804.000000,2087514177802,2087578198111
477,477,"Agent 1",1,19214,19214,131072,17,"pk_gemm(__half const*, __half const*, __half*, int, int, int)",128,8704,0,208,0,128,"SQ_WAIT_INST_LDS",1507082.000000,2087514177802,2087578198111
478,478,"Agent 1",1,19214,19214,131072,17,"pk_gemm(__half const*, __half const*, __half*, int, int, int)",128,8704,0,208,0,128,"ALUStalledByLDS",1.63684721e-03,2087578236623,2087639178530
478,478,"Agent 1",1,19214,19214,131072,17,"pk_gemm(__half const*, __half const*, __half*, int, int, int)",128,8704,0,208,0,128,"LDSBankConflict",12.500000,2087578236623,2087639178530
478,478,"Agent 1",1,19214,19214,131072,17,"pk_gemm(__half const*, __half const*, __half*, int, int, int)",128,8704,0,208,0,128,"MeanOccupancyPerCU",7.696302,2087578236623,2087639178530
478,478,"Agent 1",1,19214,19214,131072,17,"pk_gemm(__half const*, __half const*, __half*, int, int, int)",128,8704,0,208,0,128,"SQ_INSTS_LDS",83886080.000000,2087578236623,2087639178530
478,478,"Agent 1",1,19214,19214,131072,17,"pk_gemm(__half const*, __half const*, __half*, int, int, int)",128,8704,0,208,0,128,"SQ_INST_LEVEL_LDS",8613107.000000,2087578236623,2087639178530
478,478,"Agent 1",1,19214,19214,131072,17,"pk_gemm(__half const*, __half const*, __half*, int, int, int)",128,8704,0,208,0,128,"SQ_WAIT_INST_LDS",1529343.000000,2087578236623,2087639178530
479,479,"Agent 1",1,19214,19214,131072,17,"pk_gemm(__half const*, __half const*, __half*, int, int, int)",128,8704,0,208,0,128,"ALUStalledByLDS",3.04948028e-03,2087639213581,2087674034438
479,479,"Agent 1",1,19214,19214,131072,17,"pk_gemm(__half const*, __half const*, __half*, int, int, int)",128,8704,0,208,0,128,"LDSBankConflict",12.500000,2087639213581,2087674034438
479,479,"Agent 1",1,19214,19214,131072,17,"pk_gemm(__half const*, __half const*, __half*, int, int, int)",128,8704,0,208,0,128,"MeanOccupancyPerCU",7.680320,2087639213581,2087674034438
479,479,"Agent 1",1,19214,19214,131072,17,"pk_gemm(__half const*, __half const*, __half*, int, int, int)",128,8704,0,208,0,128,"SQ_INSTS_LDS",83886080.000000,2087639213581,2087674034438
479,479,"Agent 1",1,19214,19214,131072,17,"pk_gemm(__half const*, __half const*, __half*, int, int, int)",128,8704,0,208,0,128,"SQ_INST_LEVEL_LDS",8395998.000000,2087639213581,2087674034438
479,479,"Agent 1",1,19214,19214,131072,17,"pk_gemm(__half const*, __half const*, __half*, int, int, int)",128,8704,0,208,0,128,"SQ_WAIT_INST_LDS",1627525.000000,2087639213581,2087674034438
480,480,"Agent 1",1,19214,19214,131072,17,"pk_gemm(__half const*, __half const*, __half*, int, int, int)",128,8704,0,208,0,128,"ALUStalledByLDS",1.76465664e-03,2087674070304,2087730206579
480,480,"Agent 1",1,19214,19214,131072,17,"pk_gemm(__half const*, __half const*, __half*, int, int, int)",128,8704,0,208,0,128,"LDSBankConflict",12.500000,2087674070304,2087730206579
480,480,"Agent 1",1,19214,19214,131072,17,"pk_gemm(__half const*, __half const*, __half*, int, int, int)",128,8704,0,208,0,128,"MeanOccupancyPerCU",7.700216,2087674070304,2087730206579
480,480,"Agent 1",1,19214,19214,131072,17,"pk_gemm(__half const*, __half const*, __half*, int, int, int)",128,8704,0,208,0,128,"SQ_INSTS_LDS",83886080.000000,2087674070304,2087730206579
480,480,"Agent 1",1,19214,19214,131072,17,"pk_gemm(__half const*, __half const*, __half*, int, int, int)",128,8704,0,208,0,128,"SQ_INST_LEVEL_LDS",8552902.000000,2087674070304,2087730206579
480,480,"Agent 1",1,19214,19214,131072,17,"pk_gemm(__half const*, __half const*, __half*, int, int, int)",128,8704,0,208,0,128,"SQ_WAIT_INST_LDS",1519040.000000,2087674070304,2087730206579
481,481,"Agent 1",1,19214,19214,131072,17,"pk_gemm(__half const*, __half const*, __half*, int, int, int)",128,8704,0,208,0,128,"ALUStalledByLDS",2.42468525e-03,2087730240854,2087772535820
481,481,"Agent 1",1,19214,19214,131072,17,"pk_gemm(__half const*, __half const*, __half*, int, int, int)",128,8704,0,208,0,128,"LDSBankConflict",12.500000,2087730240854,2087772535820
481,481,"Agent 1",1,19214,19214,131072,17,"pk_gemm(__half const*, __half const*, __half*, int, int, int)",128,8704,0,208,0,128,"MeanOccupancyPerCU",7.723661,2087730240854,2087772535820
481,481,"Agent 1",1,19214,19214,131072,17,"pk_gemm(__half const*, __half const*, __half*, int, int, int)",128,8704,0,208,0,128,"SQ_INSTS_LDS",83886080.000000,2087730240854,2087772535820
481,481,"Agent 1",1,19214,19214,131072,17,"pk_gemm(__half const*, __half const*, __half*, int, int, int)",128,8704,0,208,0,128,"SQ_INST_LEVEL_LDS",8427668.000000,2087730240854,2087772535820
481,481,"Agent 1",1,19214,19214,131072,17,"pk_gemm(__half const*, __half const*, __half*, int, int, int)",128,8704,0,208,0,128,"SQ_WAIT_INST_LDS",1573294.000000,2087730240854,2087772535820
482,482,"Agent 1",1,19214,19214,131072,17,"pk_gemm(__half const*, __half const*, __half*, int, int, int)",128,8704,0,208,0,128,"ALUStalledByLDS",1.62883631e-03,2087772572728,2087832906137
482,482,"Agent 1",1,19214,19214,131072,17,"pk_gemm(__half const*, __half const*, __half*, int, int, int)",128,8704,0,208,0,128,"LDSBankConflict",12.500000,2087772572728,2087832906137
482,482,"Agent 1",1,19214,19214,131072,17,"pk_gemm(__half const*, __half const*, __half*, int, int, int)",128,8704,0,208,0,128,"MeanOccupancyPerCU",7.654751,2087772572728,2087832906137
482,482,"Agent 1",1,19214,19214,131072,17,"pk_gemm(__half const*, __half const*, __half*, int, int, int)",128,8704,0,208,0,128,"SQ_INSTS_LDS",83886080.000000,2087772572728,2087832906137
482,482,"Agent 1",1,19214,19214,131072,17,"pk_gemm(__half const*, __half const*, __half*, int, int, int)",128,8704,0,208,0,128,"SQ_INST_LEVEL_LDS",8590223.000000,2087772572728,2087832906137
482,482,"Agent 1",1,19214,19214,131072,17,"pk_gemm(__half const*, __half const*, __half*, int, int, int)",128,8704,0,208,0,128,"SQ_WAIT_INST_LDS",1506041.000000,2087772572728,2087832906137
483,483,"Agent 1",1,19214,19214,131072,17,"pk_gemm(__half const*, __half const*, __half*, int, int, int)",128,8704,0,208,0,128,"ALUStalledByLDS",1.96077226e-03,2087832940284,2087884469494
483,483,"Agent 1",1,19214,19214,131072,17,"pk_gemm(__half const*, __half const*, __half*, int, int, int)",128,8704,0,208,0,128,"LDSBankConflict",12.500000,2087832940284,2087884469494
483,483,"Agent 1",1,19214,19214,131072,17,"pk_gemm(__half const*, __half const*, __half*, int, int, int)",128,8704,0,208,0,128,"MeanOccupancyPerCU",7.623334,2087832940284,2087884469494
483,483,"Agent 1",1,19214,19214,131072,17,"pk_gemm(__half const*, __half const*, __half*, int, int, int)",128,8704,0,208,0,128,"SQ_INSTS_LDS",83886080.000000,2087832940284,2087884469494
483,483,"Agent 1",1,19214,19214,131072,17,"pk_gemm(__half const*, __half const*, __half*, int, int, int)",128,8704,0,208,0,128,"SQ_INST_LEVEL_LDS",8531873.000000,2087832940284,2087884469494
483,483,"Agent 1",1,19214,19214,131072,17,"pk_gemm(__half const*, __half const*, __half*, int, int, int)",128,8704,0,208,0,128,"SQ_WAIT_INST_LDS",1549376.000000,2087832940284,2087884469494
484,484,"Agent 1",1,19214,19214,131072,17,"pk_gemm(__half const*, __half const*, __half*, int, int, int)",128,8704,0,208,0,128,"ALUStalledByLDS",1.97573071e-03,2087884547439,2087936313333
484,484,"Agent 1",1,19214,19214,131072,17,"pk_gemm(__half const*, __half const*, __half*, int, int, int)",128,8704,0,208,0,128,"LDSBankConflict",12.500000,2087884547439,2087936313333
484,484,"Agent 1",1,19214,19214,131072,17,"pk_gemm(__half const*, __half const*, __half*, int, int, int)",128,8704,0,208,0,128,"MeanOccupancyPerCU",7.735427,2087884547439,2087936313333
484,484,"Agent 1",1,19214,19214,131072,17,"pk_gemm(__half const*, __half const*, __half*, int, int, int)",128,8704,0,208,0,128,"SQ_INSTS_LDS",83886080.000000,2087884547439,2087936313333
484,484,"Agent 1",1,19214,19214,131072,17,"pk_gemm(__half const*, __half const*, __half*, int, int, int)",128,8704,0,208,0,128,"SQ_INST_LEVEL_LDS",8517570.000000,2087884547439,2087936313333
484,484,"Agent 1",1,19214,19214,131072,17,"pk_gemm(__half const*, __half const*, __half*, int, int, int)",128,8704,0,208,0,128,"SQ_WAIT_INST_LDS",1568028.000000,2087884547439,2087936313333
485,485,"Agent 1",1,19214,19214,131072,17,"pk_gemm(__half const*, __half const*, __half*, int, int, int)",128,8704,0,208,0,128,"ALUStalledByLDS",2.66856834e-03,2087936354388,2087975692659
485,485,"Agent 1",1,19214,19214,131072,17,"pk_gemm(__half const*, __half const*, __half*, int, int, int)",128,8704,0,208,0,128,"LDSBankConflict",12.500000,2087936354388,2087975692659
485,485,"Agent 1",1,19214,19214,131072,17,"pk_gemm(__half const*, __half const*, __half*, int, int, int)",128,8704,0,208,0,128,"MeanOccupancyPerCU",7.672838,2087936354388,2087975692659
485,485,"Agent 1",1,19214,19214,131072,17,"pk_gemm(__half const*, __half const*, __half*, int, int, int)",128,8704,0,208,0,128,"SQ_INSTS_LDS",83886080.000000,2087936354388,2087975692659
485,485,"Agent 1",1,19214,19214,131072,17,"pk_gemm(__half const*, __half const*, __half*, int, int, int)",128,8704,0,208,0,128,"SQ_INST_LEVEL_LDS",8435480.000000,2087936354388,2087975692659
485,485,"Agent 1",1,19214,19214,131072,17,"pk_gemm(__half const*, __half const*, __half*, int, int, int)",128,8704,0,208,0,128,"SQ_WAIT_INST_LDS",1609837.000000,2087936354388,2087975692659
486,486,"Agent 1",1,19214,19214,131072,17,"pk_gemm(__half const*, __half const*, __half*, int, int, int)",128,8704,0,208,0,128,"ALUStalledByLDS",1.93788274e-03,2087975736219,2088028105642
486,486,"Agent 1",1,19214,19214,131072,17,"pk_gemm(__half const*, __half const*, __half*, int, int, int)",128,8704,0,208,0,128,"LDSBankConflict",12.500000,2087975736219,2088028105642
486,486,"Agent 1",1,19214,19214,131072,17,"pk_gemm(__half const*, __half const*, __half*, int, int, int)",128,8704,0,208,0,128,"MeanOccupancyPerCU",7.785019,2087975736219,2088028105642
486,486,"Agent 1",1,19214,19214,131072,17,"pk_gemm(__half const*, __half const*, __half*, int, int, int)",128,8704,0,208,0,128,"SQ_INSTS_LDS",83886080.000000,2087975736219,2088028105642
486,486,"Agent 1",1,19214,19214,131072,17,"pk_gemm(__half const*, __half const*, __half*, int, int, int)",128,8704,0,208,0,128,"SQ_INST_LEVEL_LDS",8531955.000000,2087975736219,2088028105642
486,486,"Agent 1",1,19214,19214,131072,17,"pk_gemm(__half const*, __half const*, __half*, int, int, int)",128,8704,0,208,0,128,"SQ_WAIT_INST_LDS",1555871.000000,2087975736219,2088028105642
487,487,"Agent 1",1,19214,19214,131072,17,"pk_gemm(__half const*, __half const*, __half*, int, int, int)",128,8704,0,208,0,128,"ALUStalledByLDS",1.90474084e-03,2088028144519,2088081338966
487,487,"Agent 1",1,19214,19214,131072,17,"pk_gemm(__half const*, __half const*, __half*, int, int, int)",128,8704,0,208,0,128,"LDSBankConflict",12.500000,2088028144519,2088081338966
487,487,"Agent 1",1,19214,19214,131072,17,"pk_gemm(__half const*, __half const*, __half*, int, int, int)",128,8704,0,208,0,128,"MeanOccupancyPerCU",7.735403,2088028144519,2088081338966
487,487,"Agent 1",1,19214,19214,131072,17,"pk_gemm(__half const*, __half const*, __half*, int, int, int)",128,8704,0,208,0,128,"SQ_INSTS_LDS",83886080.000000,2088028144519,2088081338966
487,487,"Agent 1",1,19214,19214,131072,17,"pk_gemm(__half const*, __half const*, __half*, int, int, int)",128,8704,0,208,0,128,"SQ_INST_LEVEL_LDS",8519223.000000,2088028144519,2088081338966
487,487,"Agent 1",1,19214,19214,131072,17,"pk_gemm(__half const*, __half const*, __half*, int, int, int)",128,8704,0,208,0,128,"SQ_WAIT_INST_LDS",1552869.000000,2088028144519,2088081338966
488,488,"Agent 1",1,19214,19214,131072,17,"pk_gemm(__half const*, __half const*, __half*, int, int, int)",128,8704,0,208,0,128,"ALUStalledByLDS",1.95585207e-03,2088081384009,2088134154943
488,488,"Agent 1",1,19214,19214,131072,17,"pk_gemm(__half const*, __half const*, __half*, int, int, int)",128,8704,0,208,0,128,"LDSBankConflict",12.500000,2088081384009,2088134154943
488,488,"Agent 1",1,19214,19214,131072,17,"pk_gemm(__half const*, __half const*, __half*, int, int, int)",128,8704,0,208,0,128,"MeanOccupancyPerCU",7.688592,2088081384009,2088134154943
488,488,"Agent 1",1,19214,19214,131072,17,"pk_gemm(__half const*, __half const*, __half*, int, int, int)",128,8704,0,208,0,128,"SQ_INSTS_LDS",83886080.000000,2088081384009,2088134154943
488,488,"Agent 1",1,19214,19214,131072,17,"pk_gemm(__half const*, __half const*, __half*, int, int, int)",128,8704,0,208,0,128,"SQ_INST_LEVEL_LDS",8569933.000000,2088081384009,2088134154943
488,488,"Agent 1",1,19214,19214,131072,17,"pk_gemm(__half const*, __half const*, __half*, int, int, int)",128,8704,0,208,0,128,"SQ_WAIT_INST_LDS",1582472.000000,2088081384009,2088134154943
489,489,"Agent 1",1,19214,19214,131072,17,"pk_gemm(__half const*, __half const*, __half*, int, int, int)",128,8704,0,208,0,128,"ALUStalledByLDS",3.23663171e-03,2088134191924,2088167260500
489,489,"Agent 1",1,19214,19214,131072,17,"pk_gemm(__half const*, __half const*, __half*, int, int, int)",128,8704,0,208,0,128,"LDSBankConflict",12.500000,2088134191924,2088167260500
489,489,"Agent 1",1,19214,19214,131072,17,"pk_gemm(__half const*, __half const*, __half*, int, int, int)",128,8704,0,208,0,128,"MeanOccupancyPerCU",7.582505,2088134191924,2088167260500
489,489,"Agent 1",1,19214,19214,131072,17,"pk_gemm(__half const*, __half const*, __half*, int, int, int)",128,8704,0,208,0,128,"SQ_INSTS_LDS",83886080.000000,2088134191924,2088167260500
489,489,"Agent 1",1,19214,19214,131072,17,"pk_gemm(__half const*, __half const*, __half*, int, int, int)",128,8704,0,208,0,128,"SQ_INST_LEVEL_LDS",8363126.000000,2088134191924,2088167260500
489,489,"Agent 1",1,19214,19214,131072,17,"pk_gemm(__half const*, __half const*, __half*, int, int, int)",128,8704,0,208,0,128,"SQ_WAIT_INST_LDS",1640790.000000,2088134191924,2088167260500
490,490,"Agent 1",1,19214,19214,131072,17,"pk_gemm(__half const*, __half const*, __half*, int, int, int)",128,8704,0,208,0,128,"ALUStalledByLDS",2.46096802e-03,2088167301776,2088209748105
490,490,"Agent 1",1,19214,19214,131072,17,"pk_gemm(__half const*, __half const*, __half*, int, int, int)",128,8704,0,208,0,128,"LDSBankConflict",12.500000,2088167301776,2088209748105
490,490,"Agent 1",1,19214,19214,131072,17,"pk_gemm(__half const*, __half const*, __half*, int, int, int)",128,8704,0,208,0,128,"MeanOccupancyPerCU",7.619663,2088167301776,2088209748105
490,490,"Agent 1",1,19214,19214,131072,17,"pk_gemm(__half const*, __half const*, __half*, int, int, int)",128,8704,0,208,0,128,"SQ_INSTS_LDS",83886080.000000,2088167301776,2088209748105
490,490,"Agent 1",1,19214,19214,131072,17,"pk_gemm(__half const*, __half const*, __half*, int, int, int)",128,8704,0,208,0,128,"SQ_INST_LEVEL_LDS",8480833.000000,2088167301776,2088209748105
490,490,"Agent 1",1,19214,19214,131072,17,"pk_gemm(__half const*, __half const*, __half*, int, int, int)",128,8704,0,208,0,128,"SQ_WAIT_INST_LDS",1601614.000000,2088167301776,2088209748105
491,491,"Agent 1",1,19214,19214,131072,17,"pk_gemm(__half const*, __half const*, __half*, int, int, int)",128,8704,0,208,0,128,"ALUStalledByLDS",1.92503063e-03,2088209785617,2088262840563
491,491,"Agent 1",1,19214,19214,131072,17,"pk_gemm(__half const*, __half const*, __half*, int, int, int)",128,8704,0,208,0,128,"LDSBankConflict",12.500000,2088209785617,2088262840563
491,491,"Agent 1",1,19214,19214,131072,17,"pk_gemm(__half const*, __half const*, __half*, int, int, int)",128,8704,0,208,0,128,"MeanOccupancyPerCU",7.800025,2088209785617,2088262840563
491,491,"Agent 1",1,19214,19214,131072,17,"pk_gemm(__half const*, __half const*, __half*, int, int, int)",128,8704,0,208,0,128,"SQ_INSTS_LDS",83886080.000000,2088209785617,2088262840563
491,491,"Agent 1",1,19214,19214,131072,17,"pk_gemm(__half const*, __half const*, __half*, int, int, int)",128,8704,0,208,0,128,"SQ_INST_LEVEL_LDS",8573086.000000,2088209785617,2088262840563
491,491,"Agent 1",1,19214,19214,131072,17,"pk_gemm(__half const*, __half const*, __half*, int, int, int)",128,8704,0,208,0,128,"SQ_WAIT_INST_LDS",1566253.000000,2088209785617,2088262840563
492,492,"Agent 1",1,19214,19214,131072,17,"pk_gemm(__half const*, __half const*, __half*, int, int, int)",128,8704,0,208,0,128,"ALUStalledByLDS",2.26107184e-03,2088262881599,2088308331590
492,492,"Agent 1",1,19214,19214,131072,17,"pk_gemm(__half const*, __half const*, __half*, int, int, int)",128,8704,0,208,0,128,"LDSBankConflict",12.500000,2088262881599,2088308331590
492,492,"Agent 1",1,19214,19214,131072,17,"pk_gemm(__half const*, __half const*, __half*, int, int, int)",128,8704,0,208,0,128,"MeanOccupancyPerCU",7.734527,2088262881599,2088308331590
492,492,"Agent 1",1,19214,19214,131072,17,"pk_gemm(__half const*, __half const*, __half*, int, int, int)",128,8704,0,208,0,128,"SQ_INSTS_LDS",83886080.000000,2088262881599,2088308331590
492,492,"Agent 1",1,19214,19214,131072,17,"pk_gemm(__half const*, __half const*, __half*, int, int, int)",128,8704,0,208,0,128,"SQ_INST_LEVEL_LDS",8467285.000000,2088262881599,2088308331590
492,492,"Agent 1",1,19214,19214,131072,17,"pk_gemm(__half const*, __half const*, __half*, int, int, int)",128,8704,0,208,0,128,"SQ_WAIT_INST_LDS",1575966.000000,2088262881599,2088308331590
493,493,"Agent 1",1,19214,19214,131072,17,"pk_gemm(__half const*, __half const*, __half*, int, int, int)",128,8704,0,208,0,128,"ALUStalledByLDS",1.96181132e-03,2088308368832,2088360798448
493,493,"Agent 1",1,19214,19214,131072,17,"pk_gemm(__half const*, __half const*, __half*, int, int, int)",128,8704,0,208,0,128,"LDSBankConflict",12.500000,2088308368832,2088360798448
493,493,"Agent 1",1,19214,19214,131072,17,"pk_gemm(__half const*, __half const*, __half*, int, int, int)",128,8704,0,208,0,128,"MeanOccupancyPerCU",7.643891,2088308368832,2088360798448
493,493,"Agent 1",1,19214,19214,131072,17,"pk_gemm(__half const*, __half const*, __half*, int, int, int)",128,8704,0,208,0,128,"SQ_INSTS_LDS",83886080.000000,2088308368832,2088360798448
493,493,"Agent 1",1,19214,19214,131072,17,"pk_gemm(__half const*, __half const*, __half*, int, int, int)",128,8704,0,208,0,128,"SQ_INST_LEVEL_LDS",8559743.000000,2088308368832,2088360798448
493,493,"Agent 1",1,19214,19214,131072,17,"pk_gemm(__half const*, __half const*, __half*, int, int, int)",128,8704,0,208,0,128,"SQ_WAIT_INST_LDS",1577405.000000,2088308368832,2088360798448
494,494,"Agent 1",1,19214,19214,131072,17,"pk_gemm(__half const*, __half const*, __half*, int, int, int)",128,8704,0,208,0,128,"ALUStalledByLDS",1.48126536e-03,2088360838503,2088426169988
494,494,"Agent 1",1,19214,19214,131072,17,"pk_gemm(__half const*, __half const*, __half*, int, int, int)",128,8704,0,208,0,128,"LDSBankConflict",12.500000,2088360838503,2088426169988
494,494,"Agent 1",1,19214,19214,131072,17,"pk_gemm(__half const*, __half const*, __half*, int, int, int)",128,8704,0,208,0,128,"MeanOccupancyPerCU",7.697439,2088360838503,2088426169988
494,494,"Agent 1",1,19214,19214,131072,17,"pk_gemm(__half const*, __half const*, __half*, int, int, int)",128,8704,0,208,0,128,"SQ_INSTS_LDS",83886080.000000,2088360838503,2088426169988
494,494,"Agent 1",1,19214,19214,131072,17,"pk_gemm(__half const*, __half const*, __half*, int, int, int)",128,8704,0,208,0,128,"SQ_INST_LEVEL_LDS",8651073.000000,2088360838503,2088426169988
494,494,"Agent 1",1,19214,19214,131072,17,"pk_gemm(__half const*, __half const*, __half*, int, int, int)",128,8704,0,208,0,128,"SQ_WAIT_INST_LDS",1483546.000000,2088360838503,2088426169988
495,495,"Agent 1",1,19214,19214,131072,17,"pk_gemm(__half const*, __half const*, __half*, int, int, int)",128,8704,0,208,0,128,"ALUStalledByLDS",1.48099540e-03,2088426212558,2088491882277
495,495,"Agent 1",1,19214,19214,131072,17,"pk_gemm(__half const*, __half const*, __half*, int, int, int)",128,8704,0,208,0,128,"LDSBankConflict",12.500000,2088426212558,2088491882277
495,495,"Agent 1",1,19214,19214,131072,17,"pk_gemm(__half const*, __half const*, __half*, int, int, int)",128,8704,0,208,0,128,"MeanOccupancyPerCU",7.540189,2088426212558,2088491882277
495,495,"Agent 1",1,19214,19214,131072,17,"pk_gemm(__half const*, __half const*, __half*, int, int, int)",128,8704,0,208,0,128,"SQ_INSTS_LDS",83886080.000000,2088426212558,2088491882277
495,495,"Agent 1",1,19214,19214,131072,17,"pk_gemm(__half const*, __half const*, __half*, int, int, int)",128,8704,0,208,0,128,"SQ_INST_LEVEL_LDS",8601595.000000,2088426212558,2088491882277
495,495,"Agent 1",1,19214,19214,131072,17,"pk_gemm(__half const*, __half const*, __half*, int, int, int)",128,8704,0,208,0,128,"SQ_WAIT_INST_LDS",1490806.000000,2088426212558,2088491882277
496,496,"Agent 1",1,19214,19214,131072,17,"pk_gemm(__half const*, __half const*, __half*, int, int, int)",128,8704,0,208,0,128,"ALUStalledByLDS",1.42319830e-03,2088491921413,2088560138899
496,496,"Agent 1",1,19214,19214,131072,17,"pk_gemm(__half const*, __half const*, __half*, int, int, int)",128,8704,0,208,0,128,"LDSBankConflict",12.500000,2088491921413,2088560138899
496,496,"Agent 1",1,19214,19214,131072,17,"pk_gemm(__half const*, __half const*, __half*, int, int, int)",128,8704,0,208,0,128,"MeanOccupancyPerCU",7.729139,2088491921413,2088560138899
496,496,"Agent 1",1,19214,19214,131072,17,"pk_gemm(__half const*, __half const*, __half*, int, int, int)",128,8704,0,208,0,128,"SQ_INSTS_LDS",83886080.000000,2088491921413,2088560138899
496,496,"Agent 1",1,19214,19214,131072,17,"pk_gemm(__half const*, __half const*, __half*, int, int, int)",128,8704,0,208,0,128,"SQ_INST_LEVEL_LDS",8634639.000000,2088491921413,2088560138899
496,496,"Agent 1",1,19214,19214,131072,17,"pk_gemm(__half const*, __half const*, __half*, int, int, int)",128,8704,0,208,0,128,"SQ_WAIT_INST_LDS",1488794.000000,2088491921413,2088560138899
497,497,"Agent 1",1,19214,19214,131072,17,"pk_gemm(__half const*, __half const*, __half*, int, int, int)",128,8704,0,208,0,128,"ALUStalledByLDS",2.11043000e-03,2088560179574,2088608607058
497,497,"Agent 1",1,19214,19214,131072,17,"pk_gemm(__half const*, __half const*, __half*, int, int, int)",128,8704,0,208,0,128,"LDSBankConflict",12.500000,2088560179574,2088608607058
497,497,"Agent 1",1,19214,19214,131072,17,"pk_gemm(__half const*, __half const*, __half*, int, int, int)",128,8704,0,208,0,128,"MeanOccupancyPerCU",7.762947,2088560179574,2088608607058
497,497,"Agent 1",1,19214,19214,131072,17,"pk_gemm(__half const*, __half const*, __half*, int, int, int)",128,8704,0,208,0,128,"SQ_INSTS_LDS",83886080.000000,2088560179574,2088608607058
497,497,"Agent 1",1,19214,19214,131072,17,"pk_gemm(__half const*, __half const*, __half*, int, int, int)",128,8704,0,208,0,128,"SQ_INST_LEVEL_LDS",8503701.000000,2088560179574,2088608607058
497,497,"Agent 1",1,19214,19214,131072,17,"pk_gemm(__half const*, __half const*, __half*, int, int, int)",128,8704,0,208,0,128,"SQ_WAIT_INST_LDS",1566434.000000,2088560179574,2088608607058
498,498,"Agent 1",1,19214,19214,131072,17,"pk_gemm(__half const*, __half const*, __half*, int, int, int)",128,8704,0,208,0,128,"ALUStalledByLDS",2.47465872e-03,2088608643397,2088650513047
498,498,"Agent 1",1,19214,19214,131072,17,"pk_gemm(__half const*, __half const*, __half*, int, int, int)",128,8704,0,208,0,128,"LDSBankConflict",12.500000,2088608643397,2088650513047
498,498,"Agent 1",1,19214,19214,131072,17,"pk_gemm(__half const*, __half const*, __half*, int, int, int)",128,8704,0,208,0,128,"MeanOccupancyPerCU",7.658299,2088608643397,2088650513047
498,498,"Agent 1",1,19214,19214,131072,17,"pk_gemm(__half const*, __half const*, __half*, int, int, int)",128,8704,0,208,0,128,"SQ_INSTS_LDS",83886080.000000,2088608643397,2088650513047
498,498,"Agent 1",1,19214,19214,131072,17,"pk_gemm(__half const*, __half const*, __half*, int, int, int)",128,8704,0,208,0,128,"SQ_INST_LEVEL_LDS",8446407.000000,2088608643397,2088650513047
498,498,"Agent 1",1,19214,19214,131072,17,"pk_gemm(__half const*, __half const*, __half*, int, int, int)",128,8704,0,208,0,128,"SQ_WAIT_INST_LDS",1589063.000000,2088608643397,2088650513047
499,499,"Agent 1",1,19214,19214,131072,17,"pk_gemm(__half const*, __half const*, __half*, int, int, int)",128,8704,0,208,0,128,"ALUStalledByLDS",1.67212597e-03,2088650550957,2088708471770
499,499,"Agent 1",1,19214,19214,131072,17,"pk_gemm(__half const*, __half const*, __half*, int, int, int)",128,8704,0,208,0,128,"LDSBankConflict",12.500000,2088650550957,2088708471770
499,499,"Agent 1",1,19214,19214,131072,17,"pk_gemm(__half const*, __half const*, __half*, int, int, int)",128,8704,0,208,0,128,"MeanOccupancyPerCU",7.505056,2088650550957,2088708471770
499,499,"Agent 1",1,19214,19214,131072,17,"pk_gemm(__half const*, __half const*, __half*, int, int, int)",128,8704,0,208,0,128,"SQ_INSTS_LDS",83886080.000000,2088650550957,2088708471770
499,499,"Agent 1",1,19214,19214,131072,17,"pk_gemm(__half const*, __half const*, __half*, int, int, int)",128,8704,0,208,0,128,"SQ_INST_LEVEL_LDS",8525171.000000,2088650550957,2088708471770
499,499,"Agent 1",1,19214,19214,131072,17,"pk_gemm(__half const*, __half const*, __half*, int, int, int)",128,8704,0,208,0,128,"SQ_WAIT_INST_LDS",1485494.000000,2088650550957,2088708471770
500,500,"Agent 1",1,19214,19214,131072,17,"pk_gemm(__half const*, __half const*, __half*, int, int, int)",128,8704,0,208,0,128,"ALUStalledByLDS",1.93449503e-03,2088708509297,2088761741334
500,500,"Agent 1",1,19214,19214,131072,17,"pk_gemm(__half const*, __half const*, __half*, int, int, int)",128,8704,0,208,0,128,"LDSBankConflict",12.500000,2088708509297,2088761741334
500,500,"Agent 1",1,19214,19214,131072,17,"pk_gemm(__half const*, __half const*, __half*, int, int, int)",128,8704,0,208,0,128,"MeanOccupancyPerCU",7.743744,2088708509297,2088761741334
500,500,"Agent 1",1,19214,19214,131072,17,"pk_gemm(__half const*, __half const*, __half*, int, int, int)",128,8704,0,208,0,128,"SQ_INSTS_LDS",83886080.000000,2088708509297,2088761741334
500,500,"Agent 1",1,19214,19214,131072,17,"pk_gemm(__half const*, __half const*, __half*, int, int, int)",128,8704,0,208,0,128,"SQ_INST_LEVEL_LDS",8550509.000000,2088708509297,2088761741334
500,500,"Agent 1",1,19214,19214,131072,17,"pk_gemm(__half const*, __half const*, __half*, int, int, int)",128,8704,0,208,0,128,"SQ_WAIT_INST_LDS",1578208.000000,2088708509297,2088761741334
501,501,"Agent 1",1,19214,19214,131072,17,"pk_gemm(__half const*, __half const*, __half*, int, int, int)",128,8704,0,208,0,128,"ALUStalledByLDS",2.70248547e-03,2088761781449,2088800493107
501,501,"Agent 1",1,19214,19214,131072,17,"pk_gemm(__half const*, __half const*, __half*, int, int, int)",128,8704,0,208,0,128,"LDSBankConflict",12.500000,2088761781449,2088800493107
501,501,"Agent 1",1,19214,19214,131072,17,"pk_gemm(__half const*, __half const*, __half*, int, int, int)",128,8704,0,208,0,128,"MeanOccupancyPerCU",7.614113,2088761781449,2088800493107
501,501,"Agent 1",1,19214,19214,131072,17,"pk_gemm(__half const*, __half const*, __half*, int, int, int)",128,8704,0,208,0,128,"SQ_INSTS_LDS",83886080.000000,2088761781449,2088800493107
501,501,"Agent 1",1,19214,19214,131072,17,"pk_gemm(__half const*, __half const*, __half*, int, int, int)",128,8704,0,208,0,128,"SQ_INST_LEVEL_LDS",8427382.000000,2088761781449,2088800493107
501,501,"Agent 1",1,19214,19214,131072,17,"pk_gemm(__half const*, __half const*, __half*, int, int, int)",128,8704,0,208,0,128,"SQ_WAIT_INST_LDS",1603985.000000,2088761781449,2088800493107
502,502,"Agent 1",1,19214,19214,131072,17,"pk_gemm(__half const*, __half const*, __half*, int, int, int)",128,8704,0,208,0,128,"ALUStalledByLDS",1.50982475e-03,2088800527681,2088863991349
502,502,"Agent 1",1,19214,19214,131072,17,"pk_gemm(__half const*, __half const*, __half*, int, int, int)",128,8704,0,208,0,128,"LDSBankConflict",12.500000,2088800527681,2088863991349
502,502,"Agent 1",1,19214,19214,131072,17,"pk_gemm(__half const*, __half const*, __half*, int, int, int)",128,8704,0,208,0,128,"MeanOccupancyPerCU",7.597115,2088800527681,2088863991349
502,502,"Agent 1",1,19214,19214,131072,17,"pk_gemm(__half const*, __half const*, __half*, int, int, int)",128,8704,0,208,0,128,"SQ_INSTS_LDS",83886080.000000,2088800527681,2088863991349
502,502,"Agent 1",1,19214,19214,131072,17,"pk_gemm(__half const*, __half const*, __half*, int, int, int)",128,8704,0,208,0,128,"SQ_INST_LEVEL_LDS",8561677.000000,2088800527681,2088863991349
502,502,"Agent 1",1,19214,19214,131072,17,"pk_gemm(__half const*, __half const*, __half*, int, int, int)",128,8704,0,208,0,128,"SQ_WAIT_INST_LDS",1469062.000000,2088800527681,2088863991349
503,503,"Agent 1",1,19214,19214,131072,17,"pk_gemm(__half const*, __half const*, __half*, int, int, int)",128,8704,0,208,0,128,"ALUStalledByLDS",1.48560341e-03,2088864033881,2088929148441
503,503,"Agent 1",1,19214,19214,131072,17,"pk_gemm(__half const*, __half const*, __half*, int, int, int)",128,8704,0,208,0,128,"LDSBankConflict",12.500000,2088864033881,2088929148441
503,503,"Agent 1",1,19214,19214,131072,17,"pk_gemm(__half const*, __half const*, __half*, int, int, int)",128,8704,0,208,0,128,"MeanOccupancyPerCU",7.744419,2088864033881,2088929148441
503,503,"Agent 1",1,19214,19214,131072,17,"pk_gemm(__half const*, __half const*, __half*, int, int, int)",128,8704,0,208,0,128,"SQ_INSTS_LDS",83886080.000000,2088864033881,2088929148441
503,503,"Agent 1",1,19214,19214,131072,17,"pk_gemm(__half const*, __half const*, __half*, int, int, int)",128,8704,0,208,0,128,"SQ_INST_LEVEL_LDS",8586940.000000,2088864033881,2088929148441
503,503,"Agent 1",1,19214,19214,131072,17,"pk_gemm(__half const*, __half const*, __half*, int, int, int)",128,8704,0,208,0,128,"SQ_WAIT_INST_LDS",1482988.000000,2088864033881,2088929148441
504,504,"Agent 1",1,19214,19214,131072,17,"pk_gemm(__half const*, __half const*, __half*, int, int, int)",128,8704,0,208,0,128,"ALUStalledByLDS",1.94457944e-03,2088929185870,2088980570731
504,504,"Agent 1",1,19214,19214,131072,17,"pk_gemm(__half const*, __half const*, __half*, int, int, int)",128,8704,0,208,0,128,"LDSBankConflict",12.500000,2088929185870,2088980570731
504,504,"Agent 1",1,19214,19214,131072,17,"pk_gemm(__half const*, __half const*, __half*, int, int, int)",128,8704,0,208,0,128,"MeanOccupancyPerCU",7.715280,2088929185870,2088980570731
504,504,"Agent 1",1,19214,19214,131072,17,"pk_gemm(__half const*, __half const*, __half*, int, int, int)",128,8704,0,208,0,128,"SQ_INSTS_LDS",83886080.000000,2088929185870,2088980570731
504,504,"Agent 1",1,19214,19214,131072,17,"pk_gemm(__half const*, __half const*, __half*, int, int, int)",128,8704,0,208,0,128,"SQ_INST_LEVEL_LDS",8487861.000000,2088929185870,2088980570731
504,504,"Agent 1",1,19214,19214,131072,17,"pk_gemm(__half const*, __half const*, __half*, int, int, int)",128,8704,0,208,0,128,"SQ_WAIT_INST_LDS",1531591.000000,2088929185870,2088980570731
505,505,"Agent 1",1,19214,19214,131072,17,"pk_gemm(__half const*, __half const*, __half*, int, int, int)",128,8704,0,208,0,128,"ALUStalledByLDS",1.52464565e-03,2088980606869,2089045501335
505,505,"Agent 1",1,19214,19214,131072,17,"pk_gemm(__half const*, __half const*, __half*, int, int, int)",128,8704,0,208,0,128,"LDSBankConflict",12.500000,2088980606869,2089045501335
505,505,"Agent 1",1,19214,19214,131072,17,"pk_gemm(__half const*, __half const*, __half*, int, int, int)",128,8704,0,208,0,128,"MeanOccupancyPerCU",7.707681,2088980606869,2089045501335
505,505,"Agent 1",1,19214,19214,131072,17,"pk_gemm(__half const*, __half const*, __half*, int, int, int)",128,8704,0,208,0,128,"SQ_INSTS_LDS",83886080.000000,2088980606869,2089045501335
505,505,"Agent 1",1,19214,19214,131072,17,"pk_gemm(__half const*, __half const*, __half*, int, int, int)",128,8704,0,208,0,128,"SQ_INST_LEVEL_LDS",8646022.000000,2088980606869,2089045501335
505,505,"Agent 1",1,19214,19214,131072,17,"pk_gemm(__half const*, __half const*, __half*, int, int, int)",128,8704,0,208,0,128,"SQ_WAIT_INST_LDS",1517216.000000,2088980606869,2089045501335
506,506,"Agent 1",1,19214,19214,131072,17,"pk_gemm(__half const*, __half const*, __half*, int, int, int)",128,8704,0,208,0,128,"ALUStalledByLDS",2.04245738e-03,2089045540247,2089095417685
506,506,"Agent 1",1,19214,19214,131072,17,"pk_gemm(__half const*, __half const*, __half*, int, int, int)",128,8704,0,208,0,128,"LDSBankConflict",12.500000,2089045540247,2089095417685
506,506,"Agent 1",1,19214,19214,131072,17,"pk_gemm(__half const*, __half const*, __half*, int, int, int)",128,8704,0,208,0,128,"MeanOccupancyPerCU",7.707885,2089045540247,2089095417685
506,506,"Agent 1",1,19214,19214,131072,17,"pk_gemm(__half const*, __half const*, __half*, int, int, int)",128,8704,0,208,0,128,"SQ_INSTS_LDS",83886080.000000,2089045540247,2089095417685
506,506,"Agent 1",1,19214,19214,131072,17,"pk_gemm(__half const*, __half const*, __half*, int, int, int)",128,8704,0,208,0,128,"SQ_INST_LEVEL_LDS",8506504.000000,2089045540247,2089095417685
506,506,"Agent 1",1,19214,19214,131072,17,"pk_gemm(__half const*, __half const*, __half*, int, int, int)",128,8704,0,208,0,128,"SQ_WAIT_INST_LDS",1561535.000000,2089045540247,2089095417685
507,507,"Agent 1",1,19214,19214,131072,17,"pk_gemm(__half const*, __half const*, __half*, int, int, int)",128,8704,0,208,0,128,"ALUStalledByLDS",2.04528186e-03,2089095455527,2089144099699
507,507,"Agent 1",1,19214,19214,131072,17,"pk_gemm(__half const*, __half const*, __half*, int, int, int)",128,8704,0,208,0,128,"LDSBankConflict",12.500000,2089095455527,2089144099699
507,507,"Agent 1",1,19214,19214,131072,17,"pk_gemm(__half const*, __half const*, __half*, int, int, int)",128,8704,0,208,0,128,"MeanOccupancyPerCU",7.702153,2089095455527,2089144099699
507,507,"Agent 1",1,19214,19214,131072,17,"pk_gemm(__half const*, __half const*, __half*, int, int, int)",128,8704,0,208,0,128,"SQ_INSTS_LDS",83886080.000000,2089095455527,2089144099699
507,507,"Agent 1",1,19214,19214,131072,17,"pk_gemm(__half const*, __half const*, __half*, int, int, int)",128,8704,0,208,0,128,"SQ_INST_LEVEL_LDS",8458363.000000,2089095455527,2089144099699
507,507,"Agent 1",1,19214,19214,131072,17,"pk_gemm(__half const*, __half const*, __half*, int, int, int)",128,8704,0,208,0,128,"SQ_WAIT_INST_LDS",1525395.000000,2089095455527,2089144099699
508,508,"Agent 1",1,19214,19214,131072,17,"pk_gemm(__half const*, __half const*, __half*, int, int, int)",128,8704,0,208,0,128,"ALUStalledByLDS",1.40498601e-03,2089144138424,2089213104231
508,508,"Agent 1",1,19214,19214,131072,17,"pk_gemm(__half const*, __half const*, __half*, int, int, int)",128,8704,0,208,0,128,"LDSBankConflict",12.500000,2089144138424,2089213104231
508,508,"Agent 1",1,19214,19214,131072,17,"pk_gemm(__half const*, __half const*, __half*, int, int, int)",128,8704,0,208,0,128,"MeanOccupancyPerCU",7.711716,2089144138424,2089213104231
508,508,"Agent 1",1,19214,19214,131072,17,"pk_gemm(__half const*, __half const*, __half*, int, int, int)",128,8704,0,208,0,128,"SQ_INSTS_LDS",83886080.000000,2089144138424,2089213104231
508,508,"Agent 1",1,19214,19214,131072,17,"pk_gemm(__half const*, __half const*, __half*, int, int, int)",128,8704,0,208,0,128,"SQ_INST_LEVEL_LDS",8647259.000000,2089144138424,2089213104231
508,508,"Agent 1",1,19214,19214,131072,17,"pk_gemm(__half const*, __half const*, __half*, int, int, int)",128,8704,0,208,0,128,"SQ_WAIT_INST_LDS",1486614.000000,2089144138424,2089213104231
509,509,"Agent 1",1,19214,19214,131072,17,"pk_gemm(__half const*, __half const*, __half*, int, int, int)",128,8704,0,208,0,128,"ALUStalledByLDS",1.94337028e-03,2089213161256,2089266285211
509,509,"Agent 1",1,19214,19214,131072,17,"pk_gemm(__half const*, __half const*, __half*, int, int, int)",128,8704,0,208,0,128,"LDSBankConflict",12.500000,2089213161256,2089266285211
509,509,"Agent 1",1,19214,19214,131072,17,"pk_gemm(__half const*, __half const*, __half*, int, int, int)",128,8704,0,208,0,128,"MeanOccupancyPerCU",7.790140,2089213161256,2089266285211
509,509,"Agent 1",1,19214,19214,131072,17,"pk_gemm(__half const*, __half const*, __half*, int, int, int)",128,8704,0,208,0,128,"SQ_INSTS_LDS",83886080.000000,2089213161256,2089266285211
509,509,"Agent 1",1,19214,19214,131072,17,"pk_gemm(__half const*, __half const*, __half*, int, int, int)",128,8704,0,208,0,128,"SQ_INST_LEVEL_LDS",8550834.000000,2089213161256,2089266285211
509,509,"Agent 1",1,19214,19214,131072,17,"pk_gemm(__half const*, __half const*, __half*, int, int, int)",128,8704,0,208,0,128,"SQ_WAIT_INST_LDS",1584055.000000,2089213161256,2089266285211
510,510,"Agent 1",1,19214,19214,131072,17,"pk_gemm(__half const*, __half const*, __half*, int, int, int)",128,8704,0,208,0,128,"ALUStalledByLDS",1.43272719e-03,2089266326127,2089333873840
510,510,"Agent 1",1,19214,19214,131072,17,"pk_gemm(__half const*, __half const*, __half*, int, int, int)",128,8704,0,208,0,128,"LDSBankConflict",12.500000,2089266326127,2089333873840
510,510,"Agent 1",1,19214,19214,131072,17,"pk_gemm(__half const*, __half const*, __half*, int, int, int)",128,8704,0,208,0,128,"MeanOccupancyPerCU",7.634834,2089266326127,2089333873840
510,510,"Agent 1",1,19214,19214,131072,17,"pk_gemm(__half const*, __half const*, __half*, int, int, int)",128,8704,0,208,0,128,"SQ_INSTS_LDS",83886080.000000,2089266326127,2089333873840
510,510,"Agent 1",1,19214,19214,131072,17,"pk_gemm(__half const*, __half const*, __half*, int, int, int)",128,8704,0,208,0,128,"SQ_INST_LEVEL_LDS",8584832.000000,2089266326127,2089333873840
510,510,"Agent 1",1,19214,19214,131072,17,"pk_gemm(__half const*, __half const*, __half*, int, int, int)",128,8704,0,208,0,128,"SQ_WAIT_INST_LDS",1483938.000000,2089266326127,2089333873840
511,511,"Agent 1",1,19214,19214,131072,17,"pk_gemm(__half const*, __half const*, __half*, int, int, int)",128,8704,0,208,0,128,"ALUStalledByLDS",2.12560780e-03,2089333932509,2089382328735
511,511,"Agent 1",1,19214,19214,131072,17,"pk_gemm(__half const*, __half const*, __half*, int, int, int)",128,8704,0,208,0,128,"LDSBankConflict",12.500000,2089333932509,2089382328735
511,511,"Agent 1",1,19214,19214,131072,17,"pk_gemm(__half const*, __half const*, __half*, int, int, int)",128,8704,0,208,0,128,"MeanOccupancyPerCU",7.782595,2089333932509,2089382328735
511,511,"Agent 1",1,19214,19214,131072,17,"pk_gemm(__half const*, __half const*, __half*, int, int, int)",128,8704,0,208,0,128,"SQ_INSTS_LDS",83886080.000000,2089333932509,2089382328735
511,511,"Agent 1",1,19214,19214,131072,17,"pk_gemm(__half const*, __half const*, __half*, int, int, int)",128,8704,0,208,0,128,"SQ_INST_LEVEL_LDS",8506121.000000,2089333932509,2089382328735
511,511,"Agent 1",1,19214,19214,131072,17,"pk_gemm(__half const*, __half const*, __half*, int, int, int)",128,8704,0,208,0,128,"SQ_WAIT_INST_LDS",1576663.000000,2089333932509,2089382328735
512,512,"Agent 1",1,19214,19214,131072,17,"pk_gemm(__half const*, __half const*, __half*, int, int, int)",128,8704,0,208,0,128,"ALUStalledByLDS",1.54119896e-03,2089382363865,2089445044188
512,512,"Agent 1",1,19214,19214,131072,17,"pk_gemm(__half const*, __half const*, __half*, int, int, int)",128,8704,0,208,0,128,"LDSBankConflict",12.500000,2089382363865,2089445044188
512,512,"Agent 1",1,19214,19214,131072,17,"pk_gemm(__half const*, __half const*, __half*, int, int, int)",128,8704,0,208,0,128,"MeanOccupancyPerCU",7.677299,2089382363865,2089445044188
512,512,"Agent 1",1,19214,19214,131072,17,"pk_gemm(__half const*, __half const*, __half*, int, int, int)",128,8704,0,208,0,128,"SQ_INSTS_LDS",83886080.000000,2089382363865,2089445044188
512,512,"Agent 1",1,19214,19214,131072,17,"pk_gemm(__half const*, __half const*, __half*, int, int, int)",128,8704,0,208,0,128,"SQ_INST_LEVEL_LDS",8560377.000000,2089382363865,2089445044188
512,512,"Agent 1",1,19214,19214,131072,17,"pk_gemm(__half const*, __half const*, __half*, int, int, int)",128,8704,0,208,0,128,"SQ_WAIT_INST_LDS",1482149.000000,2089382363865,2089445044188
513,513,"Agent 1",1,19214,19214,131072,17,"pk_gemm(__half const*, __half const*, __half*, int, int, int)",128,8704,0,208,0,128,"ALUStalledByLDS",2.27401128e-03,2089445080855,2089489812222
513,513,"Agent 1",1,19214,19214,131072,17,"pk_gemm(__half const*, __half const*, __half*, int, int, int)",128,8704,0,208,0,128,"LDSBankConflict",12.500000,2089445080855,2089489812222
513,513,"Agent 1",1,19214,19214,131072,17,"pk_gemm(__half const*, __half const*, __half*, int, int, int)",128,8704,0,208,0,128,"MeanOccupancyPerCU",7.720147,2089445080855,2089489812222
513,513,"Agent 1",1,19214,19214,131072,17,"pk_gemm(__half const*, __half const*, __half*, int, int, int)",128,8704,0,208,0,128,"SQ_INSTS_LDS",83886080.000000,2089445080855,2089489812222
513,513,"Agent 1",1,19214,19214,131072,17,"pk_gemm(__half const*, __half const*, __half*, int, int, int)",128,8704,0,208,0,128,"SQ_INST_LEVEL_LDS",8462142.000000,2089445080855,2089489812222
513,513,"Agent 1",1,19214,19214,131072,17,"pk_gemm(__half const*, __half const*, __half*, int, int, int)",128,8704,0,208,0,128,"SQ_WAIT_INST_LDS",1558925.000000,2089445080855,2089489812222
514,514,"Agent 1",1,19214,19214,524288,17,"pk_gemm(__half const*, __half const*, __half*, int, int, int)",128,8704,0,208,0,128,"ALUStalledByLDS",3.89665067e-04,2091271089355,2091731810111
514,514,"Agent 1",1,19214,19214,524288,17,"pk_gemm(__half const*, __half const*, __half*, int, int, int)",128,8704,0,208,0,128,"LDSBankConflict",12.500000,2091271089355,2091731810111
514,514,"Agent 1",1,19214,19214,524288,17,"pk_gemm(__half const*, __half const*, __half*, int, int, int)",128,8704,0,208,0,128,"MeanOccupancyPerCU",7.718421,2091271089355,2091731810111
514,514,"Agent 1",1,19214,19214,524288,17,"pk_gemm(__half const*, __half const*, __half*, int, int, int)",128,8704,0,208,0,128,"SQ_INSTS_LDS",671088640.000000,2091271089355,2091731810111
514,514,"Agent 1",1,19214,19214,524288,17,"pk_gemm(__half const*, __half const*, __half*, int, int, int)",128,8704,0,208,0,128,"SQ_INST_LEVEL_LDS",67322029.000000,2091271089355,2091731810111
514,514,"Agent 1",1,19214,19214,524288,17,"pk_gemm(__half const*, __half const*, __half*, int, int, int)",128,8704,0,208,0,128,"SQ_WAIT_INST_LDS",11023999.000000,2091271089355,2091731810111
515,515,"Agent 1",1,19214,19214,524288,17,"pk_gemm(__half const*, __half const*, __half*, int, int, int)",128,8704,0,208,0,128,"ALUStalledByLDS",4.24026568e-04,2091731855505,2092162202370
515,515,"Agent 1",1,19214,19214,524288,17,"pk_gemm(__half const*, __half const*, __half*, int, int, int)",128,8704,0,208,0,128,"LDSBankConflict",12.500000,2091731855505,2092162202370
515,515,"Agent 1",1,19214,19214,524288,17,"pk_gemm(__half const*, __half const*, __half*, int, int, int)",128,8704,0,208,0,128,"MeanOccupancyPerCU",7.752240,2091731855505,2092162202370
515,515,"Agent 1",1,19214,19214,524288,17,"pk_gemm(__half const*, __half const*, __half*, int, int, int)",128,8704,0,208,0,128,"SQ_INSTS_LDS",671088640.000000,2091731855505,2092162202370
515,515,"Agent 1",1,19214,19214,524288,17,"pk_gemm(__half const*, __half const*, __half*, int, int, int)",128,8704,0,208,0,128,"SQ_INST_LEVEL_LDS",67191629.000000,2091731855505,2092162202370
515,515,"Agent 1",1,19214,19214,524288,17,"pk_gemm(__half const*, __half const*, __half*, int, int, int)",128,8704,0,208,0,128,"SQ_WAIT_INST_LDS",11205619.000000,2091731855505,2092162202370
516,516,"Agent 1",1,19214,19214,524288,17,"pk_gemm(__half const*, __half const*, __half*, int, int, int)",128,8704,0,208,0,128,"ALUStalledByLDS",3.53154254e-04,2092162239906,2092656229054
516,516,"Agent 1",1,19214,19214,524288,17,"pk_gemm(__half const*, __half const*, __half*, int, int, int)",128,8704,0,208,0,128,"LDSBankConflict",12.500000,2092162239906,2092656229054
516,516,"Agent 1",1,19214,19214,524288,17,"pk_gemm(__half const*, __half const*, __half*, int, int, int)",128,8704,0,208,0,128,"MeanOccupancyPerCU",7.553346,2092162239906,2092656229054
516,516,"Agent 1",1,19214,19214,524288,17,"pk_gemm(__half const*, __half const*, __half*, int, int, int)",128,8704,0,208,0,128,"SQ_INSTS_LDS",671088640.000000,2092162239906,2092656229054
516,516,"Agent 1",1,19214,19214,524288,17,"pk_gemm(__half const*, __half const*, __half*, int, int, int)",128,8704,0,208,0,128,"SQ_INST_LEVEL_LDS",67316541.000000,2092162239906,2092656229054
516,516,"Agent 1",1,19214,19214,524288,17,"pk_gemm(__half const*, __half const*, __half*, int, int, int)",128,8704,0,208,0,128,"SQ_WAIT_INST_LDS",10719348.000000,2092162239906,2092656229054
517,517,"Agent 1",1,19214,19214,524288,17,"pk_gemm(__half const*, __half const*, __half*, int, int, int)",128,8704,0,208,0,128,"ALUStalledByLDS",3.20599837e-04,2092656267422,2093183571324
517,517,"Agent 1",1,19214,19214,524288,17,"pk_gemm(__half const*, __half const*, __half*, int, int, int)",128,8704,0,208,0,128,"LDSBankConflict",12.500000,2092656267422,2093183571324
517,517,"Agent 1",1,19214,19214,524288,17,"pk_gemm(__half const*, __half const*, __half*, int, int, int)",128,8704,0,208,0,128,"MeanOccupancyPerCU",7.625199,2092656267422,2093183571324
517,517,"Agent 1",1,19214,19214,524288,17,"pk_gemm(__half const*, __half const*, __half*, int, int, int)",128,8704,0,208,0,128,"SQ_INSTS_LDS",671088640.000000,2092656267422,2093183571324
517,517,"Agent 1",1,19214,19214,524288,17,"pk_gemm(__half const*, __half const*, __half*, int, int, int)",128,8704,0,208,0,128,"SQ_INST_LEVEL_LDS",67337528.000000,2092656267422,2093183571324
517,517,"Agent 1",1,19214,19214,524288,17,"pk_gemm(__half const*, __half const*, __half*, int, int, int)",128,8704,0,208,0,128,"SQ_WAIT_INST_LDS",10387395.000000,2092656267422,2093183571324
518,518,"Agent 1",1,19214,19214,524288,17,"pk_gemm(__half const*, __half const*, __half*, int, int, int)",128,8704,0,208,0,128,"ALUStalledByLDS",4.32080555e-04,2093183610213,2093594614754
518,518,"Agent 1",1,19214,19214,524288,17,"pk_gemm(__half const*, __half const*, __half*, int, int, int)",128,8704,0,208,0,128,"LDSBankConflict",12.500000,2093183610213,2093594614754
518,518,"Agent 1",1,19214,19214,524288,17,"pk_gemm(__half const*, __half const*, __half*, int, int, int)",128,8704,0,208,0,128,"MeanOccupancyPerCU",7.565108,2093183610213,2093594614754
518,518,"Agent 1",1,19214,19214,524288,17,"pk_gemm(__half const*, __half const*, __half*, int, int, int)",128,8704,0,208,0,128,"SQ_INSTS_LDS",671088640.000000,2093183610213,2093594614754
518,518,"Agent 1",1,19214,19214,524288,17,"pk_gemm(__half const*, __half const*, __half*, int, int, int)",128,8704,0,208,0,128,"SQ_INST_LEVEL_LDS",66730215.000000,2093183610213,2093594614754
518,518,"Agent 1",1,19214,19214,524288,17,"pk_gemm(__half const*, __half const*, __half*, int, int, int)",128,8704,0,208,0,128,"SQ_WAIT_INST_LDS",10913892.000000,2093183610213,2093594614754
519,519,"Agent 1",1,19214,19214,524288,17,"pk_gemm(__half const*, __half const*, __half*, int, int, int)",128,8704,0,208,0,128,"ALUStalledByLDS",3.36700654e-04,2093594658721,2094106847194
519,519,"Agent 1",1,19214,19214,524288,17,"pk_gemm(__half const*, __half const*, __half*, int, int, int)",128,8704,0,208,0,128,"LDSBankConflict",12.500000,2093594658721,2094106847194
519,519,"Agent 1",1,19214,19214,524288,17,"pk_gemm(__half const*, __half const*, __half*, int, int, int)",128,8704,0,208,0,128,"MeanOccupancyPerCU",7.770384,2093594658721,2094106847194
519,519,"Agent 1",1,19214,19214,524288,17,"pk_gemm(__half const*, __half const*, __half*, int, int, int)",128,8704,0,208,0,128,"SQ_INSTS_LDS",671088640.000000,2093594658721,2094106847194
519,519,"Agent 1",1,19214,19214,524288,17,"pk_gemm(__half const*, __half const*, __half*, int, int, int)",128,8704,0,208,0,128,"SQ_INST_LEVEL_LDS",67491058.000000,2093594658721,2094106847194
519,519,"Agent 1",1,19214,19214,524288,17,"pk_gemm(__half const*, __half const*, __half*, int, int, int)",128,8704,0,208,0,128,"SQ_WAIT_INST_LDS",10591538.000000,2093594658721,2094106847194
520,520,"Agent 1",1,19214,19214,524288,17,"pk_gemm(__half const*, __half const*, __half*, int, int, int)",128,8704,0,208,0,128,"ALUStalledByLDS",3.57727849e-04,2094106883629,2094590544484
520,520,"Agent 1",1,19214,19214,524288,17,"pk_gemm(__half const*, __half const*, __half*, int, int, int)",128,8704,0,208,0,128,"LDSBankConflict",12.500000,2094106883629,2094590544484
520,520,"Agent 1",1,19214,19214,524288,17,"pk_gemm(__half const*, __half const*, __half*, int, int, int)",128,8704,0,208,0,128,"MeanOccupancyPerCU",7.590395,2094106883629,2094590544484
520,520,"Agent 1",1,19214,19214,524288,17,"pk_gemm(__half const*, __half const*, __half*, int, int, int)",128,8704,0,208,0,128,"SQ_INSTS_LDS",671088640.000000,2094106883629,2094590544484
520,520,"Agent 1",1,19214,19214,524288,17,"pk_gemm(__half const*, __half const*, __half*, int, int, int)",128,8704,0,208,0,128,"SQ_INST_LEVEL_LDS",67120585.000000,2094106883629,2094590544484
520,520,"Agent 1",1,19214,19214,524288,17,"pk_gemm(__half const*, __half const*, __half*, int, int, int)",128,8704,0,208,0,128,"SQ_WAIT_INST_LDS",10628847.000000,2094106883629,2094590544484
521,521,"Agent 1",1,19214,19214,524288,17,"pk_gemm(__half const*, __half const*, __half*, int, int, int)",128,8704,0,208,0,128,"ALUStalledByLDS",3.36902864e-04,2094590580495,2095103648874
521,521,"Agent 1",1,19214,19214,524288,17,"pk_gemm(__half const*, __half const*, __half*, int, int, int)",128,8704,0,208,0,128,"LDSBankConflict",12.500000,2094590580495,2095103648874
521,521,"Agent 1",1,19214,19214,524288,17,"pk_gemm(__half const*, __half const*, __half*, int, int, int)",128,8704,0,208,0,128,"MeanOccupancyPerCU",7.598484,2094590580495,2095103648874
521,521,"Agent 1",1,19214,19214,524288,17,"pk_gemm(__half const*, __half const*, __half*, int, int, int)",128,8704,0,208,0,128,"SQ_INSTS_LDS",671088640.000000,2094590580495,2095103648874
521,521,"Agent 1",1,19214,19214,524288,17,"pk_gemm(__half const*, __half const*, __half*, int, int, int)",128,8704,0,208,0,128,"SQ_INST_LEVEL_LDS",67386485.000000,2094590580495,2095103648874
521,521,"Agent 1",1,19214,19214,524288,17,"pk_gemm(__half const*, __half const*, __half*, int, int, int)",128,8704,0,208,0,128,"SQ_WAIT_INST_LDS",10618829.000000,2094590580495,2095103648874
522,522,"Agent 1",1,19214,19214,524288,17,"pk_gemm(__half const*, __half const*, __half*, int, int, int)",128,8704,0,208,0,128,"ALUStalledByLDS",3.79632392e-04,2095103763514,2095568623620
522,522,"Agent 1",1,19214,19214,524288,17,"pk_gemm(__half const*, __half const*, __half*, int, int, int)",128,8704,0,208,0,128,"LDSBankConflict",12.500000,2095103763514,2095568623620
522,522,"Agent 1",1,19214,19214,524288,17,"pk_gemm(__half const*, __half const*, __half*, int, int, int)",128,8704,0,208,0,128,"MeanOccupancyPerCU",7.564027,2095103763514,2095568623620
522,522,"Agent 1",1,19214,19214,524288,17,"pk_gemm(__half const*, __half const*, __half*, int, int, int)",128,8704,0,208,0,128,"SQ_INSTS_LDS",671088640.000000,2095103763514,2095568623620
522,522,"Agent 1",1,19214,19214,524288,17,"pk_gemm(__half const*, __half const*, __half*, int, int, int)",128,8704,0,208,0,128,"SQ_INST_LEVEL_LDS",67118717.000000,2095103763514,2095568623620
522,522,"Agent 1",1,19214,19214,524288,17,"pk_gemm(__half const*, __half const*, __half*, int, int, int)",128,8704,0,208,0,128,"SQ_WAIT_INST_LDS",10841758.000000,2095103763514,2095568623620
523,523,"Agent 1",1,19214,19214,524288,17,"pk_gemm(__half const*, __half const*, __half*, int, int, int)",128,8704,0,208,0,128,"ALUStalledByLDS",3.66089280e-04,2095568663531,2096050266776
523,523,"Agent 1",1,19214,19214,524288,17,"pk_gemm(__half const*, __half const*, __half*, int, int, int)",128,8704,0,208,0,128,"LDSBankConflict",12.500000,2095568663531,2096050266776
523,523,"Agent 1",1,19214,19214,524288,17,"pk_gemm(__half const*, __half const*, __half*, int, int, int)",128,8704,0,208,0,128,"MeanOccupancyPerCU",7.584613,2095568663531,2096050266776
523,523,"Agent 1",1,19214,19214,524288,17,"pk_gemm(__half const*, __half const*, __half*, int, int, int)",128,8704,0,208,0,128,"SQ_INSTS_LDS",671088640.000000,2095568663531,2096050266776
523,523,"Agent 1",1,19214,19214,524288,17,"pk_gemm(__half const*, __half const*, __half*, int, int, int)",128,8704,0,208,0,128,"SQ_INST_LEVEL_LDS",67292576.000000,2095568663531,2096050266776
523,523,"Agent 1",1,19214,19214,524288,17,"pk_gemm(__half const*, __half const*, __half*, int, int, int)",128,8704,0,208,0,128,"SQ_WAIT_INST_LDS",10830275.000000,2095568663531,2096050266776
524,524,"Agent 1",1,19214,19214,524288,17,"pk_gemm(__half const*, __half const*, __half*, int, int, int)",128,8704,0,208,0,128,"ALUStalledByLDS",4.31763433e-04,2096050305384,2096471727744
524,524,"Agent 1",1,19214,19214,524288,17,"pk_gemm(__half const*, __half const*, __half*, int, int, int)",128,8704,0,208,0,128,"LDSBankConflict",12.500000,2096050305384,2096471727744
524,524,"Agent 1",1,19214,19214,524288,17,"pk_gemm(__half const*, __half const*, __half*, int, int, int)",128,8704,0,208,0,128,"MeanOccupancyPerCU",7.738647,2096050305384,2096471727744
524,524,"Agent 1",1,19214,19214,524288,17,"pk_gemm(__half const*, __half const*, __half*, int, int, int)",128,8704,0,208,0,128,"SQ_INSTS_LDS",671088640.000000,2096050305384,2096471727744
524,524,"Agent 1",1,19214,19214,524288,17,"pk_gemm(__half const*, __half const*, __half*, int, int, int)",128,8704,0,208,0,128,"SQ_INST_LEVEL_LDS",67107606.000000,2096050305384,2096471727744
524,524,"Agent 1",1,19214,19214,524288,17,"pk_gemm(__half const*, __half const*, __half*, int, int, int)",128,8704,0,208,0,128,"SQ_WAIT_INST_LDS",11174012.000000,2096050305384,2096471727744
525,525,"Agent 1",1,19214,19214,524288,17,"pk_gemm(__half const*, __half const*, __half*, int, int, int)",128,8704,0,208,0,128,"ALUStalledByLDS",3.35179931e-04,2096471767191,2096980583252
525,525,"Agent 1",1,19214,19214,524288,17,"pk_gemm(__half const*, __half const*, __half*, int, int, int)",128,8704,0,208,0,128,"LDSBankConflict",12.500000,2096471767191,2096980583252
525,525,"Agent 1",1,19214,19214,524288,17,"pk_gemm(__half const*, __half const*, __half*, int, int, int)",128,8704,0,208,0,128,"MeanOccupancyPerCU",7.670777,2096471767191,2096980583252
525,525,"Agent 1",1,19214,19214,524288,17,"pk_gemm(__half const*, __half const*, __half*, int, int, int)",128,8704,0,208,0,128,"SQ_INSTS_LDS",671088640.000000,2096471767191,2096980583252
525,525,"Agent 1",1,19214,19214,524288,17,"pk_gemm(__half const*, __half const*, __half*, int, int, int)",128,8704,0,208,0,128,"SQ_INST_LEVEL_LDS",67359819.000000,2096471767191,2096980583252
525,525,"Agent 1",1,19214,19214,524288,17,"pk_gemm(__half const*, __half const*, __half*, int, int, int)",128,8704,0,208,0,128,"SQ_WAIT_INST_LDS",10480876.000000,2096471767191,2096980583252
526,526,"Agent 1",1,19214,19214,524288,17,"pk_gemm(__half const*, __half const*, __half*, int, int, int)",128,8704,0,208,0,128,"ALUStalledByLDS",4.19239142e-04,2096980622047,2097410951600
526,526,"Agent 1",1,19214,19214,524288,17,"pk_gemm(__half const*, __half const*, __half*, int, int, int)",128,8704,0,208,0,128,"LDSBankConflict",12.500000,2096980622047,2097410951600
526,526,"Agent 1",1,19214,19214,524288,17,"pk_gemm(__half const*, __half const*, __half*, int, int, int)",128,8704,0,208,0,128,"MeanOccupancyPerCU",7.770812,2096980622047,2097410951600
526,526,"Agent 1",1,19214,19214,524288,17,"pk_gemm(__half const*, __half const*, __half*, int, int, int)",128,8704,0,208,0,128,"SQ_INSTS_LDS",671088640.000000,2096980622047,2097410951600
526,526,"Agent 1",1,19214,19214,524288,17,"pk_gemm(__half const*, __half const*, __half*, int, int, int)",128,8704,0,208,0,128,"SQ_INST_LEVEL_LDS",67104524.000000,2096980622047,2097410951600
526,526,"Agent 1",1,19214,19214,524288,17,"pk_gemm(__half const*, __half const*, __half*, int, int, int)",128,8704,0,208,0,128,"SQ_WAIT_INST_LDS",11081444.000000,2096980622047,2097410951600
527,527,"Agent 1",1,19214,19214,524288,17,"pk_gemm(__half const*, __half const*, __half*, int, int, int)",128,8704,0,208,0,128,"ALUStalledByLDS",4.09851555e-04,2097410991750,2097835009168
527,527,"Agent 1",1,19214,19214,524288,17,"pk_gemm(__half const*, __half const*, __half*, int, int, int)",128,8704,0,208,0,128,"LDSBankConflict",12.500000,2097410991750,2097835009168
527,527,"Agent 1",1,19214,19214,524288,17,"pk_gemm(__half const*, __half const*, __half*, int, int, int)",128,8704,0,208,0,128,"MeanOccupancyPerCU",7.363977,2097410991750,2097835009168
527,527,"Agent 1",1,19214,19214,524288,17,"pk_gemm(__half const*, __half const*, __half*, int, int, int)",128,8704,0,208,0,128,"SQ_INSTS_LDS",671088640.000000,2097410991750,2097835009168
527,527,"Agent 1",1,19214,19214,524288,17,"pk_gemm(__half const*, __half const*, __half*, int, int, int)",128,8704,0,208,0,128,"SQ_INST_LEVEL_LDS",66649235.000000,2097410991750,2097835009168
527,527,"Agent 1",1,19214,19214,524288,17,"pk_gemm(__half const*, __half const*, __half*, int, int, int)",128,8704,0,208,0,128,"SQ_WAIT_INST_LDS",10681667.000000,2097410991750,2097835009168
528,528,"Agent 1",1,19214,19214,524288,17,"pk_gemm(__half const*, __half const*, __half*, int, int, int)",128,8704,0,208,0,128,"ALUStalledByLDS",3.05191179e-04,2097835049898,2098380428396
528,528,"Agent 1",1,19214,19214,524288,17,"pk_gemm(__half const*, __half const*, __half*, int, int, int)",128,8704,0,208,0,128,"LDSBankConflict",12.500000,2097835049898,2098380428396
528,528,"Agent 1",1,19214,19214,524288,17,"pk_gemm(__half const*, __half const*, __half*, int, int, int)",128,8704,0,208,0,128,"MeanOccupancyPerCU",7.619172,2097835049898,2098380428396
528,528,"Agent 1",1,19214,19214,524288,17,"pk_gemm(__half const*, __half const*, __half*, int, int, int)",128,8704,0,208,0,128,"SQ_INSTS_LDS",671088640.000000,2097835049898,2098380428396
528,528,"Agent 1",1,19214,19214,524288,17,"pk_gemm(__half const*, __half const*, __half*, int, int, int)",128,8704,0,208,0,128,"SQ_INST_LEVEL_LDS",67339150.000000,2097835049898,2098380428396
528,528,"Agent 1",1,19214,19214,524288,17,"pk_gemm(__half const*, __half const*, __half*, int, int, int)",128,8704,0,208,0,128,"SQ_WAIT_INST_LDS",10227563.000000,2097835049898,2098380428396
529,529,"Agent 1",1,19214,19214,524288,17,"pk_gemm(__half const*, __half const*, __half*, int, int, int)",128,8704,0,208,0,128,"ALUStalledByLDS",3.43575615e-04,2098380468608,2098884905392
529,529,"Agent 1",1,19214,19214,524288,17,"pk_gemm(__half const*, __half const*, __half*, int, int, int)",128,8704,0,208,0,128,"LDSBankConflict",12.500000,2098380468608,2098884905392
529,529,"Agent 1",1,19214,19214,524288,17,"pk_gemm(__half const*, __half const*, __half*, int, int, int)",128,8704,0,208,0,128,"MeanOccupancyPerCU",7.702433,2098380468608,2098884905392
529,529,"Agent 1",1,19214,19214,524288,17,"pk_gemm(__half const*, __half const*, __half*, int, int, int)",128,8704,0,208,0,128,"SQ_INSTS_LDS",671088640.000000,2098380468608,2098884905392
529,529,"Agent 1",1,19214,19214,524288,17,"pk_gemm(__half const*, __half const*, __half*, int, int, int)",128,8704,0,208,0,128,"SQ_INST_LEVEL_LDS",67431954.000000,2098380468608,2098884905392
529,529,"Agent 1",1,19214,19214,524288,17,"pk_gemm(__half const*, __half const*, __half*, int, int, int)",128,8704,0,208,0,128,"SQ_WAIT_INST_LDS",10644975.000000,2098380468608,2098884905392
530,530,"Agent 1",1,19214,19214,524288,17,"pk_gemm(__half const*, __half const*, __half*, int, int, int)",128,8704,0,208,0,128,"ALUStalledByLDS",4.32517893e-04,2098884945249,2099307059625
530,530,"Agent 1",1,19214,19214,524288,17,"pk_gemm(__half const*, __half const*, __half*, int, int, int)",128,8704,0,208,0,128,"LDSBankConflict",12.500000,2098884945249,2099307059625
530,530,"Agent 1",1,19214,19214,524288,17,"pk_gemm(__half const*, __half const*, __half*, int, int, int)",128,8704,0,208,0,128,"MeanOccupancyPerCU",7.810130,2098884945249,2099307059625
530,530,"Agent 1",1,19214,19214,524288,17,"pk_gemm(__half const*, __half const*, __half*, int, int, int)",128,8704,0,208,0,128,"SQ_INSTS_LDS",671088640.000000,2098884945249,2099307059625
530,530,"Agent 1",1,19214,19214,524288,17,"pk_gemm(__half const*, __half const*, __half*, int, int, int)",128,8704,0,208,0,128,"SQ_INST_LEVEL_LDS",67068328.000000,2098884945249,2099307059625
530,530,"Agent 1",1,19214,19214,524288,17,"pk_gemm(__half const*, __half const*, __half*, int, int, int)",128,8704,0,208,0,128,"SQ_WAIT_INST_LDS",11212739.000000,2098884945249,2099307059625
531,531,"Agent 1",1,19214,19214,524288,17,"pk_gemm(__half const*, __half const*, __half*, int, int, int)",128,8704,0,208,0,128,"ALUStalledByLDS",4.34526331e-04,2099307099002,2099726393502
531,531,"Agent 1",1,19214,19214,524288,17,"pk_gemm(__half const*, __half const*, __half*, int, int, int)",128,8704,0,208,0,128,"LDSBankConflict",12.500000,2099307099002,2099726393502
531,531,"Agent 1",1,19214,19214,524288,17,"pk_gemm(__half const*, __half const*, __half*, int, int, int)",128,8704,0,208,0,128,"MeanOccupancyPerCU",7.553995,2099307099002,2099726393502
531,531,"Agent 1",1,19214,19214,524288,17,"pk_gemm(__half const*, __half const*, __half*, int, int, int)",128,8704,0,208,0,128,"SQ_INSTS_LDS",671088640.000000,2099307099002,2099726393502
531,531,"Agent 1",1,19214,19214,524288,17,"pk_gemm(__half const*, __half const*, __half*, int, int, int)",128,8704,0,208,0,128,"SQ_INST_LEVEL_LDS",67087054.000000,2099307099002,2099726393502
531,531,"Agent 1",1,19214,19214,524288,17,"pk_gemm(__half const*, __half const*, __half*, int, int, int)",128,8704,0,208,0,128,"SQ_WAIT_INST_LDS",11198800.000000,2099307099002,2099726393502
532,532,"Agent 1",1,19214,19214,524288,17,"pk_gemm(__half const*, __half const*, __half*, int, int, int)",128,8704,0,208,0,128,"ALUStalledByLDS",3.82725185e-04,2099726431460,2100175604764
532,532,"Agent 1",1,19214,19214,524288,17,"pk_gemm(__half const*, __half const*, __half*, int, int, int)",128,8704,0,208,0,128,"LDSBankConflict",12.500000,2099726431460,2100175604764
532,532,"Agent 1",1,19214,19214,524288,17,"pk_gemm(__half const*, __half const*, __half*, int, int, int)",128,8704,0,208,0,128,"MeanOccupancyPerCU",7.241498,2099726431460,2100175604764
532,532,"Agent 1",1,19214,19214,524288,17,"pk_gemm(__half const*, __half const*, __half*, int, int, int)",128,8704,0,208,0,128,"SQ_INSTS_LDS",671088640.000000,2099726431460,2100175604764
532,532,"Agent 1",1,19214,19214,524288,17,"pk_gemm(__half const*, __half const*, __half*, int, int, int)",128,8704,0,208,0,128,"SQ_INST_LEVEL_LDS",66756929.000000,2099726431460,2100175604764
532,532,"Agent 1",1,19214,19214,524288,17,"pk_gemm(__half const*, __half const*, __half*, int, int, int)",128,8704,0,208,0,128,"SQ_WAIT_INST_LDS",10569271.000000,2099726431460,2100175604764
533,533,"Agent 1",1,19214,19214,524288,17,"pk_gemm(__half const*, __half const*, __half*, int, int, int)",128,8704,0,208,0,128,"ALUStalledByLDS",3.10377247e-04,2100175643469,2100705949756
533,533,"Agent 1",1,19214,19214,524288,17,"pk_gemm(__half const*, __half const*, __half*, int, int, int)",128,8704,0,208,0,128,"LDSBankConflict",12.500000,2100175643469,2100705949756
533,533,"Agent 1",1,19214,19214,524288,17,"pk_gemm(__half const*, __half const*, __half*, int, int, int)",128,8704,0,208,0,128,"MeanOccupancyPerCU",7.544580,2100175643469,2100705949756
533,533,"Agent 1",1,19214,19214,524288,17,"pk_gemm(__half const*, __half const*, __half*, int, int, int)",128,8704,0,208,0,128,"SQ_INSTS_LDS",671088640.000000,2100175643469,2100705949756
533,533,"Agent 1",1,19214,19214,524288,17,"pk_gemm(__half const*, __half const*, __half*, int, int, int)",128,8704,0,208,0,128,"SQ_INST_LEVEL_LDS",67131062.000000,2100175643469,2100705949756
533,533,"Agent 1",1,19214,19214,524288,17,"pk_gemm(__half const*, __half const*, __half*, int, int, int)",128,8704,0,208,0,128,"SQ_WAIT_INST_LDS",10119647.000000,2100175643469,2100705949756
534,534,"Agent 1",1,19214,19214,524288,17,"pk_gemm(__half const*, __half const*, __half*, int, int, int)",128,8704,0,208,0,128,"ALUStalledByLDS",3.32272457e-04,2100705990016,2101228885191
534,534,"Agent 1",1,19214,19214,524288,17,"pk_gemm(__half const*, __half const*, __half*, int, int, int)",128,8704,0,208,0,128,"LDSBankConflict",12.500000,2100705990016,2101228885191
534,534,"Agent 1",1,19214,19214,524288,17,"pk_gemm(__half const*, __half const*, __half*, int, int, int)",128,8704,0,208,0,128,"MeanOccupancyPerCU",7.667113,2100705990016,2101228885191
534,534,"Agent 1",1,19214,19214,524288,17,"pk_gemm(__half const*, __half const*, __half*, int, int, int)",128,8704,0,208,0,128,"SQ_INSTS_LDS",671088640.000000,2100705990016,2101228885191
534,534,"Agent 1",1,19214,19214,524288,17,"pk_gemm(__half const*, __half const*, __half*, int, int, int)",128,8704,0,208,0,128,"SQ_INST_LEVEL_LDS",67497906.000000,2100705990016,2101228885191
534,534,"Agent 1",1,19214,19214,524288,17,"pk_gemm(__half const*, __half const*, __half*, int, int, int)",128,8704,0,208,0,128,"SQ_WAIT_INST_LDS",10673627.000000,2100705990016,2101228885191
535,535,"Agent 1",1,19214,19214,524288,17,"pk_gemm(__half const*, __half const*, __half*, int, int, int)",128,8704,0,208,0,128,"ALUStalledByLDS",4.12282756e-04,2101228925969,2101661437007
535,535,"Agent 1",1,19214,19214,524288,17,"pk_gemm(__half const*, __half const*, __half*, int, int, int)",128,8704,0,208,0,128,"LDSBankConflict",12.500000,2101228925969,2101661437007
535,535,"Agent 1",1,19214,19214,524288,17,"pk_gemm(__half const*, __half const*, __half*, int, int, int)",128,8704,0,208,0,128,"MeanOccupancyPerCU",7.679729,2101228925969,2101661437007
535,535,"Agent 1",1,19214,19214,524288,17,"pk_gemm(__half const*, __half const*, __half*, int, int, int)",128,8704,0,208,0,128,"SQ_INSTS_LDS",671088640.000000,2101228925969,2101661437007
535,535,"Agent 1",1,19214,19214,524288,17,"pk_gemm(__half const*, __half const*, __half*, int, int, int)",128,8704,0,208,0,128,"SQ_INST_LEVEL_LDS",66934036.000000,2101228925969,2101661437007
535,535,"Agent 1",1,19214,19214,524288,17,"pk_gemm(__half const*, __half const*, __half*, int, int, int)",128,8704,0,208,0,128,"SQ_WAIT_INST_LDS",10953876.000000,2101228925969,2101661437007
536,536,"Agent 1",1,19214,19214,524288,17,"pk_gemm(__half const*, __half const*, __half*, int, int, int)",128,8704,0,208,0,128,"ALUStalledByLDS",3.22665078e-04,2101661474321,2102186968920
536,536,"Agent 1",1,19214,19214,524288,17,"pk_gemm(__half const*, __half const*, __half*, int, int, int)",128,8704,0,208,0,128,"LDSBankConflict",12.500000,2101661474321,2102186968920
536,536,"Agent 1",1,19214,19214,524288,17,"pk_gemm(__half const*, __half const*, __half*, int, int, int)",128,8704,0,208,0,128,"MeanOccupancyPerCU",7.558001,2101661474321,2102186968920
536,536,"Agent 1",1,19214,19214,524288,17,"pk_gemm(__half const*, __half const*, __half*, int, int, int)",128,8704,0,208,0,128,"SQ_INSTS_LDS",671088640.000000,2101661474321,2102186968920
536,536,"Agent 1",1,19214,19214,524288,17,"pk_gemm(__half const*, __half const*, __half*, int, int, int)",128,8704,0,208,0,128,"SQ_INST_LEVEL_LDS",67369106.000000,2101661474321,2102186968920
536,536,"Agent 1",1,19214,19214,524288,17,"pk_gemm(__half const*, __half const*, __half*, int, int, int)",128,8704,0,208,0,128,"SQ_WAIT_INST_LDS",10418247.000000,2101661474321,2102186968920
537,537,"Agent 1",1,19214,19214,524288,17,"pk_gemm(__half const*, __half const*, __half*, int, int, int)",128,8704,0,208,0,128,"ALUStalledByLDS",3.69153871e-04,2102187007567,2102650291565
537,537,"Agent 1",1,19214,19214,524288,17,"pk_gemm(__half const*, __half const*, __half*, int, int, int)",128,8704,0,208,0,128,"LDSBankConflict",12.500000,2102187007567,2102650291565
537,537,"Agent 1",1,19214,19214,524288,17,"pk_gemm(__half const*, __half const*, __half*, int, int, int)",128,8704,0,208,0,128,"MeanOccupancyPerCU",7.445327,2102187007567,2102650291565
537,537,"Agent 1",1,19214,19214,524288,17,"pk_gemm(__half const*, __half const*, __half*, int, int, int)",128,8704,0,208,0,128,"SQ_INSTS_LDS",671088640.000000,2102187007567,2102650291565
537,537,"Agent 1",1,19214,19214,524288,17,"pk_gemm(__half const*, __half const*, __half*, int, int, int)",128,8704,0,208,0,128,"SQ_INST_LEVEL_LDS",66836177.000000,2102187007567,2102650291565
537,537,"Agent 1",1,19214,19214,524288,17,"pk_gemm(__half const*, __half const*, __half*, int, int, int)",128,8704,0,208,0,128,"SQ_WAIT_INST_LDS",10510786.000000,2102187007567,2102650291565
538,538,"Agent 1",1,19214,19214,524288,17,"pk_gemm(__half const*, __half const*, __half*, int, int, int)",128,8704,0,208,0,128,"ALUStalledByLDS",3.28193283e-04,2102650330578,2103174936596
538,538,"Agent 1",1,19214,19214,524288,17,"pk_gemm(__half const*, __half const*, __half*, int, int, int)",128,8704,0,208,0,128,"LDSBankConflict",12.500000,2102650330578,2103174936596
538,538,"Agent 1",1,19214,19214,524288,17,"pk_gemm(__half const*, __half const*, __half*, int, int, int)",128,8704,0,208,0,128,"MeanOccupancyPerCU",7.749642,2102650330578,2103174936596
538,538,"Agent 1",1,19214,19214,524288,17,"pk_gemm(__half const*, __half const*, __half*, int, int, int)",128,8704,0,208,0,128,"SQ_INSTS_LDS",671088640.000000,2102650330578,2103174936596
538,538,"Agent 1",1,19214,19214,524288,17,"pk_gemm(__half const*, __half const*, __half*, int, int, int)",128,8704,0,208,0,128,"SQ_INST_LEVEL_LDS",67580234.000000,2102650330578,2103174936596
538,538,"Agent 1",1,19214,19214,524288,17,"pk_gemm(__half const*, __half const*, __half*, int, int, int)",128,8704,0,208,0,128,"SQ_WAIT_INST_LDS",10576027.000000,2102650330578,2103174936596
539,539,"Agent 1",1,19214,19214,524288,17,"pk_gemm(__half const*, __half const*, __half*, int, int, int)",128,8704,0,208,0,128,"ALUStalledByLDS",3.24062643e-04,2103174973894,2103697205025
539,539,"Agent 1",1,19214,19214,524288,17,"pk_gemm(__half const*, __half const*, __half*, int, int, int)",128,8704,0,208,0,128,"LDSBankConflict",12.500000,2103174973894,2103697205025
539,539,"Agent 1",1,19214,19214,524288,17,"pk_gemm(__half const*, __half const*, __half*, int, int, int)",128,8704,0,208,0,128,"MeanOccupancyPerCU",7.533510,2103174973894,2103697205025
539,539,"Agent 1",1,19214,19214,524288,17,"pk_gemm(__half const*, __half const*, __half*, int, int, int)",128,8704,0,208,0,128,"SQ_INSTS_LDS",671088640.000000,2103174973894,2103697205025
539,539,"Agent 1",1,19214,19214,524288,17,"pk_gemm(__half const*, __half const*, __half*, int, int, int)",128,8704,0,208,0,128,"SQ_INST_LEVEL_LDS",67278297.000000,2103174973894,2103697205025
539,539,"Agent 1",1,19214,19214,524288,17,"pk_gemm(__half const*, __half const*, __half*, int, int, int)",128,8704,0,208,0,128,"SQ_WAIT_INST_LDS",10398961.000000,2103174973894,2103697205025
540,540,"Agent 1",1,19214,19214,524288,17,"pk_gemm(__half const*, __half const*, __half*, int, int, int)",128,8704,0,208,0,128,"ALUStalledByLDS",3.79262040e-04,2103697241995,2104157105951
540,540,"Agent 1",1,19214,19214,524288,17,"pk_gemm(__half const*, __half const*, __half*, int, int, int)",128,8704,0,208,0,128,"LDSBankConflict",12.500000,2103697241995,2104157105951
540,540,"Agent 1",1,19214,19214,524288,17,"pk_gemm(__half const*, __half const*, __half*, int, int, int)",128,8704,0,208,0,128,"MeanOccupancyPerCU",7.491318,2103697241995,2104157105951
540,540,"Agent 1",1,19214,19214,524288,17,"pk_gemm(__half const*, __half const*, __half*, int, int, int)",128,8704,0,208,0,128,"SQ_INSTS_LDS",671088640.000000,2103697241995,2104157105951
540,540,"Agent 1",1,19214,19214,524288,17,"pk_gemm(__half const*, __half const*, __half*, int, int, int)",128,8704,0,208,0,128,"SQ_INST_LEVEL_LDS",66941560.000000,2103697241995,2104157105951
540,540,"Agent 1",1,19214,19214,524288,17,"pk_gemm(__half const*, __half const*, __half*, int, int, int)",128,8704,0,208,0,128,"SQ_WAIT_INST_LDS",10719817.000000,2103697241995,2104157105951
541,541,"Agent 1",1,19214,19214,524288,17,"pk_gemm(__half const*, __half const*, __half*, int, int, int)",128,8704,0,208,0,128,"ALUStalledByLDS",3.13358701e-04,2104157143644,2104702051141
541,541,"Agent 1",1,19214,19214,524288,17,"pk_gemm(__half const*, __half const*, __half*, int, int, int)",128,8704,0,208,0,128,"LDSBankConflict",12.500000,2104157143644,2104702051141
541,541,"Agent 1",1,19214,19214,524288,17,"pk_gemm(__half const*, __half const*, __half*, int, int, int)",128,8704,0,208,0,128,"MeanOccupancyPerCU",7.752609,2104157143644,2104702051141
541,541,"Agent 1",1,19214,19214,524288,17,"pk_gemm(__half const*, __half const*, __half*, int, int, int)",128,8704,0,208,0,128,"SQ_INSTS_LDS",671088640.000000,2104157143644,2104702051141
541,541,"Agent 1",1,19214,19214,524288,17,"pk_gemm(__half const*, __half const*, __half*, int, int, int)",128,8704,0,208,0,128,"SQ_INST_LEVEL_LDS",67581636.000000,2104157143644,2104702051141
541,541,"Agent 1",1,19214,19214,524288,17,"pk_gemm(__half const*, __half const*, __half*, int, int, int)",128,8704,0,208,0,128,"SQ_WAIT_INST_LDS",10491211.000000,2104157143644,2104702051141
542,542,"Agent 1",1,19214,19214,524288,17,"pk_gemm(__half const*, __half const*, __half*, int, int, int)",128,8704,0,208,0,128,"ALUStalledByLDS",3.25443908e-04,2104702090639,2105231691486
542,542,"Agent 1",1,19214,19214,524288,17,"pk_gemm(__half const*, __half const*, __half*, int, int, int)",128,8704,0,208,0,128,"LDSBankConflict",12.500000,2104702090639,2105231691486
542,542,"Agent 1",1,19214,19214,524288,17,"pk_gemm(__half const*, __half const*, __half*, int, int, int)",128,8704,0,208,0,128,"MeanOccupancyPerCU",7.716044,2104702090639,2105231691486
542,542,"Agent 1",1,19214,19214,524288,17,"pk_gemm(__half const*, __half const*, __half*, int, int, int)",128,8704,0,208,0,128,"SQ_INSTS_LDS",671088640.000000,2104702090639,2105231691486
542,542,"Agent 1",1,19214,19214,524288,17,"pk_gemm(__half const*, __half const*, __half*, int, int, int)",128,8704,0,208,0,128,"SQ_INST_LEVEL_LDS",67560184.000000,2104702090639,2105231691486
542,542,"Agent 1",1,19214,19214,524288,17,"pk_gemm(__half const*, __half const*, __half*, int, int, int)",128,8704,0,208,0,128,"SQ_WAIT_INST_LDS",10588193.000000,2104702090639,2105231691486
543,543,"Agent 1",1,19214,19214,524288,17,"pk_gemm(__half const*, __half const*, __half*, int, int, int)",128,8704,0,208,0,128,"ALUStalledByLDS",3.27581228e-04,2105231730824,2105752807276
543,543,"Agent 1",1,19214,19214,524288,17,"pk_gemm(__half const*, __half const*, __half*, int, int, int)",128,8704,0,208,0,128,"LDSBankConflict",12.500000,2105231730824,2105752807276
543,543,"Agent 1",1,19214,19214,524288,17,"pk_gemm(__half const*, __half const*, __half*, int, int, int)",128,8704,0,208,0,128,"MeanOccupancyPerCU",7.658008,2105231730824,2105752807276
543,543,"Agent 1",1,19214,19214,524288,17,"pk_gemm(__half const*, __half const*, __half*, int, int, int)",128,8704,0,208,0,128,"SQ_INSTS_LDS",671088640.000000,2105231730824,2105752807276
543,543,"Agent 1",1,19214,19214,524288,17,"pk_gemm(__half const*, __half const*, __half*, int, int, int)",128,8704,0,208,0,128,"SQ_INST_LEVEL_LDS",67365560.000000,2105231730824,2105752807276
543,543,"Agent 1",1,19214,19214,524288,17,"pk_gemm(__half const*, __half const*, __half*, int, int, int)",128,8704,0,208,0,128,"SQ_WAIT_INST_LDS",10491784.000000,2105231730824,2105752807276
544,544,"Agent 1",1,19214,19214,524288,17,"pk_gemm(__half const*, __half const*, __half*, int, int, int)",128,8704,0,208,0,128,"ALUStalledByLDS",4.04200608e-04,2105752844819,2106194602164
544,544,"Agent 1",1,19214,19214,524288,17,"pk_gemm(__half const*, __half const*, __half*, int, int, int)",128,8704,0,208,0,128,"LDSBankConflict",12.500000,2105752844819,2106194602164
544,544,"Agent 1",1,19214,19214,524288,17,"pk_gemm(__half const*, __half const*, __half*, int, int, int)",128,8704,0,208,0,128,"MeanOccupancyPerCU",7.647012,2105752844819,2106194602164
544,544,"Agent 1",1,19214,19214,524288,17,"pk_gemm(__half const*, __half const*, __half*, int, int, int)",128,8704,0,208,0,128,"SQ_INSTS_LDS",671088640.000000,2105752844819,2106194602164
544,544,"Agent 1",1,19214,19214,524288,17,"pk_gemm(__half const*, __half const*, __half*, int, int, int)",128,8704,0,208,0,128,"SQ_INST_LEVEL_LDS",67064259.000000,2105752844819,2106194602164
544,544,"Agent 1",1,19214,19214,524288,17,"pk_gemm(__half const*, __half const*, __half*, int, int, int)",128,8704,0,208,0,128,"SQ_WAIT_INST_LDS",10974292.000000,2105752844819,2106194602164
545,545,"Agent 1",1,19214,19214,524288,17,"pk_gemm(__half const*, __half const*, __half*, int, int, int)",128,8704,0,208,0,128,"ALUStalledByLDS",3.40921944e-04,2106194638772,2106700275044
545,545,"Agent 1",1,19214,19214,524288,17,"pk_gemm(__half const*, __half const*, __half*, int, int, int)",128,8704,0,208,0,128,"LDSBankConflict",12.500000,2106194638772,2106700275044
545,545,"Agent 1",1,19214,19214,524288,17,"pk_gemm(__half const*, __half const*, __half*, int, int, int)",128,8704,0,208,0,128,"MeanOccupancyPerCU",7.660859,2106194638772,2106700275044
545,545,"Agent 1",1,19214,19214,524288,17,"pk_gemm(__half const*, __half const*, __half*, int, int, int)",128,8704,0,208,0,128,"SQ_INSTS_LDS",671088640.000000,2106194638772,2106700275044
545,545,"Agent 1",1,19214,19214,524288,17,"pk_gemm(__half const*, __half const*, __half*, int, int, int)",128,8704,0,208,0,128,"SQ_INST_LEVEL_LDS",67325086.000000,2106194638772,2106700275044
545,545,"Agent 1",1,19214,19214,524288,17,"pk_gemm(__half const*, __half const*, __half*, int, int, int)",128,8704,0,208,0,128,"SQ_WAIT_INST_LDS",10596376.000000,2106194638772,2106700275044
546,546,"Agent 1",1,19214,19214,524288,17,"pk_gemm(__half const*, __half const*, __half*, int, int, int)",128,8704,0,208,0,128,"ALUStalledByLDS",3.12812962e-04,2106700310994,2107246131521
546,546,"Agent 1",1,19214,19214,524288,17,"pk_gemm(__half const*, __half const*, __half*, int, int, int)",128,8704,0,208,0,128,"LDSBankConflict",12.500000,2106700310994,2107246131521
546,546,"Agent 1",1,19214,19214,524288,17,"pk_gemm(__half const*, __half const*, __half*, int, int, int)",128,8704,0,208,0,128,"MeanOccupancyPerCU",7.536843,2106700310994,2107246131521
546,546,"Agent 1",1,19214,19214,524288,17,"pk_gemm(__half const*, __half const*, __half*, int, int, int)",128,8704,0,208,0,128,"SQ_INSTS_LDS",671088640.000000,2106700310994,2107246131521
546,546,"Agent 1",1,19214,19214,524288,17,"pk_gemm(__half const*, __half const*, __half*, int, int, int)",128,8704,0,208,0,128,"SQ_INST_LEVEL_LDS",67554591.000000,2106700310994,2107246131521
546,546,"Agent 1",1,19214,19214,524288,17,"pk_gemm(__half const*, __half const*, __half*, int, int, int)",128,8704,0,208,0,128,"SQ_WAIT_INST_LDS",10491596.000000,2106700310994,2107246131521
547,547,"Agent 1",1,19214,19214,524288,17,"pk_gemm(__half const*, __half const*, __half*, int, int, int)",128,8704,0,208,0,128,"ALUStalledByLDS",3.32918166e-04,2107246167522,2107745817149
547,547,"Agent 1",1,19214,19214,524288,17,"pk_gemm(__half const*, __half const*, __half*, int, int, int)",128,8704,0,208,0,128,"LDSBankConflict",12.500000,2107246167522,2107745817149
547,547,"Agent 1",1,19214,19214,524288,17,"pk_gemm(__half const*, __half const*, __half*, int, int, int)",128,8704,0,208,0,128,"MeanOccupancyPerCU",7.295652,2107246167522,2107745817149
547,547,"Agent 1",1,19214,19214,524288,17,"pk_gemm(__half const*, __half const*, __half*, int, int, int)",128,8704,0,208,0,128,"SQ_INSTS_LDS",671088640.000000,2107246167522,2107745817149
547,547,"Agent 1",1,19214,19214,524288,17,"pk_gemm(__half const*, __half const*, __half*, int, int, int)",128,8704,0,208,0,128,"SQ_INST_LEVEL_LDS",66924530.000000,2107246167522,2107745817149
547,547,"Agent 1",1,19214,19214,524288,17,"pk_gemm(__half const*, __half const*, __half*, int, int, int)",128,8704,0,208,0,128,"SQ_WAIT_INST_LDS",10228462.000000,2107246167522,2107745817149
548,548,"Agent 1",1,19214,19214,524288,17,"pk_gemm(__half const*, __half const*, __half*, int, int, int)",128,8704,0,208,0,128,"ALUStalledByLDS",3.34139712e-04,2107745853378,2108272923691
548,548,"Agent 1",1,19214,19214,524288,17,"pk_gemm(__half const*, __half const*, __half*, int, int, int)",128,8704,0,208,0,128,"LDSBankConflict",12.500000,2107745853378,2108272923691
548,548,"Agent 1",1,19214,19214,524288,17,"pk_gemm(__half const*, __half const*, __half*, int, int, int)",128,8704,0,208,0,128,"MeanOccupancyPerCU",7.785398,2107745853378,2108272923691
548,548,"Agent 1",1,19214,19214,524288,17,"pk_gemm(__half const*, __half const*, __half*, int, int, int)",128,8704,0,208,0,128,"SQ_INSTS_LDS",671088640.000000,2107745853378,2108272923691
548,548,"Agent 1",1,19214,19214,524288,17,"pk_gemm(__half const*, __half const*, __half*, int, int, int)",128,8704,0,208,0,128,"SQ_INST_LEVEL_LDS",67792140.000000,2107745853378,2108272923691
548,548,"Agent 1",1,19214,19214,524288,17,"pk_gemm(__half const*, __half const*, __half*, int, int, int)",128,8704,0,208,0,128,"SQ_WAIT_INST_LDS",10816171.000000,2107745853378,2108272923691
549,549,"Agent 1",1,19214,19214,524288,17,"pk_gemm(__half const*, __half const*, __half*, int, int, int)",128,8704,0,208,0,128,"ALUStalledByLDS",3.58084811e-04,2108272959077,2108754119656
549,549,"Agent 1",1,19214,19214,524288,17,"pk_gemm(__half const*, __half const*, __half*, int, int, int)",128,8704,0,208,0,128,"LDSBankConflict",12.500000,2108272959077,2108754119656
549,549,"Agent 1",1,19214,19214,524288,17,"pk_gemm(__half const*, __half const*, __half*, int, int, int)",128,8704,0,208,0,128,"MeanOccupancyPerCU",7.617524,2108272959077,2108754119656
549,549,"Agent 1",1,19214,19214,524288,17,"pk_gemm(__half const*, __half const*, __half*, int, int, int)",128,8704,0,208,0,128,"SQ_INSTS_LDS",671088640.000000,2108272959077,2108754119656
549,549,"Agent 1",1,19214,19214,524288,17,"pk_gemm(__half const*, __half const*, __half*, int, int, int)",128,8704,0,208,0,128,"SQ_INST_LEVEL_LDS",67138568.000000,2108272959077,2108754119656
549,549,"Agent 1",1,19214,19214,524288,17,"pk_gemm(__half const*, __half const*, __half*, int, int, int)",128,8704,0,208,0,128,"SQ_WAIT_INST_LDS",10590209.000000,2108272959077,2108754119656
550,550,"Agent 1",1,19214,19214,524288,17,"pk_gemm(__half const*, __half const*, __half*, int, int, int)",128,8704,0,208,0,128,"ALUStalledByLDS",3.66846006e-04,2108754154877,2109235777760
550,550,"Agent 1",1,19214,19214,524288,17,"pk_gemm(__half const*, __half const*, __half*, int, int, int)",128,8704,0,208,0,128,"LDSBankConflict",12.500000,2108754154877,2109235777760
550,550,"Agent 1",1,19214,19214,524288,17,"pk_gemm(__half const*, __half const*, __half*, int, int, int)",128,8704,0,208,0,128,"MeanOccupancyPerCU",7.728597,2108754154877,2109235777760
550,550,"Agent 1",1,19214,19214,524288,17,"pk_gemm(__half const*, __half const*, __half*, int, int, int)",128,8704,0,208,0,128,"SQ_INSTS_LDS",671088640.000000,2108754154877,2109235777760
550,550,"Agent 1",1,19214,19214,524288,17,"pk_gemm(__half const*, __half const*, __half*, int, int, int)",128,8704,0,208,0,128,"SQ_INST_LEVEL_LDS",67315845.000000,2108754154877,2109235777760
550,550,"Agent 1",1,19214,19214,524288,17,"pk_gemm(__half const*, __half const*, __half*, int, int, int)",128,8704,0,208,0,128,"SQ_WAIT_INST_LDS",10854378.000000,2108754154877,2109235777760
551,551,"Agent 1",1,19214,19214,524288,17,"pk_gemm(__half const*, __half const*, __half*, int, int, int)",128,8704,0,208,0,128,"ALUStalledByLDS",3.55134597e-04,2109235813120,2109731707237
551,551,"Agent 1",1,19214,19214,524288,17,"pk_gemm(__half const*, __half const*, __half*, int, int, int)",128,8704,0,208,0,128,"LDSBankConflict",12.500000,2109235813120,2109731707237
551,551,"Agent 1",1,19214,19214,524288,17,"pk_gemm(__half const*, __half const*, __half*, int, int, int)",128,8704,0,208,0,128,"MeanOccupancyPerCU",7.725155,2109235813120,2109731707237
551,551,"Agent 1",1,19214,19214,524288,17,"pk_gemm(__half const*, __half const*, __half*, int, int, int)",128,8704,0,208,0,128,"SQ_INSTS_LDS",671088640.000000,2109235813120,2109731707237
551,551,"Agent 1",1,19214,19214,524288,17,"pk_gemm(__half const*, __half const*, __half*, int, int, int)",128,8704,0,208,0,128,"SQ_INST_LEVEL_LDS",67431022.000000,2109235813120,2109731707237
551,551,"Agent 1",1,19214,19214,524288,17,"pk_gemm(__half const*, __half const*, __half*, int, int, int)",128,8704,0,208,0,128,"SQ_WAIT_INST_LDS",10818017.000000,2109235813120,2109731707237
552,552,"Agent 1",1,19214,19214,524288,17,"pk_gemm(__half const*, __half const*, __half*, int, int, int)",128,8704,0,208,0,128,"ALUStalledByLDS",3.30837539e-04,2109731810724,2110249545601
552,552,"Agent 1",1,19214,19214,524288,17,"pk_gemm(__half const*, __half const*, __half*, int, int, int)",128,8704,0,208,0,128,"LDSBankConflict",12.500000,2109731810724,2110249545601
552,552,"Agent 1",1,19214,19214,524288,17,"pk_gemm(__half const*, __half const*, __half*, int, int, int)",128,8704,0,208,0,128,"MeanOccupancyPerCU",7.688473,2109731810724,2110249545601
552,552,"Agent 1",1,19214,19214,524288,17,"pk_gemm(__half const*, __half const*, __half*, int, int, int)",128,8704,0,208,0,128,"SQ_INSTS_LDS",671088640.000000,2109731810724,2110249545601
552,552,"Agent 1",1,19214,19214,524288,17,"pk_gemm(__half const*, __half const*, __half*, int, int, int)",128,8704,0,208,0,128,"SQ_INST_LEVEL_LDS",67330249.000000,2109731810724,2110249545601
552,552,"Agent 1",1,19214,19214,524288,17,"pk_gemm(__half const*, __half const*, __half*, int, int, int)",128,8704,0,208,0,128,"SQ_WAIT_INST_LDS",10525449.000000,2109731810724,2110249545601
553,553,"Agent 1",1,19214,19214,524288,17,"pk_gemm(__half const*, __half const*, __half*, int, int, int)",128,8704,0,208,0,128,"ALUStalledByLDS",3.61597545e-04,2110249587239,2110715708708
553,553,"Agent 1",1,19214,19214,524288,17,"pk_gemm(__half const*, __half const*, __half*, int, int, int)",128,8704,0,208,0,128,"LDSBankConflict",12.500000,2110249587239,2110715708708
553,553,"Agent 1",1,19214,19214,524288,17,"pk_gemm(__half const*, __half const*, __half*, int, int, int)",128,8704,0,208,0,128,"MeanOccupancyPerCU",7.545568,2110249587239,2110715708708
553,553,"Agent 1",1,19214,19214,524288,17,"pk_gemm(__half const*, __half const*, __half*, int, int, int)",128,8704,0,208,0,128,"SQ_INSTS_LDS",671088640.000000,2110249587239,2110715708708
553,553,"Agent 1",1,19214,19214,524288,17,"pk_gemm(__half const*, __half const*, __half*, int, int, int)",128,8704,0,208,0,128,"SQ_INST_LEVEL_LDS",66824247.000000,2110249587239,2110715708708
553,553,"Agent 1",1,19214,19214,524288,17,"pk_gemm(__half const*, __half const*, __half*, int, int, int)",128,8704,0,208,0,128,"SQ_WAIT_INST_LDS",10362742.000000,2110249587239,2110715708708
554,554,"Agent 1",1,19214,19214,524288,17,"pk_gemm(__half const*, __half const*, __half*, int, int, int)",128,8704,0,208,0,128,"ALUStalledByLDS",3.84797626e-04,2110715749806,2111177924327
554,554,"Agent 1",1,19214,19214,524288,17,"pk_gemm(__half const*, __half const*, __half*, int, int, int)",128,8704,0,208,0,128,"LDSBankConflict",12.500000,2110715749806,2111177924327
554,554,"Agent 1",1,19214,19214,524288,17,"pk_gemm(__half const*, __half const*, __half*, int, int, int)",128,8704,0,208,0,128,"MeanOccupancyPerCU",7.800313,2110715749806,2111177924327
554,554,"Agent 1",1,19214,19214,524288,17,"pk_gemm(__half const*, __half const*, __half*, int, int, int)",128,8704,0,208,0,128,"SQ_INSTS_LDS",671088640.000000,2110715749806,2111177924327
554,554,"Agent 1",1,19214,19214,524288,17,"pk_gemm(__half const*, __half const*, __half*, int, int, int)",128,8704,0,208,0,128,"SQ_INST_LEVEL_LDS",67221728.000000,2110715749806,2111177924327
554,554,"Agent 1",1,19214,19214,524288,17,"pk_gemm(__half const*, __half const*, __half*, int, int, int)",128,8704,0,208,0,128,"SQ_WAIT_INST_LDS",10926570.000000,2110715749806,2111177924327
555,555,"Agent 1",1,19214,19214,524288,17,"pk_gemm(__half const*, __half const*, __half*, int, int, int)",128,8704,0,208,0,128,"ALUStalledByLDS",4.01862392e-04,2111177965180,2111620502946
555,555,"Agent 1",1,19214,19214,524288,17,"pk_gemm(__half const*, __half const*, __half*, int, int, int)",128,8704,0,208,0,128,"LDSBankConflict",12.500000,2111177965180,2111620502946
555,555,"Agent 1",1,19214,19214,524288,17,"pk_gemm(__half const*, __half const*, __half*, int, int, int)",128,8704,0,208,0,128,"MeanOccupancyPerCU",7.672794,2111177965180,2111620502946
555,555,"Agent 1",1,19214,19214,524288,17,"pk_gemm(__half const*, __half const*, __half*, int, int, int)",128,8704,0,208,0,128,"SQ_INSTS_LDS",671088640.000000,2111177965180,2111620502946
555,555,"Agent 1",1,19214,19214,524288,17,"pk_gemm(__half const*, __half const*, __half*, int, int, int)",128,8704,0,208,0,128,"SQ_INST_LEVEL_LDS",67009383.000000,2111177965180,2111620502946
555,555,"Agent 1",1,19214,19214,524288,17,"pk_gemm(__half const*, __half const*, __half*, int, int, int)",128,8704,0,208,0,128,"SQ_WAIT_INST_LDS",10927761.000000,2111177965180,2111620502946
556,556,"Agent 1",1,19214,19214,524288,17,"pk_gemm(__half const*, __half const*, __half*, int, int, int)",128,8704,0,208,0,128,"ALUStalledByLDS",3.10652885e-04,2111620545575,2112162686036
556,556,"Agent 1",1,19214,19214,524288,17,"pk_gemm(__half const*, __half const*, __half*, int, int, int)",128,8704,0,208,0,128,"LDSBankConflict",12.500000,2111620545575,2112162686036
556,556,"Agent 1",1,19214,19214,524288,17,"pk_gemm(__half const*, __half const*, __half*, int, int, int)",128,8704,0,208,0,128,"MeanOccupancyPerCU",7.608931,2111620545575,2112162686036
556,556,"Agent 1",1,19214,19214,524288,17,"pk_gemm(__half const*, __half const*, __half*, int, int, int)",128,8704,0,208,0,128,"SQ_INSTS_LDS",671088640.000000,2111620545575,2112162686036
556,556,"Agent 1",1,19214,19214,524288,17,"pk_gemm(__half const*, __half const*, __half*, int, int, int)",128,8704,0,208,0,128,"SQ_INST_LEVEL_LDS",67423632.000000,2111620545575,2112162686036
556,556,"Agent 1",1,19214,19214,524288,17,"pk_gemm(__half const*, __half const*, __half*, int, int, int)",128,8704,0,208,0,128,"SQ_WAIT_INST_LDS",10348976.000000,2111620545575,2112162686036
557,557,"Agent 1",1,19214,19214,524288,17,"pk_gemm(__half const*, __half const*, __half*, int, int, int)",128,8704,0,208,0,128,"ALUStalledByLDS",4.62781634e-04,2112162733384,2112557905372
557,557,"Agent 1",1,19214,19214,524288,17,"pk_gemm(__half const*, __half const*, __half*, int, int, int)",128,8704,0,208,0,128,"LDSBankConflict",12.500000,2112162733384,2112557905372
557,557,"Agent 1",1,19214,19214,524288,17,"pk_gemm(__half const*, __half const*, __half*, int, int, int)",128,8704,0,208,0,128,"MeanOccupancyPerCU",7.778699,2112162733384,2112557905372
557,557,"Agent 1",1,19214,19214,524288,17,"pk_gemm(__half const*, __half const*, __half*, int, int, int)",128,8704,0,208,0,128,"SQ_INSTS_LDS",671088640.000000,2112162733384,2112557905372
557,557,"Agent 1",1,19214,19214,524288,17,"pk_gemm(__half const*, __half const*, __half*, int, int, int)",128,8704,0,208,0,128,"SQ_INST_LEVEL_LDS",66854712.000000,2112162733384,2112557905372
557,557,"Agent 1",1,19214,19214,524288,17,"pk_gemm(__half const*, __half const*, __half*, int, int, int)",128,8704,0,208,0,128,"SQ_WAIT_INST_LDS",11232987.000000,2112162733384,2112557905372
558,558,"Agent 1",1,19214,19214,524288,17,"pk_gemm(__half const*, __half const*, __half*, int, int, int)",128,8704,0,208,0,128,"ALUStalledByLDS",4.27263395e-04,2112557946233,2112978283244
558,558,"Agent 1",1,19214,19214,524288,17,"pk_gemm(__half const*, __half const*, __half*, int, int, int)",128,8704,0,208,0,128,"LDSBankConflict",12.500000,2112557946233,2112978283244
558,558,"Agent 1",1,19214,19214,524288,17,"pk_gemm(__half const*, __half const*, __half*, int, int, int)",128,8704,0,208,0,128,"MeanOccupancyPerCU",7.693865,2112557946233,2112978283244
558,558,"Agent 1",1,19214,19214,524288,17,"pk_gemm(__half const*, __half const*, __half*, int, int, int)",128,8704,0,208,0,128,"SQ_INSTS_LDS",671088640.000000,2112557946233,2112978283244
558,558,"Agent 1",1,19214,19214,524288,17,"pk_gemm(__half const*, __half const*, __half*, int, int, int)",128,8704,0,208,0,128,"SQ_INST_LEVEL_LDS",66937861.000000,2112557946233,2112978283244
558,558,"Agent 1",1,19214,19214,524288,17,"pk_gemm(__half const*, __half const*, __half*, int, int, int)",128,8704,0,208,0,128,"SQ_WAIT_INST_LDS",11035219.000000,2112557946233,2112978283244
559,559,"Agent 1",1,19214,19214,524288,17,"pk_gemm(__half const*, __half const*, __half*, int, int, int)",128,8704,0,208,0,128,"ALUStalledByLDS",3.26409771e-04,2112978321576,2113502548124
559,559,"Agent 1",1,19214,19214,524288,17,"pk_gemm(__half const*, __half const*, __half*, int, int, int)",128,8704,0,208,0,128,"LDSBankConflict",12.500000,2112978321576,2113502548124
559,559,"Agent 1",1,19214,19214,524288,17,"pk_gemm(__half const*, __half const*, __half*, int, int, int)",128,8704,0,208,0,128,"MeanOccupancyPerCU",7.534510,2112978321576,2113502548124
559,559,"Agent 1",1,19214,19214,524288,17,"pk_gemm(__half const*, __half const*, __half*, int, int, int)",128,8704,0,208,0,128,"SQ_INSTS_LDS",671088640.000000,2112978321576,2113502548124
559,559,"Agent 1",1,19214,19214,524288,17,"pk_gemm(__half const*, __half const*, __half*, int, int, int)",128,8704,0,208,0,128,"SQ_INST_LEVEL_LDS",67384480.000000,2112978321576,2113502548124
559,559,"Agent 1",1,19214,19214,524288,17,"pk_gemm(__half const*, __half const*, __half*, int, int, int)",128,8704,0,208,0,128,"SQ_WAIT_INST_LDS",10515153.000000,2112978321576,2113502548124
560,560,"Agent 1",1,19214,19214,524288,17,"pk_gemm(__half const*, __half const*, __half*, int, int, int)",128,8704,0,208,0,128,"ALUStalledByLDS",3.71230445e-04,2113502587972,2113967076826
560,560,"Agent 1",1,19214,19214,524288,17,"pk_gemm(__half const*, __half const*, __half*, int, int, int)",128,8704,0,208,0,128,"LDSBankConflict",12.500000,2113502587972,2113967076826
560,560,"Agent 1",1,19214,19214,524288,17,"pk_gemm(__half const*, __half const*, __half*, int, int, int)",128,8704,0,208,0,128,"MeanOccupancyPerCU",7.519483,2113502587972,2113967076826
560,560,"Agent 1",1,19214,19214,524288,17,"pk_gemm(__half const*, __half const*, __half*, int, int, int)",128,8704,0,208,0,128,"SQ_INSTS_LDS",671088640.000000,2113502587972,2113967076826
560,560,"Agent 1",1,19214,19214,524288,17,"pk_gemm(__half const*, __half const*, __half*, int, int, int)",128,8704,0,208,0,128,"SQ_INST_LEVEL_LDS",66871204.000000,2113502587972,2113967076826
560,560,"Agent 1",1,19214,19214,524288,17,"pk_gemm(__half const*, __half const*, __half*, int, int, int)",128,8704,0,208,0,128,"SQ_WAIT_INST_LDS",10599790.000000,2113502587972,2113967076826
561,561,"Agent 1",1,19214,19214,524288,17,"pk_gemm(__half const*, __half const*, __half*, int, int, int)",128,8704,0,208,0,128,"ALUStalledByLDS",3.40242899e-04,2113967118728,2114469064573
561,561,"Agent 1",1,19214,19214,524288,17,"pk_gemm(__half const*, __half const*, __half*, int, int, int)",128,8704,0,208,0,128,"LDSBankConflict",12.500000,2113967118728,2114469064573
561,561,"Agent 1",1,19214,19214,524288,17,"pk_gemm(__half const*, __half const*, __half*, int, int, int)",128,8704,0,208,0,128,"MeanOccupancyPerCU",7.647964,2113967118728,2114469064573
561,561,"Agent 1",1,19214,19214,524288,17,"pk_gemm(__half const*, __half const*, __half*, int, int, int)",128,8704,0,208,0,128,"SQ_INSTS_LDS",671088640.000000,2113967118728,2114469064573
561,561,"Agent 1",1,19214,19214,524288,17,"pk_gemm(__half const*, __half const*, __half*, int, int, int)",128,8704,0,208,0,128,"SQ_INST_LEVEL_LDS",67216138.000000,2113967118728,2114469064573
561,561,"Agent 1",1,19214,19214,524288,17,"pk_gemm(__half const*, __half const*, __half*, int, int, int)",128,8704,0,208,0,128,"SQ_WAIT_INST_LDS",10498419.000000,2113967118728,2114469064573
562,562,"Agent 1",1,19214,19214,524288,17,"pk_gemm(__half const*, __half const*, __half*, int, int, int)",128,8704,0,208,0,128,"ALUStalledByLDS",3.00270979e-04,2114469103905,2115018736090
562,562,"Agent 1",1,19214,19214,524288,17,"pk_gemm(__half const*, __half const*, __half*, int, int, int)",128,8704,0,208,0,128,"LDSBankConflict",12.500000,2114469103905,2115018736090
562,562,"Agent 1",1,19214,19214,524288,17,"pk_gemm(__half const*, __half const*, __half*, int, int, int)",128,8704,0,208,0,128,"MeanOccupancyPerCU",7.535982,2114469103905,2115018736090
562,562,"Agent 1",1,19214,19214,524288,17,"pk_gemm(__half const*, __half const*, __half*, int, int, int)",128,8704,0,208,0,128,"SQ_INSTS_LDS",671088640.000000,2114469103905,2115018736090
562,562,"Agent 1",1,19214,19214,524288,17,"pk_gemm(__half const*, __half const*, __half*, int, int, int)",128,8704,0,208,0,128,"SQ_INST_LEVEL_LDS",67320124.000000,2114469103905,2115018736090
562,562,"Agent 1",1,19214,19214,524288,17,"pk_gemm(__half const*, __half const*, __half*, int, int, int)",128,8704,0,208,0,128,"SQ_WAIT_INST_LDS",10144709.000000,2114469103905,2115018736090
563,563,"Agent 1",1,19214,19214,524288,17,"pk_gemm(__half const*, __half const*, __half*, int, int, int)",128,8704,0,208,0,128,"ALUStalledByLDS",3.46653872e-04,2115018775924,2115504275104
563,563,"Agent 1",1,19214,19214,524288,17,"pk_gemm(__half const*, __half const*, __half*, int, int, int)",128,8704,0,208,0,128,"LDSBankConflict",12.500000,2115018775924,2115504275104
563,563,"Agent 1",1,19214,19214,524288,17,"pk_gemm(__half const*, __half const*, __half*, int, int, int)",128,8704,0,208,0,128,"MeanOccupancyPerCU",7.573085,2115018775924,2115504275104
563,563,"Agent 1",1,19214,19214,524288,17,"pk_gemm(__half const*, __half const*, __half*, int, int, int)",128,8704,0,208,0,128,"SQ_INSTS_LDS",671088640.000000,2115018775924,2115504275104
563,563,"Agent 1",1,19214,19214,524288,17,"pk_gemm(__half const*, __half const*, __half*, int, int, int)",128,8704,0,208,0,128,"SQ_INST_LEVEL_LDS",66914649.000000,2115018775924,2115504275104
563,563,"Agent 1",1,19214,19214,524288,17,"pk_gemm(__half const*, __half const*, __half*, int, int, int)",128,8704,0,208,0,128,"SQ_WAIT_INST_LDS",10346806.000000,2115018775924,2115504275104
564,564,"Agent 1",1,19214,19214,524288,17,"pk_gemm(__half const*, __half const*, __half*, int, int, int)",128,8704,0,208,0,128,"ALUStalledByLDS",4.34725260e-04,2115504319209,2115917820065
564,564,"Agent 1",1,19214,19214,524288,17,"pk_gemm(__half const*, __half const*, __half*, int, int, int)",128,8704,0,208,0,128,"LDSBankConflict",12.500000,2115504319209,2115917820065
564,564,"Agent 1",1,19214,19214,524288,17,"pk_gemm(__half const*, __half const*, __half*, int, int, int)",128,8704,0,208,0,128,"MeanOccupancyPerCU",7.702941,2115504319209,2115917820065
564,564,"Agent 1",1,19214,19214,524288,17,"pk_gemm(__half const*, __half const*, __half*, int, int, int)",128,8704,0,208,0,128,"SQ_INSTS_LDS",671088640.000000,2115504319209,2115917820065
564,564,"Agent 1",1,19214,19214,524288,17,"pk_gemm(__half const*, __half const*, __half*, int, int, int)",128,8704,0,208,0,128,"SQ_INST_LEVEL_LDS",66874404.000000,2115504319209,2115917820065
564,564,"Agent 1",1,19214,19214,524288,17,"pk_gemm(__half const*, __half const*, __half*, int, int, int)",128,8704,0,208,0,128,"SQ_WAIT_INST_LDS",11046850.000000,2115504319209,2115917820065
565,565,"Agent 1",1,19214,19214,524288,17,"pk_gemm(__half const*, __half const*, __half*, int, int, int)",128,8704,0,208,0,128,"ALUStalledByLDS",5.59032979e-04,2115917869118,2116253375426
565,565,"Agent 1",1,19214,19214,524288,17,"pk_gemm(__half const*, __half const*, __half*, int, int, int)",128,8704,0,208,0,128,"LDSBankConflict",12.500000,2115917869118,2116253375426
565,565,"Agent 1",1,19214,19214,524288,17,"pk_gemm(__half const*, __half const*, __half*, int, int, int)",128,8704,0,208,0,128,"MeanOccupancyPerCU",7.789985,2115917869118,2116253375426
565,565,"Agent 1",1,19214,19214,524288,17,"pk_gemm(__half const*, __half const*, __half*, int, int, int)",128,8704,0,208,0,128,"SQ_INSTS_LDS",671088640.000000,2115917869118,2116253375426
565,565,"Agent 1",1,19214,19214,524288,17,"pk_gemm(__half const*, __half const*, __half*, int, int, int)",128,8704,0,208,0,128,"SQ_INST_LEVEL_LDS",66561036.000000,2115917869118,2116253375426
565,565,"Agent 1",1,19214,19214,524288,17,"pk_gemm(__half const*, __half const*, __half*, int, int, int)",128,8704,0,208,0,128,"SQ_WAIT_INST_LDS",11523257.000000,2115917869118,2116253375426
566,566,"Agent 1",1,19214,19214,524288,17,"pk_gemm(__half const*, __half const*, __half*, int, int, int)",128,8704,0,208,0,128,"ALUStalledByLDS",3.17534923e-04,2116253416867,2116779532232
566,566,"Agent 1",1,19214,19214,524288,17,"pk_gemm(__half const*, __half const*, __half*, int, int, int)",128,8704,0,208,0,128,"LDSBankConflict",12.500000,2116253416867,2116779532232
566,566,"Agent 1",1,19214,19214,524288,17,"pk_gemm(__half const*, __half const*, __half*, int, int, int)",128,8704,0,208,0,128,"MeanOccupancyPerCU",7.598605,2116253416867,2116779532232
566,566,"Agent 1",1,19214,19214,524288,17,"pk_gemm(__half const*, __half const*, __half*, int, int, int)",128,8704,0,208,0,128,"SQ_INSTS_LDS",671088640.000000,2116253416867,2116779532232
566,566,"Agent 1",1,19214,19214,524288,17,"pk_gemm(__half const*, __half const*, __half*, int, int, int)",128,8704,0,208,0,128,"SQ_INST_LEVEL_LDS",67208000.000000,2116253416867,2116779532232
566,566,"Agent 1",1,19214,19214,524288,17,"pk_gemm(__half const*, __half const*, __half*, int, int, int)",128,8704,0,208,0,128,"SQ_WAIT_INST_LDS",10269959.000000,2116253416867,2116779532232
567,567,"Agent 1",1,19214,19214,524288,17,"pk_gemm(__half const*, __half const*, __half*, int, int, int)",128,8704,0,208,0,128,"ALUStalledByLDS",5.33890921e-04,2116779571076,2117127727423
567,567,"Agent 1",1,19214,19214,524288,17,"pk_gemm(__half const*, __half const*, __half*, int, int, int)",128,8704,0,208,0,128,"LDSBankConflict",12.500000,2116779571076,2117127727423
567,567,"Agent 1",1,19214,19214,524288,17,"pk_gemm(__half const*, __half const*, __half*, int, int, int)",128,8704,0,208,0,128,"MeanOccupancyPerCU",7.482954,2116779571076,2117127727423
567,567,"Agent 1",1,19214,19214,524288,17,"pk_gemm(__half const*, __half const*, __half*, int, int, int)",128,8704,0,208,0,128,"SQ_INSTS_LDS",671088640.000000,2116779571076,2117127727423
567,567,"Agent 1",1,19214,19214,524288,17,"pk_gemm(__half const*, __half const*, __half*, int, int, int)",128,8704,0,208,0,128,"SQ_INST_LEVEL_LDS",66683877.000000,2116779571076,2117127727423
567,567,"Agent 1",1,19214,19214,524288,17,"pk_gemm(__half const*, __half const*, __half*, int, int, int)",128,8704,0,208,0,128,"SQ_WAIT_INST_LDS",11428306.000000,2116779571076,2117127727423
568,568,"Agent 1",1,19214,19214,524288,17,"pk_gemm(__half const*, __half const*, __half*, int, int, int)",128,8704,0,208,0,128,"ALUStalledByLDS",3.10967749e-04,2117127769173,2117667340163
568,568,"Agent 1",1,19214,19214,524288,17,"pk_gemm(__half const*, __half const*, __half*, int, int, int)",128,8704,0,208,0,128,"LDSBankConflict",12.500000,2117127769173,2117667340163
568,568,"Agent 1",1,19214,19214,524288,17,"pk_gemm(__half const*, __half const*, __half*, int, int, int)",128,8704,0,208,0,128,"MeanOccupancyPerCU",7.686653,2117127769173,2117667340163
568,568,"Agent 1",1,19214,19214,524288,17,"pk_gemm(__half const*, __half const*, __half*, int, int, int)",128,8704,0,208,0,128,"SQ_INSTS_LDS",671088640.000000,2117127769173,2117667340163
568,568,"Agent 1",1,19214,19214,524288,17,"pk_gemm(__half const*, __half const*, __half*, int, int, int)",128,8704,0,208,0,128,"SQ_INST_LEVEL_LDS",67372580.000000,2117127769173,2117667340163
568,568,"Agent 1",1,19214,19214,524288,17,"pk_gemm(__half const*, __half const*, __half*, int, int, int)",128,8704,0,208,0,128,"SQ_WAIT_INST_LDS",10312719.000000,2117127769173,2117667340163
569,569,"Agent 1",1,19214,19214,524288,17,"pk_gemm(__half const*, __half const*, __half*, int, int, int)",128,8704,0,208,0,128,"ALUStalledByLDS",3.11723350e-04,2117667380573,2118196206891
569,569,"Agent 1",1,19214,19214,524288,17,"pk_gemm(__half const*, __half const*, __half*, int, int, int)",128,8704,0,208,0,128,"LDSBankConflict",12.500000,2117667380573,2118196206891
569,569,"Agent 1",1,19214,19214,524288,17,"pk_gemm(__half const*, __half const*, __half*, int, int, int)",128,8704,0,208,0,128,"MeanOccupancyPerCU",7.409549,2117667380573,2118196206891
569,569,"Agent 1",1,19214,19214,524288,17,"pk_gemm(__half const*, __half const*, __half*, int, int, int)",128,8704,0,208,0,128,"SQ_INSTS_LDS",671088640.000000,2117667380573,2118196206891
569,569,"Agent 1",1,19214,19214,524288,17,"pk_gemm(__half const*, __half const*, __half*, int, int, int)",128,8704,0,208,0,128,"SQ_INST_LEVEL_LDS",67072555.000000,2117667380573,2118196206891
569,569,"Agent 1",1,19214,19214,524288,17,"pk_gemm(__half const*, __half const*, __half*, int, int, int)",128,8704,0,208,0,128,"SQ_WAIT_INST_LDS",10139016.000000,2117667380573,2118196206891
570,570,"Agent 1",1,19214,19214,524288,17,"pk_gemm(__half const*, __half const*, __half*, int, int, int)",128,8704,0,208,0,128,"ALUStalledByLDS",4.10624880e-04,2118196246527,2118633615339
570,570,"Agent 1",1,19214,19214,524288,17,"pk_gemm(__half const*, __half const*, __half*, int, int, int)",128,8704,0,208,0,128,"LDSBankConflict",12.500000,2118196246527,2118633615339
570,570,"Agent 1",1,19214,19214,524288,17,"pk_gemm(__half const*, __half const*, __half*, int, int, int)",128,8704,0,208,0,128,"MeanOccupancyPerCU",7.611541,2118196246527,2118633615339
570,570,"Agent 1",1,19214,19214,524288,17,"pk_gemm(__half const*, __half const*, __half*, int, int, int)",128,8704,0,208,0,128,"SQ_INSTS_LDS",671088640.000000,2118196246527,2118633615339
570,570,"Agent 1",1,19214,19214,524288,17,"pk_gemm(__half const*, __half const*, __half*, int, int, int)",128,8704,0,208,0,128,"SQ_INST_LEVEL_LDS",67090977.000000,2118196246527,2118633615339
570,570,"Agent 1",1,19214,19214,524288,17,"pk_gemm(__half const*, __half const*, __half*, int, int, int)",128,8704,0,208,0,128,"SQ_WAIT_INST_LDS",11035783.000000,2118196246527,2118633615339
571,571,"Agent 1",1,19214,19214,524288,17,"pk_gemm(__half const*, __half const*, __half*, int, int, int)",128,8704,0,208,0,128,"ALUStalledByLDS",3.43794007e-04,2118633656421,2119134023834
571,571,"Agent 1",1,19214,19214,524288,17,"pk_gemm(__half const*, __half const*, __half*, int, int, int)",128,8704,0,208,0,128,"LDSBankConflict",12.500000,2118633656421,2119134023834
571,571,"Agent 1",1,19214,19214,524288,17,"pk_gemm(__half const*, __half const*, __half*, int, int, int)",128,8704,0,208,0,128,"MeanOccupancyPerCU",7.662128,2118633656421,2119134023834
571,571,"Agent 1",1,19214,19214,524288,17,"pk_gemm(__half const*, __half const*, __half*, int, int, int)",128,8704,0,208,0,128,"SQ_INSTS_LDS",671088640.000000,2118633656421,2119134023834
571,571,"Agent 1",1,19214,19214,524288,17,"pk_gemm(__half const*, __half const*, __half*, int, int, int)",128,8704,0,208,0,128,"SQ_INST_LEVEL_LDS",67279965.000000,2118633656421,2119134023834
571,571,"Agent 1",1,19214,19214,524288,17,"pk_gemm(__half const*, __half const*, __half*, int, int, int)",128,8704,0,208,0,128,"SQ_WAIT_INST_LDS",10570354.000000,2118633656421,2119134023834
572,572,"Agent 1",1,19214,19214,524288,17,"pk_gemm(__half const*, __half const*, __half*, int, int, int)",128,8704,0,208,0,128,"ALUStalledByLDS",3.44251088e-04,2119134060808,2119624845601
572,572,"Agent 1",1,19214,19214,524288,17,"pk_gemm(__half const*, __half const*, __half*, int, int, int)",128,8704,0,208,0,128,"LDSBankConflict",12.500000,2119134060808,2119624845601
572,572,"Agent 1",1,19214,19214,524288,17,"pk_gemm(__half const*, __half const*, __half*, int, int, int)",128,8704,0,208,0,128,"MeanOccupancyPerCU",7.574563,2119134060808,2119624845601
572,572,"Agent 1",1,19214,19214,524288,17,"pk_gemm(__half const*, __half const*, __half*, int, int, int)",128,8704,0,208,0,128,"SQ_INSTS_LDS",671088640.000000,2119134060808,2119624845601
572,572,"Agent 1",1,19214,19214,524288,17,"pk_gemm(__half const*, __half const*, __half*, int, int, int)",128,8704,0,208,0,128,"SQ_INST_LEVEL_LDS",66984471.000000,2119134060808,2119624845601
572,572,"Agent 1",1,19214,19214,524288,17,"pk_gemm(__half const*, __half const*, __half*, int, int, int)",128,8704,0,208,0,128,"SQ_WAIT_INST_LDS",10386295.000000,2119134060808,2119624845601
573,573,"Agent 1",1,19214,19214,524288,17,"pk_gemm(__half const*, __half const*, __half*, int, int, int)",128,8704,0,208,0,128,"ALUStalledByLDS",3.05683450e-04,2119624881930,2120162004176
573,573,"Agent 1",1,19214,19214,524288,17,"pk_gemm(__half const*, __half const*, __half*, int, int, int)",128,8704,0,208,0,128,"LDSBankConflict",12.500000,2119624881930,2120162004176
573,573,"Agent 1",1,19214,19214,524288,17,"pk_gemm(__half const*, __half const*, __half*, int, int, int)",128,8704,0,208,0,128,"MeanOccupancyPerCU",7.460361,2119624881930,2120162004176
573,573,"Agent 1",1,19214,19214,524288,17,"pk_gemm(__half const*, __half const*, __half*, int, int, int)",128,8704,0,208,0,128,"SQ_INSTS_LDS",671088640.000000,2119624881930,2120162004176
573,573,"Agent 1",1,19214,19214,524288,17,"pk_gemm(__half const*, __half const*, __half*, int, int, int)",128,8704,0,208,0,128,"SQ_INST_LEVEL_LDS",67152030.000000,2119624881930,2120162004176
573,573,"Agent 1",1,19214,19214,524288,17,"pk_gemm(__half const*, __half const*, __half*, int, int, int)",128,8704,0,208,0,128,"SQ_WAIT_INST_LDS",10094213.000000,2119624881930,2120162004176
574,574,"Agent 1",1,19214,19214,524288,17,"pk_gemm(__half const*, __half const*, __half*, int, int, int)",128,8704,0,208,0,128,"ALUStalledByLDS",3.41648909e-04,2120162041095,2120652001987
574,574,"Agent 1",1,19214,19214,524288,17,"pk_gemm(__half const*, __half const*, __half*, int, int, int)",128,8704,0,208,0,128,"LDSBankConflict",12.500000,2120162041095,2120652001987
574,574,"Agent 1",1,19214,19214,524288,17,"pk_gemm(__half const*, __half const*, __half*, int, int, int)",128,8704,0,208,0,128,"MeanOccupancyPerCU",7.359744,2120162041095,2120652001987
574,574,"Agent 1",1,19214,19214,524288,17,"pk_gemm(__half const*, __half const*, __half*, int, int, int)",128,8704,0,208,0,128,"SQ_INSTS_LDS",671088640.000000,2120162041095,2120652001987
574,574,"Agent 1",1,19214,19214,524288,17,"pk_gemm(__half const*, __half const*, __half*, int, int, int)",128,8704,0,208,0,128,"SQ_INST_LEVEL_LDS",66880674.000000,2120162041095,2120652001987
574,574,"Agent 1",1,19214,19214,524288,17,"pk_gemm(__half const*, __half const*, __half*, int, int, int)",128,8704,0,208,0,128,"SQ_WAIT_INST_LDS",10293273.000000,2120162041095,2120652001987
575,575,"Agent 1",1,19214,19214,524288,17,"pk_gemm(__half const*, __half const*, __half*, int, int, int)",128,8704,0,208,0,128,"ALUStalledByLDS",5.10458484e-04,2120652039671,2121010422319
575,575,"Agent 1",1,19214,19214,524288,17,"pk_gemm(__half const*, __half const*, __half*, int, int, int)",128,8704,0,208,0,128,"LDSBankConflict",12.500000,2120652039671,2121010422319
575,575,"Agent 1",1,19214,19214,524288,17,"pk_gemm(__half const*, __half const*, __half*, int, int, int)",128,8704,0,208,0,128,"MeanOccupancyPerCU",7.589144,2120652039671,2121010422319
575,575,"Agent 1",1,19214,19214,524288,17,"pk_gemm(__half const*, __half const*, __half*, int, int, int)",128,8704,0,208,0,128,"SQ_INSTS_LDS",671088640.000000,2120652039671,2121010422319
575,575,"Agent 1",1,19214,19214,524288,17,"pk_gemm(__half const*, __half const*, __half*, int, int, int)",128,8704,0,208,0,128,"SQ_INST_LEVEL_LDS",66532519.000000,2120652039671,2121010422319
575,575,"Agent 1",1,19214,19214,524288,17,"pk_gemm(__half const*, __half const*, __half*, int, int, int)",128,8704,0,208,0,128,"SQ_WAIT_INST_LDS",11241404.000000,2120652039671,2121010422319
576,576,"Agent 1",1,19214,19214,524288,17,"pk_gemm(__half const*, __half const*, __half*, int, int, int)",128,8704,0,208,0,128,"ALUStalledByLDS",3.44455320e-04,2121010458628,2121508654173
576,576,"Agent 1",1,19214,19214,524288,17,"pk_gemm(__half const*, __half const*, __half*, int, int, int)",128,8704,0,208,0,128,"LDSBankConflict",12.500000,2121010458628,2121508654173
576,576,"Agent 1",1,19214,19214,524288,17,"pk_gemm(__half const*, __half const*, __half*, int, int, int)",128,8704,0,208,0,128,"MeanOccupancyPerCU",7.520015,2121010458628,2121508654173
576,576,"Agent 1",1,19214,19214,524288,17,"pk_gemm(__half const*, __half const*, __half*, int, int, int)",128,8704,0,208,0,128,"SQ_INSTS_LDS",671088640.000000,2121010458628,2121508654173
576,576,"Agent 1",1,19214,19214,524288,17,"pk_gemm(__half const*, __half const*, __half*, int, int, int)",128,8704,0,208,0,128,"SQ_INST_LEVEL_LDS",67235215.000000,2121010458628,2121508654173
576,576,"Agent 1",1,19214,19214,524288,17,"pk_gemm(__half const*, __half const*, __half*, int, int, int)",128,8704,0,208,0,128,"SQ_WAIT_INST_LDS",10545707.000000,2121010458628,2121508654173
577,577,"Agent 1",1,19214,19214,524288,17,"pk_gemm(__half const*, __half const*, __half*, int, int, int)",128,8704,0,208,0,128,"ALUStalledByLDS",3.72873945e-04,2121508689552,2121983696533
577,577,"Agent 1",1,19214,19214,524288,17,"pk_gemm(__half const*, __half const*, __half*, int, int, int)",128,8704,0,208,0,128,"LDSBankConflict",12.500000,2121508689552,2121983696533
577,577,"Agent 1",1,19214,19214,524288,17,"pk_gemm(__half const*, __half const*, __half*, int, int, int)",128,8704,0,208,0,128,"MeanOccupancyPerCU",7.793379,2121508689552,2121983696533
577,577,"Agent 1",1,19214,19214,524288,17,"pk_gemm(__half const*, __half const*, __half*, int, int, int)",128,8704,0,208,0,128,"SQ_INSTS_LDS",671088640.000000,2121508689552,2121983696533
577,577,"Agent 1",1,19214,19214,524288,17,"pk_gemm(__half const*, __half const*, __half*, int, int, int)",128,8704,0,208,0,128,"SQ_INST_LEVEL_LDS",67393994.000000,2121508689552,2121983696533
577,577,"Agent 1",1,19214,19214,524288,17,"pk_gemm(__half const*, __half const*, __half*, int, int, int)",128,8704,0,208,0,128,"SQ_WAIT_INST_LDS",10882579.000000,2121508689552,2121983696533
578,578,"Agent 1",1,19214,19214,524288,17,"pk_gemm(__half const*, __half const*, __half*, int, int, int)",128,8704,0,208,0,128,"ALUStalledByLDS",3.12704917e-04,2121983734566,2122514041296
578,578,"Agent 1",1,19214,19214,524288,17,"pk_gemm(__half const*, __half const*, __half*, int, int, int)",128,8704,0,208,0,128,"LDSBankConflict",12.500000,2121983734566,2122514041296
578,578,"Agent 1",1,19214,19214,524288,17,"pk_gemm(__half const*, __half const*, __half*, int, int, int)",128,8704,0,208,0,128,"MeanOccupancyPerCU",7.566041,2121983734566,2122514041296
578,578,"Agent 1",1,19214,19214,524288,17,"pk_gemm(__half const*, __half const*, __half*, int, int, int)",128,8704,0,208,0,128,"SQ_INSTS_LDS",671088640.000000,2121983734566,2122514041296
578,578,"Agent 1",1,19214,19214,524288,17,"pk_gemm(__half const*, __half const*, __half*, int, int, int)",128,8704,0,208,0,128,"SQ_INST_LEVEL_LDS",67249526.000000,2121983734566,2122514041296
578,578,"Agent 1",1,19214,19214,524288,17,"pk_gemm(__half const*, __half const*, __half*, int, int, int)",128,8704,0,208,0,128,"SQ_WAIT_INST_LDS",10196935.000000,2121983734566,2122514041296
579,579,"Agent 1",1,19214,19214,524288,17,"pk_gemm(__half const*, __half const*, __half*, int, int, int)",128,8704,0,208,0,128,"ALUStalledByLDS",3.24786158e-04,2122514090829,2123037547016
579,579,"Agent 1",1,19214,19214,524288,17,"pk_gemm(__half const*, __half const*, __half*, int, int, int)",128,8704,0,208,0,128,"LDSBankConflict",12.500000,2122514090829,2123037547016
579,579,"Agent 1",1,19214,19214,524288,17,"pk_gemm(__half const*, __half const*, __half*, int, int, int)",128,8704,0,208,0,128,"MeanOccupancyPerCU",7.653092,2122514090829,2123037547016
579,579,"Agent 1",1,19214,19214,524288,17,"pk_gemm(__half const*, __half const*, __half*, int, int, int)",128,8704,0,208,0,128,"SQ_INSTS_LDS",671088640.000000,2122514090829,2123037547016
579,579,"Agent 1",1,19214,19214,524288,17,"pk_gemm(__half const*, __half const*, __half*, int, int, int)",128,8704,0,208,0,128,"SQ_INST_LEVEL_LDS",67379324.000000,2122514090829,2123037547016
579,579,"Agent 1",1,19214,19214,524288,17,"pk_gemm(__half const*, __half const*, __half*, int, int, int)",128,8704,0,208,0,128,"SQ_WAIT_INST_LDS",10446031.000000,2122514090829,2123037547016
580,580,"Agent 1",1,19214,19214,524288,17,"pk_gemm(__half const*, __half const*, __half*, int, int, int)",128,8704,0,208,0,128,"ALUStalledByLDS",4.50694354e-04,2123037582176,2123446749641
580,580,"Agent 1",1,19214,19214,524288,17,"pk_gemm(__half const*, __half const*, __half*, int, int, int)",128,8704,0,208,0,128,"LDSBankConflict",12.500000,2123037582176,2123446749641
580,580,"Agent 1",1,19214,19214,524288,17,"pk_gemm(__half const*, __half const*, __half*, int, int, int)",128,8704,0,208,0,128,"MeanOccupancyPerCU",7.772406,2123037582176,2123446749641
580,580,"Agent 1",1,19214,19214,524288,17,"pk_gemm(__half const*, __half const*, __half*, int, int, int)",128,8704,0,208,0,128,"SQ_INSTS_LDS",671088640.000000,2123037582176,2123446749641
580,580,"Agent 1",1,19214,19214,524288,17,"pk_gemm(__half const*, __half const*, __half*, int, int, int)",128,8704,0,208,0,128,"SQ_INST_LEVEL_LDS",66999583.000000,2123037582176,2123446749641
580,580,"Agent 1",1,19214,19214,524288,17,"pk_gemm(__half const*, __half const*, __half*, int, int, int)",128,8704,0,208,0,128,"SQ_WAIT_INST_LDS",11324322.000000,2123037582176,2123446749641
581,581,"Agent 1",1,19214,19214,524288,17,"pk_gemm(__half const*, __half const*, __half*, int, int, int)",128,8704,0,208,0,128,"ALUStalledByLDS",3.21350732e-04,2123446788689,2123977242338
581,581,"Agent 1",1,19214,19214,524288,17,"pk_gemm(__half const*, __half const*, __half*, int, int, int)",128,8704,0,208,0,128,"LDSBankConflict",12.500000,2123446788689,2123977242338
581,581,"Agent 1",1,19214,19214,524288,17,"pk_gemm(__half const*, __half const*, __half*, int, int, int)",128,8704,0,208,0,128,"MeanOccupancyPerCU",7.764121,2123446788689,2123977242338
581,581,"Agent 1",1,19214,19214,524288,17,"pk_gemm(__half const*, __half const*, __half*, int, int, int)",128,8704,0,208,0,128,"SQ_INSTS_LDS",671088640.000000,2123446788689,2123977242338
581,581,"Agent 1",1,19214,19214,524288,17,"pk_gemm(__half const*, __half const*, __half*, int, int, int)",128,8704,0,208,0,128,"SQ_INST_LEVEL_LDS",67508081.000000,2123446788689,2123977242338
581,581,"Agent 1",1,19214,19214,524288,17,"pk_gemm(__half const*, __half const*, __half*, int, int, int)",128,8704,0,208,0,128,"SQ_WAIT_INST_LDS",10473164.000000,2123446788689,2123977242338
582,582,"Agent 1",1,19214,19214,524288,17,"pk_gemm(__half const*, __half const*, __half*, int, int, int)",128,8704,0,208,0,128,"ALUStalledByLDS",3.98812430e-04,2123977348327,2124422772577
582,582,"Agent 1",1,19214,19214,524288,17,"pk_gemm(__half const*, __half const*, __half*, int, int, int)",128,8704,0,208,0,128,"LDSBankConflict",12.500000,2123977348327,2124422772577
582,582,"Agent 1",1,19214,19214,524288,17,"pk_gemm(__half const*, __half const*, __half*, int, int, int)",128,8704,0,208,0,128,"MeanOccupancyPerCU",7.646413,2123977348327,2124422772577
582,582,"Agent 1",1,19214,19214,524288,17,"pk_gemm(__half const*, __half const*, __half*, int, int, int)",128,8704,0,208,0,128,"SQ_INSTS_LDS",671088640.000000,2123977348327,2124422772577
582,582,"Agent 1",1,19214,19214,524288,17,"pk_gemm(__half const*, __half const*, __half*, int, int, int)",128,8704,0,208,0,128,"SQ_INST_LEVEL_LDS",67052429.000000,2123977348327,2124422772577
582,582,"Agent 1",1,19214,19214,524288,17,"pk_gemm(__half const*, __half const*, __half*, int, int, int)",128,8704,0,208,0,128,"SQ_WAIT_INST_LDS",10915465.000000,2123977348327,2124422772577
583,583,"Agent 1",1,19214,19214,524288,17,"pk_gemm(__half const*, __half const*, __half*, int, int, int)",128,8704,0,208,0,128,"ALUStalledByLDS",3.39247292e-04,2124422811964,2124921605628
583,583,"Agent 1",1,19214,19214,524288,17,"pk_gemm(__half const*, __half const*, __half*, int, int, int)",128,8704,0,208,0,128,"LDSBankConflict",12.500000,2124422811964,2124921605628
583,583,"Agent 1",1,19214,19214,524288,17,"pk_gemm(__half const*, __half const*, __half*, int, int, int)",128,8704,0,208,0,128,"MeanOccupancyPerCU",7.549355,2124422811964,2124921605628
583,583,"Agent 1",1,19214,19214,524288,17,"pk_gemm(__half const*, __half const*, __half*, int, int, int)",128,8704,0,208,0,128,"SQ_INSTS_LDS",671088640.000000,2124422811964,2124921605628
583,583,"Agent 1",1,19214,19214,524288,17,"pk_gemm(__half const*, __half const*, __half*, int, int, int)",128,8704,0,208,0,128,"SQ_INST_LEVEL_LDS",67173434.000000,2124422811964,2124921605628
583,583,"Agent 1",1,19214,19214,524288,17,"pk_gemm(__half const*, __half const*, __half*, int, int, int)",128,8704,0,208,0,128,"SQ_WAIT_INST_LDS",10401278.000000,2124422811964,2124921605628
584,584,"Agent 1",1,19214,19214,524288,17,"pk_gemm(__half const*, __half const*, __half*, int, int, int)",128,8704,0,208,0,128,"ALUStalledByLDS",3.33145318e-04,2124921642351,2125429887907
584,584,"Agent 1",1,19214,19214,524288,17,"pk_gemm(__half const*, __half const*, __half*, int, int, int)",128,8704,0,208,0,128,"LDSBankConflict",12.500000,2124921642351,2125429887907
584,584,"Agent 1",1,19214,19214,524288,17,"pk_gemm(__half const*, __half const*, __half*, int, int, int)",128,8704,0,208,0,128,"MeanOccupancyPerCU",7.556166,2124921642351,2125429887907
584,584,"Agent 1",1,19214,19214,524288,17,"pk_gemm(__half const*, __half const*, __half*, int, int, int)",128,8704,0,208,0,128,"SQ_INSTS_LDS",671088640.000000,2124921642351,2125429887907
584,584,"Agent 1",1,19214,19214,524288,17,"pk_gemm(__half const*, __half const*, __half*, int, int, int)",128,8704,0,208,0,128,"SQ_INST_LEVEL_LDS",67170819.000000,2124921642351,2125429887907
584,584,"Agent 1",1,19214,19214,524288,17,"pk_gemm(__half const*, __half const*, __half*, int, int, int)",128,8704,0,208,0,128,"SQ_WAIT_INST_LDS",10407403.000000,2124921642351,2125429887907
585,585,"Agent 1",1,19214,19214,524288,17,"pk_gemm(__half const*, __half const*, __half*, int, int, int)",128,8704,0,208,0,128,"ALUStalledByLDS",3.07368819e-04,2125429927864,2125970777087
585,585,"Agent 1",1,19214,19214,524288,17,"pk_gemm(__half const*, __half const*, __half*, int, int, int)",128,8704,0,208,0,128,"LDSBankConflict",12.500000,2125429927864,2125970777087
585,585,"Agent 1",1,19214,19214,524288,17,"pk_gemm(__half const*, __half const*, __half*, int, int, int)",128,8704,0,208,0,128,"MeanOccupancyPerCU",7.550767,2125429927864,2125970777087
585,585,"Agent 1",1,19214,19214,524288,17,"pk_gemm(__half const*, __half const*, __half*, int, int, int)",128,8704,0,208,0,128,"SQ_INSTS_LDS",671088640.000000,2125429927864,2125970777087
585,585,"Agent 1",1,19214,19214,524288,17,"pk_gemm(__half const*, __half const*, __half*, int, int, int)",128,8704,0,208,0,128,"SQ_INST_LEVEL_LDS",67292284.000000,2125429927864,2125970777087
585,585,"Agent 1",1,19214,19214,524288,17,"pk_gemm(__half const*, __half const*, __half*, int, int, int)",128,8704,0,208,0,128,"SQ_WAIT_INST_LDS",10219710.000000,2125429927864,2125970777087
586,586,"Agent 1",1,19214,19214,524288,17,"pk_gemm(__half const*, __half const*, __half*, int, int, int)",128,8704,0,208,0,128,"ALUStalledByLDS",3.73318495e-04,2125970818895,2126446926898
586,586,"Agent 1",1,19214,19214,524288,17,"pk_gemm(__half const*, __half const*, __half*, int, int, int)",128,8704,0,208,0,128,"LDSBankConflict",12.500000,2125970818895,2126446926898
586,586,"Agent 1",1,19214,19214,524288,17,"pk_gemm(__half const*, __half const*, __half*, int, int, int)",128,8704,0,208,0,128,"MeanOccupancyPerCU",7.827723,2125970818895,2126446926898
586,586,"Agent 1",1,19214,19214,524288,17,"pk_gemm(__half const*, __half const*, __half*, int, int, int)",128,8704,0,208,0,128,"SQ_INSTS_LDS",671088640.000000,2125970818895,2126446926898
586,586,"Agent 1",1,19214,19214,524288,17,"pk_gemm(__half const*, __half const*, __half*, int, int, int)",128,8704,0,208,0,128,"SQ_INST_LEVEL_LDS",67380439.000000,2125970818895,2126446926898
586,586,"Agent 1",1,19214,19214,524288,17,"pk_gemm(__half const*, __half const*, __half*, int, int, int)",128,8704,0,208,0,128,"SQ_WAIT_INST_LDS",10918788.000000,2125970818895,2126446926898
587,587,"Agent 1",1,19214,19214,524288,17,"pk_gemm(__half const*, __half const*, __half*, int, int, int)",128,8704,0,208,0,128,"ALUStalledByLDS",5.82881590e-04,2126446967296,2126771457946
587,587,"Agent 1",1,19214,19214,524288,17,"pk_gemm(__half const*, __half const*, __half*, int, int, int)",128,8704,0,208,0,128,"LDSBankConflict",12.500000,2126446967296,2126771457946
587,587,"Agent 1",1,19214,19214,524288,17,"pk_gemm(__half const*, __half const*, __half*, int, int, int)",128,8704,0,208,0,128,"MeanOccupancyPerCU",7.669175,2126446967296,2126771457946
587,587,"Agent 1",1,19214,19214,524288,17,"pk_gemm(__half const*, __half const*, __half*, int, int, int)",128,8704,0,208,0,128,"SQ_INSTS_LDS",671088640.000000,2126446967296,2126771457946
587,587,"Agent 1",1,19214,19214,524288,17,"pk_gemm(__half const*, __half const*, __half*, int, int, int)",128,8704,0,208,0,128,"SQ_INST_LEVEL_LDS",66595436.000000,2126446967296,2126771457946
587,587,"Agent 1",1,19214,19214,524288,17,"pk_gemm(__half const*, __half const*, __half*, int, int, int)",128,8704,0,208,0,128,"SQ_WAIT_INST_LDS",11617455.000000,2126446967296,2126771457946
588,588,"Agent 1",1,19214,19214,524288,17,"pk_gemm(__half const*, __half const*, __half*, int, int, int)",128,8704,0,208,0,128,"ALUStalledByLDS",3.93924543e-04,2126771494966,2127224213550
588,588,"Agent 1",1,19214,19214,524288,17,"pk_gemm(__half const*, __half const*, __half*, int, int, int)",128,8704,0,208,0,128,"LDSBankConflict",12.500000,2126771494966,2127224213550
588,588,"Agent 1",1,19214,19214,524288,17,"pk_gemm(__half const*, __half const*, __half*, int, int, int)",128,8704,0,208,0,128,"MeanOccupancyPerCU",7.698787,2126771494966,2127224213550
588,588,"Agent 1",1,19214,19214,524288,17,"pk_gemm(__half const*, __half const*, __half*, int, int, int)",128,8704,0,208,0,128,"SQ_INSTS_LDS",671088640.000000,2126771494966,2127224213550
588,588,"Agent 1",1,19214,19214,524288,17,"pk_gemm(__half const*, __half const*, __half*, int, int, int)",128,8704,0,208,0,128,"SQ_INST_LEVEL_LDS",67154893.000000,2126771494966,2127224213550
588,588,"Agent 1",1,19214,19214,524288,17,"pk_gemm(__half const*, __half const*, __half*, int, int, int)",128,8704,0,208,0,128,"SQ_WAIT_INST_LDS",10957806.000000,2126771494966,2127224213550
589,589,"Agent 1",1,19214,19214,524288,17,"pk_gemm(__half const*, __half const*, __half*, int, int, int)",128,8704,0,208,0,128,"ALUStalledByLDS",4.28438613e-04,2127224253905,2127643244156
589,589,"Agent 1",1,19214,19214,524288,17,"pk_gemm(__half const*, __half const*, __half*, int, int, int)",128,8704,0,208,0,128,"LDSBankConflict",12.500000,2127224253905,2127643244156
589,589,"Agent 1",1,19214,19214,524288,17,"pk_gemm(__half const*, __half const*, __half*, int, int, int)",128,8704,0,208,0,128,"MeanOccupancyPerCU",7.632713,2127224253905,2127643244156
589,589,"Agent 1",1,19214,19214,524288,17,"pk_gemm(__half const*, __half const*, __half*, int, int, int)",128,8704,0,208,0,128,"SQ_INSTS_LDS",671088640.000000,2127224253905,2127643244156
589,589,"Agent 1",1,19214,19214,524288,17,"pk_gemm(__half const*, __half const*, __half*, int, int, int)",128,8704,0,208,0,128,"SQ_INST_LEVEL_LDS",66959386.000000,2127224253905,2127643244156
589,589,"Agent 1",1,19214,19214,524288,17,"pk_gemm(__half const*, __half const*, __half*, int, int, int)",128,8704,0,208,0,128,"SQ_WAIT_INST_LDS",11030885.000000,2127224253905,2127643244156
590,590,"Agent 1",1,19214,19214,524288,17,"pk_gemm(__half const*, __half const*, __half*, int, int, int)",128,8704,0,208,0,128,"ALUStalledByLDS",3.39007962e-04,2127643286079,2128141733295
590,590,"Agent 1",1,19214,19214,524288,17,"pk_gemm(__half const*, __half const*, __half*, int, int, int)",128,8704,0,208,0,128,"LDSBankConflict",12.500000,2127643286079,2128141733295
590,590,"Agent 1",1,19214,19214,524288,17,"pk_gemm(__half const*, __half const*, __half*, int, int, int)",128,8704,0,208,0,128,"MeanOccupancyPerCU",7.647362,2127643286079,2128141733295
590,590,"Agent 1",1,19214,19214,524288,17,"pk_gemm(__half const*, __half const*, __half*, int, int, int)",128,8704,0,208,0,128,"SQ_INSTS_LDS",671088640.000000,2127643286079,2128141733295
590,590,"Agent 1",1,19214,19214,524288,17,"pk_gemm(__half const*, __half const*, __half*, int, int, int)",128,8704,0,208,0,128,"SQ_INST_LEVEL_LDS",67185052.000000,2127643286079,2128141733295
590,590,"Agent 1",1,19214,19214,524288,17,"pk_gemm(__half const*, __half const*, __half*, int, int, int)",128,8704,0,208,0,128,"SQ_WAIT_INST_LDS",10386630.000000,2127643286079,2128141733295
591,591,"Agent 1",1,19214,19214,524288,17,"pk_gemm(__half const*, __half const*, __half*, int, int, int)",128,8704,0,208,0,128,"ALUStalledByLDS",4.30814611e-04,2128141772640,2128563871911
591,591,"Agent 1",1,19214,19214,524288,17,"pk_gemm(__half const*, __half const*, __half*, int, int, int)",128,8704,0,208,0,128,"LDSBankConflict",12.500000,2128141772640,2128563871911
591,591,"Agent 1",1,19214,19214,524288,17,"pk_gemm(__half const*, __half const*, __half*, int, int, int)",128,8704,0,208,0,128,"MeanOccupancyPerCU",7.567624,2128141772640,2128563871911
591,591,"Agent 1",1,19214,19214,524288,17,"pk_gemm(__half const*, __half const*, __half*, int, int, int)",128,8704,0,208,0,128,"SQ_INSTS_LDS",671088640.000000,2128141772640,2128563871911
591,591,"Agent 1",1,19214,19214,524288,17,"pk_gemm(__half const*, __half const*, __half*, int, int, int)",128,8704,0,208,0,128,"SQ_INST_LEVEL_LDS",67079411.000000,2128141772640,2128563871911
591,591,"Agent 1",1,19214,19214,524288,17,"pk_gemm(__half const*, __half const*, __half*, int, int, int)",128,8704,0,208,0,128,"SQ_WAIT_INST_LDS",11171516.000000,2128141772640,2128563871911
592,592,"Agent 1",1,19214,19214,524288,17,"pk_gemm(__half const*, __half const*, __half*, int, int, int)",128,8704,0,208,0,128,"ALUStalledByLDS",3.72884603e-04,2128563908761,2129039772546
592,592,"Agent 1",1,19214,19214,524288,17,"pk_gemm(__half const*, __half const*, __half*, int, int, int)",128,8704,0,208,0,128,"LDSBankConflict",12.500000,2128563908761,2129039772546
592,592,"Agent 1",1,19214,19214,524288,17,"pk_gemm(__half const*, __half const*, __half*, int, int, int)",128,8704,0,208,0,128,"MeanOccupancyPerCU",7.744867,2128563908761,2129039772546
592,592,"Agent 1",1,19214,19214,524288,17,"pk_gemm(__half const*, __half const*, __half*, int, int, int)",128,8704,0,208,0,128,"SQ_INSTS_LDS",671088640.000000,2128563908761,2129039772546
592,592,"Agent 1",1,19214,19214,524288,17,"pk_gemm(__half const*, __half const*, __half*, int, int, int)",128,8704,0,208,0,128,"SQ_INST_LEVEL_LDS",67353245.000000,2128563908761,2129039772546
592,592,"Agent 1",1,19214,19214,524288,17,"pk_gemm(__half const*, __half const*, __half*, int, int, int)",128,8704,0,208,0,128,"SQ_WAIT_INST_LDS",10899593.000000,2128563908761,2129039772546
593,593,"Agent 1",1,19214,19214,524288,17,"pk_gemm(__half const*, __half const*, __half*, int, int, int)",128,8704,0,208,0,128,"ALUStalledByLDS",5.31033331e-04,2129039810745,2129390482601
593,593,"Agent 1",1,19214,19214,524288,17,"pk_gemm(__half const*, __half const*, __half*, int, int, int)",128,8704,0,208,0,128,"LDSBankConflict",12.500000,2129039810745,2129390482601
593,593,"Agent 1",1,19214,19214,524288,17,"pk_gemm(__half const*, __half const*, __half*, int, int, int)",128,8704,0,208,0,128,"MeanOccupancyPerCU",7.656936,2129039810745,2129390482601
593,593,"Agent 1",1,19214,19214,524288,17,"pk_gemm(__half const*, __half const*, __half*, int, int, int)",128,8704,0,208,0,128,"SQ_INSTS_LDS",671088640.000000,2129039810745,2129390482601
593,593,"Agent 1",1,19214,19214,524288,17,"pk_gemm(__half const*, __half const*, __half*, int, int, int)",128,8704,0,208,0,128,"SQ_INST_LEVEL_LDS",66637728.000000,2129039810745,2129390482601
593,593,"Agent 1",1,19214,19214,524288,17,"pk_gemm(__half const*, __half const*, __half*, int, int, int)",128,8704,0,208,0,128,"SQ_WAIT_INST_LDS",11438406.000000,2129039810745,2129390482601
594,594,"Agent 1",1,19214,19214,524288,17,"pk_gemm(__half const*, __half const*, __half*, int, int, int)",128,8704,0,208,0,128,"ALUStalledByLDS",5.60988332e-04,2129390520304,2129729419484
594,594,"Agent 1",1,19214,19214,524288,17,"pk_gemm(__half const*, __half const*, __half*, int, int, int)",128,8704,0,208,0,128,"LDSBankConflict",12.500000,2129390520304,2129729419484
594,594,"Agent 1",1,19214,19214,524288,17,"pk_gemm(__half const*, __half const*, __half*, int, int, int)",128,8704,0,208,0,128,"MeanOccupancyPerCU",7.849369,2129390520304,2129729419484
594,594,"Agent 1",1,19214,19214,524288,17,"pk_gemm(__half const*, __half const*, __half*, int, int, int)",128,8704,0,208,0,128,"SQ_INSTS_LDS",671088640.000000,2129390520304,2129729419484
594,594,"Agent 1",1,19214,19214,524288,17,"pk_gemm(__half const*, __half const*, __half*, int, int, int)",128,8704,0,208,0,128,"SQ_INST_LEVEL_LDS",66701999.000000,2129390520304,2129729419484
594,594,"Agent 1",1,19214,19214,524288,17,"pk_gemm(__half const*, __half const*, __half*, int, int, int)",128,8704,0,208,0,128,"SQ_WAIT_INST_LDS",11674586.000000,2129390520304,2129729419484
595,595,"Agent 1",1,19214,19214,524288,17,"pk_gemm(__half const*, __half const*, __half*, int, int, int)",128,8704,0,208,0,128,"ALUStalledByLDS",4.86516345e-04,2129729457898,2130113873513
595,595,"Agent 1",1,19214,19214,524288,17,"pk_gemm(__half const*, __half const*, __half*, int, int, int)",128,8704,0,208,0,128,"LDSBankConflict",12.500000,2129729457898,2130113873513
595,595,"Agent 1",1,19214,19214,524288,17,"pk_gemm(__half const*, __half const*, __half*, int, int, int)",128,8704,0,208,0,128,"MeanOccupancyPerCU",7.707879,2129729457898,2130113873513
595,595,"Agent 1",1,19214,19214,524288,17,"pk_gemm(__half const*, __half const*, __half*, int, int, int)",128,8704,0,208,0,128,"SQ_INSTS_LDS",671088640.000000,2129729457898,2130113873513
595,595,"Agent 1",1,19214,19214,524288,17,"pk_gemm(__half const*, __half const*, __half*, int, int, int)",128,8704,0,208,0,128,"SQ_INST_LEVEL_LDS",66967392.000000,2129729457898,2130113873513
595,595,"Agent 1",1,19214,19214,524288,17,"pk_gemm(__half const*, __half const*, __half*, int, int, int)",128,8704,0,208,0,128,"SQ_WAIT_INST_LDS",11489824.000000,2129729457898,2130113873513
596,596,"Agent 1",1,19214,19214,524288,17,"pk_gemm(__half const*, __half const*, __half*, int, int, int)",128,8704,0,208,0,128,"ALUStalledByLDS",3.17574886e-04,2130113911658,2130644680332
596,596,"Agent 1",1,19214,19214,524288,17,"pk_gemm(__half const*, __half const*, __half*, int, int, int)",128,8704,0,208,0,128,"LDSBankConflict",12.500000,2130113911658,2130644680332
596,596,"Agent 1",1,19214,19214,524288,17,"pk_gemm(__half const*, __half const*, __half*, int, int, int)",128,8704,0,208,0,128,"MeanOccupancyPerCU",7.656158,2130113911658,2130644680332
596,596,"Agent 1",1,19214,19214,524288,17,"pk_gemm(__half const*, __half const*, __half*, int, int, int)",128,8704,0,208,0,128,"SQ_INSTS_LDS",671088640.000000,2130113911658,2130644680332
596,596,"Agent 1",1,19214,19214,524288,17,"pk_gemm(__half const*, __half const*, __half*, int, int, int)",128,8704,0,208,0,128,"SQ_INST_LEVEL_LDS",67357273.000000,2130113911658,2130644680332
596,596,"Agent 1",1,19214,19214,524288,17,"pk_gemm(__half const*, __half const*, __half*, int, int, int)",128,8704,0,208,0,128,"SQ_WAIT_INST_LDS",10359713.000000,2130113911658,2130644680332
597,597,"Agent 1",1,19214,19214,524288,17,"pk_gemm(__half const*, __half const*, __half*, int, int, int)",128,8704,0,208,0,128,"ALUStalledByLDS",3.19367556e-04,2130644717284,2131166488918
597,597,"Agent 1",1,19214,19214,524288,17,"pk_gemm(__half const*, __half const*, __half*, int, int, int)",128,8704,0,208,0,128,"LDSBankConflict",12.500000,2130644717284,2131166488918
597,597,"Agent 1",1,19214,19214,524288,17,"pk_gemm(__half const*, __half const*, __half*, int, int, int)",128,8704,0,208,0,128,"MeanOccupancyPerCU",7.494415,2130644717284,2131166488918
597,597,"Agent 1",1,19214,19214,524288,17,"pk_gemm(__half const*, __half const*, __half*, int, int, int)",128,8704,0,208,0,128,"SQ_INSTS_LDS",671088640.000000,2130644717284,2131166488918
597,597,"Agent 1",1,19214,19214,524288,17,"pk_gemm(__half const*, __half const*, __half*, int, int, int)",128,8704,0,208,0,128,"SQ_INST_LEVEL_LDS",67128489.000000,2130644717284,2131166488918
597,597,"Agent 1",1,19214,19214,524288,17,"pk_gemm(__half const*, __half const*, __half*, int, int, int)",128,8704,0,208,0,128,"SQ_WAIT_INST_LDS",10243546.000000,2130644717284,2131166488918
598,598,"Agent 1",1,19214,19214,524288,17,"pk_gemm(__half const*, __half const*, __half*, int, int, int)",128,8704,0,208,0,128,"ALUStalledByLDS",3.18768316e-04,2131166525769,2131686585319
598,598,"Agent 1",1,19214,19214,524288,17,"pk_gemm(__half const*, __half const*, __half*, int, int, int)",128,8704,0,208,0,128,"LDSBankConflict",12.500000,2131166525769,2131686585319
598,598,"Agent 1",1,19214,19214,524288,17,"pk_gemm(__half const*, __half const*, __half*, int, int, int)",128,8704,0,208,0,128,"MeanOccupancyPerCU",7.500037,2131166525769,2131686585319
598,598,"Agent 1",1,19214,19214,524288,17,"pk_gemm(__half const*, __half const*, __half*, int, int, int)",128,8704,0,208,0,128,"SQ_INSTS_LDS",671088640.000000,2131166525769,2131686585319
598,598,"Agent 1",1,19214,19214,524288,17,"pk_gemm(__half const*, __half const*, __half*, int, int, int)",128,8704,0,208,0,128,"SQ_INST_LEVEL_LDS",67187130.000000,2131166525769,2131686585319
598,598,"Agent 1",1,19214,19214,524288,17,"pk_gemm(__half const*, __half const*, __half*, int, int, int)",128,8704,0,208,0,128,"SQ_WAIT_INST_LDS",10190569.000000,2131166525769,2131686585319
599,599,"Agent 1",1,19214,19214,524288,17,"pk_gemm(__half const*, __half const*, __half*, int, int, int)",128,8704,0,208,0,128,"ALUStalledByLDS",3.38726519e-04,2131686621716,2132178069791
599,599,"Agent 1",1,19214,19214,524288,17,"pk_gemm(__half const*, __half const*, __half*, int, int, int)",128,8704,0,208,0,128,"LDSBankConflict",12.500000,2131686621716,2132178069791
599,599,"Agent 1",1,19214,19214,524288,17,"pk_gemm(__half const*, __half const*, __half*, int, int, int)",128,8704,0,208,0,128,"MeanOccupancyPerCU",7.483371,2131686621716,2132178069791
599,599,"Agent 1",1,19214,19214,524288,17,"pk_gemm(__half const*, __half const*, __half*, int, int, int)",128,8704,0,208,0,128,"SQ_INSTS_LDS",671088640.000000,2131686621716,2132178069791
599,599,"Agent 1",1,19214,19214,524288,17,"pk_gemm(__half const*, __half const*, __half*, int, int, int)",128,8704,0,208,0,128,"SQ_INST_LEVEL_LDS",66985266.000000,2131686621716,2132178069791
599,599,"Agent 1",1,19214,19214,524288,17,"pk_gemm(__half const*, __half const*, __half*, int, int, int)",128,8704,0,208,0,128,"SQ_WAIT_INST_LDS",10232363.000000,2131686621716,2132178069791
600,600,"Agent 1",1,19214,19214,524288,17,"pk_gemm(__half const*, __half const*, __half*, int, int, int)",128,8704,0,208,0,128,"ALUStalledByLDS",3.12374206e-04,2132178106098,2132718594606
600,600,"Agent 1",1,19214,19214,524288,17,"pk_gemm(__half const*, __half const*, __half*, int, int, int)",128,8704,0,208,0,128,"LDSBankConflict",12.500000,2132178106098,2132718594606
600,600,"Agent 1",1,19214,19214,524288,17,"pk_gemm(__half const*, __half const*, __half*, int, int, int)",128,8704,0,208,0,128,"MeanOccupancyPerCU",7.518495,2132178106098,2132718594606
600,600,"Agent 1",1,19214,19214,524288,17,"pk_gemm(__half const*, __half const*, __half*, int, int, int)",128,8704,0,208,0,128,"SQ_INSTS_LDS",671088640.000000,2132178106098,2132718594606
600,600,"Agent 1",1,19214,19214,524288,17,"pk_gemm(__half const*, __half const*, __half*, int, int, int)",128,8704,0,208,0,128,"SQ_INST_LEVEL_LDS",67458837.000000,2132178106098,2132718594606
600,600,"Agent 1",1,19214,19214,524288,17,"pk_gemm(__half const*, __half const*, __half*, int, int, int)",128,8704,0,208,0,128,"SQ_WAIT_INST_LDS",10375724.000000,2132178106098,2132718594606
601,601,"Agent 1",1,19214,19214,524288,17,"pk_gemm(__half const*, __half const*, __half*, int, int, int)",128,8704,0,208,0,128,"ALUStalledByLDS",3.22071339e-04,2132718630028,2133240722944
601,601,"Agent 1",1,19214,19214,524288,17,"pk_gemm(__half const*, __half const*, __half*, int, int, int)",128,8704,0,208,0,128,"LDSBankConflict",12.500000,2132718630028,2133240722944
601,601,"Agent 1",1,19214,19214,524288,17,"pk_gemm(__half const*, __half const*, __half*, int, int, int)",128,8704,0,208,0,128,"MeanOccupancyPerCU",7.304381,2132718630028,2133240722944
601,601,"Agent 1",1,19214,19214,524288,17,"pk_gemm(__half const*, __half const*, __half*, int, int, int)",128,8704,0,208,0,128,"SQ_INSTS_LDS",671088640.000000,2132718630028,2133240722944
601,601,"Agent 1",1,19214,19214,524288,17,"pk_gemm(__half const*, __half const*, __half*, int, int, int)",128,8704,0,208,0,128,"SQ_INST_LEVEL_LDS",67299437.000000,2132718630028,2133240722944
601,601,"Agent 1",1,19214,19214,524288,17,"pk_gemm(__half const*, __half const*, __half*, int, int, int)",128,8704,0,208,0,128,"SQ_WAIT_INST_LDS",10338236.000000,2132718630028,2133240722944
602,602,"Agent 1",1,19214,19214,524288,17,"pk_gemm(__half const*, __half const*, __half*, int, int, int)",128,8704,0,208,0,128,"ALUStalledByLDS",3.11262617e-04,2133240758359,2133786304453
602,602,"Agent 1",1,19214,19214,524288,17,"pk_gemm(__half const*, __half const*, __half*, int, int, int)",128,8704,0,208,0,128,"LDSBankConflict",12.500000,2133240758359,2133786304453
602,602,"Agent 1",1,19214,19214,524288,17,"pk_gemm(__half const*, __half const*, __half*, int, int, int)",128,8704,0,208,0,128,"MeanOccupancyPerCU",7.694416,2133240758359,2133786304453
602,602,"Agent 1",1,19214,19214,524288,17,"pk_gemm(__half const*, __half const*, __half*, int, int, int)",128,8704,0,208,0,128,"SQ_INSTS_LDS",671088640.000000,2133240758359,2133786304453
602,602,"Agent 1",1,19214,19214,524288,17,"pk_gemm(__half const*, __half const*, __half*, int, int, int)",128,8704,0,208,0,128,"SQ_INST_LEVEL_LDS",67488389.000000,2133240758359,2133786304453
602,602,"Agent 1",1,19214,19214,524288,17,"pk_gemm(__half const*, __half const*, __half*, int, int, int)",128,8704,0,208,0,128,"SQ_WAIT_INST_LDS",10434470.000000,2133240758359,2133786304453
603,603,"Agent 1",1,19214,19214,524288,17,"pk_gemm(__half const*, __half const*, __half*, int, int, int)",128,8704,0,208,0,128,"ALUStalledByLDS",3.40841914e-04,2133786341943,2134283671588
603,603,"Agent 1",1,19214,19214,524288,17,"pk_gemm(__half const*, __half const*, __half*, int, int, int)",128,8704,0,208,0,128,"LDSBankConflict",12.500000,2133786341943,2134283671588
603,603,"Agent 1",1,19214,19214,524288,17,"pk_gemm(__half const*, __half const*, __half*, int, int, int)",128,8704,0,208,0,128,"MeanOccupancyPerCU",7.465790,2133786341943,2134283671588
603,603,"Agent 1",1,19214,19214,524288,17,"pk_gemm(__half const*, __half const*, __half*, int, int, int)",128,8704,0,208,0,128,"SQ_INSTS_LDS",671088640.000000,2133786341943,2134283671588
603,603,"Agent 1",1,19214,19214,524288,17,"pk_gemm(__half const*, __half const*, __half*, int, int, int)",128,8704,0,208,0,128,"SQ_INST_LEVEL_LDS",67040165.000000,2133786341943,2134283671588
603,603,"Agent 1",1,19214,19214,524288,17,"pk_gemm(__half const*, __half const*, __half*, int, int, int)",128,8704,0,208,0,128,"SQ_WAIT_INST_LDS",10419120.000000,2133786341943,2134283671588
604,604,"Agent 1",1,19214,19214,524288,17,"pk_gemm(__half const*, __half const*, __half*, int, int, int)",128,8704,0,208,0,128,"ALUStalledByLDS",3.17363953e-04,2134283707630,2134827416485
604,604,"Agent 1",1,19214,19214,524288,17,"pk_gemm(__half const*, __half const*, __half*, int, int, int)",128,8704,0,208,0,128,"LDSBankConflict",12.500000,2134283707630,2134827416485
604,604,"Agent 1",1,19214,19214,524288,17,"pk_gemm(__half const*, __half const*, __half*, int, int, int)",128,8704,0,208,0,128,"MeanOccupancyPerCU",7.788014,2134283707630,2134827416485
604,604,"Agent 1",1,19214,19214,524288,17,"pk_gemm(__half const*, __half const*, __half*, int, int, int)",128,8704,0,208,0,128,"SQ_INSTS_LDS",671088640.000000,2134283707630,2134827416485
604,604,"Agent 1",1,19214,19214,524288,17,"pk_gemm(__half const*, __half const*, __half*, int, int, int)",128,8704,0,208,0,128,"SQ_INST_LEVEL_LDS",67646152.000000,2134283707630,2134827416485
604,604,"Agent 1",1,19214,19214,524288,17,"pk_gemm(__half const*, __half const*, __half*, int, int, int)",128,8704,0,208,0,128,"SQ_WAIT_INST_LDS",10598732.000000,2134283707630,2134827416485
605,605,"Agent 1",1,19214,19214,524288,17,"pk_gemm(__half const*, __half const*, __half*, int, int, int)",128,8704,0,208,0,128,"ALUStalledByLDS",3.01838517e-04,2134827455270,2135379878798
605,605,"Agent 1",1,19214,19214,524288,17,"pk_gemm(__half const*, __half const*, __half*, int, int, int)",128,8704,0,208,0,128,"LDSBankConflict",12.500000,2134827455270,2135379878798
605,605,"Agent 1",1,19214,19214,524288,17,"pk_gemm(__half const*, __half const*, __half*, int, int, int)",128,8704,0,208,0,128,"MeanOccupancyPerCU",7.570729,2134827455270,2135379878798
605,605,"Agent 1",1,19214,19214,524288,17,"pk_gemm(__half const*, __half const*, __half*, int, int, int)",128,8704,0,208,0,128,"SQ_INSTS_LDS",671088640.000000,2134827455270,2135379878798
605,605,"Agent 1",1,19214,19214,524288,17,"pk_gemm(__half const*, __half const*, __half*, int, int, int)",128,8704,0,208,0,128,"SQ_INST_LEVEL_LDS",67379450.000000,2134827455270,2135379878798
605,605,"Agent 1",1,19214,19214,524288,17,"pk_gemm(__half const*, __half const*, __half*, int, int, int)",128,8704,0,208,0,128,"SQ_WAIT_INST_LDS",10246834.000000,2134827455270,2135379878798
606,606,"Agent 1",1,19214,19214,524288,17,"pk_gemm(__half const*, __half const*, __half*, int, int, int)",128,8704,0,208,0,128,"ALUStalledByLDS",3.80774514e-04,2135379914876,2135840077834
606,606,"Agent 1",1,19214,19214,524288,17,"pk_gemm(__half const*, __half const*, __half*, int, int, int)",128,8704,0,208,0,128,"LDSBankConflict",12.500000,2135379914876,2135840077834
606,606,"Agent 1",1,19214,19214,524288,17,"pk_gemm(__half const*, __half const*, __half*, int, int, int)",128,8704,0,208,0,128,"MeanOccupancyPerCU",7.541044,2135379914876,2135840077834
606,606,"Agent 1",1,19214,19214,524288,17,"pk_gemm(__half const*, __half const*, __half*, int, int, int)",128,8704,0,208,0,128,"SQ_INSTS_LDS",671088640.000000,2135379914876,2135840077834
606,606,"Agent 1",1,19214,19214,524288,17,"pk_gemm(__half const*, __half const*, __half*, int, int, int)",128,8704,0,208,0,128,"SQ_INST_LEVEL_LDS",67078427.000000,2135379914876,2135840077834
606,606,"Agent 1",1,19214,19214,524288,17,"pk_gemm(__half const*, __half const*, __half*, int, int, int)",128,8704,0,208,0,128,"SQ_WAIT_INST_LDS",10768305.000000,2135379914876,2135840077834
607,607,"Agent 1",1,19214,19214,524288,17,"pk_gemm(__half const*, __half const*, __half*, int, int, int)",128,8704,0,208,0,128,"ALUStalledByLDS",3.39271852e-04,2135840114072,2136352771287
607,607,"Agent 1",1,19214,19214,524288,17,"pk_gemm(__half const*, __half const*, __half*, int, int, int)",128,8704,0,208,0,128,"LDSBankConflict",12.500000,2135840114072,2136352771287
607,607,"Agent 1",1,19214,19214,524288,17,"pk_gemm(__half const*, __half const*, __half*, int, int, int)",128,8704,0,208,0,128,"MeanOccupancyPerCU",7.699511,2135840114072,2136352771287
607,607,"Agent 1",1,19214,19214,524288,17,"pk_gemm(__half const*, __half const*, __half*, int, int, int)",128,8704,0,208,0,128,"SQ_INSTS_LDS",671088640.000000,2135840114072,2136352771287
607,607,"Agent 1",1,19214,19214,524288,17,"pk_gemm(__half const*, __half const*, __half*, int, int, int)",128,8704,0,208,0,128,"SQ_INST_LEVEL_LDS",67562530.000000,2135840114072,2136352771287
607,607,"Agent 1",1,19214,19214,524288,17,"pk_gemm(__half const*, __half const*, __half*, int, int, int)",128,8704,0,208,0,128,"SQ_WAIT_INST_LDS",10685735.000000,2135840114072,2136352771287
608,608,"Agent 1",1,19214,19214,524288,17,"pk_gemm(__half const*, __half const*, __half*, int, int, int)",128,8704,0,208,0,128,"ALUStalledByLDS",3.32402120e-04,2136352807074,2136869193068
608,608,"Agent 1",1,19214,19214,524288,17,"pk_gemm(__half const*, __half const*, __half*, int, int, int)",128,8704,0,208,0,128,"LDSBankConflict",12.500000,2136352807074,2136869193068
608,608,"Agent 1",1,19214,19214,524288,17,"pk_gemm(__half const*, __half const*, __half*, int, int, int)",128,8704,0,208,0,128,"MeanOccupancyPerCU",7.606333,2136352807074,2136869193068
608,608,"Agent 1",1,19214,19214,524288,17,"pk_gemm(__half const*, __half const*, __half*, int, int, int)",128,8704,0,208,0,128,"SQ_INSTS_LDS",671088640.000000,2136352807074,2136869193068
608,608,"Agent 1",1,19214,19214,524288,17,"pk_gemm(__half const*, __half const*, __half*, int, int, int)",128,8704,0,208,0,128,"SQ_INST_LEVEL_LDS",67360459.000000,2136352807074,2136869193068
608,608,"Agent 1",1,19214,19214,524288,17,"pk_gemm(__half const*, __half const*, __half*, int, int, int)",128,8704,0,208,0,128,"SQ_WAIT_INST_LDS",10546421.000000,2136352807074,2136869193068
609,609,"Agent 1",1,19214,19214,524288,17,"pk_gemm(__half const*, __half const*, __half*, int, int, int)",128,8704,0,208,0,128,"ALUStalledByLDS",5.80872850e-04,2136869227803,2137198110795
609,609,"Agent 1",1,19214,19214,524288,17,"pk_gemm(__half const*, __half const*, __half*, int, int, int)",128,8704,0,208,0,128,"LDSBankConflict",12.500000,2136869227803,2137198110795
609,609,"Agent 1",1,19214,19214,524288,17,"pk_gemm(__half const*, __half const*, __half*, int, int, int)",128,8704,0,208,0,128,"MeanOccupancyPerCU",7.843702,2136869227803,2137198110795
609,609,"Agent 1",1,19214,19214,524288,17,"pk_gemm(__half const*, __half const*, __half*, int, int, int)",128,8704,0,208,0,128,"SQ_INSTS_LDS",671088640.000000,2136869227803,2137198110795
609,609,"Agent 1",1,19214,19214,524288,17,"pk_gemm(__half const*, __half const*, __half*, int, int, int)",128,8704,0,208,0,128,"SQ_INST_LEVEL_LDS",66650598.000000,2136869227803,2137198110795
609,609,"Agent 1",1,19214,19214,524288,17,"pk_gemm(__half const*, __half const*, __half*, int, int, int)",128,8704,0,208,0,128,"SQ_WAIT_INST_LDS",11731467.000000,2136869227803,2137198110795
610,610,"Agent 1",1,19214,19214,524288,17,"pk_gemm(__half const*, __half const*, __half*, int, int, int)",128,8704,0,208,0,128,"ALUStalledByLDS",3.25020063e-04,2137198146003,2137731771064
610,610,"Agent 1",1,19214,19214,524288,17,"pk_gemm(__half const*, __half const*, __half*, int, int, int)",128,8704,0,208,0,128,"LDSBankConflict",12.500000,2137198146003,2137731771064
610,610,"Agent 1",1,19214,19214,524288,17,"pk_gemm(__half const*, __half const*, __half*, int, int, int)",128,8704,0,208,0,128,"MeanOccupancyPerCU",7.737086,2137198146003,2137731771064
610,610,"Agent 1",1,19214,19214,524288,17,"pk_gemm(__half const*, __half const*, __half*, int, int, int)",128,8704,0,208,0,128,"SQ_INSTS_LDS",671088640.000000,2137198146003,2137731771064
610,610,"Agent 1",1,19214,19214,524288,17,"pk_gemm(__half const*, __half const*, __half*, int, int, int)",128,8704,0,208,0,128,"SQ_INST_LEVEL_LDS",67658176.000000,2137198146003,2137731771064
610,610,"Agent 1",1,19214,19214,524288,17,"pk_gemm(__half const*, __half const*, __half*, int, int, int)",128,8704,0,208,0,128,"SQ_WAIT_INST_LDS",10654159.000000,2137198146003,2137731771064
611,611,"Agent 1",1,19214,19214,524288,17,"pk_gemm(__half const*, __half const*, __half*, int, int, int)",128,8704,0,208,0,128,"ALUStalledByLDS",3.48605320e-04,2137731806383,2138226251389
611,611,"Agent 1",1,19214,19214,524288,17,"pk_gemm(__half const*, __half const*, __half*, int, int, int)",128,8704,0,208,0,128,"LDSBankConflict",12.500000,2137731806383,2138226251389
611,611,"Agent 1",1,19214,19214,524288,17,"pk_gemm(__half const*, __half const*, __half*, int, int, int)",128,8704,0,208,0,128,"MeanOccupancyPerCU",7.723525,2137731806383,2138226251389
611,611,"Agent 1",1,19214,19214,524288,17,"pk_gemm(__half const*, __half const*, __half*, int, int, int)",128,8704,0,208,0,128,"SQ_INSTS_LDS",671088640.000000,2137731806383,2138226251389
611,611,"Agent 1",1,19214,19214,524288,17,"pk_gemm(__half const*, __half const*, __half*, int, int, int)",128,8704,0,208,0,128,"SQ_INST_LEVEL_LDS",67183039.000000,2137731806383,2138226251389
611,611,"Agent 1",1,19214,19214,524288,17,"pk_gemm(__half const*, __half const*, __half*, int, int, int)",128,8704,0,208,0,128,"SQ_WAIT_INST_LDS",10592250.000000,2137731806383,2138226251389
612,612,"Agent 1",1,19214,19214,524288,17,"pk_gemm(__half const*, __half const*, __half*, int, int, int)",128,8704,0,208,0,128,"ALUStalledByLDS",3.17355941e-04,2138226354711,2138751540856
612,612,"Agent 1",1,19214,19214,524288,17,"pk_gemm(__half const*, __half const*, __half*, int, int, int)",128,8704,0,208,0,128,"LDSBankConflict",12.500000,2138226354711,2138751540856
612,612,"Agent 1",1,19214,19214,524288,17,"pk_gemm(__half const*, __half const*, __half*, int, int, int)",128,8704,0,208,0,128,"MeanOccupancyPerCU",7.402791,2138226354711,2138751540856
612,612,"Agent 1",1,19214,19214,524288,17,"pk_gemm(__half const*, __half const*, __half*, int, int, int)",128,8704,0,208,0,128,"SQ_INSTS_LDS",671088640.000000,2138226354711,2138751540856
612,612,"Agent 1",1,19214,19214,524288,17,"pk_gemm(__half const*, __half const*, __half*, int, int, int)",128,8704,0,208,0,128,"SQ_INST_LEVEL_LDS",67124945.000000,2138226354711,2138751540856
612,612,"Agent 1",1,19214,19214,524288,17,"pk_gemm(__half const*, __half const*, __half*, int, int, int)",128,8704,0,208,0,128,"SQ_WAIT_INST_LDS",10244139.000000,2138226354711,2138751540856
613,613,"Agent 1",1,19214,19214,524288,17,"pk_gemm(__half const*, __half const*, __half*, int, int, int)",128,8704,0,208,0,128,"ALUStalledByLDS",3.25368542e-04,2138751580973,2139285174094
613,613,"Agent 1",1,19214,19214,524288,17,"pk_gemm(__half const*, __half const*, __half*, int, int, int)",128,8704,0,208,0,128,"LDSBankConflict",12.500000,2138751580973,2139285174094
613,613,"Agent 1",1,19214,19214,524288,17,"pk_gemm(__half const*, __half const*, __half*, int, int, int)",128,8704,0,208,0,128,"MeanOccupancyPerCU",7.769099,2138751580973,2139285174094
613,613,"Agent 1",1,19214,19214,524288,17,"pk_gemm(__half const*, __half const*, __half*, int, int, int)",128,8704,0,208,0,128,"SQ_INSTS_LDS",671088640.000000,2138751580973,2139285174094
613,613,"Agent 1",1,19214,19214,524288,17,"pk_gemm(__half const*, __half const*, __half*, int, int, int)",128,8704,0,208,0,128,"SQ_INST_LEVEL_LDS",67687234.000000,2138751580973,2139285174094
613,613,"Agent 1",1,19214,19214,524288,17,"pk_gemm(__half const*, __half const*, __half*, int, int, int)",128,8704,0,208,0,128,"SQ_WAIT_INST_LDS",10661043.000000,2138751580973,2139285174094
614,614,"Agent 1",1,19214,19214,524288,17,"pk_gemm(__half const*, __half const*, __half*, int, int, int)",128,8704,0,208,0,128,"ALUStalledByLDS",4.00660046e-04,2139285212916,2139730597293
614,614,"Agent 1",1,19214,19214,524288,17,"pk_gemm(__half const*, __half const*, __half*, int, int, int)",128,8704,0,208,0,128,"LDSBankConflict",12.500000,2139285212916,2139730597293
614,614,"Agent 1",1,19214,19214,524288,17,"pk_gemm(__half const*, __half const*, __half*, int, int, int)",128,8704,0,208,0,128,"MeanOccupancyPerCU",7.570169,2139285212916,2139730597293
614,614,"Agent 1",1,19214,19214,524288,17,"pk_gemm(__half const*, __half const*, __half*, int, int, int)",128,8704,0,208,0,128,"SQ_INSTS_LDS",671088640.000000,2139285212916,2139730597293
614,614,"Agent 1",1,19214,19214,524288,17,"pk_gemm(__half const*, __half const*, __half*, int, int, int)",128,8704,0,208,0,128,"SQ_INST_LEVEL_LDS",67048506.000000,2139285212916,2139730597293
614,614,"Agent 1",1,19214,19214,524288,17,"pk_gemm(__half const*, __half const*, __half*, int, int, int)",128,8704,0,208,0,128,"SQ_WAIT_INST_LDS",10966920.000000,2139285212916,2139730597293
615,615,"Agent 1",1,19214,19214,524288,17,"pk_gemm(__half const*, __half const*, __half*, int, int, int)",128,8704,0,208,0,128,"ALUStalledByLDS",3.13665177e-04,2139730652588,2140271186741
615,615,"Agent 1",1,19214,19214,524288,17,"pk_gemm(__half const*, __half const*, __half*, int, int, int)",128,8704,0,208,0,128,"LDSBankConflict",12.500000,2139730652588,2140271186741
615,615,"Agent 1",1,19214,19214,524288,17,"pk_gemm(__half const*, __half const*, __half*, int, int, int)",128,8704,0,208,0,128,"MeanOccupancyPerCU",7.642014,2139730652588,2140271186741
615,615,"Agent 1",1,19214,19214,524288,17,"pk_gemm(__half const*, __half const*, __half*, int, int, int)",128,8704,0,208,0,128,"SQ_INSTS_LDS",671088640.000000,2139730652588,2140271186741
615,615,"Agent 1",1,19214,19214,524288,17,"pk_gemm(__half const*, __half const*, __half*, int, int, int)",128,8704,0,208,0,128,"SQ_INST_LEVEL_LDS",67443880.000000,2139730652588,2140271186741
615,615,"Agent 1",1,19214,19214,524288,17,"pk_gemm(__half const*, __half const*, __half*, int, int, int)",128,8704,0,208,0,128,"SQ_WAIT_INST_LDS",10416438.000000,2139730652588,2140271186741
616,616,"Agent 1",1,19214,19214,524288,17,"pk_gemm(__half const*, __half const*, __half*, int, int, int)",128,8704,0,208,0,128,"ALUStalledByLDS",3.95868578e-04,2140271228294,2140720284863
616,616,"Agent 1",1,19214,19214,524288,17,"pk_gemm(__half const*, __half const*, __half*, int, int, int)",128,8704,0,208,0,128,"LDSBankConflict",12.500000,2140271228294,2140720284863
616,616,"Agent 1",1,19214,19214,524288,17,"pk_gemm(__half const*, __half const*, __half*, int, int, int)",128,8704,0,208,0,128,"MeanOccupancyPerCU",7.442666,2140271228294,2140720284863
616,616,"Agent 1",1,19214,19214,524288,17,"pk_gemm(__half const*, __half const*, __half*, int, int, int)",128,8704,0,208,0,128,"SQ_INSTS_LDS",671088640.000000,2140271228294,2140720284863
616,616,"Agent 1",1,19214,19214,524288,17,"pk_gemm(__half const*, __half const*, __half*, int, int, int)",128,8704,0,208,0,128,"SQ_INST_LEVEL_LDS",67106809.000000,2140271228294,2140720284863
616,616,"Agent 1",1,19214,19214,524288,17,"pk_gemm(__half const*, __half const*, __half*, int, int, int)",128,8704,0,208,0,128,"SQ_WAIT_INST_LDS",10923737.000000,2140271228294,2140720284863
617,617,"Agent 1",1,19214,19214,524288,17,"pk_gemm(__half const*, __half const*, __half*, int, int, int)",128,8704,0,208,0,128,"ALUStalledByLDS",5.90611031e-04,2140720324576,2141044863557
617,617,"Agent 1",1,19214,19214,524288,17,"pk_gemm(__half const*, __half const*, __half*, int, int, int)",128,8704,0,208,0,128,"LDSBankConflict",12.500000,2140720324576,2141044863557
617,617,"Agent 1",1,19214,19214,524288,17,"pk_gemm(__half const*, __half const*, __half*, int, int, int)",128,8704,0,208,0,128,"MeanOccupancyPerCU",7.854599,2140720324576,2141044863557
617,617,"Agent 1",1,19214,19214,524288,17,"pk_gemm(__half const*, __half const*, __half*, int, int, int)",128,8704,0,208,0,128,"SQ_INSTS_LDS",671088640.000000,2140720324576,2141044863557
617,617,"Agent 1",1,19214,19214,524288,17,"pk_gemm(__half const*, __half const*, __half*, int, int, int)",128,8704,0,208,0,128,"SQ_INST_LEVEL_LDS",66693517.000000,2140720324576,2141044863557
617,617,"Agent 1",1,19214,19214,524288,17,"pk_gemm(__half const*, __half const*, __half*, int, int, int)",128,8704,0,208,0,128,"SQ_WAIT_INST_LDS",11767224.000000,2140720324576,2141044863557
618,618,"Agent 1",1,19214,19214,524288,17,"pk_gemm(__half const*, __half const*, __half*, int, int, int)",128,8704,0,208,0,128,"ALUStalledByLDS",5.68076968e-04,2141044903944,2141376788555
618,618,"Agent 1",1,19214,19214,524288,17,"pk_gemm(__half const*, __half const*, __half*, int, int, int)",128,8704,0,208,0,128,"LDSBankConflict",12.500000,2141044903944,2141376788555
618,618,"Agent 1",1,19214,19214,524288,17,"pk_gemm(__half const*, __half const*, __half*, int, int, int)",128,8704,0,208,0,128,"MeanOccupancyPerCU",7.754888,2141044903944,2141376788555
618,618,"Agent 1",1,19214,19214,524288,17,"pk_gemm(__half const*, __half const*, __half*, int, int, int)",128,8704,0,208,0,128,"SQ_INSTS_LDS",671088640.000000,2141044903944,2141376788555
618,618,"Agent 1",1,19214,19214,524288,17,"pk_gemm(__half const*, __half const*, __half*, int, int, int)",128,8704,0,208,0,128,"SQ_INST_LEVEL_LDS",66566372.000000,2141044903944,2141376788555
618,618,"Agent 1",1,19214,19214,524288,17,"pk_gemm(__half const*, __half const*, __half*, int, int, int)",128,8704,0,208,0,128,"SQ_WAIT_INST_LDS",11575293.000000,2141044903944,2141376788555
619,619,"Agent 1",1,19214,19214,524288,17,"pk_gemm(__half const*, __half const*, __half*, int, int, int)",128,8704,0,208,0,128,"ALUStalledByLDS",5.12671749e-04,2141376827860,2141739363562
619,619,"Agent 1",1,19214,19214,524288,17,"pk_gemm(__half const*, __half const*, __half*, int, int, int)",128,8704,0,208,0,128,"LDSBankConflict",12.500000,2141376827860,2141739363562
619,619,"Agent 1",1,19214,19214,524288,17,"pk_gemm(__half const*, __half const*, __half*, int, int, int)",128,8704,0,208,0,128,"MeanOccupancyPerCU",7.590061,2141376827860,2141739363562
619,619,"Agent 1",1,19214,19214,524288,17,"pk_gemm(__half const*, __half const*, __half*, int, int, int)",128,8704,0,208,0,128,"SQ_INSTS_LDS",671088640.000000,2141376827860,2141739363562
619,619,"Agent 1",1,19214,19214,524288,17,"pk_gemm(__half const*, __half const*, __half*, int, int, int)",128,8704,0,208,0,128,"SQ_INST_LEVEL_LDS",66644602.000000,2141376827860,2141739363562
619,619,"Agent 1",1,19214,19214,524288,17,"pk_gemm(__half const*, __half const*, __half*, int, int, int)",128,8704,0,208,0,128,"SQ_WAIT_INST_LDS",11419044.000000,2141376827860,2141739363562
620,620,"Agent 1",1,19214,19214,524288,17,"pk_gemm(__half const*, __half const*, __half*, int, int, int)",128,8704,0,208,0,128,"ALUStalledByLDS",3.40803231e-04,2141739402996,2142239865184
620,620,"Agent 1",1,19214,19214,524288,17,"pk_gemm(__half const*, __half const*, __half*, int, int, int)",128,8704,0,208,0,128,"LDSBankConflict",12.500000,2141739402996,2142239865184
620,620,"Agent 1",1,19214,19214,524288,17,"pk_gemm(__half const*, __half const*, __half*, int, int, int)",128,8704,0,208,0,128,"MeanOccupancyPerCU",7.394387,2141739402996,2142239865184
620,620,"Agent 1",1,19214,19214,524288,17,"pk_gemm(__half const*, __half const*, __half*, int, int, int)",128,8704,0,208,0,128,"SQ_INSTS_LDS",671088640.000000,2141739402996,2142239865184
620,620,"Agent 1",1,19214,19214,524288,17,"pk_gemm(__half const*, __half const*, __half*, int, int, int)",128,8704,0,208,0,128,"SQ_INST_LEVEL_LDS",67289811.000000,2141739402996,2142239865184
620,620,"Agent 1",1,19214,19214,524288,17,"pk_gemm(__half const*, __half const*, __half*, int, int, int)",128,8704,0,208,0,128,"SQ_WAIT_INST_LDS",10483724.000000,2141739402996,2142239865184
621,621,"Agent 1",1,19214,19214,524288,17,"pk_gemm(__half const*, __half const*, __half*, int, int, int)",128,8704,0,208,0,128,"ALUStalledByLDS",4.64309091e-04,2142239904930,2142636727208
621,621,"Agent 1",1,19214,19214,524288,17,"pk_gemm(__half const*, __half const*, __half*, int, int, int)",128,8704,0,208,0,128,"LDSBankConflict",12.500000,2142239904930,2142636727208
621,621,"Agent 1",1,19214,19214,524288,17,"pk_gemm(__half const*, __half const*, __half*, int, int, int)",128,8704,0,208,0,128,"MeanOccupancyPerCU",7.268475,2142239904930,2142636727208
621,621,"Agent 1",1,19214,19214,524288,17,"pk_gemm(__half const*, __half const*, __half*, int, int, int)",128,8704,0,208,0,128,"SQ_INSTS_LDS",671088640.000000,2142239904930,2142636727208
621,621,"Agent 1",1,19214,19214,524288,17,"pk_gemm(__half const*, __half const*, __half*, int, int, int)",128,8704,0,208,0,128,"SQ_INST_LEVEL_LDS",67048310.000000,2142239904930,2142636727208
621,621,"Agent 1",1,19214,19214,524288,17,"pk_gemm(__half const*, __half const*, __half*, int, int, int)",128,8704,0,208,0,128,"SQ_WAIT_INST_LDS",11327983.000000,2142239904930,2142636727208
622,622,"Agent 1",1,19214,19214,524288,17,"pk_gemm(__half const*, __half const*, __half*, int, int, int)",128,8704,0,208,0,128,"ALUStalledByLDS",3.80233388e-04,2142636766550,2143111887906
622,622,"Agent 1",1,19214,19214,524288,17,"pk_gemm(__half const*, __half const*, __half*, int, int, int)",128,8704,0,208,0,128,"LDSBankConflict",12.500000,2142636766550,2143111887906
622,622,"Agent 1",1,19214,19214,524288,17,"pk_gemm(__half const*, __half const*, __half*, int, int, int)",128,8704,0,208,0,128,"MeanOccupancyPerCU",7.726682,2142636766550,2143111887906
622,622,"Agent 1",1,19214,19214,524288,17,"pk_gemm(__half const*, __half const*, __half*, int, int, int)",128,8704,0,208,0,128,"SQ_INSTS_LDS",671088640.000000,2142636766550,2143111887906
622,622,"Agent 1",1,19214,19214,524288,17,"pk_gemm(__half const*, __half const*, __half*, int, int, int)",128,8704,0,208,0,128,"SQ_INST_LEVEL_LDS",67424099.000000,2142636766550,2143111887906
622,622,"Agent 1",1,19214,19214,524288,17,"pk_gemm(__half const*, __half const*, __half*, int, int, int)",128,8704,0,208,0,128,"SQ_WAIT_INST_LDS",11097321.000000,2142636766550,2143111887906
623,623,"Agent 1",1,19214,19214,524288,17,"pk_gemm(__half const*, __half const*, __half*, int, int, int)",128,8704,0,208,0,128,"ALUStalledByLDS",3.47351915e-04,2143111924881,2143618301300
623,623,"Agent 1",1,19214,19214,524288,17,"pk_gemm(__half const*, __half const*, __half*, int, int, int)",128,8704,0,208,0,128,"LDSBankConflict",12.500000,2143111924881,2143618301300
623,623,"Agent 1",1,19214,19214,524288,17,"pk_gemm(__half const*, __half const*, __half*, int, int, int)",128,8704,0,208,0,128,"MeanOccupancyPerCU",7.769732,2143111924881,2143618301300
623,623,"Agent 1",1,19214,19214,524288,17,"pk_gemm(__half const*, __half const*, __half*, int, int, int)",128,8704,0,208,0,128,"SQ_INSTS_LDS",671088640.000000,2143111924881,2143618301300
623,623,"Agent 1",1,19214,19214,524288,17,"pk_gemm(__half const*, __half const*, __half*, int, int, int)",128,8704,0,208,0,128,"SQ_INST_LEVEL_LDS",67504883.000000,2143111924881,2143618301300
623,623,"Agent 1",1,19214,19214,524288,17,"pk_gemm(__half const*, __half const*, __half*, int, int, int)",128,8704,0,208,0,128,"SQ_WAIT_INST_LDS",10803511.000000,2143111924881,2143618301300
624,624,"Agent 1",1,19214,19214,524288,17,"pk_gemm(__half const*, __half const*, __half*, int, int, int)",128,8704,0,208,0,128,"ALUStalledByLDS",5.64036552e-04,2143618337976,2143956494246
624,624,"Agent 1",1,19214,19214,524288,17,"pk_gemm(__half const*, __half const*, __half*, int, int, int)",128,8704,0,208,0,128,"LDSBankConflict",12.500000,2143618337976,2143956494246
624,624,"Agent 1",1,19214,19214,524288,17,"pk_gemm(__half const*, __half const*, __half*, int, int, int)",128,8704,0,208,0,128,"MeanOccupancyPerCU",7.799208,2143618337976,2143956494246
624,624,"Agent 1",1,19214,19214,524288,17,"pk_gemm(__half const*, __half const*, __half*, int, int, int)",128,8704,0,208,0,128,"SQ_INSTS_LDS",671088640.000000,2143618337976,2143956494246
624,624,"Agent 1",1,19214,19214,524288,17,"pk_gemm(__half const*, __half const*, __half*, int, int, int)",128,8704,0,208,0,128,"SQ_INST_LEVEL_LDS",66757946.000000,2143618337976,2143956494246
624,624,"Agent 1",1,19214,19214,524288,17,"pk_gemm(__half const*, __half const*, __half*, int, int, int)",128,8704,0,208,0,128,"SQ_WAIT_INST_LDS",11713782.000000,2143618337976,2143956494246
625,625,"Agent 1",1,19214,19214,524288,17,"pk_gemm(__half const*, __half const*, __half*, int, int, int)",128,8704,0,208,0,128,"ALUStalledByLDS",3.89981616e-04,2143956532060,2144421443787
625,625,"Agent 1",1,19214,19214,524288,17,"pk_gemm(__half const*, __half const*, __half*, int, int, int)",128,8704,0,208,0,128,"LDSBankConflict",12.500000,2143956532060,2144421443787
625,625,"Agent 1",1,19214,19214,524288,17,"pk_gemm(__half const*, __half const*, __half*, int, int, int)",128,8704,0,208,0,128,"MeanOccupancyPerCU",7.739391,2143956532060,2144421443787
625,625,"Agent 1",1,19214,19214,524288,17,"pk_gemm(__half const*, __half const*, __half*, int, int, int)",128,8704,0,208,0,128,"SQ_INSTS_LDS",671088640.000000,2143956532060,2144421443787
625,625,"Agent 1",1,19214,19214,524288,17,"pk_gemm(__half const*, __half const*, __half*, int, int, int)",128,8704,0,208,0,128,"SQ_INST_LEVEL_LDS",67364032.000000,2143956532060,2144421443787
625,625,"Agent 1",1,19214,19214,524288,17,"pk_gemm(__half const*, __half const*, __half*, int, int, int)",128,8704,0,208,0,128,"SQ_WAIT_INST_LDS",11134976.000000,2143956532060,2144421443787
626,626,"Agent 1",1,19214,19214,524288,17,"pk_gemm(__half const*, __half const*, __half*, int, int, int)",128,8704,0,208,0,128,"ALUStalledByLDS",3.32630809e-04,2144421484020,2144927358058
626,626,"Agent 1",1,19214,19214,524288,17,"pk_gemm(__half const*, __half const*, __half*, int, int, int)",128,8704,0,208,0,128,"LDSBankConflict",12.500000,2144421484020,2144927358058
626,626,"Agent 1",1,19214,19214,524288,17,"pk_gemm(__half const*, __half const*, __half*, int, int, int)",128,8704,0,208,0,128,"MeanOccupancyPerCU",7.493815,2144421484020,2144927358058
626,626,"Agent 1",1,19214,19214,524288,17,"pk_gemm(__half const*, __half const*, __half*, int, int, int)",128,8704,0,208,0,128,"SQ_INSTS_LDS",671088640.000000,2144421484020,2144927358058
626,626,"Agent 1",1,19214,19214,524288,17,"pk_gemm(__half const*, __half const*, __half*, int, int, int)",128,8704,0,208,0,128,"SQ_INST_LEVEL_LDS",67130390.000000,2144421484020,2144927358058
626,626,"Agent 1",1,19214,19214,524288,17,"pk_gemm(__half const*, __half const*, __half*, int, int, int)",128,8704,0,208,0,128,"SQ_WAIT_INST_LDS",10344041.000000,2144421484020,2144927358058
627,627,"Agent 1",1,19214,19214,524288,17,"pk_gemm(__half const*, __half const*, __half*, int, int, int)",128,8704,0,208,0,128,"ALUStalledByLDS",3.27052179e-04,2144927395640,2145445468872
627,627,"Agent 1",1,19214,19214,524288,17,"pk_gemm(__half const*, __half const*, __half*, int, int, int)",128,8704,0,208,0,128,"LDSBankConflict",12.500000,2144927395640,2145445468872
627,627,"Agent 1",1,19214,19214,524288,17,"pk_gemm(__half const*, __half const*, __half*, int, int, int)",128,8704,0,208,0,128,"MeanOccupancyPerCU",7.636119,2144927395640,2145445468872
627,627,"Agent 1",1,19214,19214,524288,17,"pk_gemm(__half const*, __half const*, __half*, int, int, int)",128,8704,0,208,0,128,"SQ_INSTS_LDS",671088640.000000,2144927395640,2145445468872
627,627,"Agent 1",1,19214,19214,524288,17,"pk_gemm(__half const*, __half const*, __half*, int, int, int)",128,8704,0,208,0,128,"SQ_INST_LEVEL_LDS",67258255.000000,2144927395640,2145445468872
627,627,"Agent 1",1,19214,19214,524288,17,"pk_gemm(__half const*, __half const*, __half*, int, int, int)",128,8704,0,208,0,128,"SQ_WAIT_INST_LDS",10411451.000000,2144927395640,2145445468872
628,628,"Agent 1",1,19214,19214,524288,17,"pk_gemm(__half const*, __half const*, __half*, int, int, int)",128,8704,0,208,0,128,"ALUStalledByLDS",3.17665153e-04,2145445510152,2145963250762
628,628,"Agent 1",1,19214,19214,524288,17,"pk_gemm(__half const*, __half const*, __half*, int, int, int)",128,8704,0,208,0,128,"LDSBankConflict",12.500000,2145445510152,2145963250762
628,628,"Agent 1",1,19214,19214,524288,17,"pk_gemm(__half const*, __half const*, __half*, int, int, int)",128,8704,0,208,0,128,"MeanOccupancyPerCU",7.414804,2145445510152,2145963250762
628,628,"Agent 1",1,19214,19214,524288,17,"pk_gemm(__half const*, __half const*, __half*, int, int, int)",128,8704,0,208,0,128,"SQ_INSTS_LDS",671088640.000000,2145445510152,2145963250762
628,628,"Agent 1",1,19214,19214,524288,17,"pk_gemm(__half const*, __half const*, __half*, int, int, int)",128,8704,0,208,0,128,"SQ_INST_LEVEL_LDS",67067654.000000,2145445510152,2145963250762
628,628,"Agent 1",1,19214,19214,524288,17,"pk_gemm(__half const*, __half const*, __half*, int, int, int)",128,8704,0,208,0,128,"SQ_WAIT_INST_LDS",10112712.000000,2145445510152,2145963250762
629,629,"Agent 1",1,19214,19214,524288,17,"pk_gemm(__half const*, __half const*, __half*, int, int, int)",128,8704,0,208,0,128,"ALUStalledByLDS",3.78193568e-04,2145963288483,2146424930088
629,629,"Agent 1",1,19214,19214,524288,17,"pk_gemm(__half const*, __half const*, __half*, int, int, int)",128,8704,0,208,0,128,"LDSBankConflict",12.500000,2145963288483,2146424930088
629,629,"Agent 1",1,19214,19214,524288,17,"pk_gemm(__half const*, __half const*, __half*, int, int, int)",128,8704,0,208,0,128,"MeanOccupancyPerCU",7.604020,2145963288483,2146424930088
629,629,"Agent 1",1,19214,19214,524288,17,"pk_gemm(__half const*, __half const*, __half*, int, int, int)",128,8704,0,208,0,128,"SQ_INSTS_LDS",671088640.000000,2145963288483,2146424930088
629,629,"Agent 1",1,19214,19214,524288,17,"pk_gemm(__half const*, __half const*, __half*, int, int, int)",128,8704,0,208,0,128,"SQ_INST_LEVEL_LDS",67100667.000000,2145963288483,2146424930088
629,629,"Agent 1",1,19214,19214,524288,17,"pk_gemm(__half const*, __half const*, __half*, int, int, int)",128,8704,0,208,0,128,"SQ_WAIT_INST_LDS",10728429.000000,2145963288483,2146424930088
630,630,"Agent 1",1,19214,19214,524288,17,"pk_gemm(__half const*, __half const*, __half*, int, int, int)",128,8704,0,208,0,128,"ALUStalledByLDS",3.23800031e-04,2146424966127,2146945340066
630,630,"Agent 1",1,19214,19214,524288,17,"pk_gemm(__half const*, __half const*, __half*, int, int, int)",128,8704,0,208,0,128,"LDSBankConflict",12.500000,2146424966127,2146945340066
630,630,"Agent 1",1,19214,19214,524288,17,"pk_gemm(__half const*, __half const*, __half*, int, int, int)",128,8704,0,208,0,128,"MeanOccupancyPerCU",7.663744,2146424966127,2146945340066
630,630,"Agent 1",1,19214,19214,524288,17,"pk_gemm(__half const*, __half const*, __half*, int, int, int)",128,8704,0,208,0,128,"SQ_INSTS_LDS",671088640.000000,2146424966127,2146945340066
630,630,"Agent 1",1,19214,19214,524288,17,"pk_gemm(__half const*, __half const*, __half*, int, int, int)",128,8704,0,208,0,128,"SQ_INST_LEVEL_LDS",67280045.000000,2146424966127,2146945340066
630,630,"Agent 1",1,19214,19214,524288,17,"pk_gemm(__half const*, __half const*, __half*, int, int, int)",128,8704,0,208,0,128,"SQ_WAIT_INST_LDS",10357126.000000,2146424966127,2146945340066
631,631,"Agent 1",1,19214,19214,524288,17,"pk_gemm(__half const*, __half const*, __half*, int, int, int)",128,8704,0,208,0,128,"ALUStalledByLDS",4.27551110e-04,2146945375900,2147375067182
631,631,"Agent 1",1,19214,19214,524288,17,"pk_gemm(__half const*, __half const*, __half*, int, int, int)",128,8704,0,208,0,128,"LDSBankConflict",12.500000,2146945375900,2147375067182
631,631,"Agent 1",1,19214,19214,524288,17,"pk_gemm(__half const*, __half const*, __half*, int, int, int)",128,8704,0,208,0,128,"MeanOccupancyPerCU",7.680422,2146945375900,2147375067182
631,631,"Agent 1",1,19214,19214,524288,17,"pk_gemm(__half const*, __half const*, __half*, int, int, int)",128,8704,0,208,0,128,"SQ_INSTS_LDS",671088640.000000,2146945375900,2147375067182
631,631,"Agent 1",1,19214,19214,524288,17,"pk_gemm(__half const*, __half const*, __half*, int, int, int)",128,8704,0,208,0,128,"SQ_INST_LEVEL_LDS",67197374.000000,2146945375900,2147375067182
631,631,"Agent 1",1,19214,19214,524288,17,"pk_gemm(__half const*, __half const*, __half*, int, int, int)",128,8704,0,208,0,128,"SQ_WAIT_INST_LDS",11280098.000000,2146945375900,2147375067182
632,632,"Agent 1",1,19214,19214,524288,17,"pk_gemm(__half const*, __half const*, __half*, int, int, int)",128,8704,0,208,0,128,"ALUStalledByLDS",4.84799490e-04,2147375105105,2147762664005
632,632,"Agent 1",1,19214,19214,524288,17,"pk_gemm(__half const*, __half const*, __half*, int, int, int)",128,8704,0,208,0,128,"LDSBankConflict",12.500000,2147375105105,2147762664005
632,632,"Agent 1",1,19214,19214,524288,17,"pk_gemm(__half const*, __half const*, __half*, int, int, int)",128,8704,0,208,0,128,"MeanOccupancyPerCU",7.782468,2147375105105,2147762664005
632,632,"Agent 1",1,19214,19214,524288,17,"pk_gemm(__half const*, __half const*, __half*, int, int, int)",128,8704,0,208,0,128,"SQ_INSTS_LDS",671088640.000000,2147375105105,2147762664005
632,632,"Agent 1",1,19214,19214,524288,17,"pk_gemm(__half const*, __half const*, __half*, int, int, int)",128,8704,0,208,0,128,"SQ_INST_LEVEL_LDS",67128430.000000,2147375105105,2147762664005
632,632,"Agent 1",1,19214,19214,524288,17,"pk_gemm(__half const*, __half const*, __half*, int, int, int)",128,8704,0,208,0,128,"SQ_WAIT_INST_LDS",11532698.000000,2147375105105,2147762664005
633,633,"Agent 1",1,19214,19214,524288,17,"pk_gemm(__half const*, __half const*, __half*, int, int, int)",128,8704,0,208,0,128,"ALUStalledByLDS",4.04869076e-04,2147762700844,2148207591215
633,633,"Agent 1",1,19214,19214,524288,17,"pk_gemm(__half const*, __half const*, __half*, int, int, int)",128,8704,0,208,0,128,"LDSBankConflict",12.500000,2147762700844,2148207591215
633,633,"Agent 1",1,19214,19214,524288,17,"pk_gemm(__half const*, __half const*, __half*, int, int, int)",128,8704,0,208,0,128,"MeanOccupancyPerCU",7.645250,2147762700844,2148207591215
633,633,"Agent 1",1,19214,19214,524288,17,"pk_gemm(__half const*, __half const*, __half*, int, int, int)",128,8704,0,208,0,128,"SQ_INSTS_LDS",671088640.000000,2147762700844,2148207591215
633,633,"Agent 1",1,19214,19214,524288,17,"pk_gemm(__half const*, __half const*, __half*, int, int, int)",128,8704,0,208,0,128,"SQ_INST_LEVEL_LDS",67224662.000000,2147762700844,2148207591215
633,633,"Agent 1",1,19214,19214,524288,17,"pk_gemm(__half const*, __half const*, __half*, int, int, int)",128,8704,0,208,0,128,"SQ_WAIT_INST_LDS",11064240.000000,2147762700844,2148207591215
634,634,"Agent 1",1,19214,19214,524288,17,"pk_gemm(__half const*, __half const*, __half*, int, int, int)",128,8704,0,208,0,128,"ALUStalledByLDS",3.18772589e-04,2148207626415,2148736174293
634,634,"Agent 1",1,19214,19214,524288,17,"pk_gemm(__half const*, __half const*, __half*, int, int, int)",128,8704,0,208,0,128,"LDSBankConflict",12.500000,2148207626415,2148736174293
634,634,"Agent 1",1,19214,19214,524288,17,"pk_gemm(__half const*, __half const*, __half*, int, int, int)",128,8704,0,208,0,128,"MeanOccupancyPerCU",7.589089,2148207626415,2148736174293
634,634,"Agent 1",1,19214,19214,524288,17,"pk_gemm(__half const*, __half const*, __half*, int, int, int)",128,8704,0,208,0,128,"SQ_INSTS_LDS",671088640.000000,2148207626415,2148736174293
634,634,"Agent 1",1,19214,19214,524288,17,"pk_gemm(__half const*, __half const*, __half*, int, int, int)",128,8704,0,208,0,128,"SQ_INST_LEVEL_LDS",67367931.000000,2148207626415,2148736174293
634,634,"Agent 1",1,19214,19214,524288,17,"pk_gemm(__half const*, __half const*, __half*, int, int, int)",128,8704,0,208,0,128,"SQ_WAIT_INST_LDS",10353396.000000,2148207626415,2148736174293
635,635,"Agent 1",1,19214,19214,524288,17,"pk_gemm(__half const*, __half const*, __half*, int, int, int)",128,8704,0,208,0,128,"ALUStalledByLDS",3.29256682e-04,2148736210010,2149259050966
635,635,"Agent 1",1,19214,19214,524288,17,"pk_gemm(__half const*, __half const*, __half*, int, int, int)",128,8704,0,208,0,128,"LDSBankConflict",12.500000,2148736210010,2149259050966
635,635,"Agent 1",1,19214,19214,524288,17,"pk_gemm(__half const*, __half const*, __half*, int, int, int)",128,8704,0,208,0,128,"MeanOccupancyPerCU",7.720321,2148736210010,2149259050966
635,635,"Agent 1",1,19214,19214,524288,17,"pk_gemm(__half const*, __half const*, __half*, int, int, int)",128,8704,0,208,0,128,"SQ_INSTS_LDS",671088640.000000,2148736210010,2149259050966
635,635,"Agent 1",1,19214,19214,524288,17,"pk_gemm(__half const*, __half const*, __half*, int, int, int)",128,8704,0,208,0,128,"SQ_INST_LEVEL_LDS",67420921.000000,2148736210010,2149259050966
635,635,"Agent 1",1,19214,19214,524288,17,"pk_gemm(__half const*, __half const*, __half*, int, int, int)",128,8704,0,208,0,128,"SQ_WAIT_INST_LDS",10575122.000000,2148736210010,2149259050966
636,636,"Agent 1",1,19214,19214,524288,17,"pk_gemm(__half const*, __half const*, __half*, int, int, int)",128,8704,0,208,0,128,"ALUStalledByLDS",3.49545535e-04,2149259085659,2149743930896
636,636,"Agent 1",1,19214,19214,524288,17,"pk_gemm(__half const*, __half const*, __half*, int, int, int)",128,8704,0,208,0,128,"LDSBankConflict",12.500000,2149259085659,2149743930896
636,636,"Agent 1",1,19214,19214,524288,17,"pk_gemm(__half const*, __half const*, __half*, int, int, int)",128,8704,0,208,0,128,"MeanOccupancyPerCU",7.502186,2149259085659,2149743930896
636,636,"Agent 1",1,19214,19214,524288,17,"pk_gemm(__half const*, __half const*, __half*, int, int, int)",128,8704,0,208,0,128,"SQ_INSTS_LDS",671088640.000000,2149259085659,2149743930896
636,636,"Agent 1",1,19214,19214,524288,17,"pk_gemm(__half const*, __half const*, __half*, int, int, int)",128,8704,0,208,0,128,"SQ_INST_LEVEL_LDS",67004332.000000,2149259085659,2149743930896
636,636,"Agent 1",1,19214,19214,524288,17,"pk_gemm(__half const*, __half const*, __half*, int, int, int)",128,8704,0,208,0,128,"SQ_WAIT_INST_LDS",10416343.000000,2149259085659,2149743930896
637,637,"Agent 1",1,19214,19214,524288,17,"pk_gemm(__half const*, __half const*, __half*, int, int, int)",128,8704,0,208,0,128,"ALUStalledByLDS",3.16248059e-04,2149743967729,2150271052468
637,637,"Agent 1",1,19214,19214,524288,17,"pk_gemm(__half const*, __half const*, __half*, int, int, int)",128,8704,0,208,0,128,"LDSBankConflict",12.500000,2149743967729,2150271052468
637,637,"Agent 1",1,19214,19214,524288,17,"pk_gemm(__half const*, __half const*, __half*, int, int, int)",128,8704,0,208,0,128,"MeanOccupancyPerCU",7.557345,2149743967729,2150271052468
637,637,"Agent 1",1,19214,19214,524288,17,"pk_gemm(__half const*, __half const*, __half*, int, int, int)",128,8704,0,208,0,128,"SQ_INSTS_LDS",671088640.000000,2149743967729,2150271052468
637,637,"Agent 1",1,19214,19214,524288,17,"pk_gemm(__half const*, __half const*, __half*, int, int, int)",128,8704,0,208,0,128,"SQ_INST_LEVEL_LDS",67175154.000000,2149743967729,2150271052468
637,637,"Agent 1",1,19214,19214,524288,17,"pk_gemm(__half const*, __half const*, __half*, int, int, int)",128,8704,0,208,0,128,"SQ_WAIT_INST_LDS",10242773.000000,2149743967729,2150271052468
638,638,"Agent 1",1,19214,19214,524288,17,"pk_gemm(__half const*, __half const*, __half*, int, int, int)",128,8704,0,208,0,128,"ALUStalledByLDS",3.09793511e-04,2150271088428,2150809887414
638,638,"Agent 1",1,19214,19214,524288,17,"pk_gemm(__half const*, __half const*, __half*, int, int, int)",128,8704,0,208,0,128,"LDSBankConflict",12.500000,2150271088428,2150809887414
638,638,"Agent 1",1,19214,19214,524288,17,"pk_gemm(__half const*, __half const*, __half*, int, int, int)",128,8704,0,208,0,128,"MeanOccupancyPerCU",7.630954,2150271088428,2150809887414
638,638,"Agent 1",1,19214,19214,524288,17,"pk_gemm(__half const*, __half const*, __half*, int, int, int)",128,8704,0,208,0,128,"SQ_INSTS_LDS",671088640.000000,2150271088428,2150809887414
638,638,"Agent 1",1,19214,19214,524288,17,"pk_gemm(__half const*, __half const*, __half*, int, int, int)",128,8704,0,208,0,128,"SQ_INST_LEVEL_LDS",67331086.000000,2150271088428,2150809887414
638,638,"Agent 1",1,19214,19214,524288,17,"pk_gemm(__half const*, __half const*, __half*, int, int, int)",128,8704,0,208,0,128,"SQ_WAIT_INST_LDS",10256295.000000,2150271088428,2150809887414
639,639,"Agent 1",1,19214,19214,524288,17,"pk_gemm(__half const*, __half const*, __half*, int, int, int)",128,8704,0,208,0,128,"ALUStalledByLDS",3.74710828e-04,2150809921115,2151275619433
639,639,"Agent 1",1,19214,19214,524288,17,"pk_gemm(__half const*, __half const*, __half*, int, int, int)",128,8704,0,208,0,128,"LDSBankConflict",12.500000,2150809921115,2151275619433
639,639,"Agent 1",1,19214,19214,524288,17,"pk_gemm(__half const*, __half const*, __half*, int, int, int)",128,8704,0,208,0,128,"MeanOccupancyPerCU",7.612138,2150809921115,2151275619433
639,639,"Agent 1",1,19214,19214,524288,17,"pk_gemm(__half const*, __half const*, __half*, int, int, int)",128,8704,0,208,0,128,"SQ_INSTS_LDS",671088640.000000,2150809921115,2151275619433
639,639,"Agent 1",1,19214,19214,524288,17,"pk_gemm(__half const*, __half const*, __half*, int, int, int)",128,8704,0,208,0,128,"SQ_INST_LEVEL_LDS",67023129.000000,2150809921115,2151275619433
639,639,"Agent 1",1,19214,19214,524288,17,"pk_gemm(__half const*, __half const*, __half*, int, int, int)",128,8704,0,208,0,128,"SQ_WAIT_INST_LDS",10722573.000000,2150809921115,2151275619433
640,640,"Agent 1",1,19214,19214,524288,17,"pk_gemm(__half const*, __half const*, __half*, int, int, int)",128,8704,0,208,0,128,"ALUStalledByLDS",3.17090807e-04,2151275673406,2151808777853
640,640,"Agent 1",1,19214,19214,524288,17,"pk_gemm(__half const*, __half const*, __half*, int, int, int)",128,8704,0,208,0,128,"LDSBankConflict",12.500000,2151275673406,2151808777853
640,640,"Agent 1",1,19214,19214,524288,17,"pk_gemm(__half const*, __half const*, __half*, int, int, int)",128,8704,0,208,0,128,"MeanOccupancyPerCU",7.643244,2151275673406,2151808777853
640,640,"Agent 1",1,19214,19214,524288,17,"pk_gemm(__half const*, __half const*, __half*, int, int, int)",128,8704,0,208,0,128,"SQ_INSTS_LDS",671088640.000000,2151275673406,2151808777853
640,640,"Agent 1",1,19214,19214,524288,17,"pk_gemm(__half const*, __half const*, __half*, int, int, int)",128,8704,0,208,0,128,"SQ_INST_LEVEL_LDS",67426092.000000,2151275673406,2151808777853
640,640,"Agent 1",1,19214,19214,524288,17,"pk_gemm(__half const*, __half const*, __half*, int, int, int)",128,8704,0,208,0,128,"SQ_WAIT_INST_LDS",10385567.000000,2151275673406,2151808777853
641,641,"Agent 1",1,19214,19214,524288,17,"pk_gemm(__half const*, __half const*, __half*, int, int, int)",128,8704,0,208,0,128,"ALUStalledByLDS",4.25494062e-04,2151808815107,2152229283405
641,641,"Agent 1",1,19214,19214,524288,17,"pk_gemm(__half const*, __half const*, __half*, int, int, int)",128,8704,0,208,0,128,"LDSBankConflict",12.500000,2151808815107,2152229283405
641,641,"Agent 1",1,19214,19214,524288,17,"pk_gemm(__half const*, __half const*, __half*, int, int, int)",128,8704,0,208,0,128,"MeanOccupancyPerCU",7.697140,2151808815107,2152229283405
641,641,"Agent 1",1,19214,19214,524288,17,"pk_gemm(__half const*, __half const*, __half*, int, int, int)",128,8704,0,208,0,128,"SQ_INSTS_LDS",671088640.000000,2151808815107,2152229283405
641,641,"Agent 1",1,19214,19214,524288,17,"pk_gemm(__half const*, __half const*, __half*, int, int, int)",128,8704,0,208,0,128,"SQ_INST_LEVEL_LDS",66868257.000000,2151808815107,2152229283405
641,641,"Agent 1",1,19214,19214,524288,17,"pk_gemm(__half const*, __half const*, __half*, int, int, int)",128,8704,0,208,0,128,"SQ_WAIT_INST_LDS",10994382.000000,2151808815107,2152229283405
