"Correlation_Id","Dispatch_Id","Agent_Id","Queue_Id","Process_Id","Thread_Id","Grid_Size","Kernel_Id","Kernel_Name","Workgroup_Size","LDS_Block_Size","Scratch_Size","VGPR_Count","Accum_VGPR_Count","SGPR_Count","Counter_Name","Counter_Value","Start_Timestamp","End_Timestamp"
1,1,"Agent 1",1,2236,2236,256,17,"pk_gemm(__half const*, __half const*, __half*, int, int, int)",128,8704,0,208,0,128,"SQ_BUSY_CYCLES",125899.000000,377782481439,377782565957
1,1,"Agent 1",1,2236,2236,256,17,"pk_gemm(__half const*, __half const*, __half*, int, int, int)",128,8704,0,208,0,128,"SQ_WAIT_ANY",810296.000000,377782481439,377782565957
1,1,"Agent 1",1,2236,2236,256,17,"pk_gemm(__half const*, __half const*, __half*, int, int, int)",128,8704,0,208,0,128,"SQ_WAVES",8.000000,377782481439,377782565957
1,1,"Agent 1",1,2236,2236,256,17,"pk_gemm(__half const*, __half const*, __half*, int, int, int)",128,8704,0,208,0,128,"SQ_WAVE_CYCLES",1002476.000000,377782481439,377782565957
2,2,"Agent 1",1,2236,2236,2048,17,"pk_gemm(__half const*, __half const*, __half*, int, int, int)",128,8704,0,208,0,128,"SQ_BUSY_CYCLES",769852.000000,377789780507,377790082913
2,2,"Agent 1",1,2236,2236,2048,17,"pk_gemm(__half const*, __half const*, __half*, int, int, int)",128,8704,0,208,0,128,"SQ_WAIT_ANY",20975278.000000,377789780507,377790082913
2,2,"Agent 1",1,2236,2236,2048,17,"pk_gemm(__half const*, __half const*, __half*, int, int, int)",128,8704,0,208,0,128,"SQ_WAVES",192.000000,377789780507,377790082913
2,2,"Agent 1",1,2236,2236,2048,17,"pk_gemm(__half const*, __half const*, __half*, int, int, int)",128,8704,0,208,0,128,"SQ_WAVE_CYCLES",24249286.000000,377789780507,377790082913
3,3,"Agent 1",1,2236,2236,2048,17,"pk_gemm(__half const*, __half const*, __half*, int, int, int)",128,8704,0,208,0,128,"SQ_BUSY_CYCLES",951584.000000,377790133207,377790510874
3,3,"Agent 1",1,2236,2236,2048,17,"pk_gemm(__half const*, __half const*, __half*, int, int, int)",128,8704,0,208,0,128,"SQ_WAIT_ANY",26377227.000000,377790133207,377790510874
3,3,"Agent 1",1,2236,2236,2048,17,"pk_gemm(__half const*, __half const*, __half*, int, int, int)",128,8704,0,208,0,128,"SQ_WAVES",256.000000,377790133207,377790510874
3,3,"Agent 1",1,2236,2236,2048,17,"pk_gemm(__half const*, __half const*, __half*, int, int, int)",128,8704,0,208,0,128,"SQ_WAVE_CYCLES",29785813.000000,377790133207,377790510874
4,4,"Agent 1",1,2236,2236,2048,17,"pk_gemm(__half const*, __half const*, __half*, int, int, int)",128,8704,0,208,0,128,"SQ_BUSY_CYCLES",912646.000000,377790567500,377790934187
4,4,"Agent 1",1,2236,2236,2048,17,"pk_gemm(__half const*, __half const*, __half*, int, int, int)",128,8704,0,208,0,128,"SQ_WAIT_ANY",25178535.000000,377790567500,377790934187
4,4,"Agent 1",1,2236,2236,2048,17,"pk_gemm(__half const*, __half const*, __half*, int, int, int)",128,8704,0,208,0,128,"SQ_WAVES",256.000000,377790567500,377790934187
4,4,"Agent 1",1,2236,2236,2048,17,"pk_gemm(__half const*, __half const*, __half*, int, int, int)",128,8704,0,208,0,128,"SQ_WAVE_CYCLES",28587066.000000,377790567500,377790934187
5,5,"Agent 1",1,2236,2236,2048,17,"pk_gemm(__half const*, __half const*, __half*, int, int, int)",128,8704,0,208,0,128,"SQ_BUSY_CYCLES",475671.000000,377790964885,377791123502
5,5,"Agent 1",1,2236,2236,2048,17,"pk_gemm(__half const*, __half const*, __half*, int, int, int)",128,8704,0,208,0,128,"SQ_WAIT_ANY",12062057.000000,377790964885,377791123502
5,5,"Agent 1",1,2236,2236,2048,17,"pk_gemm(__half const*, __half const*, __half*, int, int, int)",128,8704,0,208,0,128,"SQ_WAVES",64.000000,377790964885,377791123502
5,5,"Agent 1",1,2236,2236,2048,17,"pk_gemm(__half const*, __half const*, __half*, int, int, int)",128,8704,0,208,0,128,"SQ_WAVE_CYCLES",15064429.000000,377790964885,377791123502
6,6,"Agent 1",1,2236,2236,2048,17,"pk_gemm(__half const*, __half const*, __half*, int, int, int)",128,8704,0,208,0,128,"SQ_BUSY_CYCLES",485464.000000,377791152276,377791314139
6,6,"Agent 1",1,2236,2236,2048,17,"pk_gemm(__half const*, __half const*, __half*, int, int, int)",128,8704,0,208,0,128,"SQ_WAIT_ANY",12386784.000000,377791152276,377791314139
6,6,"Agent 1",1,2236,2236,2048,17,"pk_gemm(__half const*, __half const*, __half*, int, int, int)",128,8704,0,208,0,128,"SQ_WAVES",64.000000,377791152276,377791314139
6,6,"Agent 1",1,2236,2236,2048,17,"pk_gemm(__half const*, __half const*, __half*, int, int, int)",128,8704,0,208,0,128,"SQ_WAVE_CYCLES",15389360.000000,377791152276,377791314139
7,7,"Agent 1",1,2236,2236,2048,17,"pk_gemm(__half const*, __half const*, __half*, int, int, int)",128,8704,0,208,0,128,"SQ_BUSY_CYCLES",482671.000000,377791344195,377791505337
7,7,"Agent 1",1,2236,2236,2048,17,"pk_gemm(__half const*, __half const*, __half*, int, int, int)",128,8704,0,208,0,128,"SQ_WAIT_ANY",12278963.000000,377791344195,377791505337
7,7,"Agent 1",1,2236,2236,2048,17,"pk_gemm(__half const*, __half const*, __half*, int, int, int)",128,8704,0,208,0,128,"SQ_WAVES",64.000000,377791344195,377791505337
7,7,"Agent 1",1,2236,2236,2048,17,"pk_gemm(__half const*, __half const*, __half*, int, int, int)",128,8704,0,208,0,128,"SQ_WAVE_CYCLES",15281587.000000,377791344195,377791505337
8,8,"Agent 1",1,2236,2236,2048,17,"pk_gemm(__half const*, __half const*, __half*, int, int, int)",128,8704,0,208,0,128,"SQ_BUSY_CYCLES",484827.000000,377791532427,377791694210
8,8,"Agent 1",1,2236,2236,2048,17,"pk_gemm(__half const*, __half const*, __half*, int, int, int)",128,8704,0,208,0,128,"SQ_WAIT_ANY",12353325.000000,377791532427,377791694210
8,8,"Agent 1",1,2236,2236,2048,17,"pk_gemm(__half const*, __half const*, __half*, int, int, int)",128,8704,0,208,0,128,"SQ_WAVES",64.000000,377791532427,377791694210
8,8,"Agent 1",1,2236,2236,2048,17,"pk_gemm(__half const*, __half const*, __half*, int, int, int)",128,8704,0,208,0,128,"SQ_WAVE_CYCLES",15355949.000000,377791532427,377791694210
9,9,"Agent 1",1,2236,2236,2048,17,"pk_gemm(__half const*, __half const*, __half*, int, int, int)",128,8704,0,208,0,128,"SQ_BUSY_CYCLES",483183.000000,377791722183,377791883445
9,9,"Agent 1",1,2236,2236,2048,17,"pk_gemm(__half const*, __half const*, __half*, int, int, int)",128,8704,0,208,0,128,"SQ_WAIT_ANY",12358436.000000,377791722183,377791883445
9,9,"Agent 1",1,2236,2236,2048,17,"pk_gemm(__half const*, __half const*, __half*, int, int, int)",128,8704,0,208,0,128,"SQ_WAVES",64.000000,377791722183,377791883445
9,9,"Agent 1",1,2236,2236,2048,17,"pk_gemm(__half const*, __half const*, __half*, int, int, int)",128,8704,0,208,0,128,"SQ_WAVE_CYCLES",15361060.000000,377791722183,377791883445
10,10,"Agent 1",1,2236,2236,2048,17,"pk_gemm(__half const*, __half const*, __half*, int, int, int)",128,8704,0,208,0,128,"SQ_BUSY_CYCLES",782191.000000,377791942756,377792246004
10,10,"Agent 1",1,2236,2236,2048,17,"pk_gemm(__half const*, __half const*, __half*, int, int, int)",128,8704,0,208,0,128,"SQ_WAIT_ANY",21262321.000000,377791942756,377792246004
10,10,"Agent 1",1,2236,2236,2048,17,"pk_gemm(__half const*, __half const*, __half*, int, int, int)",128,8704,0,208,0,128,"SQ_WAVES",192.000000,377791942756,377792246004
10,10,"Agent 1",1,2236,2236,2048,17,"pk_gemm(__half const*, __half const*, __half*, int, int, int)",128,8704,0,208,0,128,"SQ_WAVE_CYCLES",24535393.000000,377791942756,377792246004
11,11,"Agent 1",1,2236,2236,2048,17,"pk_gemm(__half const*, __half const*, __half*, int, int, int)",128,8704,0,208,0,128,"SQ_BUSY_CYCLES",1042484.000000,377792299824,377792730912
11,11,"Agent 1",1,2236,2236,2048,17,"pk_gemm(__half const*, __half const*, __half*, int, int, int)",128,8704,0,208,0,128,"SQ_WAIT_ANY",29013225.000000,377792299824,377792730912
11,11,"Agent 1",1,2236,2236,2048,17,"pk_gemm(__half const*, __half const*, __half*, int, int, int)",128,8704,0,208,0,128,"SQ_WAVES",320.000000,377792299824,377792730912
11,11,"Agent 1",1,2236,2236,2048,17,"pk_gemm(__half const*, __half const*, __half*, int, int, int)",128,8704,0,208,0,128,"SQ_WAVE_CYCLES",32557983.000000,377792299824,377792730912
12,12,"Agent 1",1,2236,2236,2048,17,"pk_gemm(__half const*, __half const*, __half*, int, int, int)",128,8704,0,208,0,128,"SQ_BUSY_CYCLES",922366.000000,377792810861,377793181556
12,12,"Agent 1",1,2236,2236,2048,17,"pk_gemm(__half const*, __half const*, __half*, int, int, int)",128,8704,0,208,0,128,"SQ_WAIT_ANY",25471005.000000,377792810861,377793181556
12,12,"Agent 1",1,2236,2236,2048,17,"pk_gemm(__half const*, __half const*, __half*, int, int, int)",128,8704,0,208,0,128,"SQ_WAVES",256.000000,377792810861,377793181556
12,12,"Agent 1",1,2236,2236,2048,17,"pk_gemm(__half const*, __half const*, __half*, int, int, int)",128,8704,0,208,0,128,"SQ_WAVE_CYCLES",28879724.000000,377792810861,377793181556
13,13,"Agent 1",1,2236,2236,2048,17,"pk_gemm(__half const*, __half const*, __half*, int, int, int)",128,8704,0,208,0,128,"SQ_BUSY_CYCLES",1041230.000000,377793247559,377793678486
13,13,"Agent 1",1,2236,2236,2048,17,"pk_gemm(__half const*, __half const*, __half*, int, int, int)",128,8704,0,208,0,128,"SQ_WAIT_ANY",28925339.000000,377793247559,377793678486
13,13,"Agent 1",1,2236,2236,2048,17,"pk_gemm(__half const*, __half const*, __half*, int, int, int)",128,8704,0,208,0,128,"SQ_WAVES",320.000000,377793247559,377793678486
13,13,"Agent 1",1,2236,2236,2048,17,"pk_gemm(__half const*, __half const*, __half*, int, int, int)",128,8704,0,208,0,128,"SQ_WAVE_CYCLES",32469380.000000,377793247559,377793678486
14,14,"Agent 1",1,2236,2236,2048,17,"pk_gemm(__half const*, __half const*, __half*, int, int, int)",128,8704,0,208,0,128,"SQ_BUSY_CYCLES",944373.000000,377793730904,377794108612
14,14,"Agent 1",1,2236,2236,2048,17,"pk_gemm(__half const*, __half const*, __half*, int, int, int)",128,8704,0,208,0,128,"SQ_WAIT_ANY",26150323.000000,377793730904,377794108612
14,14,"Agent 1",1,2236,2236,2048,17,"pk_gemm(__half const*, __half const*, __half*, int, int, int)",128,8704,0,208,0,128,"SQ_WAVES",256.000000,377793730904,377794108612
14,14,"Agent 1",1,2236,2236,2048,17,"pk_gemm(__half const*, __half const*, __half*, int, int, int)",128,8704,0,208,0,128,"SQ_WAVE_CYCLES",29559025.000000,377793730904,377794108612
15,15,"Agent 1",1,2236,2236,2048,17,"pk_gemm(__half const*, __half const*, __half*, int, int, int)",128,8704,0,208,0,128,"SQ_BUSY_CYCLES",763352.000000,377794187479,377794484476
15,15,"Agent 1",1,2236,2236,2048,17,"pk_gemm(__half const*, __half const*, __half*, int, int, int)",128,8704,0,208,0,128,"SQ_WAIT_ANY",20710975.000000,377794187479,377794484476
15,15,"Agent 1",1,2236,2236,2048,17,"pk_gemm(__half const*, __half const*, __half*, int, int, int)",128,8704,0,208,0,128,"SQ_WAVES",192.000000,377794187479,377794484476
15,15,"Agent 1",1,2236,2236,2048,17,"pk_gemm(__half const*, __half const*, __half*, int, int, int)",128,8704,0,208,0,128,"SQ_WAVE_CYCLES",23985196.000000,377794187479,377794484476
16,16,"Agent 1",1,2236,2236,2048,17,"pk_gemm(__half const*, __half const*, __half*, int, int, int)",128,8704,0,208,0,128,"SQ_BUSY_CYCLES",768150.000000,377794537896,377794834691
16,16,"Agent 1",1,2236,2236,2048,17,"pk_gemm(__half const*, __half const*, __half*, int, int, int)",128,8704,0,208,0,128,"SQ_WAIT_ANY",20903902.000000,377794537896,377794834691
16,16,"Agent 1",1,2236,2236,2048,17,"pk_gemm(__half const*, __half const*, __half*, int, int, int)",128,8704,0,208,0,128,"SQ_WAVES",192.000000,377794537896,377794834691
16,16,"Agent 1",1,2236,2236,2048,17,"pk_gemm(__half const*, __half const*, __half*, int, int, int)",128,8704,0,208,0,128,"SQ_WAVE_CYCLES",24177521.000000,377794537896,377794834691
17,17,"Agent 1",1,2236,2236,2048,17,"pk_gemm(__half const*, __half const*, __half*, int, int, int)",128,8704,0,208,0,128,"SQ_BUSY_CYCLES",810601.000000,377794914601,377795235762
17,17,"Agent 1",1,2236,2236,2048,17,"pk_gemm(__half const*, __half const*, __half*, int, int, int)",128,8704,0,208,0,128,"SQ_WAIT_ANY",22180475.000000,377794914601,377795235762
17,17,"Agent 1",1,2236,2236,2048,17,"pk_gemm(__half const*, __half const*, __half*, int, int, int)",128,8704,0,208,0,128,"SQ_WAVES",192.000000,377794914601,377795235762
17,17,"Agent 1",1,2236,2236,2048,17,"pk_gemm(__half const*, __half const*, __half*, int, int, int)",128,8704,0,208,0,128,"SQ_WAVE_CYCLES",25453663.000000,377794914601,377795235762
18,18,"Agent 1",1,2236,2236,2048,17,"pk_gemm(__half const*, __half const*, __half*, int, int, int)",128,8704,0,208,0,128,"SQ_BUSY_CYCLES",513313.000000,377795337313,377795508633
18,18,"Agent 1",1,2236,2236,2048,17,"pk_gemm(__half const*, __half const*, __half*, int, int, int)",128,8704,0,208,0,128,"SQ_WAIT_ANY",13320665.000000,377795337313,377795508633
18,18,"Agent 1",1,2236,2236,2048,17,"pk_gemm(__half const*, __half const*, __half*, int, int, int)",128,8704,0,208,0,128,"SQ_WAVES",64.000000,377795337313,377795508633
18,18,"Agent 1",1,2236,2236,2048,17,"pk_gemm(__half const*, __half const*, __half*, int, int, int)",128,8704,0,208,0,128,"SQ_WAVE_CYCLES",16322797.000000,377795337313,377795508633
19,19,"Agent 1",1,2236,2236,2048,17,"pk_gemm(__half const*, __half const*, __half*, int, int, int)",128,8704,0,208,0,128,"SQ_BUSY_CYCLES",488773.000000,377795541014,377795704160
19,19,"Agent 1",1,2236,2236,2048,17,"pk_gemm(__half const*, __half const*, __half*, int, int, int)",128,8704,0,208,0,128,"SQ_WAIT_ANY",12325511.000000,377795541014,377795704160
19,19,"Agent 1",1,2236,2236,2048,17,"pk_gemm(__half const*, __half const*, __half*, int, int, int)",128,8704,0,208,0,128,"SQ_WAVES",64.000000,377795541014,377795704160
19,19,"Agent 1",1,2236,2236,2048,17,"pk_gemm(__half const*, __half const*, __half*, int, int, int)",128,8704,0,208,0,128,"SQ_WAVE_CYCLES",15327991.000000,377795541014,377795704160
20,20,"Agent 1",1,2236,2236,2048,17,"pk_gemm(__half const*, __half const*, __half*, int, int, int)",128,8704,0,208,0,128,"SQ_BUSY_CYCLES",484523.000000,377795733735,377795895398
20,20,"Agent 1",1,2236,2236,2048,17,"pk_gemm(__half const*, __half const*, __half*, int, int, int)",128,8704,0,208,0,128,"SQ_WAIT_ANY",12344774.000000,377795733735,377795895398
20,20,"Agent 1",1,2236,2236,2048,17,"pk_gemm(__half const*, __half const*, __half*, int, int, int)",128,8704,0,208,0,128,"SQ_WAVES",64.000000,377795733735,377795895398
20,20,"Agent 1",1,2236,2236,2048,17,"pk_gemm(__half const*, __half const*, __half*, int, int, int)",128,8704,0,208,0,128,"SQ_WAVE_CYCLES",15347398.000000,377795733735,377795895398
21,21,"Agent 1",1,2236,2236,2048,17,"pk_gemm(__half const*, __half const*, __half*, int, int, int)",128,8704,0,208,0,128,"SQ_BUSY_CYCLES",484096.000000,377795925294,377796087237
21,21,"Agent 1",1,2236,2236,2048,17,"pk_gemm(__half const*, __half const*, __half*, int, int, int)",128,8704,0,208,0,128,"SQ_WAIT_ANY",12353618.000000,377795925294,377796087237
21,21,"Agent 1",1,2236,2236,2048,17,"pk_gemm(__half const*, __half const*, __half*, int, int, int)",128,8704,0,208,0,128,"SQ_WAVES",64.000000,377795925294,377796087237
21,21,"Agent 1",1,2236,2236,2048,17,"pk_gemm(__half const*, __half const*, __half*, int, int, int)",128,8704,0,208,0,128,"SQ_WAVE_CYCLES",15356242.000000,377795925294,377796087237
22,22,"Agent 1",1,2236,2236,2048,17,"pk_gemm(__half const*, __half const*, __half*, int, int, int)",128,8704,0,208,0,128,"SQ_BUSY_CYCLES",483260.000000,377796118135,377796279517
22,22,"Agent 1",1,2236,2236,2048,17,"pk_gemm(__half const*, __half const*, __half*, int, int, int)",128,8704,0,208,0,128,"SQ_WAIT_ANY",12375002.000000,377796118135,377796279517
22,22,"Agent 1",1,2236,2236,2048,17,"pk_gemm(__half const*, __half const*, __half*, int, int, int)",128,8704,0,208,0,128,"SQ_WAVES",64.000000,377796118135,377796279517
22,22,"Agent 1",1,2236,2236,2048,17,"pk_gemm(__half const*, __half const*, __half*, int, int, int)",128,8704,0,208,0,128,"SQ_WAVE_CYCLES",15377626.000000,377796118135,377796279517
23,23,"Agent 1",1,2236,2236,2048,17,"pk_gemm(__half const*, __half const*, __half*, int, int, int)",128,8704,0,208,0,128,"SQ_BUSY_CYCLES",482469.000000,377796309934,377796471116
23,23,"Agent 1",1,2236,2236,2048,17,"pk_gemm(__half const*, __half const*, __half*, int, int, int)",128,8704,0,208,0,128,"SQ_WAIT_ANY",12329699.000000,377796309934,377796471116
23,23,"Agent 1",1,2236,2236,2048,17,"pk_gemm(__half const*, __half const*, __half*, int, int, int)",128,8704,0,208,0,128,"SQ_WAVES",64.000000,377796309934,377796471116
23,23,"Agent 1",1,2236,2236,2048,17,"pk_gemm(__half const*, __half const*, __half*, int, int, int)",128,8704,0,208,0,128,"SQ_WAVE_CYCLES",15332323.000000,377796309934,377796471116
24,24,"Agent 1",1,2236,2236,2048,17,"pk_gemm(__half const*, __half const*, __half*, int, int, int)",128,8704,0,208,0,128,"SQ_BUSY_CYCLES",486649.000000,377796500371,377796662915
24,24,"Agent 1",1,2236,2236,2048,17,"pk_gemm(__half const*, __half const*, __half*, int, int, int)",128,8704,0,208,0,128,"SQ_WAIT_ANY",12432974.000000,377796500371,377796662915
24,24,"Agent 1",1,2236,2236,2048,17,"pk_gemm(__half const*, __half const*, __half*, int, int, int)",128,8704,0,208,0,128,"SQ_WAVES",64.000000,377796500371,377796662915
24,24,"Agent 1",1,2236,2236,2048,17,"pk_gemm(__half const*, __half const*, __half*, int, int, int)",128,8704,0,208,0,128,"SQ_WAVE_CYCLES",15435598.000000,377796500371,377796662915
25,25,"Agent 1",1,2236,2236,2048,17,"pk_gemm(__half const*, __half const*, __half*, int, int, int)",128,8704,0,208,0,128,"SQ_BUSY_CYCLES",483836.000000,377796691128,377796852911
25,25,"Agent 1",1,2236,2236,2048,17,"pk_gemm(__half const*, __half const*, __half*, int, int, int)",128,8704,0,208,0,128,"SQ_WAIT_ANY",12323696.000000,377796691128,377796852911
25,25,"Agent 1",1,2236,2236,2048,17,"pk_gemm(__half const*, __half const*, __half*, int, int, int)",128,8704,0,208,0,128,"SQ_WAVES",64.000000,377796691128,377796852911
25,25,"Agent 1",1,2236,2236,2048,17,"pk_gemm(__half const*, __half const*, __half*, int, int, int)",128,8704,0,208,0,128,"SQ_WAVE_CYCLES",15326320.000000,377796691128,377796852911
26,26,"Agent 1",1,2236,2236,2048,17,"pk_gemm(__half const*, __half const*, __half*, int, int, int)",128,8704,0,208,0,128,"SQ_BUSY_CYCLES",484833.000000,377796882166,377797044269
26,26,"Agent 1",1,2236,2236,2048,17,"pk_gemm(__half const*, __half const*, __half*, int, int, int)",128,8704,0,208,0,128,"SQ_WAIT_ANY",12401315.000000,377796882166,377797044269
26,26,"Agent 1",1,2236,2236,2048,17,"pk_gemm(__half const*, __half const*, __half*, int, int, int)",128,8704,0,208,0,128,"SQ_WAVES",64.000000,377796882166,377797044269
26,26,"Agent 1",1,2236,2236,2048,17,"pk_gemm(__half const*, __half const*, __half*, int, int, int)",128,8704,0,208,0,128,"SQ_WAVE_CYCLES",15403939.000000,377796882166,377797044269
27,27,"Agent 1",1,2236,2236,2048,17,"pk_gemm(__half const*, __half const*, __half*, int, int, int)",128,8704,0,208,0,128,"SQ_BUSY_CYCLES",482335.000000,377797074205,377797235307
27,27,"Agent 1",1,2236,2236,2048,17,"pk_gemm(__half const*, __half const*, __half*, int, int, int)",128,8704,0,208,0,128,"SQ_WAIT_ANY",12350588.000000,377797074205,377797235307
27,27,"Agent 1",1,2236,2236,2048,17,"pk_gemm(__half const*, __half const*, __half*, int, int, int)",128,8704,0,208,0,128,"SQ_WAVES",64.000000,377797074205,377797235307
27,27,"Agent 1",1,2236,2236,2048,17,"pk_gemm(__half const*, __half const*, __half*, int, int, int)",128,8704,0,208,0,128,"SQ_WAVE_CYCLES",15353212.000000,377797074205,377797235307
28,28,"Agent 1",1,2236,2236,2048,17,"pk_gemm(__half const*, __half const*, __half*, int, int, int)",128,8704,0,208,0,128,"SQ_BUSY_CYCLES",482029.000000,377797264041,377797425142
28,28,"Agent 1",1,2236,2236,2048,17,"pk_gemm(__half const*, __half const*, __half*, int, int, int)",128,8704,0,208,0,128,"SQ_WAIT_ANY",12313152.000000,377797264041,377797425142
28,28,"Agent 1",1,2236,2236,2048,17,"pk_gemm(__half const*, __half const*, __half*, int, int, int)",128,8704,0,208,0,128,"SQ_WAVES",64.000000,377797264041,377797425142
28,28,"Agent 1",1,2236,2236,2048,17,"pk_gemm(__half const*, __half const*, __half*, int, int, int)",128,8704,0,208,0,128,"SQ_WAVE_CYCLES",15315776.000000,377797264041,377797425142
29,29,"Agent 1",1,2236,2236,2048,17,"pk_gemm(__half const*, __half const*, __half*, int, int, int)",128,8704,0,208,0,128,"SQ_BUSY_CYCLES",485745.000000,377797453836,377797616300
29,29,"Agent 1",1,2236,2236,2048,17,"pk_gemm(__half const*, __half const*, __half*, int, int, int)",128,8704,0,208,0,128,"SQ_WAIT_ANY",12422700.000000,377797453836,377797616300
29,29,"Agent 1",1,2236,2236,2048,17,"pk_gemm(__half const*, __half const*, __half*, int, int, int)",128,8704,0,208,0,128,"SQ_WAVES",64.000000,377797453836,377797616300
29,29,"Agent 1",1,2236,2236,2048,17,"pk_gemm(__half const*, __half const*, __half*, int, int, int)",128,8704,0,208,0,128,"SQ_WAVE_CYCLES",15425324.000000,377797453836,377797616300
30,30,"Agent 1",1,2236,2236,2048,17,"pk_gemm(__half const*, __half const*, __half*, int, int, int)",128,8704,0,208,0,128,"SQ_BUSY_CYCLES",483847.000000,377797645956,377797807579
30,30,"Agent 1",1,2236,2236,2048,17,"pk_gemm(__half const*, __half const*, __half*, int, int, int)",128,8704,0,208,0,128,"SQ_WAIT_ANY",12314251.000000,377797645956,377797807579
30,30,"Agent 1",1,2236,2236,2048,17,"pk_gemm(__half const*, __half const*, __half*, int, int, int)",128,8704,0,208,0,128,"SQ_WAVES",64.000000,377797645956,377797807579
30,30,"Agent 1",1,2236,2236,2048,17,"pk_gemm(__half const*, __half const*, __half*, int, int, int)",128,8704,0,208,0,128,"SQ_WAVE_CYCLES",15316875.000000,377797645956,377797807579
31,31,"Agent 1",1,2236,2236,2048,17,"pk_gemm(__half const*, __half const*, __half*, int, int, int)",128,8704,0,208,0,128,"SQ_BUSY_CYCLES",486840.000000,377797836553,377797999217
31,31,"Agent 1",1,2236,2236,2048,17,"pk_gemm(__half const*, __half const*, __half*, int, int, int)",128,8704,0,208,0,128,"SQ_WAIT_ANY",12408119.000000,377797836553,377797999217
31,31,"Agent 1",1,2236,2236,2048,17,"pk_gemm(__half const*, __half const*, __half*, int, int, int)",128,8704,0,208,0,128,"SQ_WAVES",64.000000,377797836553,377797999217
31,31,"Agent 1",1,2236,2236,2048,17,"pk_gemm(__half const*, __half const*, __half*, int, int, int)",128,8704,0,208,0,128,"SQ_WAVE_CYCLES",15410743.000000,377797836553,377797999217
32,32,"Agent 1",1,2236,2236,2048,17,"pk_gemm(__half const*, __half const*, __half*, int, int, int)",128,8704,0,208,0,128,"SQ_BUSY_CYCLES",482734.000000,377798028873,377798190215
32,32,"Agent 1",1,2236,2236,2048,17,"pk_gemm(__half const*, __half const*, __half*, int, int, int)",128,8704,0,208,0,128,"SQ_WAIT_ANY",12362280.000000,377798028873,377798190215
32,32,"Agent 1",1,2236,2236,2048,17,"pk_gemm(__half const*, __half const*, __half*, int, int, int)",128,8704,0,208,0,128,"SQ_WAVES",64.000000,377798028873,377798190215
32,32,"Agent 1",1,2236,2236,2048,17,"pk_gemm(__half const*, __half const*, __half*, int, int, int)",128,8704,0,208,0,128,"SQ_WAVE_CYCLES",15364904.000000,377798028873,377798190215
33,33,"Agent 1",1,2236,2236,2048,17,"pk_gemm(__half const*, __half const*, __half*, int, int, int)",128,8704,0,208,0,128,"SQ_BUSY_CYCLES",480156.000000,377798218628,377798379329
33,33,"Agent 1",1,2236,2236,2048,17,"pk_gemm(__half const*, __half const*, __half*, int, int, int)",128,8704,0,208,0,128,"SQ_WAIT_ANY",12261777.000000,377798218628,377798379329
33,33,"Agent 1",1,2236,2236,2048,17,"pk_gemm(__half const*, __half const*, __half*, int, int, int)",128,8704,0,208,0,128,"SQ_WAVES",64.000000,377798218628,377798379329
33,33,"Agent 1",1,2236,2236,2048,17,"pk_gemm(__half const*, __half const*, __half*, int, int, int)",128,8704,0,208,0,128,"SQ_WAVE_CYCLES",15264401.000000,377798218628,377798379329
34,34,"Agent 1",1,2236,2236,2048,17,"pk_gemm(__half const*, __half const*, __half*, int, int, int)",128,8704,0,208,0,128,"SQ_BUSY_CYCLES",485711.000000,377798406901,377798569245
34,34,"Agent 1",1,2236,2236,2048,17,"pk_gemm(__half const*, __half const*, __half*, int, int, int)",128,8704,0,208,0,128,"SQ_WAIT_ANY",12404395.000000,377798406901,377798569245
34,34,"Agent 1",1,2236,2236,2048,17,"pk_gemm(__half const*, __half const*, __half*, int, int, int)",128,8704,0,208,0,128,"SQ_WAVES",64.000000,377798406901,377798569245
34,34,"Agent 1",1,2236,2236,2048,17,"pk_gemm(__half const*, __half const*, __half*, int, int, int)",128,8704,0,208,0,128,"SQ_WAVE_CYCLES",15407019.000000,377798406901,377798569245
35,35,"Agent 1",1,2236,2236,2048,17,"pk_gemm(__half const*, __half const*, __half*, int, int, int)",128,8704,0,208,0,128,"SQ_BUSY_CYCLES",483017.000000,377798596816,377798758319
35,35,"Agent 1",1,2236,2236,2048,17,"pk_gemm(__half const*, __half const*, __half*, int, int, int)",128,8704,0,208,0,128,"SQ_WAIT_ANY",12306373.000000,377798596816,377798758319
35,35,"Agent 1",1,2236,2236,2048,17,"pk_gemm(__half const*, __half const*, __half*, int, int, int)",128,8704,0,208,0,128,"SQ_WAVES",64.000000,377798596816,377798758319
35,35,"Agent 1",1,2236,2236,2048,17,"pk_gemm(__half const*, __half const*, __half*, int, int, int)",128,8704,0,208,0,128,"SQ_WAVE_CYCLES",15308997.000000,377798596816,377798758319
36,36,"Agent 1",1,2236,2236,2048,17,"pk_gemm(__half const*, __half const*, __half*, int, int, int)",128,8704,0,208,0,128,"SQ_BUSY_CYCLES",483830.000000,377798785931,377798947754
36,36,"Agent 1",1,2236,2236,2048,17,"pk_gemm(__half const*, __half const*, __half*, int, int, int)",128,8704,0,208,0,128,"SQ_WAIT_ANY",12357935.000000,377798785931,377798947754
36,36,"Agent 1",1,2236,2236,2048,17,"pk_gemm(__half const*, __half const*, __half*, int, int, int)",128,8704,0,208,0,128,"SQ_WAVES",64.000000,377798785931,377798947754
36,36,"Agent 1",1,2236,2236,2048,17,"pk_gemm(__half const*, __half const*, __half*, int, int, int)",128,8704,0,208,0,128,"SQ_WAVE_CYCLES",15360559.000000,377798785931,377798947754
37,37,"Agent 1",1,2236,2236,2048,17,"pk_gemm(__half const*, __half const*, __half*, int, int, int)",128,8704,0,208,0,128,"SQ_BUSY_CYCLES",482408.000000,377798976247,377799137549
37,37,"Agent 1",1,2236,2236,2048,17,"pk_gemm(__half const*, __half const*, __half*, int, int, int)",128,8704,0,208,0,128,"SQ_WAIT_ANY",12352280.000000,377798976247,377799137549
37,37,"Agent 1",1,2236,2236,2048,17,"pk_gemm(__half const*, __half const*, __half*, int, int, int)",128,8704,0,208,0,128,"SQ_WAVES",64.000000,377798976247,377799137549
37,37,"Agent 1",1,2236,2236,2048,17,"pk_gemm(__half const*, __half const*, __half*, int, int, int)",128,8704,0,208,0,128,"SQ_WAVE_CYCLES",15354904.000000,377798976247,377799137549
38,38,"Agent 1",1,2236,2236,2048,17,"pk_gemm(__half const*, __half const*, __half*, int, int, int)",128,8704,0,208,0,128,"SQ_BUSY_CYCLES",480042.000000,377799165762,377799326262
38,38,"Agent 1",1,2236,2236,2048,17,"pk_gemm(__half const*, __half const*, __half*, int, int, int)",128,8704,0,208,0,128,"SQ_WAIT_ANY",12258919.000000,377799165762,377799326262
38,38,"Agent 1",1,2236,2236,2048,17,"pk_gemm(__half const*, __half const*, __half*, int, int, int)",128,8704,0,208,0,128,"SQ_WAVES",64.000000,377799165762,377799326262
38,38,"Agent 1",1,2236,2236,2048,17,"pk_gemm(__half const*, __half const*, __half*, int, int, int)",128,8704,0,208,0,128,"SQ_WAVE_CYCLES",15261543.000000,377799165762,377799326262
39,39,"Agent 1",1,2236,2236,2048,17,"pk_gemm(__half const*, __half const*, __half*, int, int, int)",128,8704,0,208,0,128,"SQ_BUSY_CYCLES",486425.000000,377799354916,377799517541
39,39,"Agent 1",1,2236,2236,2048,17,"pk_gemm(__half const*, __half const*, __half*, int, int, int)",128,8704,0,208,0,128,"SQ_WAIT_ANY",12433666.000000,377799354916,377799517541
39,39,"Agent 1",1,2236,2236,2048,17,"pk_gemm(__half const*, __half const*, __half*, int, int, int)",128,8704,0,208,0,128,"SQ_WAVES",64.000000,377799354916,377799517541
39,39,"Agent 1",1,2236,2236,2048,17,"pk_gemm(__half const*, __half const*, __half*, int, int, int)",128,8704,0,208,0,128,"SQ_WAVE_CYCLES",15436290.000000,377799354916,377799517541
40,40,"Agent 1",1,2236,2236,2048,17,"pk_gemm(__half const*, __half const*, __half*, int, int, int)",128,8704,0,208,0,128,"SQ_BUSY_CYCLES",484018.000000,377799582903,377799744646
40,40,"Agent 1",1,2236,2236,2048,17,"pk_gemm(__half const*, __half const*, __half*, int, int, int)",128,8704,0,208,0,128,"SQ_WAIT_ANY",12322638.000000,377799582903,377799744646
40,40,"Agent 1",1,2236,2236,2048,17,"pk_gemm(__half const*, __half const*, __half*, int, int, int)",128,8704,0,208,0,128,"SQ_WAVES",64.000000,377799582903,377799744646
40,40,"Agent 1",1,2236,2236,2048,17,"pk_gemm(__half const*, __half const*, __half*, int, int, int)",128,8704,0,208,0,128,"SQ_WAVE_CYCLES",15325262.000000,377799582903,377799744646
41,41,"Agent 1",1,2236,2236,2048,17,"pk_gemm(__half const*, __half const*, __half*, int, int, int)",128,8704,0,208,0,128,"SQ_BUSY_CYCLES",485220.000000,377799773059,377799935323
41,41,"Agent 1",1,2236,2236,2048,17,"pk_gemm(__half const*, __half const*, __half*, int, int, int)",128,8704,0,208,0,128,"SQ_WAIT_ANY",12401492.000000,377799773059,377799935323
41,41,"Agent 1",1,2236,2236,2048,17,"pk_gemm(__half const*, __half const*, __half*, int, int, int)",128,8704,0,208,0,128,"SQ_WAVES",64.000000,377799773059,377799935323
41,41,"Agent 1",1,2236,2236,2048,17,"pk_gemm(__half const*, __half const*, __half*, int, int, int)",128,8704,0,208,0,128,"SQ_WAVE_CYCLES",15404116.000000,377799773059,377799935323
42,42,"Agent 1",1,2236,2236,2048,17,"pk_gemm(__half const*, __half const*, __half*, int, int, int)",128,8704,0,208,0,128,"SQ_BUSY_CYCLES",482205.000000,377799968024,377800129126
42,42,"Agent 1",1,2236,2236,2048,17,"pk_gemm(__half const*, __half const*, __half*, int, int, int)",128,8704,0,208,0,128,"SQ_WAIT_ANY",12341582.000000,377799968024,377800129126
42,42,"Agent 1",1,2236,2236,2048,17,"pk_gemm(__half const*, __half const*, __half*, int, int, int)",128,8704,0,208,0,128,"SQ_WAVES",64.000000,377799968024,377800129126
42,42,"Agent 1",1,2236,2236,2048,17,"pk_gemm(__half const*, __half const*, __half*, int, int, int)",128,8704,0,208,0,128,"SQ_WAVE_CYCLES",15344206.000000,377799968024,377800129126
43,43,"Agent 1",1,2236,2236,2048,17,"pk_gemm(__half const*, __half const*, __half*, int, int, int)",128,8704,0,208,0,128,"SQ_BUSY_CYCLES",762030.000000,377800159703,377800457781
43,43,"Agent 1",1,2236,2236,2048,17,"pk_gemm(__half const*, __half const*, __half*, int, int, int)",128,8704,0,208,0,128,"SQ_WAIT_ANY",20581801.000000,377800159703,377800457781
43,43,"Agent 1",1,2236,2236,2048,17,"pk_gemm(__half const*, __half const*, __half*, int, int, int)",128,8704,0,208,0,128,"SQ_WAVES",192.000000,377800159703,377800457781
43,43,"Agent 1",1,2236,2236,2048,17,"pk_gemm(__half const*, __half const*, __half*, int, int, int)",128,8704,0,208,0,128,"SQ_WAVE_CYCLES",23855273.000000,377800159703,377800457781
44,44,"Agent 1",1,2236,2236,2048,17,"pk_gemm(__half const*, __half const*, __half*, int, int, int)",128,8704,0,208,0,128,"SQ_BUSY_CYCLES",792747.000000,377800550756,377800857089
44,44,"Agent 1",1,2236,2236,2048,17,"pk_gemm(__half const*, __half const*, __half*, int, int, int)",128,8704,0,208,0,128,"SQ_WAIT_ANY",21601289.000000,377800550756,377800857089
44,44,"Agent 1",1,2236,2236,2048,17,"pk_gemm(__half const*, __half const*, __half*, int, int, int)",128,8704,0,208,0,128,"SQ_WAVES",192.000000,377800550756,377800857089
44,44,"Agent 1",1,2236,2236,2048,17,"pk_gemm(__half const*, __half const*, __half*, int, int, int)",128,8704,0,208,0,128,"SQ_WAVE_CYCLES",24874462.000000,377800550756,377800857089
45,45,"Agent 1",1,2236,2236,2048,17,"pk_gemm(__half const*, __half const*, __half*, int, int, int)",128,8704,0,208,0,128,"SQ_BUSY_CYCLES",778129.000000,377800934634,377801237161
45,45,"Agent 1",1,2236,2236,2048,17,"pk_gemm(__half const*, __half const*, __half*, int, int, int)",128,8704,0,208,0,128,"SQ_WAIT_ANY",21129111.000000,377800934634,377801237161
45,45,"Agent 1",1,2236,2236,2048,17,"pk_gemm(__half const*, __half const*, __half*, int, int, int)",128,8704,0,208,0,128,"SQ_WAVES",192.000000,377800934634,377801237161
45,45,"Agent 1",1,2236,2236,2048,17,"pk_gemm(__half const*, __half const*, __half*, int, int, int)",128,8704,0,208,0,128,"SQ_WAVE_CYCLES",24402414.000000,377800934634,377801237161
46,46,"Agent 1",1,2236,2236,2048,17,"pk_gemm(__half const*, __half const*, __half*, int, int, int)",128,8704,0,208,0,128,"SQ_BUSY_CYCLES",488010.000000,377801270824,377801433809
46,46,"Agent 1",1,2236,2236,2048,17,"pk_gemm(__half const*, __half const*, __half*, int, int, int)",128,8704,0,208,0,128,"SQ_WAIT_ANY",12496846.000000,377801270824,377801433809
46,46,"Agent 1",1,2236,2236,2048,17,"pk_gemm(__half const*, __half const*, __half*, int, int, int)",128,8704,0,208,0,128,"SQ_WAVES",64.000000,377801270824,377801433809
46,46,"Agent 1",1,2236,2236,2048,17,"pk_gemm(__half const*, __half const*, __half*, int, int, int)",128,8704,0,208,0,128,"SQ_WAVE_CYCLES",15499182.000000,377801270824,377801433809
47,47,"Agent 1",1,2236,2236,2048,17,"pk_gemm(__half const*, __half const*, __half*, int, int, int)",128,8704,0,208,0,128,"SQ_BUSY_CYCLES",483402.000000,377801464426,377801626049
47,47,"Agent 1",1,2236,2236,2048,17,"pk_gemm(__half const*, __half const*, __half*, int, int, int)",128,8704,0,208,0,128,"SQ_WAIT_ANY",12351498.000000,377801464426,377801626049
47,47,"Agent 1",1,2236,2236,2048,17,"pk_gemm(__half const*, __half const*, __half*, int, int, int)",128,8704,0,208,0,128,"SQ_WAVES",64.000000,377801464426,377801626049
47,47,"Agent 1",1,2236,2236,2048,17,"pk_gemm(__half const*, __half const*, __half*, int, int, int)",128,8704,0,208,0,128,"SQ_WAVE_CYCLES",15354074.000000,377801464426,377801626049
48,48,"Agent 1",1,2236,2236,2048,17,"pk_gemm(__half const*, __half const*, __half*, int, int, int)",128,8704,0,208,0,128,"SQ_BUSY_CYCLES",486223.000000,377801654903,377801817327
48,48,"Agent 1",1,2236,2236,2048,17,"pk_gemm(__half const*, __half const*, __half*, int, int, int)",128,8704,0,208,0,128,"SQ_WAIT_ANY",12413424.000000,377801654903,377801817327
48,48,"Agent 1",1,2236,2236,2048,17,"pk_gemm(__half const*, __half const*, __half*, int, int, int)",128,8704,0,208,0,128,"SQ_WAVES",64.000000,377801654903,377801817327
48,48,"Agent 1",1,2236,2236,2048,17,"pk_gemm(__half const*, __half const*, __half*, int, int, int)",128,8704,0,208,0,128,"SQ_WAVE_CYCLES",15416048.000000,377801654903,377801817327
49,49,"Agent 1",1,2236,2236,2048,17,"pk_gemm(__half const*, __half const*, __half*, int, int, int)",128,8704,0,208,0,128,"SQ_BUSY_CYCLES",483545.000000,377801849307,377802010850
49,49,"Agent 1",1,2236,2236,2048,17,"pk_gemm(__half const*, __half const*, __half*, int, int, int)",128,8704,0,208,0,128,"SQ_WAIT_ANY",12311279.000000,377801849307,377802010850
49,49,"Agent 1",1,2236,2236,2048,17,"pk_gemm(__half const*, __half const*, __half*, int, int, int)",128,8704,0,208,0,128,"SQ_WAVES",64.000000,377801849307,377802010850
49,49,"Agent 1",1,2236,2236,2048,17,"pk_gemm(__half const*, __half const*, __half*, int, int, int)",128,8704,0,208,0,128,"SQ_WAVE_CYCLES",15313903.000000,377801849307,377802010850
50,50,"Agent 1",1,2236,2236,2048,17,"pk_gemm(__half const*, __half const*, __half*, int, int, int)",128,8704,0,208,0,128,"SQ_BUSY_CYCLES",485009.000000,377802041788,377802203891
50,50,"Agent 1",1,2236,2236,2048,17,"pk_gemm(__half const*, __half const*, __half*, int, int, int)",128,8704,0,208,0,128,"SQ_WAIT_ANY",12367707.000000,377802041788,377802203891
50,50,"Agent 1",1,2236,2236,2048,17,"pk_gemm(__half const*, __half const*, __half*, int, int, int)",128,8704,0,208,0,128,"SQ_WAVES",64.000000,377802041788,377802203891
50,50,"Agent 1",1,2236,2236,2048,17,"pk_gemm(__half const*, __half const*, __half*, int, int, int)",128,8704,0,208,0,128,"SQ_WAVE_CYCLES",15370331.000000,377802041788,377802203891
51,51,"Agent 1",1,2236,2236,2048,17,"pk_gemm(__half const*, __half const*, __half*, int, int, int)",128,8704,0,208,0,128,"SQ_BUSY_CYCLES",482453.000000,377802235310,377802396692
51,51,"Agent 1",1,2236,2236,2048,17,"pk_gemm(__half const*, __half const*, __half*, int, int, int)",128,8704,0,208,0,128,"SQ_WAIT_ANY",12349184.000000,377802235310,377802396692
51,51,"Agent 1",1,2236,2236,2048,17,"pk_gemm(__half const*, __half const*, __half*, int, int, int)",128,8704,0,208,0,128,"SQ_WAVES",64.000000,377802235310,377802396692
51,51,"Agent 1",1,2236,2236,2048,17,"pk_gemm(__half const*, __half const*, __half*, int, int, int)",128,8704,0,208,0,128,"SQ_WAVE_CYCLES",15351808.000000,377802235310,377802396692
52,52,"Agent 1",1,2236,2236,2048,17,"pk_gemm(__half const*, __half const*, __half*, int, int, int)",128,8704,0,208,0,128,"SQ_BUSY_CYCLES",483130.000000,377802426909,377802588331
52,52,"Agent 1",1,2236,2236,2048,17,"pk_gemm(__half const*, __half const*, __half*, int, int, int)",128,8704,0,208,0,128,"SQ_WAIT_ANY",12344987.000000,377802426909,377802588331
52,52,"Agent 1",1,2236,2236,2048,17,"pk_gemm(__half const*, __half const*, __half*, int, int, int)",128,8704,0,208,0,128,"SQ_WAVES",64.000000,377802426909,377802588331
52,52,"Agent 1",1,2236,2236,2048,17,"pk_gemm(__half const*, __half const*, __half*, int, int, int)",128,8704,0,208,0,128,"SQ_WAVE_CYCLES",15347611.000000,377802426909,377802588331
53,53,"Agent 1",1,2236,2236,2048,17,"pk_gemm(__half const*, __half const*, __half*, int, int, int)",128,8704,0,208,0,128,"SQ_BUSY_CYCLES",486817.000000,377802619309,377802781974
53,53,"Agent 1",1,2236,2236,2048,17,"pk_gemm(__half const*, __half const*, __half*, int, int, int)",128,8704,0,208,0,128,"SQ_WAIT_ANY",12424163.000000,377802619309,377802781974
53,53,"Agent 1",1,2236,2236,2048,17,"pk_gemm(__half const*, __half const*, __half*, int, int, int)",128,8704,0,208,0,128,"SQ_WAVES",64.000000,377802619309,377802781974
53,53,"Agent 1",1,2236,2236,2048,17,"pk_gemm(__half const*, __half const*, __half*, int, int, int)",128,8704,0,208,0,128,"SQ_WAVE_CYCLES",15426787.000000,377802619309,377802781974
54,54,"Agent 1",1,2236,2236,2048,17,"pk_gemm(__half const*, __half const*, __half*, int, int, int)",128,8704,0,208,0,128,"SQ_BUSY_CYCLES",483888.000000,377802812271,377802973893
54,54,"Agent 1",1,2236,2236,2048,17,"pk_gemm(__half const*, __half const*, __half*, int, int, int)",128,8704,0,208,0,128,"SQ_WAIT_ANY",12344011.000000,377802812271,377802973893
54,54,"Agent 1",1,2236,2236,2048,17,"pk_gemm(__half const*, __half const*, __half*, int, int, int)",128,8704,0,208,0,128,"SQ_WAVES",64.000000,377802812271,377802973893
54,54,"Agent 1",1,2236,2236,2048,17,"pk_gemm(__half const*, __half const*, __half*, int, int, int)",128,8704,0,208,0,128,"SQ_WAVE_CYCLES",15346635.000000,377802812271,377802973893
55,55,"Agent 1",1,2236,2236,2048,17,"pk_gemm(__half const*, __half const*, __half*, int, int, int)",128,8704,0,208,0,128,"SQ_BUSY_CYCLES",485486.000000,377803003108,377803165612
55,55,"Agent 1",1,2236,2236,2048,17,"pk_gemm(__half const*, __half const*, __half*, int, int, int)",128,8704,0,208,0,128,"SQ_WAIT_ANY",12401278.000000,377803003108,377803165612
55,55,"Agent 1",1,2236,2236,2048,17,"pk_gemm(__half const*, __half const*, __half*, int, int, int)",128,8704,0,208,0,128,"SQ_WAVES",64.000000,377803003108,377803165612
55,55,"Agent 1",1,2236,2236,2048,17,"pk_gemm(__half const*, __half const*, __half*, int, int, int)",128,8704,0,208,0,128,"SQ_WAVE_CYCLES",15403902.000000,377803003108,377803165612
56,56,"Agent 1",1,2236,2236,2048,17,"pk_gemm(__half const*, __half const*, __half*, int, int, int)",128,8704,0,208,0,128,"SQ_BUSY_CYCLES",482056.000000,377803196590,377803357652
56,56,"Agent 1",1,2236,2236,2048,17,"pk_gemm(__half const*, __half const*, __half*, int, int, int)",128,8704,0,208,0,128,"SQ_WAIT_ANY",12344422.000000,377803196590,377803357652
56,56,"Agent 1",1,2236,2236,2048,17,"pk_gemm(__half const*, __half const*, __half*, int, int, int)",128,8704,0,208,0,128,"SQ_WAVES",64.000000,377803196590,377803357652
56,56,"Agent 1",1,2236,2236,2048,17,"pk_gemm(__half const*, __half const*, __half*, int, int, int)",128,8704,0,208,0,128,"SQ_WAVE_CYCLES",15347046.000000,377803196590,377803357652
57,57,"Agent 1",1,2236,2236,2048,17,"pk_gemm(__half const*, __half const*, __half*, int, int, int)",128,8704,0,208,0,128,"SQ_BUSY_CYCLES",481078.000000,377803386025,377803546886
57,57,"Agent 1",1,2236,2236,2048,17,"pk_gemm(__half const*, __half const*, __half*, int, int, int)",128,8704,0,208,0,128,"SQ_WAIT_ANY",12280631.000000,377803386025,377803546886
57,57,"Agent 1",1,2236,2236,2048,17,"pk_gemm(__half const*, __half const*, __half*, int, int, int)",128,8704,0,208,0,128,"SQ_WAVES",64.000000,377803386025,377803546886
57,57,"Agent 1",1,2236,2236,2048,17,"pk_gemm(__half const*, __half const*, __half*, int, int, int)",128,8704,0,208,0,128,"SQ_WAVE_CYCLES",15283255.000000,377803386025,377803546886
58,58,"Agent 1",1,2236,2236,2048,17,"pk_gemm(__half const*, __half const*, __half*, int, int, int)",128,8704,0,208,0,128,"SQ_BUSY_CYCLES",486428.000000,377803577824,377803740409
58,58,"Agent 1",1,2236,2236,2048,17,"pk_gemm(__half const*, __half const*, __half*, int, int, int)",128,8704,0,208,0,128,"SQ_WAIT_ANY",12413841.000000,377803577824,377803740409
58,58,"Agent 1",1,2236,2236,2048,17,"pk_gemm(__half const*, __half const*, __half*, int, int, int)",128,8704,0,208,0,128,"SQ_WAVES",64.000000,377803577824,377803740409
58,58,"Agent 1",1,2236,2236,2048,17,"pk_gemm(__half const*, __half const*, __half*, int, int, int)",128,8704,0,208,0,128,"SQ_WAVE_CYCLES",15416465.000000,377803577824,377803740409
59,59,"Agent 1",1,2236,2236,2048,17,"pk_gemm(__half const*, __half const*, __half*, int, int, int)",128,8704,0,208,0,128,"SQ_BUSY_CYCLES",483869.000000,377803770064,377803931887
59,59,"Agent 1",1,2236,2236,2048,17,"pk_gemm(__half const*, __half const*, __half*, int, int, int)",128,8704,0,208,0,128,"SQ_WAIT_ANY",12312939.000000,377803770064,377803931887
59,59,"Agent 1",1,2236,2236,2048,17,"pk_gemm(__half const*, __half const*, __half*, int, int, int)",128,8704,0,208,0,128,"SQ_WAVES",64.000000,377803770064,377803931887
59,59,"Agent 1",1,2236,2236,2048,17,"pk_gemm(__half const*, __half const*, __half*, int, int, int)",128,8704,0,208,0,128,"SQ_WAVE_CYCLES",15315563.000000,377803770064,377803931887
60,60,"Agent 1",1,2236,2236,2048,17,"pk_gemm(__half const*, __half const*, __half*, int, int, int)",128,8704,0,208,0,128,"SQ_BUSY_CYCLES",484598.000000,377803960901,377804122965
60,60,"Agent 1",1,2236,2236,2048,17,"pk_gemm(__half const*, __half const*, __half*, int, int, int)",128,8704,0,208,0,128,"SQ_WAIT_ANY",12375150.000000,377803960901,377804122965
60,60,"Agent 1",1,2236,2236,2048,17,"pk_gemm(__half const*, __half const*, __half*, int, int, int)",128,8704,0,208,0,128,"SQ_WAVES",64.000000,377803960901,377804122965
60,60,"Agent 1",1,2236,2236,2048,17,"pk_gemm(__half const*, __half const*, __half*, int, int, int)",128,8704,0,208,0,128,"SQ_WAVE_CYCLES",15377774.000000,377803960901,377804122965
61,61,"Agent 1",1,2236,2236,2048,17,"pk_gemm(__half const*, __half const*, __half*, int, int, int)",128,8704,0,208,0,128,"SQ_BUSY_CYCLES",485399.000000,377804153222,377804315485
61,61,"Agent 1",1,2236,2236,2048,17,"pk_gemm(__half const*, __half const*, __half*, int, int, int)",128,8704,0,208,0,128,"SQ_WAIT_ANY",12436421.000000,377804153222,377804315485
61,61,"Agent 1",1,2236,2236,2048,17,"pk_gemm(__half const*, __half const*, __half*, int, int, int)",128,8704,0,208,0,128,"SQ_WAVES",64.000000,377804153222,377804315485
61,61,"Agent 1",1,2236,2236,2048,17,"pk_gemm(__half const*, __half const*, __half*, int, int, int)",128,8704,0,208,0,128,"SQ_WAVE_CYCLES",15439045.000000,377804153222,377804315485
62,62,"Agent 1",1,2236,2236,2048,17,"pk_gemm(__half const*, __half const*, __half*, int, int, int)",128,8704,0,208,0,128,"SQ_BUSY_CYCLES",481469.000000,377804346383,377804507365
62,62,"Agent 1",1,2236,2236,2048,17,"pk_gemm(__half const*, __half const*, __half*, int, int, int)",128,8704,0,208,0,128,"SQ_WAIT_ANY",12295540.000000,377804346383,377804507365
62,62,"Agent 1",1,2236,2236,2048,17,"pk_gemm(__half const*, __half const*, __half*, int, int, int)",128,8704,0,208,0,128,"SQ_WAVES",64.000000,377804346383,377804507365
62,62,"Agent 1",1,2236,2236,2048,17,"pk_gemm(__half const*, __half const*, __half*, int, int, int)",128,8704,0,208,0,128,"SQ_WAVE_CYCLES",15298164.000000,377804346383,377804507365
63,63,"Agent 1",1,2236,2236,2048,17,"pk_gemm(__half const*, __half const*, __half*, int, int, int)",128,8704,0,208,0,128,"SQ_BUSY_CYCLES",487087.000000,377804536620,377804699565
63,63,"Agent 1",1,2236,2236,2048,17,"pk_gemm(__half const*, __half const*, __half*, int, int, int)",128,8704,0,208,0,128,"SQ_WAIT_ANY",12444897.000000,377804536620,377804699565
63,63,"Agent 1",1,2236,2236,2048,17,"pk_gemm(__half const*, __half const*, __half*, int, int, int)",128,8704,0,208,0,128,"SQ_WAVES",64.000000,377804536620,377804699565
63,63,"Agent 1",1,2236,2236,2048,17,"pk_gemm(__half const*, __half const*, __half*, int, int, int)",128,8704,0,208,0,128,"SQ_WAVE_CYCLES",15447521.000000,377804536620,377804699565
64,64,"Agent 1",1,2236,2236,2048,17,"pk_gemm(__half const*, __half const*, __half*, int, int, int)",128,8704,0,208,0,128,"SQ_BUSY_CYCLES",482785.000000,377804729180,377804890562
64,64,"Agent 1",1,2236,2236,2048,17,"pk_gemm(__half const*, __half const*, __half*, int, int, int)",128,8704,0,208,0,128,"SQ_WAIT_ANY",12264477.000000,377804729180,377804890562
64,64,"Agent 1",1,2236,2236,2048,17,"pk_gemm(__half const*, __half const*, __half*, int, int, int)",128,8704,0,208,0,128,"SQ_WAVES",64.000000,377804729180,377804890562
64,64,"Agent 1",1,2236,2236,2048,17,"pk_gemm(__half const*, __half const*, __half*, int, int, int)",128,8704,0,208,0,128,"SQ_WAVE_CYCLES",15267101.000000,377804729180,377804890562
65,65,"Agent 1",1,2236,2236,2048,17,"pk_gemm(__half const*, __half const*, __half*, int, int, int)",128,8704,0,208,0,128,"SQ_BUSY_CYCLES",486897.000000,377804919456,377805082321
65,65,"Agent 1",1,2236,2236,2048,17,"pk_gemm(__half const*, __half const*, __half*, int, int, int)",128,8704,0,208,0,128,"SQ_WAIT_ANY",12429864.000000,377804919456,377805082321
65,65,"Agent 1",1,2236,2236,2048,17,"pk_gemm(__half const*, __half const*, __half*, int, int, int)",128,8704,0,208,0,128,"SQ_WAVES",64.000000,377804919456,377805082321
65,65,"Agent 1",1,2236,2236,2048,17,"pk_gemm(__half const*, __half const*, __half*, int, int, int)",128,8704,0,208,0,128,"SQ_WAVE_CYCLES",15432488.000000,377804919456,377805082321
66,66,"Agent 1",1,2236,2236,2048,17,"pk_gemm(__half const*, __half const*, __half*, int, int, int)",128,8704,0,208,0,128,"SQ_BUSY_CYCLES",483925.000000,377805109773,377805271516
66,66,"Agent 1",1,2236,2236,2048,17,"pk_gemm(__half const*, __half const*, __half*, int, int, int)",128,8704,0,208,0,128,"SQ_WAIT_ANY",12367268.000000,377805109773,377805271516
66,66,"Agent 1",1,2236,2236,2048,17,"pk_gemm(__half const*, __half const*, __half*, int, int, int)",128,8704,0,208,0,128,"SQ_WAVES",64.000000,377805109773,377805271516
66,66,"Agent 1",1,2236,2236,2048,17,"pk_gemm(__half const*, __half const*, __half*, int, int, int)",128,8704,0,208,0,128,"SQ_WAVE_CYCLES",15369892.000000,377805109773,377805271516
67,67,"Agent 1",1,2236,2236,2048,17,"pk_gemm(__half const*, __half const*, __half*, int, int, int)",128,8704,0,208,0,128,"SQ_BUSY_CYCLES",481664.000000,377805298366,377805459508
67,67,"Agent 1",1,2236,2236,2048,17,"pk_gemm(__half const*, __half const*, __half*, int, int, int)",128,8704,0,208,0,128,"SQ_WAIT_ANY",12295804.000000,377805298366,377805459508
67,67,"Agent 1",1,2236,2236,2048,17,"pk_gemm(__half const*, __half const*, __half*, int, int, int)",128,8704,0,208,0,128,"SQ_WAVES",64.000000,377805298366,377805459508
67,67,"Agent 1",1,2236,2236,2048,17,"pk_gemm(__half const*, __half const*, __half*, int, int, int)",128,8704,0,208,0,128,"SQ_WAVE_CYCLES",15298428.000000,377805298366,377805459508
68,68,"Agent 1",1,2236,2236,2048,17,"pk_gemm(__half const*, __half const*, __half*, int, int, int)",128,8704,0,208,0,128,"SQ_BUSY_CYCLES",484843.000000,377805486478,377805648502
68,68,"Agent 1",1,2236,2236,2048,17,"pk_gemm(__half const*, __half const*, __half*, int, int, int)",128,8704,0,208,0,128,"SQ_WAIT_ANY",12399334.000000,377805486478,377805648502
68,68,"Agent 1",1,2236,2236,2048,17,"pk_gemm(__half const*, __half const*, __half*, int, int, int)",128,8704,0,208,0,128,"SQ_WAVES",64.000000,377805486478,377805648502
68,68,"Agent 1",1,2236,2236,2048,17,"pk_gemm(__half const*, __half const*, __half*, int, int, int)",128,8704,0,208,0,128,"SQ_WAVE_CYCLES",15401958.000000,377805486478,377805648502
69,69,"Agent 1",1,2236,2236,2048,17,"pk_gemm(__half const*, __half const*, __half*, int, int, int)",128,8704,0,208,0,128,"SQ_BUSY_CYCLES",483565.000000,377805675913,377805837536
69,69,"Agent 1",1,2236,2236,2048,17,"pk_gemm(__half const*, __half const*, __half*, int, int, int)",128,8704,0,208,0,128,"SQ_WAIT_ANY",12305616.000000,377805675913,377805837536
69,69,"Agent 1",1,2236,2236,2048,17,"pk_gemm(__half const*, __half const*, __half*, int, int, int)",128,8704,0,208,0,128,"SQ_WAVES",64.000000,377805675913,377805837536
69,69,"Agent 1",1,2236,2236,2048,17,"pk_gemm(__half const*, __half const*, __half*, int, int, int)",128,8704,0,208,0,128,"SQ_WAVE_CYCLES",15308240.000000,377805675913,377805837536
70,70,"Agent 1",1,2236,2236,2048,17,"pk_gemm(__half const*, __half const*, __half*, int, int, int)",128,8704,0,208,0,128,"SQ_BUSY_CYCLES",484327.000000,377805894122,377806056225
70,70,"Agent 1",1,2236,2236,2048,17,"pk_gemm(__half const*, __half const*, __half*, int, int, int)",128,8704,0,208,0,128,"SQ_WAIT_ANY",12383222.000000,377805894122,377806056225
70,70,"Agent 1",1,2236,2236,2048,17,"pk_gemm(__half const*, __half const*, __half*, int, int, int)",128,8704,0,208,0,128,"SQ_WAVES",64.000000,377805894122,377806056225
70,70,"Agent 1",1,2236,2236,2048,17,"pk_gemm(__half const*, __half const*, __half*, int, int, int)",128,8704,0,208,0,128,"SQ_WAVE_CYCLES",15385846.000000,377805894122,377806056225
71,71,"Agent 1",1,2236,2236,2048,17,"pk_gemm(__half const*, __half const*, __half*, int, int, int)",128,8704,0,208,0,128,"SQ_BUSY_CYCLES",482312.000000,377806095098,377806256280
71,71,"Agent 1",1,2236,2236,2048,17,"pk_gemm(__half const*, __half const*, __half*, int, int, int)",128,8704,0,208,0,128,"SQ_WAIT_ANY",12352669.000000,377806095098,377806256280
71,71,"Agent 1",1,2236,2236,2048,17,"pk_gemm(__half const*, __half const*, __half*, int, int, int)",128,8704,0,208,0,128,"SQ_WAVES",64.000000,377806095098,377806256280
71,71,"Agent 1",1,2236,2236,2048,17,"pk_gemm(__half const*, __half const*, __half*, int, int, int)",128,8704,0,208,0,128,"SQ_WAVE_CYCLES",15355293.000000,377806095098,377806256280
72,72,"Agent 1",1,2236,2236,2048,17,"pk_gemm(__half const*, __half const*, __half*, int, int, int)",128,8704,0,208,0,128,"SQ_BUSY_CYCLES",481107.000000,377806288500,377806449402
72,72,"Agent 1",1,2236,2236,2048,17,"pk_gemm(__half const*, __half const*, __half*, int, int, int)",128,8704,0,208,0,128,"SQ_WAIT_ANY",12290208.000000,377806288500,377806449402
72,72,"Agent 1",1,2236,2236,2048,17,"pk_gemm(__half const*, __half const*, __half*, int, int, int)",128,8704,0,208,0,128,"SQ_WAVES",64.000000,377806288500,377806449402
72,72,"Agent 1",1,2236,2236,2048,17,"pk_gemm(__half const*, __half const*, __half*, int, int, int)",128,8704,0,208,0,128,"SQ_WAVE_CYCLES",15292832.000000,377806288500,377806449402
73,73,"Agent 1",1,2236,2236,2048,17,"pk_gemm(__half const*, __half const*, __half*, int, int, int)",128,8704,0,208,0,128,"SQ_BUSY_CYCLES",485783.000000,377806481221,377806643725
73,73,"Agent 1",1,2236,2236,2048,17,"pk_gemm(__half const*, __half const*, __half*, int, int, int)",128,8704,0,208,0,128,"SQ_WAIT_ANY",12387776.000000,377806481221,377806643725
73,73,"Agent 1",1,2236,2236,2048,17,"pk_gemm(__half const*, __half const*, __half*, int, int, int)",128,8704,0,208,0,128,"SQ_WAVES",64.000000,377806481221,377806643725
73,73,"Agent 1",1,2236,2236,2048,17,"pk_gemm(__half const*, __half const*, __half*, int, int, int)",128,8704,0,208,0,128,"SQ_WAVE_CYCLES",15390400.000000,377806481221,377806643725
74,74,"Agent 1",1,2236,2236,2048,17,"pk_gemm(__half const*, __half const*, __half*, int, int, int)",128,8704,0,208,0,128,"SQ_BUSY_CYCLES",482417.000000,377806675345,377806836567
74,74,"Agent 1",1,2236,2236,2048,17,"pk_gemm(__half const*, __half const*, __half*, int, int, int)",128,8704,0,208,0,128,"SQ_WAIT_ANY",12285321.000000,377806675345,377806836567
74,74,"Agent 1",1,2236,2236,2048,17,"pk_gemm(__half const*, __half const*, __half*, int, int, int)",128,8704,0,208,0,128,"SQ_WAVES",64.000000,377806675345,377806836567
74,74,"Agent 1",1,2236,2236,2048,17,"pk_gemm(__half const*, __half const*, __half*, int, int, int)",128,8704,0,208,0,128,"SQ_WAVE_CYCLES",15287945.000000,377806675345,377806836567
75,75,"Agent 1",1,2236,2236,2048,17,"pk_gemm(__half const*, __half const*, __half*, int, int, int)",128,8704,0,208,0,128,"SQ_BUSY_CYCLES",485908.000000,377806867705,377807030369
75,75,"Agent 1",1,2236,2236,2048,17,"pk_gemm(__half const*, __half const*, __half*, int, int, int)",128,8704,0,208,0,128,"SQ_WAIT_ANY",12413838.000000,377806867705,377807030369
75,75,"Agent 1",1,2236,2236,2048,17,"pk_gemm(__half const*, __half const*, __half*, int, int, int)",128,8704,0,208,0,128,"SQ_WAVES",64.000000,377806867705,377807030369
75,75,"Agent 1",1,2236,2236,2048,17,"pk_gemm(__half const*, __half const*, __half*, int, int, int)",128,8704,0,208,0,128,"SQ_WAVE_CYCLES",15416462.000000,377806867705,377807030369
76,76,"Agent 1",1,2236,2236,2048,17,"pk_gemm(__half const*, __half const*, __half*, int, int, int)",128,8704,0,208,0,128,"SQ_BUSY_CYCLES",482659.000000,377807061428,377807222730
76,76,"Agent 1",1,2236,2236,2048,17,"pk_gemm(__half const*, __half const*, __half*, int, int, int)",128,8704,0,208,0,128,"SQ_WAIT_ANY",12357596.000000,377807061428,377807222730
76,76,"Agent 1",1,2236,2236,2048,17,"pk_gemm(__half const*, __half const*, __half*, int, int, int)",128,8704,0,208,0,128,"SQ_WAVES",64.000000,377807061428,377807222730
76,76,"Agent 1",1,2236,2236,2048,17,"pk_gemm(__half const*, __half const*, __half*, int, int, int)",128,8704,0,208,0,128,"SQ_WAVE_CYCLES",15360220.000000,377807061428,377807222730
77,77,"Agent 1",1,2236,2236,2048,17,"pk_gemm(__half const*, __half const*, __half*, int, int, int)",128,8704,0,208,0,128,"SQ_BUSY_CYCLES",481489.000000,377807254910,377807416052
77,77,"Agent 1",1,2236,2236,2048,17,"pk_gemm(__half const*, __half const*, __half*, int, int, int)",128,8704,0,208,0,128,"SQ_WAIT_ANY",12298827.000000,377807254910,377807416052
77,77,"Agent 1",1,2236,2236,2048,17,"pk_gemm(__half const*, __half const*, __half*, int, int, int)",128,8704,0,208,0,128,"SQ_WAVES",64.000000,377807254910,377807416052
77,77,"Agent 1",1,2236,2236,2048,17,"pk_gemm(__half const*, __half const*, __half*, int, int, int)",128,8704,0,208,0,128,"SQ_WAVE_CYCLES",15301451.000000,377807254910,377807416052
78,78,"Agent 1",1,2236,2236,2048,17,"pk_gemm(__half const*, __half const*, __half*, int, int, int)",128,8704,0,208,0,128,"SQ_BUSY_CYCLES",485913.000000,377807446228,377807608612
78,78,"Agent 1",1,2236,2236,2048,17,"pk_gemm(__half const*, __half const*, __half*, int, int, int)",128,8704,0,208,0,128,"SQ_WAIT_ANY",12390652.000000,377807446228,377807608612
78,78,"Agent 1",1,2236,2236,2048,17,"pk_gemm(__half const*, __half const*, __half*, int, int, int)",128,8704,0,208,0,128,"SQ_WAVES",64.000000,377807446228,377807608612
78,78,"Agent 1",1,2236,2236,2048,17,"pk_gemm(__half const*, __half const*, __half*, int, int, int)",128,8704,0,208,0,128,"SQ_WAVE_CYCLES",15393276.000000,377807446228,377807608612
79,79,"Agent 1",1,2236,2236,2048,17,"pk_gemm(__half const*, __half const*, __half*, int, int, int)",128,8704,0,208,0,128,"SQ_BUSY_CYCLES",484593.000000,377807637667,377807799650
79,79,"Agent 1",1,2236,2236,2048,17,"pk_gemm(__half const*, __half const*, __half*, int, int, int)",128,8704,0,208,0,128,"SQ_WAIT_ANY",12341921.000000,377807637667,377807799650
79,79,"Agent 1",1,2236,2236,2048,17,"pk_gemm(__half const*, __half const*, __half*, int, int, int)",128,8704,0,208,0,128,"SQ_WAVES",64.000000,377807637667,377807799650
79,79,"Agent 1",1,2236,2236,2048,17,"pk_gemm(__half const*, __half const*, __half*, int, int, int)",128,8704,0,208,0,128,"SQ_WAVE_CYCLES",15344545.000000,377807637667,377807799650
80,80,"Agent 1",1,2236,2236,2048,17,"pk_gemm(__half const*, __half const*, __half*, int, int, int)",128,8704,0,208,0,128,"SQ_BUSY_CYCLES",482226.000000,377807830107,377807991529
80,80,"Agent 1",1,2236,2236,2048,17,"pk_gemm(__half const*, __half const*, __half*, int, int, int)",128,8704,0,208,0,128,"SQ_WAIT_ANY",12325129.000000,377807830107,377807991529
80,80,"Agent 1",1,2236,2236,2048,17,"pk_gemm(__half const*, __half const*, __half*, int, int, int)",128,8704,0,208,0,128,"SQ_WAVES",64.000000,377807830107,377807991529
80,80,"Agent 1",1,2236,2236,2048,17,"pk_gemm(__half const*, __half const*, __half*, int, int, int)",128,8704,0,208,0,128,"SQ_WAVE_CYCLES",15327753.000000,377807830107,377807991529
81,81,"Agent 1",1,2236,2236,2048,17,"pk_gemm(__half const*, __half const*, __half*, int, int, int)",128,8704,0,208,0,128,"SQ_BUSY_CYCLES",483596.000000,377808021906,377808183689
81,81,"Agent 1",1,2236,2236,2048,17,"pk_gemm(__half const*, __half const*, __half*, int, int, int)",128,8704,0,208,0,128,"SQ_WAIT_ANY",12384224.000000,377808021906,377808183689
81,81,"Agent 1",1,2236,2236,2048,17,"pk_gemm(__half const*, __half const*, __half*, int, int, int)",128,8704,0,208,0,128,"SQ_WAVES",64.000000,377808021906,377808183689
81,81,"Agent 1",1,2236,2236,2048,17,"pk_gemm(__half const*, __half const*, __half*, int, int, int)",128,8704,0,208,0,128,"SQ_WAVE_CYCLES",15386848.000000,377808021906,377808183689
82,82,"Agent 1",1,2236,2236,2048,17,"pk_gemm(__half const*, __half const*, __half*, int, int, int)",128,8704,0,208,0,128,"SQ_BUSY_CYCLES",481827.000000,377808212984,377808374126
82,82,"Agent 1",1,2236,2236,2048,17,"pk_gemm(__half const*, __half const*, __half*, int, int, int)",128,8704,0,208,0,128,"SQ_WAIT_ANY",12308380.000000,377808212984,377808374126
82,82,"Agent 1",1,2236,2236,2048,17,"pk_gemm(__half const*, __half const*, __half*, int, int, int)",128,8704,0,208,0,128,"SQ_WAVES",64.000000,377808212984,377808374126
82,82,"Agent 1",1,2236,2236,2048,17,"pk_gemm(__half const*, __half const*, __half*, int, int, int)",128,8704,0,208,0,128,"SQ_WAVE_CYCLES",15311004.000000,377808212984,377808374126
83,83,"Agent 1",1,2236,2236,2048,17,"pk_gemm(__half const*, __half const*, __half*, int, int, int)",128,8704,0,208,0,128,"SQ_BUSY_CYCLES",486587.000000,377808403220,377808565845
83,83,"Agent 1",1,2236,2236,2048,17,"pk_gemm(__half const*, __half const*, __half*, int, int, int)",128,8704,0,208,0,128,"SQ_WAIT_ANY",12452145.000000,377808403220,377808565845
83,83,"Agent 1",1,2236,2236,2048,17,"pk_gemm(__half const*, __half const*, __half*, int, int, int)",128,8704,0,208,0,128,"SQ_WAVES",64.000000,377808403220,377808565845
83,83,"Agent 1",1,2236,2236,2048,17,"pk_gemm(__half const*, __half const*, __half*, int, int, int)",128,8704,0,208,0,128,"SQ_WAVE_CYCLES",15454769.000000,377808403220,377808565845
84,84,"Agent 1",1,2236,2236,2048,17,"pk_gemm(__half const*, __half const*, __half*, int, int, int)",128,8704,0,208,0,128,"SQ_BUSY_CYCLES",483478.000000,377808596743,377808758325
84,84,"Agent 1",1,2236,2236,2048,17,"pk_gemm(__half const*, __half const*, __half*, int, int, int)",128,8704,0,208,0,128,"SQ_WAIT_ANY",12304843.000000,377808596743,377808758325
84,84,"Agent 1",1,2236,2236,2048,17,"pk_gemm(__half const*, __half const*, __half*, int, int, int)",128,8704,0,208,0,128,"SQ_WAVES",64.000000,377808596743,377808758325
84,84,"Agent 1",1,2236,2236,2048,17,"pk_gemm(__half const*, __half const*, __half*, int, int, int)",128,8704,0,208,0,128,"SQ_WAVE_CYCLES",15307467.000000,377808596743,377808758325
85,85,"Agent 1",1,2236,2236,2048,17,"pk_gemm(__half const*, __half const*, __half*, int, int, int)",128,8704,0,208,0,128,"SQ_BUSY_CYCLES",484022.000000,377808789183,377808951207
85,85,"Agent 1",1,2236,2236,2048,17,"pk_gemm(__half const*, __half const*, __half*, int, int, int)",128,8704,0,208,0,128,"SQ_WAIT_ANY",12343312.000000,377808789183,377808951207
85,85,"Agent 1",1,2236,2236,2048,17,"pk_gemm(__half const*, __half const*, __half*, int, int, int)",128,8704,0,208,0,128,"SQ_WAVES",64.000000,377808789183,377808951207
85,85,"Agent 1",1,2236,2236,2048,17,"pk_gemm(__half const*, __half const*, __half*, int, int, int)",128,8704,0,208,0,128,"SQ_WAVE_CYCLES",15345936.000000,377808789183,377808951207
86,86,"Agent 1",1,2236,2236,2048,17,"pk_gemm(__half const*, __half const*, __half*, int, int, int)",128,8704,0,208,0,128,"SQ_BUSY_CYCLES",481943.000000,377808980461,377809141523
86,86,"Agent 1",1,2236,2236,2048,17,"pk_gemm(__half const*, __half const*, __half*, int, int, int)",128,8704,0,208,0,128,"SQ_WAIT_ANY",12335489.000000,377808980461,377809141523
86,86,"Agent 1",1,2236,2236,2048,17,"pk_gemm(__half const*, __half const*, __half*, int, int, int)",128,8704,0,208,0,128,"SQ_WAVES",64.000000,377808980461,377809141523
86,86,"Agent 1",1,2236,2236,2048,17,"pk_gemm(__half const*, __half const*, __half*, int, int, int)",128,8704,0,208,0,128,"SQ_WAVE_CYCLES",15338113.000000,377808980461,377809141523
87,87,"Agent 1",1,2236,2236,2048,17,"pk_gemm(__half const*, __half const*, __half*, int, int, int)",128,8704,0,208,0,128,"SQ_BUSY_CYCLES",479769.000000,377809170417,377809330837
87,87,"Agent 1",1,2236,2236,2048,17,"pk_gemm(__half const*, __half const*, __half*, int, int, int)",128,8704,0,208,0,128,"SQ_WAIT_ANY",12266211.000000,377809170417,377809330837
87,87,"Agent 1",1,2236,2236,2048,17,"pk_gemm(__half const*, __half const*, __half*, int, int, int)",128,8704,0,208,0,128,"SQ_WAVES",64.000000,377809170417,377809330837
87,87,"Agent 1",1,2236,2236,2048,17,"pk_gemm(__half const*, __half const*, __half*, int, int, int)",128,8704,0,208,0,128,"SQ_WAVE_CYCLES",15268835.000000,377809170417,377809330837
88,88,"Agent 1",1,2236,2236,2048,17,"pk_gemm(__half const*, __half const*, __half*, int, int, int)",128,8704,0,208,0,128,"SQ_BUSY_CYCLES",486388.000000,377809358409,377809520953
88,88,"Agent 1",1,2236,2236,2048,17,"pk_gemm(__half const*, __half const*, __half*, int, int, int)",128,8704,0,208,0,128,"SQ_WAIT_ANY",12440029.000000,377809358409,377809520953
88,88,"Agent 1",1,2236,2236,2048,17,"pk_gemm(__half const*, __half const*, __half*, int, int, int)",128,8704,0,208,0,128,"SQ_WAVES",64.000000,377809358409,377809520953
88,88,"Agent 1",1,2236,2236,2048,17,"pk_gemm(__half const*, __half const*, __half*, int, int, int)",128,8704,0,208,0,128,"SQ_WAVE_CYCLES",15442653.000000,377809358409,377809520953
89,89,"Agent 1",1,2236,2236,2048,17,"pk_gemm(__half const*, __half const*, __half*, int, int, int)",128,8704,0,208,0,128,"SQ_BUSY_CYCLES",483910.000000,377809550328,377809712192
89,89,"Agent 1",1,2236,2236,2048,17,"pk_gemm(__half const*, __half const*, __half*, int, int, int)",128,8704,0,208,0,128,"SQ_WAIT_ANY",12315616.000000,377809550328,377809712192
89,89,"Agent 1",1,2236,2236,2048,17,"pk_gemm(__half const*, __half const*, __half*, int, int, int)",128,8704,0,208,0,128,"SQ_WAVES",64.000000,377809550328,377809712192
89,89,"Agent 1",1,2236,2236,2048,17,"pk_gemm(__half const*, __half const*, __half*, int, int, int)",128,8704,0,208,0,128,"SQ_WAVE_CYCLES",15318240.000000,377809550328,377809712192
90,90,"Agent 1",1,2236,2236,2048,17,"pk_gemm(__half const*, __half const*, __half*, int, int, int)",128,8704,0,208,0,128,"SQ_BUSY_CYCLES",485069.000000,377809741526,377809903871
90,90,"Agent 1",1,2236,2236,2048,17,"pk_gemm(__half const*, __half const*, __half*, int, int, int)",128,8704,0,208,0,128,"SQ_WAIT_ANY",12393138.000000,377809741526,377809903871
90,90,"Agent 1",1,2236,2236,2048,17,"pk_gemm(__half const*, __half const*, __half*, int, int, int)",128,8704,0,208,0,128,"SQ_WAVES",64.000000,377809741526,377809903871
90,90,"Agent 1",1,2236,2236,2048,17,"pk_gemm(__half const*, __half const*, __half*, int, int, int)",128,8704,0,208,0,128,"SQ_WAVE_CYCLES",15395762.000000,377809741526,377809903871
91,91,"Agent 1",1,2236,2236,2048,17,"pk_gemm(__half const*, __half const*, __half*, int, int, int)",128,8704,0,208,0,128,"SQ_BUSY_CYCLES",482472.000000,377809931803,377810093065
91,91,"Agent 1",1,2236,2236,2048,17,"pk_gemm(__half const*, __half const*, __half*, int, int, int)",128,8704,0,208,0,128,"SQ_WAIT_ANY",12354224.000000,377809931803,377810093065
91,91,"Agent 1",1,2236,2236,2048,17,"pk_gemm(__half const*, __half const*, __half*, int, int, int)",128,8704,0,208,0,128,"SQ_WAVES",64.000000,377809931803,377810093065
91,91,"Agent 1",1,2236,2236,2048,17,"pk_gemm(__half const*, __half const*, __half*, int, int, int)",128,8704,0,208,0,128,"SQ_WAVE_CYCLES",15356848.000000,377809931803,377810093065
92,92,"Agent 1",1,2236,2236,2048,17,"pk_gemm(__half const*, __half const*, __half*, int, int, int)",128,8704,0,208,0,128,"SQ_BUSY_CYCLES",481381.000000,377810121278,377810282259
92,92,"Agent 1",1,2236,2236,2048,17,"pk_gemm(__half const*, __half const*, __half*, int, int, int)",128,8704,0,208,0,128,"SQ_WAIT_ANY",12297794.000000,377810121278,377810282259
92,92,"Agent 1",1,2236,2236,2048,17,"pk_gemm(__half const*, __half const*, __half*, int, int, int)",128,8704,0,208,0,128,"SQ_WAVES",64.000000,377810121278,377810282259
92,92,"Agent 1",1,2236,2236,2048,17,"pk_gemm(__half const*, __half const*, __half*, int, int, int)",128,8704,0,208,0,128,"SQ_WAVE_CYCLES",15300418.000000,377810121278,377810282259
93,93,"Agent 1",1,2236,2236,2048,17,"pk_gemm(__half const*, __half const*, __half*, int, int, int)",128,8704,0,208,0,128,"SQ_BUSY_CYCLES",485895.000000,377810311073,377810473617
93,93,"Agent 1",1,2236,2236,2048,17,"pk_gemm(__half const*, __half const*, __half*, int, int, int)",128,8704,0,208,0,128,"SQ_WAIT_ANY",12383401.000000,377810311073,377810473617
93,93,"Agent 1",1,2236,2236,2048,17,"pk_gemm(__half const*, __half const*, __half*, int, int, int)",128,8704,0,208,0,128,"SQ_WAVES",64.000000,377810311073,377810473617
93,93,"Agent 1",1,2236,2236,2048,17,"pk_gemm(__half const*, __half const*, __half*, int, int, int)",128,8704,0,208,0,128,"SQ_WAVE_CYCLES",15386025.000000,377810311073,377810473617
94,94,"Agent 1",1,2236,2236,2048,17,"pk_gemm(__half const*, __half const*, __half*, int, int, int)",128,8704,0,208,0,128,"SQ_BUSY_CYCLES",484431.000000,377810501870,377810663854
94,94,"Agent 1",1,2236,2236,2048,17,"pk_gemm(__half const*, __half const*, __half*, int, int, int)",128,8704,0,208,0,128,"SQ_WAIT_ANY",12345950.000000,377810501870,377810663854
94,94,"Agent 1",1,2236,2236,2048,17,"pk_gemm(__half const*, __half const*, __half*, int, int, int)",128,8704,0,208,0,128,"SQ_WAVES",64.000000,377810501870,377810663854
94,94,"Agent 1",1,2236,2236,2048,17,"pk_gemm(__half const*, __half const*, __half*, int, int, int)",128,8704,0,208,0,128,"SQ_WAVE_CYCLES",15348574.000000,377810501870,377810663854
95,95,"Agent 1",1,2236,2236,2048,17,"pk_gemm(__half const*, __half const*, __half*, int, int, int)",128,8704,0,208,0,128,"SQ_BUSY_CYCLES",485636.000000,377810691826,377810854250
95,95,"Agent 1",1,2236,2236,2048,17,"pk_gemm(__half const*, __half const*, __half*, int, int, int)",128,8704,0,208,0,128,"SQ_WAIT_ANY",12401678.000000,377810691826,377810854250
95,95,"Agent 1",1,2236,2236,2048,17,"pk_gemm(__half const*, __half const*, __half*, int, int, int)",128,8704,0,208,0,128,"SQ_WAVES",64.000000,377810691826,377810854250
95,95,"Agent 1",1,2236,2236,2048,17,"pk_gemm(__half const*, __half const*, __half*, int, int, int)",128,8704,0,208,0,128,"SQ_WAVE_CYCLES",15404302.000000,377810691826,377810854250
96,96,"Agent 1",1,2236,2236,2048,17,"pk_gemm(__half const*, __half const*, __half*, int, int, int)",128,8704,0,208,0,128,"SQ_BUSY_CYCLES",483180.000000,377810883385,377811044927
96,96,"Agent 1",1,2236,2236,2048,17,"pk_gemm(__half const*, __half const*, __half*, int, int, int)",128,8704,0,208,0,128,"SQ_WAIT_ANY",12381464.000000,377810883385,377811044927
96,96,"Agent 1",1,2236,2236,2048,17,"pk_gemm(__half const*, __half const*, __half*, int, int, int)",128,8704,0,208,0,128,"SQ_WAVES",64.000000,377810883385,377811044927
96,96,"Agent 1",1,2236,2236,2048,17,"pk_gemm(__half const*, __half const*, __half*, int, int, int)",128,8704,0,208,0,128,"SQ_WAVE_CYCLES",15384088.000000,377810883385,377811044927
97,97,"Agent 1",1,2236,2236,2048,17,"pk_gemm(__half const*, __half const*, __half*, int, int, int)",128,8704,0,208,0,128,"SQ_BUSY_CYCLES",481956.000000,377811074302,377811235604
97,97,"Agent 1",1,2236,2236,2048,17,"pk_gemm(__half const*, __half const*, __half*, int, int, int)",128,8704,0,208,0,128,"SQ_WAIT_ANY",12312451.000000,377811074302,377811235604
97,97,"Agent 1",1,2236,2236,2048,17,"pk_gemm(__half const*, __half const*, __half*, int, int, int)",128,8704,0,208,0,128,"SQ_WAVES",64.000000,377811074302,377811235604
97,97,"Agent 1",1,2236,2236,2048,17,"pk_gemm(__half const*, __half const*, __half*, int, int, int)",128,8704,0,208,0,128,"SQ_WAVE_CYCLES",15315075.000000,377811074302,377811235604
98,98,"Agent 1",1,2236,2236,2048,17,"pk_gemm(__half const*, __half const*, __half*, int, int, int)",128,8704,0,208,0,128,"SQ_BUSY_CYCLES",486480.000000,377811262895,377811425480
98,98,"Agent 1",1,2236,2236,2048,17,"pk_gemm(__half const*, __half const*, __half*, int, int, int)",128,8704,0,208,0,128,"SQ_WAIT_ANY",12402203.000000,377811262895,377811425480
98,98,"Agent 1",1,2236,2236,2048,17,"pk_gemm(__half const*, __half const*, __half*, int, int, int)",128,8704,0,208,0,128,"SQ_WAVES",64.000000,377811262895,377811425480
98,98,"Agent 1",1,2236,2236,2048,17,"pk_gemm(__half const*, __half const*, __half*, int, int, int)",128,8704,0,208,0,128,"SQ_WAVE_CYCLES",15404827.000000,377811262895,377811425480
99,99,"Agent 1",1,2236,2236,2048,17,"pk_gemm(__half const*, __half const*, __half*, int, int, int)",128,8704,0,208,0,128,"SQ_BUSY_CYCLES",482399.000000,377811453492,377811614754
99,99,"Agent 1",1,2236,2236,2048,17,"pk_gemm(__half const*, __half const*, __half*, int, int, int)",128,8704,0,208,0,128,"SQ_WAIT_ANY",12274330.000000,377811453492,377811614754
99,99,"Agent 1",1,2236,2236,2048,17,"pk_gemm(__half const*, __half const*, __half*, int, int, int)",128,8704,0,208,0,128,"SQ_WAVES",64.000000,377811453492,377811614754
99,99,"Agent 1",1,2236,2236,2048,17,"pk_gemm(__half const*, __half const*, __half*, int, int, int)",128,8704,0,208,0,128,"SQ_WAVE_CYCLES",15276954.000000,377811453492,377811614754
100,100,"Agent 1",1,2236,2236,2048,17,"pk_gemm(__half const*, __half const*, __half*, int, int, int)",128,8704,0,208,0,128,"SQ_BUSY_CYCLES",484131.000000,377811671420,377811833324
100,100,"Agent 1",1,2236,2236,2048,17,"pk_gemm(__half const*, __half const*, __half*, int, int, int)",128,8704,0,208,0,128,"SQ_WAIT_ANY",12369391.000000,377811671420,377811833324
100,100,"Agent 1",1,2236,2236,2048,17,"pk_gemm(__half const*, __half const*, __half*, int, int, int)",128,8704,0,208,0,128,"SQ_WAVES",64.000000,377811671420,377811833324
100,100,"Agent 1",1,2236,2236,2048,17,"pk_gemm(__half const*, __half const*, __half*, int, int, int)",128,8704,0,208,0,128,"SQ_WAVE_CYCLES",15372015.000000,377811671420,377811833324
101,101,"Agent 1",1,2236,2236,2048,17,"pk_gemm(__half const*, __half const*, __half*, int, int, int)",128,8704,0,208,0,128,"SQ_BUSY_CYCLES",483412.000000,377811864783,377812026405
101,101,"Agent 1",1,2236,2236,2048,17,"pk_gemm(__half const*, __half const*, __half*, int, int, int)",128,8704,0,208,0,128,"SQ_WAIT_ANY",12378517.000000,377811864783,377812026405
101,101,"Agent 1",1,2236,2236,2048,17,"pk_gemm(__half const*, __half const*, __half*, int, int, int)",128,8704,0,208,0,128,"SQ_WAVES",64.000000,377811864783,377812026405
101,101,"Agent 1",1,2236,2236,2048,17,"pk_gemm(__half const*, __half const*, __half*, int, int, int)",128,8704,0,208,0,128,"SQ_WAVE_CYCLES",15381141.000000,377811864783,377812026405
102,102,"Agent 1",1,2236,2236,2048,17,"pk_gemm(__half const*, __half const*, __half*, int, int, int)",128,8704,0,208,0,128,"SQ_BUSY_CYCLES",479456.000000,377812056261,377812216601
102,102,"Agent 1",1,2236,2236,2048,17,"pk_gemm(__half const*, __half const*, __half*, int, int, int)",128,8704,0,208,0,128,"SQ_WAIT_ANY",12243768.000000,377812056261,377812216601
102,102,"Agent 1",1,2236,2236,2048,17,"pk_gemm(__half const*, __half const*, __half*, int, int, int)",128,8704,0,208,0,128,"SQ_WAVES",64.000000,377812056261,377812216601
102,102,"Agent 1",1,2236,2236,2048,17,"pk_gemm(__half const*, __half const*, __half*, int, int, int)",128,8704,0,208,0,128,"SQ_WAVE_CYCLES",15246392.000000,377812056261,377812216601
103,103,"Agent 1",1,2236,2236,2048,17,"pk_gemm(__half const*, __half const*, __half*, int, int, int)",128,8704,0,208,0,128,"SQ_BUSY_CYCLES",486133.000000,377812247900,377812410605
103,103,"Agent 1",1,2236,2236,2048,17,"pk_gemm(__half const*, __half const*, __half*, int, int, int)",128,8704,0,208,0,128,"SQ_WAIT_ANY",12433515.000000,377812247900,377812410605
103,103,"Agent 1",1,2236,2236,2048,17,"pk_gemm(__half const*, __half const*, __half*, int, int, int)",128,8704,0,208,0,128,"SQ_WAVES",64.000000,377812247900,377812410605
103,103,"Agent 1",1,2236,2236,2048,17,"pk_gemm(__half const*, __half const*, __half*, int, int, int)",128,8704,0,208,0,128,"SQ_WAVE_CYCLES",15436139.000000,377812247900,377812410605
104,104,"Agent 1",1,2236,2236,2048,17,"pk_gemm(__half const*, __half const*, __half*, int, int, int)",128,8704,0,208,0,128,"SQ_BUSY_CYCLES",484634.000000,377812440220,377812602204
104,104,"Agent 1",1,2236,2236,2048,17,"pk_gemm(__half const*, __half const*, __half*, int, int, int)",128,8704,0,208,0,128,"SQ_WAIT_ANY",12336942.000000,377812440220,377812602204
104,104,"Agent 1",1,2236,2236,2048,17,"pk_gemm(__half const*, __half const*, __half*, int, int, int)",128,8704,0,208,0,128,"SQ_WAVES",64.000000,377812440220,377812602204
104,104,"Agent 1",1,2236,2236,2048,17,"pk_gemm(__half const*, __half const*, __half*, int, int, int)",128,8704,0,208,0,128,"SQ_WAVE_CYCLES",15339566.000000,377812440220,377812602204
105,105,"Agent 1",1,2236,2236,2048,17,"pk_gemm(__half const*, __half const*, __half*, int, int, int)",128,8704,0,208,0,128,"SQ_BUSY_CYCLES",485260.000000,377812633302,377812795606
105,105,"Agent 1",1,2236,2236,2048,17,"pk_gemm(__half const*, __half const*, __half*, int, int, int)",128,8704,0,208,0,128,"SQ_WAIT_ANY",12389616.000000,377812633302,377812795606
105,105,"Agent 1",1,2236,2236,2048,17,"pk_gemm(__half const*, __half const*, __half*, int, int, int)",128,8704,0,208,0,128,"SQ_WAVES",64.000000,377812633302,377812795606
105,105,"Agent 1",1,2236,2236,2048,17,"pk_gemm(__half const*, __half const*, __half*, int, int, int)",128,8704,0,208,0,128,"SQ_WAVE_CYCLES",15392240.000000,377812633302,377812795606
106,106,"Agent 1",1,2236,2236,2048,17,"pk_gemm(__half const*, __half const*, __half*, int, int, int)",128,8704,0,208,0,128,"SQ_BUSY_CYCLES",482412.000000,377812825381,377812986603
106,106,"Agent 1",1,2236,2236,2048,17,"pk_gemm(__half const*, __half const*, __half*, int, int, int)",128,8704,0,208,0,128,"SQ_WAIT_ANY",12335576.000000,377812825381,377812986603
106,106,"Agent 1",1,2236,2236,2048,17,"pk_gemm(__half const*, __half const*, __half*, int, int, int)",128,8704,0,208,0,128,"SQ_WAVES",64.000000,377812825381,377812986603
106,106,"Agent 1",1,2236,2236,2048,17,"pk_gemm(__half const*, __half const*, __half*, int, int, int)",128,8704,0,208,0,128,"SQ_WAVE_CYCLES",15338200.000000,377812825381,377812986603
107,107,"Agent 1",1,2236,2236,2048,17,"pk_gemm(__half const*, __half const*, __half*, int, int, int)",128,8704,0,208,0,128,"SQ_BUSY_CYCLES",481862.000000,377813025677,377813187019
107,107,"Agent 1",1,2236,2236,2048,17,"pk_gemm(__half const*, __half const*, __half*, int, int, int)",128,8704,0,208,0,128,"SQ_WAIT_ANY",12313609.000000,377813025677,377813187019
107,107,"Agent 1",1,2236,2236,2048,17,"pk_gemm(__half const*, __half const*, __half*, int, int, int)",128,8704,0,208,0,128,"SQ_WAVES",64.000000,377813025677,377813187019
107,107,"Agent 1",1,2236,2236,2048,17,"pk_gemm(__half const*, __half const*, __half*, int, int, int)",128,8704,0,208,0,128,"SQ_WAVE_CYCLES",15316233.000000,377813025677,377813187019
108,108,"Agent 1",1,2236,2236,2048,17,"pk_gemm(__half const*, __half const*, __half*, int, int, int)",128,8704,0,208,0,128,"SQ_BUSY_CYCLES",485498.000000,377813215913,377813378177
108,108,"Agent 1",1,2236,2236,2048,17,"pk_gemm(__half const*, __half const*, __half*, int, int, int)",128,8704,0,208,0,128,"SQ_WAIT_ANY",12388134.000000,377813215913,377813378177
108,108,"Agent 1",1,2236,2236,2048,17,"pk_gemm(__half const*, __half const*, __half*, int, int, int)",128,8704,0,208,0,128,"SQ_WAVES",64.000000,377813215913,377813378177
108,108,"Agent 1",1,2236,2236,2048,17,"pk_gemm(__half const*, __half const*, __half*, int, int, int)",128,8704,0,208,0,128,"SQ_WAVE_CYCLES",15390758.000000,377813215913,377813378177
109,109,"Agent 1",1,2236,2236,2048,17,"pk_gemm(__half const*, __half const*, __half*, int, int, int)",128,8704,0,208,0,128,"SQ_BUSY_CYCLES",483501.000000,377813407552,377813569174
109,109,"Agent 1",1,2236,2236,2048,17,"pk_gemm(__half const*, __half const*, __half*, int, int, int)",128,8704,0,208,0,128,"SQ_WAIT_ANY",12302327.000000,377813407552,377813569174
109,109,"Agent 1",1,2236,2236,2048,17,"pk_gemm(__half const*, __half const*, __half*, int, int, int)",128,8704,0,208,0,128,"SQ_WAVES",64.000000,377813407552,377813569174
109,109,"Agent 1",1,2236,2236,2048,17,"pk_gemm(__half const*, __half const*, __half*, int, int, int)",128,8704,0,208,0,128,"SQ_WAVE_CYCLES",15304951.000000,377813407552,377813569174
110,110,"Agent 1",1,2236,2236,2048,17,"pk_gemm(__half const*, __half const*, __half*, int, int, int)",128,8704,0,208,0,128,"SQ_BUSY_CYCLES",484026.000000,377813598990,377813760973
110,110,"Agent 1",1,2236,2236,2048,17,"pk_gemm(__half const*, __half const*, __half*, int, int, int)",128,8704,0,208,0,128,"SQ_WAIT_ANY",12347721.000000,377813598990,377813760973
110,110,"Agent 1",1,2236,2236,2048,17,"pk_gemm(__half const*, __half const*, __half*, int, int, int)",128,8704,0,208,0,128,"SQ_WAVES",64.000000,377813598990,377813760973
110,110,"Agent 1",1,2236,2236,2048,17,"pk_gemm(__half const*, __half const*, __half*, int, int, int)",128,8704,0,208,0,128,"SQ_WAVE_CYCLES",15350345.000000,377813598990,377813760973
111,111,"Agent 1",1,2236,2236,2048,17,"pk_gemm(__half const*, __half const*, __half*, int, int, int)",128,8704,0,208,0,128,"SQ_BUSY_CYCLES",484001.000000,377813789026,377813951009
111,111,"Agent 1",1,2236,2236,2048,17,"pk_gemm(__half const*, __half const*, __half*, int, int, int)",128,8704,0,208,0,128,"SQ_WAIT_ANY",12386577.000000,377813789026,377813951009
111,111,"Agent 1",1,2236,2236,2048,17,"pk_gemm(__half const*, __half const*, __half*, int, int, int)",128,8704,0,208,0,128,"SQ_WAVES",64.000000,377813789026,377813951009
111,111,"Agent 1",1,2236,2236,2048,17,"pk_gemm(__half const*, __half const*, __half*, int, int, int)",128,8704,0,208,0,128,"SQ_WAVE_CYCLES",15389201.000000,377813789026,377813951009
112,112,"Agent 1",1,2236,2236,2048,17,"pk_gemm(__half const*, __half const*, __half*, int, int, int)",128,8704,0,208,0,128,"SQ_BUSY_CYCLES",479112.000000,377813982508,377814142808
112,112,"Agent 1",1,2236,2236,2048,17,"pk_gemm(__half const*, __half const*, __half*, int, int, int)",128,8704,0,208,0,128,"SQ_WAIT_ANY",12227769.000000,377813982508,377814142808
112,112,"Agent 1",1,2236,2236,2048,17,"pk_gemm(__half const*, __half const*, __half*, int, int, int)",128,8704,0,208,0,128,"SQ_WAVES",64.000000,377813982508,377814142808
112,112,"Agent 1",1,2236,2236,2048,17,"pk_gemm(__half const*, __half const*, __half*, int, int, int)",128,8704,0,208,0,128,"SQ_WAVE_CYCLES",15230393.000000,377813982508,377814142808
113,113,"Agent 1",1,2236,2236,2048,17,"pk_gemm(__half const*, __half const*, __half*, int, int, int)",128,8704,0,208,0,128,"SQ_BUSY_CYCLES",485657.000000,377814171502,377814333806
113,113,"Agent 1",1,2236,2236,2048,17,"pk_gemm(__half const*, __half const*, __half*, int, int, int)",128,8704,0,208,0,128,"SQ_WAIT_ANY",12422113.000000,377814171502,377814333806
113,113,"Agent 1",1,2236,2236,2048,17,"pk_gemm(__half const*, __half const*, __half*, int, int, int)",128,8704,0,208,0,128,"SQ_WAVES",64.000000,377814171502,377814333806
113,113,"Agent 1",1,2236,2236,2048,17,"pk_gemm(__half const*, __half const*, __half*, int, int, int)",128,8704,0,208,0,128,"SQ_WAVE_CYCLES",15424737.000000,377814171502,377814333806
114,114,"Agent 1",1,2236,2236,2048,17,"pk_gemm(__half const*, __half const*, __half*, int, int, int)",128,8704,0,208,0,128,"SQ_BUSY_CYCLES",483420.000000,377814365586,377814527168
114,114,"Agent 1",1,2236,2236,2048,17,"pk_gemm(__half const*, __half const*, __half*, int, int, int)",128,8704,0,208,0,128,"SQ_WAIT_ANY",12293322.000000,377814365586,377814527168
114,114,"Agent 1",1,2236,2236,2048,17,"pk_gemm(__half const*, __half const*, __half*, int, int, int)",128,8704,0,208,0,128,"SQ_WAVES",64.000000,377814365586,377814527168
114,114,"Agent 1",1,2236,2236,2048,17,"pk_gemm(__half const*, __half const*, __half*, int, int, int)",128,8704,0,208,0,128,"SQ_WAVE_CYCLES",15295946.000000,377814365586,377814527168
115,115,"Agent 1",1,2236,2236,2048,17,"pk_gemm(__half const*, __half const*, __half*, int, int, int)",128,8704,0,208,0,128,"SQ_BUSY_CYCLES",483243.000000,377814557265,377814719128
115,115,"Agent 1",1,2236,2236,2048,17,"pk_gemm(__half const*, __half const*, __half*, int, int, int)",128,8704,0,208,0,128,"SQ_WAIT_ANY",12346819.000000,377814557265,377814719128
115,115,"Agent 1",1,2236,2236,2048,17,"pk_gemm(__half const*, __half const*, __half*, int, int, int)",128,8704,0,208,0,128,"SQ_WAVES",64.000000,377814557265,377814719128
115,115,"Agent 1",1,2236,2236,2048,17,"pk_gemm(__half const*, __half const*, __half*, int, int, int)",128,8704,0,208,0,128,"SQ_WAVE_CYCLES",15349443.000000,377814557265,377814719128
116,116,"Agent 1",1,2236,2236,2048,17,"pk_gemm(__half const*, __half const*, __half*, int, int, int)",128,8704,0,208,0,128,"SQ_BUSY_CYCLES",483417.000000,377814748543,377814910125
116,116,"Agent 1",1,2236,2236,2048,17,"pk_gemm(__half const*, __half const*, __half*, int, int, int)",128,8704,0,208,0,128,"SQ_WAIT_ANY",12372774.000000,377814748543,377814910125
116,116,"Agent 1",1,2236,2236,2048,17,"pk_gemm(__half const*, __half const*, __half*, int, int, int)",128,8704,0,208,0,128,"SQ_WAVES",64.000000,377814748543,377814910125
116,116,"Agent 1",1,2236,2236,2048,17,"pk_gemm(__half const*, __half const*, __half*, int, int, int)",128,8704,0,208,0,128,"SQ_WAVE_CYCLES",15375398.000000,377814748543,377814910125
117,117,"Agent 1",1,2236,2236,2048,17,"pk_gemm(__half const*, __half const*, __half*, int, int, int)",128,8704,0,208,0,128,"SQ_BUSY_CYCLES",480601.000000,377814940422,377815101203
117,117,"Agent 1",1,2236,2236,2048,17,"pk_gemm(__half const*, __half const*, __half*, int, int, int)",128,8704,0,208,0,128,"SQ_WAIT_ANY",12277214.000000,377814940422,377815101203
117,117,"Agent 1",1,2236,2236,2048,17,"pk_gemm(__half const*, __half const*, __half*, int, int, int)",128,8704,0,208,0,128,"SQ_WAVES",64.000000,377814940422,377815101203
117,117,"Agent 1",1,2236,2236,2048,17,"pk_gemm(__half const*, __half const*, __half*, int, int, int)",128,8704,0,208,0,128,"SQ_WAVE_CYCLES",15279838.000000,377814940422,377815101203
118,118,"Agent 1",1,2236,2236,2048,17,"pk_gemm(__half const*, __half const*, __half*, int, int, int)",128,8704,0,208,0,128,"SQ_BUSY_CYCLES",485959.000000,377815131901,377815294365
118,118,"Agent 1",1,2236,2236,2048,17,"pk_gemm(__half const*, __half const*, __half*, int, int, int)",128,8704,0,208,0,128,"SQ_WAIT_ANY",12429832.000000,377815131901,377815294365
118,118,"Agent 1",1,2236,2236,2048,17,"pk_gemm(__half const*, __half const*, __half*, int, int, int)",128,8704,0,208,0,128,"SQ_WAVES",64.000000,377815131901,377815294365
118,118,"Agent 1",1,2236,2236,2048,17,"pk_gemm(__half const*, __half const*, __half*, int, int, int)",128,8704,0,208,0,128,"SQ_WAVE_CYCLES",15432456.000000,377815131901,377815294365
119,119,"Agent 1",1,2236,2236,2048,17,"pk_gemm(__half const*, __half const*, __half*, int, int, int)",128,8704,0,208,0,128,"SQ_BUSY_CYCLES",483779.000000,377815324862,377815486725
119,119,"Agent 1",1,2236,2236,2048,17,"pk_gemm(__half const*, __half const*, __half*, int, int, int)",128,8704,0,208,0,128,"SQ_WAIT_ANY",12306834.000000,377815324862,377815486725
119,119,"Agent 1",1,2236,2236,2048,17,"pk_gemm(__half const*, __half const*, __half*, int, int, int)",128,8704,0,208,0,128,"SQ_WAVES",64.000000,377815324862,377815486725
119,119,"Agent 1",1,2236,2236,2048,17,"pk_gemm(__half const*, __half const*, __half*, int, int, int)",128,8704,0,208,0,128,"SQ_WAVE_CYCLES",15309458.000000,377815324862,377815486725
120,120,"Agent 1",1,2236,2236,2048,17,"pk_gemm(__half const*, __half const*, __half*, int, int, int)",128,8704,0,208,0,128,"SQ_BUSY_CYCLES",484122.000000,377815516461,377815678444
120,120,"Agent 1",1,2236,2236,2048,17,"pk_gemm(__half const*, __half const*, __half*, int, int, int)",128,8704,0,208,0,128,"SQ_WAIT_ANY",12365751.000000,377815516461,377815678444
120,120,"Agent 1",1,2236,2236,2048,17,"pk_gemm(__half const*, __half const*, __half*, int, int, int)",128,8704,0,208,0,128,"SQ_WAVES",64.000000,377815516461,377815678444
120,120,"Agent 1",1,2236,2236,2048,17,"pk_gemm(__half const*, __half const*, __half*, int, int, int)",128,8704,0,208,0,128,"SQ_WAVE_CYCLES",15368375.000000,377815516461,377815678444
121,121,"Agent 1",1,2236,2236,2048,17,"pk_gemm(__half const*, __half const*, __half*, int, int, int)",128,8704,0,208,0,128,"SQ_BUSY_CYCLES",482844.000000,377815706336,377815867759
121,121,"Agent 1",1,2236,2236,2048,17,"pk_gemm(__half const*, __half const*, __half*, int, int, int)",128,8704,0,208,0,128,"SQ_WAIT_ANY",12374015.000000,377815706336,377815867759
121,121,"Agent 1",1,2236,2236,2048,17,"pk_gemm(__half const*, __half const*, __half*, int, int, int)",128,8704,0,208,0,128,"SQ_WAVES",64.000000,377815706336,377815867759
121,121,"Agent 1",1,2236,2236,2048,17,"pk_gemm(__half const*, __half const*, __half*, int, int, int)",128,8704,0,208,0,128,"SQ_WAVE_CYCLES",15376639.000000,377815706336,377815867759
122,122,"Agent 1",1,2236,2236,2048,17,"pk_gemm(__half const*, __half const*, __half*, int, int, int)",128,8704,0,208,0,128,"SQ_BUSY_CYCLES",479903.000000,377815896212,377816056713
122,122,"Agent 1",1,2236,2236,2048,17,"pk_gemm(__half const*, __half const*, __half*, int, int, int)",128,8704,0,208,0,128,"SQ_WAIT_ANY",12259100.000000,377815896212,377816056713
122,122,"Agent 1",1,2236,2236,2048,17,"pk_gemm(__half const*, __half const*, __half*, int, int, int)",128,8704,0,208,0,128,"SQ_WAVES",64.000000,377815896212,377816056713
122,122,"Agent 1",1,2236,2236,2048,17,"pk_gemm(__half const*, __half const*, __half*, int, int, int)",128,8704,0,208,0,128,"SQ_WAVE_CYCLES",15261724.000000,377815896212,377816056713
123,123,"Agent 1",1,2236,2236,2048,17,"pk_gemm(__half const*, __half const*, __half*, int, int, int)",128,8704,0,208,0,128,"SQ_BUSY_CYCLES",484607.000000,377816085326,377816247470
123,123,"Agent 1",1,2236,2236,2048,17,"pk_gemm(__half const*, __half const*, __half*, int, int, int)",128,8704,0,208,0,128,"SQ_WAIT_ANY",12374911.000000,377816085326,377816247470
123,123,"Agent 1",1,2236,2236,2048,17,"pk_gemm(__half const*, __half const*, __half*, int, int, int)",128,8704,0,208,0,128,"SQ_WAVES",64.000000,377816085326,377816247470
123,123,"Agent 1",1,2236,2236,2048,17,"pk_gemm(__half const*, __half const*, __half*, int, int, int)",128,8704,0,208,0,128,"SQ_WAVE_CYCLES",15377535.000000,377816085326,377816247470
124,124,"Agent 1",1,2236,2236,2048,17,"pk_gemm(__half const*, __half const*, __half*, int, int, int)",128,8704,0,208,0,128,"SQ_BUSY_CYCLES",483809.000000,377816274360,377816436103
124,124,"Agent 1",1,2236,2236,2048,17,"pk_gemm(__half const*, __half const*, __half*, int, int, int)",128,8704,0,208,0,128,"SQ_WAIT_ANY",12317501.000000,377816274360,377816436103
124,124,"Agent 1",1,2236,2236,2048,17,"pk_gemm(__half const*, __half const*, __half*, int, int, int)",128,8704,0,208,0,128,"SQ_WAVES",64.000000,377816274360,377816436103
124,124,"Agent 1",1,2236,2236,2048,17,"pk_gemm(__half const*, __half const*, __half*, int, int, int)",128,8704,0,208,0,128,"SQ_WAVE_CYCLES",15320125.000000,377816274360,377816436103
125,125,"Agent 1",1,2236,2236,2048,17,"pk_gemm(__half const*, __half const*, __half*, int, int, int)",128,8704,0,208,0,128,"SQ_BUSY_CYCLES",483360.000000,377816463594,377816625458
125,125,"Agent 1",1,2236,2236,2048,17,"pk_gemm(__half const*, __half const*, __half*, int, int, int)",128,8704,0,208,0,128,"SQ_WAIT_ANY",12367127.000000,377816463594,377816625458
125,125,"Agent 1",1,2236,2236,2048,17,"pk_gemm(__half const*, __half const*, __half*, int, int, int)",128,8704,0,208,0,128,"SQ_WAVES",64.000000,377816463594,377816625458
125,125,"Agent 1",1,2236,2236,2048,17,"pk_gemm(__half const*, __half const*, __half*, int, int, int)",128,8704,0,208,0,128,"SQ_WAVE_CYCLES",15369751.000000,377816463594,377816625458
126,126,"Agent 1",1,2236,2236,2048,17,"pk_gemm(__half const*, __half const*, __half*, int, int, int)",128,8704,0,208,0,128,"SQ_BUSY_CYCLES",484476.000000,377816654272,377816816215
126,126,"Agent 1",1,2236,2236,2048,17,"pk_gemm(__half const*, __half const*, __half*, int, int, int)",128,8704,0,208,0,128,"SQ_WAIT_ANY",12409374.000000,377816654272,377816816215
126,126,"Agent 1",1,2236,2236,2048,17,"pk_gemm(__half const*, __half const*, __half*, int, int, int)",128,8704,0,208,0,128,"SQ_WAVES",64.000000,377816654272,377816816215
126,126,"Agent 1",1,2236,2236,2048,17,"pk_gemm(__half const*, __half const*, __half*, int, int, int)",128,8704,0,208,0,128,"SQ_WAVE_CYCLES",15411998.000000,377816654272,377816816215
127,127,"Agent 1",1,2236,2236,2048,17,"pk_gemm(__half const*, __half const*, __half*, int, int, int)",128,8704,0,208,0,128,"SQ_BUSY_CYCLES",480305.000000,377816844067,377817004888
127,127,"Agent 1",1,2236,2236,2048,17,"pk_gemm(__half const*, __half const*, __half*, int, int, int)",128,8704,0,208,0,128,"SQ_WAIT_ANY",12266460.000000,377816844067,377817004888
127,127,"Agent 1",1,2236,2236,2048,17,"pk_gemm(__half const*, __half const*, __half*, int, int, int)",128,8704,0,208,0,128,"SQ_WAVES",64.000000,377816844067,377817004888
127,127,"Agent 1",1,2236,2236,2048,17,"pk_gemm(__half const*, __half const*, __half*, int, int, int)",128,8704,0,208,0,128,"SQ_WAVE_CYCLES",15269084.000000,377816844067,377817004888
128,128,"Agent 1",1,2236,2236,2048,17,"pk_gemm(__half const*, __half const*, __half*, int, int, int)",128,8704,0,208,0,128,"SQ_BUSY_CYCLES",486354.000000,377817032380,377817194964
128,128,"Agent 1",1,2236,2236,2048,17,"pk_gemm(__half const*, __half const*, __half*, int, int, int)",128,8704,0,208,0,128,"SQ_WAIT_ANY",12411202.000000,377817032380,377817194964
128,128,"Agent 1",1,2236,2236,2048,17,"pk_gemm(__half const*, __half const*, __half*, int, int, int)",128,8704,0,208,0,128,"SQ_WAVES",64.000000,377817032380,377817194964
128,128,"Agent 1",1,2236,2236,2048,17,"pk_gemm(__half const*, __half const*, __half*, int, int, int)",128,8704,0,208,0,128,"SQ_WAVE_CYCLES",15413826.000000,377817032380,377817194964
129,129,"Agent 1",1,2236,2236,2048,17,"pk_gemm(__half const*, __half const*, __half*, int, int, int)",128,8704,0,208,0,128,"SQ_BUSY_CYCLES",485230.000000,377817222977,377817385200
129,129,"Agent 1",1,2236,2236,2048,17,"pk_gemm(__half const*, __half const*, __half*, int, int, int)",128,8704,0,208,0,128,"SQ_WAIT_ANY",12351106.000000,377817222977,377817385200
129,129,"Agent 1",1,2236,2236,2048,17,"pk_gemm(__half const*, __half const*, __half*, int, int, int)",128,8704,0,208,0,128,"SQ_WAVES",64.000000,377817222977,377817385200
129,129,"Agent 1",1,2236,2236,2048,17,"pk_gemm(__half const*, __half const*, __half*, int, int, int)",128,8704,0,208,0,128,"SQ_WAVE_CYCLES",15353730.000000,377817222977,377817385200
130,130,"Agent 1",1,2236,2236,8192,17,"pk_gemm(__half const*, __half const*, __half*, int, int, int)",128,8704,0,208,0,128,"SQ_BUSY_CYCLES",1509901.000000,377844752466,377845262861
130,130,"Agent 1",1,2236,2236,8192,17,"pk_gemm(__half const*, __half const*, __half*, int, int, int)",128,8704,0,208,0,128,"SQ_WAIT_ANY",150544191.000000,377844752466,377845262861
130,130,"Agent 1",1,2236,2236,8192,17,"pk_gemm(__half const*, __half const*, __half*, int, int, int)",128,8704,0,208,0,128,"SQ_WAVES",256.000000,377844752466,377845262861
130,130,"Agent 1",1,2236,2236,8192,17,"pk_gemm(__half const*, __half const*, __half*, int, int, int)",128,8704,0,208,0,128,"SQ_WAVE_CYCLES",178679821.000000,377844752466,377845262861
131,131,"Agent 1",1,2236,2236,8192,17,"pk_gemm(__half const*, __half const*, __half*, int, int, int)",128,8704,0,208,0,128,"SQ_BUSY_CYCLES",1542174.000000,377845296964,377845813811
131,131,"Agent 1",1,2236,2236,8192,17,"pk_gemm(__half const*, __half const*, __half*, int, int, int)",128,8704,0,208,0,128,"SQ_WAIT_ANY",157869797.000000,377845296964,377845813811
131,131,"Agent 1",1,2236,2236,8192,17,"pk_gemm(__half const*, __half const*, __half*, int, int, int)",128,8704,0,208,0,128,"SQ_WAVES",256.000000,377845296964,377845813811
131,131,"Agent 1",1,2236,2236,8192,17,"pk_gemm(__half const*, __half const*, __half*, int, int, int)",128,8704,0,208,0,128,"SQ_WAVE_CYCLES",186025119.000000,377845296964,377845813811
132,132,"Agent 1",1,2236,2236,8192,17,"pk_gemm(__half const*, __half const*, __half*, int, int, int)",128,8704,0,208,0,128,"SQ_BUSY_CYCLES",1441718.000000,377845844628,377846329696
132,132,"Agent 1",1,2236,2236,8192,17,"pk_gemm(__half const*, __half const*, __half*, int, int, int)",128,8704,0,208,0,128,"SQ_WAIT_ANY",141645164.000000,377845844628,377846329696
132,132,"Agent 1",1,2236,2236,8192,17,"pk_gemm(__half const*, __half const*, __half*, int, int, int)",128,8704,0,208,0,128,"SQ_WAVES",256.000000,377845844628,377846329696
132,132,"Agent 1",1,2236,2236,8192,17,"pk_gemm(__half const*, __half const*, __half*, int, int, int)",128,8704,0,208,0,128,"SQ_WAVE_CYCLES",170334177.000000,377845844628,377846329696
133,133,"Agent 1",1,2236,2236,8192,17,"pk_gemm(__half const*, __half const*, __half*, int, int, int)",128,8704,0,208,0,128,"SQ_BUSY_CYCLES",1501319.000000,377846361075,377846864978
133,133,"Agent 1",1,2236,2236,8192,17,"pk_gemm(__half const*, __half const*, __half*, int, int, int)",128,8704,0,208,0,128,"SQ_WAIT_ANY",150716351.000000,377846361075,377846864978
133,133,"Agent 1",1,2236,2236,8192,17,"pk_gemm(__half const*, __half const*, __half*, int, int, int)",128,8704,0,208,0,128,"SQ_WAVES",256.000000,377846361075,377846864978
133,133,"Agent 1",1,2236,2236,8192,17,"pk_gemm(__half const*, __half const*, __half*, int, int, int)",128,8704,0,208,0,128,"SQ_WAVE_CYCLES",178736117.000000,377846361075,377846864978
134,134,"Agent 1",1,2236,2236,8192,17,"pk_gemm(__half const*, __half const*, __half*, int, int, int)",128,8704,0,208,0,128,"SQ_BUSY_CYCLES",1496080.000000,377846895354,377847395771
134,134,"Agent 1",1,2236,2236,8192,17,"pk_gemm(__half const*, __half const*, __half*, int, int, int)",128,8704,0,208,0,128,"SQ_WAIT_ANY",149507017.000000,377846895354,377847395771
134,134,"Agent 1",1,2236,2236,8192,17,"pk_gemm(__half const*, __half const*, __half*, int, int, int)",128,8704,0,208,0,128,"SQ_WAVES",256.000000,377846895354,377847395771
134,134,"Agent 1",1,2236,2236,8192,17,"pk_gemm(__half const*, __half const*, __half*, int, int, int)",128,8704,0,208,0,128,"SQ_WAVE_CYCLES",178103817.000000,377846895354,377847395771
135,135,"Agent 1",1,2236,2236,8192,17,"pk_gemm(__half const*, __half const*, __half*, int, int, int)",128,8704,0,208,0,128,"SQ_BUSY_CYCLES",1438927.000000,377847427470,377847912097
135,135,"Agent 1",1,2236,2236,8192,17,"pk_gemm(__half const*, __half const*, __half*, int, int, int)",128,8704,0,208,0,128,"SQ_WAIT_ANY",142426803.000000,377847427470,377847912097
135,135,"Agent 1",1,2236,2236,8192,17,"pk_gemm(__half const*, __half const*, __half*, int, int, int)",128,8704,0,208,0,128,"SQ_WAVES",256.000000,377847427470,377847912097
135,135,"Agent 1",1,2236,2236,8192,17,"pk_gemm(__half const*, __half const*, __half*, int, int, int)",128,8704,0,208,0,128,"SQ_WAVE_CYCLES",170687436.000000,377847427470,377847912097
136,136,"Agent 1",1,2236,2236,8192,17,"pk_gemm(__half const*, __half const*, __half*, int, int, int)",128,8704,0,208,0,128,"SQ_BUSY_CYCLES",1473430.000000,377847944678,377848439484
136,136,"Agent 1",1,2236,2236,8192,17,"pk_gemm(__half const*, __half const*, __half*, int, int, int)",128,8704,0,208,0,128,"SQ_WAIT_ANY",148183350.000000,377847944678,377848439484
136,136,"Agent 1",1,2236,2236,8192,17,"pk_gemm(__half const*, __half const*, __half*, int, int, int)",128,8704,0,208,0,128,"SQ_WAVES",256.000000,377847944678,377848439484
136,136,"Agent 1",1,2236,2236,8192,17,"pk_gemm(__half const*, __half const*, __half*, int, int, int)",128,8704,0,208,0,128,"SQ_WAVE_CYCLES",176559080.000000,377847944678,377848439484
137,137,"Agent 1",1,2236,2236,8192,17,"pk_gemm(__half const*, __half const*, __half*, int, int, int)",128,8704,0,208,0,128,"SQ_BUSY_CYCLES",1469817.000000,377848469941,377848966069
137,137,"Agent 1",1,2236,2236,8192,17,"pk_gemm(__half const*, __half const*, __half*, int, int, int)",128,8704,0,208,0,128,"SQ_WAIT_ANY",146256688.000000,377848469941,377848966069
137,137,"Agent 1",1,2236,2236,8192,17,"pk_gemm(__half const*, __half const*, __half*, int, int, int)",128,8704,0,208,0,128,"SQ_WAVES",256.000000,377848469941,377848966069
137,137,"Agent 1",1,2236,2236,8192,17,"pk_gemm(__half const*, __half const*, __half*, int, int, int)",128,8704,0,208,0,128,"SQ_WAVE_CYCLES",174751268.000000,377848469941,377848966069
138,138,"Agent 1",1,2236,2236,8192,17,"pk_gemm(__half const*, __half const*, __half*, int, int, int)",128,8704,0,208,0,128,"SQ_BUSY_CYCLES",1514735.000000,377849027784,377849537218
138,138,"Agent 1",1,2236,2236,8192,17,"pk_gemm(__half const*, __half const*, __half*, int, int, int)",128,8704,0,208,0,128,"SQ_WAIT_ANY",153268037.000000,377849027784,377849537218
138,138,"Agent 1",1,2236,2236,8192,17,"pk_gemm(__half const*, __half const*, __half*, int, int, int)",128,8704,0,208,0,128,"SQ_WAVES",256.000000,377849027784,377849537218
138,138,"Agent 1",1,2236,2236,8192,17,"pk_gemm(__half const*, __half const*, __half*, int, int, int)",128,8704,0,208,0,128,"SQ_WAVE_CYCLES",181335469.000000,377849027784,377849537218
139,139,"Agent 1",1,2236,2236,8192,17,"pk_gemm(__half const*, __half const*, __half*, int, int, int)",128,8704,0,208,0,128,"SQ_BUSY_CYCLES",1955494.000000,377849572403,377850294955
139,139,"Agent 1",1,2236,2236,8192,17,"pk_gemm(__half const*, __half const*, __half*, int, int, int)",128,8704,0,208,0,128,"SQ_WAIT_ANY",191071194.000000,377849572403,377850294955
139,139,"Agent 1",1,2236,2236,8192,17,"pk_gemm(__half const*, __half const*, __half*, int, int, int)",128,8704,0,208,0,128,"SQ_WAVES",860.000000,377849572403,377850294955
139,139,"Agent 1",1,2236,2236,8192,17,"pk_gemm(__half const*, __half const*, __half*, int, int, int)",128,8704,0,208,0,128,"SQ_WAVE_CYCLES",222762405.000000,377849572403,377850294955
140,140,"Agent 1",1,2236,2236,8192,17,"pk_gemm(__half const*, __half const*, __half*, int, int, int)",128,8704,0,208,0,128,"SQ_BUSY_CYCLES",1491939.000000,377850360398,377850863539
140,140,"Agent 1",1,2236,2236,8192,17,"pk_gemm(__half const*, __half const*, __half*, int, int, int)",128,8704,0,208,0,128,"SQ_WAIT_ANY",148663372.000000,377850360398,377850863539
140,140,"Agent 1",1,2236,2236,8192,17,"pk_gemm(__half const*, __half const*, __half*, int, int, int)",128,8704,0,208,0,128,"SQ_WAVES",256.000000,377850360398,377850863539
140,140,"Agent 1",1,2236,2236,8192,17,"pk_gemm(__half const*, __half const*, __half*, int, int, int)",128,8704,0,208,0,128,"SQ_WAVE_CYCLES",177006495.000000,377850360398,377850863539
141,141,"Agent 1",1,2236,2236,8192,17,"pk_gemm(__half const*, __half const*, __half*, int, int, int)",128,8704,0,208,0,128,"SQ_BUSY_CYCLES",1476528.000000,377850898445,377851394653
141,141,"Agent 1",1,2236,2236,8192,17,"pk_gemm(__half const*, __half const*, __half*, int, int, int)",128,8704,0,208,0,128,"SQ_WAIT_ANY",145922196.000000,377850898445,377851394653
141,141,"Agent 1",1,2236,2236,8192,17,"pk_gemm(__half const*, __half const*, __half*, int, int, int)",128,8704,0,208,0,128,"SQ_WAVES",256.000000,377850898445,377851394653
141,141,"Agent 1",1,2236,2236,8192,17,"pk_gemm(__half const*, __half const*, __half*, int, int, int)",128,8704,0,208,0,128,"SQ_WAVE_CYCLES",174389623.000000,377850898445,377851394653
142,142,"Agent 1",1,2236,2236,8192,17,"pk_gemm(__half const*, __half const*, __half*, int, int, int)",128,8704,0,208,0,128,"SQ_BUSY_CYCLES",1479667.000000,377851430881,377851925807
142,142,"Agent 1",1,2236,2236,8192,17,"pk_gemm(__half const*, __half const*, __half*, int, int, int)",128,8704,0,208,0,128,"SQ_WAIT_ANY",147754818.000000,377851430881,377851925807
142,142,"Agent 1",1,2236,2236,8192,17,"pk_gemm(__half const*, __half const*, __half*, int, int, int)",128,8704,0,208,0,128,"SQ_WAVES",256.000000,377851430881,377851925807
142,142,"Agent 1",1,2236,2236,8192,17,"pk_gemm(__half const*, __half const*, __half*, int, int, int)",128,8704,0,208,0,128,"SQ_WAVE_CYCLES",176114980.000000,377851430881,377851925807
143,143,"Agent 1",1,2236,2236,8192,17,"pk_gemm(__half const*, __half const*, __half*, int, int, int)",128,8704,0,208,0,128,"SQ_BUSY_CYCLES",1543719.000000,377851962195,377852478241
143,143,"Agent 1",1,2236,2236,8192,17,"pk_gemm(__half const*, __half const*, __half*, int, int, int)",128,8704,0,208,0,128,"SQ_WAIT_ANY",153529458.000000,377851962195,377852478241
143,143,"Agent 1",1,2236,2236,8192,17,"pk_gemm(__half const*, __half const*, __half*, int, int, int)",128,8704,0,208,0,128,"SQ_WAVES",256.000000,377851962195,377852478241
143,143,"Agent 1",1,2236,2236,8192,17,"pk_gemm(__half const*, __half const*, __half*, int, int, int)",128,8704,0,208,0,128,"SQ_WAVE_CYCLES",181509322.000000,377851962195,377852478241
144,144,"Agent 1",1,2236,2236,8192,17,"pk_gemm(__half const*, __half const*, __half*, int, int, int)",128,8704,0,208,0,128,"SQ_BUSY_CYCLES",1455135.000000,377852513988,377853003263
144,144,"Agent 1",1,2236,2236,8192,17,"pk_gemm(__half const*, __half const*, __half*, int, int, int)",128,8704,0,208,0,128,"SQ_WAIT_ANY",142948384.000000,377852513988,377853003263
144,144,"Agent 1",1,2236,2236,8192,17,"pk_gemm(__half const*, __half const*, __half*, int, int, int)",128,8704,0,208,0,128,"SQ_WAVES",256.000000,377852513988,377853003263
144,144,"Agent 1",1,2236,2236,8192,17,"pk_gemm(__half const*, __half const*, __half*, int, int, int)",128,8704,0,208,0,128,"SQ_WAVE_CYCLES",171377294.000000,377852513988,377853003263
145,145,"Agent 1",1,2236,2236,8192,17,"pk_gemm(__half const*, __half const*, __half*, int, int, int)",128,8704,0,208,0,128,"SQ_BUSY_CYCLES",1442232.000000,377853038208,377853522114
145,145,"Agent 1",1,2236,2236,8192,17,"pk_gemm(__half const*, __half const*, __half*, int, int, int)",128,8704,0,208,0,128,"SQ_WAIT_ANY",143112978.000000,377853038208,377853522114
145,145,"Agent 1",1,2236,2236,8192,17,"pk_gemm(__half const*, __half const*, __half*, int, int, int)",128,8704,0,208,0,128,"SQ_WAVES",256.000000,377853038208,377853522114
145,145,"Agent 1",1,2236,2236,8192,17,"pk_gemm(__half const*, __half const*, __half*, int, int, int)",128,8704,0,208,0,128,"SQ_WAVE_CYCLES",171621791.000000,377853038208,377853522114
146,146,"Agent 1",1,2236,2236,8192,17,"pk_gemm(__half const*, __half const*, __half*, int, int, int)",128,8704,0,208,0,128,"SQ_BUSY_CYCLES",1494770.000000,377853557220,377854057195
146,146,"Agent 1",1,2236,2236,8192,17,"pk_gemm(__half const*, __half const*, __half*, int, int, int)",128,8704,0,208,0,128,"SQ_WAIT_ANY",147955401.000000,377853557220,377854057195
146,146,"Agent 1",1,2236,2236,8192,17,"pk_gemm(__half const*, __half const*, __half*, int, int, int)",128,8704,0,208,0,128,"SQ_WAVES",256.000000,377853557220,377854057195
146,146,"Agent 1",1,2236,2236,8192,17,"pk_gemm(__half const*, __half const*, __half*, int, int, int)",128,8704,0,208,0,128,"SQ_WAVE_CYCLES",176225437.000000,377853557220,377854057195
147,147,"Agent 1",1,2236,2236,8192,17,"pk_gemm(__half const*, __half const*, __half*, int, int, int)",128,8704,0,208,0,128,"SQ_BUSY_CYCLES",1488444.000000,377854090217,377854589952
147,147,"Agent 1",1,2236,2236,8192,17,"pk_gemm(__half const*, __half const*, __half*, int, int, int)",128,8704,0,208,0,128,"SQ_WAIT_ANY",149062574.000000,377854090217,377854589952
147,147,"Agent 1",1,2236,2236,8192,17,"pk_gemm(__half const*, __half const*, __half*, int, int, int)",128,8704,0,208,0,128,"SQ_WAVES",256.000000,377854090217,377854589952
147,147,"Agent 1",1,2236,2236,8192,17,"pk_gemm(__half const*, __half const*, __half*, int, int, int)",128,8704,0,208,0,128,"SQ_WAVE_CYCLES",177330046.000000,377854090217,377854589952
148,148,"Agent 1",1,2236,2236,8192,17,"pk_gemm(__half const*, __half const*, __half*, int, int, int)",128,8704,0,208,0,128,"SQ_BUSY_CYCLES",1522916.000000,377854624737,377855134451
148,148,"Agent 1",1,2236,2236,8192,17,"pk_gemm(__half const*, __half const*, __half*, int, int, int)",128,8704,0,208,0,128,"SQ_WAIT_ANY",155241625.000000,377854624737,377855134451
148,148,"Agent 1",1,2236,2236,8192,17,"pk_gemm(__half const*, __half const*, __half*, int, int, int)",128,8704,0,208,0,128,"SQ_WAVES",256.000000,377854624737,377855134451
148,148,"Agent 1",1,2236,2236,8192,17,"pk_gemm(__half const*, __half const*, __half*, int, int, int)",128,8704,0,208,0,128,"SQ_WAVE_CYCLES",183280594.000000,377854624737,377855134451
149,149,"Agent 1",1,2236,2236,8192,17,"pk_gemm(__half const*, __half const*, __half*, int, int, int)",128,8704,0,208,0,128,"SQ_BUSY_CYCLES",1482272.000000,377855169035,377855668891
149,149,"Agent 1",1,2236,2236,8192,17,"pk_gemm(__half const*, __half const*, __half*, int, int, int)",128,8704,0,208,0,128,"SQ_WAIT_ANY",147833026.000000,377855169035,377855668891
149,149,"Agent 1",1,2236,2236,8192,17,"pk_gemm(__half const*, __half const*, __half*, int, int, int)",128,8704,0,208,0,128,"SQ_WAVES",256.000000,377855169035,377855668891
149,149,"Agent 1",1,2236,2236,8192,17,"pk_gemm(__half const*, __half const*, __half*, int, int, int)",128,8704,0,208,0,128,"SQ_WAVE_CYCLES",176087710.000000,377855169035,377855668891
150,150,"Agent 1",1,2236,2236,8192,17,"pk_gemm(__half const*, __half const*, __half*, int, int, int)",128,8704,0,208,0,128,"SQ_BUSY_CYCLES",1514276.000000,377855703195,377856210184
150,150,"Agent 1",1,2236,2236,8192,17,"pk_gemm(__half const*, __half const*, __half*, int, int, int)",128,8704,0,208,0,128,"SQ_WAIT_ANY",153301951.000000,377855703195,377856210184
150,150,"Agent 1",1,2236,2236,8192,17,"pk_gemm(__half const*, __half const*, __half*, int, int, int)",128,8704,0,208,0,128,"SQ_WAVES",256.000000,377855703195,377856210184
150,150,"Agent 1",1,2236,2236,8192,17,"pk_gemm(__half const*, __half const*, __half*, int, int, int)",128,8704,0,208,0,128,"SQ_WAVE_CYCLES",181614023.000000,377855703195,377856210184
151,151,"Agent 1",1,2236,2236,8192,17,"pk_gemm(__half const*, __half const*, __half*, int, int, int)",128,8704,0,208,0,128,"SQ_BUSY_CYCLES",1513461.000000,377856241683,377856748671
151,151,"Agent 1",1,2236,2236,8192,17,"pk_gemm(__half const*, __half const*, __half*, int, int, int)",128,8704,0,208,0,128,"SQ_WAIT_ANY",154165829.000000,377856241683,377856748671
151,151,"Agent 1",1,2236,2236,8192,17,"pk_gemm(__half const*, __half const*, __half*, int, int, int)",128,8704,0,208,0,128,"SQ_WAVES",256.000000,377856241683,377856748671
151,151,"Agent 1",1,2236,2236,8192,17,"pk_gemm(__half const*, __half const*, __half*, int, int, int)",128,8704,0,208,0,128,"SQ_WAVE_CYCLES",182615328.000000,377856241683,377856748671
152,152,"Agent 1",1,2236,2236,8192,17,"pk_gemm(__half const*, __half const*, __half*, int, int, int)",128,8704,0,208,0,128,"SQ_BUSY_CYCLES",1518511.000000,377856780250,377857289684
152,152,"Agent 1",1,2236,2236,8192,17,"pk_gemm(__half const*, __half const*, __half*, int, int, int)",128,8704,0,208,0,128,"SQ_WAIT_ANY",154643396.000000,377856780250,377857289684
152,152,"Agent 1",1,2236,2236,8192,17,"pk_gemm(__half const*, __half const*, __half*, int, int, int)",128,8704,0,208,0,128,"SQ_WAVES",256.000000,377856780250,377857289684
152,152,"Agent 1",1,2236,2236,8192,17,"pk_gemm(__half const*, __half const*, __half*, int, int, int)",128,8704,0,208,0,128,"SQ_WAVE_CYCLES",182573837.000000,377856780250,377857289684
153,153,"Agent 1",1,2236,2236,8192,17,"pk_gemm(__half const*, __half const*, __half*, int, int, int)",128,8704,0,208,0,128,"SQ_BUSY_CYCLES",1514416.000000,377857323587,377857830335
153,153,"Agent 1",1,2236,2236,8192,17,"pk_gemm(__half const*, __half const*, __half*, int, int, int)",128,8704,0,208,0,128,"SQ_WAIT_ANY",150288639.000000,377857323587,377857830335
153,153,"Agent 1",1,2236,2236,8192,17,"pk_gemm(__half const*, __half const*, __half*, int, int, int)",128,8704,0,208,0,128,"SQ_WAVES",256.000000,377857323587,377857830335
153,153,"Agent 1",1,2236,2236,8192,17,"pk_gemm(__half const*, __half const*, __half*, int, int, int)",128,8704,0,208,0,128,"SQ_WAVE_CYCLES",178482122.000000,377857323587,377857830335
154,154,"Agent 1",1,2236,2236,8192,17,"pk_gemm(__half const*, __half const*, __half*, int, int, int)",128,8704,0,208,0,128,"SQ_BUSY_CYCLES",1462865.000000,377857861634,377858351190
154,154,"Agent 1",1,2236,2236,8192,17,"pk_gemm(__half const*, __half const*, __half*, int, int, int)",128,8704,0,208,0,128,"SQ_WAIT_ANY",145109549.000000,377857861634,377858351190
154,154,"Agent 1",1,2236,2236,8192,17,"pk_gemm(__half const*, __half const*, __half*, int, int, int)",128,8704,0,208,0,128,"SQ_WAVES",256.000000,377857861634,377858351190
154,154,"Agent 1",1,2236,2236,8192,17,"pk_gemm(__half const*, __half const*, __half*, int, int, int)",128,8704,0,208,0,128,"SQ_WAVE_CYCLES",173511969.000000,377857861634,377858351190
155,155,"Agent 1",1,2236,2236,8192,17,"pk_gemm(__half const*, __half const*, __half*, int, int, int)",128,8704,0,208,0,128,"SQ_BUSY_CYCLES",1459993.000000,377858383570,377858871724
155,155,"Agent 1",1,2236,2236,8192,17,"pk_gemm(__half const*, __half const*, __half*, int, int, int)",128,8704,0,208,0,128,"SQ_WAIT_ANY",143214774.000000,377858383570,377858871724
155,155,"Agent 1",1,2236,2236,8192,17,"pk_gemm(__half const*, __half const*, __half*, int, int, int)",128,8704,0,208,0,128,"SQ_WAVES",256.000000,377858383570,377858871724
155,155,"Agent 1",1,2236,2236,8192,17,"pk_gemm(__half const*, __half const*, __half*, int, int, int)",128,8704,0,208,0,128,"SQ_WAVE_CYCLES",171651281.000000,377858383570,377858871724
156,156,"Agent 1",1,2236,2236,8192,17,"pk_gemm(__half const*, __half const*, __half*, int, int, int)",128,8704,0,208,0,128,"SQ_BUSY_CYCLES",1470445.000000,377858904545,377859397868
156,156,"Agent 1",1,2236,2236,8192,17,"pk_gemm(__half const*, __half const*, __half*, int, int, int)",128,8704,0,208,0,128,"SQ_WAIT_ANY",146159913.000000,377858904545,377859397868
156,156,"Agent 1",1,2236,2236,8192,17,"pk_gemm(__half const*, __half const*, __half*, int, int, int)",128,8704,0,208,0,128,"SQ_WAVES",256.000000,377858904545,377859397868
156,156,"Agent 1",1,2236,2236,8192,17,"pk_gemm(__half const*, __half const*, __half*, int, int, int)",128,8704,0,208,0,128,"SQ_WAVE_CYCLES",174464103.000000,377858904545,377859397868
157,157,"Agent 1",1,2236,2236,8192,17,"pk_gemm(__half const*, __half const*, __half*, int, int, int)",128,8704,0,208,0,128,"SQ_BUSY_CYCLES",1495772.000000,377859429768,377859931266
157,157,"Agent 1",1,2236,2236,8192,17,"pk_gemm(__half const*, __half const*, __half*, int, int, int)",128,8704,0,208,0,128,"SQ_WAIT_ANY",151326817.000000,377859429768,377859931266
157,157,"Agent 1",1,2236,2236,8192,17,"pk_gemm(__half const*, __half const*, __half*, int, int, int)",128,8704,0,208,0,128,"SQ_WAVES",256.000000,377859429768,377859931266
157,157,"Agent 1",1,2236,2236,8192,17,"pk_gemm(__half const*, __half const*, __half*, int, int, int)",128,8704,0,208,0,128,"SQ_WAVE_CYCLES",179607208.000000,377859429768,377859931266
158,158,"Agent 1",1,2236,2236,8192,17,"pk_gemm(__half const*, __half const*, __half*, int, int, int)",128,8704,0,208,0,128,"SQ_BUSY_CYCLES",1495092.000000,377859962044,377860462059
158,158,"Agent 1",1,2236,2236,8192,17,"pk_gemm(__half const*, __half const*, __half*, int, int, int)",128,8704,0,208,0,128,"SQ_WAIT_ANY",150625163.000000,377859962044,377860462059
158,158,"Agent 1",1,2236,2236,8192,17,"pk_gemm(__half const*, __half const*, __half*, int, int, int)",128,8704,0,208,0,128,"SQ_WAVES",256.000000,377859962044,377860462059
158,158,"Agent 1",1,2236,2236,8192,17,"pk_gemm(__half const*, __half const*, __half*, int, int, int)",128,8704,0,208,0,128,"SQ_WAVE_CYCLES",178834749.000000,377859962044,377860462059
159,159,"Agent 1",1,2236,2236,8192,17,"pk_gemm(__half const*, __half const*, __half*, int, int, int)",128,8704,0,208,0,128,"SQ_BUSY_CYCLES",1465930.000000,377860493919,377860985359
159,159,"Agent 1",1,2236,2236,8192,17,"pk_gemm(__half const*, __half const*, __half*, int, int, int)",128,8704,0,208,0,128,"SQ_WAIT_ANY",146521494.000000,377860493919,377860985359
159,159,"Agent 1",1,2236,2236,8192,17,"pk_gemm(__half const*, __half const*, __half*, int, int, int)",128,8704,0,208,0,128,"SQ_WAVES",256.000000,377860493919,377860985359
159,159,"Agent 1",1,2236,2236,8192,17,"pk_gemm(__half const*, __half const*, __half*, int, int, int)",128,8704,0,208,0,128,"SQ_WAVE_CYCLES",174812945.000000,377860493919,377860985359
160,160,"Agent 1",1,2236,2236,8192,17,"pk_gemm(__half const*, __half const*, __half*, int, int, int)",128,8704,0,208,0,128,"SQ_BUSY_CYCLES",1474946.000000,377861015695,377861511263
160,160,"Agent 1",1,2236,2236,8192,17,"pk_gemm(__half const*, __half const*, __half*, int, int, int)",128,8704,0,208,0,128,"SQ_WAIT_ANY",146351354.000000,377861015695,377861511263
160,160,"Agent 1",1,2236,2236,8192,17,"pk_gemm(__half const*, __half const*, __half*, int, int, int)",128,8704,0,208,0,128,"SQ_WAVES",256.000000,377861015695,377861511263
160,160,"Agent 1",1,2236,2236,8192,17,"pk_gemm(__half const*, __half const*, __half*, int, int, int)",128,8704,0,208,0,128,"SQ_WAVE_CYCLES",174786847.000000,377861015695,377861511263
161,161,"Agent 1",1,2236,2236,8192,17,"pk_gemm(__half const*, __half const*, __half*, int, int, int)",128,8704,0,208,0,128,"SQ_BUSY_CYCLES",1520591.000000,377861541599,377862054038
161,161,"Agent 1",1,2236,2236,8192,17,"pk_gemm(__half const*, __half const*, __half*, int, int, int)",128,8704,0,208,0,128,"SQ_WAIT_ANY",153818517.000000,377861541599,377862054038
161,161,"Agent 1",1,2236,2236,8192,17,"pk_gemm(__half const*, __half const*, __half*, int, int, int)",128,8704,0,208,0,128,"SQ_WAVES",256.000000,377861541599,377862054038
161,161,"Agent 1",1,2236,2236,8192,17,"pk_gemm(__half const*, __half const*, __half*, int, int, int)",128,8704,0,208,0,128,"SQ_WAVE_CYCLES",181995455.000000,377861541599,377862054038
162,162,"Agent 1",1,2236,2236,8192,17,"pk_gemm(__half const*, __half const*, __half*, int, int, int)",128,8704,0,208,0,128,"SQ_BUSY_CYCLES",1476380.000000,377862102329,377862598577
162,162,"Agent 1",1,2236,2236,8192,17,"pk_gemm(__half const*, __half const*, __half*, int, int, int)",128,8704,0,208,0,128,"SQ_WAIT_ANY",145266642.000000,377862102329,377862598577
162,162,"Agent 1",1,2236,2236,8192,17,"pk_gemm(__half const*, __half const*, __half*, int, int, int)",128,8704,0,208,0,128,"SQ_WAVES",256.000000,377862102329,377862598577
162,162,"Agent 1",1,2236,2236,8192,17,"pk_gemm(__half const*, __half const*, __half*, int, int, int)",128,8704,0,208,0,128,"SQ_WAVE_CYCLES",173755052.000000,377862102329,377862598577
163,163,"Agent 1",1,2236,2236,8192,17,"pk_gemm(__half const*, __half const*, __half*, int, int, int)",128,8704,0,208,0,128,"SQ_BUSY_CYCLES",1489120.000000,377862629836,377863128849
163,163,"Agent 1",1,2236,2236,8192,17,"pk_gemm(__half const*, __half const*, __half*, int, int, int)",128,8704,0,208,0,128,"SQ_WAIT_ANY",148912447.000000,377862629836,377863128849
163,163,"Agent 1",1,2236,2236,8192,17,"pk_gemm(__half const*, __half const*, __half*, int, int, int)",128,8704,0,208,0,128,"SQ_WAVES",256.000000,377862629836,377863128849
163,163,"Agent 1",1,2236,2236,8192,17,"pk_gemm(__half const*, __half const*, __half*, int, int, int)",128,8704,0,208,0,128,"SQ_WAVE_CYCLES",177066590.000000,377862629836,377863128849
164,164,"Agent 1",1,2236,2236,8192,17,"pk_gemm(__half const*, __half const*, __half*, int, int, int)",128,8704,0,208,0,128,"SQ_BUSY_CYCLES",1458429.000000,377863160068,377863649464
164,164,"Agent 1",1,2236,2236,8192,17,"pk_gemm(__half const*, __half const*, __half*, int, int, int)",128,8704,0,208,0,128,"SQ_WAIT_ANY",145427279.000000,377863160068,377863649464
164,164,"Agent 1",1,2236,2236,8192,17,"pk_gemm(__half const*, __half const*, __half*, int, int, int)",128,8704,0,208,0,128,"SQ_WAVES",256.000000,377863160068,377863649464
164,164,"Agent 1",1,2236,2236,8192,17,"pk_gemm(__half const*, __half const*, __half*, int, int, int)",128,8704,0,208,0,128,"SQ_WAVE_CYCLES",173830140.000000,377863160068,377863649464
165,165,"Agent 1",1,2236,2236,8192,17,"pk_gemm(__half const*, __half const*, __half*, int, int, int)",128,8704,0,208,0,128,"SQ_BUSY_CYCLES",1464158.000000,377863680802,377864175287
165,165,"Agent 1",1,2236,2236,8192,17,"pk_gemm(__half const*, __half const*, __half*, int, int, int)",128,8704,0,208,0,128,"SQ_WAIT_ANY",146463098.000000,377863680802,377864175287
165,165,"Agent 1",1,2236,2236,8192,17,"pk_gemm(__half const*, __half const*, __half*, int, int, int)",128,8704,0,208,0,128,"SQ_WAVES",256.000000,377863680802,377864175287
165,165,"Agent 1",1,2236,2236,8192,17,"pk_gemm(__half const*, __half const*, __half*, int, int, int)",128,8704,0,208,0,128,"SQ_WAVE_CYCLES",175044183.000000,377863680802,377864175287
166,166,"Agent 1",1,2236,2236,8192,17,"pk_gemm(__half const*, __half const*, __half*, int, int, int)",128,8704,0,208,0,128,"SQ_BUSY_CYCLES",1491592.000000,377864206506,377864705039
166,166,"Agent 1",1,2236,2236,8192,17,"pk_gemm(__half const*, __half const*, __half*, int, int, int)",128,8704,0,208,0,128,"SQ_WAIT_ANY",148149689.000000,377864206506,377864705039
166,166,"Agent 1",1,2236,2236,8192,17,"pk_gemm(__half const*, __half const*, __half*, int, int, int)",128,8704,0,208,0,128,"SQ_WAVES",256.000000,377864206506,377864705039
166,166,"Agent 1",1,2236,2236,8192,17,"pk_gemm(__half const*, __half const*, __half*, int, int, int)",128,8704,0,208,0,128,"SQ_WAVE_CYCLES",176402668.000000,377864206506,377864705039
167,167,"Agent 1",1,2236,2236,8192,17,"pk_gemm(__half const*, __half const*, __half*, int, int, int)",128,8704,0,208,0,128,"SQ_BUSY_CYCLES",1506761.000000,377864735576,377865239839
167,167,"Agent 1",1,2236,2236,8192,17,"pk_gemm(__half const*, __half const*, __half*, int, int, int)",128,8704,0,208,0,128,"SQ_WAIT_ANY",152197419.000000,377864735576,377865239839
167,167,"Agent 1",1,2236,2236,8192,17,"pk_gemm(__half const*, __half const*, __half*, int, int, int)",128,8704,0,208,0,128,"SQ_WAVES",256.000000,377864735576,377865239839
167,167,"Agent 1",1,2236,2236,8192,17,"pk_gemm(__half const*, __half const*, __half*, int, int, int)",128,8704,0,208,0,128,"SQ_WAVE_CYCLES",180291765.000000,377864735576,377865239839
168,168,"Agent 1",1,2236,2236,8192,17,"pk_gemm(__half const*, __half const*, __half*, int, int, int)",128,8704,0,208,0,128,"SQ_BUSY_CYCLES",1476298.000000,377865301595,377865796240
168,168,"Agent 1",1,2236,2236,8192,17,"pk_gemm(__half const*, __half const*, __half*, int, int, int)",128,8704,0,208,0,128,"SQ_WAIT_ANY",147874141.000000,377865301595,377865796240
168,168,"Agent 1",1,2236,2236,8192,17,"pk_gemm(__half const*, __half const*, __half*, int, int, int)",128,8704,0,208,0,128,"SQ_WAVES",256.000000,377865301595,377865796240
168,168,"Agent 1",1,2236,2236,8192,17,"pk_gemm(__half const*, __half const*, __half*, int, int, int)",128,8704,0,208,0,128,"SQ_WAVE_CYCLES",176354248.000000,377865301595,377865796240
169,169,"Agent 1",1,2236,2236,8192,17,"pk_gemm(__half const*, __half const*, __half*, int, int, int)",128,8704,0,208,0,128,"SQ_BUSY_CYCLES",1781664.000000,377865829543,377866470061
169,169,"Agent 1",1,2236,2236,8192,17,"pk_gemm(__half const*, __half const*, __half*, int, int, int)",128,8704,0,208,0,128,"SQ_WAIT_ANY",180056718.000000,377865829543,377866470061
169,169,"Agent 1",1,2236,2236,8192,17,"pk_gemm(__half const*, __half const*, __half*, int, int, int)",128,8704,0,208,0,128,"SQ_WAVES",768.000000,377865829543,377866470061
169,169,"Agent 1",1,2236,2236,8192,17,"pk_gemm(__half const*, __half const*, __half*, int, int, int)",128,8704,0,208,0,128,"SQ_WAVE_CYCLES",210818785.000000,377865829543,377866470061
170,170,"Agent 1",1,2236,2236,8192,17,"pk_gemm(__half const*, __half const*, __half*, int, int, int)",128,8704,0,208,0,128,"SQ_BUSY_CYCLES",1487205.000000,377866505968,377867003139
170,170,"Agent 1",1,2236,2236,8192,17,"pk_gemm(__half const*, __half const*, __half*, int, int, int)",128,8704,0,208,0,128,"SQ_WAIT_ANY",146199696.000000,377866505968,377867003139
170,170,"Agent 1",1,2236,2236,8192,17,"pk_gemm(__half const*, __half const*, __half*, int, int, int)",128,8704,0,208,0,128,"SQ_WAVES",256.000000,377866505968,377867003139
170,170,"Agent 1",1,2236,2236,8192,17,"pk_gemm(__half const*, __half const*, __half*, int, int, int)",128,8704,0,208,0,128,"SQ_WAVE_CYCLES",174496798.000000,377866505968,377867003139
171,171,"Agent 1",1,2236,2236,8192,17,"pk_gemm(__half const*, __half const*, __half*, int, int, int)",128,8704,0,208,0,128,"SQ_BUSY_CYCLES",1502892.000000,377867039286,377867543069
171,171,"Agent 1",1,2236,2236,8192,17,"pk_gemm(__half const*, __half const*, __half*, int, int, int)",128,8704,0,208,0,128,"SQ_WAIT_ANY",150722552.000000,377867039286,377867543069
171,171,"Agent 1",1,2236,2236,8192,17,"pk_gemm(__half const*, __half const*, __half*, int, int, int)",128,8704,0,208,0,128,"SQ_WAVES",256.000000,377867039286,377867543069
171,171,"Agent 1",1,2236,2236,8192,17,"pk_gemm(__half const*, __half const*, __half*, int, int, int)",128,8704,0,208,0,128,"SQ_WAVE_CYCLES",178857905.000000,377867039286,377867543069
172,172,"Agent 1",1,2236,2236,8192,17,"pk_gemm(__half const*, __half const*, __half*, int, int, int)",128,8704,0,208,0,128,"SQ_BUSY_CYCLES",1494781.000000,377867579136,377868080715
172,172,"Agent 1",1,2236,2236,8192,17,"pk_gemm(__half const*, __half const*, __half*, int, int, int)",128,8704,0,208,0,128,"SQ_WAIT_ANY",148626936.000000,377867579136,377868080715
172,172,"Agent 1",1,2236,2236,8192,17,"pk_gemm(__half const*, __half const*, __half*, int, int, int)",128,8704,0,208,0,128,"SQ_WAVES",256.000000,377867579136,377868080715
172,172,"Agent 1",1,2236,2236,8192,17,"pk_gemm(__half const*, __half const*, __half*, int, int, int)",128,8704,0,208,0,128,"SQ_WAVE_CYCLES",176741076.000000,377867579136,377868080715
173,173,"Agent 1",1,2236,2236,8192,17,"pk_gemm(__half const*, __half const*, __half*, int, int, int)",128,8704,0,208,0,128,"SQ_BUSY_CYCLES",1495342.000000,377868116181,377868621126
173,173,"Agent 1",1,2236,2236,8192,17,"pk_gemm(__half const*, __half const*, __half*, int, int, int)",128,8704,0,208,0,128,"SQ_WAIT_ANY",150704498.000000,377868116181,377868621126
173,173,"Agent 1",1,2236,2236,8192,17,"pk_gemm(__half const*, __half const*, __half*, int, int, int)",128,8704,0,208,0,128,"SQ_WAVES",256.000000,377868116181,377868621126
173,173,"Agent 1",1,2236,2236,8192,17,"pk_gemm(__half const*, __half const*, __half*, int, int, int)",128,8704,0,208,0,128,"SQ_WAVE_CYCLES",178783139.000000,377868116181,377868621126
174,174,"Agent 1",1,2236,2236,8192,17,"pk_gemm(__half const*, __half const*, __half*, int, int, int)",128,8704,0,208,0,128,"SQ_BUSY_CYCLES",1510033.000000,377868654469,377869160535
174,174,"Agent 1",1,2236,2236,8192,17,"pk_gemm(__half const*, __half const*, __half*, int, int, int)",128,8704,0,208,0,128,"SQ_WAIT_ANY",151274171.000000,377868654469,377869160535
174,174,"Agent 1",1,2236,2236,8192,17,"pk_gemm(__half const*, __half const*, __half*, int, int, int)",128,8704,0,208,0,128,"SQ_WAVES",256.000000,377868654469,377869160535
174,174,"Agent 1",1,2236,2236,8192,17,"pk_gemm(__half const*, __half const*, __half*, int, int, int)",128,8704,0,208,0,128,"SQ_WAVE_CYCLES",179323306.000000,377868654469,377869160535
175,175,"Agent 1",1,2236,2236,8192,17,"pk_gemm(__half const*, __half const*, __half*, int, int, int)",128,8704,0,208,0,128,"SQ_BUSY_CYCLES",1460635.000000,377869195000,377869686039
175,175,"Agent 1",1,2236,2236,8192,17,"pk_gemm(__half const*, __half const*, __half*, int, int, int)",128,8704,0,208,0,128,"SQ_WAIT_ANY",147137717.000000,377869195000,377869686039
175,175,"Agent 1",1,2236,2236,8192,17,"pk_gemm(__half const*, __half const*, __half*, int, int, int)",128,8704,0,208,0,128,"SQ_WAVES",256.000000,377869195000,377869686039
175,175,"Agent 1",1,2236,2236,8192,17,"pk_gemm(__half const*, __half const*, __half*, int, int, int)",128,8704,0,208,0,128,"SQ_WAVE_CYCLES",175416529.000000,377869195000,377869686039
176,176,"Agent 1",1,2236,2236,8192,17,"pk_gemm(__half const*, __half const*, __half*, int, int, int)",128,8704,0,208,0,128,"SQ_BUSY_CYCLES",1489532.000000,377869721465,377870225047
176,176,"Agent 1",1,2236,2236,8192,17,"pk_gemm(__half const*, __half const*, __half*, int, int, int)",128,8704,0,208,0,128,"SQ_WAIT_ANY",147481506.000000,377869721465,377870225047
176,176,"Agent 1",1,2236,2236,8192,17,"pk_gemm(__half const*, __half const*, __half*, int, int, int)",128,8704,0,208,0,128,"SQ_WAVES",256.000000,377869721465,377870225047
176,176,"Agent 1",1,2236,2236,8192,17,"pk_gemm(__half const*, __half const*, __half*, int, int, int)",128,8704,0,208,0,128,"SQ_WAVE_CYCLES",175701282.000000,377869721465,377870225047
177,177,"Agent 1",1,2236,2236,8192,17,"pk_gemm(__half const*, __half const*, __half*, int, int, int)",128,8704,0,208,0,128,"SQ_BUSY_CYCLES",1449725.000000,377870258750,377870744900
177,177,"Agent 1",1,2236,2236,8192,17,"pk_gemm(__half const*, __half const*, __half*, int, int, int)",128,8704,0,208,0,128,"SQ_WAIT_ANY",144112212.000000,377870258750,377870744900
177,177,"Agent 1",1,2236,2236,8192,17,"pk_gemm(__half const*, __half const*, __half*, int, int, int)",128,8704,0,208,0,128,"SQ_WAVES",256.000000,377870258750,377870744900
177,177,"Agent 1",1,2236,2236,8192,17,"pk_gemm(__half const*, __half const*, __half*, int, int, int)",128,8704,0,208,0,128,"SQ_WAVE_CYCLES",172732993.000000,377870258750,377870744900
178,178,"Agent 1",1,2236,2236,8192,17,"pk_gemm(__half const*, __half const*, __half*, int, int, int)",128,8704,0,208,0,128,"SQ_BUSY_CYCLES",1450145.000000,377870779284,377871264552
178,178,"Agent 1",1,2236,2236,8192,17,"pk_gemm(__half const*, __half const*, __half*, int, int, int)",128,8704,0,208,0,128,"SQ_WAIT_ANY",143759764.000000,377870779284,377871264552
178,178,"Agent 1",1,2236,2236,8192,17,"pk_gemm(__half const*, __half const*, __half*, int, int, int)",128,8704,0,208,0,128,"SQ_WAVES",256.000000,377870779284,377871264552
178,178,"Agent 1",1,2236,2236,8192,17,"pk_gemm(__half const*, __half const*, __half*, int, int, int)",128,8704,0,208,0,128,"SQ_WAVE_CYCLES",172180728.000000,377870779284,377871264552
179,179,"Agent 1",1,2236,2236,8192,17,"pk_gemm(__half const*, __half const*, __half*, int, int, int)",128,8704,0,208,0,128,"SQ_BUSY_CYCLES",1515333.000000,377871300099,377871813459
179,179,"Agent 1",1,2236,2236,8192,17,"pk_gemm(__half const*, __half const*, __half*, int, int, int)",128,8704,0,208,0,128,"SQ_WAIT_ANY",154377849.000000,377871300099,377871813459
179,179,"Agent 1",1,2236,2236,8192,17,"pk_gemm(__half const*, __half const*, __half*, int, int, int)",128,8704,0,208,0,128,"SQ_WAVES",256.000000,377871300099,377871813459
179,179,"Agent 1",1,2236,2236,8192,17,"pk_gemm(__half const*, __half const*, __half*, int, int, int)",128,8704,0,208,0,128,"SQ_WAVE_CYCLES",182502194.000000,377871300099,377871813459
180,180,"Agent 1",1,2236,2236,8192,17,"pk_gemm(__half const*, __half const*, __half*, int, int, int)",128,8704,0,208,0,128,"SQ_BUSY_CYCLES",1450272.000000,377871845640,377872335717
180,180,"Agent 1",1,2236,2236,8192,17,"pk_gemm(__half const*, __half const*, __half*, int, int, int)",128,8704,0,208,0,128,"SQ_WAIT_ANY",145608169.000000,377871845640,377872335717
180,180,"Agent 1",1,2236,2236,8192,17,"pk_gemm(__half const*, __half const*, __half*, int, int, int)",128,8704,0,208,0,128,"SQ_WAVES",256.000000,377871845640,377872335717
180,180,"Agent 1",1,2236,2236,8192,17,"pk_gemm(__half const*, __half const*, __half*, int, int, int)",128,8704,0,208,0,128,"SQ_WAVE_CYCLES",174124541.000000,377871845640,377872335717
181,181,"Agent 1",1,2236,2236,8192,17,"pk_gemm(__half const*, __half const*, __half*, int, int, int)",128,8704,0,208,0,128,"SQ_BUSY_CYCLES",1457528.000000,377872368899,377872857172
181,181,"Agent 1",1,2236,2236,8192,17,"pk_gemm(__half const*, __half const*, __half*, int, int, int)",128,8704,0,208,0,128,"SQ_WAIT_ANY",145033245.000000,377872368899,377872857172
181,181,"Agent 1",1,2236,2236,8192,17,"pk_gemm(__half const*, __half const*, __half*, int, int, int)",128,8704,0,208,0,128,"SQ_WAVES",256.000000,377872368899,377872857172
181,181,"Agent 1",1,2236,2236,8192,17,"pk_gemm(__half const*, __half const*, __half*, int, int, int)",128,8704,0,208,0,128,"SQ_WAVE_CYCLES",173479959.000000,377872368899,377872857172
182,182,"Agent 1",1,2236,2236,8192,17,"pk_gemm(__half const*, __half const*, __half*, int, int, int)",128,8704,0,208,0,128,"SQ_BUSY_CYCLES",1473098.000000,377872890515,377873383718
182,182,"Agent 1",1,2236,2236,8192,17,"pk_gemm(__half const*, __half const*, __half*, int, int, int)",128,8704,0,208,0,128,"SQ_WAIT_ANY",148090202.000000,377872890515,377873383718
182,182,"Agent 1",1,2236,2236,8192,17,"pk_gemm(__half const*, __half const*, __half*, int, int, int)",128,8704,0,208,0,128,"SQ_WAVES",256.000000,377872890515,377873383718
182,182,"Agent 1",1,2236,2236,8192,17,"pk_gemm(__half const*, __half const*, __half*, int, int, int)",128,8704,0,208,0,128,"SQ_WAVE_CYCLES",176338828.000000,377872890515,377873383718
183,183,"Agent 1",1,2236,2236,8192,17,"pk_gemm(__half const*, __half const*, __half*, int, int, int)",128,8704,0,208,0,128,"SQ_BUSY_CYCLES",1468284.000000,377873416619,377873911706
183,183,"Agent 1",1,2236,2236,8192,17,"pk_gemm(__half const*, __half const*, __half*, int, int, int)",128,8704,0,208,0,128,"SQ_WAIT_ANY",146822838.000000,377873416619,377873911706
183,183,"Agent 1",1,2236,2236,8192,17,"pk_gemm(__half const*, __half const*, __half*, int, int, int)",128,8704,0,208,0,128,"SQ_WAVES",256.000000,377873416619,377873911706
183,183,"Agent 1",1,2236,2236,8192,17,"pk_gemm(__half const*, __half const*, __half*, int, int, int)",128,8704,0,208,0,128,"SQ_WAVE_CYCLES",175139251.000000,377873416619,377873911706
184,184,"Agent 1",1,2236,2236,8192,17,"pk_gemm(__half const*, __half const*, __half*, int, int, int)",128,8704,0,208,0,128,"SQ_BUSY_CYCLES",1485767.000000,377873945930,377874443340
184,184,"Agent 1",1,2236,2236,8192,17,"pk_gemm(__half const*, __half const*, __half*, int, int, int)",128,8704,0,208,0,128,"SQ_WAIT_ANY",146442534.000000,377873945930,377874443340
184,184,"Agent 1",1,2236,2236,8192,17,"pk_gemm(__half const*, __half const*, __half*, int, int, int)",128,8704,0,208,0,128,"SQ_WAVES",256.000000,377873945930,377874443340
184,184,"Agent 1",1,2236,2236,8192,17,"pk_gemm(__half const*, __half const*, __half*, int, int, int)",128,8704,0,208,0,128,"SQ_WAVE_CYCLES",175094670.000000,377873945930,377874443340
185,185,"Agent 1",1,2236,2236,8192,17,"pk_gemm(__half const*, __half const*, __half*, int, int, int)",128,8704,0,208,0,128,"SQ_BUSY_CYCLES",1503611.000000,377874476322,377874983150
185,185,"Agent 1",1,2236,2236,8192,17,"pk_gemm(__half const*, __half const*, __half*, int, int, int)",128,8704,0,208,0,128,"SQ_WAIT_ANY",150766095.000000,377874476322,377874983150
185,185,"Agent 1",1,2236,2236,8192,17,"pk_gemm(__half const*, __half const*, __half*, int, int, int)",128,8704,0,208,0,128,"SQ_WAVES",256.000000,377874476322,377874983150
185,185,"Agent 1",1,2236,2236,8192,17,"pk_gemm(__half const*, __half const*, __half*, int, int, int)",128,8704,0,208,0,128,"SQ_WAVE_CYCLES",179063574.000000,377874476322,377874983150
186,186,"Agent 1",1,2236,2236,8192,17,"pk_gemm(__half const*, __half const*, __half*, int, int, int)",128,8704,0,208,0,128,"SQ_BUSY_CYCLES",1512968.000000,377875017535,377875527329
186,186,"Agent 1",1,2236,2236,8192,17,"pk_gemm(__half const*, __half const*, __half*, int, int, int)",128,8704,0,208,0,128,"SQ_WAIT_ANY",152313876.000000,377875017535,377875527329
186,186,"Agent 1",1,2236,2236,8192,17,"pk_gemm(__half const*, __half const*, __half*, int, int, int)",128,8704,0,208,0,128,"SQ_WAVES",256.000000,377875017535,377875527329
186,186,"Agent 1",1,2236,2236,8192,17,"pk_gemm(__half const*, __half const*, __half*, int, int, int)",128,8704,0,208,0,128,"SQ_WAVE_CYCLES",180486209.000000,377875017535,377875527329
187,187,"Agent 1",1,2236,2236,8192,17,"pk_gemm(__half const*, __half const*, __half*, int, int, int)",128,8704,0,208,0,128,"SQ_BUSY_CYCLES",1452551.000000,377875558828,377876044176
187,187,"Agent 1",1,2236,2236,8192,17,"pk_gemm(__half const*, __half const*, __half*, int, int, int)",128,8704,0,208,0,128,"SQ_WAIT_ANY",147342857.000000,377875558828,377876044176
187,187,"Agent 1",1,2236,2236,8192,17,"pk_gemm(__half const*, __half const*, __half*, int, int, int)",128,8704,0,208,0,128,"SQ_WAVES",256.000000,377875558828,377876044176
187,187,"Agent 1",1,2236,2236,8192,17,"pk_gemm(__half const*, __half const*, __half*, int, int, int)",128,8704,0,208,0,128,"SQ_WAVE_CYCLES",175662117.000000,377875558828,377876044176
188,188,"Agent 1",1,2236,2236,8192,17,"pk_gemm(__half const*, __half const*, __half*, int, int, int)",128,8704,0,208,0,128,"SQ_BUSY_CYCLES",1450409.000000,377876076436,377876562706
188,188,"Agent 1",1,2236,2236,8192,17,"pk_gemm(__half const*, __half const*, __half*, int, int, int)",128,8704,0,208,0,128,"SQ_WAIT_ANY",144178688.000000,377876076436,377876562706
188,188,"Agent 1",1,2236,2236,8192,17,"pk_gemm(__half const*, __half const*, __half*, int, int, int)",128,8704,0,208,0,128,"SQ_WAVES",256.000000,377876076436,377876562706
188,188,"Agent 1",1,2236,2236,8192,17,"pk_gemm(__half const*, __half const*, __half*, int, int, int)",128,8704,0,208,0,128,"SQ_WAVE_CYCLES",172721500.000000,377876076436,377876562706
189,189,"Agent 1",1,2236,2236,8192,17,"pk_gemm(__half const*, __half const*, __half*, int, int, int)",128,8704,0,208,0,128,"SQ_BUSY_CYCLES",1491800.000000,377876595046,377877096625
189,189,"Agent 1",1,2236,2236,8192,17,"pk_gemm(__half const*, __half const*, __half*, int, int, int)",128,8704,0,208,0,128,"SQ_WAIT_ANY",146423922.000000,377876595046,377877096625
189,189,"Agent 1",1,2236,2236,8192,17,"pk_gemm(__half const*, __half const*, __half*, int, int, int)",128,8704,0,208,0,128,"SQ_WAVES",256.000000,377876595046,377877096625
189,189,"Agent 1",1,2236,2236,8192,17,"pk_gemm(__half const*, __half const*, __half*, int, int, int)",128,8704,0,208,0,128,"SQ_WAVE_CYCLES",174869515.000000,377876595046,377877096625
190,190,"Agent 1",1,2236,2236,8192,17,"pk_gemm(__half const*, __half const*, __half*, int, int, int)",128,8704,0,208,0,128,"SQ_BUSY_CYCLES",1505708.000000,377877128204,377877632187
190,190,"Agent 1",1,2236,2236,8192,17,"pk_gemm(__half const*, __half const*, __half*, int, int, int)",128,8704,0,208,0,128,"SQ_WAIT_ANY",151960478.000000,377877128204,377877632187
190,190,"Agent 1",1,2236,2236,8192,17,"pk_gemm(__half const*, __half const*, __half*, int, int, int)",128,8704,0,208,0,128,"SQ_WAVES",256.000000,377877128204,377877632187
190,190,"Agent 1",1,2236,2236,8192,17,"pk_gemm(__half const*, __half const*, __half*, int, int, int)",128,8704,0,208,0,128,"SQ_WAVE_CYCLES",180124312.000000,377877128204,377877632187
191,191,"Agent 1",1,2236,2236,8192,17,"pk_gemm(__half const*, __half const*, __half*, int, int, int)",128,8704,0,208,0,128,"SQ_BUSY_CYCLES",1499786.000000,377877664648,377878168671
191,191,"Agent 1",1,2236,2236,8192,17,"pk_gemm(__half const*, __half const*, __half*, int, int, int)",128,8704,0,208,0,128,"SQ_WAIT_ANY",151497272.000000,377877664648,377878168671
191,191,"Agent 1",1,2236,2236,8192,17,"pk_gemm(__half const*, __half const*, __half*, int, int, int)",128,8704,0,208,0,128,"SQ_WAVES",256.000000,377877664648,377878168671
191,191,"Agent 1",1,2236,2236,8192,17,"pk_gemm(__half const*, __half const*, __half*, int, int, int)",128,8704,0,208,0,128,"SQ_WAVE_CYCLES",179551871.000000,377877664648,377878168671
192,192,"Agent 1",1,2236,2236,8192,17,"pk_gemm(__half const*, __half const*, __half*, int, int, int)",128,8704,0,208,0,128,"SQ_BUSY_CYCLES",1456294.000000,377878201212,377878690888
192,192,"Agent 1",1,2236,2236,8192,17,"pk_gemm(__half const*, __half const*, __half*, int, int, int)",128,8704,0,208,0,128,"SQ_WAIT_ANY",147589036.000000,377878201212,377878690888
192,192,"Agent 1",1,2236,2236,8192,17,"pk_gemm(__half const*, __half const*, __half*, int, int, int)",128,8704,0,208,0,128,"SQ_WAVES",256.000000,377878201212,377878690888
192,192,"Agent 1",1,2236,2236,8192,17,"pk_gemm(__half const*, __half const*, __half*, int, int, int)",128,8704,0,208,0,128,"SQ_WAVE_CYCLES",175876411.000000,377878201212,377878690888
193,193,"Agent 1",1,2236,2236,8192,17,"pk_gemm(__half const*, __half const*, __half*, int, int, int)",128,8704,0,208,0,128,"SQ_BUSY_CYCLES",1477534.000000,377878723389,377879223805
193,193,"Agent 1",1,2236,2236,8192,17,"pk_gemm(__half const*, __half const*, __half*, int, int, int)",128,8704,0,208,0,128,"SQ_WAIT_ANY",146673677.000000,377878723389,377879223805
193,193,"Agent 1",1,2236,2236,8192,17,"pk_gemm(__half const*, __half const*, __half*, int, int, int)",128,8704,0,208,0,128,"SQ_WAVES",256.000000,377878723389,377879223805
193,193,"Agent 1",1,2236,2236,8192,17,"pk_gemm(__half const*, __half const*, __half*, int, int, int)",128,8704,0,208,0,128,"SQ_WAVE_CYCLES",175009762.000000,377878723389,377879223805
194,194,"Agent 1",1,2236,2236,8192,17,"pk_gemm(__half const*, __half const*, __half*, int, int, int)",128,8704,0,208,0,128,"SQ_BUSY_CYCLES",1510404.000000,377879253701,377879760329
194,194,"Agent 1",1,2236,2236,8192,17,"pk_gemm(__half const*, __half const*, __half*, int, int, int)",128,8704,0,208,0,128,"SQ_WAIT_ANY",152572174.000000,377879253701,377879760329
194,194,"Agent 1",1,2236,2236,8192,17,"pk_gemm(__half const*, __half const*, __half*, int, int, int)",128,8704,0,208,0,128,"SQ_WAVES",256.000000,377879253701,377879760329
194,194,"Agent 1",1,2236,2236,8192,17,"pk_gemm(__half const*, __half const*, __half*, int, int, int)",128,8704,0,208,0,128,"SQ_WAVE_CYCLES",180436765.000000,377879253701,377879760329
195,195,"Agent 1",1,2236,2236,8192,17,"pk_gemm(__half const*, __half const*, __half*, int, int, int)",128,8704,0,208,0,128,"SQ_BUSY_CYCLES",1516328.000000,377879791187,377880299338
195,195,"Agent 1",1,2236,2236,8192,17,"pk_gemm(__half const*, __half const*, __half*, int, int, int)",128,8704,0,208,0,128,"SQ_WAIT_ANY",152151801.000000,377879791187,377880299338
195,195,"Agent 1",1,2236,2236,8192,17,"pk_gemm(__half const*, __half const*, __half*, int, int, int)",128,8704,0,208,0,128,"SQ_WAVES",256.000000,377879791187,377880299338
195,195,"Agent 1",1,2236,2236,8192,17,"pk_gemm(__half const*, __half const*, __half*, int, int, int)",128,8704,0,208,0,128,"SQ_WAVE_CYCLES",180381936.000000,377879791187,377880299338
196,196,"Agent 1",1,2236,2236,8192,17,"pk_gemm(__half const*, __half const*, __half*, int, int, int)",128,8704,0,208,0,128,"SQ_BUSY_CYCLES",1457886.000000,377880329755,377880821435
196,196,"Agent 1",1,2236,2236,8192,17,"pk_gemm(__half const*, __half const*, __half*, int, int, int)",128,8704,0,208,0,128,"SQ_WAIT_ANY",144874158.000000,377880329755,377880821435
196,196,"Agent 1",1,2236,2236,8192,17,"pk_gemm(__half const*, __half const*, __half*, int, int, int)",128,8704,0,208,0,128,"SQ_WAVES",256.000000,377880329755,377880821435
196,196,"Agent 1",1,2236,2236,8192,17,"pk_gemm(__half const*, __half const*, __half*, int, int, int)",128,8704,0,208,0,128,"SQ_WAVE_CYCLES",173359034.000000,377880329755,377880821435
197,197,"Agent 1",1,2236,2236,8192,17,"pk_gemm(__half const*, __half const*, __half*, int, int, int)",128,8704,0,208,0,128,"SQ_BUSY_CYCLES",1479862.000000,377880852613,377881350905
197,197,"Agent 1",1,2236,2236,8192,17,"pk_gemm(__half const*, __half const*, __half*, int, int, int)",128,8704,0,208,0,128,"SQ_WAIT_ANY",149034579.000000,377880852613,377881350905
197,197,"Agent 1",1,2236,2236,8192,17,"pk_gemm(__half const*, __half const*, __half*, int, int, int)",128,8704,0,208,0,128,"SQ_WAVES",256.000000,377880852613,377881350905
197,197,"Agent 1",1,2236,2236,8192,17,"pk_gemm(__half const*, __half const*, __half*, int, int, int)",128,8704,0,208,0,128,"SQ_WAVE_CYCLES",177218561.000000,377880852613,377881350905
198,198,"Agent 1",1,2236,2236,8192,17,"pk_gemm(__half const*, __half const*, __half*, int, int, int)",128,8704,0,208,0,128,"SQ_BUSY_CYCLES",1492698.000000,377881408533,377881913197
198,198,"Agent 1",1,2236,2236,8192,17,"pk_gemm(__half const*, __half const*, __half*, int, int, int)",128,8704,0,208,0,128,"SQ_WAIT_ANY",148951370.000000,377881408533,377881913197
198,198,"Agent 1",1,2236,2236,8192,17,"pk_gemm(__half const*, __half const*, __half*, int, int, int)",128,8704,0,208,0,128,"SQ_WAVES",256.000000,377881408533,377881913197
198,198,"Agent 1",1,2236,2236,8192,17,"pk_gemm(__half const*, __half const*, __half*, int, int, int)",128,8704,0,208,0,128,"SQ_WAVE_CYCLES",177175513.000000,377881408533,377881913197
199,199,"Agent 1",1,2236,2236,8192,17,"pk_gemm(__half const*, __half const*, __half*, int, int, int)",128,8704,0,208,0,128,"SQ_BUSY_CYCLES",1499874.000000,377881950227,377882458297
199,199,"Agent 1",1,2236,2236,8192,17,"pk_gemm(__half const*, __half const*, __half*, int, int, int)",128,8704,0,208,0,128,"SQ_WAIT_ANY",148935835.000000,377881950227,377882458297
199,199,"Agent 1",1,2236,2236,8192,17,"pk_gemm(__half const*, __half const*, __half*, int, int, int)",128,8704,0,208,0,128,"SQ_WAVES",256.000000,377881950227,377882458297
199,199,"Agent 1",1,2236,2236,8192,17,"pk_gemm(__half const*, __half const*, __half*, int, int, int)",128,8704,0,208,0,128,"SQ_WAVE_CYCLES",177139732.000000,377881950227,377882458297
200,200,"Agent 1",1,2236,2236,8192,17,"pk_gemm(__half const*, __half const*, __half*, int, int, int)",128,8704,0,208,0,128,"SQ_BUSY_CYCLES",1500304.000000,377882490838,377882995663
200,200,"Agent 1",1,2236,2236,8192,17,"pk_gemm(__half const*, __half const*, __half*, int, int, int)",128,8704,0,208,0,128,"SQ_WAIT_ANY",148283466.000000,377882490838,377882995663
200,200,"Agent 1",1,2236,2236,8192,17,"pk_gemm(__half const*, __half const*, __half*, int, int, int)",128,8704,0,208,0,128,"SQ_WAVES",256.000000,377882490838,377882995663
200,200,"Agent 1",1,2236,2236,8192,17,"pk_gemm(__half const*, __half const*, __half*, int, int, int)",128,8704,0,208,0,128,"SQ_WAVE_CYCLES",176572668.000000,377882490838,377882995663
201,201,"Agent 1",1,2236,2236,8192,17,"pk_gemm(__half const*, __half const*, __half*, int, int, int)",128,8704,0,208,0,128,"SQ_BUSY_CYCLES",1520980.000000,377883030969,377883539160
201,201,"Agent 1",1,2236,2236,8192,17,"pk_gemm(__half const*, __half const*, __half*, int, int, int)",128,8704,0,208,0,128,"SQ_WAIT_ANY",151572947.000000,377883030969,377883539160
201,201,"Agent 1",1,2236,2236,8192,17,"pk_gemm(__half const*, __half const*, __half*, int, int, int)",128,8704,0,208,0,128,"SQ_WAVES",256.000000,377883030969,377883539160
201,201,"Agent 1",1,2236,2236,8192,17,"pk_gemm(__half const*, __half const*, __half*, int, int, int)",128,8704,0,208,0,128,"SQ_WAVE_CYCLES",179537255.000000,377883030969,377883539160
202,202,"Agent 1",1,2236,2236,8192,17,"pk_gemm(__half const*, __half const*, __half*, int, int, int)",128,8704,0,208,0,128,"SQ_BUSY_CYCLES",1479417.000000,377883576109,377884074281
202,202,"Agent 1",1,2236,2236,8192,17,"pk_gemm(__half const*, __half const*, __half*, int, int, int)",128,8704,0,208,0,128,"SQ_WAIT_ANY",146931107.000000,377883576109,377884074281
202,202,"Agent 1",1,2236,2236,8192,17,"pk_gemm(__half const*, __half const*, __half*, int, int, int)",128,8704,0,208,0,128,"SQ_WAVES",256.000000,377883576109,377884074281
202,202,"Agent 1",1,2236,2236,8192,17,"pk_gemm(__half const*, __half const*, __half*, int, int, int)",128,8704,0,208,0,128,"SQ_WAVE_CYCLES",175502024.000000,377883576109,377884074281
203,203,"Agent 1",1,2236,2236,8192,17,"pk_gemm(__half const*, __half const*, __half*, int, int, int)",128,8704,0,208,0,128,"SQ_BUSY_CYCLES",1481794.000000,377884109226,377884610084
203,203,"Agent 1",1,2236,2236,8192,17,"pk_gemm(__half const*, __half const*, __half*, int, int, int)",128,8704,0,208,0,128,"SQ_WAIT_ANY",146786312.000000,377884109226,377884610084
203,203,"Agent 1",1,2236,2236,8192,17,"pk_gemm(__half const*, __half const*, __half*, int, int, int)",128,8704,0,208,0,128,"SQ_WAVES",256.000000,377884109226,377884610084
203,203,"Agent 1",1,2236,2236,8192,17,"pk_gemm(__half const*, __half const*, __half*, int, int, int)",128,8704,0,208,0,128,"SQ_WAVE_CYCLES",174926140.000000,377884109226,377884610084
204,204,"Agent 1",1,2236,2236,8192,17,"pk_gemm(__half const*, __half const*, __half*, int, int, int)",128,8704,0,208,0,128,"SQ_BUSY_CYCLES",1497088.000000,377884643666,377885146928
204,204,"Agent 1",1,2236,2236,8192,17,"pk_gemm(__half const*, __half const*, __half*, int, int, int)",128,8704,0,208,0,128,"SQ_WAIT_ANY",147678863.000000,377884643666,377885146928
204,204,"Agent 1",1,2236,2236,8192,17,"pk_gemm(__half const*, __half const*, __half*, int, int, int)",128,8704,0,208,0,128,"SQ_WAVES",256.000000,377884643666,377885146928
204,204,"Agent 1",1,2236,2236,8192,17,"pk_gemm(__half const*, __half const*, __half*, int, int, int)",128,8704,0,208,0,128,"SQ_WAVE_CYCLES",175820592.000000,377884643666,377885146928
205,205,"Agent 1",1,2236,2236,8192,17,"pk_gemm(__half const*, __half const*, __half*, int, int, int)",128,8704,0,208,0,128,"SQ_BUSY_CYCLES",1477619.000000,377885180471,377885674235
205,205,"Agent 1",1,2236,2236,8192,17,"pk_gemm(__half const*, __half const*, __half*, int, int, int)",128,8704,0,208,0,128,"SQ_WAIT_ANY",147482104.000000,377885180471,377885674235
205,205,"Agent 1",1,2236,2236,8192,17,"pk_gemm(__half const*, __half const*, __half*, int, int, int)",128,8704,0,208,0,128,"SQ_WAVES",256.000000,377885180471,377885674235
205,205,"Agent 1",1,2236,2236,8192,17,"pk_gemm(__half const*, __half const*, __half*, int, int, int)",128,8704,0,208,0,128,"SQ_WAVE_CYCLES",175710956.000000,377885180471,377885674235
206,206,"Agent 1",1,2236,2236,8192,17,"pk_gemm(__half const*, __half const*, __half*, int, int, int)",128,8704,0,208,0,128,"SQ_BUSY_CYCLES",1480224.000000,377885708739,377886205148
206,206,"Agent 1",1,2236,2236,8192,17,"pk_gemm(__half const*, __half const*, __half*, int, int, int)",128,8704,0,208,0,128,"SQ_WAIT_ANY",147758376.000000,377885708739,377886205148
206,206,"Agent 1",1,2236,2236,8192,17,"pk_gemm(__half const*, __half const*, __half*, int, int, int)",128,8704,0,208,0,128,"SQ_WAVES",256.000000,377885708739,377886205148
206,206,"Agent 1",1,2236,2236,8192,17,"pk_gemm(__half const*, __half const*, __half*, int, int, int)",128,8704,0,208,0,128,"SQ_WAVE_CYCLES",175911648.000000,377885708739,377886205148
207,207,"Agent 1",1,2236,2236,8192,17,"pk_gemm(__half const*, __half const*, __half*, int, int, int)",128,8704,0,208,0,128,"SQ_BUSY_CYCLES",1461103.000000,377886239212,377886728127
207,207,"Agent 1",1,2236,2236,8192,17,"pk_gemm(__half const*, __half const*, __half*, int, int, int)",128,8704,0,208,0,128,"SQ_WAIT_ANY",144342471.000000,377886239212,377886728127
207,207,"Agent 1",1,2236,2236,8192,17,"pk_gemm(__half const*, __half const*, __half*, int, int, int)",128,8704,0,208,0,128,"SQ_WAVES",256.000000,377886239212,377886728127
207,207,"Agent 1",1,2236,2236,8192,17,"pk_gemm(__half const*, __half const*, __half*, int, int, int)",128,8704,0,208,0,128,"SQ_WAVE_CYCLES",172982464.000000,377886239212,377886728127
208,208,"Agent 1",1,2236,2236,8192,17,"pk_gemm(__half const*, __half const*, __half*, int, int, int)",128,8704,0,208,0,128,"SQ_BUSY_CYCLES",1480364.000000,377886759946,377887257317
208,208,"Agent 1",1,2236,2236,8192,17,"pk_gemm(__half const*, __half const*, __half*, int, int, int)",128,8704,0,208,0,128,"SQ_WAIT_ANY",148768641.000000,377886759946,377887257317
208,208,"Agent 1",1,2236,2236,8192,17,"pk_gemm(__half const*, __half const*, __half*, int, int, int)",128,8704,0,208,0,128,"SQ_WAVES",256.000000,377886759946,377887257317
208,208,"Agent 1",1,2236,2236,8192,17,"pk_gemm(__half const*, __half const*, __half*, int, int, int)",128,8704,0,208,0,128,"SQ_WAVE_CYCLES",176907660.000000,377886759946,377887257317
209,209,"Agent 1",1,2236,2236,8192,17,"pk_gemm(__half const*, __half const*, __half*, int, int, int)",128,8704,0,208,0,128,"SQ_BUSY_CYCLES",1508423.000000,377887290539,377887796566
209,209,"Agent 1",1,2236,2236,8192,17,"pk_gemm(__half const*, __half const*, __half*, int, int, int)",128,8704,0,208,0,128,"SQ_WAIT_ANY",150826514.000000,377887290539,377887796566
209,209,"Agent 1",1,2236,2236,8192,17,"pk_gemm(__half const*, __half const*, __half*, int, int, int)",128,8704,0,208,0,128,"SQ_WAVES",256.000000,377887290539,377887796566
209,209,"Agent 1",1,2236,2236,8192,17,"pk_gemm(__half const*, __half const*, __half*, int, int, int)",128,8704,0,208,0,128,"SQ_WAVE_CYCLES",178998473.000000,377887290539,377887796566
210,210,"Agent 1",1,2236,2236,8192,17,"pk_gemm(__half const*, __half const*, __half*, int, int, int)",128,8704,0,208,0,128,"SQ_BUSY_CYCLES",1482434.000000,377887830309,377888326077
210,210,"Agent 1",1,2236,2236,8192,17,"pk_gemm(__half const*, __half const*, __half*, int, int, int)",128,8704,0,208,0,128,"SQ_WAIT_ANY",146184252.000000,377887830309,377888326077
210,210,"Agent 1",1,2236,2236,8192,17,"pk_gemm(__half const*, __half const*, __half*, int, int, int)",128,8704,0,208,0,128,"SQ_WAVES",256.000000,377887830309,377888326077
210,210,"Agent 1",1,2236,2236,8192,17,"pk_gemm(__half const*, __half const*, __half*, int, int, int)",128,8704,0,208,0,128,"SQ_WAVE_CYCLES",174669572.000000,377887830309,377888326077
211,211,"Agent 1",1,2236,2236,8192,17,"pk_gemm(__half const*, __half const*, __half*, int, int, int)",128,8704,0,208,0,128,"SQ_BUSY_CYCLES",1522926.000000,377888360501,377888870095
211,211,"Agent 1",1,2236,2236,8192,17,"pk_gemm(__half const*, __half const*, __half*, int, int, int)",128,8704,0,208,0,128,"SQ_WAIT_ANY",153971201.000000,377888360501,377888870095
211,211,"Agent 1",1,2236,2236,8192,17,"pk_gemm(__half const*, __half const*, __half*, int, int, int)",128,8704,0,208,0,128,"SQ_WAVES",256.000000,377888360501,377888870095
211,211,"Agent 1",1,2236,2236,8192,17,"pk_gemm(__half const*, __half const*, __half*, int, int, int)",128,8704,0,208,0,128,"SQ_WAVE_CYCLES",181970391.000000,377888360501,377888870095
212,212,"Agent 1",1,2236,2236,8192,17,"pk_gemm(__half const*, __half const*, __half*, int, int, int)",128,8704,0,208,0,128,"SQ_BUSY_CYCLES",1461294.000000,377888902636,377889392793
212,212,"Agent 1",1,2236,2236,8192,17,"pk_gemm(__half const*, __half const*, __half*, int, int, int)",128,8704,0,208,0,128,"SQ_WAIT_ANY",146134067.000000,377888902636,377889392793
212,212,"Agent 1",1,2236,2236,8192,17,"pk_gemm(__half const*, __half const*, __half*, int, int, int)",128,8704,0,208,0,128,"SQ_WAVES",256.000000,377888902636,377889392793
212,212,"Agent 1",1,2236,2236,8192,17,"pk_gemm(__half const*, __half const*, __half*, int, int, int)",128,8704,0,208,0,128,"SQ_WAVE_CYCLES",174349587.000000,377888902636,377889392793
213,213,"Agent 1",1,2236,2236,8192,17,"pk_gemm(__half const*, __half const*, __half*, int, int, int)",128,8704,0,208,0,128,"SQ_BUSY_CYCLES",1465650.000000,377889425053,377889923586
213,213,"Agent 1",1,2236,2236,8192,17,"pk_gemm(__half const*, __half const*, __half*, int, int, int)",128,8704,0,208,0,128,"SQ_WAIT_ANY",144907615.000000,377889425053,377889923586
213,213,"Agent 1",1,2236,2236,8192,17,"pk_gemm(__half const*, __half const*, __half*, int, int, int)",128,8704,0,208,0,128,"SQ_WAVES",256.000000,377889425053,377889923586
213,213,"Agent 1",1,2236,2236,8192,17,"pk_gemm(__half const*, __half const*, __half*, int, int, int)",128,8704,0,208,0,128,"SQ_WAVE_CYCLES",173101307.000000,377889425053,377889923586
214,214,"Agent 1",1,2236,2236,8192,17,"pk_gemm(__half const*, __half const*, __half*, int, int, int)",128,8704,0,208,0,128,"SQ_BUSY_CYCLES",1507651.000000,377889955405,377890459308
214,214,"Agent 1",1,2236,2236,8192,17,"pk_gemm(__half const*, __half const*, __half*, int, int, int)",128,8704,0,208,0,128,"SQ_WAIT_ANY",151107912.000000,377889955405,377890459308
214,214,"Agent 1",1,2236,2236,8192,17,"pk_gemm(__half const*, __half const*, __half*, int, int, int)",128,8704,0,208,0,128,"SQ_WAVES",256.000000,377889955405,377890459308
214,214,"Agent 1",1,2236,2236,8192,17,"pk_gemm(__half const*, __half const*, __half*, int, int, int)",128,8704,0,208,0,128,"SQ_WAVE_CYCLES",179162724.000000,377889955405,377890459308
215,215,"Agent 1",1,2236,2236,8192,17,"pk_gemm(__half const*, __half const*, __half*, int, int, int)",128,8704,0,208,0,128,"SQ_BUSY_CYCLES",1501094.000000,377890492250,377890995151
215,215,"Agent 1",1,2236,2236,8192,17,"pk_gemm(__half const*, __half const*, __half*, int, int, int)",128,8704,0,208,0,128,"SQ_WAIT_ANY",150859119.000000,377890492250,377890995151
215,215,"Agent 1",1,2236,2236,8192,17,"pk_gemm(__half const*, __half const*, __half*, int, int, int)",128,8704,0,208,0,128,"SQ_WAVES",256.000000,377890492250,377890995151
215,215,"Agent 1",1,2236,2236,8192,17,"pk_gemm(__half const*, __half const*, __half*, int, int, int)",128,8704,0,208,0,128,"SQ_WAVE_CYCLES",179071308.000000,377890492250,377890995151
216,216,"Agent 1",1,2236,2236,8192,17,"pk_gemm(__half const*, __half const*, __half*, int, int, int)",128,8704,0,208,0,128,"SQ_BUSY_CYCLES",1522930.000000,377891029255,377891538207
216,216,"Agent 1",1,2236,2236,8192,17,"pk_gemm(__half const*, __half const*, __half*, int, int, int)",128,8704,0,208,0,128,"SQ_WAIT_ANY",152359761.000000,377891029255,377891538207
216,216,"Agent 1",1,2236,2236,8192,17,"pk_gemm(__half const*, __half const*, __half*, int, int, int)",128,8704,0,208,0,128,"SQ_WAVES",256.000000,377891029255,377891538207
216,216,"Agent 1",1,2236,2236,8192,17,"pk_gemm(__half const*, __half const*, __half*, int, int, int)",128,8704,0,208,0,128,"SQ_WAVE_CYCLES",180578978.000000,377891029255,377891538207
217,217,"Agent 1",1,2236,2236,8192,17,"pk_gemm(__half const*, __half const*, __half*, int, int, int)",128,8704,0,208,0,128,"SQ_BUSY_CYCLES",1479981.000000,377891570908,377892066315
217,217,"Agent 1",1,2236,2236,8192,17,"pk_gemm(__half const*, __half const*, __half*, int, int, int)",128,8704,0,208,0,128,"SQ_WAIT_ANY",146375774.000000,377891570908,377892066315
217,217,"Agent 1",1,2236,2236,8192,17,"pk_gemm(__half const*, __half const*, __half*, int, int, int)",128,8704,0,208,0,128,"SQ_WAVES",256.000000,377891570908,377892066315
217,217,"Agent 1",1,2236,2236,8192,17,"pk_gemm(__half const*, __half const*, __half*, int, int, int)",128,8704,0,208,0,128,"SQ_WAVE_CYCLES",174850409.000000,377891570908,377892066315
218,218,"Agent 1",1,2236,2236,8192,17,"pk_gemm(__half const*, __half const*, __half*, int, int, int)",128,8704,0,208,0,128,"SQ_BUSY_CYCLES",1496295.000000,377892098656,377892601557
218,218,"Agent 1",1,2236,2236,8192,17,"pk_gemm(__half const*, __half const*, __half*, int, int, int)",128,8704,0,208,0,128,"SQ_WAIT_ANY",147307601.000000,377892098656,377892601557
218,218,"Agent 1",1,2236,2236,8192,17,"pk_gemm(__half const*, __half const*, __half*, int, int, int)",128,8704,0,208,0,128,"SQ_WAVES",256.000000,377892098656,377892601557
218,218,"Agent 1",1,2236,2236,8192,17,"pk_gemm(__half const*, __half const*, __half*, int, int, int)",128,8704,0,208,0,128,"SQ_WAVE_CYCLES",175554586.000000,377892098656,377892601557
219,219,"Agent 1",1,2236,2236,8192,17,"pk_gemm(__half const*, __half const*, __half*, int, int, int)",128,8704,0,208,0,128,"SQ_BUSY_CYCLES",1503852.000000,377892633056,377893139243
219,219,"Agent 1",1,2236,2236,8192,17,"pk_gemm(__half const*, __half const*, __half*, int, int, int)",128,8704,0,208,0,128,"SQ_WAIT_ANY",152953655.000000,377892633056,377893139243
219,219,"Agent 1",1,2236,2236,8192,17,"pk_gemm(__half const*, __half const*, __half*, int, int, int)",128,8704,0,208,0,128,"SQ_WAVES",256.000000,377892633056,377893139243
219,219,"Agent 1",1,2236,2236,8192,17,"pk_gemm(__half const*, __half const*, __half*, int, int, int)",128,8704,0,208,0,128,"SQ_WAVE_CYCLES",181175086.000000,377892633056,377893139243
220,220,"Agent 1",1,2236,2236,8192,17,"pk_gemm(__half const*, __half const*, __half*, int, int, int)",128,8704,0,208,0,128,"SQ_BUSY_CYCLES",1499884.000000,377893170581,377893671920
220,220,"Agent 1",1,2236,2236,8192,17,"pk_gemm(__half const*, __half const*, __half*, int, int, int)",128,8704,0,208,0,128,"SQ_WAIT_ANY",149714327.000000,377893170581,377893671920
220,220,"Agent 1",1,2236,2236,8192,17,"pk_gemm(__half const*, __half const*, __half*, int, int, int)",128,8704,0,208,0,128,"SQ_WAVES",256.000000,377893170581,377893671920
220,220,"Agent 1",1,2236,2236,8192,17,"pk_gemm(__half const*, __half const*, __half*, int, int, int)",128,8704,0,208,0,128,"SQ_WAVE_CYCLES",177921806.000000,377893170581,377893671920
221,221,"Agent 1",1,2236,2236,8192,17,"pk_gemm(__half const*, __half const*, __half*, int, int, int)",128,8704,0,208,0,128,"SQ_BUSY_CYCLES",1486596.000000,377893703699,377894202272
221,221,"Agent 1",1,2236,2236,8192,17,"pk_gemm(__half const*, __half const*, __half*, int, int, int)",128,8704,0,208,0,128,"SQ_WAIT_ANY",150058438.000000,377893703699,377894202272
221,221,"Agent 1",1,2236,2236,8192,17,"pk_gemm(__half const*, __half const*, __half*, int, int, int)",128,8704,0,208,0,128,"SQ_WAVES",256.000000,377893703699,377894202272
221,221,"Agent 1",1,2236,2236,8192,17,"pk_gemm(__half const*, __half const*, __half*, int, int, int)",128,8704,0,208,0,128,"SQ_WAVE_CYCLES",178343817.000000,377893703699,377894202272
222,222,"Agent 1",1,2236,2236,8192,17,"pk_gemm(__half const*, __half const*, __half*, int, int, int)",128,8704,0,208,0,128,"SQ_BUSY_CYCLES",1509843.000000,377894234212,377894739477
222,222,"Agent 1",1,2236,2236,8192,17,"pk_gemm(__half const*, __half const*, __half*, int, int, int)",128,8704,0,208,0,128,"SQ_WAIT_ANY",151952885.000000,377894234212,377894739477
222,222,"Agent 1",1,2236,2236,8192,17,"pk_gemm(__half const*, __half const*, __half*, int, int, int)",128,8704,0,208,0,128,"SQ_WAVES",256.000000,377894234212,377894739477
222,222,"Agent 1",1,2236,2236,8192,17,"pk_gemm(__half const*, __half const*, __half*, int, int, int)",128,8704,0,208,0,128,"SQ_WAVE_CYCLES",179965437.000000,377894234212,377894739477
223,223,"Agent 1",1,2236,2236,8192,17,"pk_gemm(__half const*, __half const*, __half*, int, int, int)",128,8704,0,208,0,128,"SQ_BUSY_CYCLES",1457493.000000,377894770174,377895260171
223,223,"Agent 1",1,2236,2236,8192,17,"pk_gemm(__half const*, __half const*, __half*, int, int, int)",128,8704,0,208,0,128,"SQ_WAIT_ANY",146098639.000000,377894770174,377895260171
223,223,"Agent 1",1,2236,2236,8192,17,"pk_gemm(__half const*, __half const*, __half*, int, int, int)",128,8704,0,208,0,128,"SQ_WAVES",256.000000,377894770174,377895260171
223,223,"Agent 1",1,2236,2236,8192,17,"pk_gemm(__half const*, __half const*, __half*, int, int, int)",128,8704,0,208,0,128,"SQ_WAVE_CYCLES",174433968.000000,377894770174,377895260171
224,224,"Agent 1",1,2236,2236,8192,17,"pk_gemm(__half const*, __half const*, __half*, int, int, int)",128,8704,0,208,0,128,"SQ_BUSY_CYCLES",1497828.000000,377895290508,377895798499
224,224,"Agent 1",1,2236,2236,8192,17,"pk_gemm(__half const*, __half const*, __half*, int, int, int)",128,8704,0,208,0,128,"SQ_WAIT_ANY",149294142.000000,377895290508,377895798499
224,224,"Agent 1",1,2236,2236,8192,17,"pk_gemm(__half const*, __half const*, __half*, int, int, int)",128,8704,0,208,0,128,"SQ_WAVES",256.000000,377895290508,377895798499
224,224,"Agent 1",1,2236,2236,8192,17,"pk_gemm(__half const*, __half const*, __half*, int, int, int)",128,8704,0,208,0,128,"SQ_WAVE_CYCLES",177415413.000000,377895290508,377895798499
225,225,"Agent 1",1,2236,2236,8192,17,"pk_gemm(__half const*, __half const*, __half*, int, int, int)",128,8704,0,208,0,128,"SQ_BUSY_CYCLES",1514313.000000,377895829067,377896336616
225,225,"Agent 1",1,2236,2236,8192,17,"pk_gemm(__half const*, __half const*, __half*, int, int, int)",128,8704,0,208,0,128,"SQ_WAIT_ANY",151534151.000000,377895829067,377896336616
225,225,"Agent 1",1,2236,2236,8192,17,"pk_gemm(__half const*, __half const*, __half*, int, int, int)",128,8704,0,208,0,128,"SQ_WAVES",256.000000,377895829067,377896336616
225,225,"Agent 1",1,2236,2236,8192,17,"pk_gemm(__half const*, __half const*, __half*, int, int, int)",128,8704,0,208,0,128,"SQ_WAVE_CYCLES",179895524.000000,377895829067,377896336616
226,226,"Agent 1",1,2236,2236,8192,17,"pk_gemm(__half const*, __half const*, __half*, int, int, int)",128,8704,0,208,0,128,"SQ_BUSY_CYCLES",1502992.000000,377896371881,377896876946
226,226,"Agent 1",1,2236,2236,8192,17,"pk_gemm(__half const*, __half const*, __half*, int, int, int)",128,8704,0,208,0,128,"SQ_WAIT_ANY",152011047.000000,377896371881,377896876946
226,226,"Agent 1",1,2236,2236,8192,17,"pk_gemm(__half const*, __half const*, __half*, int, int, int)",128,8704,0,208,0,128,"SQ_WAVES",256.000000,377896371881,377896876946
226,226,"Agent 1",1,2236,2236,8192,17,"pk_gemm(__half const*, __half const*, __half*, int, int, int)",128,8704,0,208,0,128,"SQ_WAVE_CYCLES",180180713.000000,377896371881,377896876946
227,227,"Agent 1",1,2236,2236,8192,17,"pk_gemm(__half const*, __half const*, __half*, int, int, int)",128,8704,0,208,0,128,"SQ_BUSY_CYCLES",1495366.000000,377896907403,377897413871
227,227,"Agent 1",1,2236,2236,8192,17,"pk_gemm(__half const*, __half const*, __half*, int, int, int)",128,8704,0,208,0,128,"SQ_WAIT_ANY",148739436.000000,377896907403,377897413871
227,227,"Agent 1",1,2236,2236,8192,17,"pk_gemm(__half const*, __half const*, __half*, int, int, int)",128,8704,0,208,0,128,"SQ_WAVES",256.000000,377896907403,377897413871
227,227,"Agent 1",1,2236,2236,8192,17,"pk_gemm(__half const*, __half const*, __half*, int, int, int)",128,8704,0,208,0,128,"SQ_WAVE_CYCLES",177300569.000000,377896907403,377897413871
228,228,"Agent 1",1,2236,2236,8192,17,"pk_gemm(__half const*, __half const*, __half*, int, int, int)",128,8704,0,208,0,128,"SQ_BUSY_CYCLES",1422060.000000,377897469656,377897950315
228,228,"Agent 1",1,2236,2236,8192,17,"pk_gemm(__half const*, __half const*, __half*, int, int, int)",128,8704,0,208,0,128,"SQ_WAIT_ANY",141618484.000000,377897469656,377897950315
228,228,"Agent 1",1,2236,2236,8192,17,"pk_gemm(__half const*, __half const*, __half*, int, int, int)",128,8704,0,208,0,128,"SQ_WAVES",256.000000,377897469656,377897950315
228,228,"Agent 1",1,2236,2236,8192,17,"pk_gemm(__half const*, __half const*, __half*, int, int, int)",128,8704,0,208,0,128,"SQ_WAVE_CYCLES",170044075.000000,377897469656,377897950315
229,229,"Agent 1",1,2236,2236,8192,17,"pk_gemm(__half const*, __half const*, __half*, int, int, int)",128,8704,0,208,0,128,"SQ_BUSY_CYCLES",1492772.000000,377897984339,377898487640
229,229,"Agent 1",1,2236,2236,8192,17,"pk_gemm(__half const*, __half const*, __half*, int, int, int)",128,8704,0,208,0,128,"SQ_WAIT_ANY",150216713.000000,377897984339,377898487640
229,229,"Agent 1",1,2236,2236,8192,17,"pk_gemm(__half const*, __half const*, __half*, int, int, int)",128,8704,0,208,0,128,"SQ_WAVES",256.000000,377897984339,377898487640
229,229,"Agent 1",1,2236,2236,8192,17,"pk_gemm(__half const*, __half const*, __half*, int, int, int)",128,8704,0,208,0,128,"SQ_WAVE_CYCLES",178366309.000000,377897984339,377898487640
230,230,"Agent 1",1,2236,2236,8192,17,"pk_gemm(__half const*, __half const*, __half*, int, int, int)",128,8704,0,208,0,128,"SQ_BUSY_CYCLES",1502227.000000,377898522506,377899027531
230,230,"Agent 1",1,2236,2236,8192,17,"pk_gemm(__half const*, __half const*, __half*, int, int, int)",128,8704,0,208,0,128,"SQ_WAIT_ANY",150575496.000000,377898522506,377899027531
230,230,"Agent 1",1,2236,2236,8192,17,"pk_gemm(__half const*, __half const*, __half*, int, int, int)",128,8704,0,208,0,128,"SQ_WAVES",256.000000,377898522506,377899027531
230,230,"Agent 1",1,2236,2236,8192,17,"pk_gemm(__half const*, __half const*, __half*, int, int, int)",128,8704,0,208,0,128,"SQ_WAVE_CYCLES",178799493.000000,377898522506,377899027531
231,231,"Agent 1",1,2236,2236,8192,17,"pk_gemm(__half const*, __half const*, __half*, int, int, int)",128,8704,0,208,0,128,"SQ_BUSY_CYCLES",1492290.000000,377899061073,377899560568
231,231,"Agent 1",1,2236,2236,8192,17,"pk_gemm(__half const*, __half const*, __half*, int, int, int)",128,8704,0,208,0,128,"SQ_WAIT_ANY",148790913.000000,377899061073,377899560568
231,231,"Agent 1",1,2236,2236,8192,17,"pk_gemm(__half const*, __half const*, __half*, int, int, int)",128,8704,0,208,0,128,"SQ_WAVES",256.000000,377899061073,377899560568
231,231,"Agent 1",1,2236,2236,8192,17,"pk_gemm(__half const*, __half const*, __half*, int, int, int)",128,8704,0,208,0,128,"SQ_WAVE_CYCLES",176957771.000000,377899061073,377899560568
232,232,"Agent 1",1,2236,2236,8192,17,"pk_gemm(__half const*, __half const*, __half*, int, int, int)",128,8704,0,208,0,128,"SQ_BUSY_CYCLES",1513481.000000,377899595393,377900103745
232,232,"Agent 1",1,2236,2236,8192,17,"pk_gemm(__half const*, __half const*, __half*, int, int, int)",128,8704,0,208,0,128,"SQ_WAIT_ANY",150857229.000000,377899595393,377900103745
232,232,"Agent 1",1,2236,2236,8192,17,"pk_gemm(__half const*, __half const*, __half*, int, int, int)",128,8704,0,208,0,128,"SQ_WAVES",256.000000,377899595393,377900103745
232,232,"Agent 1",1,2236,2236,8192,17,"pk_gemm(__half const*, __half const*, __half*, int, int, int)",128,8704,0,208,0,128,"SQ_WAVE_CYCLES",178979458.000000,377899595393,377900103745
233,233,"Agent 1",1,2236,2236,8192,17,"pk_gemm(__half const*, __half const*, __half*, int, int, int)",128,8704,0,208,0,128,"SQ_BUSY_CYCLES",1463777.000000,377900139532,377900631051
233,233,"Agent 1",1,2236,2236,8192,17,"pk_gemm(__half const*, __half const*, __half*, int, int, int)",128,8704,0,208,0,128,"SQ_WAIT_ANY",143640856.000000,377900139532,377900631051
233,233,"Agent 1",1,2236,2236,8192,17,"pk_gemm(__half const*, __half const*, __half*, int, int, int)",128,8704,0,208,0,128,"SQ_WAVES",256.000000,377900139532,377900631051
233,233,"Agent 1",1,2236,2236,8192,17,"pk_gemm(__half const*, __half const*, __half*, int, int, int)",128,8704,0,208,0,128,"SQ_WAVE_CYCLES",172207709.000000,377900139532,377900631051
234,234,"Agent 1",1,2236,2236,8192,17,"pk_gemm(__half const*, __half const*, __half*, int, int, int)",128,8704,0,208,0,128,"SQ_BUSY_CYCLES",1483481.000000,377900664514,377901160883
234,234,"Agent 1",1,2236,2236,8192,17,"pk_gemm(__half const*, __half const*, __half*, int, int, int)",128,8704,0,208,0,128,"SQ_WAIT_ANY",149377979.000000,377900664514,377901160883
234,234,"Agent 1",1,2236,2236,8192,17,"pk_gemm(__half const*, __half const*, __half*, int, int, int)",128,8704,0,208,0,128,"SQ_WAVES",256.000000,377900664514,377901160883
234,234,"Agent 1",1,2236,2236,8192,17,"pk_gemm(__half const*, __half const*, __half*, int, int, int)",128,8704,0,208,0,128,"SQ_WAVE_CYCLES",177708203.000000,377900664514,377901160883
235,235,"Agent 1",1,2236,2236,8192,17,"pk_gemm(__half const*, __half const*, __half*, int, int, int)",128,8704,0,208,0,128,"SQ_BUSY_CYCLES",1505056.000000,377901195267,377901701534
235,235,"Agent 1",1,2236,2236,8192,17,"pk_gemm(__half const*, __half const*, __half*, int, int, int)",128,8704,0,208,0,128,"SQ_WAIT_ANY",151617183.000000,377901195267,377901701534
235,235,"Agent 1",1,2236,2236,8192,17,"pk_gemm(__half const*, __half const*, __half*, int, int, int)",128,8704,0,208,0,128,"SQ_WAVES",256.000000,377901195267,377901701534
235,235,"Agent 1",1,2236,2236,8192,17,"pk_gemm(__half const*, __half const*, __half*, int, int, int)",128,8704,0,208,0,128,"SQ_WAVE_CYCLES",179701316.000000,377901195267,377901701534
236,236,"Agent 1",1,2236,2236,8192,17,"pk_gemm(__half const*, __half const*, __half*, int, int, int)",128,8704,0,208,0,128,"SQ_BUSY_CYCLES",1481860.000000,377901737081,377902235253
236,236,"Agent 1",1,2236,2236,8192,17,"pk_gemm(__half const*, __half const*, __half*, int, int, int)",128,8704,0,208,0,128,"SQ_WAIT_ANY",147885345.000000,377901737081,377902235253
236,236,"Agent 1",1,2236,2236,8192,17,"pk_gemm(__half const*, __half const*, __half*, int, int, int)",128,8704,0,208,0,128,"SQ_WAVES",256.000000,377901737081,377902235253
236,236,"Agent 1",1,2236,2236,8192,17,"pk_gemm(__half const*, __half const*, __half*, int, int, int)",128,8704,0,208,0,128,"SQ_WAVE_CYCLES",176164486.000000,377901737081,377902235253
237,237,"Agent 1",1,2236,2236,8192,17,"pk_gemm(__half const*, __half const*, __half*, int, int, int)",128,8704,0,208,0,128,"SQ_BUSY_CYCLES",1436142.000000,377902269157,377902755226
237,237,"Agent 1",1,2236,2236,8192,17,"pk_gemm(__half const*, __half const*, __half*, int, int, int)",128,8704,0,208,0,128,"SQ_WAIT_ANY",140822628.000000,377902269157,377902755226
237,237,"Agent 1",1,2236,2236,8192,17,"pk_gemm(__half const*, __half const*, __half*, int, int, int)",128,8704,0,208,0,128,"SQ_WAVES",256.000000,377902269157,377902755226
237,237,"Agent 1",1,2236,2236,8192,17,"pk_gemm(__half const*, __half const*, __half*, int, int, int)",128,8704,0,208,0,128,"SQ_WAVE_CYCLES",169508743.000000,377902269157,377902755226
238,238,"Agent 1",1,2236,2236,8192,17,"pk_gemm(__half const*, __half const*, __half*, int, int, int)",128,8704,0,208,0,128,"SQ_BUSY_CYCLES",1457756.000000,377902789370,377903278806
238,238,"Agent 1",1,2236,2236,8192,17,"pk_gemm(__half const*, __half const*, __half*, int, int, int)",128,8704,0,208,0,128,"SQ_WAIT_ANY",144555622.000000,377902789370,377903278806
238,238,"Agent 1",1,2236,2236,8192,17,"pk_gemm(__half const*, __half const*, __half*, int, int, int)",128,8704,0,208,0,128,"SQ_WAVES",256.000000,377902789370,377903278806
238,238,"Agent 1",1,2236,2236,8192,17,"pk_gemm(__half const*, __half const*, __half*, int, int, int)",128,8704,0,208,0,128,"SQ_WAVE_CYCLES",173050928.000000,377902789370,377903278806
239,239,"Agent 1",1,2236,2236,8192,17,"pk_gemm(__half const*, __half const*, __half*, int, int, int)",128,8704,0,208,0,128,"SQ_BUSY_CYCLES",1496043.000000,377903312429,377903816813
239,239,"Agent 1",1,2236,2236,8192,17,"pk_gemm(__half const*, __half const*, __half*, int, int, int)",128,8704,0,208,0,128,"SQ_WAIT_ANY",148569723.000000,377903312429,377903816813
239,239,"Agent 1",1,2236,2236,8192,17,"pk_gemm(__half const*, __half const*, __half*, int, int, int)",128,8704,0,208,0,128,"SQ_WAVES",256.000000,377903312429,377903816813
239,239,"Agent 1",1,2236,2236,8192,17,"pk_gemm(__half const*, __half const*, __half*, int, int, int)",128,8704,0,208,0,128,"SQ_WAVE_CYCLES",176734618.000000,377903312429,377903816813
240,240,"Agent 1",1,2236,2236,8192,17,"pk_gemm(__half const*, __half const*, __half*, int, int, int)",128,8704,0,208,0,128,"SQ_BUSY_CYCLES",1522902.000000,377903850636,377904362794
240,240,"Agent 1",1,2236,2236,8192,17,"pk_gemm(__half const*, __half const*, __half*, int, int, int)",128,8704,0,208,0,128,"SQ_WAIT_ANY",156601225.000000,377903850636,377904362794
240,240,"Agent 1",1,2236,2236,8192,17,"pk_gemm(__half const*, __half const*, __half*, int, int, int)",128,8704,0,208,0,128,"SQ_WAVES",256.000000,377903850636,377904362794
240,240,"Agent 1",1,2236,2236,8192,17,"pk_gemm(__half const*, __half const*, __half*, int, int, int)",128,8704,0,208,0,128,"SQ_WAVE_CYCLES",184409769.000000,377903850636,377904362794
241,241,"Agent 1",1,2236,2236,8192,17,"pk_gemm(__half const*, __half const*, __half*, int, int, int)",128,8704,0,208,0,128,"SQ_BUSY_CYCLES",1482114.000000,377904396097,377904895992
241,241,"Agent 1",1,2236,2236,8192,17,"pk_gemm(__half const*, __half const*, __half*, int, int, int)",128,8704,0,208,0,128,"SQ_WAIT_ANY",146405102.000000,377904396097,377904895992
241,241,"Agent 1",1,2236,2236,8192,17,"pk_gemm(__half const*, __half const*, __half*, int, int, int)",128,8704,0,208,0,128,"SQ_WAVES",256.000000,377904396097,377904895992
241,241,"Agent 1",1,2236,2236,8192,17,"pk_gemm(__half const*, __half const*, __half*, int, int, int)",128,8704,0,208,0,128,"SQ_WAVE_CYCLES",174797361.000000,377904396097,377904895992
242,242,"Agent 1",1,2236,2236,8192,17,"pk_gemm(__half const*, __half const*, __half*, int, int, int)",128,8704,0,208,0,128,"SQ_BUSY_CYCLES",1492566.000000,377904927772,377905427186
242,242,"Agent 1",1,2236,2236,8192,17,"pk_gemm(__half const*, __half const*, __half*, int, int, int)",128,8704,0,208,0,128,"SQ_WAIT_ANY",147548328.000000,377904927772,377905427186
242,242,"Agent 1",1,2236,2236,8192,17,"pk_gemm(__half const*, __half const*, __half*, int, int, int)",128,8704,0,208,0,128,"SQ_WAVES",256.000000,377904927772,377905427186
242,242,"Agent 1",1,2236,2236,8192,17,"pk_gemm(__half const*, __half const*, __half*, int, int, int)",128,8704,0,208,0,128,"SQ_WAVE_CYCLES",175871172.000000,377904927772,377905427186
243,243,"Agent 1",1,2236,2236,8192,17,"pk_gemm(__half const*, __half const*, __half*, int, int, int)",128,8704,0,208,0,128,"SQ_BUSY_CYCLES",1486615.000000,377905460248,377905962828
243,243,"Agent 1",1,2236,2236,8192,17,"pk_gemm(__half const*, __half const*, __half*, int, int, int)",128,8704,0,208,0,128,"SQ_WAIT_ANY",149244436.000000,377905460248,377905962828
243,243,"Agent 1",1,2236,2236,8192,17,"pk_gemm(__half const*, __half const*, __half*, int, int, int)",128,8704,0,208,0,128,"SQ_WAVES",256.000000,377905460248,377905962828
243,243,"Agent 1",1,2236,2236,8192,17,"pk_gemm(__half const*, __half const*, __half*, int, int, int)",128,8704,0,208,0,128,"SQ_WAVE_CYCLES",177506480.000000,377905460248,377905962828
244,244,"Agent 1",1,2236,2236,8192,17,"pk_gemm(__half const*, __half const*, __half*, int, int, int)",128,8704,0,208,0,128,"SQ_BUSY_CYCLES",1487385.000000,377905995049,377906495385
244,244,"Agent 1",1,2236,2236,8192,17,"pk_gemm(__half const*, __half const*, __half*, int, int, int)",128,8704,0,208,0,128,"SQ_WAIT_ANY",147655055.000000,377905995049,377906495385
244,244,"Agent 1",1,2236,2236,8192,17,"pk_gemm(__half const*, __half const*, __half*, int, int, int)",128,8704,0,208,0,128,"SQ_WAVES",256.000000,377905995049,377906495385
244,244,"Agent 1",1,2236,2236,8192,17,"pk_gemm(__half const*, __half const*, __half*, int, int, int)",128,8704,0,208,0,128,"SQ_WAVE_CYCLES",175983713.000000,377905995049,377906495385
245,245,"Agent 1",1,2236,2236,8192,17,"pk_gemm(__half const*, __half const*, __half*, int, int, int)",128,8704,0,208,0,128,"SQ_BUSY_CYCLES",1463450.000000,377906526724,377907020968
245,245,"Agent 1",1,2236,2236,8192,17,"pk_gemm(__half const*, __half const*, __half*, int, int, int)",128,8704,0,208,0,128,"SQ_WAIT_ANY",147807830.000000,377906526724,377907020968
245,245,"Agent 1",1,2236,2236,8192,17,"pk_gemm(__half const*, __half const*, __half*, int, int, int)",128,8704,0,208,0,128,"SQ_WAVES",256.000000,377906526724,377907020968
245,245,"Agent 1",1,2236,2236,8192,17,"pk_gemm(__half const*, __half const*, __half*, int, int, int)",128,8704,0,208,0,128,"SQ_WAVE_CYCLES",176159535.000000,377906526724,377907020968
246,246,"Agent 1",1,2236,2236,8192,17,"pk_gemm(__half const*, __half const*, __half*, int, int, int)",128,8704,0,208,0,128,"SQ_BUSY_CYCLES",1454475.000000,377907052908,377907542945
246,246,"Agent 1",1,2236,2236,8192,17,"pk_gemm(__half const*, __half const*, __half*, int, int, int)",128,8704,0,208,0,128,"SQ_WAIT_ANY",145564650.000000,377907052908,377907542945
246,246,"Agent 1",1,2236,2236,8192,17,"pk_gemm(__half const*, __half const*, __half*, int, int, int)",128,8704,0,208,0,128,"SQ_WAVES",256.000000,377907052908,377907542945
246,246,"Agent 1",1,2236,2236,8192,17,"pk_gemm(__half const*, __half const*, __half*, int, int, int)",128,8704,0,208,0,128,"SQ_WAVE_CYCLES",173929272.000000,377907052908,377907542945
247,247,"Agent 1",1,2236,2236,8192,17,"pk_gemm(__half const*, __half const*, __half*, int, int, int)",128,8704,0,208,0,128,"SQ_BUSY_CYCLES",1457950.000000,377907575767,377908063078
247,247,"Agent 1",1,2236,2236,8192,17,"pk_gemm(__half const*, __half const*, __half*, int, int, int)",128,8704,0,208,0,128,"SQ_WAIT_ANY",144677650.000000,377907575767,377908063078
247,247,"Agent 1",1,2236,2236,8192,17,"pk_gemm(__half const*, __half const*, __half*, int, int, int)",128,8704,0,208,0,128,"SQ_WAVES",256.000000,377907575767,377908063078
247,247,"Agent 1",1,2236,2236,8192,17,"pk_gemm(__half const*, __half const*, __half*, int, int, int)",128,8704,0,208,0,128,"SQ_WAVE_CYCLES",173098264.000000,377907575767,377908063078
248,248,"Agent 1",1,2236,2236,8192,17,"pk_gemm(__half const*, __half const*, __half*, int, int, int)",128,8704,0,208,0,128,"SQ_BUSY_CYCLES",1472316.000000,377908095900,377908592309
248,248,"Agent 1",1,2236,2236,8192,17,"pk_gemm(__half const*, __half const*, __half*, int, int, int)",128,8704,0,208,0,128,"SQ_WAIT_ANY",146800535.000000,377908095900,377908592309
248,248,"Agent 1",1,2236,2236,8192,17,"pk_gemm(__half const*, __half const*, __half*, int, int, int)",128,8704,0,208,0,128,"SQ_WAVES",256.000000,377908095900,377908592309
248,248,"Agent 1",1,2236,2236,8192,17,"pk_gemm(__half const*, __half const*, __half*, int, int, int)",128,8704,0,208,0,128,"SQ_WAVE_CYCLES",175146591.000000,377908095900,377908592309
249,249,"Agent 1",1,2236,2236,8192,17,"pk_gemm(__half const*, __half const*, __half*, int, int, int)",128,8704,0,208,0,128,"SQ_BUSY_CYCLES",1481125.000000,377908625170,377909123743
249,249,"Agent 1",1,2236,2236,8192,17,"pk_gemm(__half const*, __half const*, __half*, int, int, int)",128,8704,0,208,0,128,"SQ_WAIT_ANY",146594771.000000,377908625170,377909123743
249,249,"Agent 1",1,2236,2236,8192,17,"pk_gemm(__half const*, __half const*, __half*, int, int, int)",128,8704,0,208,0,128,"SQ_WAVES",256.000000,377908625170,377909123743
249,249,"Agent 1",1,2236,2236,8192,17,"pk_gemm(__half const*, __half const*, __half*, int, int, int)",128,8704,0,208,0,128,"SQ_WAVE_CYCLES",174983193.000000,377908625170,377909123743
250,250,"Agent 1",1,2236,2236,8192,17,"pk_gemm(__half const*, __half const*, __half*, int, int, int)",128,8704,0,208,0,128,"SQ_BUSY_CYCLES",1449637.000000,377909156404,377909645279
250,250,"Agent 1",1,2236,2236,8192,17,"pk_gemm(__half const*, __half const*, __half*, int, int, int)",128,8704,0,208,0,128,"SQ_WAIT_ANY",144772870.000000,377909156404,377909645279
250,250,"Agent 1",1,2236,2236,8192,17,"pk_gemm(__half const*, __half const*, __half*, int, int, int)",128,8704,0,208,0,128,"SQ_WAVES",256.000000,377909156404,377909645279
250,250,"Agent 1",1,2236,2236,8192,17,"pk_gemm(__half const*, __half const*, __half*, int, int, int)",128,8704,0,208,0,128,"SQ_WAVE_CYCLES",173005460.000000,377909156404,377909645279
251,251,"Agent 1",1,2236,2236,8192,17,"pk_gemm(__half const*, __half const*, __half*, int, int, int)",128,8704,0,208,0,128,"SQ_BUSY_CYCLES",1435445.000000,377909677179,377910159281
251,251,"Agent 1",1,2236,2236,8192,17,"pk_gemm(__half const*, __half const*, __half*, int, int, int)",128,8704,0,208,0,128,"SQ_WAIT_ANY",146552587.000000,377909677179,377910159281
251,251,"Agent 1",1,2236,2236,8192,17,"pk_gemm(__half const*, __half const*, __half*, int, int, int)",128,8704,0,208,0,128,"SQ_WAVES",256.000000,377909677179,377910159281
251,251,"Agent 1",1,2236,2236,8192,17,"pk_gemm(__half const*, __half const*, __half*, int, int, int)",128,8704,0,208,0,128,"SQ_WAVE_CYCLES",174881976.000000,377909677179,377910159281
252,252,"Agent 1",1,2236,2236,8192,17,"pk_gemm(__half const*, __half const*, __half*, int, int, int)",128,8704,0,208,0,128,"SQ_BUSY_CYCLES",1414573.000000,377910190059,377910663585
252,252,"Agent 1",1,2236,2236,8192,17,"pk_gemm(__half const*, __half const*, __half*, int, int, int)",128,8704,0,208,0,128,"SQ_WAIT_ANY",139003776.000000,377910190059,377910663585
252,252,"Agent 1",1,2236,2236,8192,17,"pk_gemm(__half const*, __half const*, __half*, int, int, int)",128,8704,0,208,0,128,"SQ_WAVES",256.000000,377910190059,377910663585
252,252,"Agent 1",1,2236,2236,8192,17,"pk_gemm(__half const*, __half const*, __half*, int, int, int)",128,8704,0,208,0,128,"SQ_WAVE_CYCLES",167546102.000000,377910190059,377910663585
253,253,"Agent 1",1,2236,2236,8192,17,"pk_gemm(__half const*, __half const*, __half*, int, int, int)",128,8704,0,208,0,128,"SQ_BUSY_CYCLES",1488039.000000,377910695084,377911196141
253,253,"Agent 1",1,2236,2236,8192,17,"pk_gemm(__half const*, __half const*, __half*, int, int, int)",128,8704,0,208,0,128,"SQ_WAIT_ANY",149825069.000000,377910695084,377911196141
253,253,"Agent 1",1,2236,2236,8192,17,"pk_gemm(__half const*, __half const*, __half*, int, int, int)",128,8704,0,208,0,128,"SQ_WAVES",256.000000,377910695084,377911196141
253,253,"Agent 1",1,2236,2236,8192,17,"pk_gemm(__half const*, __half const*, __half*, int, int, int)",128,8704,0,208,0,128,"SQ_WAVE_CYCLES",178184584.000000,377910695084,377911196141
254,254,"Agent 1",1,2236,2236,8192,17,"pk_gemm(__half const*, __half const*, __half*, int, int, int)",128,8704,0,208,0,128,"SQ_BUSY_CYCLES",1493675.000000,377911226558,377911731463
254,254,"Agent 1",1,2236,2236,8192,17,"pk_gemm(__half const*, __half const*, __half*, int, int, int)",128,8704,0,208,0,128,"SQ_WAIT_ANY",150000593.000000,377911226558,377911731463
254,254,"Agent 1",1,2236,2236,8192,17,"pk_gemm(__half const*, __half const*, __half*, int, int, int)",128,8704,0,208,0,128,"SQ_WAVES",256.000000,377911226558,377911731463
254,254,"Agent 1",1,2236,2236,8192,17,"pk_gemm(__half const*, __half const*, __half*, int, int, int)",128,8704,0,208,0,128,"SQ_WAVE_CYCLES",178171298.000000,377911226558,377911731463
255,255,"Agent 1",1,2236,2236,8192,17,"pk_gemm(__half const*, __half const*, __half*, int, int, int)",128,8704,0,208,0,128,"SQ_BUSY_CYCLES",1471172.000000,377911761800,377912259731
255,255,"Agent 1",1,2236,2236,8192,17,"pk_gemm(__half const*, __half const*, __half*, int, int, int)",128,8704,0,208,0,128,"SQ_WAIT_ANY",145427347.000000,377911761800,377912259731
255,255,"Agent 1",1,2236,2236,8192,17,"pk_gemm(__half const*, __half const*, __half*, int, int, int)",128,8704,0,208,0,128,"SQ_WAVES",256.000000,377911761800,377912259731
255,255,"Agent 1",1,2236,2236,8192,17,"pk_gemm(__half const*, __half const*, __half*, int, int, int)",128,8704,0,208,0,128,"SQ_WAVE_CYCLES",173834875.000000,377911761800,377912259731
256,256,"Agent 1",1,2236,2236,8192,17,"pk_gemm(__half const*, __half const*, __half*, int, int, int)",128,8704,0,208,0,128,"SQ_BUSY_CYCLES",1481434.000000,377912291391,377912793931
256,256,"Agent 1",1,2236,2236,8192,17,"pk_gemm(__half const*, __half const*, __half*, int, int, int)",128,8704,0,208,0,128,"SQ_WAIT_ANY",150685644.000000,377912291391,377912793931
256,256,"Agent 1",1,2236,2236,8192,17,"pk_gemm(__half const*, __half const*, __half*, int, int, int)",128,8704,0,208,0,128,"SQ_WAVES",256.000000,377912291391,377912793931
256,256,"Agent 1",1,2236,2236,8192,17,"pk_gemm(__half const*, __half const*, __half*, int, int, int)",128,8704,0,208,0,128,"SQ_WAVE_CYCLES",178832723.000000,377912291391,377912793931
257,257,"Agent 1",1,2236,2236,8192,17,"pk_gemm(__half const*, __half const*, __half*, int, int, int)",128,8704,0,208,0,128,"SQ_BUSY_CYCLES",1446280.000000,377912824749,377913310257
257,257,"Agent 1",1,2236,2236,8192,17,"pk_gemm(__half const*, __half const*, __half*, int, int, int)",128,8704,0,208,0,128,"SQ_WAIT_ANY",141507123.000000,377912824749,377913310257
257,257,"Agent 1",1,2236,2236,8192,17,"pk_gemm(__half const*, __half const*, __half*, int, int, int)",128,8704,0,208,0,128,"SQ_WAVES",256.000000,377912824749,377913310257
257,257,"Agent 1",1,2236,2236,8192,17,"pk_gemm(__half const*, __half const*, __half*, int, int, int)",128,8704,0,208,0,128,"SQ_WAVE_CYCLES",170177864.000000,377912824749,377913310257
258,258,"Agent 1",1,2236,2236,32768,17,"pk_gemm(__half const*, __half const*, __half*, int, int, int)",128,8704,0,208,0,128,"SQ_BUSY_CYCLES",17200109.000000,378021821102,378027576594
258,258,"Agent 1",1,2236,2236,32768,17,"pk_gemm(__half const*, __half const*, __half*, int, int, int)",128,8704,0,208,0,128,"SQ_WAIT_ANY",2202982532.000000,378021821102,378027576594
258,258,"Agent 1",1,2236,2236,32768,17,"pk_gemm(__half const*, __half const*, __half*, int, int, int)",128,8704,0,208,0,128,"SQ_WAVES",1024.000000,378021821102,378027576594
258,258,"Agent 1",1,2236,2236,32768,17,"pk_gemm(__half const*, __half const*, __half*, int, int, int)",128,8704,0,208,0,128,"SQ_WAVE_CYCLES",2495714201.000000,378021821102,378027576594
259,259,"Agent 1",1,2236,2236,32768,17,"pk_gemm(__half const*, __half const*, __half*, int, int, int)",128,8704,0,208,0,128,"SQ_BUSY_CYCLES",19187488.000000,378027614264,378034063814
259,259,"Agent 1",1,2236,2236,32768,17,"pk_gemm(__half const*, __half const*, __half*, int, int, int)",128,8704,0,208,0,128,"SQ_WAIT_ANY",2588514429.000000,378027614264,378034063814
259,259,"Agent 1",1,2236,2236,32768,17,"pk_gemm(__half const*, __half const*, __half*, int, int, int)",128,8704,0,208,0,128,"SQ_WAVES",1024.000000,378027614264,378034063814
259,259,"Agent 1",1,2236,2236,32768,17,"pk_gemm(__half const*, __half const*, __half*, int, int, int)",128,8704,0,208,0,128,"SQ_WAVE_CYCLES",2873102140.000000,378027614264,378034063814
260,260,"Agent 1",1,2236,2236,32768,17,"pk_gemm(__half const*, __half const*, __half*, int, int, int)",128,8704,0,208,0,128,"SQ_BUSY_CYCLES",19762898.000000,378034094993,378040714782
260,260,"Agent 1",1,2236,2236,32768,17,"pk_gemm(__half const*, __half const*, __half*, int, int, int)",128,8704,0,208,0,128,"SQ_WAIT_ANY",2565955405.000000,378034094993,378040714782
260,260,"Agent 1",1,2236,2236,32768,17,"pk_gemm(__half const*, __half const*, __half*, int, int, int)",128,8704,0,208,0,128,"SQ_WAVES",1024.000000,378034094993,378040714782
260,260,"Agent 1",1,2236,2236,32768,17,"pk_gemm(__half const*, __half const*, __half*, int, int, int)",128,8704,0,208,0,128,"SQ_WAVE_CYCLES",2872199269.000000,378034094993,378040714782
261,261,"Agent 1",1,2236,2236,32768,17,"pk_gemm(__half const*, __half const*, __half*, int, int, int)",128,8704,0,208,0,128,"SQ_BUSY_CYCLES",18644728.000000,378040745038,378047006878
261,261,"Agent 1",1,2236,2236,32768,17,"pk_gemm(__half const*, __half const*, __half*, int, int, int)",128,8704,0,208,0,128,"SQ_WAIT_ANY",2318071117.000000,378040745038,378047006878
261,261,"Agent 1",1,2236,2236,32768,17,"pk_gemm(__half const*, __half const*, __half*, int, int, int)",128,8704,0,208,0,128,"SQ_WAVES",1024.000000,378040745038,378047006878
261,261,"Agent 1",1,2236,2236,32768,17,"pk_gemm(__half const*, __half const*, __half*, int, int, int)",128,8704,0,208,0,128,"SQ_WAVE_CYCLES",2596917963.000000,378040745038,378047006878
262,262,"Agent 1",1,2236,2236,32768,17,"pk_gemm(__half const*, __half const*, __half*, int, int, int)",128,8704,0,208,0,128,"SQ_BUSY_CYCLES",19022944.000000,378047038457,378053397318
262,262,"Agent 1",1,2236,2236,32768,17,"pk_gemm(__half const*, __half const*, __half*, int, int, int)",128,8704,0,208,0,128,"SQ_WAIT_ANY",2502314883.000000,378047038457,378053397318
262,262,"Agent 1",1,2236,2236,32768,17,"pk_gemm(__half const*, __half const*, __half*, int, int, int)",128,8704,0,208,0,128,"SQ_WAVES",1024.000000,378047038457,378053397318
262,262,"Agent 1",1,2236,2236,32768,17,"pk_gemm(__half const*, __half const*, __half*, int, int, int)",128,8704,0,208,0,128,"SQ_WAVE_CYCLES",2795311761.000000,378047038457,378053397318
263,263,"Agent 1",1,2236,2236,32768,17,"pk_gemm(__half const*, __half const*, __half*, int, int, int)",128,8704,0,208,0,128,"SQ_BUSY_CYCLES",18676215.000000,378053427895,378059708690
263,263,"Agent 1",1,2236,2236,32768,17,"pk_gemm(__half const*, __half const*, __half*, int, int, int)",128,8704,0,208,0,128,"SQ_WAIT_ANY",2446613712.000000,378053427895,378059708690
263,263,"Agent 1",1,2236,2236,32768,17,"pk_gemm(__half const*, __half const*, __half*, int, int, int)",128,8704,0,208,0,128,"SQ_WAVES",1024.000000,378053427895,378059708690
263,263,"Agent 1",1,2236,2236,32768,17,"pk_gemm(__half const*, __half const*, __half*, int, int, int)",128,8704,0,208,0,128,"SQ_WAVE_CYCLES",2734367253.000000,378053427895,378059708690
264,264,"Agent 1",1,2236,2236,32768,17,"pk_gemm(__half const*, __half const*, __half*, int, int, int)",128,8704,0,208,0,128,"SQ_BUSY_CYCLES",17603516.000000,378059738987,378065770274
264,264,"Agent 1",1,2236,2236,32768,17,"pk_gemm(__half const*, __half const*, __half*, int, int, int)",128,8704,0,208,0,128,"SQ_WAIT_ANY",2267556232.000000,378059738987,378065770274
264,264,"Agent 1",1,2236,2236,32768,17,"pk_gemm(__half const*, __half const*, __half*, int, int, int)",128,8704,0,208,0,128,"SQ_WAVES",1024.000000,378059738987,378065770274
264,264,"Agent 1",1,2236,2236,32768,17,"pk_gemm(__half const*, __half const*, __half*, int, int, int)",128,8704,0,208,0,128,"SQ_WAVE_CYCLES",2568329472.000000,378059738987,378065770274
265,265,"Agent 1",1,2236,2236,32768,17,"pk_gemm(__half const*, __half const*, __half*, int, int, int)",128,8704,0,208,0,128,"SQ_BUSY_CYCLES",19595491.000000,378065801012,378072355399
265,265,"Agent 1",1,2236,2236,32768,17,"pk_gemm(__half const*, __half const*, __half*, int, int, int)",128,8704,0,208,0,128,"SQ_WAIT_ANY",2563562295.000000,378065801012,378072355399
265,265,"Agent 1",1,2236,2236,32768,17,"pk_gemm(__half const*, __half const*, __half*, int, int, int)",128,8704,0,208,0,128,"SQ_WAVES",1024.000000,378065801012,378072355399
265,265,"Agent 1",1,2236,2236,32768,17,"pk_gemm(__half const*, __half const*, __half*, int, int, int)",128,8704,0,208,0,128,"SQ_WAVE_CYCLES",2855927946.000000,378065801012,378072355399
266,266,"Agent 1",1,2236,2236,32768,17,"pk_gemm(__half const*, __half const*, __half*, int, int, int)",128,8704,0,208,0,128,"SQ_BUSY_CYCLES",20086404.000000,378072403890,378079166666
266,266,"Agent 1",1,2236,2236,32768,17,"pk_gemm(__half const*, __half const*, __half*, int, int, int)",128,8704,0,208,0,128,"SQ_WAIT_ANY",2579981394.000000,378072403890,378079166666
266,266,"Agent 1",1,2236,2236,32768,17,"pk_gemm(__half const*, __half const*, __half*, int, int, int)",128,8704,0,208,0,128,"SQ_WAVES",1664.000000,378072403890,378079166666
266,266,"Agent 1",1,2236,2236,32768,17,"pk_gemm(__half const*, __half const*, __half*, int, int, int)",128,8704,0,208,0,128,"SQ_WAVE_CYCLES",2895449068.000000,378072403890,378079166666
267,267,"Agent 1",1,2236,2236,32768,17,"pk_gemm(__half const*, __half const*, __half*, int, int, int)",128,8704,0,208,0,128,"SQ_BUSY_CYCLES",18615783.000000,378079205259,378085430590
267,267,"Agent 1",1,2236,2236,32768,17,"pk_gemm(__half const*, __half const*, __half*, int, int, int)",128,8704,0,208,0,128,"SQ_WAIT_ANY",2433815408.000000,378079205259,378085430590
267,267,"Agent 1",1,2236,2236,32768,17,"pk_gemm(__half const*, __half const*, __half*, int, int, int)",128,8704,0,208,0,128,"SQ_WAVES",1024.000000,378079205259,378085430590
267,267,"Agent 1",1,2236,2236,32768,17,"pk_gemm(__half const*, __half const*, __half*, int, int, int)",128,8704,0,208,0,128,"SQ_WAVE_CYCLES",2721276401.000000,378079205259,378085430590
268,268,"Agent 1",1,2236,2236,32768,17,"pk_gemm(__half const*, __half const*, __half*, int, int, int)",128,8704,0,208,0,128,"SQ_BUSY_CYCLES",19290988.000000,378085467335,378091955879
268,268,"Agent 1",1,2236,2236,32768,17,"pk_gemm(__half const*, __half const*, __half*, int, int, int)",128,8704,0,208,0,128,"SQ_WAIT_ANY",2563752655.000000,378085467335,378091955879
268,268,"Agent 1",1,2236,2236,32768,17,"pk_gemm(__half const*, __half const*, __half*, int, int, int)",128,8704,0,208,0,128,"SQ_WAVES",1024.000000,378085467335,378091955879
268,268,"Agent 1",1,2236,2236,32768,17,"pk_gemm(__half const*, __half const*, __half*, int, int, int)",128,8704,0,208,0,128,"SQ_WAVE_CYCLES",2863634230.000000,378085467335,378091955879
269,269,"Agent 1",1,2236,2236,32768,17,"pk_gemm(__half const*, __half const*, __half*, int, int, int)",128,8704,0,208,0,128,"SQ_BUSY_CYCLES",21353062.000000,378091994350,378099137158
269,269,"Agent 1",1,2236,2236,32768,17,"pk_gemm(__half const*, __half const*, __half*, int, int, int)",128,8704,0,208,0,128,"SQ_WAIT_ANY",2877378503.000000,378091994350,378099137158
269,269,"Agent 1",1,2236,2236,32768,17,"pk_gemm(__half const*, __half const*, __half*, int, int, int)",128,8704,0,208,0,128,"SQ_WAVES",1024.000000,378091994350,378099137158
269,269,"Agent 1",1,2236,2236,32768,17,"pk_gemm(__half const*, __half const*, __half*, int, int, int)",128,8704,0,208,0,128,"SQ_WAVE_CYCLES",3156396869.000000,378091994350,378099137158
270,270,"Agent 1",1,2236,2236,32768,17,"pk_gemm(__half const*, __half const*, __half*, int, int, int)",128,8704,0,208,0,128,"SQ_BUSY_CYCLES",20399045.000000,378099170180,378105993631
270,270,"Agent 1",1,2236,2236,32768,17,"pk_gemm(__half const*, __half const*, __half*, int, int, int)",128,8704,0,208,0,128,"SQ_WAIT_ANY",2776805886.000000,378099170180,378105993631
270,270,"Agent 1",1,2236,2236,32768,17,"pk_gemm(__half const*, __half const*, __half*, int, int, int)",128,8704,0,208,0,128,"SQ_WAVES",1024.000000,378099170180,378105993631
270,270,"Agent 1",1,2236,2236,32768,17,"pk_gemm(__half const*, __half const*, __half*, int, int, int)",128,8704,0,208,0,128,"SQ_WAVE_CYCLES",3053460935.000000,378099170180,378105993631
271,271,"Agent 1",1,2236,2236,32768,17,"pk_gemm(__half const*, __half const*, __half*, int, int, int)",128,8704,0,208,0,128,"SQ_BUSY_CYCLES",16727578.000000,378106028737,378111643566
271,271,"Agent 1",1,2236,2236,32768,17,"pk_gemm(__half const*, __half const*, __half*, int, int, int)",128,8704,0,208,0,128,"SQ_WAIT_ANY",2043727985.000000,378106028737,378111643566
271,271,"Agent 1",1,2236,2236,32768,17,"pk_gemm(__half const*, __half const*, __half*, int, int, int)",128,8704,0,208,0,128,"SQ_WAVES",1024.000000,378106028737,378111643566
271,271,"Agent 1",1,2236,2236,32768,17,"pk_gemm(__half const*, __half const*, __half*, int, int, int)",128,8704,0,208,0,128,"SQ_WAVE_CYCLES",2320509041.000000,378106028737,378111643566
272,272,"Agent 1",1,2236,2236,32768,17,"pk_gemm(__half const*, __half const*, __half*, int, int, int)",128,8704,0,208,0,128,"SQ_BUSY_CYCLES",20905757.000000,378111677028,378118713518
272,272,"Agent 1",1,2236,2236,32768,17,"pk_gemm(__half const*, __half const*, __half*, int, int, int)",128,8704,0,208,0,128,"SQ_WAIT_ANY",2801855016.000000,378111677028,378118713518
272,272,"Agent 1",1,2236,2236,32768,17,"pk_gemm(__half const*, __half const*, __half*, int, int, int)",128,8704,0,208,0,128,"SQ_WAVES",1024.000000,378111677028,378118713518
272,272,"Agent 1",1,2236,2236,32768,17,"pk_gemm(__half const*, __half const*, __half*, int, int, int)",128,8704,0,208,0,128,"SQ_WAVE_CYCLES",3084603977.000000,378111677028,378118713518
273,273,"Agent 1",1,2236,2236,32768,17,"pk_gemm(__half const*, __half const*, __half*, int, int, int)",128,8704,0,208,0,128,"SQ_BUSY_CYCLES",18027952.000000,378118747381,378124812653
273,273,"Agent 1",1,2236,2236,32768,17,"pk_gemm(__half const*, __half const*, __half*, int, int, int)",128,8704,0,208,0,128,"SQ_WAIT_ANY",2292190787.000000,378118747381,378124812653
273,273,"Agent 1",1,2236,2236,32768,17,"pk_gemm(__half const*, __half const*, __half*, int, int, int)",128,8704,0,208,0,128,"SQ_WAVES",1024.000000,378118747381,378124812653
273,273,"Agent 1",1,2236,2236,32768,17,"pk_gemm(__half const*, __half const*, __half*, int, int, int)",128,8704,0,208,0,128,"SQ_WAVE_CYCLES",2576637929.000000,378118747381,378124812653
274,274,"Agent 1",1,2236,2236,32768,17,"pk_gemm(__half const*, __half const*, __half*, int, int, int)",128,8704,0,208,0,128,"SQ_BUSY_CYCLES",21056748.000000,378124846196,378131955823
274,274,"Agent 1",1,2236,2236,32768,17,"pk_gemm(__half const*, __half const*, __half*, int, int, int)",128,8704,0,208,0,128,"SQ_WAIT_ANY",2799596914.000000,378124846196,378131955823
274,274,"Agent 1",1,2236,2236,32768,17,"pk_gemm(__half const*, __half const*, __half*, int, int, int)",128,8704,0,208,0,128,"SQ_WAVES",1024.000000,378124846196,378131955823
274,274,"Agent 1",1,2236,2236,32768,17,"pk_gemm(__half const*, __half const*, __half*, int, int, int)",128,8704,0,208,0,128,"SQ_WAVE_CYCLES",3088078686.000000,378124846196,378131955823
275,275,"Agent 1",1,2236,2236,32768,17,"pk_gemm(__half const*, __half const*, __half*, int, int, int)",128,8704,0,208,0,128,"SQ_BUSY_CYCLES",18038106.000000,378131987923,378138082810
275,275,"Agent 1",1,2236,2236,32768,17,"pk_gemm(__half const*, __half const*, __half*, int, int, int)",128,8704,0,208,0,128,"SQ_WAIT_ANY",2267394308.000000,378131987923,378138082810
275,275,"Agent 1",1,2236,2236,32768,17,"pk_gemm(__half const*, __half const*, __half*, int, int, int)",128,8704,0,208,0,128,"SQ_WAVES",1024.000000,378131987923,378138082810
275,275,"Agent 1",1,2236,2236,32768,17,"pk_gemm(__half const*, __half const*, __half*, int, int, int)",128,8704,0,208,0,128,"SQ_WAVE_CYCLES",2546906559.000000,378131987923,378138082810
276,276,"Agent 1",1,2236,2236,32768,17,"pk_gemm(__half const*, __half const*, __half*, int, int, int)",128,8704,0,208,0,128,"SQ_BUSY_CYCLES",19199789.000000,378138116313,378144536930
276,276,"Agent 1",1,2236,2236,32768,17,"pk_gemm(__half const*, __half const*, __half*, int, int, int)",128,8704,0,208,0,128,"SQ_WAIT_ANY",2561675946.000000,378138116313,378144536930
276,276,"Agent 1",1,2236,2236,32768,17,"pk_gemm(__half const*, __half const*, __half*, int, int, int)",128,8704,0,208,0,128,"SQ_WAVES",1024.000000,378138116313,378144536930
276,276,"Agent 1",1,2236,2236,32768,17,"pk_gemm(__half const*, __half const*, __half*, int, int, int)",128,8704,0,208,0,128,"SQ_WAVE_CYCLES",2851524166.000000,378138116313,378144536930
277,277,"Agent 1",1,2236,2236,32768,17,"pk_gemm(__half const*, __half const*, __half*, int, int, int)",128,8704,0,208,0,128,"SQ_BUSY_CYCLES",19585442.000000,378144569150,378151145419
277,277,"Agent 1",1,2236,2236,32768,17,"pk_gemm(__half const*, __half const*, __half*, int, int, int)",128,8704,0,208,0,128,"SQ_WAIT_ANY",2646428669.000000,378144569150,378151145419
277,277,"Agent 1",1,2236,2236,32768,17,"pk_gemm(__half const*, __half const*, __half*, int, int, int)",128,8704,0,208,0,128,"SQ_WAVES",1024.000000,378144569150,378151145419
277,277,"Agent 1",1,2236,2236,32768,17,"pk_gemm(__half const*, __half const*, __half*, int, int, int)",128,8704,0,208,0,128,"SQ_WAVE_CYCLES",2933052246.000000,378144569150,378151145419
278,278,"Agent 1",1,2236,2236,32768,17,"pk_gemm(__half const*, __half const*, __half*, int, int, int)",128,8704,0,208,0,128,"SQ_BUSY_CYCLES",18188694.000000,378151180776,378157345754
278,278,"Agent 1",1,2236,2236,32768,17,"pk_gemm(__half const*, __half const*, __half*, int, int, int)",128,8704,0,208,0,128,"SQ_WAIT_ANY",2383270542.000000,378151180776,378157345754
278,278,"Agent 1",1,2236,2236,32768,17,"pk_gemm(__half const*, __half const*, __half*, int, int, int)",128,8704,0,208,0,128,"SQ_WAVES",1024.000000,378151180776,378157345754
278,278,"Agent 1",1,2236,2236,32768,17,"pk_gemm(__half const*, __half const*, __half*, int, int, int)",128,8704,0,208,0,128,"SQ_WAVE_CYCLES",2683488130.000000,378151180776,378157345754
279,279,"Agent 1",1,2236,2236,32768,17,"pk_gemm(__half const*, __half const*, __half*, int, int, int)",128,8704,0,208,0,128,"SQ_BUSY_CYCLES",19629363.000000,378157380137,378163948831
279,279,"Agent 1",1,2236,2236,32768,17,"pk_gemm(__half const*, __half const*, __half*, int, int, int)",128,8704,0,208,0,128,"SQ_WAIT_ANY",2500842911.000000,378157380137,378163948831
279,279,"Agent 1",1,2236,2236,32768,17,"pk_gemm(__half const*, __half const*, __half*, int, int, int)",128,8704,0,208,0,128,"SQ_WAVES",1024.000000,378157380137,378163948831
279,279,"Agent 1",1,2236,2236,32768,17,"pk_gemm(__half const*, __half const*, __half*, int, int, int)",128,8704,0,208,0,128,"SQ_WAVE_CYCLES",2810671524.000000,378157380137,378163948831
280,280,"Agent 1",1,2236,2236,32768,17,"pk_gemm(__half const*, __half const*, __half*, int, int, int)",128,8704,0,208,0,128,"SQ_BUSY_CYCLES",17822126.000000,378163982614,378169986731
280,280,"Agent 1",1,2236,2236,32768,17,"pk_gemm(__half const*, __half const*, __half*, int, int, int)",128,8704,0,208,0,128,"SQ_WAIT_ANY",2331459921.000000,378163982614,378169986731
280,280,"Agent 1",1,2236,2236,32768,17,"pk_gemm(__half const*, __half const*, __half*, int, int, int)",128,8704,0,208,0,128,"SQ_WAVES",1024.000000,378163982614,378169986731
280,280,"Agent 1",1,2236,2236,32768,17,"pk_gemm(__half const*, __half const*, __half*, int, int, int)",128,8704,0,208,0,128,"SQ_WAVE_CYCLES",2624262645.000000,378163982614,378169986731
281,281,"Agent 1",1,2236,2236,32768,17,"pk_gemm(__half const*, __half const*, __half*, int, int, int)",128,8704,0,208,0,128,"SQ_BUSY_CYCLES",21089474.000000,378170020394,378177086219
281,281,"Agent 1",1,2236,2236,32768,17,"pk_gemm(__half const*, __half const*, __half*, int, int, int)",128,8704,0,208,0,128,"SQ_WAIT_ANY",2813782895.000000,378170020394,378177086219
281,281,"Agent 1",1,2236,2236,32768,17,"pk_gemm(__half const*, __half const*, __half*, int, int, int)",128,8704,0,208,0,128,"SQ_WAVES",1024.000000,378170020394,378177086219
281,281,"Agent 1",1,2236,2236,32768,17,"pk_gemm(__half const*, __half const*, __half*, int, int, int)",128,8704,0,208,0,128,"SQ_WAVE_CYCLES",3104532071.000000,378170020394,378177086219
282,282,"Agent 1",1,2236,2236,32768,17,"pk_gemm(__half const*, __half const*, __half*, int, int, int)",128,8704,0,208,0,128,"SQ_BUSY_CYCLES",18024324.000000,378177116635,378183227112
282,282,"Agent 1",1,2236,2236,32768,17,"pk_gemm(__half const*, __half const*, __half*, int, int, int)",128,8704,0,208,0,128,"SQ_WAIT_ANY",2428049253.000000,378177116635,378183227112
282,282,"Agent 1",1,2236,2236,32768,17,"pk_gemm(__half const*, __half const*, __half*, int, int, int)",128,8704,0,208,0,128,"SQ_WAVES",1024.000000,378177116635,378183227112
282,282,"Agent 1",1,2236,2236,32768,17,"pk_gemm(__half const*, __half const*, __half*, int, int, int)",128,8704,0,208,0,128,"SQ_WAVE_CYCLES",2740379958.000000,378177116635,378183227112
283,283,"Agent 1",1,2236,2236,32768,17,"pk_gemm(__half const*, __half const*, __half*, int, int, int)",128,8704,0,208,0,128,"SQ_BUSY_CYCLES",18902361.000000,378183258851,378189601842
283,283,"Agent 1",1,2236,2236,32768,17,"pk_gemm(__half const*, __half const*, __half*, int, int, int)",128,8704,0,208,0,128,"SQ_WAIT_ANY",2473041797.000000,378183258851,378189601842
283,283,"Agent 1",1,2236,2236,32768,17,"pk_gemm(__half const*, __half const*, __half*, int, int, int)",128,8704,0,208,0,128,"SQ_WAVES",1024.000000,378183258851,378189601842
283,283,"Agent 1",1,2236,2236,32768,17,"pk_gemm(__half const*, __half const*, __half*, int, int, int)",128,8704,0,208,0,128,"SQ_WAVE_CYCLES",2767326413.000000,378183258851,378189601842
284,284,"Agent 1",1,2236,2236,32768,17,"pk_gemm(__half const*, __half const*, __half*, int, int, int)",128,8704,0,208,0,128,"SQ_BUSY_CYCLES",19272857.000000,378189633902,378196088423
284,284,"Agent 1",1,2236,2236,32768,17,"pk_gemm(__half const*, __half const*, __half*, int, int, int)",128,8704,0,208,0,128,"SQ_WAIT_ANY",2505828962.000000,378189633902,378196088423
284,284,"Agent 1",1,2236,2236,32768,17,"pk_gemm(__half const*, __half const*, __half*, int, int, int)",128,8704,0,208,0,128,"SQ_WAVES",1024.000000,378189633902,378196088423
284,284,"Agent 1",1,2236,2236,32768,17,"pk_gemm(__half const*, __half const*, __half*, int, int, int)",128,8704,0,208,0,128,"SQ_WAVE_CYCLES",2805269967.000000,378189633902,378196088423
285,285,"Agent 1",1,2236,2236,32768,17,"pk_gemm(__half const*, __half const*, __half*, int, int, int)",128,8704,0,208,0,128,"SQ_BUSY_CYCLES",20639457.000000,378196119801,378203095056
285,285,"Agent 1",1,2236,2236,32768,17,"pk_gemm(__half const*, __half const*, __half*, int, int, int)",128,8704,0,208,0,128,"SQ_WAIT_ANY",2741941369.000000,378196119801,378203095056
285,285,"Agent 1",1,2236,2236,32768,17,"pk_gemm(__half const*, __half const*, __half*, int, int, int)",128,8704,0,208,0,128,"SQ_WAVES",1024.000000,378196119801,378203095056
285,285,"Agent 1",1,2236,2236,32768,17,"pk_gemm(__half const*, __half const*, __half*, int, int, int)",128,8704,0,208,0,128,"SQ_WAVE_CYCLES",3025547396.000000,378196119801,378203095056
286,286,"Agent 1",1,2236,2236,32768,17,"pk_gemm(__half const*, __half const*, __half*, int, int, int)",128,8704,0,208,0,128,"SQ_BUSY_CYCLES",19835929.000000,378203126274,378209772433
286,286,"Agent 1",1,2236,2236,32768,17,"pk_gemm(__half const*, __half const*, __half*, int, int, int)",128,8704,0,208,0,128,"SQ_WAIT_ANY",2594198234.000000,378203126274,378209772433
286,286,"Agent 1",1,2236,2236,32768,17,"pk_gemm(__half const*, __half const*, __half*, int, int, int)",128,8704,0,208,0,128,"SQ_WAVES",1024.000000,378203126274,378209772433
286,286,"Agent 1",1,2236,2236,32768,17,"pk_gemm(__half const*, __half const*, __half*, int, int, int)",128,8704,0,208,0,128,"SQ_WAVE_CYCLES",2887454956.000000,378203126274,378209772433
287,287,"Agent 1",1,2236,2236,32768,17,"pk_gemm(__half const*, __half const*, __half*, int, int, int)",128,8704,0,208,0,128,"SQ_BUSY_CYCLES",17731317.000000,378209802730,378215734632
287,287,"Agent 1",1,2236,2236,32768,17,"pk_gemm(__half const*, __half const*, __half*, int, int, int)",128,8704,0,208,0,128,"SQ_WAIT_ANY",2248963308.000000,378209802730,378215734632
287,287,"Agent 1",1,2236,2236,32768,17,"pk_gemm(__half const*, __half const*, __half*, int, int, int)",128,8704,0,208,0,128,"SQ_WAVES",1024.000000,378209802730,378215734632
287,287,"Agent 1",1,2236,2236,32768,17,"pk_gemm(__half const*, __half const*, __half*, int, int, int)",128,8704,0,208,0,128,"SQ_WAVE_CYCLES",2531089520.000000,378209802730,378215734632
288,288,"Agent 1",1,2236,2236,32768,17,"pk_gemm(__half const*, __half const*, __half*, int, int, int)",128,8704,0,208,0,128,"SQ_BUSY_CYCLES",15533234.000000,378215766254,378220954805
288,288,"Agent 1",1,2236,2236,32768,17,"pk_gemm(__half const*, __half const*, __half*, int, int, int)",128,8704,0,208,0,128,"SQ_WAIT_ANY",1836617871.000000,378215766254,378220954805
288,288,"Agent 1",1,2236,2236,32768,17,"pk_gemm(__half const*, __half const*, __half*, int, int, int)",128,8704,0,208,0,128,"SQ_WAVES",1024.000000,378215766254,378220954805
288,288,"Agent 1",1,2236,2236,32768,17,"pk_gemm(__half const*, __half const*, __half*, int, int, int)",128,8704,0,208,0,128,"SQ_WAVE_CYCLES",2105260722.000000,378215766254,378220954805
289,289,"Agent 1",1,2236,2236,32768,17,"pk_gemm(__half const*, __half const*, __half*, int, int, int)",128,8704,0,208,0,128,"SQ_BUSY_CYCLES",19453166.000000,378220988868,378227510074
289,289,"Agent 1",1,2236,2236,32768,17,"pk_gemm(__half const*, __half const*, __half*, int, int, int)",128,8704,0,208,0,128,"SQ_WAIT_ANY",2541498493.000000,378220988868,378227510074
289,289,"Agent 1",1,2236,2236,32768,17,"pk_gemm(__half const*, __half const*, __half*, int, int, int)",128,8704,0,208,0,128,"SQ_WAVES",1024.000000,378220988868,378227510074
289,289,"Agent 1",1,2236,2236,32768,17,"pk_gemm(__half const*, __half const*, __half*, int, int, int)",128,8704,0,208,0,128,"SQ_WAVE_CYCLES",2837633886.000000,378220988868,378227510074
290,290,"Agent 1",1,2236,2236,32768,17,"pk_gemm(__half const*, __half const*, __half*, int, int, int)",128,8704,0,208,0,128,"SQ_BUSY_CYCLES",19131610.000000,378227540611,378233966519
290,290,"Agent 1",1,2236,2236,32768,17,"pk_gemm(__half const*, __half const*, __half*, int, int, int)",128,8704,0,208,0,128,"SQ_WAIT_ANY",2527855429.000000,378227540611,378233966519
290,290,"Agent 1",1,2236,2236,32768,17,"pk_gemm(__half const*, __half const*, __half*, int, int, int)",128,8704,0,208,0,128,"SQ_WAVES",1024.000000,378227540611,378233966519
290,290,"Agent 1",1,2236,2236,32768,17,"pk_gemm(__half const*, __half const*, __half*, int, int, int)",128,8704,0,208,0,128,"SQ_WAVE_CYCLES",2812591629.000000,378227540611,378233966519
291,291,"Agent 1",1,2236,2236,32768,17,"pk_gemm(__half const*, __half const*, __half*, int, int, int)",128,8704,0,208,0,128,"SQ_BUSY_CYCLES",18981334.000000,378233996094,378240355357
291,291,"Agent 1",1,2236,2236,32768,17,"pk_gemm(__half const*, __half const*, __half*, int, int, int)",128,8704,0,208,0,128,"SQ_WAIT_ANY",2458850261.000000,378233996094,378240355357
291,291,"Agent 1",1,2236,2236,32768,17,"pk_gemm(__half const*, __half const*, __half*, int, int, int)",128,8704,0,208,0,128,"SQ_WAVES",1024.000000,378233996094,378240355357
291,291,"Agent 1",1,2236,2236,32768,17,"pk_gemm(__half const*, __half const*, __half*, int, int, int)",128,8704,0,208,0,128,"SQ_WAVE_CYCLES",2759389777.000000,378233996094,378240355357
292,292,"Agent 1",1,2236,2236,32768,17,"pk_gemm(__half const*, __half const*, __half*, int, int, int)",128,8704,0,208,0,128,"SQ_BUSY_CYCLES",21344085.000000,378240384892,378247567135
292,292,"Agent 1",1,2236,2236,32768,17,"pk_gemm(__half const*, __half const*, __half*, int, int, int)",128,8704,0,208,0,128,"SQ_WAIT_ANY",2669714539.000000,378240384892,378247567135
292,292,"Agent 1",1,2236,2236,32768,17,"pk_gemm(__half const*, __half const*, __half*, int, int, int)",128,8704,0,208,0,128,"SQ_WAVES",1024.000000,378240384892,378247567135
292,292,"Agent 1",1,2236,2236,32768,17,"pk_gemm(__half const*, __half const*, __half*, int, int, int)",128,8704,0,208,0,128,"SQ_WAVE_CYCLES",2958116533.000000,378240384892,378247567135
293,293,"Agent 1",1,2236,2236,32768,17,"pk_gemm(__half const*, __half const*, __half*, int, int, int)",128,8704,0,208,0,128,"SQ_BUSY_CYCLES",18282322.000000,378247596831,378253708991
293,293,"Agent 1",1,2236,2236,32768,17,"pk_gemm(__half const*, __half const*, __half*, int, int, int)",128,8704,0,208,0,128,"SQ_WAIT_ANY",2443973494.000000,378247596831,378253708991
293,293,"Agent 1",1,2236,2236,32768,17,"pk_gemm(__half const*, __half const*, __half*, int, int, int)",128,8704,0,208,0,128,"SQ_WAVES",1024.000000,378247596831,378253708991
293,293,"Agent 1",1,2236,2236,32768,17,"pk_gemm(__half const*, __half const*, __half*, int, int, int)",128,8704,0,208,0,128,"SQ_WAVE_CYCLES",2724258787.000000,378247596831,378253708991
294,294,"Agent 1",1,2236,2236,32768,17,"pk_gemm(__half const*, __half const*, __half*, int, int, int)",128,8704,0,208,0,128,"SQ_BUSY_CYCLES",18059214.000000,378253740289,378259826962
294,294,"Agent 1",1,2236,2236,32768,17,"pk_gemm(__half const*, __half const*, __half*, int, int, int)",128,8704,0,208,0,128,"SQ_WAIT_ANY",2439809930.000000,378253740289,378259826962
294,294,"Agent 1",1,2236,2236,32768,17,"pk_gemm(__half const*, __half const*, __half*, int, int, int)",128,8704,0,208,0,128,"SQ_WAVES",1024.000000,378253740289,378259826962
294,294,"Agent 1",1,2236,2236,32768,17,"pk_gemm(__half const*, __half const*, __half*, int, int, int)",128,8704,0,208,0,128,"SQ_WAVE_CYCLES",2756239501.000000,378253740289,378259826962
295,295,"Agent 1",1,2236,2236,32768,17,"pk_gemm(__half const*, __half const*, __half*, int, int, int)",128,8704,0,208,0,128,"SQ_BUSY_CYCLES",20660662.000000,378259856016,378266778934
295,295,"Agent 1",1,2236,2236,32768,17,"pk_gemm(__half const*, __half const*, __half*, int, int, int)",128,8704,0,208,0,128,"SQ_WAIT_ANY",2756244245.000000,378259856016,378266778934
295,295,"Agent 1",1,2236,2236,32768,17,"pk_gemm(__half const*, __half const*, __half*, int, int, int)",128,8704,0,208,0,128,"SQ_WAVES",1024.000000,378259856016,378266778934
295,295,"Agent 1",1,2236,2236,32768,17,"pk_gemm(__half const*, __half const*, __half*, int, int, int)",128,8704,0,208,0,128,"SQ_WAVE_CYCLES",3051261145.000000,378259856016,378266778934
296,296,"Agent 1",1,2236,2236,32768,17,"pk_gemm(__half const*, __half const*, __half*, int, int, int)",128,8704,0,208,0,128,"SQ_BUSY_CYCLES",20046428.000000,378266835840,378273552131
296,296,"Agent 1",1,2236,2236,32768,17,"pk_gemm(__half const*, __half const*, __half*, int, int, int)",128,8704,0,208,0,128,"SQ_WAIT_ANY",2579847470.000000,378266835840,378273552131
296,296,"Agent 1",1,2236,2236,32768,17,"pk_gemm(__half const*, __half const*, __half*, int, int, int)",128,8704,0,208,0,128,"SQ_WAVES",1024.000000,378266835840,378273552131
296,296,"Agent 1",1,2236,2236,32768,17,"pk_gemm(__half const*, __half const*, __half*, int, int, int)",128,8704,0,208,0,128,"SQ_WAVE_CYCLES",2874309039.000000,378266835840,378273552131
297,297,"Agent 1",1,2236,2236,32768,17,"pk_gemm(__half const*, __half const*, __half*, int, int, int)",128,8704,0,208,0,128,"SQ_BUSY_CYCLES",18750889.000000,378273585634,378279847114
297,297,"Agent 1",1,2236,2236,32768,17,"pk_gemm(__half const*, __half const*, __half*, int, int, int)",128,8704,0,208,0,128,"SQ_WAIT_ANY",2519268983.000000,378273585634,378279847114
297,297,"Agent 1",1,2236,2236,32768,17,"pk_gemm(__half const*, __half const*, __half*, int, int, int)",128,8704,0,208,0,128,"SQ_WAVES",1024.000000,378273585634,378279847114
297,297,"Agent 1",1,2236,2236,32768,17,"pk_gemm(__half const*, __half const*, __half*, int, int, int)",128,8704,0,208,0,128,"SQ_WAVE_CYCLES",2796083105.000000,378273585634,378279847114
298,298,"Agent 1",1,2236,2236,32768,17,"pk_gemm(__half const*, __half const*, __half*, int, int, int)",128,8704,0,208,0,128,"SQ_BUSY_CYCLES",18640949.000000,378279883083,378286167886
298,298,"Agent 1",1,2236,2236,32768,17,"pk_gemm(__half const*, __half const*, __half*, int, int, int)",128,8704,0,208,0,128,"SQ_WAIT_ANY",2448575039.000000,378279883083,378286167886
298,298,"Agent 1",1,2236,2236,32768,17,"pk_gemm(__half const*, __half const*, __half*, int, int, int)",128,8704,0,208,0,128,"SQ_WAVES",1024.000000,378279883083,378286167886
298,298,"Agent 1",1,2236,2236,32768,17,"pk_gemm(__half const*, __half const*, __half*, int, int, int)",128,8704,0,208,0,128,"SQ_WAVE_CYCLES",2752608539.000000,378279883083,378286167886
299,299,"Agent 1",1,2236,2236,32768,17,"pk_gemm(__half const*, __half const*, __half*, int, int, int)",128,8704,0,208,0,128,"SQ_BUSY_CYCLES",19347459.000000,378286203271,378292673381
299,299,"Agent 1",1,2236,2236,32768,17,"pk_gemm(__half const*, __half const*, __half*, int, int, int)",128,8704,0,208,0,128,"SQ_WAIT_ANY",2459034701.000000,378286203271,378292673381
299,299,"Agent 1",1,2236,2236,32768,17,"pk_gemm(__half const*, __half const*, __half*, int, int, int)",128,8704,0,208,0,128,"SQ_WAVES",1024.000000,378286203271,378292673381
299,299,"Agent 1",1,2236,2236,32768,17,"pk_gemm(__half const*, __half const*, __half*, int, int, int)",128,8704,0,208,0,128,"SQ_WAVE_CYCLES",2744126866.000000,378286203271,378292673381
300,300,"Agent 1",1,2236,2236,32768,17,"pk_gemm(__half const*, __half const*, __half*, int, int, int)",128,8704,0,208,0,128,"SQ_BUSY_CYCLES",17984921.000000,378292708687,378298730117
300,300,"Agent 1",1,2236,2236,32768,17,"pk_gemm(__half const*, __half const*, __half*, int, int, int)",128,8704,0,208,0,128,"SQ_WAIT_ANY",2366880098.000000,378292708687,378298730117
300,300,"Agent 1",1,2236,2236,32768,17,"pk_gemm(__half const*, __half const*, __half*, int, int, int)",128,8704,0,208,0,128,"SQ_WAVES",1024.000000,378292708687,378298730117
300,300,"Agent 1",1,2236,2236,32768,17,"pk_gemm(__half const*, __half const*, __half*, int, int, int)",128,8704,0,208,0,128,"SQ_WAVE_CYCLES",2659772734.000000,378292708687,378298730117
301,301,"Agent 1",1,2236,2236,32768,17,"pk_gemm(__half const*, __half const*, __half*, int, int, int)",128,8704,0,208,0,128,"SQ_BUSY_CYCLES",19220509.000000,378298764101,378305272603
301,301,"Agent 1",1,2236,2236,32768,17,"pk_gemm(__half const*, __half const*, __half*, int, int, int)",128,8704,0,208,0,128,"SQ_WAIT_ANY",2557439450.000000,378298764101,378305272603
301,301,"Agent 1",1,2236,2236,32768,17,"pk_gemm(__half const*, __half const*, __half*, int, int, int)",128,8704,0,208,0,128,"SQ_WAVES",1024.000000,378298764101,378305272603
301,301,"Agent 1",1,2236,2236,32768,17,"pk_gemm(__half const*, __half const*, __half*, int, int, int)",128,8704,0,208,0,128,"SQ_WAVE_CYCLES",2845847216.000000,378298764101,378305272603
302,302,"Agent 1",1,2236,2236,32768,17,"pk_gemm(__half const*, __half const*, __half*, int, int, int)",128,8704,0,208,0,128,"SQ_BUSY_CYCLES",19209999.000000,378305305064,378311717906
302,302,"Agent 1",1,2236,2236,32768,17,"pk_gemm(__half const*, __half const*, __half*, int, int, int)",128,8704,0,208,0,128,"SQ_WAIT_ANY",2453499320.000000,378305305064,378311717906
302,302,"Agent 1",1,2236,2236,32768,17,"pk_gemm(__half const*, __half const*, __half*, int, int, int)",128,8704,0,208,0,128,"SQ_WAVES",1024.000000,378305305064,378311717906
302,302,"Agent 1",1,2236,2236,32768,17,"pk_gemm(__half const*, __half const*, __half*, int, int, int)",128,8704,0,208,0,128,"SQ_WAVE_CYCLES",2734053031.000000,378305305064,378311717906
303,303,"Agent 1",1,2236,2236,32768,17,"pk_gemm(__half const*, __half const*, __half*, int, int, int)",128,8704,0,208,0,128,"SQ_BUSY_CYCLES",20427155.000000,378311754375,378318614294
303,303,"Agent 1",1,2236,2236,32768,17,"pk_gemm(__half const*, __half const*, __half*, int, int, int)",128,8704,0,208,0,128,"SQ_WAIT_ANY",2597012204.000000,378311754375,378318614294
303,303,"Agent 1",1,2236,2236,32768,17,"pk_gemm(__half const*, __half const*, __half*, int, int, int)",128,8704,0,208,0,128,"SQ_WAVES",1024.000000,378311754375,378318614294
303,303,"Agent 1",1,2236,2236,32768,17,"pk_gemm(__half const*, __half const*, __half*, int, int, int)",128,8704,0,208,0,128,"SQ_WAVE_CYCLES",2886875235.000000,378311754375,378318614294
304,304,"Agent 1",1,2236,2236,32768,17,"pk_gemm(__half const*, __half const*, __half*, int, int, int)",128,8704,0,208,0,128,"SQ_BUSY_CYCLES",18255444.000000,378318647236,378324764766
304,304,"Agent 1",1,2236,2236,32768,17,"pk_gemm(__half const*, __half const*, __half*, int, int, int)",128,8704,0,208,0,128,"SQ_WAIT_ANY",2385751370.000000,378318647236,378324764766
304,304,"Agent 1",1,2236,2236,32768,17,"pk_gemm(__half const*, __half const*, __half*, int, int, int)",128,8704,0,208,0,128,"SQ_WAVES",1024.000000,378318647236,378324764766
304,304,"Agent 1",1,2236,2236,32768,17,"pk_gemm(__half const*, __half const*, __half*, int, int, int)",128,8704,0,208,0,128,"SQ_WAVE_CYCLES",2692923090.000000,378318647236,378324764766
305,305,"Agent 1",1,2236,2236,32768,17,"pk_gemm(__half const*, __half const*, __half*, int, int, int)",128,8704,0,208,0,128,"SQ_BUSY_CYCLES",19481292.000000,378324798549,378331345443
305,305,"Agent 1",1,2236,2236,32768,17,"pk_gemm(__half const*, __half const*, __half*, int, int, int)",128,8704,0,208,0,128,"SQ_WAIT_ANY",2486486173.000000,378324798549,378331345443
305,305,"Agent 1",1,2236,2236,32768,17,"pk_gemm(__half const*, __half const*, __half*, int, int, int)",128,8704,0,208,0,128,"SQ_WAVES",1024.000000,378324798549,378331345443
305,305,"Agent 1",1,2236,2236,32768,17,"pk_gemm(__half const*, __half const*, __half*, int, int, int)",128,8704,0,208,0,128,"SQ_WAVE_CYCLES",2788842059.000000,378324798549,378331345443
306,306,"Agent 1",1,2236,2236,32768,17,"pk_gemm(__half const*, __half const*, __half*, int, int, int)",128,8704,0,208,0,128,"SQ_BUSY_CYCLES",19753126.000000,378331379066,378338024784
306,306,"Agent 1",1,2236,2236,32768,17,"pk_gemm(__half const*, __half const*, __half*, int, int, int)",128,8704,0,208,0,128,"SQ_WAIT_ANY",2543094932.000000,378331379066,378338024784
306,306,"Agent 1",1,2236,2236,32768,17,"pk_gemm(__half const*, __half const*, __half*, int, int, int)",128,8704,0,208,0,128,"SQ_WAVES",1024.000000,378331379066,378338024784
306,306,"Agent 1",1,2236,2236,32768,17,"pk_gemm(__half const*, __half const*, __half*, int, int, int)",128,8704,0,208,0,128,"SQ_WAVE_CYCLES",2829138230.000000,378331379066,378338024784
307,307,"Agent 1",1,2236,2236,32768,17,"pk_gemm(__half const*, __half const*, __half*, int, int, int)",128,8704,0,208,0,128,"SQ_BUSY_CYCLES",19535875.000000,378338055722,378344650426
307,307,"Agent 1",1,2236,2236,32768,17,"pk_gemm(__half const*, __half const*, __half*, int, int, int)",128,8704,0,208,0,128,"SQ_WAIT_ANY",2607809788.000000,378338055722,378344650426
307,307,"Agent 1",1,2236,2236,32768,17,"pk_gemm(__half const*, __half const*, __half*, int, int, int)",128,8704,0,208,0,128,"SQ_WAVES",1024.000000,378338055722,378344650426
307,307,"Agent 1",1,2236,2236,32768,17,"pk_gemm(__half const*, __half const*, __half*, int, int, int)",128,8704,0,208,0,128,"SQ_WAVE_CYCLES",2912396087.000000,378338055722,378344650426
308,308,"Agent 1",1,2236,2236,32768,17,"pk_gemm(__half const*, __half const*, __half*, int, int, int)",128,8704,0,208,0,128,"SQ_BUSY_CYCLES",21745508.000000,378344681500,378351957640
308,308,"Agent 1",1,2236,2236,32768,17,"pk_gemm(__half const*, __half const*, __half*, int, int, int)",128,8704,0,208,0,128,"SQ_WAIT_ANY",2882630751.000000,378344681500,378351957640
308,308,"Agent 1",1,2236,2236,32768,17,"pk_gemm(__half const*, __half const*, __half*, int, int, int)",128,8704,0,208,0,128,"SQ_WAVES",1024.000000,378344681500,378351957640
308,308,"Agent 1",1,2236,2236,32768,17,"pk_gemm(__half const*, __half const*, __half*, int, int, int)",128,8704,0,208,0,128,"SQ_WAVE_CYCLES",3165564284.000000,378344681500,378351957640
309,309,"Agent 1",1,2236,2236,32768,17,"pk_gemm(__half const*, __half const*, __half*, int, int, int)",128,8704,0,208,0,128,"SQ_BUSY_CYCLES",18627412.000000,378351991783,378358223407
309,309,"Agent 1",1,2236,2236,32768,17,"pk_gemm(__half const*, __half const*, __half*, int, int, int)",128,8704,0,208,0,128,"SQ_WAIT_ANY",2475392675.000000,378351991783,378358223407
309,309,"Agent 1",1,2236,2236,32768,17,"pk_gemm(__half const*, __half const*, __half*, int, int, int)",128,8704,0,208,0,128,"SQ_WAVES",1024.000000,378351991783,378358223407
309,309,"Agent 1",1,2236,2236,32768,17,"pk_gemm(__half const*, __half const*, __half*, int, int, int)",128,8704,0,208,0,128,"SQ_WAVE_CYCLES",2774565273.000000,378351991783,378358223407
310,310,"Agent 1",1,2236,2236,32768,17,"pk_gemm(__half const*, __half const*, __half*, int, int, int)",128,8704,0,208,0,128,"SQ_BUSY_CYCLES",19184690.000000,378358254225,378364711192
310,310,"Agent 1",1,2236,2236,32768,17,"pk_gemm(__half const*, __half const*, __half*, int, int, int)",128,8704,0,208,0,128,"SQ_WAIT_ANY",2504532916.000000,378358254225,378364711192
310,310,"Agent 1",1,2236,2236,32768,17,"pk_gemm(__half const*, __half const*, __half*, int, int, int)",128,8704,0,208,0,128,"SQ_WAVES",1024.000000,378358254225,378364711192
310,310,"Agent 1",1,2236,2236,32768,17,"pk_gemm(__half const*, __half const*, __half*, int, int, int)",128,8704,0,208,0,128,"SQ_WAVE_CYCLES",2800531143.000000,378358254225,378364711192
311,311,"Agent 1",1,2236,2236,32768,17,"pk_gemm(__half const*, __half const*, __half*, int, int, int)",128,8704,0,208,0,128,"SQ_BUSY_CYCLES",17661397.000000,378364741248,378370646742
311,311,"Agent 1",1,2236,2236,32768,17,"pk_gemm(__half const*, __half const*, __half*, int, int, int)",128,8704,0,208,0,128,"SQ_WAIT_ANY",2271059506.000000,378364741248,378370646742
311,311,"Agent 1",1,2236,2236,32768,17,"pk_gemm(__half const*, __half const*, __half*, int, int, int)",128,8704,0,208,0,128,"SQ_WAVES",1024.000000,378364741248,378370646742
311,311,"Agent 1",1,2236,2236,32768,17,"pk_gemm(__half const*, __half const*, __half*, int, int, int)",128,8704,0,208,0,128,"SQ_WAVE_CYCLES",2555771398.000000,378364741248,378370646742
312,312,"Agent 1",1,2236,2236,32768,17,"pk_gemm(__half const*, __half const*, __half*, int, int, int)",128,8704,0,208,0,128,"SQ_BUSY_CYCLES",19288391.000000,378370678442,378377150957
312,312,"Agent 1",1,2236,2236,32768,17,"pk_gemm(__half const*, __half const*, __half*, int, int, int)",128,8704,0,208,0,128,"SQ_WAIT_ANY",2567877633.000000,378370678442,378377150957
312,312,"Agent 1",1,2236,2236,32768,17,"pk_gemm(__half const*, __half const*, __half*, int, int, int)",128,8704,0,208,0,128,"SQ_WAVES",1024.000000,378370678442,378377150957
312,312,"Agent 1",1,2236,2236,32768,17,"pk_gemm(__half const*, __half const*, __half*, int, int, int)",128,8704,0,208,0,128,"SQ_WAVE_CYCLES",2863463382.000000,378370678442,378377150957
313,313,"Agent 1",1,2236,2236,32768,17,"pk_gemm(__half const*, __half const*, __half*, int, int, int)",128,8704,0,208,0,128,"SQ_BUSY_CYCLES",20761810.000000,378377181294,378384176468
313,313,"Agent 1",1,2236,2236,32768,17,"pk_gemm(__half const*, __half const*, __half*, int, int, int)",128,8704,0,208,0,128,"SQ_WAIT_ANY",2713536743.000000,378377181294,378384176468
313,313,"Agent 1",1,2236,2236,32768,17,"pk_gemm(__half const*, __half const*, __half*, int, int, int)",128,8704,0,208,0,128,"SQ_WAVES",1024.000000,378377181294,378384176468
313,313,"Agent 1",1,2236,2236,32768,17,"pk_gemm(__half const*, __half const*, __half*, int, int, int)",128,8704,0,208,0,128,"SQ_WAVE_CYCLES",3000107688.000000,378377181294,378384176468
314,314,"Agent 1",1,2236,2236,32768,17,"pk_gemm(__half const*, __half const*, __half*, int, int, int)",128,8704,0,208,0,128,"SQ_BUSY_CYCLES",20240826.000000,378384207967,378391010621
314,314,"Agent 1",1,2236,2236,32768,17,"pk_gemm(__half const*, __half const*, __half*, int, int, int)",128,8704,0,208,0,128,"SQ_WAIT_ANY",2736412531.000000,378384207967,378391010621
314,314,"Agent 1",1,2236,2236,32768,17,"pk_gemm(__half const*, __half const*, __half*, int, int, int)",128,8704,0,208,0,128,"SQ_WAVES",1024.000000,378384207967,378391010621
314,314,"Agent 1",1,2236,2236,32768,17,"pk_gemm(__half const*, __half const*, __half*, int, int, int)",128,8704,0,208,0,128,"SQ_WAVE_CYCLES",3029305156.000000,378384207967,378391010621
315,315,"Agent 1",1,2236,2236,32768,17,"pk_gemm(__half const*, __half const*, __half*, int, int, int)",128,8704,0,208,0,128,"SQ_BUSY_CYCLES",20655334.000000,378391040677,378397990126
315,315,"Agent 1",1,2236,2236,32768,17,"pk_gemm(__half const*, __half const*, __half*, int, int, int)",128,8704,0,208,0,128,"SQ_WAIT_ANY",2754211223.000000,378391040677,378397990126
315,315,"Agent 1",1,2236,2236,32768,17,"pk_gemm(__half const*, __half const*, __half*, int, int, int)",128,8704,0,208,0,128,"SQ_WAVES",1024.000000,378391040677,378397990126
315,315,"Agent 1",1,2236,2236,32768,17,"pk_gemm(__half const*, __half const*, __half*, int, int, int)",128,8704,0,208,0,128,"SQ_WAVE_CYCLES",3029643439.000000,378391040677,378397990126
316,316,"Agent 1",1,2236,2236,32768,17,"pk_gemm(__half const*, __half const*, __half*, int, int, int)",128,8704,0,208,0,128,"SQ_BUSY_CYCLES",18739014.000000,378398023829,378404313202
316,316,"Agent 1",1,2236,2236,32768,17,"pk_gemm(__half const*, __half const*, __half*, int, int, int)",128,8704,0,208,0,128,"SQ_WAIT_ANY",2409129863.000000,378398023829,378404313202
316,316,"Agent 1",1,2236,2236,32768,17,"pk_gemm(__half const*, __half const*, __half*, int, int, int)",128,8704,0,208,0,128,"SQ_WAVES",1024.000000,378398023829,378404313202
316,316,"Agent 1",1,2236,2236,32768,17,"pk_gemm(__half const*, __half const*, __half*, int, int, int)",128,8704,0,208,0,128,"SQ_WAVE_CYCLES",2712220907.000000,378398023829,378404313202
317,317,"Agent 1",1,2236,2236,32768,17,"pk_gemm(__half const*, __half const*, __half*, int, int, int)",128,8704,0,208,0,128,"SQ_BUSY_CYCLES",18628483.000000,378404344701,378410640165
317,317,"Agent 1",1,2236,2236,32768,17,"pk_gemm(__half const*, __half const*, __half*, int, int, int)",128,8704,0,208,0,128,"SQ_WAIT_ANY",2393954901.000000,378404344701,378410640165
317,317,"Agent 1",1,2236,2236,32768,17,"pk_gemm(__half const*, __half const*, __half*, int, int, int)",128,8704,0,208,0,128,"SQ_WAVES",1024.000000,378404344701,378410640165
317,317,"Agent 1",1,2236,2236,32768,17,"pk_gemm(__half const*, __half const*, __half*, int, int, int)",128,8704,0,208,0,128,"SQ_WAVE_CYCLES",2707495949.000000,378404344701,378410640165
318,318,"Agent 1",1,2236,2236,32768,17,"pk_gemm(__half const*, __half const*, __half*, int, int, int)",128,8704,0,208,0,128,"SQ_BUSY_CYCLES",18979024.000000,378410671017,378417125618
318,318,"Agent 1",1,2236,2236,32768,17,"pk_gemm(__half const*, __half const*, __half*, int, int, int)",128,8704,0,208,0,128,"SQ_WAIT_ANY",2540781624.000000,378410671017,378417125618
318,318,"Agent 1",1,2236,2236,32768,17,"pk_gemm(__half const*, __half const*, __half*, int, int, int)",128,8704,0,208,0,128,"SQ_WAVES",1024.000000,378410671017,378417125618
318,318,"Agent 1",1,2236,2236,32768,17,"pk_gemm(__half const*, __half const*, __half*, int, int, int)",128,8704,0,208,0,128,"SQ_WAVE_CYCLES",2849689966.000000,378410671017,378417125618
319,319,"Agent 1",1,2236,2236,32768,17,"pk_gemm(__half const*, __half const*, __half*, int, int, int)",128,8704,0,208,0,128,"SQ_BUSY_CYCLES",18323004.000000,378417157637,378423292520
319,319,"Agent 1",1,2236,2236,32768,17,"pk_gemm(__half const*, __half const*, __half*, int, int, int)",128,8704,0,208,0,128,"SQ_WAIT_ANY",2344870284.000000,378417157637,378423292520
319,319,"Agent 1",1,2236,2236,32768,17,"pk_gemm(__half const*, __half const*, __half*, int, int, int)",128,8704,0,208,0,128,"SQ_WAVES",1024.000000,378417157637,378423292520
319,319,"Agent 1",1,2236,2236,32768,17,"pk_gemm(__half const*, __half const*, __half*, int, int, int)",128,8704,0,208,0,128,"SQ_WAVE_CYCLES",2624060250.000000,378417157637,378423292520
320,320,"Agent 1",1,2236,2236,32768,17,"pk_gemm(__half const*, __half const*, __half*, int, int, int)",128,8704,0,208,0,128,"SQ_BUSY_CYCLES",19591056.000000,378423322496,378429884137
320,320,"Agent 1",1,2236,2236,32768,17,"pk_gemm(__half const*, __half const*, __half*, int, int, int)",128,8704,0,208,0,128,"SQ_WAIT_ANY",2501750190.000000,378423322496,378429884137
320,320,"Agent 1",1,2236,2236,32768,17,"pk_gemm(__half const*, __half const*, __half*, int, int, int)",128,8704,0,208,0,128,"SQ_WAVES",1024.000000,378423322496,378429884137
320,320,"Agent 1",1,2236,2236,32768,17,"pk_gemm(__half const*, __half const*, __half*, int, int, int)",128,8704,0,208,0,128,"SQ_WAVE_CYCLES",2791465624.000000,378423322496,378429884137
321,321,"Agent 1",1,2236,2236,32768,17,"pk_gemm(__half const*, __half const*, __half*, int, int, int)",128,8704,0,208,0,128,"SQ_BUSY_CYCLES",20531790.000000,378429915556,378436851659
321,321,"Agent 1",1,2236,2236,32768,17,"pk_gemm(__half const*, __half const*, __half*, int, int, int)",128,8704,0,208,0,128,"SQ_WAIT_ANY",2637530493.000000,378429915556,378436851659
321,321,"Agent 1",1,2236,2236,32768,17,"pk_gemm(__half const*, __half const*, __half*, int, int, int)",128,8704,0,208,0,128,"SQ_WAVES",1024.000000,378429915556,378436851659
321,321,"Agent 1",1,2236,2236,32768,17,"pk_gemm(__half const*, __half const*, __half*, int, int, int)",128,8704,0,208,0,128,"SQ_WAVE_CYCLES",2920162515.000000,378429915556,378436851659
322,322,"Agent 1",1,2236,2236,32768,17,"pk_gemm(__half const*, __half const*, __half*, int, int, int)",128,8704,0,208,0,128,"SQ_BUSY_CYCLES",18395603.000000,378436883077,378443059277
322,322,"Agent 1",1,2236,2236,32768,17,"pk_gemm(__half const*, __half const*, __half*, int, int, int)",128,8704,0,208,0,128,"SQ_WAIT_ANY",2308042700.000000,378436883077,378443059277
322,322,"Agent 1",1,2236,2236,32768,17,"pk_gemm(__half const*, __half const*, __half*, int, int, int)",128,8704,0,208,0,128,"SQ_WAVES",1024.000000,378436883077,378443059277
322,322,"Agent 1",1,2236,2236,32768,17,"pk_gemm(__half const*, __half const*, __half*, int, int, int)",128,8704,0,208,0,128,"SQ_WAVE_CYCLES",2621569981.000000,378436883077,378443059277
323,323,"Agent 1",1,2236,2236,32768,17,"pk_gemm(__half const*, __half const*, __half*, int, int, int)",128,8704,0,208,0,128,"SQ_BUSY_CYCLES",15486094.000000,378443088813,378448260372
323,323,"Agent 1",1,2236,2236,32768,17,"pk_gemm(__half const*, __half const*, __half*, int, int, int)",128,8704,0,208,0,128,"SQ_WAIT_ANY",1857714021.000000,378443088813,378448260372
323,323,"Agent 1",1,2236,2236,32768,17,"pk_gemm(__half const*, __half const*, __half*, int, int, int)",128,8704,0,208,0,128,"SQ_WAVES",1024.000000,378443088813,378448260372
323,323,"Agent 1",1,2236,2236,32768,17,"pk_gemm(__half const*, __half const*, __half*, int, int, int)",128,8704,0,208,0,128,"SQ_WAVE_CYCLES",2133849764.000000,378443088813,378448260372
324,324,"Agent 1",1,2236,2236,32768,17,"pk_gemm(__half const*, __half const*, __half*, int, int, int)",128,8704,0,208,0,128,"SQ_BUSY_CYCLES",19856415.000000,378448291551,378454948491
324,324,"Agent 1",1,2236,2236,32768,17,"pk_gemm(__half const*, __half const*, __half*, int, int, int)",128,8704,0,208,0,128,"SQ_WAIT_ANY",2705760719.000000,378448291551,378454948491
324,324,"Agent 1",1,2236,2236,32768,17,"pk_gemm(__half const*, __half const*, __half*, int, int, int)",128,8704,0,208,0,128,"SQ_WAVES",1024.000000,378448291551,378454948491
324,324,"Agent 1",1,2236,2236,32768,17,"pk_gemm(__half const*, __half const*, __half*, int, int, int)",128,8704,0,208,0,128,"SQ_WAVE_CYCLES",2997910059.000000,378448291551,378454948491
325,325,"Agent 1",1,2236,2236,32768,17,"pk_gemm(__half const*, __half const*, __half*, int, int, int)",128,8704,0,208,0,128,"SQ_BUSY_CYCLES",20304632.000000,378454977866,378461785007
325,325,"Agent 1",1,2236,2236,32768,17,"pk_gemm(__half const*, __half const*, __half*, int, int, int)",128,8704,0,208,0,128,"SQ_WAIT_ANY",2695578375.000000,378454977866,378461785007
325,325,"Agent 1",1,2236,2236,32768,17,"pk_gemm(__half const*, __half const*, __half*, int, int, int)",128,8704,0,208,0,128,"SQ_WAVES",1024.000000,378454977866,378461785007
325,325,"Agent 1",1,2236,2236,32768,17,"pk_gemm(__half const*, __half const*, __half*, int, int, int)",128,8704,0,208,0,128,"SQ_WAVE_CYCLES",3002501984.000000,378454977866,378461785007
326,326,"Agent 1",1,2236,2236,32768,17,"pk_gemm(__half const*, __half const*, __half*, int, int, int)",128,8704,0,208,0,128,"SQ_BUSY_CYCLES",18779364.000000,378461846602,378468174606
326,326,"Agent 1",1,2236,2236,32768,17,"pk_gemm(__half const*, __half const*, __half*, int, int, int)",128,8704,0,208,0,128,"SQ_WAIT_ANY",2472472455.000000,378461846602,378468174606
326,326,"Agent 1",1,2236,2236,32768,17,"pk_gemm(__half const*, __half const*, __half*, int, int, int)",128,8704,0,208,0,128,"SQ_WAVES",1024.000000,378461846602,378468174606
326,326,"Agent 1",1,2236,2236,32768,17,"pk_gemm(__half const*, __half const*, __half*, int, int, int)",128,8704,0,208,0,128,"SQ_WAVE_CYCLES",2778048675.000000,378461846602,378468174606
327,327,"Agent 1",1,2236,2236,32768,17,"pk_gemm(__half const*, __half const*, __half*, int, int, int)",128,8704,0,208,0,128,"SQ_BUSY_CYCLES",16916504.000000,378468207948,378473861490
327,327,"Agent 1",1,2236,2236,32768,17,"pk_gemm(__half const*, __half const*, __half*, int, int, int)",128,8704,0,208,0,128,"SQ_WAIT_ANY",2107718885.000000,378468207948,378473861490
327,327,"Agent 1",1,2236,2236,32768,17,"pk_gemm(__half const*, __half const*, __half*, int, int, int)",128,8704,0,208,0,128,"SQ_WAVES",1024.000000,378468207948,378473861490
327,327,"Agent 1",1,2236,2236,32768,17,"pk_gemm(__half const*, __half const*, __half*, int, int, int)",128,8704,0,208,0,128,"SQ_WAVE_CYCLES",2394584478.000000,378468207948,378473861490
328,328,"Agent 1",1,2236,2236,32768,17,"pk_gemm(__half const*, __half const*, __half*, int, int, int)",128,8704,0,208,0,128,"SQ_BUSY_CYCLES",18723464.000000,378473896139,378480173408
328,328,"Agent 1",1,2236,2236,32768,17,"pk_gemm(__half const*, __half const*, __half*, int, int, int)",128,8704,0,208,0,128,"SQ_WAIT_ANY",2361706793.000000,378473896139,378480173408
328,328,"Agent 1",1,2236,2236,32768,17,"pk_gemm(__half const*, __half const*, __half*, int, int, int)",128,8704,0,208,0,128,"SQ_WAVES",1024.000000,378473896139,378480173408
328,328,"Agent 1",1,2236,2236,32768,17,"pk_gemm(__half const*, __half const*, __half*, int, int, int)",128,8704,0,208,0,128,"SQ_WAVE_CYCLES",2639875262.000000,378473896139,378480173408
329,329,"Agent 1",1,2236,2236,32768,17,"pk_gemm(__half const*, __half const*, __half*, int, int, int)",128,8704,0,208,0,128,"SQ_BUSY_CYCLES",18865593.000000,378480212681,378486552187
329,329,"Agent 1",1,2236,2236,32768,17,"pk_gemm(__half const*, __half const*, __half*, int, int, int)",128,8704,0,208,0,128,"SQ_WAIT_ANY",2458091995.000000,378480212681,378486552187
329,329,"Agent 1",1,2236,2236,32768,17,"pk_gemm(__half const*, __half const*, __half*, int, int, int)",128,8704,0,208,0,128,"SQ_WAVES",1024.000000,378480212681,378486552187
329,329,"Agent 1",1,2236,2236,32768,17,"pk_gemm(__half const*, __half const*, __half*, int, int, int)",128,8704,0,208,0,128,"SQ_WAVE_CYCLES",2735204522.000000,378480212681,378486552187
330,330,"Agent 1",1,2236,2236,32768,17,"pk_gemm(__half const*, __half const*, __half*, int, int, int)",128,8704,0,208,0,128,"SQ_BUSY_CYCLES",19446469.000000,378486586010,378493102287
330,330,"Agent 1",1,2236,2236,32768,17,"pk_gemm(__half const*, __half const*, __half*, int, int, int)",128,8704,0,208,0,128,"SQ_WAIT_ANY",2464940937.000000,378486586010,378493102287
330,330,"Agent 1",1,2236,2236,32768,17,"pk_gemm(__half const*, __half const*, __half*, int, int, int)",128,8704,0,208,0,128,"SQ_WAVES",1024.000000,378486586010,378493102287
330,330,"Agent 1",1,2236,2236,32768,17,"pk_gemm(__half const*, __half const*, __half*, int, int, int)",128,8704,0,208,0,128,"SQ_WAVE_CYCLES",2770383167.000000,378486586010,378493102287
331,331,"Agent 1",1,2236,2236,32768,17,"pk_gemm(__half const*, __half const*, __half*, int, int, int)",128,8704,0,208,0,128,"SQ_BUSY_CYCLES",18419371.000000,378493137994,378499325816
331,331,"Agent 1",1,2236,2236,32768,17,"pk_gemm(__half const*, __half const*, __half*, int, int, int)",128,8704,0,208,0,128,"SQ_WAIT_ANY",2298626054.000000,378493137994,378499325816
331,331,"Agent 1",1,2236,2236,32768,17,"pk_gemm(__half const*, __half const*, __half*, int, int, int)",128,8704,0,208,0,128,"SQ_WAVES",1024.000000,378493137994,378499325816
331,331,"Agent 1",1,2236,2236,32768,17,"pk_gemm(__half const*, __half const*, __half*, int, int, int)",128,8704,0,208,0,128,"SQ_WAVE_CYCLES",2576235417.000000,378493137994,378499325816
332,332,"Agent 1",1,2236,2236,32768,17,"pk_gemm(__half const*, __half const*, __half*, int, int, int)",128,8704,0,208,0,128,"SQ_BUSY_CYCLES",19654340.000000,378499360761,378505968168
332,332,"Agent 1",1,2236,2236,32768,17,"pk_gemm(__half const*, __half const*, __half*, int, int, int)",128,8704,0,208,0,128,"SQ_WAIT_ANY",2460071625.000000,378499360761,378505968168
332,332,"Agent 1",1,2236,2236,32768,17,"pk_gemm(__half const*, __half const*, __half*, int, int, int)",128,8704,0,208,0,128,"SQ_WAVES",1024.000000,378499360761,378505968168
332,332,"Agent 1",1,2236,2236,32768,17,"pk_gemm(__half const*, __half const*, __half*, int, int, int)",128,8704,0,208,0,128,"SQ_WAVE_CYCLES",2763224623.000000,378499360761,378505968168
333,333,"Agent 1",1,2236,2236,32768,17,"pk_gemm(__half const*, __half const*, __half*, int, int, int)",128,8704,0,208,0,128,"SQ_BUSY_CYCLES",19901058.000000,378505999587,378512714836
333,333,"Agent 1",1,2236,2236,32768,17,"pk_gemm(__half const*, __half const*, __half*, int, int, int)",128,8704,0,208,0,128,"SQ_WAIT_ANY",2611439081.000000,378505999587,378512714836
333,333,"Agent 1",1,2236,2236,32768,17,"pk_gemm(__half const*, __half const*, __half*, int, int, int)",128,8704,0,208,0,128,"SQ_WAVES",1024.000000,378505999587,378512714836
333,333,"Agent 1",1,2236,2236,32768,17,"pk_gemm(__half const*, __half const*, __half*, int, int, int)",128,8704,0,208,0,128,"SQ_WAVE_CYCLES",2898282668.000000,378505999587,378512714836
334,334,"Agent 1",1,2236,2236,32768,17,"pk_gemm(__half const*, __half const*, __half*, int, int, int)",128,8704,0,208,0,128,"SQ_BUSY_CYCLES",18781680.000000,378512750583,378519044364
334,334,"Agent 1",1,2236,2236,32768,17,"pk_gemm(__half const*, __half const*, __half*, int, int, int)",128,8704,0,208,0,128,"SQ_WAIT_ANY",2427053198.000000,378512750583,378519044364
334,334,"Agent 1",1,2236,2236,32768,17,"pk_gemm(__half const*, __half const*, __half*, int, int, int)",128,8704,0,208,0,128,"SQ_WAVES",1024.000000,378512750583,378519044364
334,334,"Agent 1",1,2236,2236,32768,17,"pk_gemm(__half const*, __half const*, __half*, int, int, int)",128,8704,0,208,0,128,"SQ_WAVE_CYCLES",2727501868.000000,378512750583,378519044364
335,335,"Agent 1",1,2236,2236,32768,17,"pk_gemm(__half const*, __half const*, __half*, int, int, int)",128,8704,0,208,0,128,"SQ_BUSY_CYCLES",18793263.000000,378519078788,378525426028
335,335,"Agent 1",1,2236,2236,32768,17,"pk_gemm(__half const*, __half const*, __half*, int, int, int)",128,8704,0,208,0,128,"SQ_WAIT_ANY",2459684086.000000,378519078788,378525426028
335,335,"Agent 1",1,2236,2236,32768,17,"pk_gemm(__half const*, __half const*, __half*, int, int, int)",128,8704,0,208,0,128,"SQ_WAVES",1024.000000,378519078788,378525426028
335,335,"Agent 1",1,2236,2236,32768,17,"pk_gemm(__half const*, __half const*, __half*, int, int, int)",128,8704,0,208,0,128,"SQ_WAVE_CYCLES",2755223988.000000,378519078788,378525426028
336,336,"Agent 1",1,2236,2236,32768,17,"pk_gemm(__half const*, __half const*, __half*, int, int, int)",128,8704,0,208,0,128,"SQ_BUSY_CYCLES",19401170.000000,378525458289,378531979535
336,336,"Agent 1",1,2236,2236,32768,17,"pk_gemm(__half const*, __half const*, __half*, int, int, int)",128,8704,0,208,0,128,"SQ_WAIT_ANY",2466334611.000000,378525458289,378531979535
336,336,"Agent 1",1,2236,2236,32768,17,"pk_gemm(__half const*, __half const*, __half*, int, int, int)",128,8704,0,208,0,128,"SQ_WAVES",1024.000000,378525458289,378531979535
336,336,"Agent 1",1,2236,2236,32768,17,"pk_gemm(__half const*, __half const*, __half*, int, int, int)",128,8704,0,208,0,128,"SQ_WAVE_CYCLES",2756617188.000000,378525458289,378531979535
337,337,"Agent 1",1,2236,2236,32768,17,"pk_gemm(__half const*, __half const*, __half*, int, int, int)",128,8704,0,208,0,128,"SQ_BUSY_CYCLES",18261522.000000,378532015362,378538113055
337,337,"Agent 1",1,2236,2236,32768,17,"pk_gemm(__half const*, __half const*, __half*, int, int, int)",128,8704,0,208,0,128,"SQ_WAIT_ANY",2385276687.000000,378532015362,378538113055
337,337,"Agent 1",1,2236,2236,32768,17,"pk_gemm(__half const*, __half const*, __half*, int, int, int)",128,8704,0,208,0,128,"SQ_WAVES",1024.000000,378532015362,378538113055
337,337,"Agent 1",1,2236,2236,32768,17,"pk_gemm(__half const*, __half const*, __half*, int, int, int)",128,8704,0,208,0,128,"SQ_WAVE_CYCLES",2662482489.000000,378532015362,378538113055
338,338,"Agent 1",1,2236,2236,32768,17,"pk_gemm(__half const*, __half const*, __half*, int, int, int)",128,8704,0,208,0,128,"SQ_BUSY_CYCLES",18252832.000000,378538146805,378544316272
338,338,"Agent 1",1,2236,2236,32768,17,"pk_gemm(__half const*, __half const*, __half*, int, int, int)",128,8704,0,208,0,128,"SQ_WAIT_ANY",2393990589.000000,378538146805,378544316272
338,338,"Agent 1",1,2236,2236,32768,17,"pk_gemm(__half const*, __half const*, __half*, int, int, int)",128,8704,0,208,0,128,"SQ_WAVES",1024.000000,378538146805,378544316272
338,338,"Agent 1",1,2236,2236,32768,17,"pk_gemm(__half const*, __half const*, __half*, int, int, int)",128,8704,0,208,0,128,"SQ_WAVE_CYCLES",2694710928.000000,378538146805,378544316272
339,339,"Agent 1",1,2236,2236,32768,17,"pk_gemm(__half const*, __half const*, __half*, int, int, int)",128,8704,0,208,0,128,"SQ_BUSY_CYCLES",16929104.000000,378544349333,378550005761
339,339,"Agent 1",1,2236,2236,32768,17,"pk_gemm(__half const*, __half const*, __half*, int, int, int)",128,8704,0,208,0,128,"SQ_WAIT_ANY",2117892858.000000,378544349333,378550005761
339,339,"Agent 1",1,2236,2236,32768,17,"pk_gemm(__half const*, __half const*, __half*, int, int, int)",128,8704,0,208,0,128,"SQ_WAVES",1024.000000,378544349333,378550005761
339,339,"Agent 1",1,2236,2236,32768,17,"pk_gemm(__half const*, __half const*, __half*, int, int, int)",128,8704,0,208,0,128,"SQ_WAVE_CYCLES",2392028541.000000,378544349333,378550005761
340,340,"Agent 1",1,2236,2236,32768,17,"pk_gemm(__half const*, __half const*, __half*, int, int, int)",128,8704,0,208,0,128,"SQ_BUSY_CYCLES",17261390.000000,378550038662,378555888211
340,340,"Agent 1",1,2236,2236,32768,17,"pk_gemm(__half const*, __half const*, __half*, int, int, int)",128,8704,0,208,0,128,"SQ_WAIT_ANY",2281350597.000000,378550038662,378555888211
340,340,"Agent 1",1,2236,2236,32768,17,"pk_gemm(__half const*, __half const*, __half*, int, int, int)",128,8704,0,208,0,128,"SQ_WAVES",1024.000000,378550038662,378555888211
340,340,"Agent 1",1,2236,2236,32768,17,"pk_gemm(__half const*, __half const*, __half*, int, int, int)",128,8704,0,208,0,128,"SQ_WAVE_CYCLES",2582492905.000000,378550038662,378555888211
341,341,"Agent 1",1,2236,2236,32768,17,"pk_gemm(__half const*, __half const*, __half*, int, int, int)",128,8704,0,208,0,128,"SQ_BUSY_CYCLES",19766901.000000,378555919670,378562585587
341,341,"Agent 1",1,2236,2236,32768,17,"pk_gemm(__half const*, __half const*, __half*, int, int, int)",128,8704,0,208,0,128,"SQ_WAIT_ANY",2545117736.000000,378555919670,378562585587
341,341,"Agent 1",1,2236,2236,32768,17,"pk_gemm(__half const*, __half const*, __half*, int, int, int)",128,8704,0,208,0,128,"SQ_WAVES",1024.000000,378555919670,378562585587
341,341,"Agent 1",1,2236,2236,32768,17,"pk_gemm(__half const*, __half const*, __half*, int, int, int)",128,8704,0,208,0,128,"SQ_WAVE_CYCLES",2856766714.000000,378555919670,378562585587
342,342,"Agent 1",1,2236,2236,32768,17,"pk_gemm(__half const*, __half const*, __half*, int, int, int)",128,8704,0,208,0,128,"SQ_BUSY_CYCLES",18776359.000000,378562617526,378568904013
342,342,"Agent 1",1,2236,2236,32768,17,"pk_gemm(__half const*, __half const*, __half*, int, int, int)",128,8704,0,208,0,128,"SQ_WAIT_ANY",2485841044.000000,378562617526,378568904013
342,342,"Agent 1",1,2236,2236,32768,17,"pk_gemm(__half const*, __half const*, __half*, int, int, int)",128,8704,0,208,0,128,"SQ_WAVES",1024.000000,378562617526,378568904013
342,342,"Agent 1",1,2236,2236,32768,17,"pk_gemm(__half const*, __half const*, __half*, int, int, int)",128,8704,0,208,0,128,"SQ_WAVE_CYCLES",2769329708.000000,378562617526,378568904013
343,343,"Agent 1",1,2236,2236,32768,17,"pk_gemm(__half const*, __half const*, __half*, int, int, int)",128,8704,0,208,0,128,"SQ_BUSY_CYCLES",19148876.000000,378568933388,378575392358
343,343,"Agent 1",1,2236,2236,32768,17,"pk_gemm(__half const*, __half const*, __half*, int, int, int)",128,8704,0,208,0,128,"SQ_WAIT_ANY",2563705139.000000,378568933388,378575392358
343,343,"Agent 1",1,2236,2236,32768,17,"pk_gemm(__half const*, __half const*, __half*, int, int, int)",128,8704,0,208,0,128,"SQ_WAVES",1024.000000,378568933388,378575392358
343,343,"Agent 1",1,2236,2236,32768,17,"pk_gemm(__half const*, __half const*, __half*, int, int, int)",128,8704,0,208,0,128,"SQ_WAVE_CYCLES",2861928981.000000,378568933388,378575392358
344,344,"Agent 1",1,2236,2236,32768,17,"pk_gemm(__half const*, __half const*, __half*, int, int, int)",128,8704,0,208,0,128,"SQ_BUSY_CYCLES",18932015.000000,378575424538,378581778711
344,344,"Agent 1",1,2236,2236,32768,17,"pk_gemm(__half const*, __half const*, __half*, int, int, int)",128,8704,0,208,0,128,"SQ_WAIT_ANY",2475099826.000000,378575424538,378581778711
344,344,"Agent 1",1,2236,2236,32768,17,"pk_gemm(__half const*, __half const*, __half*, int, int, int)",128,8704,0,208,0,128,"SQ_WAVES",1024.000000,378575424538,378581778711
344,344,"Agent 1",1,2236,2236,32768,17,"pk_gemm(__half const*, __half const*, __half*, int, int, int)",128,8704,0,208,0,128,"SQ_WAVE_CYCLES",2766389762.000000,378575424538,378581778711
345,345,"Agent 1",1,2236,2236,32768,17,"pk_gemm(__half const*, __half const*, __half*, int, int, int)",128,8704,0,208,0,128,"SQ_BUSY_CYCLES",19100289.000000,378581810371,378588198447
345,345,"Agent 1",1,2236,2236,32768,17,"pk_gemm(__half const*, __half const*, __half*, int, int, int)",128,8704,0,208,0,128,"SQ_WAIT_ANY",2415167974.000000,378581810371,378588198447
345,345,"Agent 1",1,2236,2236,32768,17,"pk_gemm(__half const*, __half const*, __half*, int, int, int)",128,8704,0,208,0,128,"SQ_WAVES",1024.000000,378581810371,378588198447
345,345,"Agent 1",1,2236,2236,32768,17,"pk_gemm(__half const*, __half const*, __half*, int, int, int)",128,8704,0,208,0,128,"SQ_WAVE_CYCLES",2685508606.000000,378581810371,378588198447
346,346,"Agent 1",1,2236,2236,32768,17,"pk_gemm(__half const*, __half const*, __half*, int, int, int)",128,8704,0,208,0,128,"SQ_BUSY_CYCLES",21185421.000000,378588230187,378595311281
346,346,"Agent 1",1,2236,2236,32768,17,"pk_gemm(__half const*, __half const*, __half*, int, int, int)",128,8704,0,208,0,128,"SQ_WAIT_ANY",2840929873.000000,378588230187,378595311281
346,346,"Agent 1",1,2236,2236,32768,17,"pk_gemm(__half const*, __half const*, __half*, int, int, int)",128,8704,0,208,0,128,"SQ_WAVES",1024.000000,378588230187,378595311281
346,346,"Agent 1",1,2236,2236,32768,17,"pk_gemm(__half const*, __half const*, __half*, int, int, int)",128,8704,0,208,0,128,"SQ_WAVE_CYCLES",3130667090.000000,378588230187,378595311281
347,347,"Agent 1",1,2236,2236,32768,17,"pk_gemm(__half const*, __half const*, __half*, int, int, int)",128,8704,0,208,0,128,"SQ_BUSY_CYCLES",18892369.000000,378595342860,378601718113
347,347,"Agent 1",1,2236,2236,32768,17,"pk_gemm(__half const*, __half const*, __half*, int, int, int)",128,8704,0,208,0,128,"SQ_WAIT_ANY",2497510613.000000,378595342860,378601718113
347,347,"Agent 1",1,2236,2236,32768,17,"pk_gemm(__half const*, __half const*, __half*, int, int, int)",128,8704,0,208,0,128,"SQ_WAVES",1024.000000,378595342860,378601718113
347,347,"Agent 1",1,2236,2236,32768,17,"pk_gemm(__half const*, __half const*, __half*, int, int, int)",128,8704,0,208,0,128,"SQ_WAVE_CYCLES",2805675118.000000,378595342860,378601718113
348,348,"Agent 1",1,2236,2236,32768,17,"pk_gemm(__half const*, __half const*, __half*, int, int, int)",128,8704,0,208,0,128,"SQ_BUSY_CYCLES",19752218.000000,378601749350,378608425566
348,348,"Agent 1",1,2236,2236,32768,17,"pk_gemm(__half const*, __half const*, __half*, int, int, int)",128,8704,0,208,0,128,"SQ_WAIT_ANY",2610918450.000000,378601749350,378608425566
348,348,"Agent 1",1,2236,2236,32768,17,"pk_gemm(__half const*, __half const*, __half*, int, int, int)",128,8704,0,208,0,128,"SQ_WAVES",1024.000000,378601749350,378608425566
348,348,"Agent 1",1,2236,2236,32768,17,"pk_gemm(__half const*, __half const*, __half*, int, int, int)",128,8704,0,208,0,128,"SQ_WAVE_CYCLES",2895190679.000000,378601749350,378608425566
349,349,"Agent 1",1,2236,2236,32768,17,"pk_gemm(__half const*, __half const*, __half*, int, int, int)",128,8704,0,208,0,128,"SQ_BUSY_CYCLES",18230269.000000,378608458066,378614557603
349,349,"Agent 1",1,2236,2236,32768,17,"pk_gemm(__half const*, __half const*, __half*, int, int, int)",128,8704,0,208,0,128,"SQ_WAIT_ANY",2377244801.000000,378608458066,378614557603
349,349,"Agent 1",1,2236,2236,32768,17,"pk_gemm(__half const*, __half const*, __half*, int, int, int)",128,8704,0,208,0,128,"SQ_WAVES",1024.000000,378608458066,378614557603
349,349,"Agent 1",1,2236,2236,32768,17,"pk_gemm(__half const*, __half const*, __half*, int, int, int)",128,8704,0,208,0,128,"SQ_WAVE_CYCLES",2659598777.000000,378608458066,378614557603
350,350,"Agent 1",1,2236,2236,32768,17,"pk_gemm(__half const*, __half const*, __half*, int, int, int)",128,8704,0,208,0,128,"SQ_BUSY_CYCLES",17136727.000000,378614590064,378620315540
350,350,"Agent 1",1,2236,2236,32768,17,"pk_gemm(__half const*, __half const*, __half*, int, int, int)",128,8704,0,208,0,128,"SQ_WAIT_ANY",2171424897.000000,378614590064,378620315540
350,350,"Agent 1",1,2236,2236,32768,17,"pk_gemm(__half const*, __half const*, __half*, int, int, int)",128,8704,0,208,0,128,"SQ_WAVES",1024.000000,378614590064,378620315540
350,350,"Agent 1",1,2236,2236,32768,17,"pk_gemm(__half const*, __half const*, __half*, int, int, int)",128,8704,0,208,0,128,"SQ_WAVE_CYCLES",2446876385.000000,378614590064,378620315540
351,351,"Agent 1",1,2236,2236,32768,17,"pk_gemm(__half const*, __half const*, __half*, int, int, int)",128,8704,0,208,0,128,"SQ_BUSY_CYCLES",17921890.000000,378620347280,378626330439
351,351,"Agent 1",1,2236,2236,32768,17,"pk_gemm(__half const*, __half const*, __half*, int, int, int)",128,8704,0,208,0,128,"SQ_WAIT_ANY",2300109880.000000,378620347280,378626330439
351,351,"Agent 1",1,2236,2236,32768,17,"pk_gemm(__half const*, __half const*, __half*, int, int, int)",128,8704,0,208,0,128,"SQ_WAVES",1024.000000,378620347280,378626330439
351,351,"Agent 1",1,2236,2236,32768,17,"pk_gemm(__half const*, __half const*, __half*, int, int, int)",128,8704,0,208,0,128,"SQ_WAVE_CYCLES",2573491180.000000,378620347280,378626330439
352,352,"Agent 1",1,2236,2236,32768,17,"pk_gemm(__half const*, __half const*, __half*, int, int, int)",128,8704,0,208,0,128,"SQ_BUSY_CYCLES",18585882.000000,378626362138,378632624299
352,352,"Agent 1",1,2236,2236,32768,17,"pk_gemm(__half const*, __half const*, __half*, int, int, int)",128,8704,0,208,0,128,"SQ_WAIT_ANY",2340227273.000000,378626362138,378632624299
352,352,"Agent 1",1,2236,2236,32768,17,"pk_gemm(__half const*, __half const*, __half*, int, int, int)",128,8704,0,208,0,128,"SQ_WAVES",1024.000000,378626362138,378632624299
352,352,"Agent 1",1,2236,2236,32768,17,"pk_gemm(__half const*, __half const*, __half*, int, int, int)",128,8704,0,208,0,128,"SQ_WAVE_CYCLES",2653262843.000000,378626362138,378632624299
353,353,"Agent 1",1,2236,2236,32768,17,"pk_gemm(__half const*, __half const*, __half*, int, int, int)",128,8704,0,208,0,128,"SQ_BUSY_CYCLES",19219056.000000,378632653795,378639080023
353,353,"Agent 1",1,2236,2236,32768,17,"pk_gemm(__half const*, __half const*, __half*, int, int, int)",128,8704,0,208,0,128,"SQ_WAIT_ANY",2400037666.000000,378632653795,378639080023
353,353,"Agent 1",1,2236,2236,32768,17,"pk_gemm(__half const*, __half const*, __half*, int, int, int)",128,8704,0,208,0,128,"SQ_WAVES",1024.000000,378632653795,378639080023
353,353,"Agent 1",1,2236,2236,32768,17,"pk_gemm(__half const*, __half const*, __half*, int, int, int)",128,8704,0,208,0,128,"SQ_WAVE_CYCLES",2680259014.000000,378632653795,378639080023
354,354,"Agent 1",1,2236,2236,32768,17,"pk_gemm(__half const*, __half const*, __half*, int, int, int)",128,8704,0,208,0,128,"SQ_BUSY_CYCLES",19373861.000000,378639109839,378645645352
354,354,"Agent 1",1,2236,2236,32768,17,"pk_gemm(__half const*, __half const*, __half*, int, int, int)",128,8704,0,208,0,128,"SQ_WAIT_ANY",2589193536.000000,378639109839,378645645352
354,354,"Agent 1",1,2236,2236,32768,17,"pk_gemm(__half const*, __half const*, __half*, int, int, int)",128,8704,0,208,0,128,"SQ_WAVES",1024.000000,378639109839,378645645352
354,354,"Agent 1",1,2236,2236,32768,17,"pk_gemm(__half const*, __half const*, __half*, int, int, int)",128,8704,0,208,0,128,"SQ_WAVE_CYCLES",2865435660.000000,378639109839,378645645352
355,355,"Agent 1",1,2236,2236,32768,17,"pk_gemm(__half const*, __half const*, __half*, int, int, int)",128,8704,0,208,0,128,"SQ_BUSY_CYCLES",17083790.000000,378645674927,378651381248
355,355,"Agent 1",1,2236,2236,32768,17,"pk_gemm(__half const*, __half const*, __half*, int, int, int)",128,8704,0,208,0,128,"SQ_WAIT_ANY",2157581283.000000,378645674927,378651381248
355,355,"Agent 1",1,2236,2236,32768,17,"pk_gemm(__half const*, __half const*, __half*, int, int, int)",128,8704,0,208,0,128,"SQ_WAVES",1024.000000,378645674927,378651381248
355,355,"Agent 1",1,2236,2236,32768,17,"pk_gemm(__half const*, __half const*, __half*, int, int, int)",128,8704,0,208,0,128,"SQ_WAVE_CYCLES",2432401949.000000,378645674927,378651381248
356,356,"Agent 1",1,2236,2236,32768,17,"pk_gemm(__half const*, __half const*, __half*, int, int, int)",128,8704,0,208,0,128,"SQ_BUSY_CYCLES",18359410.000000,378651437073,378657583177
356,356,"Agent 1",1,2236,2236,32768,17,"pk_gemm(__half const*, __half const*, __half*, int, int, int)",128,8704,0,208,0,128,"SQ_WAIT_ANY",2409775861.000000,378651437073,378657583177
356,356,"Agent 1",1,2236,2236,32768,17,"pk_gemm(__half const*, __half const*, __half*, int, int, int)",128,8704,0,208,0,128,"SQ_WAVES",1024.000000,378651437073,378657583177
356,356,"Agent 1",1,2236,2236,32768,17,"pk_gemm(__half const*, __half const*, __half*, int, int, int)",128,8704,0,208,0,128,"SQ_WAVE_CYCLES",2711376677.000000,378651437073,378657583177
357,357,"Agent 1",1,2236,2236,32768,17,"pk_gemm(__half const*, __half const*, __half*, int, int, int)",128,8704,0,208,0,128,"SQ_BUSY_CYCLES",18903665.000000,378657619845,378663944604
357,357,"Agent 1",1,2236,2236,32768,17,"pk_gemm(__half const*, __half const*, __half*, int, int, int)",128,8704,0,208,0,128,"SQ_WAIT_ANY",2396798149.000000,378657619845,378663944604
357,357,"Agent 1",1,2236,2236,32768,17,"pk_gemm(__half const*, __half const*, __half*, int, int, int)",128,8704,0,208,0,128,"SQ_WAVES",1024.000000,378657619845,378663944604
357,357,"Agent 1",1,2236,2236,32768,17,"pk_gemm(__half const*, __half const*, __half*, int, int, int)",128,8704,0,208,0,128,"SQ_WAVE_CYCLES",2674990708.000000,378657619845,378663944604
358,358,"Agent 1",1,2236,2236,32768,17,"pk_gemm(__half const*, __half const*, __half*, int, int, int)",128,8704,0,208,0,128,"SQ_BUSY_CYCLES",17537149.000000,378663980310,378669853343
358,358,"Agent 1",1,2236,2236,32768,17,"pk_gemm(__half const*, __half const*, __half*, int, int, int)",128,8704,0,208,0,128,"SQ_WAIT_ANY",2338822534.000000,378663980310,378669853343
358,358,"Agent 1",1,2236,2236,32768,17,"pk_gemm(__half const*, __half const*, __half*, int, int, int)",128,8704,0,208,0,128,"SQ_WAVES",1024.000000,378663980310,378669853343
358,358,"Agent 1",1,2236,2236,32768,17,"pk_gemm(__half const*, __half const*, __half*, int, int, int)",128,8704,0,208,0,128,"SQ_WAVE_CYCLES",2633695727.000000,378663980310,378669853343
359,359,"Agent 1",1,2236,2236,32768,17,"pk_gemm(__half const*, __half const*, __half*, int, int, int)",128,8704,0,208,0,128,"SQ_BUSY_CYCLES",19637613.000000,378669887841,378676450966
359,359,"Agent 1",1,2236,2236,32768,17,"pk_gemm(__half const*, __half const*, __half*, int, int, int)",128,8704,0,208,0,128,"SQ_WAIT_ANY",2590514642.000000,378669887841,378676450966
359,359,"Agent 1",1,2236,2236,32768,17,"pk_gemm(__half const*, __half const*, __half*, int, int, int)",128,8704,0,208,0,128,"SQ_WAVES",1024.000000,378669887841,378676450966
359,359,"Agent 1",1,2236,2236,32768,17,"pk_gemm(__half const*, __half const*, __half*, int, int, int)",128,8704,0,208,0,128,"SQ_WAVE_CYCLES",2867919505.000000,378669887841,378676450966
360,360,"Agent 1",1,2236,2236,32768,17,"pk_gemm(__half const*, __half const*, __half*, int, int, int)",128,8704,0,208,0,128,"SQ_BUSY_CYCLES",18342741.000000,378676488555,378682660989
360,360,"Agent 1",1,2236,2236,32768,17,"pk_gemm(__half const*, __half const*, __half*, int, int, int)",128,8704,0,208,0,128,"SQ_WAIT_ANY",2431746529.000000,378676488555,378682660989
360,360,"Agent 1",1,2236,2236,32768,17,"pk_gemm(__half const*, __half const*, __half*, int, int, int)",128,8704,0,208,0,128,"SQ_WAVES",1024.000000,378676488555,378682660989
360,360,"Agent 1",1,2236,2236,32768,17,"pk_gemm(__half const*, __half const*, __half*, int, int, int)",128,8704,0,208,0,128,"SQ_WAVE_CYCLES",2729472432.000000,378676488555,378682660989
361,361,"Agent 1",1,2236,2236,32768,17,"pk_gemm(__half const*, __half const*, __half*, int, int, int)",128,8704,0,208,0,128,"SQ_BUSY_CYCLES",19198568.000000,378682694692,378689111182
361,361,"Agent 1",1,2236,2236,32768,17,"pk_gemm(__half const*, __half const*, __half*, int, int, int)",128,8704,0,208,0,128,"SQ_WAIT_ANY",2409994818.000000,378682694692,378689111182
361,361,"Agent 1",1,2236,2236,32768,17,"pk_gemm(__half const*, __half const*, __half*, int, int, int)",128,8704,0,208,0,128,"SQ_WAVES",1024.000000,378682694692,378689111182
361,361,"Agent 1",1,2236,2236,32768,17,"pk_gemm(__half const*, __half const*, __half*, int, int, int)",128,8704,0,208,0,128,"SQ_WAVE_CYCLES",2691942771.000000,378682694692,378689111182
362,362,"Agent 1",1,2236,2236,32768,17,"pk_gemm(__half const*, __half const*, __half*, int, int, int)",128,8704,0,208,0,128,"SQ_BUSY_CYCLES",20057867.000000,378689146168,378695867508
362,362,"Agent 1",1,2236,2236,32768,17,"pk_gemm(__half const*, __half const*, __half*, int, int, int)",128,8704,0,208,0,128,"SQ_WAIT_ANY",2671562042.000000,378689146168,378695867508
362,362,"Agent 1",1,2236,2236,32768,17,"pk_gemm(__half const*, __half const*, __half*, int, int, int)",128,8704,0,208,0,128,"SQ_WAVES",1024.000000,378689146168,378695867508
362,362,"Agent 1",1,2236,2236,32768,17,"pk_gemm(__half const*, __half const*, __half*, int, int, int)",128,8704,0,208,0,128,"SQ_WAVE_CYCLES",2955881889.000000,378689146168,378695867508
363,363,"Agent 1",1,2236,2236,32768,17,"pk_gemm(__half const*, __half const*, __half*, int, int, int)",128,8704,0,208,0,128,"SQ_BUSY_CYCLES",17970561.000000,378695899969,378701914627
363,363,"Agent 1",1,2236,2236,32768,17,"pk_gemm(__half const*, __half const*, __half*, int, int, int)",128,8704,0,208,0,128,"SQ_WAIT_ANY",2316481773.000000,378695899969,378701914627
363,363,"Agent 1",1,2236,2236,32768,17,"pk_gemm(__half const*, __half const*, __half*, int, int, int)",128,8704,0,208,0,128,"SQ_WAVES",1024.000000,378695899969,378701914627
363,363,"Agent 1",1,2236,2236,32768,17,"pk_gemm(__half const*, __half const*, __half*, int, int, int)",128,8704,0,208,0,128,"SQ_WAVE_CYCLES",2621484092.000000,378695899969,378701914627
364,364,"Agent 1",1,2236,2236,32768,17,"pk_gemm(__half const*, __half const*, __half*, int, int, int)",128,8704,0,208,0,128,"SQ_BUSY_CYCLES",20818866.000000,378701949132,378708912446
364,364,"Agent 1",1,2236,2236,32768,17,"pk_gemm(__half const*, __half const*, __half*, int, int, int)",128,8704,0,208,0,128,"SQ_WAIT_ANY",2793855955.000000,378701949132,378708912446
364,364,"Agent 1",1,2236,2236,32768,17,"pk_gemm(__half const*, __half const*, __half*, int, int, int)",128,8704,0,208,0,128,"SQ_WAVES",1024.000000,378701949132,378708912446
364,364,"Agent 1",1,2236,2236,32768,17,"pk_gemm(__half const*, __half const*, __half*, int, int, int)",128,8704,0,208,0,128,"SQ_WAVE_CYCLES",3078228273.000000,378701949132,378708912446
365,365,"Agent 1",1,2236,2236,32768,17,"pk_gemm(__half const*, __half const*, __half*, int, int, int)",128,8704,0,208,0,128,"SQ_BUSY_CYCLES",19777397.000000,378708946229,378715641521
365,365,"Agent 1",1,2236,2236,32768,17,"pk_gemm(__half const*, __half const*, __half*, int, int, int)",128,8704,0,208,0,128,"SQ_WAIT_ANY",2564280865.000000,378708946229,378715641521
365,365,"Agent 1",1,2236,2236,32768,17,"pk_gemm(__half const*, __half const*, __half*, int, int, int)",128,8704,0,208,0,128,"SQ_WAVES",1024.000000,378708946229,378715641521
365,365,"Agent 1",1,2236,2236,32768,17,"pk_gemm(__half const*, __half const*, __half*, int, int, int)",128,8704,0,208,0,128,"SQ_WAVE_CYCLES",2846480944.000000,378708946229,378715641521
366,366,"Agent 1",1,2236,2236,32768,17,"pk_gemm(__half const*, __half const*, __half*, int, int, int)",128,8704,0,208,0,128,"SQ_BUSY_CYCLES",19963982.000000,378715673060,378722392438
366,366,"Agent 1",1,2236,2236,32768,17,"pk_gemm(__half const*, __half const*, __half*, int, int, int)",128,8704,0,208,0,128,"SQ_WAIT_ANY",2571853395.000000,378715673060,378722392438
366,366,"Agent 1",1,2236,2236,32768,17,"pk_gemm(__half const*, __half const*, __half*, int, int, int)",128,8704,0,208,0,128,"SQ_WAVES",1024.000000,378715673060,378722392438
366,366,"Agent 1",1,2236,2236,32768,17,"pk_gemm(__half const*, __half const*, __half*, int, int, int)",128,8704,0,208,0,128,"SQ_WAVE_CYCLES",2869513559.000000,378715673060,378722392438
367,367,"Agent 1",1,2236,2236,32768,17,"pk_gemm(__half const*, __half const*, __half*, int, int, int)",128,8704,0,208,0,128,"SQ_BUSY_CYCLES",20441541.000000,378722424418,378729250074
367,367,"Agent 1",1,2236,2236,32768,17,"pk_gemm(__half const*, __half const*, __half*, int, int, int)",128,8704,0,208,0,128,"SQ_WAIT_ANY",2572093796.000000,378722424418,378729250074
367,367,"Agent 1",1,2236,2236,32768,17,"pk_gemm(__half const*, __half const*, __half*, int, int, int)",128,8704,0,208,0,128,"SQ_WAVES",1024.000000,378722424418,378729250074
367,367,"Agent 1",1,2236,2236,32768,17,"pk_gemm(__half const*, __half const*, __half*, int, int, int)",128,8704,0,208,0,128,"SQ_WAVE_CYCLES",2855304725.000000,378722424418,378729250074
368,368,"Agent 1",1,2236,2236,32768,17,"pk_gemm(__half const*, __half const*, __half*, int, int, int)",128,8704,0,208,0,128,"SQ_BUSY_CYCLES",21425118.000000,378729281292,378736483573
368,368,"Agent 1",1,2236,2236,32768,17,"pk_gemm(__half const*, __half const*, __half*, int, int, int)",128,8704,0,208,0,128,"SQ_WAIT_ANY",2894959064.000000,378729281292,378736483573
368,368,"Agent 1",1,2236,2236,32768,17,"pk_gemm(__half const*, __half const*, __half*, int, int, int)",128,8704,0,208,0,128,"SQ_WAVES",1024.000000,378729281292,378736483573
368,368,"Agent 1",1,2236,2236,32768,17,"pk_gemm(__half const*, __half const*, __half*, int, int, int)",128,8704,0,208,0,128,"SQ_WAVE_CYCLES",3189702743.000000,378729281292,378736483573
369,369,"Agent 1",1,2236,2236,32768,17,"pk_gemm(__half const*, __half const*, __half*, int, int, int)",128,8704,0,208,0,128,"SQ_BUSY_CYCLES",19227055.000000,378736515514,378743005903
369,369,"Agent 1",1,2236,2236,32768,17,"pk_gemm(__half const*, __half const*, __half*, int, int, int)",128,8704,0,208,0,128,"SQ_WAIT_ANY",2462473057.000000,378736515514,378743005903
369,369,"Agent 1",1,2236,2236,32768,17,"pk_gemm(__half const*, __half const*, __half*, int, int, int)",128,8704,0,208,0,128,"SQ_WAVES",1024.000000,378736515514,378743005903
369,369,"Agent 1",1,2236,2236,32768,17,"pk_gemm(__half const*, __half const*, __half*, int, int, int)",128,8704,0,208,0,128,"SQ_WAVE_CYCLES",2748461260.000000,378736515514,378743005903
370,370,"Agent 1",1,2236,2236,32768,17,"pk_gemm(__half const*, __half const*, __half*, int, int, int)",128,8704,0,208,0,128,"SQ_BUSY_CYCLES",19141937.000000,378743040607,378749483306
370,370,"Agent 1",1,2236,2236,32768,17,"pk_gemm(__half const*, __half const*, __half*, int, int, int)",128,8704,0,208,0,128,"SQ_WAIT_ANY",2508884535.000000,378743040607,378749483306
370,370,"Agent 1",1,2236,2236,32768,17,"pk_gemm(__half const*, __half const*, __half*, int, int, int)",128,8704,0,208,0,128,"SQ_WAVES",1024.000000,378743040607,378749483306
370,370,"Agent 1",1,2236,2236,32768,17,"pk_gemm(__half const*, __half const*, __half*, int, int, int)",128,8704,0,208,0,128,"SQ_WAVE_CYCLES",2797686653.000000,378743040607,378749483306
371,371,"Agent 1",1,2236,2236,32768,17,"pk_gemm(__half const*, __half const*, __half*, int, int, int)",128,8704,0,208,0,128,"SQ_BUSY_CYCLES",16886371.000000,378749515807,378755155282
371,371,"Agent 1",1,2236,2236,32768,17,"pk_gemm(__half const*, __half const*, __half*, int, int, int)",128,8704,0,208,0,128,"SQ_WAIT_ANY",2157903459.000000,378749515807,378755155282
371,371,"Agent 1",1,2236,2236,32768,17,"pk_gemm(__half const*, __half const*, __half*, int, int, int)",128,8704,0,208,0,128,"SQ_WAVES",1024.000000,378749515807,378755155282
371,371,"Agent 1",1,2236,2236,32768,17,"pk_gemm(__half const*, __half const*, __half*, int, int, int)",128,8704,0,208,0,128,"SQ_WAVE_CYCLES",2434371689.000000,378749515807,378755155282
372,372,"Agent 1",1,2236,2236,32768,17,"pk_gemm(__half const*, __half const*, __half*, int, int, int)",128,8704,0,208,0,128,"SQ_BUSY_CYCLES",18795428.000000,378755186902,378761491182
372,372,"Agent 1",1,2236,2236,32768,17,"pk_gemm(__half const*, __half const*, __half*, int, int, int)",128,8704,0,208,0,128,"SQ_WAIT_ANY",2410797606.000000,378755186902,378761491182
372,372,"Agent 1",1,2236,2236,32768,17,"pk_gemm(__half const*, __half const*, __half*, int, int, int)",128,8704,0,208,0,128,"SQ_WAVES",1024.000000,378755186902,378761491182
372,372,"Agent 1",1,2236,2236,32768,17,"pk_gemm(__half const*, __half const*, __half*, int, int, int)",128,8704,0,208,0,128,"SQ_WAVE_CYCLES",2695416780.000000,378755186902,378761491182
373,373,"Agent 1",1,2236,2236,32768,17,"pk_gemm(__half const*, __half const*, __half*, int, int, int)",128,8704,0,208,0,128,"SQ_BUSY_CYCLES",19566396.000000,378761521238,378768070456
373,373,"Agent 1",1,2236,2236,32768,17,"pk_gemm(__half const*, __half const*, __half*, int, int, int)",128,8704,0,208,0,128,"SQ_WAIT_ANY",2683096775.000000,378761521238,378768070456
373,373,"Agent 1",1,2236,2236,32768,17,"pk_gemm(__half const*, __half const*, __half*, int, int, int)",128,8704,0,208,0,128,"SQ_WAVES",1024.000000,378761521238,378768070456
373,373,"Agent 1",1,2236,2236,32768,17,"pk_gemm(__half const*, __half const*, __half*, int, int, int)",128,8704,0,208,0,128,"SQ_WAVE_CYCLES",2966548841.000000,378761521238,378768070456
374,374,"Agent 1",1,2236,2236,32768,17,"pk_gemm(__half const*, __half const*, __half*, int, int, int)",128,8704,0,208,0,128,"SQ_BUSY_CYCLES",19471012.000000,378768101635,378774702109
374,374,"Agent 1",1,2236,2236,32768,17,"pk_gemm(__half const*, __half const*, __half*, int, int, int)",128,8704,0,208,0,128,"SQ_WAIT_ANY",2605177153.000000,378768101635,378774702109
374,374,"Agent 1",1,2236,2236,32768,17,"pk_gemm(__half const*, __half const*, __half*, int, int, int)",128,8704,0,208,0,128,"SQ_WAVES",1024.000000,378768101635,378774702109
374,374,"Agent 1",1,2236,2236,32768,17,"pk_gemm(__half const*, __half const*, __half*, int, int, int)",128,8704,0,208,0,128,"SQ_WAVE_CYCLES",2896935768.000000,378768101635,378774702109
375,375,"Agent 1",1,2236,2236,32768,17,"pk_gemm(__half const*, __half const*, __half*, int, int, int)",128,8704,0,208,0,128,"SQ_BUSY_CYCLES",18136330.000000,378774732967,378780803129
375,375,"Agent 1",1,2236,2236,32768,17,"pk_gemm(__half const*, __half const*, __half*, int, int, int)",128,8704,0,208,0,128,"SQ_WAIT_ANY",2270006566.000000,378774732967,378780803129
375,375,"Agent 1",1,2236,2236,32768,17,"pk_gemm(__half const*, __half const*, __half*, int, int, int)",128,8704,0,208,0,128,"SQ_WAVES",1024.000000,378774732967,378780803129
375,375,"Agent 1",1,2236,2236,32768,17,"pk_gemm(__half const*, __half const*, __half*, int, int, int)",128,8704,0,208,0,128,"SQ_WAVE_CYCLES",2551860767.000000,378774732967,378780803129
376,376,"Agent 1",1,2236,2236,32768,17,"pk_gemm(__half const*, __half const*, __half*, int, int, int)",128,8704,0,208,0,128,"SQ_BUSY_CYCLES",18192825.000000,378780835069,378786917253
376,376,"Agent 1",1,2236,2236,32768,17,"pk_gemm(__half const*, __half const*, __half*, int, int, int)",128,8704,0,208,0,128,"SQ_WAIT_ANY",2403836021.000000,378780835069,378786917253
376,376,"Agent 1",1,2236,2236,32768,17,"pk_gemm(__half const*, __half const*, __half*, int, int, int)",128,8704,0,208,0,128,"SQ_WAVES",1024.000000,378780835069,378786917253
376,376,"Agent 1",1,2236,2236,32768,17,"pk_gemm(__half const*, __half const*, __half*, int, int, int)",128,8704,0,208,0,128,"SQ_WAVE_CYCLES",2692956616.000000,378780835069,378786917253
377,377,"Agent 1",1,2236,2236,32768,17,"pk_gemm(__half const*, __half const*, __half*, int, int, int)",128,8704,0,208,0,128,"SQ_BUSY_CYCLES",15578086.000000,378786949513,378792156219
377,377,"Agent 1",1,2236,2236,32768,17,"pk_gemm(__half const*, __half const*, __half*, int, int, int)",128,8704,0,208,0,128,"SQ_WAIT_ANY",1885959525.000000,378786949513,378792156219
377,377,"Agent 1",1,2236,2236,32768,17,"pk_gemm(__half const*, __half const*, __half*, int, int, int)",128,8704,0,208,0,128,"SQ_WAVES",1024.000000,378786949513,378792156219
377,377,"Agent 1",1,2236,2236,32768,17,"pk_gemm(__half const*, __half const*, __half*, int, int, int)",128,8704,0,208,0,128,"SQ_WAVE_CYCLES",2154855424.000000,378786949513,378792156219
378,378,"Agent 1",1,2236,2236,32768,17,"pk_gemm(__half const*, __half const*, __half*, int, int, int)",128,8704,0,208,0,128,"SQ_BUSY_CYCLES",19286045.000000,378792186636,378798686362
378,378,"Agent 1",1,2236,2236,32768,17,"pk_gemm(__half const*, __half const*, __half*, int, int, int)",128,8704,0,208,0,128,"SQ_WAIT_ANY",2565114473.000000,378792186636,378798686362
378,378,"Agent 1",1,2236,2236,32768,17,"pk_gemm(__half const*, __half const*, __half*, int, int, int)",128,8704,0,208,0,128,"SQ_WAVES",1024.000000,378792186636,378798686362
378,378,"Agent 1",1,2236,2236,32768,17,"pk_gemm(__half const*, __half const*, __half*, int, int, int)",128,8704,0,208,0,128,"SQ_WAVE_CYCLES",2849757381.000000,378792186636,378798686362
379,379,"Agent 1",1,2236,2236,32768,17,"pk_gemm(__half const*, __half const*, __half*, int, int, int)",128,8704,0,208,0,128,"SQ_BUSY_CYCLES",19661213.000000,378798716378,378805317774
379,379,"Agent 1",1,2236,2236,32768,17,"pk_gemm(__half const*, __half const*, __half*, int, int, int)",128,8704,0,208,0,128,"SQ_WAIT_ANY",2673870983.000000,378798716378,378805317774
379,379,"Agent 1",1,2236,2236,32768,17,"pk_gemm(__half const*, __half const*, __half*, int, int, int)",128,8704,0,208,0,128,"SQ_WAVES",1024.000000,378798716378,378805317774
379,379,"Agent 1",1,2236,2236,32768,17,"pk_gemm(__half const*, __half const*, __half*, int, int, int)",128,8704,0,208,0,128,"SQ_WAVE_CYCLES",2974448418.000000,378798716378,378805317774
380,380,"Agent 1",1,2236,2236,32768,17,"pk_gemm(__half const*, __half const*, __half*, int, int, int)",128,8704,0,208,0,128,"SQ_BUSY_CYCLES",19172470.000000,378805347942,378811796573
380,380,"Agent 1",1,2236,2236,32768,17,"pk_gemm(__half const*, __half const*, __half*, int, int, int)",128,8704,0,208,0,128,"SQ_WAIT_ANY",2445040420.000000,378805347942,378811796573
380,380,"Agent 1",1,2236,2236,32768,17,"pk_gemm(__half const*, __half const*, __half*, int, int, int)",128,8704,0,208,0,128,"SQ_WAVES",1024.000000,378805347942,378811796573
380,380,"Agent 1",1,2236,2236,32768,17,"pk_gemm(__half const*, __half const*, __half*, int, int, int)",128,8704,0,208,0,128,"SQ_WAVE_CYCLES",2743398607.000000,378805347942,378811796573
381,381,"Agent 1",1,2236,2236,32768,17,"pk_gemm(__half const*, __half const*, __half*, int, int, int)",128,8704,0,208,0,128,"SQ_BUSY_CYCLES",18350750.000000,378811829994,378817957905
381,381,"Agent 1",1,2236,2236,32768,17,"pk_gemm(__half const*, __half const*, __half*, int, int, int)",128,8704,0,208,0,128,"SQ_WAIT_ANY",2353091963.000000,378811829994,378817957905
381,381,"Agent 1",1,2236,2236,32768,17,"pk_gemm(__half const*, __half const*, __half*, int, int, int)",128,8704,0,208,0,128,"SQ_WAVES",1024.000000,378811829994,378817957905
381,381,"Agent 1",1,2236,2236,32768,17,"pk_gemm(__half const*, __half const*, __half*, int, int, int)",128,8704,0,208,0,128,"SQ_WAVE_CYCLES",2632179079.000000,378811829994,378817957905
382,382,"Agent 1",1,2236,2236,32768,17,"pk_gemm(__half const*, __half const*, __half*, int, int, int)",128,8704,0,208,0,128,"SQ_BUSY_CYCLES",19563715.000000,378817989524,378824582785
382,382,"Agent 1",1,2236,2236,32768,17,"pk_gemm(__half const*, __half const*, __half*, int, int, int)",128,8704,0,208,0,128,"SQ_WAIT_ANY",2550769375.000000,378817989524,378824582785
382,382,"Agent 1",1,2236,2236,32768,17,"pk_gemm(__half const*, __half const*, __half*, int, int, int)",128,8704,0,208,0,128,"SQ_WAVES",1024.000000,378817989524,378824582785
382,382,"Agent 1",1,2236,2236,32768,17,"pk_gemm(__half const*, __half const*, __half*, int, int, int)",128,8704,0,208,0,128,"SQ_WAVE_CYCLES",2829861571.000000,378817989524,378824582785
383,383,"Agent 1",1,2236,2236,32768,17,"pk_gemm(__half const*, __half const*, __half*, int, int, int)",128,8704,0,208,0,128,"SQ_BUSY_CYCLES",20936712.000000,378824612842,378831631459
383,383,"Agent 1",1,2236,2236,32768,17,"pk_gemm(__half const*, __half const*, __half*, int, int, int)",128,8704,0,208,0,128,"SQ_WAIT_ANY",2762350782.000000,378824612842,378831631459
383,383,"Agent 1",1,2236,2236,32768,17,"pk_gemm(__half const*, __half const*, __half*, int, int, int)",128,8704,0,208,0,128,"SQ_WAVES",1024.000000,378824612842,378831631459
383,383,"Agent 1",1,2236,2236,32768,17,"pk_gemm(__half const*, __half const*, __half*, int, int, int)",128,8704,0,208,0,128,"SQ_WAVE_CYCLES",3050459048.000000,378824612842,378831631459
384,384,"Agent 1",1,2236,2236,32768,17,"pk_gemm(__half const*, __half const*, __half*, int, int, int)",128,8704,0,208,0,128,"SQ_BUSY_CYCLES",19403652.000000,378831660594,378838212498
384,384,"Agent 1",1,2236,2236,32768,17,"pk_gemm(__half const*, __half const*, __half*, int, int, int)",128,8704,0,208,0,128,"SQ_WAIT_ANY",2460313064.000000,378831660594,378838212498
384,384,"Agent 1",1,2236,2236,32768,17,"pk_gemm(__half const*, __half const*, __half*, int, int, int)",128,8704,0,208,0,128,"SQ_WAVES",1024.000000,378831660594,378838212498
384,384,"Agent 1",1,2236,2236,32768,17,"pk_gemm(__half const*, __half const*, __half*, int, int, int)",128,8704,0,208,0,128,"SQ_WAVE_CYCLES",2770054218.000000,378831660594,378838212498
385,385,"Agent 1",1,2236,2236,32768,17,"pk_gemm(__half const*, __half const*, __half*, int, int, int)",128,8704,0,208,0,128,"SQ_BUSY_CYCLES",19400349.000000,378838242153,378844779229
385,385,"Agent 1",1,2236,2236,32768,17,"pk_gemm(__half const*, __half const*, __half*, int, int, int)",128,8704,0,208,0,128,"SQ_WAIT_ANY",2574910476.000000,378838242153,378844779229
385,385,"Agent 1",1,2236,2236,32768,17,"pk_gemm(__half const*, __half const*, __half*, int, int, int)",128,8704,0,208,0,128,"SQ_WAVES",1024.000000,378838242153,378844779229
385,385,"Agent 1",1,2236,2236,32768,17,"pk_gemm(__half const*, __half const*, __half*, int, int, int)",128,8704,0,208,0,128,"SQ_WAVE_CYCLES",2851101370.000000,378838242153,378844779229
386,386,"Agent 1",1,2236,2236,131072,17,"pk_gemm(__half const*, __half const*, __half*, int, int, int)",128,8704,0,208,0,128,"SQ_BUSY_CYCLES",152738360.000000,379284966921,379335963699
386,386,"Agent 1",1,2236,2236,131072,17,"pk_gemm(__half const*, __half const*, __half*, int, int, int)",128,8704,0,208,0,128,"SQ_WAIT_ANY",20813351337.000000,379284966921,379335963699
386,386,"Agent 1",1,2236,2236,131072,17,"pk_gemm(__half const*, __half const*, __half*, int, int, int)",128,8704,0,208,0,128,"SQ_WAVES",4096.000000,379284966921,379335963699
386,386,"Agent 1",1,2236,2236,131072,17,"pk_gemm(__half const*, __half const*, __half*, int, int, int)",128,8704,0,208,0,128,"SQ_WAVE_CYCLES",23130718958.000000,379284966921,379335963699
387,387,"Agent 1",1,2236,2236,131072,17,"pk_gemm(__half const*, __half const*, __half*, int, int, int)",128,8704,0,208,0,128,"SQ_BUSY_CYCLES",149295968.000000,379336000887,379385876406
387,387,"Agent 1",1,2236,2236,131072,17,"pk_gemm(__half const*, __half const*, __half*, int, int, int)",128,8704,0,208,0,128,"SQ_WAIT_ANY",20322911425.000000,379336000887,379385876406
387,387,"Agent 1",1,2236,2236,131072,17,"pk_gemm(__half const*, __half const*, __half*, int, int, int)",128,8704,0,208,0,128,"SQ_WAVES",4096.000000,379336000887,379385876406
387,387,"Agent 1",1,2236,2236,131072,17,"pk_gemm(__half const*, __half const*, __half*, int, int, int)",128,8704,0,208,0,128,"SQ_WAVE_CYCLES",22618761462.000000,379336000887,379385876406
388,388,"Agent 1",1,2236,2236,131072,17,"pk_gemm(__half const*, __half const*, __half*, int, int, int)",128,8704,0,208,0,128,"SQ_BUSY_CYCLES",146272390.000000,379385908346,379434772333
388,388,"Agent 1",1,2236,2236,131072,17,"pk_gemm(__half const*, __half const*, __half*, int, int, int)",128,8704,0,208,0,128,"SQ_WAIT_ANY",20081453107.000000,379385908346,379434772333
388,388,"Agent 1",1,2236,2236,131072,17,"pk_gemm(__half const*, __half const*, __half*, int, int, int)",128,8704,0,208,0,128,"SQ_WAVES",4096.000000,379385908346,379434772333
388,388,"Agent 1",1,2236,2236,131072,17,"pk_gemm(__half const*, __half const*, __half*, int, int, int)",128,8704,0,208,0,128,"SQ_WAVE_CYCLES",22374406493.000000,379385908346,379434772333
389,389,"Agent 1",1,2236,2236,131072,17,"pk_gemm(__half const*, __half const*, __half*, int, int, int)",128,8704,0,208,0,128,"SQ_BUSY_CYCLES",127495391.000000,379434805874,379477364378
389,389,"Agent 1",1,2236,2236,131072,17,"pk_gemm(__half const*, __half const*, __half*, int, int, int)",128,8704,0,208,0,128,"SQ_WAIT_ANY",17398465032.000000,379434805874,379477364378
389,389,"Agent 1",1,2236,2236,131072,17,"pk_gemm(__half const*, __half const*, __half*, int, int, int)",128,8704,0,208,0,128,"SQ_WAVES",4096.000000,379434805874,379477364378
389,389,"Agent 1",1,2236,2236,131072,17,"pk_gemm(__half const*, __half const*, __half*, int, int, int)",128,8704,0,208,0,128,"SQ_WAVE_CYCLES",19655856389.000000,379434805874,379477364378
390,390,"Agent 1",1,2236,2236,131072,17,"pk_gemm(__half const*, __half const*, __half*, int, int, int)",128,8704,0,208,0,128,"SQ_BUSY_CYCLES",148902214.000000,379477395753,379527098388
390,390,"Agent 1",1,2236,2236,131072,17,"pk_gemm(__half const*, __half const*, __half*, int, int, int)",128,8704,0,208,0,128,"SQ_WAIT_ANY",20741330270.000000,379477395753,379527098388
390,390,"Agent 1",1,2236,2236,131072,17,"pk_gemm(__half const*, __half const*, __half*, int, int, int)",128,8704,0,208,0,128,"SQ_WAVES",4096.000000,379477395753,379527098388
390,390,"Agent 1",1,2236,2236,131072,17,"pk_gemm(__half const*, __half const*, __half*, int, int, int)",128,8704,0,208,0,128,"SQ_WAVE_CYCLES",23048320662.000000,379477395753,379527098388
391,391,"Agent 1",1,2236,2236,131072,17,"pk_gemm(__half const*, __half const*, __half*, int, int, int)",128,8704,0,208,0,128,"SQ_BUSY_CYCLES",122282403.000000,379527132450,379568006399
391,391,"Agent 1",1,2236,2236,131072,17,"pk_gemm(__half const*, __half const*, __half*, int, int, int)",128,8704,0,208,0,128,"SQ_WAIT_ANY",16672575830.000000,379527132450,379568006399
391,391,"Agent 1",1,2236,2236,131072,17,"pk_gemm(__half const*, __half const*, __half*, int, int, int)",128,8704,0,208,0,128,"SQ_WAVES",4096.000000,379527132450,379568006399
391,391,"Agent 1",1,2236,2236,131072,17,"pk_gemm(__half const*, __half const*, __half*, int, int, int)",128,8704,0,208,0,128,"SQ_WAVE_CYCLES",18922814265.000000,379527132450,379568006399
392,392,"Agent 1",1,2236,2236,131072,17,"pk_gemm(__half const*, __half const*, __half*, int, int, int)",128,8704,0,208,0,128,"SQ_BUSY_CYCLES",170148689.000000,379568037760,379624858519
392,392,"Agent 1",1,2236,2236,131072,17,"pk_gemm(__half const*, __half const*, __half*, int, int, int)",128,8704,0,208,0,128,"SQ_WAIT_ANY",23894870142.000000,379568037760,379624858519
392,392,"Agent 1",1,2236,2236,131072,17,"pk_gemm(__half const*, __half const*, __half*, int, int, int)",128,8704,0,208,0,128,"SQ_WAVES",4096.000000,379568037760,379624858519
392,392,"Agent 1",1,2236,2236,131072,17,"pk_gemm(__half const*, __half const*, __half*, int, int, int)",128,8704,0,208,0,128,"SQ_WAVE_CYCLES",26264220673.000000,379568037760,379624858519
393,393,"Agent 1",1,2236,2236,131072,17,"pk_gemm(__half const*, __half const*, __half*, int, int, int)",128,8704,0,208,0,128,"SQ_BUSY_CYCLES",147814938.000000,379624891740,379674260190
393,393,"Agent 1",1,2236,2236,131072,17,"pk_gemm(__half const*, __half const*, __half*, int, int, int)",128,8704,0,208,0,128,"SQ_WAIT_ANY",20254683109.000000,379624891740,379674260190
393,393,"Agent 1",1,2236,2236,131072,17,"pk_gemm(__half const*, __half const*, __half*, int, int, int)",128,8704,0,208,0,128,"SQ_WAVES",4096.000000,379624891740,379674260190
393,393,"Agent 1",1,2236,2236,131072,17,"pk_gemm(__half const*, __half const*, __half*, int, int, int)",128,8704,0,208,0,128,"SQ_WAVE_CYCLES",22574837238.000000,379624891740,379674260190
394,394,"Agent 1",1,2236,2236,131072,17,"pk_gemm(__half const*, __half const*, __half*, int, int, int)",128,8704,0,208,0,128,"SQ_BUSY_CYCLES",144828797.000000,379674321202,379722693387
394,394,"Agent 1",1,2236,2236,131072,17,"pk_gemm(__half const*, __half const*, __half*, int, int, int)",128,8704,0,208,0,128,"SQ_WAIT_ANY",20049930875.000000,379674321202,379722693387
394,394,"Agent 1",1,2236,2236,131072,17,"pk_gemm(__half const*, __half const*, __half*, int, int, int)",128,8704,0,208,0,128,"SQ_WAVES",4096.000000,379674321202,379722693387
394,394,"Agent 1",1,2236,2236,131072,17,"pk_gemm(__half const*, __half const*, __half*, int, int, int)",128,8704,0,208,0,128,"SQ_WAVE_CYCLES",22334394598.000000,379674321202,379722693387
395,395,"Agent 1",1,2236,2236,131072,17,"pk_gemm(__half const*, __half const*, __half*, int, int, int)",128,8704,0,208,0,128,"SQ_BUSY_CYCLES",121871832.000000,379722731377,379763526900
395,395,"Agent 1",1,2236,2236,131072,17,"pk_gemm(__half const*, __half const*, __half*, int, int, int)",128,8704,0,208,0,128,"SQ_WAIT_ANY",16640208364.000000,379722731377,379763526900
395,395,"Agent 1",1,2236,2236,131072,17,"pk_gemm(__half const*, __half const*, __half*, int, int, int)",128,8704,0,208,0,128,"SQ_WAVES",4096.000000,379722731377,379763526900
395,395,"Agent 1",1,2236,2236,131072,17,"pk_gemm(__half const*, __half const*, __half*, int, int, int)",128,8704,0,208,0,128,"SQ_WAVE_CYCLES",18889786230.000000,379722731377,379763526900
396,396,"Agent 1",1,2236,2236,131072,17,"pk_gemm(__half const*, __half const*, __half*, int, int, int)",128,8704,0,208,0,128,"SQ_BUSY_CYCLES",111333088.000000,379763563207,379800790050
396,396,"Agent 1",1,2236,2236,131072,17,"pk_gemm(__half const*, __half const*, __half*, int, int, int)",128,8704,0,208,0,128,"SQ_WAIT_ANY",14998701686.000000,379763563207,379800790050
396,396,"Agent 1",1,2236,2236,131072,17,"pk_gemm(__half const*, __half const*, __half*, int, int, int)",128,8704,0,208,0,128,"SQ_WAVES",4096.000000,379763563207,379800790050
396,396,"Agent 1",1,2236,2236,131072,17,"pk_gemm(__half const*, __half const*, __half*, int, int, int)",128,8704,0,208,0,128,"SQ_WAVE_CYCLES",17211826866.000000,379763563207,379800790050
397,397,"Agent 1",1,2236,2236,131072,17,"pk_gemm(__half const*, __half const*, __half*, int, int, int)",128,8704,0,208,0,128,"SQ_BUSY_CYCLES",156567894.000000,379800825836,379853179474
397,397,"Agent 1",1,2236,2236,131072,17,"pk_gemm(__half const*, __half const*, __half*, int, int, int)",128,8704,0,208,0,128,"SQ_WAIT_ANY",22009866381.000000,379800825836,379853179474
397,397,"Agent 1",1,2236,2236,131072,17,"pk_gemm(__half const*, __half const*, __half*, int, int, int)",128,8704,0,208,0,128,"SQ_WAVES",4096.000000,379800825836,379853179474
397,397,"Agent 1",1,2236,2236,131072,17,"pk_gemm(__half const*, __half const*, __half*, int, int, int)",128,8704,0,208,0,128,"SQ_WAVE_CYCLES",24371865037.000000,379800825836,379853179474
398,398,"Agent 1",1,2236,2236,131072,17,"pk_gemm(__half const*, __half const*, __half*, int, int, int)",128,8704,0,208,0,128,"SQ_BUSY_CYCLES",182714106.000000,379853214265,379914287383
398,398,"Agent 1",1,2236,2236,131072,17,"pk_gemm(__half const*, __half const*, __half*, int, int, int)",128,8704,0,208,0,128,"SQ_WAIT_ANY",25642705202.000000,379853214265,379914287383
398,398,"Agent 1",1,2236,2236,131072,17,"pk_gemm(__half const*, __half const*, __half*, int, int, int)",128,8704,0,208,0,128,"SQ_WAVES",4096.000000,379853214265,379914287383
398,398,"Agent 1",1,2236,2236,131072,17,"pk_gemm(__half const*, __half const*, __half*, int, int, int)",128,8704,0,208,0,128,"SQ_WAVE_CYCLES",28025431906.000000,379853214265,379914287383
399,399,"Agent 1",1,2236,2236,131072,17,"pk_gemm(__half const*, __half const*, __half*, int, int, int)",128,8704,0,208,0,128,"SQ_BUSY_CYCLES",195566719.000000,379914324726,379979684270
399,399,"Agent 1",1,2236,2236,131072,17,"pk_gemm(__half const*, __half const*, __half*, int, int, int)",128,8704,0,208,0,128,"SQ_WAIT_ANY",27581237712.000000,379914324726,379979684270
399,399,"Agent 1",1,2236,2236,131072,17,"pk_gemm(__half const*, __half const*, __half*, int, int, int)",128,8704,0,208,0,128,"SQ_WAVES",4096.000000,379914324726,379979684270
399,399,"Agent 1",1,2236,2236,131072,17,"pk_gemm(__half const*, __half const*, __half*, int, int, int)",128,8704,0,208,0,128,"SQ_WAVE_CYCLES",30008978981.000000,379914324726,379979684270
400,400,"Agent 1",1,2236,2236,131072,17,"pk_gemm(__half const*, __half const*, __half*, int, int, int)",128,8704,0,208,0,128,"SQ_BUSY_CYCLES",172247707.000000,379979721780,380037293466
400,400,"Agent 1",1,2236,2236,131072,17,"pk_gemm(__half const*, __half const*, __half*, int, int, int)",128,8704,0,208,0,128,"SQ_WAIT_ANY",24046378235.000000,379979721780,380037293466
400,400,"Agent 1",1,2236,2236,131072,17,"pk_gemm(__half const*, __half const*, __half*, int, int, int)",128,8704,0,208,0,128,"SQ_WAVES",4096.000000,379979721780,380037293466
400,400,"Agent 1",1,2236,2236,131072,17,"pk_gemm(__half const*, __half const*, __half*, int, int, int)",128,8704,0,208,0,128,"SQ_WAVE_CYCLES",26425550591.000000,379979721780,380037293466
401,401,"Agent 1",1,2236,2236,131072,17,"pk_gemm(__half const*, __half const*, __half*, int, int, int)",128,8704,0,208,0,128,"SQ_BUSY_CYCLES",194894335.000000,380037327229,380102414023
401,401,"Agent 1",1,2236,2236,131072,17,"pk_gemm(__half const*, __half const*, __half*, int, int, int)",128,8704,0,208,0,128,"SQ_WAIT_ANY",27065161201.000000,380037327229,380102414023
401,401,"Agent 1",1,2236,2236,131072,17,"pk_gemm(__half const*, __half const*, __half*, int, int, int)",128,8704,0,208,0,128,"SQ_WAVES",4096.000000,380037327229,380102414023
401,401,"Agent 1",1,2236,2236,131072,17,"pk_gemm(__half const*, __half const*, __half*, int, int, int)",128,8704,0,208,0,128,"SQ_WAVE_CYCLES",29430842261.000000,380037327229,380102414023
402,402,"Agent 1",1,2236,2236,131072,17,"pk_gemm(__half const*, __half const*, __half*, int, int, int)",128,8704,0,208,0,128,"SQ_BUSY_CYCLES",141183936.000000,380102452254,380149622911
402,402,"Agent 1",1,2236,2236,131072,17,"pk_gemm(__half const*, __half const*, __half*, int, int, int)",128,8704,0,208,0,128,"SQ_WAIT_ANY",19715177729.000000,380102452254,380149622911
402,402,"Agent 1",1,2236,2236,131072,17,"pk_gemm(__half const*, __half const*, __half*, int, int, int)",128,8704,0,208,0,128,"SQ_WAVES",4096.000000,380102452254,380149622911
402,402,"Agent 1",1,2236,2236,131072,17,"pk_gemm(__half const*, __half const*, __half*, int, int, int)",128,8704,0,208,0,128,"SQ_WAVE_CYCLES",21994746389.000000,380102452254,380149622911
403,403,"Agent 1",1,2236,2236,131072,17,"pk_gemm(__half const*, __half const*, __half*, int, int, int)",128,8704,0,208,0,128,"SQ_BUSY_CYCLES",107301116.000000,380149654763,380185511803
403,403,"Agent 1",1,2236,2236,131072,17,"pk_gemm(__half const*, __half const*, __half*, int, int, int)",128,8704,0,208,0,128,"SQ_WAIT_ANY",14379922622.000000,380149654763,380185511803
403,403,"Agent 1",1,2236,2236,131072,17,"pk_gemm(__half const*, __half const*, __half*, int, int, int)",128,8704,0,208,0,128,"SQ_WAVES",4096.000000,380149654763,380185511803
403,403,"Agent 1",1,2236,2236,131072,17,"pk_gemm(__half const*, __half const*, __half*, int, int, int)",128,8704,0,208,0,128,"SQ_WAVE_CYCLES",16597192802.000000,380149654763,380185511803
404,404,"Agent 1",1,2236,2236,131072,17,"pk_gemm(__half const*, __half const*, __half*, int, int, int)",128,8704,0,208,0,128,"SQ_BUSY_CYCLES",153220364.000000,380185547228,380236741377
404,404,"Agent 1",1,2236,2236,131072,17,"pk_gemm(__half const*, __half const*, __half*, int, int, int)",128,8704,0,208,0,128,"SQ_WAIT_ANY",21629052595.000000,380185547228,380236741377
404,404,"Agent 1",1,2236,2236,131072,17,"pk_gemm(__half const*, __half const*, __half*, int, int, int)",128,8704,0,208,0,128,"SQ_WAVES",4096.000000,380185547228,380236741377
404,404,"Agent 1",1,2236,2236,131072,17,"pk_gemm(__half const*, __half const*, __half*, int, int, int)",128,8704,0,208,0,128,"SQ_WAVE_CYCLES",23969564848.000000,380185547228,380236741377
405,405,"Agent 1",1,2236,2236,131072,17,"pk_gemm(__half const*, __half const*, __half*, int, int, int)",128,8704,0,208,0,128,"SQ_BUSY_CYCLES",173876774.000000,380236793586,380294915387
405,405,"Agent 1",1,2236,2236,131072,17,"pk_gemm(__half const*, __half const*, __half*, int, int, int)",128,8704,0,208,0,128,"SQ_WAIT_ANY",24262808441.000000,380236793586,380294915387
405,405,"Agent 1",1,2236,2236,131072,17,"pk_gemm(__half const*, __half const*, __half*, int, int, int)",128,8704,0,208,0,128,"SQ_WAVES",4096.000000,380236793586,380294915387
405,405,"Agent 1",1,2236,2236,131072,17,"pk_gemm(__half const*, __half const*, __half*, int, int, int)",128,8704,0,208,0,128,"SQ_WAVE_CYCLES",26629902894.000000,380236793586,380294915387
406,406,"Agent 1",1,2236,2236,131072,17,"pk_gemm(__half const*, __half const*, __half*, int, int, int)",128,8704,0,208,0,128,"SQ_BUSY_CYCLES",149122869.000000,380294973375,380344781453
406,406,"Agent 1",1,2236,2236,131072,17,"pk_gemm(__half const*, __half const*, __half*, int, int, int)",128,8704,0,208,0,128,"SQ_WAIT_ANY",20870384616.000000,380294973375,380344781453
406,406,"Agent 1",1,2236,2236,131072,17,"pk_gemm(__half const*, __half const*, __half*, int, int, int)",128,8704,0,208,0,128,"SQ_WAVES",4096.000000,380294973375,380344781453
406,406,"Agent 1",1,2236,2236,131072,17,"pk_gemm(__half const*, __half const*, __half*, int, int, int)",128,8704,0,208,0,128,"SQ_WAVE_CYCLES",23181658488.000000,380294973375,380344781453
407,407,"Agent 1",1,2236,2236,131072,17,"pk_gemm(__half const*, __half const*, __half*, int, int, int)",128,8704,0,208,0,128,"SQ_BUSY_CYCLES",122206065.000000,380344816119,380385643383
407,407,"Agent 1",1,2236,2236,131072,17,"pk_gemm(__half const*, __half const*, __half*, int, int, int)",128,8704,0,208,0,128,"SQ_WAIT_ANY",16195645912.000000,380344816119,380385643383
407,407,"Agent 1",1,2236,2236,131072,17,"pk_gemm(__half const*, __half const*, __half*, int, int, int)",128,8704,0,208,0,128,"SQ_WAVES",4096.000000,380344816119,380385643383
407,407,"Agent 1",1,2236,2236,131072,17,"pk_gemm(__half const*, __half const*, __half*, int, int, int)",128,8704,0,208,0,128,"SQ_WAVE_CYCLES",18436775695.000000,380344816119,380385643383
408,408,"Agent 1",1,2236,2236,131072,17,"pk_gemm(__half const*, __half const*, __half*, int, int, int)",128,8704,0,208,0,128,"SQ_BUSY_CYCLES",160302207.000000,380385678407,380439214020
408,408,"Agent 1",1,2236,2236,131072,17,"pk_gemm(__half const*, __half const*, __half*, int, int, int)",128,8704,0,208,0,128,"SQ_WAIT_ANY",21914689259.000000,380385678407,380439214020
408,408,"Agent 1",1,2236,2236,131072,17,"pk_gemm(__half const*, __half const*, __half*, int, int, int)",128,8704,0,208,0,128,"SQ_WAVES",4096.000000,380385678407,380439214020
408,408,"Agent 1",1,2236,2236,131072,17,"pk_gemm(__half const*, __half const*, __half*, int, int, int)",128,8704,0,208,0,128,"SQ_WAVE_CYCLES",24269438928.000000,380385678407,380439214020
409,409,"Agent 1",1,2236,2236,131072,17,"pk_gemm(__half const*, __half const*, __half*, int, int, int)",128,8704,0,208,0,128,"SQ_BUSY_CYCLES",162822934.000000,380439248099,380493652015
409,409,"Agent 1",1,2236,2236,131072,17,"pk_gemm(__half const*, __half const*, __half*, int, int, int)",128,8704,0,208,0,128,"SQ_WAIT_ANY",22965404110.000000,380439248099,380493652015
409,409,"Agent 1",1,2236,2236,131072,17,"pk_gemm(__half const*, __half const*, __half*, int, int, int)",128,8704,0,208,0,128,"SQ_WAVES",4096.000000,380439248099,380493652015
409,409,"Agent 1",1,2236,2236,131072,17,"pk_gemm(__half const*, __half const*, __half*, int, int, int)",128,8704,0,208,0,128,"SQ_WAVE_CYCLES",25372127934.000000,380439248099,380493652015
410,410,"Agent 1",1,2236,2236,131072,17,"pk_gemm(__half const*, __half const*, __half*, int, int, int)",128,8704,0,208,0,128,"SQ_BUSY_CYCLES",140946074.000000,380493688964,380540769612
410,410,"Agent 1",1,2236,2236,131072,17,"pk_gemm(__half const*, __half const*, __half*, int, int, int)",128,8704,0,208,0,128,"SQ_WAIT_ANY",19264807956.000000,380493688964,380540769612
410,410,"Agent 1",1,2236,2236,131072,17,"pk_gemm(__half const*, __half const*, __half*, int, int, int)",128,8704,0,208,0,128,"SQ_WAVES",4096.000000,380493688964,380540769612
410,410,"Agent 1",1,2236,2236,131072,17,"pk_gemm(__half const*, __half const*, __half*, int, int, int)",128,8704,0,208,0,128,"SQ_WAVE_CYCLES",21568335139.000000,380493688964,380540769612
411,411,"Agent 1",1,2236,2236,131072,17,"pk_gemm(__half const*, __half const*, __half*, int, int, int)",128,8704,0,208,0,128,"SQ_BUSY_CYCLES",119369304.000000,380540804995,380580709851
411,411,"Agent 1",1,2236,2236,131072,17,"pk_gemm(__half const*, __half const*, __half*, int, int, int)",128,8704,0,208,0,128,"SQ_WAIT_ANY",16242510045.000000,380540804995,380580709851
411,411,"Agent 1",1,2236,2236,131072,17,"pk_gemm(__half const*, __half const*, __half*, int, int, int)",128,8704,0,208,0,128,"SQ_WAVES",4096.000000,380540804995,380580709851
411,411,"Agent 1",1,2236,2236,131072,17,"pk_gemm(__half const*, __half const*, __half*, int, int, int)",128,8704,0,208,0,128,"SQ_WAVE_CYCLES",18504429115.000000,380540804995,380580709851
412,412,"Agent 1",1,2236,2236,131072,17,"pk_gemm(__half const*, __half const*, __half*, int, int, int)",128,8704,0,208,0,128,"SQ_BUSY_CYCLES",188669309.000000,380580746116,380643791328
412,412,"Agent 1",1,2236,2236,131072,17,"pk_gemm(__half const*, __half const*, __half*, int, int, int)",128,8704,0,208,0,128,"SQ_WAIT_ANY",26621684775.000000,380580746116,380643791328
412,412,"Agent 1",1,2236,2236,131072,17,"pk_gemm(__half const*, __half const*, __half*, int, int, int)",128,8704,0,208,0,128,"SQ_WAVES",4096.000000,380580746116,380643791328
412,412,"Agent 1",1,2236,2236,131072,17,"pk_gemm(__half const*, __half const*, __half*, int, int, int)",128,8704,0,208,0,128,"SQ_WAVE_CYCLES",29082122120.000000,380580746116,380643791328
413,413,"Agent 1",1,2236,2236,131072,17,"pk_gemm(__half const*, __half const*, __half*, int, int, int)",128,8704,0,208,0,128,"SQ_BUSY_CYCLES",151936057.000000,380643826713,380694569536
413,413,"Agent 1",1,2236,2236,131072,17,"pk_gemm(__half const*, __half const*, __half*, int, int, int)",128,8704,0,208,0,128,"SQ_WAIT_ANY",20868328697.000000,380643826713,380694569536
413,413,"Agent 1",1,2236,2236,131072,17,"pk_gemm(__half const*, __half const*, __half*, int, int, int)",128,8704,0,208,0,128,"SQ_WAVES",4096.000000,380643826713,380694569536
413,413,"Agent 1",1,2236,2236,131072,17,"pk_gemm(__half const*, __half const*, __half*, int, int, int)",128,8704,0,208,0,128,"SQ_WAVE_CYCLES",23174156305.000000,380643826713,380694569536
414,414,"Agent 1",1,2236,2236,131072,17,"pk_gemm(__half const*, __half const*, __half*, int, int, int)",128,8704,0,208,0,128,"SQ_BUSY_CYCLES",194326062.000000,380694602894,380759551469
414,414,"Agent 1",1,2236,2236,131072,17,"pk_gemm(__half const*, __half const*, __half*, int, int, int)",128,8704,0,208,0,128,"SQ_WAIT_ANY",27627746098.000000,380694602894,380759551469
414,414,"Agent 1",1,2236,2236,131072,17,"pk_gemm(__half const*, __half const*, __half*, int, int, int)",128,8704,0,208,0,128,"SQ_WAVES",4096.000000,380694602894,380759551469
414,414,"Agent 1",1,2236,2236,131072,17,"pk_gemm(__half const*, __half const*, __half*, int, int, int)",128,8704,0,208,0,128,"SQ_WAVE_CYCLES",30064177898.000000,380694602894,380759551469
415,415,"Agent 1",1,2236,2236,131072,17,"pk_gemm(__half const*, __half const*, __half*, int, int, int)",128,8704,0,208,0,128,"SQ_BUSY_CYCLES",163650826.000000,380759584650,380814252822
415,415,"Agent 1",1,2236,2236,131072,17,"pk_gemm(__half const*, __half const*, __half*, int, int, int)",128,8704,0,208,0,128,"SQ_WAIT_ANY",23078986506.000000,380759584650,380814252822
415,415,"Agent 1",1,2236,2236,131072,17,"pk_gemm(__half const*, __half const*, __half*, int, int, int)",128,8704,0,208,0,128,"SQ_WAVES",4096.000000,380759584650,380814252822
415,415,"Agent 1",1,2236,2236,131072,17,"pk_gemm(__half const*, __half const*, __half*, int, int, int)",128,8704,0,208,0,128,"SQ_WAVE_CYCLES",25436437418.000000,380759584650,380814252822
416,416,"Agent 1",1,2236,2236,131072,17,"pk_gemm(__half const*, __half const*, __half*, int, int, int)",128,8704,0,208,0,128,"SQ_BUSY_CYCLES",188009575.000000,380814283957,380877130438
416,416,"Agent 1",1,2236,2236,131072,17,"pk_gemm(__half const*, __half const*, __half*, int, int, int)",128,8704,0,208,0,128,"SQ_WAIT_ANY",26684272438.000000,380814283957,380877130438
416,416,"Agent 1",1,2236,2236,131072,17,"pk_gemm(__half const*, __half const*, __half*, int, int, int)",128,8704,0,208,0,128,"SQ_WAVES",4096.000000,380814283957,380877130438
416,416,"Agent 1",1,2236,2236,131072,17,"pk_gemm(__half const*, __half const*, __half*, int, int, int)",128,8704,0,208,0,128,"SQ_WAVE_CYCLES",29127960931.000000,380814283957,380877130438
417,417,"Agent 1",1,2236,2236,131072,17,"pk_gemm(__half const*, __half const*, __half*, int, int, int)",128,8704,0,208,0,128,"SQ_BUSY_CYCLES",144572401.000000,380877167587,380925454013
417,417,"Agent 1",1,2236,2236,131072,17,"pk_gemm(__half const*, __half const*, __half*, int, int, int)",128,8704,0,208,0,128,"SQ_WAIT_ANY",19533579448.000000,380877167587,380925454013
417,417,"Agent 1",1,2236,2236,131072,17,"pk_gemm(__half const*, __half const*, __half*, int, int, int)",128,8704,0,208,0,128,"SQ_WAVES",4096.000000,380877167587,380925454013
417,417,"Agent 1",1,2236,2236,131072,17,"pk_gemm(__half const*, __half const*, __half*, int, int, int)",128,8704,0,208,0,128,"SQ_WAVE_CYCLES",21843812859.000000,380877167587,380925454013
418,418,"Agent 1",1,2236,2236,131072,17,"pk_gemm(__half const*, __half const*, __half*, int, int, int)",128,8704,0,208,0,128,"SQ_BUSY_CYCLES",170477183.000000,380925486428,380982419479
418,418,"Agent 1",1,2236,2236,131072,17,"pk_gemm(__half const*, __half const*, __half*, int, int, int)",128,8704,0,208,0,128,"SQ_WAIT_ANY",23661194040.000000,380925486428,380982419479
418,418,"Agent 1",1,2236,2236,131072,17,"pk_gemm(__half const*, __half const*, __half*, int, int, int)",128,8704,0,208,0,128,"SQ_WAVES",4096.000000,380925486428,380982419479
418,418,"Agent 1",1,2236,2236,131072,17,"pk_gemm(__half const*, __half const*, __half*, int, int, int)",128,8704,0,208,0,128,"SQ_WAVE_CYCLES",26013118974.000000,380925486428,380982419479
419,419,"Agent 1",1,2236,2236,131072,17,"pk_gemm(__half const*, __half const*, __half*, int, int, int)",128,8704,0,208,0,128,"SQ_BUSY_CYCLES",151589074.000000,380982453221,381033094816
419,419,"Agent 1",1,2236,2236,131072,17,"pk_gemm(__half const*, __half const*, __half*, int, int, int)",128,8704,0,208,0,128,"SQ_WAIT_ANY",21102565483.000000,380982453221,381033094816
419,419,"Agent 1",1,2236,2236,131072,17,"pk_gemm(__half const*, __half const*, __half*, int, int, int)",128,8704,0,208,0,128,"SQ_WAVES",4096.000000,380982453221,381033094816
419,419,"Agent 1",1,2236,2236,131072,17,"pk_gemm(__half const*, __half const*, __half*, int, int, int)",128,8704,0,208,0,128,"SQ_WAVE_CYCLES",23438525125.000000,380982453221,381033094816
420,420,"Agent 1",1,2236,2236,131072,17,"pk_gemm(__half const*, __half const*, __half*, int, int, int)",128,8704,0,208,0,128,"SQ_BUSY_CYCLES",185879619.000000,381033127955,381095186642
420,420,"Agent 1",1,2236,2236,131072,17,"pk_gemm(__half const*, __half const*, __half*, int, int, int)",128,8704,0,208,0,128,"SQ_WAIT_ANY",26020003469.000000,381033127955,381095186642
420,420,"Agent 1",1,2236,2236,131072,17,"pk_gemm(__half const*, __half const*, __half*, int, int, int)",128,8704,0,208,0,128,"SQ_WAVES",4096.000000,381033127955,381095186642
420,420,"Agent 1",1,2236,2236,131072,17,"pk_gemm(__half const*, __half const*, __half*, int, int, int)",128,8704,0,208,0,128,"SQ_WAVE_CYCLES",28417333253.000000,381033127955,381095186642
421,421,"Agent 1",1,2236,2236,131072,17,"pk_gemm(__half const*, __half const*, __half*, int, int, int)",128,8704,0,208,0,128,"SQ_BUSY_CYCLES",200599914.000000,381095221370,381162201388
421,421,"Agent 1",1,2236,2236,131072,17,"pk_gemm(__half const*, __half const*, __half*, int, int, int)",128,8704,0,208,0,128,"SQ_WAIT_ANY",28349034600.000000,381095221370,381162201388
421,421,"Agent 1",1,2236,2236,131072,17,"pk_gemm(__half const*, __half const*, __half*, int, int, int)",128,8704,0,208,0,128,"SQ_WAVES",4096.000000,381095221370,381162201388
421,421,"Agent 1",1,2236,2236,131072,17,"pk_gemm(__half const*, __half const*, __half*, int, int, int)",128,8704,0,208,0,128,"SQ_WAVE_CYCLES",30802130522.000000,381095221370,381162201388
422,422,"Agent 1",1,2236,2236,131072,17,"pk_gemm(__half const*, __half const*, __half*, int, int, int)",128,8704,0,208,0,128,"SQ_BUSY_CYCLES",178525000.000000,381162234169,381221879858
422,422,"Agent 1",1,2236,2236,131072,17,"pk_gemm(__half const*, __half const*, __half*, int, int, int)",128,8704,0,208,0,128,"SQ_WAIT_ANY",25053488642.000000,381162234169,381221879858
422,422,"Agent 1",1,2236,2236,131072,17,"pk_gemm(__half const*, __half const*, __half*, int, int, int)",128,8704,0,208,0,128,"SQ_WAVES",4096.000000,381162234169,381221879858
422,422,"Agent 1",1,2236,2236,131072,17,"pk_gemm(__half const*, __half const*, __half*, int, int, int)",128,8704,0,208,0,128,"SQ_WAVE_CYCLES",27436030146.000000,381162234169,381221879858
423,423,"Agent 1",1,2236,2236,131072,17,"pk_gemm(__half const*, __half const*, __half*, int, int, int)",128,8704,0,208,0,128,"SQ_BUSY_CYCLES",128828651.000000,381221909851,381265074329
423,423,"Agent 1",1,2236,2236,131072,17,"pk_gemm(__half const*, __half const*, __half*, int, int, int)",128,8704,0,208,0,128,"SQ_WAIT_ANY",17521166214.000000,381221909851,381265074329
423,423,"Agent 1",1,2236,2236,131072,17,"pk_gemm(__half const*, __half const*, __half*, int, int, int)",128,8704,0,208,0,128,"SQ_WAVES",4096.000000,381221909851,381265074329
423,423,"Agent 1",1,2236,2236,131072,17,"pk_gemm(__half const*, __half const*, __half*, int, int, int)",128,8704,0,208,0,128,"SQ_WAVE_CYCLES",19779518265.000000,381221909851,381265074329
424,424,"Agent 1",1,2236,2236,131072,17,"pk_gemm(__half const*, __half const*, __half*, int, int, int)",128,8704,0,208,0,128,"SQ_BUSY_CYCLES",183634557.000000,381265189784,381326525998
424,424,"Agent 1",1,2236,2236,131072,17,"pk_gemm(__half const*, __half const*, __half*, int, int, int)",128,8704,0,208,0,128,"SQ_WAIT_ANY",25795527556.000000,381265189784,381326525998
424,424,"Agent 1",1,2236,2236,131072,17,"pk_gemm(__half const*, __half const*, __half*, int, int, int)",128,8704,0,208,0,128,"SQ_WAVES",4096.000000,381265189784,381326525998
424,424,"Agent 1",1,2236,2236,131072,17,"pk_gemm(__half const*, __half const*, __half*, int, int, int)",128,8704,0,208,0,128,"SQ_WAVE_CYCLES",28222466542.000000,381265189784,381326525998
425,425,"Agent 1",1,2236,2236,131072,17,"pk_gemm(__half const*, __half const*, __half*, int, int, int)",128,8704,0,208,0,128,"SQ_BUSY_CYCLES",149193097.000000,381326560187,381376447530
425,425,"Agent 1",1,2236,2236,131072,17,"pk_gemm(__half const*, __half const*, __half*, int, int, int)",128,8704,0,208,0,128,"SQ_WAIT_ANY",20551022554.000000,381326560187,381376447530
425,425,"Agent 1",1,2236,2236,131072,17,"pk_gemm(__half const*, __half const*, __half*, int, int, int)",128,8704,0,208,0,128,"SQ_WAVES",4096.000000,381326560187,381376447530
425,425,"Agent 1",1,2236,2236,131072,17,"pk_gemm(__half const*, __half const*, __half*, int, int, int)",128,8704,0,208,0,128,"SQ_WAVE_CYCLES",22880007538.000000,381326560187,381376447530
426,426,"Agent 1",1,2236,2236,131072,17,"pk_gemm(__half const*, __half const*, __half*, int, int, int)",128,8704,0,208,0,128,"SQ_BUSY_CYCLES",103423302.000000,381376485039,381411092019
426,426,"Agent 1",1,2236,2236,131072,17,"pk_gemm(__half const*, __half const*, __half*, int, int, int)",128,8704,0,208,0,128,"SQ_WAIT_ANY",13541590423.000000,381376485039,381411092019
426,426,"Agent 1",1,2236,2236,131072,17,"pk_gemm(__half const*, __half const*, __half*, int, int, int)",128,8704,0,208,0,128,"SQ_WAVES",4096.000000,381376485039,381411092019
426,426,"Agent 1",1,2236,2236,131072,17,"pk_gemm(__half const*, __half const*, __half*, int, int, int)",128,8704,0,208,0,128,"SQ_WAVE_CYCLES",15738694756.000000,381376485039,381411092019
427,427,"Agent 1",1,2236,2236,131072,17,"pk_gemm(__half const*, __half const*, __half*, int, int, int)",128,8704,0,208,0,128,"SQ_BUSY_CYCLES",150324864.000000,381411124485,381461350623
427,427,"Agent 1",1,2236,2236,131072,17,"pk_gemm(__half const*, __half const*, __half*, int, int, int)",128,8704,0,208,0,128,"SQ_WAIT_ANY",21025832885.000000,381411124485,381461350623
427,427,"Agent 1",1,2236,2236,131072,17,"pk_gemm(__half const*, __half const*, __half*, int, int, int)",128,8704,0,208,0,128,"SQ_WAVES",4096.000000,381411124485,381461350623
427,427,"Agent 1",1,2236,2236,131072,17,"pk_gemm(__half const*, __half const*, __half*, int, int, int)",128,8704,0,208,0,128,"SQ_WAVE_CYCLES",23407536003.000000,381411124485,381461350623
428,428,"Agent 1",1,2236,2236,131072,17,"pk_gemm(__half const*, __half const*, __half*, int, int, int)",128,8704,0,208,0,128,"SQ_BUSY_CYCLES",131780650.000000,381461386970,381505435824
428,428,"Agent 1",1,2236,2236,131072,17,"pk_gemm(__half const*, __half const*, __half*, int, int, int)",128,8704,0,208,0,128,"SQ_WAIT_ANY",17909720771.000000,381461386970,381505435824
428,428,"Agent 1",1,2236,2236,131072,17,"pk_gemm(__half const*, __half const*, __half*, int, int, int)",128,8704,0,208,0,128,"SQ_WAVES",4096.000000,381461386970,381505435824
428,428,"Agent 1",1,2236,2236,131072,17,"pk_gemm(__half const*, __half const*, __half*, int, int, int)",128,8704,0,208,0,128,"SQ_WAVE_CYCLES",20178954332.000000,381461386970,381505435824
429,429,"Agent 1",1,2236,2236,131072,17,"pk_gemm(__half const*, __half const*, __half*, int, int, int)",128,8704,0,208,0,128,"SQ_BUSY_CYCLES",142871677.000000,381505468458,381553231745
429,429,"Agent 1",1,2236,2236,131072,17,"pk_gemm(__half const*, __half const*, __half*, int, int, int)",128,8704,0,208,0,128,"SQ_WAIT_ANY",19958580464.000000,381505468458,381553231745
429,429,"Agent 1",1,2236,2236,131072,17,"pk_gemm(__half const*, __half const*, __half*, int, int, int)",128,8704,0,208,0,128,"SQ_WAVES",4096.000000,381505468458,381553231745
429,429,"Agent 1",1,2236,2236,131072,17,"pk_gemm(__half const*, __half const*, __half*, int, int, int)",128,8704,0,208,0,128,"SQ_WAVE_CYCLES",22272696770.000000,381505468458,381553231745
430,430,"Agent 1",1,2236,2236,131072,17,"pk_gemm(__half const*, __half const*, __half*, int, int, int)",128,8704,0,208,0,128,"SQ_BUSY_CYCLES",171208368.000000,381553269936,381610512366
430,430,"Agent 1",1,2236,2236,131072,17,"pk_gemm(__half const*, __half const*, __half*, int, int, int)",128,8704,0,208,0,128,"SQ_WAIT_ANY",24103538993.000000,381553269936,381610512366
430,430,"Agent 1",1,2236,2236,131072,17,"pk_gemm(__half const*, __half const*, __half*, int, int, int)",128,8704,0,208,0,128,"SQ_WAVES",4096.000000,381553269936,381610512366
430,430,"Agent 1",1,2236,2236,131072,17,"pk_gemm(__half const*, __half const*, __half*, int, int, int)",128,8704,0,208,0,128,"SQ_WAVE_CYCLES",26516515812.000000,381553269936,381610512366
431,431,"Agent 1",1,2236,2236,131072,17,"pk_gemm(__half const*, __half const*, __half*, int, int, int)",128,8704,0,208,0,128,"SQ_BUSY_CYCLES",127256627.000000,381610548348,381653107093
431,431,"Agent 1",1,2236,2236,131072,17,"pk_gemm(__half const*, __half const*, __half*, int, int, int)",128,8704,0,208,0,128,"SQ_WAIT_ANY",17314402872.000000,381610548348,381653107093
431,431,"Agent 1",1,2236,2236,131072,17,"pk_gemm(__half const*, __half const*, __half*, int, int, int)",128,8704,0,208,0,128,"SQ_WAVES",4096.000000,381610548348,381653107093
431,431,"Agent 1",1,2236,2236,131072,17,"pk_gemm(__half const*, __half const*, __half*, int, int, int)",128,8704,0,208,0,128,"SQ_WAVE_CYCLES",19550766383.000000,381610548348,381653107093
432,432,"Agent 1",1,2236,2236,131072,17,"pk_gemm(__half const*, __half const*, __half*, int, int, int)",128,8704,0,208,0,128,"SQ_BUSY_CYCLES",184303098.000000,381653144563,381714721267
432,432,"Agent 1",1,2236,2236,131072,17,"pk_gemm(__half const*, __half const*, __half*, int, int, int)",128,8704,0,208,0,128,"SQ_WAIT_ANY",25936255124.000000,381653144563,381714721267
432,432,"Agent 1",1,2236,2236,131072,17,"pk_gemm(__half const*, __half const*, __half*, int, int, int)",128,8704,0,208,0,128,"SQ_WAVES",4096.000000,381653144563,381714721267
432,432,"Agent 1",1,2236,2236,131072,17,"pk_gemm(__half const*, __half const*, __half*, int, int, int)",128,8704,0,208,0,128,"SQ_WAVE_CYCLES",28354648877.000000,381653144563,381714721267
433,433,"Agent 1",1,2236,2236,131072,17,"pk_gemm(__half const*, __half const*, __half*, int, int, int)",128,8704,0,208,0,128,"SQ_BUSY_CYCLES",127549247.000000,381714753483,381757391175
433,433,"Agent 1",1,2236,2236,131072,17,"pk_gemm(__half const*, __half const*, __half*, int, int, int)",128,8704,0,208,0,128,"SQ_WAIT_ANY",17517301520.000000,381714753483,381757391175
433,433,"Agent 1",1,2236,2236,131072,17,"pk_gemm(__half const*, __half const*, __half*, int, int, int)",128,8704,0,208,0,128,"SQ_WAVES",4096.000000,381714753483,381757391175
433,433,"Agent 1",1,2236,2236,131072,17,"pk_gemm(__half const*, __half const*, __half*, int, int, int)",128,8704,0,208,0,128,"SQ_WAVE_CYCLES",19774227448.000000,381714753483,381757391175
434,434,"Agent 1",1,2236,2236,131072,17,"pk_gemm(__half const*, __half const*, __half*, int, int, int)",128,8704,0,208,0,128,"SQ_BUSY_CYCLES",190771029.000000,381757426551,381821109277
434,434,"Agent 1",1,2236,2236,131072,17,"pk_gemm(__half const*, __half const*, __half*, int, int, int)",128,8704,0,208,0,128,"SQ_WAIT_ANY",26825156404.000000,381757426551,381821109277
434,434,"Agent 1",1,2236,2236,131072,17,"pk_gemm(__half const*, __half const*, __half*, int, int, int)",128,8704,0,208,0,128,"SQ_WAVES",4096.000000,381757426551,381821109277
434,434,"Agent 1",1,2236,2236,131072,17,"pk_gemm(__half const*, __half const*, __half*, int, int, int)",128,8704,0,208,0,128,"SQ_WAVE_CYCLES",29225634297.000000,381757426551,381821109277
435,435,"Agent 1",1,2236,2236,131072,17,"pk_gemm(__half const*, __half const*, __half*, int, int, int)",128,8704,0,208,0,128,"SQ_BUSY_CYCLES",127831923.000000,381821146826,381863893443
435,435,"Agent 1",1,2236,2236,131072,17,"pk_gemm(__half const*, __half const*, __half*, int, int, int)",128,8704,0,208,0,128,"SQ_WAIT_ANY",17389911641.000000,381821146826,381863893443
435,435,"Agent 1",1,2236,2236,131072,17,"pk_gemm(__half const*, __half const*, __half*, int, int, int)",128,8704,0,208,0,128,"SQ_WAVES",4096.000000,381821146826,381863893443
435,435,"Agent 1",1,2236,2236,131072,17,"pk_gemm(__half const*, __half const*, __half*, int, int, int)",128,8704,0,208,0,128,"SQ_WAVE_CYCLES",19671029184.000000,381821146826,381863893443
436,436,"Agent 1",1,2236,2236,131072,17,"pk_gemm(__half const*, __half const*, __half*, int, int, int)",128,8704,0,208,0,128,"SQ_BUSY_CYCLES",131579009.000000,381863925447,381907905653
436,436,"Agent 1",1,2236,2236,131072,17,"pk_gemm(__half const*, __half const*, __half*, int, int, int)",128,8704,0,208,0,128,"SQ_WAIT_ANY",18223708151.000000,381863925447,381907905653
436,436,"Agent 1",1,2236,2236,131072,17,"pk_gemm(__half const*, __half const*, __half*, int, int, int)",128,8704,0,208,0,128,"SQ_WAVES",4096.000000,381863925447,381907905653
436,436,"Agent 1",1,2236,2236,131072,17,"pk_gemm(__half const*, __half const*, __half*, int, int, int)",128,8704,0,208,0,128,"SQ_WAVE_CYCLES",20501245009.000000,381863925447,381907905653
437,437,"Agent 1",1,2236,2236,131072,17,"pk_gemm(__half const*, __half const*, __half*, int, int, int)",128,8704,0,208,0,128,"SQ_BUSY_CYCLES",204691109.000000,381907940131,381976294803
437,437,"Agent 1",1,2236,2236,131072,17,"pk_gemm(__half const*, __half const*, __half*, int, int, int)",128,8704,0,208,0,128,"SQ_WAIT_ANY",28914962312.000000,381907940131,381976294803
437,437,"Agent 1",1,2236,2236,131072,17,"pk_gemm(__half const*, __half const*, __half*, int, int, int)",128,8704,0,208,0,128,"SQ_WAVES",4096.000000,381907940131,381976294803
437,437,"Agent 1",1,2236,2236,131072,17,"pk_gemm(__half const*, __half const*, __half*, int, int, int)",128,8704,0,208,0,128,"SQ_WAVE_CYCLES",31387686135.000000,381907940131,381976294803
438,438,"Agent 1",1,2236,2236,131072,17,"pk_gemm(__half const*, __half const*, __half*, int, int, int)",128,8704,0,208,0,128,"SQ_BUSY_CYCLES",145827416.000000,381976333875,382025057600
438,438,"Agent 1",1,2236,2236,131072,17,"pk_gemm(__half const*, __half const*, __half*, int, int, int)",128,8704,0,208,0,128,"SQ_WAIT_ANY",20379704260.000000,381976333875,382025057600
438,438,"Agent 1",1,2236,2236,131072,17,"pk_gemm(__half const*, __half const*, __half*, int, int, int)",128,8704,0,208,0,128,"SQ_WAVES",4096.000000,381976333875,382025057600
438,438,"Agent 1",1,2236,2236,131072,17,"pk_gemm(__half const*, __half const*, __half*, int, int, int)",128,8704,0,208,0,128,"SQ_WAVE_CYCLES",22692220653.000000,381976333875,382025057600
439,439,"Agent 1",1,2236,2236,131072,17,"pk_gemm(__half const*, __half const*, __half*, int, int, int)",128,8704,0,208,0,128,"SQ_BUSY_CYCLES",166383087.000000,382025092313,382080694795
439,439,"Agent 1",1,2236,2236,131072,17,"pk_gemm(__half const*, __half const*, __half*, int, int, int)",128,8704,0,208,0,128,"SQ_WAIT_ANY",23300762333.000000,382025092313,382080694795
439,439,"Agent 1",1,2236,2236,131072,17,"pk_gemm(__half const*, __half const*, __half*, int, int, int)",128,8704,0,208,0,128,"SQ_WAVES",4096.000000,382025092313,382080694795
439,439,"Agent 1",1,2236,2236,131072,17,"pk_gemm(__half const*, __half const*, __half*, int, int, int)",128,8704,0,208,0,128,"SQ_WAVE_CYCLES",25655868143.000000,382025092313,382080694795
440,440,"Agent 1",1,2236,2236,131072,17,"pk_gemm(__half const*, __half const*, __half*, int, int, int)",128,8704,0,208,0,128,"SQ_BUSY_CYCLES",119662610.000000,382080731943,382120706931
440,440,"Agent 1",1,2236,2236,131072,17,"pk_gemm(__half const*, __half const*, __half*, int, int, int)",128,8704,0,208,0,128,"SQ_WAIT_ANY",15948104268.000000,382080731943,382120706931
440,440,"Agent 1",1,2236,2236,131072,17,"pk_gemm(__half const*, __half const*, __half*, int, int, int)",128,8704,0,208,0,128,"SQ_WAVES",4096.000000,382080731943,382120706931
440,440,"Agent 1",1,2236,2236,131072,17,"pk_gemm(__half const*, __half const*, __half*, int, int, int)",128,8704,0,208,0,128,"SQ_WAVE_CYCLES",18161273368.000000,382080731943,382120706931
441,441,"Agent 1",1,2236,2236,131072,17,"pk_gemm(__half const*, __half const*, __half*, int, int, int)",128,8704,0,208,0,128,"SQ_BUSY_CYCLES",140895954.000000,382120741047,382167783384
441,441,"Agent 1",1,2236,2236,131072,17,"pk_gemm(__half const*, __half const*, __half*, int, int, int)",128,8704,0,208,0,128,"SQ_WAIT_ANY",19499400136.000000,382120741047,382167783384
441,441,"Agent 1",1,2236,2236,131072,17,"pk_gemm(__half const*, __half const*, __half*, int, int, int)",128,8704,0,208,0,128,"SQ_WAVES",4096.000000,382120741047,382167783384
441,441,"Agent 1",1,2236,2236,131072,17,"pk_gemm(__half const*, __half const*, __half*, int, int, int)",128,8704,0,208,0,128,"SQ_WAVE_CYCLES",21771245963.000000,382120741047,382167783384
442,442,"Agent 1",1,2236,2236,131072,17,"pk_gemm(__half const*, __half const*, __half*, int, int, int)",128,8704,0,208,0,128,"SQ_BUSY_CYCLES",186757296.000000,382167818649,382230187235
442,442,"Agent 1",1,2236,2236,131072,17,"pk_gemm(__half const*, __half const*, __half*, int, int, int)",128,8704,0,208,0,128,"SQ_WAIT_ANY",26496992828.000000,382167818649,382230187235
442,442,"Agent 1",1,2236,2236,131072,17,"pk_gemm(__half const*, __half const*, __half*, int, int, int)",128,8704,0,208,0,128,"SQ_WAVES",4096.000000,382167818649,382230187235
442,442,"Agent 1",1,2236,2236,131072,17,"pk_gemm(__half const*, __half const*, __half*, int, int, int)",128,8704,0,208,0,128,"SQ_WAVE_CYCLES",28955944309.000000,382167818649,382230187235
443,443,"Agent 1",1,2236,2236,131072,17,"pk_gemm(__half const*, __half const*, __half*, int, int, int)",128,8704,0,208,0,128,"SQ_BUSY_CYCLES",139552216.000000,382230219372,382276832225
443,443,"Agent 1",1,2236,2236,131072,17,"pk_gemm(__half const*, __half const*, __half*, int, int, int)",128,8704,0,208,0,128,"SQ_WAIT_ANY",19463570172.000000,382230219372,382276832225
443,443,"Agent 1",1,2236,2236,131072,17,"pk_gemm(__half const*, __half const*, __half*, int, int, int)",128,8704,0,208,0,128,"SQ_WAVES",4096.000000,382230219372,382276832225
443,443,"Agent 1",1,2236,2236,131072,17,"pk_gemm(__half const*, __half const*, __half*, int, int, int)",128,8704,0,208,0,128,"SQ_WAVE_CYCLES",21784766537.000000,382230219372,382276832225
444,444,"Agent 1",1,2236,2236,131072,17,"pk_gemm(__half const*, __half const*, __half*, int, int, int)",128,8704,0,208,0,128,"SQ_BUSY_CYCLES",109018604.000000,382276866649,382313362805
444,444,"Agent 1",1,2236,2236,131072,17,"pk_gemm(__half const*, __half const*, __half*, int, int, int)",128,8704,0,208,0,128,"SQ_WAIT_ANY",14346970981.000000,382276866649,382313362805
444,444,"Agent 1",1,2236,2236,131072,17,"pk_gemm(__half const*, __half const*, __half*, int, int, int)",128,8704,0,208,0,128,"SQ_WAVES",4096.000000,382276866649,382313362805
444,444,"Agent 1",1,2236,2236,131072,17,"pk_gemm(__half const*, __half const*, __half*, int, int, int)",128,8704,0,208,0,128,"SQ_WAVE_CYCLES",16560158936.000000,382276866649,382313362805
445,445,"Agent 1",1,2236,2236,131072,17,"pk_gemm(__half const*, __half const*, __half*, int, int, int)",128,8704,0,208,0,128,"SQ_BUSY_CYCLES",137930879.000000,382313394186,382359457173
445,445,"Agent 1",1,2236,2236,131072,17,"pk_gemm(__half const*, __half const*, __half*, int, int, int)",128,8704,0,208,0,128,"SQ_WAIT_ANY",18756775321.000000,382313394186,382359457173
445,445,"Agent 1",1,2236,2236,131072,17,"pk_gemm(__half const*, __half const*, __half*, int, int, int)",128,8704,0,208,0,128,"SQ_WAVES",4096.000000,382313394186,382359457173
445,445,"Agent 1",1,2236,2236,131072,17,"pk_gemm(__half const*, __half const*, __half*, int, int, int)",128,8704,0,208,0,128,"SQ_WAVE_CYCLES",21059975635.000000,382313394186,382359457173
446,446,"Agent 1",1,2236,2236,131072,17,"pk_gemm(__half const*, __half const*, __half*, int, int, int)",128,8704,0,208,0,128,"SQ_BUSY_CYCLES",143845048.000000,382359491877,382407506396
446,446,"Agent 1",1,2236,2236,131072,17,"pk_gemm(__half const*, __half const*, __half*, int, int, int)",128,8704,0,208,0,128,"SQ_WAIT_ANY",19989396303.000000,382359491877,382407506396
446,446,"Agent 1",1,2236,2236,131072,17,"pk_gemm(__half const*, __half const*, __half*, int, int, int)",128,8704,0,208,0,128,"SQ_WAVES",4096.000000,382359491877,382407506396
446,446,"Agent 1",1,2236,2236,131072,17,"pk_gemm(__half const*, __half const*, __half*, int, int, int)",128,8704,0,208,0,128,"SQ_WAVE_CYCLES",22302547783.000000,382359491877,382407506396
447,447,"Agent 1",1,2236,2236,131072,17,"pk_gemm(__half const*, __half const*, __half*, int, int, int)",128,8704,0,208,0,128,"SQ_BUSY_CYCLES",195144283.000000,382407537600,382472714283
447,447,"Agent 1",1,2236,2236,131072,17,"pk_gemm(__half const*, __half const*, __half*, int, int, int)",128,8704,0,208,0,128,"SQ_WAIT_ANY",27162977006.000000,382407537600,382472714283
447,447,"Agent 1",1,2236,2236,131072,17,"pk_gemm(__half const*, __half const*, __half*, int, int, int)",128,8704,0,208,0,128,"SQ_WAVES",4096.000000,382407537600,382472714283
447,447,"Agent 1",1,2236,2236,131072,17,"pk_gemm(__half const*, __half const*, __half*, int, int, int)",128,8704,0,208,0,128,"SQ_WAVE_CYCLES",29577812988.000000,382407537600,382472714283
448,448,"Agent 1",1,2236,2236,131072,17,"pk_gemm(__half const*, __half const*, __half*, int, int, int)",128,8704,0,208,0,128,"SQ_BUSY_CYCLES",124906013.000000,382472748666,382514504148
448,448,"Agent 1",1,2236,2236,131072,17,"pk_gemm(__half const*, __half const*, __half*, int, int, int)",128,8704,0,208,0,128,"SQ_WAIT_ANY",17157268112.000000,382472748666,382514504148
448,448,"Agent 1",1,2236,2236,131072,17,"pk_gemm(__half const*, __half const*, __half*, int, int, int)",128,8704,0,208,0,128,"SQ_WAVES",4096.000000,382472748666,382514504148
448,448,"Agent 1",1,2236,2236,131072,17,"pk_gemm(__half const*, __half const*, __half*, int, int, int)",128,8704,0,208,0,128,"SQ_WAVE_CYCLES",19409036034.000000,382472748666,382514504148
449,449,"Agent 1",1,2236,2236,131072,17,"pk_gemm(__half const*, __half const*, __half*, int, int, int)",128,8704,0,208,0,128,"SQ_BUSY_CYCLES",167446077.000000,382514533836,382570474831
449,449,"Agent 1",1,2236,2236,131072,17,"pk_gemm(__half const*, __half const*, __half*, int, int, int)",128,8704,0,208,0,128,"SQ_WAIT_ANY",23554568254.000000,382514533836,382570474831
449,449,"Agent 1",1,2236,2236,131072,17,"pk_gemm(__half const*, __half const*, __half*, int, int, int)",128,8704,0,208,0,128,"SQ_WAVES",4096.000000,382514533836,382570474831
449,449,"Agent 1",1,2236,2236,131072,17,"pk_gemm(__half const*, __half const*, __half*, int, int, int)",128,8704,0,208,0,128,"SQ_WAVE_CYCLES",25918466217.000000,382514533836,382570474831
450,450,"Agent 1",1,2236,2236,131072,17,"pk_gemm(__half const*, __half const*, __half*, int, int, int)",128,8704,0,208,0,128,"SQ_BUSY_CYCLES",174316709.000000,382570508814,382628757769
450,450,"Agent 1",1,2236,2236,131072,17,"pk_gemm(__half const*, __half const*, __half*, int, int, int)",128,8704,0,208,0,128,"SQ_WAIT_ANY",24814354272.000000,382570508814,382628757769
450,450,"Agent 1",1,2236,2236,131072,17,"pk_gemm(__half const*, __half const*, __half*, int, int, int)",128,8704,0,208,0,128,"SQ_WAVES",4096.000000,382570508814,382628757769
450,450,"Agent 1",1,2236,2236,131072,17,"pk_gemm(__half const*, __half const*, __half*, int, int, int)",128,8704,0,208,0,128,"SQ_WAVE_CYCLES",27221540976.000000,382570508814,382628757769
451,451,"Agent 1",1,2236,2236,131072,17,"pk_gemm(__half const*, __half const*, __half*, int, int, int)",128,8704,0,208,0,128,"SQ_BUSY_CYCLES",140286224.000000,382628788350,382675686257
451,451,"Agent 1",1,2236,2236,131072,17,"pk_gemm(__half const*, __half const*, __half*, int, int, int)",128,8704,0,208,0,128,"SQ_WAIT_ANY",19220607814.000000,382628788350,382675686257
451,451,"Agent 1",1,2236,2236,131072,17,"pk_gemm(__half const*, __half const*, __half*, int, int, int)",128,8704,0,208,0,128,"SQ_WAVES",4096.000000,382628788350,382675686257
451,451,"Agent 1",1,2236,2236,131072,17,"pk_gemm(__half const*, __half const*, __half*, int, int, int)",128,8704,0,208,0,128,"SQ_WAVE_CYCLES",21503266349.000000,382628788350,382675686257
452,452,"Agent 1",1,2236,2236,131072,17,"pk_gemm(__half const*, __half const*, __half*, int, int, int)",128,8704,0,208,0,128,"SQ_BUSY_CYCLES",191648378.000000,382675718712,382739736426
452,452,"Agent 1",1,2236,2236,131072,17,"pk_gemm(__half const*, __half const*, __half*, int, int, int)",128,8704,0,208,0,128,"SQ_WAIT_ANY",26765279773.000000,382675718712,382739736426
452,452,"Agent 1",1,2236,2236,131072,17,"pk_gemm(__half const*, __half const*, __half*, int, int, int)",128,8704,0,208,0,128,"SQ_WAVES",4096.000000,382675718712,382739736426
452,452,"Agent 1",1,2236,2236,131072,17,"pk_gemm(__half const*, __half const*, __half*, int, int, int)",128,8704,0,208,0,128,"SQ_WAVE_CYCLES",29164584838.000000,382675718712,382739736426
453,453,"Agent 1",1,2236,2236,131072,17,"pk_gemm(__half const*, __half const*, __half*, int, int, int)",128,8704,0,208,0,128,"SQ_BUSY_CYCLES",163856590.000000,382739769607,382794512479
453,453,"Agent 1",1,2236,2236,131072,17,"pk_gemm(__half const*, __half const*, __half*, int, int, int)",128,8704,0,208,0,128,"SQ_WAIT_ANY",22717352314.000000,382739769607,382794512479
453,453,"Agent 1",1,2236,2236,131072,17,"pk_gemm(__half const*, __half const*, __half*, int, int, int)",128,8704,0,208,0,128,"SQ_WAVES",4096.000000,382739769607,382794512479
453,453,"Agent 1",1,2236,2236,131072,17,"pk_gemm(__half const*, __half const*, __half*, int, int, int)",128,8704,0,208,0,128,"SQ_WAVE_CYCLES",25090072366.000000,382739769607,382794512479
454,454,"Agent 1",1,2236,2236,131072,17,"pk_gemm(__half const*, __half const*, __half*, int, int, int)",128,8704,0,208,0,128,"SQ_BUSY_CYCLES",192274497.000000,382794582064,382858846400
454,454,"Agent 1",1,2236,2236,131072,17,"pk_gemm(__half const*, __half const*, __half*, int, int, int)",128,8704,0,208,0,128,"SQ_WAIT_ANY",27371542969.000000,382794582064,382858846400
454,454,"Agent 1",1,2236,2236,131072,17,"pk_gemm(__half const*, __half const*, __half*, int, int, int)",128,8704,0,208,0,128,"SQ_WAVES",4096.000000,382794582064,382858846400
454,454,"Agent 1",1,2236,2236,131072,17,"pk_gemm(__half const*, __half const*, __half*, int, int, int)",128,8704,0,208,0,128,"SQ_WAVE_CYCLES",29799423622.000000,382794582064,382858846400
455,455,"Agent 1",1,2236,2236,131072,17,"pk_gemm(__half const*, __half const*, __half*, int, int, int)",128,8704,0,208,0,128,"SQ_BUSY_CYCLES",177226451.000000,382858882306,382918117267
455,455,"Agent 1",1,2236,2236,131072,17,"pk_gemm(__half const*, __half const*, __half*, int, int, int)",128,8704,0,208,0,128,"SQ_WAIT_ANY",25076804981.000000,382858882306,382918117267
455,455,"Agent 1",1,2236,2236,131072,17,"pk_gemm(__half const*, __half const*, __half*, int, int, int)",128,8704,0,208,0,128,"SQ_WAVES",4096.000000,382858882306,382918117267
455,455,"Agent 1",1,2236,2236,131072,17,"pk_gemm(__half const*, __half const*, __half*, int, int, int)",128,8704,0,208,0,128,"SQ_WAVE_CYCLES",27481887585.000000,382858882306,382918117267
456,456,"Agent 1",1,2236,2236,131072,17,"pk_gemm(__half const*, __half const*, __half*, int, int, int)",128,8704,0,208,0,128,"SQ_BUSY_CYCLES",172669177.000000,382918152577,382975812712
456,456,"Agent 1",1,2236,2236,131072,17,"pk_gemm(__half const*, __half const*, __half*, int, int, int)",128,8704,0,208,0,128,"SQ_WAIT_ANY",24408410088.000000,382918152577,382975812712
456,456,"Agent 1",1,2236,2236,131072,17,"pk_gemm(__half const*, __half const*, __half*, int, int, int)",128,8704,0,208,0,128,"SQ_WAVES",4096.000000,382918152577,382975812712
456,456,"Agent 1",1,2236,2236,131072,17,"pk_gemm(__half const*, __half const*, __half*, int, int, int)",128,8704,0,208,0,128,"SQ_WAVE_CYCLES",26793767070.000000,382918152577,382975812712
457,457,"Agent 1",1,2236,2236,131072,17,"pk_gemm(__half const*, __half const*, __half*, int, int, int)",128,8704,0,208,0,128,"SQ_BUSY_CYCLES",161535747.000000,382975850702,383029801453
457,457,"Agent 1",1,2236,2236,131072,17,"pk_gemm(__half const*, __half const*, __half*, int, int, int)",128,8704,0,208,0,128,"SQ_WAIT_ANY",22662878473.000000,382975850702,383029801453
457,457,"Agent 1",1,2236,2236,131072,17,"pk_gemm(__half const*, __half const*, __half*, int, int, int)",128,8704,0,208,0,128,"SQ_WAVES",4096.000000,382975850702,383029801453
457,457,"Agent 1",1,2236,2236,131072,17,"pk_gemm(__half const*, __half const*, __half*, int, int, int)",128,8704,0,208,0,128,"SQ_WAVE_CYCLES",25012971606.000000,382975850702,383029801453
458,458,"Agent 1",1,2236,2236,131072,17,"pk_gemm(__half const*, __half const*, __half*, int, int, int)",128,8704,0,208,0,128,"SQ_BUSY_CYCLES",136532544.000000,383029835176,383075437177
458,458,"Agent 1",1,2236,2236,131072,17,"pk_gemm(__half const*, __half const*, __half*, int, int, int)",128,8704,0,208,0,128,"SQ_WAIT_ANY",18594987545.000000,383029835176,383075437177
458,458,"Agent 1",1,2236,2236,131072,17,"pk_gemm(__half const*, __half const*, __half*, int, int, int)",128,8704,0,208,0,128,"SQ_WAVES",4096.000000,383029835176,383075437177
458,458,"Agent 1",1,2236,2236,131072,17,"pk_gemm(__half const*, __half const*, __half*, int, int, int)",128,8704,0,208,0,128,"SQ_WAVE_CYCLES",20888393660.000000,383029835176,383075437177
459,459,"Agent 1",1,2236,2236,131072,17,"pk_gemm(__half const*, __half const*, __half*, int, int, int)",128,8704,0,208,0,128,"SQ_BUSY_CYCLES",106339604.000000,383075473925,383111013371
459,459,"Agent 1",1,2236,2236,131072,17,"pk_gemm(__half const*, __half const*, __half*, int, int, int)",128,8704,0,208,0,128,"SQ_WAIT_ANY",14245290591.000000,383075473925,383111013371
459,459,"Agent 1",1,2236,2236,131072,17,"pk_gemm(__half const*, __half const*, __half*, int, int, int)",128,8704,0,208,0,128,"SQ_WAVES",4096.000000,383075473925,383111013371
459,459,"Agent 1",1,2236,2236,131072,17,"pk_gemm(__half const*, __half const*, __half*, int, int, int)",128,8704,0,208,0,128,"SQ_WAVE_CYCLES",16455727539.000000,383075473925,383111013371
460,460,"Agent 1",1,2236,2236,131072,17,"pk_gemm(__half const*, __half const*, __half*, int, int, int)",128,8704,0,208,0,128,"SQ_BUSY_CYCLES",140411210.000000,383111047189,383158033943
460,460,"Agent 1",1,2236,2236,131072,17,"pk_gemm(__half const*, __half const*, __half*, int, int, int)",128,8704,0,208,0,128,"SQ_WAIT_ANY",19209059049.000000,383111047189,383158033943
460,460,"Agent 1",1,2236,2236,131072,17,"pk_gemm(__half const*, __half const*, __half*, int, int, int)",128,8704,0,208,0,128,"SQ_WAVES",4096.000000,383111047189,383158033943
460,460,"Agent 1",1,2236,2236,131072,17,"pk_gemm(__half const*, __half const*, __half*, int, int, int)",128,8704,0,208,0,128,"SQ_WAVE_CYCLES",21498797988.000000,383111047189,383158033943
461,461,"Agent 1",1,2236,2236,131072,17,"pk_gemm(__half const*, __half const*, __half*, int, int, int)",128,8704,0,208,0,128,"SQ_BUSY_CYCLES",120692608.000000,383158071812,383198391767
461,461,"Agent 1",1,2236,2236,131072,17,"pk_gemm(__half const*, __half const*, __half*, int, int, int)",128,8704,0,208,0,128,"SQ_WAIT_ANY",15989114731.000000,383158071812,383198391767
461,461,"Agent 1",1,2236,2236,131072,17,"pk_gemm(__half const*, __half const*, __half*, int, int, int)",128,8704,0,208,0,128,"SQ_WAVES",4096.000000,383158071812,383198391767
461,461,"Agent 1",1,2236,2236,131072,17,"pk_gemm(__half const*, __half const*, __half*, int, int, int)",128,8704,0,208,0,128,"SQ_WAVE_CYCLES",18218834433.000000,383158071812,383198391767
462,462,"Agent 1",1,2236,2236,131072,17,"pk_gemm(__half const*, __half const*, __half*, int, int, int)",128,8704,0,208,0,128,"SQ_BUSY_CYCLES",115703496.000000,383198426785,383237084668
462,462,"Agent 1",1,2236,2236,131072,17,"pk_gemm(__half const*, __half const*, __half*, int, int, int)",128,8704,0,208,0,128,"SQ_WAIT_ANY",15286484958.000000,383198426785,383237084668
462,462,"Agent 1",1,2236,2236,131072,17,"pk_gemm(__half const*, __half const*, __half*, int, int, int)",128,8704,0,208,0,128,"SQ_WAVES",4096.000000,383198426785,383237084668
462,462,"Agent 1",1,2236,2236,131072,17,"pk_gemm(__half const*, __half const*, __half*, int, int, int)",128,8704,0,208,0,128,"SQ_WAVE_CYCLES",17513643569.000000,383198426785,383237084668
463,463,"Agent 1",1,2236,2236,131072,17,"pk_gemm(__half const*, __half const*, __half*, int, int, int)",128,8704,0,208,0,128,"SQ_BUSY_CYCLES",130061502.000000,383237122458,383280578643
463,463,"Agent 1",1,2236,2236,131072,17,"pk_gemm(__half const*, __half const*, __half*, int, int, int)",128,8704,0,208,0,128,"SQ_WAIT_ANY",17830019516.000000,383237122458,383280578643
463,463,"Agent 1",1,2236,2236,131072,17,"pk_gemm(__half const*, __half const*, __half*, int, int, int)",128,8704,0,208,0,128,"SQ_WAVES",4096.000000,383237122458,383280578643
463,463,"Agent 1",1,2236,2236,131072,17,"pk_gemm(__half const*, __half const*, __half*, int, int, int)",128,8704,0,208,0,128,"SQ_WAVE_CYCLES",20089096200.000000,383237122458,383280578643
464,464,"Agent 1",1,2236,2236,131072,17,"pk_gemm(__half const*, __half const*, __half*, int, int, int)",128,8704,0,208,0,128,"SQ_BUSY_CYCLES",165846067.000000,383280613073,383335992818
464,464,"Agent 1",1,2236,2236,131072,17,"pk_gemm(__half const*, __half const*, __half*, int, int, int)",128,8704,0,208,0,128,"SQ_WAIT_ANY",23150439946.000000,383280613073,383335992818
464,464,"Agent 1",1,2236,2236,131072,17,"pk_gemm(__half const*, __half const*, __half*, int, int, int)",128,8704,0,208,0,128,"SQ_WAVES",4096.000000,383280613073,383335992818
464,464,"Agent 1",1,2236,2236,131072,17,"pk_gemm(__half const*, __half const*, __half*, int, int, int)",128,8704,0,208,0,128,"SQ_WAVE_CYCLES",25494923905.000000,383280613073,383335992818
465,465,"Agent 1",1,2236,2236,131072,17,"pk_gemm(__half const*, __half const*, __half*, int, int, int)",128,8704,0,208,0,128,"SQ_BUSY_CYCLES",143627353.000000,383336032411,383384002164
465,465,"Agent 1",1,2236,2236,131072,17,"pk_gemm(__half const*, __half const*, __half*, int, int, int)",128,8704,0,208,0,128,"SQ_WAIT_ANY",19596363016.000000,383336032411,383384002164
465,465,"Agent 1",1,2236,2236,131072,17,"pk_gemm(__half const*, __half const*, __half*, int, int, int)",128,8704,0,208,0,128,"SQ_WAVES",4096.000000,383336032411,383384002164
465,465,"Agent 1",1,2236,2236,131072,17,"pk_gemm(__half const*, __half const*, __half*, int, int, int)",128,8704,0,208,0,128,"SQ_WAVE_CYCLES",21887969205.000000,383336032411,383384002164
466,466,"Agent 1",1,2236,2236,131072,17,"pk_gemm(__half const*, __half const*, __half*, int, int, int)",128,8704,0,208,0,128,"SQ_BUSY_CYCLES",184354888.000000,383384035630,383445532786
466,466,"Agent 1",1,2236,2236,131072,17,"pk_gemm(__half const*, __half const*, __half*, int, int, int)",128,8704,0,208,0,128,"SQ_WAIT_ANY",25385119423.000000,383384035630,383445532786
466,466,"Agent 1",1,2236,2236,131072,17,"pk_gemm(__half const*, __half const*, __half*, int, int, int)",128,8704,0,208,0,128,"SQ_WAVES",4096.000000,383384035630,383445532786
466,466,"Agent 1",1,2236,2236,131072,17,"pk_gemm(__half const*, __half const*, __half*, int, int, int)",128,8704,0,208,0,128,"SQ_WAVE_CYCLES",27742876686.000000,383384035630,383445532786
467,467,"Agent 1",1,2236,2236,131072,17,"pk_gemm(__half const*, __half const*, __half*, int, int, int)",128,8704,0,208,0,128,"SQ_BUSY_CYCLES",109726219.000000,383445566809,383482221702
467,467,"Agent 1",1,2236,2236,131072,17,"pk_gemm(__half const*, __half const*, __half*, int, int, int)",128,8704,0,208,0,128,"SQ_WAIT_ANY",14628776776.000000,383445566809,383482221702
467,467,"Agent 1",1,2236,2236,131072,17,"pk_gemm(__half const*, __half const*, __half*, int, int, int)",128,8704,0,208,0,128,"SQ_WAVES",4096.000000,383445566809,383482221702
467,467,"Agent 1",1,2236,2236,131072,17,"pk_gemm(__half const*, __half const*, __half*, int, int, int)",128,8704,0,208,0,128,"SQ_WAVE_CYCLES",16825419668.000000,383445566809,383482221702
468,468,"Agent 1",1,2236,2236,131072,17,"pk_gemm(__half const*, __half const*, __half*, int, int, int)",128,8704,0,208,0,128,"SQ_BUSY_CYCLES",137799940.000000,383482253718,383528292297
468,468,"Agent 1",1,2236,2236,131072,17,"pk_gemm(__half const*, __half const*, __half*, int, int, int)",128,8704,0,208,0,128,"SQ_WAIT_ANY",18693006877.000000,383482253718,383528292297
468,468,"Agent 1",1,2236,2236,131072,17,"pk_gemm(__half const*, __half const*, __half*, int, int, int)",128,8704,0,208,0,128,"SQ_WAVES",4096.000000,383482253718,383528292297
468,468,"Agent 1",1,2236,2236,131072,17,"pk_gemm(__half const*, __half const*, __half*, int, int, int)",128,8704,0,208,0,128,"SQ_WAVE_CYCLES",20973047113.000000,383482253718,383528292297
469,469,"Agent 1",1,2236,2236,131072,17,"pk_gemm(__half const*, __half const*, __half*, int, int, int)",128,8704,0,208,0,128,"SQ_BUSY_CYCLES",136505883.000000,383528326039,383573915899
469,469,"Agent 1",1,2236,2236,131072,17,"pk_gemm(__half const*, __half const*, __half*, int, int, int)",128,8704,0,208,0,128,"SQ_WAIT_ANY",18168340303.000000,383528326039,383573915899
469,469,"Agent 1",1,2236,2236,131072,17,"pk_gemm(__half const*, __half const*, __half*, int, int, int)",128,8704,0,208,0,128,"SQ_WAVES",4096.000000,383528326039,383573915899
469,469,"Agent 1",1,2236,2236,131072,17,"pk_gemm(__half const*, __half const*, __half*, int, int, int)",128,8704,0,208,0,128,"SQ_WAVE_CYCLES",20440698598.000000,383528326039,383573915899
470,470,"Agent 1",1,2236,2236,131072,17,"pk_gemm(__half const*, __half const*, __half*, int, int, int)",128,8704,0,208,0,128,"SQ_BUSY_CYCLES",152587050.000000,383573949306,383624905009
470,470,"Agent 1",1,2236,2236,131072,17,"pk_gemm(__half const*, __half const*, __half*, int, int, int)",128,8704,0,208,0,128,"SQ_WAIT_ANY",20605755782.000000,383573949306,383624905009
470,470,"Agent 1",1,2236,2236,131072,17,"pk_gemm(__half const*, __half const*, __half*, int, int, int)",128,8704,0,208,0,128,"SQ_WAVES",4096.000000,383573949306,383624905009
470,470,"Agent 1",1,2236,2236,131072,17,"pk_gemm(__half const*, __half const*, __half*, int, int, int)",128,8704,0,208,0,128,"SQ_WAVE_CYCLES",22897093234.000000,383573949306,383624905009
471,471,"Agent 1",1,2236,2236,131072,17,"pk_gemm(__half const*, __half const*, __half*, int, int, int)",128,8704,0,208,0,128,"SQ_BUSY_CYCLES",204950178.000000,383624938863,383693364387
471,471,"Agent 1",1,2236,2236,131072,17,"pk_gemm(__half const*, __half const*, __half*, int, int, int)",128,8704,0,208,0,128,"SQ_WAIT_ANY",29159163353.000000,383624938863,383693364387
471,471,"Agent 1",1,2236,2236,131072,17,"pk_gemm(__half const*, __half const*, __half*, int, int, int)",128,8704,0,208,0,128,"SQ_WAVES",4096.000000,383624938863,383693364387
471,471,"Agent 1",1,2236,2236,131072,17,"pk_gemm(__half const*, __half const*, __half*, int, int, int)",128,8704,0,208,0,128,"SQ_WAVE_CYCLES",31657930067.000000,383624938863,383693364387
472,472,"Agent 1",1,2236,2236,131072,17,"pk_gemm(__half const*, __half const*, __half*, int, int, int)",128,8704,0,208,0,128,"SQ_BUSY_CYCLES",201857870.000000,383693399848,383760829709
472,472,"Agent 1",1,2236,2236,131072,17,"pk_gemm(__half const*, __half const*, __half*, int, int, int)",128,8704,0,208,0,128,"SQ_WAIT_ANY",28143186812.000000,383693399848,383760829709
472,472,"Agent 1",1,2236,2236,131072,17,"pk_gemm(__half const*, __half const*, __half*, int, int, int)",128,8704,0,208,0,128,"SQ_WAVES",4096.000000,383693399848,383760829709
472,472,"Agent 1",1,2236,2236,131072,17,"pk_gemm(__half const*, __half const*, __half*, int, int, int)",128,8704,0,208,0,128,"SQ_WAVE_CYCLES",30588899251.000000,383693399848,383760829709
473,473,"Agent 1",1,2236,2236,131072,17,"pk_gemm(__half const*, __half const*, __half*, int, int, int)",128,8704,0,208,0,128,"SQ_BUSY_CYCLES",126432048.000000,383760864253,383803155016
473,473,"Agent 1",1,2236,2236,131072,17,"pk_gemm(__half const*, __half const*, __half*, int, int, int)",128,8704,0,208,0,128,"SQ_WAIT_ANY",17232990919.000000,383760864253,383803155016
473,473,"Agent 1",1,2236,2236,131072,17,"pk_gemm(__half const*, __half const*, __half*, int, int, int)",128,8704,0,208,0,128,"SQ_WAVES",4096.000000,383760864253,383803155016
473,473,"Agent 1",1,2236,2236,131072,17,"pk_gemm(__half const*, __half const*, __half*, int, int, int)",128,8704,0,208,0,128,"SQ_WAVE_CYCLES",19473066949.000000,383760864253,383803155016
474,474,"Agent 1",1,2236,2236,131072,17,"pk_gemm(__half const*, __half const*, __half*, int, int, int)",128,8704,0,208,0,128,"SQ_BUSY_CYCLES",120977137.000000,383803184992,383843615433
474,474,"Agent 1",1,2236,2236,131072,17,"pk_gemm(__half const*, __half const*, __half*, int, int, int)",128,8704,0,208,0,128,"SQ_WAIT_ANY",16049593065.000000,383803184992,383843615433
474,474,"Agent 1",1,2236,2236,131072,17,"pk_gemm(__half const*, __half const*, __half*, int, int, int)",128,8704,0,208,0,128,"SQ_WAVES",4096.000000,383803184992,383843615433
474,474,"Agent 1",1,2236,2236,131072,17,"pk_gemm(__half const*, __half const*, __half*, int, int, int)",128,8704,0,208,0,128,"SQ_WAVE_CYCLES",18275105778.000000,383803184992,383843615433
475,475,"Agent 1",1,2236,2236,131072,17,"pk_gemm(__half const*, __half const*, __half*, int, int, int)",128,8704,0,208,0,128,"SQ_BUSY_CYCLES",105595842.000000,383843647492,383878926531
475,475,"Agent 1",1,2236,2236,131072,17,"pk_gemm(__half const*, __half const*, __half*, int, int, int)",128,8704,0,208,0,128,"SQ_WAIT_ANY",14120966213.000000,383843647492,383878926531
475,475,"Agent 1",1,2236,2236,131072,17,"pk_gemm(__half const*, __half const*, __half*, int, int, int)",128,8704,0,208,0,128,"SQ_WAVES",4096.000000,383843647492,383878926531
475,475,"Agent 1",1,2236,2236,131072,17,"pk_gemm(__half const*, __half const*, __half*, int, int, int)",128,8704,0,208,0,128,"SQ_WAVE_CYCLES",16303263808.000000,383843647492,383878926531
476,476,"Agent 1",1,2236,2236,131072,17,"pk_gemm(__half const*, __half const*, __half*, int, int, int)",128,8704,0,208,0,128,"SQ_BUSY_CYCLES",169450681.000000,383878956363,383935591137
476,476,"Agent 1",1,2236,2236,131072,17,"pk_gemm(__half const*, __half const*, __half*, int, int, int)",128,8704,0,208,0,128,"SQ_WAIT_ANY",23825044496.000000,383878956363,383935591137
476,476,"Agent 1",1,2236,2236,131072,17,"pk_gemm(__half const*, __half const*, __half*, int, int, int)",128,8704,0,208,0,128,"SQ_WAVES",4096.000000,383878956363,383935591137
476,476,"Agent 1",1,2236,2236,131072,17,"pk_gemm(__half const*, __half const*, __half*, int, int, int)",128,8704,0,208,0,128,"SQ_WAVE_CYCLES",26233778894.000000,383878956363,383935591137
477,477,"Agent 1",1,2236,2236,131072,17,"pk_gemm(__half const*, __half const*, __half*, int, int, int)",128,8704,0,208,0,128,"SQ_BUSY_CYCLES",196602270.000000,383935623999,384001284869
477,477,"Agent 1",1,2236,2236,131072,17,"pk_gemm(__half const*, __half const*, __half*, int, int, int)",128,8704,0,208,0,128,"SQ_WAIT_ANY",27701347524.000000,383935623999,384001284869
477,477,"Agent 1",1,2236,2236,131072,17,"pk_gemm(__half const*, __half const*, __half*, int, int, int)",128,8704,0,208,0,128,"SQ_WAVES",4096.000000,383935623999,384001284869
477,477,"Agent 1",1,2236,2236,131072,17,"pk_gemm(__half const*, __half const*, __half*, int, int, int)",128,8704,0,208,0,128,"SQ_WAVE_CYCLES",30148450371.000000,383935623999,384001284869
478,478,"Agent 1",1,2236,2236,131072,17,"pk_gemm(__half const*, __half const*, __half*, int, int, int)",128,8704,0,208,0,128,"SQ_BUSY_CYCLES",140273861.000000,384001321096,384048185702
478,478,"Agent 1",1,2236,2236,131072,17,"pk_gemm(__half const*, __half const*, __half*, int, int, int)",128,8704,0,208,0,128,"SQ_WAIT_ANY",19226466598.000000,384001321096,384048185702
478,478,"Agent 1",1,2236,2236,131072,17,"pk_gemm(__half const*, __half const*, __half*, int, int, int)",128,8704,0,208,0,128,"SQ_WAVES",4096.000000,384001321096,384048185702
478,478,"Agent 1",1,2236,2236,131072,17,"pk_gemm(__half const*, __half const*, __half*, int, int, int)",128,8704,0,208,0,128,"SQ_WAVE_CYCLES",21482131948.000000,384001321096,384048185702
479,479,"Agent 1",1,2236,2236,131072,17,"pk_gemm(__half const*, __half const*, __half*, int, int, int)",128,8704,0,208,0,128,"SQ_BUSY_CYCLES",183774779.000000,384048217134,384109647846
479,479,"Agent 1",1,2236,2236,131072,17,"pk_gemm(__half const*, __half const*, __half*, int, int, int)",128,8704,0,208,0,128,"SQ_WAIT_ANY",25355558770.000000,384048217134,384109647846
479,479,"Agent 1",1,2236,2236,131072,17,"pk_gemm(__half const*, __half const*, __half*, int, int, int)",128,8704,0,208,0,128,"SQ_WAVES",4096.000000,384048217134,384109647846
479,479,"Agent 1",1,2236,2236,131072,17,"pk_gemm(__half const*, __half const*, __half*, int, int, int)",128,8704,0,208,0,128,"SQ_WAVE_CYCLES",27742001454.000000,384048217134,384109647846
480,480,"Agent 1",1,2236,2236,131072,17,"pk_gemm(__half const*, __half const*, __half*, int, int, int)",128,8704,0,208,0,128,"SQ_BUSY_CYCLES",108457960.000000,384109681027,384145934970
480,480,"Agent 1",1,2236,2236,131072,17,"pk_gemm(__half const*, __half const*, __half*, int, int, int)",128,8704,0,208,0,128,"SQ_WAIT_ANY",14466020965.000000,384109681027,384145934970
480,480,"Agent 1",1,2236,2236,131072,17,"pk_gemm(__half const*, __half const*, __half*, int, int, int)",128,8704,0,208,0,128,"SQ_WAVES",4096.000000,384109681027,384145934970
480,480,"Agent 1",1,2236,2236,131072,17,"pk_gemm(__half const*, __half const*, __half*, int, int, int)",128,8704,0,208,0,128,"SQ_WAVE_CYCLES",16662228986.000000,384109681027,384145934970
481,481,"Agent 1",1,2236,2236,131072,17,"pk_gemm(__half const*, __half const*, __half*, int, int, int)",128,8704,0,208,0,128,"SQ_BUSY_CYCLES",139168183.000000,384145965673,384192484792
481,481,"Agent 1",1,2236,2236,131072,17,"pk_gemm(__half const*, __half const*, __half*, int, int, int)",128,8704,0,208,0,128,"SQ_WAIT_ANY",19383644019.000000,384145965673,384192484792
481,481,"Agent 1",1,2236,2236,131072,17,"pk_gemm(__half const*, __half const*, __half*, int, int, int)",128,8704,0,208,0,128,"SQ_WAVES",4096.000000,384145965673,384192484792
481,481,"Agent 1",1,2236,2236,131072,17,"pk_gemm(__half const*, __half const*, __half*, int, int, int)",128,8704,0,208,0,128,"SQ_WAVE_CYCLES",21678212272.000000,384145965673,384192484792
482,482,"Agent 1",1,2236,2236,131072,17,"pk_gemm(__half const*, __half const*, __half*, int, int, int)",128,8704,0,208,0,128,"SQ_BUSY_CYCLES",188886705.000000,384192517014,384255602424
482,482,"Agent 1",1,2236,2236,131072,17,"pk_gemm(__half const*, __half const*, __half*, int, int, int)",128,8704,0,208,0,128,"SQ_WAIT_ANY",26874264039.000000,384192517014,384255602424
482,482,"Agent 1",1,2236,2236,131072,17,"pk_gemm(__half const*, __half const*, __half*, int, int, int)",128,8704,0,208,0,128,"SQ_WAVES",4096.000000,384192517014,384255602424
482,482,"Agent 1",1,2236,2236,131072,17,"pk_gemm(__half const*, __half const*, __half*, int, int, int)",128,8704,0,208,0,128,"SQ_WAVE_CYCLES",29273131803.000000,384192517014,384255602424
483,483,"Agent 1",1,2236,2236,131072,17,"pk_gemm(__half const*, __half const*, __half*, int, int, int)",128,8704,0,208,0,128,"SQ_BUSY_CYCLES",144462224.000000,384255635405,384303941670
483,483,"Agent 1",1,2236,2236,131072,17,"pk_gemm(__half const*, __half const*, __half*, int, int, int)",128,8704,0,208,0,128,"SQ_WAIT_ANY",19545382010.000000,384255635405,384303941670
483,483,"Agent 1",1,2236,2236,131072,17,"pk_gemm(__half const*, __half const*, __half*, int, int, int)",128,8704,0,208,0,128,"SQ_WAVES",4096.000000,384255635405,384303941670
483,483,"Agent 1",1,2236,2236,131072,17,"pk_gemm(__half const*, __half const*, __half*, int, int, int)",128,8704,0,208,0,128,"SQ_WAVE_CYCLES",21843714102.000000,384255635405,384303941670
484,484,"Agent 1",1,2236,2236,131072,17,"pk_gemm(__half const*, __half const*, __half*, int, int, int)",128,8704,0,208,0,128,"SQ_BUSY_CYCLES",176738014.000000,384304001022,384363055206
484,484,"Agent 1",1,2236,2236,131072,17,"pk_gemm(__half const*, __half const*, __half*, int, int, int)",128,8704,0,208,0,128,"SQ_WAIT_ANY",24748641680.000000,384304001022,384363055206
484,484,"Agent 1",1,2236,2236,131072,17,"pk_gemm(__half const*, __half const*, __half*, int, int, int)",128,8704,0,208,0,128,"SQ_WAVES",4096.000000,384304001022,384363055206
484,484,"Agent 1",1,2236,2236,131072,17,"pk_gemm(__half const*, __half const*, __half*, int, int, int)",128,8704,0,208,0,128,"SQ_WAVE_CYCLES",27103378356.000000,384304001022,384363055206
485,485,"Agent 1",1,2236,2236,131072,17,"pk_gemm(__half const*, __half const*, __half*, int, int, int)",128,8704,0,208,0,128,"SQ_BUSY_CYCLES",121126558.000000,384363093436,384403570645
485,485,"Agent 1",1,2236,2236,131072,17,"pk_gemm(__half const*, __half const*, __half*, int, int, int)",128,8704,0,208,0,128,"SQ_WAIT_ANY",16519227989.000000,384363093436,384403570645
485,485,"Agent 1",1,2236,2236,131072,17,"pk_gemm(__half const*, __half const*, __half*, int, int, int)",128,8704,0,208,0,128,"SQ_WAVES",4096.000000,384363093436,384403570645
485,485,"Agent 1",1,2236,2236,131072,17,"pk_gemm(__half const*, __half const*, __half*, int, int, int)",128,8704,0,208,0,128,"SQ_WAVE_CYCLES",18760154593.000000,384363093436,384403570645
486,486,"Agent 1",1,2236,2236,131072,17,"pk_gemm(__half const*, __half const*, __half*, int, int, int)",128,8704,0,208,0,128,"SQ_BUSY_CYCLES",164038227.000000,384403603342,384458409132
486,486,"Agent 1",1,2236,2236,131072,17,"pk_gemm(__half const*, __half const*, __half*, int, int, int)",128,8704,0,208,0,128,"SQ_WAIT_ANY",22782624224.000000,384403603342,384458409132
486,486,"Agent 1",1,2236,2236,131072,17,"pk_gemm(__half const*, __half const*, __half*, int, int, int)",128,8704,0,208,0,128,"SQ_WAVES",4096.000000,384403603342,384458409132
486,486,"Agent 1",1,2236,2236,131072,17,"pk_gemm(__half const*, __half const*, __half*, int, int, int)",128,8704,0,208,0,128,"SQ_WAVE_CYCLES",25118940154.000000,384403603342,384458409132
487,487,"Agent 1",1,2236,2236,131072,17,"pk_gemm(__half const*, __half const*, __half*, int, int, int)",128,8704,0,208,0,128,"SQ_BUSY_CYCLES",150452875.000000,384458449166,384508766314
487,487,"Agent 1",1,2236,2236,131072,17,"pk_gemm(__half const*, __half const*, __half*, int, int, int)",128,8704,0,208,0,128,"SQ_WAIT_ANY",21005094760.000000,384458449166,384508766314
487,487,"Agent 1",1,2236,2236,131072,17,"pk_gemm(__half const*, __half const*, __half*, int, int, int)",128,8704,0,208,0,128,"SQ_WAVES",4096.000000,384458449166,384508766314
487,487,"Agent 1",1,2236,2236,131072,17,"pk_gemm(__half const*, __half const*, __half*, int, int, int)",128,8704,0,208,0,128,"SQ_WAVE_CYCLES",23333215811.000000,384458449166,384508766314
488,488,"Agent 1",1,2236,2236,131072,17,"pk_gemm(__half const*, __half const*, __half*, int, int, int)",128,8704,0,208,0,128,"SQ_BUSY_CYCLES",193353993.000000,384508801513,384573403200
488,488,"Agent 1",1,2236,2236,131072,17,"pk_gemm(__half const*, __half const*, __half*, int, int, int)",128,8704,0,208,0,128,"SQ_WAIT_ANY",27056581371.000000,384508801513,384573403200
488,488,"Agent 1",1,2236,2236,131072,17,"pk_gemm(__half const*, __half const*, __half*, int, int, int)",128,8704,0,208,0,128,"SQ_WAVES",4096.000000,384508801513,384573403200
488,488,"Agent 1",1,2236,2236,131072,17,"pk_gemm(__half const*, __half const*, __half*, int, int, int)",128,8704,0,208,0,128,"SQ_WAVE_CYCLES",29495849820.000000,384508801513,384573403200
489,489,"Agent 1",1,2236,2236,131072,17,"pk_gemm(__half const*, __half const*, __half*, int, int, int)",128,8704,0,208,0,128,"SQ_BUSY_CYCLES",158271036.000000,384573440109,384626287634
489,489,"Agent 1",1,2236,2236,131072,17,"pk_gemm(__half const*, __half const*, __half*, int, int, int)",128,8704,0,208,0,128,"SQ_WAIT_ANY",22305037861.000000,384573440109,384626287634
489,489,"Agent 1",1,2236,2236,131072,17,"pk_gemm(__half const*, __half const*, __half*, int, int, int)",128,8704,0,208,0,128,"SQ_WAVES",4096.000000,384573440109,384626287634
489,489,"Agent 1",1,2236,2236,131072,17,"pk_gemm(__half const*, __half const*, __half*, int, int, int)",128,8704,0,208,0,128,"SQ_WAVE_CYCLES",24649658102.000000,384573440109,384626287634
490,490,"Agent 1",1,2236,2236,131072,17,"pk_gemm(__half const*, __half const*, __half*, int, int, int)",128,8704,0,208,0,128,"SQ_BUSY_CYCLES",177204758.000000,384626323010,384685538656
490,490,"Agent 1",1,2236,2236,131072,17,"pk_gemm(__half const*, __half const*, __half*, int, int, int)",128,8704,0,208,0,128,"SQ_WAIT_ANY",24917885472.000000,384626323010,384685538656
490,490,"Agent 1",1,2236,2236,131072,17,"pk_gemm(__half const*, __half const*, __half*, int, int, int)",128,8704,0,208,0,128,"SQ_WAVES",4096.000000,384626323010,384685538656
490,490,"Agent 1",1,2236,2236,131072,17,"pk_gemm(__half const*, __half const*, __half*, int, int, int)",128,8704,0,208,0,128,"SQ_WAVE_CYCLES",27289789703.000000,384626323010,384685538656
491,491,"Agent 1",1,2236,2236,131072,17,"pk_gemm(__half const*, __half const*, __half*, int, int, int)",128,8704,0,208,0,128,"SQ_BUSY_CYCLES",125728559.000000,384685576245,384727587486
491,491,"Agent 1",1,2236,2236,131072,17,"pk_gemm(__half const*, __half const*, __half*, int, int, int)",128,8704,0,208,0,128,"SQ_WAIT_ANY",17266615355.000000,384685576245,384727587486
491,491,"Agent 1",1,2236,2236,131072,17,"pk_gemm(__half const*, __half const*, __half*, int, int, int)",128,8704,0,208,0,128,"SQ_WAVES",4096.000000,384685576245,384727587486
491,491,"Agent 1",1,2236,2236,131072,17,"pk_gemm(__half const*, __half const*, __half*, int, int, int)",128,8704,0,208,0,128,"SQ_WAVE_CYCLES",19541726914.000000,384685576245,384727587486
492,492,"Agent 1",1,2236,2236,131072,17,"pk_gemm(__half const*, __half const*, __half*, int, int, int)",128,8704,0,208,0,128,"SQ_BUSY_CYCLES",166701009.000000,384727621123,384783376131
492,492,"Agent 1",1,2236,2236,131072,17,"pk_gemm(__half const*, __half const*, __half*, int, int, int)",128,8704,0,208,0,128,"SQ_WAIT_ANY",23513959552.000000,384727621123,384783376131
492,492,"Agent 1",1,2236,2236,131072,17,"pk_gemm(__half const*, __half const*, __half*, int, int, int)",128,8704,0,208,0,128,"SQ_WAVES",4096.000000,384727621123,384783376131
492,492,"Agent 1",1,2236,2236,131072,17,"pk_gemm(__half const*, __half const*, __half*, int, int, int)",128,8704,0,208,0,128,"SQ_WAVE_CYCLES",25880494073.000000,384727621123,384783376131
493,493,"Agent 1",1,2236,2236,131072,17,"pk_gemm(__half const*, __half const*, __half*, int, int, int)",128,8704,0,208,0,128,"SQ_BUSY_CYCLES",113330686.000000,384783411476,384821280443
493,493,"Agent 1",1,2236,2236,131072,17,"pk_gemm(__half const*, __half const*, __half*, int, int, int)",128,8704,0,208,0,128,"SQ_WAIT_ANY",15012740827.000000,384783411476,384821280443
493,493,"Agent 1",1,2236,2236,131072,17,"pk_gemm(__half const*, __half const*, __half*, int, int, int)",128,8704,0,208,0,128,"SQ_WAVES",4096.000000,384783411476,384821280443
493,493,"Agent 1",1,2236,2236,131072,17,"pk_gemm(__half const*, __half const*, __half*, int, int, int)",128,8704,0,208,0,128,"SQ_WAVE_CYCLES",17245097199.000000,384783411476,384821280443
494,494,"Agent 1",1,2236,2236,131072,17,"pk_gemm(__half const*, __half const*, __half*, int, int, int)",128,8704,0,208,0,128,"SQ_BUSY_CYCLES",160481968.000000,384821311975,384874938518
494,494,"Agent 1",1,2236,2236,131072,17,"pk_gemm(__half const*, __half const*, __half*, int, int, int)",128,8704,0,208,0,128,"SQ_WAIT_ANY",22185900385.000000,384821311975,384874938518
494,494,"Agent 1",1,2236,2236,131072,17,"pk_gemm(__half const*, __half const*, __half*, int, int, int)",128,8704,0,208,0,128,"SQ_WAVES",4096.000000,384821311975,384874938518
494,494,"Agent 1",1,2236,2236,131072,17,"pk_gemm(__half const*, __half const*, __half*, int, int, int)",128,8704,0,208,0,128,"SQ_WAVE_CYCLES",24524924239.000000,384821311975,384874938518
495,495,"Agent 1",1,2236,2236,131072,17,"pk_gemm(__half const*, __half const*, __half*, int, int, int)",128,8704,0,208,0,128,"SQ_BUSY_CYCLES",112866742.000000,384874975546,384912742642
495,495,"Agent 1",1,2236,2236,131072,17,"pk_gemm(__half const*, __half const*, __half*, int, int, int)",128,8704,0,208,0,128,"SQ_WAIT_ANY",15040843057.000000,384874975546,384912742642
495,495,"Agent 1",1,2236,2236,131072,17,"pk_gemm(__half const*, __half const*, __half*, int, int, int)",128,8704,0,208,0,128,"SQ_WAVES",4096.000000,384874975546,384912742642
495,495,"Agent 1",1,2236,2236,131072,17,"pk_gemm(__half const*, __half const*, __half*, int, int, int)",128,8704,0,208,0,128,"SQ_WAVE_CYCLES",17263443632.000000,384874975546,384912742642
496,496,"Agent 1",1,2236,2236,131072,17,"pk_gemm(__half const*, __half const*, __half*, int, int, int)",128,8704,0,208,0,128,"SQ_BUSY_CYCLES",135945454.000000,384912774978,384958179571
496,496,"Agent 1",1,2236,2236,131072,17,"pk_gemm(__half const*, __half const*, __half*, int, int, int)",128,8704,0,208,0,128,"SQ_WAIT_ANY",18809911566.000000,384912774978,384958179571
496,496,"Agent 1",1,2236,2236,131072,17,"pk_gemm(__half const*, __half const*, __half*, int, int, int)",128,8704,0,208,0,128,"SQ_WAVES",4096.000000,384912774978,384958179571
496,496,"Agent 1",1,2236,2236,131072,17,"pk_gemm(__half const*, __half const*, __half*, int, int, int)",128,8704,0,208,0,128,"SQ_WAVE_CYCLES",21099404944.000000,384912774978,384958179571
497,497,"Agent 1",1,2236,2236,131072,17,"pk_gemm(__half const*, __half const*, __half*, int, int, int)",128,8704,0,208,0,128,"SQ_BUSY_CYCLES",166653992.000000,384958216038,385013877511
497,497,"Agent 1",1,2236,2236,131072,17,"pk_gemm(__half const*, __half const*, __half*, int, int, int)",128,8704,0,208,0,128,"SQ_WAIT_ANY",23063693167.000000,384958216038,385013877511
497,497,"Agent 1",1,2236,2236,131072,17,"pk_gemm(__half const*, __half const*, __half*, int, int, int)",128,8704,0,208,0,128,"SQ_WAVES",4096.000000,384958216038,385013877511
497,497,"Agent 1",1,2236,2236,131072,17,"pk_gemm(__half const*, __half const*, __half*, int, int, int)",128,8704,0,208,0,128,"SQ_WAVE_CYCLES",25456530417.000000,384958216038,385013877511
498,498,"Agent 1",1,2236,2236,131072,17,"pk_gemm(__half const*, __half const*, __half*, int, int, int)",128,8704,0,208,0,128,"SQ_BUSY_CYCLES",157039494.000000,385013909173,385066368692
498,498,"Agent 1",1,2236,2236,131072,17,"pk_gemm(__half const*, __half const*, __half*, int, int, int)",128,8704,0,208,0,128,"SQ_WAIT_ANY",22155309899.000000,385013909173,385066368692
498,498,"Agent 1",1,2236,2236,131072,17,"pk_gemm(__half const*, __half const*, __half*, int, int, int)",128,8704,0,208,0,128,"SQ_WAVES",4096.000000,385013909173,385066368692
498,498,"Agent 1",1,2236,2236,131072,17,"pk_gemm(__half const*, __half const*, __half*, int, int, int)",128,8704,0,208,0,128,"SQ_WAVE_CYCLES",24523704718.000000,385013909173,385066368692
499,499,"Agent 1",1,2236,2236,131072,17,"pk_gemm(__half const*, __half const*, __half*, int, int, int)",128,8704,0,208,0,128,"SQ_BUSY_CYCLES",164596519.000000,385066402755,385121393572
499,499,"Agent 1",1,2236,2236,131072,17,"pk_gemm(__half const*, __half const*, __half*, int, int, int)",128,8704,0,208,0,128,"SQ_WAIT_ANY",23137852668.000000,385066402755,385121393572
499,499,"Agent 1",1,2236,2236,131072,17,"pk_gemm(__half const*, __half const*, __half*, int, int, int)",128,8704,0,208,0,128,"SQ_WAVES",4096.000000,385066402755,385121393572
499,499,"Agent 1",1,2236,2236,131072,17,"pk_gemm(__half const*, __half const*, __half*, int, int, int)",128,8704,0,208,0,128,"SQ_WAVE_CYCLES",25531212558.000000,385066402755,385121393572
500,500,"Agent 1",1,2236,2236,131072,17,"pk_gemm(__half const*, __half const*, __half*, int, int, int)",128,8704,0,208,0,128,"SQ_BUSY_CYCLES",185632668.000000,385121426626,385183383804
500,500,"Agent 1",1,2236,2236,131072,17,"pk_gemm(__half const*, __half const*, __half*, int, int, int)",128,8704,0,208,0,128,"SQ_WAIT_ANY",25629083029.000000,385121426626,385183383804
500,500,"Agent 1",1,2236,2236,131072,17,"pk_gemm(__half const*, __half const*, __half*, int, int, int)",128,8704,0,208,0,128,"SQ_WAVES",4096.000000,385121426626,385183383804
500,500,"Agent 1",1,2236,2236,131072,17,"pk_gemm(__half const*, __half const*, __half*, int, int, int)",128,8704,0,208,0,128,"SQ_WAVE_CYCLES",28016576932.000000,385121426626,385183383804
501,501,"Agent 1",1,2236,2236,131072,17,"pk_gemm(__half const*, __half const*, __half*, int, int, int)",128,8704,0,208,0,128,"SQ_BUSY_CYCLES",164161330.000000,385183419189,385238245338
501,501,"Agent 1",1,2236,2236,131072,17,"pk_gemm(__half const*, __half const*, __half*, int, int, int)",128,8704,0,208,0,128,"SQ_WAIT_ANY",22690169776.000000,385183419189,385238245338
501,501,"Agent 1",1,2236,2236,131072,17,"pk_gemm(__half const*, __half const*, __half*, int, int, int)",128,8704,0,208,0,128,"SQ_WAVES",4096.000000,385183419189,385238245338
501,501,"Agent 1",1,2236,2236,131072,17,"pk_gemm(__half const*, __half const*, __half*, int, int, int)",128,8704,0,208,0,128,"SQ_WAVE_CYCLES",25054981859.000000,385183419189,385238245338
502,502,"Agent 1",1,2236,2236,131072,17,"pk_gemm(__half const*, __half const*, __half*, int, int, int)",128,8704,0,208,0,128,"SQ_BUSY_CYCLES",171227125.000000,385238276848,385295504332
502,502,"Agent 1",1,2236,2236,131072,17,"pk_gemm(__half const*, __half const*, __half*, int, int, int)",128,8704,0,208,0,128,"SQ_WAIT_ANY",23600089683.000000,385238276848,385295504332
502,502,"Agent 1",1,2236,2236,131072,17,"pk_gemm(__half const*, __half const*, __half*, int, int, int)",128,8704,0,208,0,128,"SQ_WAVES",4096.000000,385238276848,385295504332
502,502,"Agent 1",1,2236,2236,131072,17,"pk_gemm(__half const*, __half const*, __half*, int, int, int)",128,8704,0,208,0,128,"SQ_WAVE_CYCLES",25995690591.000000,385238276848,385295504332
503,503,"Agent 1",1,2236,2236,131072,17,"pk_gemm(__half const*, __half const*, __half*, int, int, int)",128,8704,0,208,0,128,"SQ_BUSY_CYCLES",144521360.000000,385295537834,385343853195
503,503,"Agent 1",1,2236,2236,131072,17,"pk_gemm(__half const*, __half const*, __half*, int, int, int)",128,8704,0,208,0,128,"SQ_WAIT_ANY",19857337715.000000,385295537834,385343853195
503,503,"Agent 1",1,2236,2236,131072,17,"pk_gemm(__half const*, __half const*, __half*, int, int, int)",128,8704,0,208,0,128,"SQ_WAVES",4096.000000,385295537834,385343853195
503,503,"Agent 1",1,2236,2236,131072,17,"pk_gemm(__half const*, __half const*, __half*, int, int, int)",128,8704,0,208,0,128,"SQ_WAVE_CYCLES",22163295914.000000,385295537834,385343853195
504,504,"Agent 1",1,2236,2236,131072,17,"pk_gemm(__half const*, __half const*, __half*, int, int, int)",128,8704,0,208,0,128,"SQ_BUSY_CYCLES",110435751.000000,385343883695,385380819555
504,504,"Agent 1",1,2236,2236,131072,17,"pk_gemm(__half const*, __half const*, __half*, int, int, int)",128,8704,0,208,0,128,"SQ_WAIT_ANY",14983342685.000000,385343883695,385380819555
504,504,"Agent 1",1,2236,2236,131072,17,"pk_gemm(__half const*, __half const*, __half*, int, int, int)",128,8704,0,208,0,128,"SQ_WAVES",4096.000000,385343883695,385380819555
504,504,"Agent 1",1,2236,2236,131072,17,"pk_gemm(__half const*, __half const*, __half*, int, int, int)",128,8704,0,208,0,128,"SQ_WAVE_CYCLES",17213494606.000000,385343883695,385380819555
505,505,"Agent 1",1,2236,2236,131072,17,"pk_gemm(__half const*, __half const*, __half*, int, int, int)",128,8704,0,208,0,128,"SQ_BUSY_CYCLES",147367977.000000,385380852415,385430033638
505,505,"Agent 1",1,2236,2236,131072,17,"pk_gemm(__half const*, __half const*, __half*, int, int, int)",128,8704,0,208,0,128,"SQ_WAIT_ANY",20438631706.000000,385380852415,385430033638
505,505,"Agent 1",1,2236,2236,131072,17,"pk_gemm(__half const*, __half const*, __half*, int, int, int)",128,8704,0,208,0,128,"SQ_WAVES",4096.000000,385380852415,385430033638
505,505,"Agent 1",1,2236,2236,131072,17,"pk_gemm(__half const*, __half const*, __half*, int, int, int)",128,8704,0,208,0,128,"SQ_WAVE_CYCLES",22714874895.000000,385380852415,385430033638
506,506,"Agent 1",1,2236,2236,131072,17,"pk_gemm(__half const*, __half const*, __half*, int, int, int)",128,8704,0,208,0,128,"SQ_BUSY_CYCLES",183732070.000000,385430064730,385491435289
506,506,"Agent 1",1,2236,2236,131072,17,"pk_gemm(__half const*, __half const*, __half*, int, int, int)",128,8704,0,208,0,128,"SQ_WAIT_ANY",26240180367.000000,385430064730,385491435289
506,506,"Agent 1",1,2236,2236,131072,17,"pk_gemm(__half const*, __half const*, __half*, int, int, int)",128,8704,0,208,0,128,"SQ_WAVES",4096.000000,385430064730,385491435289
506,506,"Agent 1",1,2236,2236,131072,17,"pk_gemm(__half const*, __half const*, __half*, int, int, int)",128,8704,0,208,0,128,"SQ_WAVE_CYCLES",28675683037.000000,385430064730,385491435289
507,507,"Agent 1",1,2236,2236,131072,17,"pk_gemm(__half const*, __half const*, __half*, int, int, int)",128,8704,0,208,0,128,"SQ_BUSY_CYCLES",115071812.000000,385491467709,385529910590
507,507,"Agent 1",1,2236,2236,131072,17,"pk_gemm(__half const*, __half const*, __half*, int, int, int)",128,8704,0,208,0,128,"SQ_WAIT_ANY",15350594470.000000,385491467709,385529910590
507,507,"Agent 1",1,2236,2236,131072,17,"pk_gemm(__half const*, __half const*, __half*, int, int, int)",128,8704,0,208,0,128,"SQ_WAVES",4096.000000,385491467709,385529910590
507,507,"Agent 1",1,2236,2236,131072,17,"pk_gemm(__half const*, __half const*, __half*, int, int, int)",128,8704,0,208,0,128,"SQ_WAVE_CYCLES",17572899708.000000,385491467709,385529910590
508,508,"Agent 1",1,2236,2236,131072,17,"pk_gemm(__half const*, __half const*, __half*, int, int, int)",128,8704,0,208,0,128,"SQ_BUSY_CYCLES",129554722.000000,385529941249,385573252003
508,508,"Agent 1",1,2236,2236,131072,17,"pk_gemm(__half const*, __half const*, __half*, int, int, int)",128,8704,0,208,0,128,"SQ_WAIT_ANY",17832772858.000000,385529941249,385573252003
508,508,"Agent 1",1,2236,2236,131072,17,"pk_gemm(__half const*, __half const*, __half*, int, int, int)",128,8704,0,208,0,128,"SQ_WAVES",4096.000000,385529941249,385573252003
508,508,"Agent 1",1,2236,2236,131072,17,"pk_gemm(__half const*, __half const*, __half*, int, int, int)",128,8704,0,208,0,128,"SQ_WAVE_CYCLES",20102974755.000000,385529941249,385573252003
509,509,"Agent 1",1,2236,2236,131072,17,"pk_gemm(__half const*, __half const*, __half*, int, int, int)",128,8704,0,208,0,128,"SQ_BUSY_CYCLES",158960670.000000,385573285665,385626362740
509,509,"Agent 1",1,2236,2236,131072,17,"pk_gemm(__half const*, __half const*, __half*, int, int, int)",128,8704,0,208,0,128,"SQ_WAIT_ANY",22283522162.000000,385573285665,385626362740
509,509,"Agent 1",1,2236,2236,131072,17,"pk_gemm(__half const*, __half const*, __half*, int, int, int)",128,8704,0,208,0,128,"SQ_WAVES",4096.000000,385573285665,385626362740
509,509,"Agent 1",1,2236,2236,131072,17,"pk_gemm(__half const*, __half const*, __half*, int, int, int)",128,8704,0,208,0,128,"SQ_WAVE_CYCLES",24646347001.000000,385573285665,385626362740
510,510,"Agent 1",1,2236,2236,131072,17,"pk_gemm(__half const*, __half const*, __half*, int, int, int)",128,8704,0,208,0,128,"SQ_BUSY_CYCLES",122356380.000000,385626393925,385667273648
510,510,"Agent 1",1,2236,2236,131072,17,"pk_gemm(__half const*, __half const*, __half*, int, int, int)",128,8704,0,208,0,128,"SQ_WAIT_ANY",16756858584.000000,385626393925,385667273648
510,510,"Agent 1",1,2236,2236,131072,17,"pk_gemm(__half const*, __half const*, __half*, int, int, int)",128,8704,0,208,0,128,"SQ_WAVES",4096.000000,385626393925,385667273648
510,510,"Agent 1",1,2236,2236,131072,17,"pk_gemm(__half const*, __half const*, __half*, int, int, int)",128,8704,0,208,0,128,"SQ_WAVE_CYCLES",19001810890.000000,385626393925,385667273648
511,511,"Agent 1",1,2236,2236,131072,17,"pk_gemm(__half const*, __half const*, __half*, int, int, int)",128,8704,0,208,0,128,"SQ_BUSY_CYCLES",186292650.000000,385667307149,385729553989
511,511,"Agent 1",1,2236,2236,131072,17,"pk_gemm(__half const*, __half const*, __half*, int, int, int)",128,8704,0,208,0,128,"SQ_WAIT_ANY",26569539019.000000,385667307149,385729553989
511,511,"Agent 1",1,2236,2236,131072,17,"pk_gemm(__half const*, __half const*, __half*, int, int, int)",128,8704,0,208,0,128,"SQ_WAVES",4096.000000,385667307149,385729553989
511,511,"Agent 1",1,2236,2236,131072,17,"pk_gemm(__half const*, __half const*, __half*, int, int, int)",128,8704,0,208,0,128,"SQ_WAVE_CYCLES",28985636286.000000,385667307149,385729553989
512,512,"Agent 1",1,2236,2236,131072,17,"pk_gemm(__half const*, __half const*, __half*, int, int, int)",128,8704,0,208,0,128,"SQ_BUSY_CYCLES",165784580.000000,385729584097,385784959234
512,512,"Agent 1",1,2236,2236,131072,17,"pk_gemm(__half const*, __half const*, __half*, int, int, int)",128,8704,0,208,0,128,"SQ_WAIT_ANY",22803745113.000000,385729584097,385784959234
512,512,"Agent 1",1,2236,2236,131072,17,"pk_gemm(__half const*, __half const*, __half*, int, int, int)",128,8704,0,208,0,128,"SQ_WAVES",4096.000000,385729584097,385784959234
512,512,"Agent 1",1,2236,2236,131072,17,"pk_gemm(__half const*, __half const*, __half*, int, int, int)",128,8704,0,208,0,128,"SQ_WAVE_CYCLES",25157039407.000000,385729584097,385784959234
513,513,"Agent 1",1,2236,2236,131072,17,"pk_gemm(__half const*, __half const*, __half*, int, int, int)",128,8704,0,208,0,128,"SQ_BUSY_CYCLES",185341385.000000,385784991934,385846907233
513,513,"Agent 1",1,2236,2236,131072,17,"pk_gemm(__half const*, __half const*, __half*, int, int, int)",128,8704,0,208,0,128,"SQ_WAIT_ANY",26178066035.000000,385784991934,385846907233
513,513,"Agent 1",1,2236,2236,131072,17,"pk_gemm(__half const*, __half const*, __half*, int, int, int)",128,8704,0,208,0,128,"SQ_WAVES",4096.000000,385784991934,385846907233
513,513,"Agent 1",1,2236,2236,131072,17,"pk_gemm(__half const*, __half const*, __half*, int, int, int)",128,8704,0,208,0,128,"SQ_WAVE_CYCLES",28587091141.000000,385784991934,385846907233
514,514,"Agent 1",1,2236,2236,524288,17,"pk_gemm(__half const*, __half const*, __half*, int, int, int)",128,8704,0,208,0,128,"SQ_BUSY_CYCLES",1438989861.000000,387610781439,388090545715
514,514,"Agent 1",1,2236,2236,524288,17,"pk_gemm(__half const*, __half const*, __half*, int, int, int)",128,8704,0,208,0,128,"SQ_WAIT_ANY",204243369527.000000,387610781439,388090545715
514,514,"Agent 1",1,2236,2236,524288,17,"pk_gemm(__half const*, __half const*, __half*, int, int, int)",128,8704,0,208,0,128,"SQ_WAVES",16384.000000,387610781439,388090545715
514,514,"Agent 1",1,2236,2236,524288,17,"pk_gemm(__half const*, __half const*, __half*, int, int, int)",128,8704,0,208,0,128,"SQ_WAVE_CYCLES",221823841887.000000,387610781439,388090545715
515,515,"Agent 1",1,2236,2236,524288,17,"pk_gemm(__half const*, __half const*, __half*, int, int, int)",128,8704,0,208,0,128,"SQ_BUSY_CYCLES",1238793905.000000,388090587426,388503343105
515,515,"Agent 1",1,2236,2236,524288,17,"pk_gemm(__half const*, __half const*, __half*, int, int, int)",128,8704,0,208,0,128,"SQ_WAIT_ANY",169110220084.000000,388090587426,388503343105
515,515,"Agent 1",1,2236,2236,524288,17,"pk_gemm(__half const*, __half const*, __half*, int, int, int)",128,8704,0,208,0,128,"SQ_WAVES",16384.000000,388090587426,388503343105
515,515,"Agent 1",1,2236,2236,524288,17,"pk_gemm(__half const*, __half const*, __half*, int, int, int)",128,8704,0,208,0,128,"SQ_WAVE_CYCLES",186371419241.000000,388090587426,388503343105
516,516,"Agent 1",1,2236,2236,524288,17,"pk_gemm(__half const*, __half const*, __half*, int, int, int)",128,8704,0,208,0,128,"SQ_BUSY_CYCLES",1580602361.000000,388503377359,389030395846
516,516,"Agent 1",1,2236,2236,524288,17,"pk_gemm(__half const*, __half const*, __half*, int, int, int)",128,8704,0,208,0,128,"SQ_WAIT_ANY",225305613494.000000,388503377359,389030395846
516,516,"Agent 1",1,2236,2236,524288,17,"pk_gemm(__half const*, __half const*, __half*, int, int, int)",128,8704,0,208,0,128,"SQ_WAVES",16384.000000,388503377359,389030395846
516,516,"Agent 1",1,2236,2236,524288,17,"pk_gemm(__half const*, __half const*, __half*, int, int, int)",128,8704,0,208,0,128,"SQ_WAVE_CYCLES",242996671393.000000,388503377359,389030395846
517,517,"Agent 1",1,2236,2236,524288,17,"pk_gemm(__half const*, __half const*, __half*, int, int, int)",128,8704,0,208,0,128,"SQ_BUSY_CYCLES",1460865592.000000,389030430247,389517452748
517,517,"Agent 1",1,2236,2236,524288,17,"pk_gemm(__half const*, __half const*, __half*, int, int, int)",128,8704,0,208,0,128,"SQ_WAIT_ANY",202935521387.000000,389030430247,389517452748
517,517,"Agent 1",1,2236,2236,524288,17,"pk_gemm(__half const*, __half const*, __half*, int, int, int)",128,8704,0,208,0,128,"SQ_WAVES",16384.000000,389030430247,389517452748
517,517,"Agent 1",1,2236,2236,524288,17,"pk_gemm(__half const*, __half const*, __half*, int, int, int)",128,8704,0,208,0,128,"SQ_WAVE_CYCLES",220309040319.000000,389030430247,389517452748
518,518,"Agent 1",1,2236,2236,524288,17,"pk_gemm(__half const*, __half const*, __half*, int, int, int)",128,8704,0,208,0,128,"SQ_BUSY_CYCLES",1260704606.000000,389517486657,389937771950
518,518,"Agent 1",1,2236,2236,524288,17,"pk_gemm(__half const*, __half const*, __half*, int, int, int)",128,8704,0,208,0,128,"SQ_WAIT_ANY",175889222079.000000,389517486657,389937771950
518,518,"Agent 1",1,2236,2236,524288,17,"pk_gemm(__half const*, __half const*, __half*, int, int, int)",128,8704,0,208,0,128,"SQ_WAVES",16384.000000,389517486657,389937771950
518,518,"Agent 1",1,2236,2236,524288,17,"pk_gemm(__half const*, __half const*, __half*, int, int, int)",128,8704,0,208,0,128,"SQ_WAVE_CYCLES",193276304189.000000,389517486657,389937771950
519,519,"Agent 1",1,2236,2236,524288,17,"pk_gemm(__half const*, __half const*, __half*, int, int, int)",128,8704,0,208,0,128,"SQ_BUSY_CYCLES",1345695385.000000,389937805798,390386296451
519,519,"Agent 1",1,2236,2236,524288,17,"pk_gemm(__half const*, __half const*, __half*, int, int, int)",128,8704,0,208,0,128,"SQ_WAIT_ANY",189494790427.000000,389937805798,390386296451
519,519,"Agent 1",1,2236,2236,524288,17,"pk_gemm(__half const*, __half const*, __half*, int, int, int)",128,8704,0,208,0,128,"SQ_WAVES",16384.000000,389937805798,390386296451
519,519,"Agent 1",1,2236,2236,524288,17,"pk_gemm(__half const*, __half const*, __half*, int, int, int)",128,8704,0,208,0,128,"SQ_WAVE_CYCLES",206795598355.000000,389937805798,390386296451
520,520,"Agent 1",1,2236,2236,524288,17,"pk_gemm(__half const*, __half const*, __half*, int, int, int)",128,8704,0,208,0,128,"SQ_BUSY_CYCLES",1597231693.000000,390386331852,390918668617
520,520,"Agent 1",1,2236,2236,524288,17,"pk_gemm(__half const*, __half const*, __half*, int, int, int)",128,8704,0,208,0,128,"SQ_WAIT_ANY",229648809989.000000,390386331852,390918668617
520,520,"Agent 1",1,2236,2236,524288,17,"pk_gemm(__half const*, __half const*, __half*, int, int, int)",128,8704,0,208,0,128,"SQ_WAVES",16384.000000,390386331852,390918668617
520,520,"Agent 1",1,2236,2236,524288,17,"pk_gemm(__half const*, __half const*, __half*, int, int, int)",128,8704,0,208,0,128,"SQ_WAVE_CYCLES",247474492649.000000,390386331852,390918668617
521,521,"Agent 1",1,2236,2236,524288,17,"pk_gemm(__half const*, __half const*, __half*, int, int, int)",128,8704,0,208,0,128,"SQ_BUSY_CYCLES",1620158736.000000,390918702035,391458637625
521,521,"Agent 1",1,2236,2236,524288,17,"pk_gemm(__half const*, __half const*, __half*, int, int, int)",128,8704,0,208,0,128,"SQ_WAIT_ANY",227780535804.000000,390918702035,391458637625
521,521,"Agent 1",1,2236,2236,524288,17,"pk_gemm(__half const*, __half const*, __half*, int, int, int)",128,8704,0,208,0,128,"SQ_WAVES",16384.000000,390918702035,391458637625
521,521,"Agent 1",1,2236,2236,524288,17,"pk_gemm(__half const*, __half const*, __half*, int, int, int)",128,8704,0,208,0,128,"SQ_WAVE_CYCLES",245438657340.000000,390918702035,391458637625
522,522,"Agent 1",1,2236,2236,524288,17,"pk_gemm(__half const*, __half const*, __half*, int, int, int)",128,8704,0,208,0,128,"SQ_BUSY_CYCLES",1580478076.000000,391458715490,391985767602
522,522,"Agent 1",1,2236,2236,524288,17,"pk_gemm(__half const*, __half const*, __half*, int, int, int)",128,8704,0,208,0,128,"SQ_WAIT_ANY",226388428822.000000,391458715490,391985767602
522,522,"Agent 1",1,2236,2236,524288,17,"pk_gemm(__half const*, __half const*, __half*, int, int, int)",128,8704,0,208,0,128,"SQ_WAVES",16384.000000,391458715490,391985767602
522,522,"Agent 1",1,2236,2236,524288,17,"pk_gemm(__half const*, __half const*, __half*, int, int, int)",128,8704,0,208,0,128,"SQ_WAVE_CYCLES",244279471331.000000,391458715490,391985767602
523,523,"Agent 1",1,2236,2236,524288,17,"pk_gemm(__half const*, __half const*, __half*, int, int, int)",128,8704,0,208,0,128,"SQ_BUSY_CYCLES",1378323263.000000,391985807422,392445339984
523,523,"Agent 1",1,2236,2236,524288,17,"pk_gemm(__half const*, __half const*, __half*, int, int, int)",128,8704,0,208,0,128,"SQ_WAIT_ANY",194016579424.000000,391985807422,392445339984
523,523,"Agent 1",1,2236,2236,524288,17,"pk_gemm(__half const*, __half const*, __half*, int, int, int)",128,8704,0,208,0,128,"SQ_WAVES",16384.000000,391985807422,392445339984
523,523,"Agent 1",1,2236,2236,524288,17,"pk_gemm(__half const*, __half const*, __half*, int, int, int)",128,8704,0,208,0,128,"SQ_WAVE_CYCLES",211371655989.000000,391985807422,392445339984
524,524,"Agent 1",1,2236,2236,524288,17,"pk_gemm(__half const*, __half const*, __half*, int, int, int)",128,8704,0,208,0,128,"SQ_BUSY_CYCLES",1330560339.000000,392445377038,392888931331
524,524,"Agent 1",1,2236,2236,524288,17,"pk_gemm(__half const*, __half const*, __half*, int, int, int)",128,8704,0,208,0,128,"SQ_WAIT_ANY",189174047036.000000,392445377038,392888931331
524,524,"Agent 1",1,2236,2236,524288,17,"pk_gemm(__half const*, __half const*, __half*, int, int, int)",128,8704,0,208,0,128,"SQ_WAVES",16384.000000,392445377038,392888931331
524,524,"Agent 1",1,2236,2236,524288,17,"pk_gemm(__half const*, __half const*, __half*, int, int, int)",128,8704,0,208,0,128,"SQ_WAVE_CYCLES",206635847931.000000,392445377038,392888931331
525,525,"Agent 1",1,2236,2236,524288,17,"pk_gemm(__half const*, __half const*, __half*, int, int, int)",128,8704,0,208,0,128,"SQ_BUSY_CYCLES",997102142.000000,392888969815,393221447101
525,525,"Agent 1",1,2236,2236,524288,17,"pk_gemm(__half const*, __half const*, __half*, int, int, int)",128,8704,0,208,0,128,"SQ_WAIT_ANY",139350126859.000000,392888969815,393221447101
525,525,"Agent 1",1,2236,2236,524288,17,"pk_gemm(__half const*, __half const*, __half*, int, int, int)",128,8704,0,208,0,128,"SQ_WAVES",16384.000000,392888969815,393221447101
525,525,"Agent 1",1,2236,2236,524288,17,"pk_gemm(__half const*, __half const*, __half*, int, int, int)",128,8704,0,208,0,128,"SQ_WAVE_CYCLES",156345110248.000000,392888969815,393221447101
526,526,"Agent 1",1,2236,2236,524288,17,"pk_gemm(__half const*, __half const*, __half*, int, int, int)",128,8704,0,208,0,128,"SQ_BUSY_CYCLES",1057685572.000000,393221484935,393574256330
526,526,"Agent 1",1,2236,2236,524288,17,"pk_gemm(__half const*, __half const*, __half*, int, int, int)",128,8704,0,208,0,128,"SQ_WAIT_ANY",146710358726.000000,393221484935,393574256330
526,526,"Agent 1",1,2236,2236,524288,17,"pk_gemm(__half const*, __half const*, __half*, int, int, int)",128,8704,0,208,0,128,"SQ_WAVES",16384.000000,393221484935,393574256330
526,526,"Agent 1",1,2236,2236,524288,17,"pk_gemm(__half const*, __half const*, __half*, int, int, int)",128,8704,0,208,0,128,"SQ_WAVE_CYCLES",163778905459.000000,393221484935,393574256330
527,527,"Agent 1",1,2236,2236,524288,17,"pk_gemm(__half const*, __half const*, __half*, int, int, int)",128,8704,0,208,0,128,"SQ_BUSY_CYCLES",1559186000.000000,393574294607,394093730384
527,527,"Agent 1",1,2236,2236,524288,17,"pk_gemm(__half const*, __half const*, __half*, int, int, int)",128,8704,0,208,0,128,"SQ_WAIT_ANY",212531901865.000000,393574294607,394093730384
527,527,"Agent 1",1,2236,2236,524288,17,"pk_gemm(__half const*, __half const*, __half*, int, int, int)",128,8704,0,208,0,128,"SQ_WAVES",16384.000000,393574294607,394093730384
527,527,"Agent 1",1,2236,2236,524288,17,"pk_gemm(__half const*, __half const*, __half*, int, int, int)",128,8704,0,208,0,128,"SQ_WAVE_CYCLES",230045324429.000000,393574294607,394093730384
528,528,"Agent 1",1,2236,2236,524288,17,"pk_gemm(__half const*, __half const*, __half*, int, int, int)",128,8704,0,208,0,128,"SQ_BUSY_CYCLES",1440333864.000000,394093767302,394573914934
528,528,"Agent 1",1,2236,2236,524288,17,"pk_gemm(__half const*, __half const*, __half*, int, int, int)",128,8704,0,208,0,128,"SQ_WAIT_ANY",203367748443.000000,394093767302,394573914934
528,528,"Agent 1",1,2236,2236,524288,17,"pk_gemm(__half const*, __half const*, __half*, int, int, int)",128,8704,0,208,0,128,"SQ_WAVES",16384.000000,394093767302,394573914934
528,528,"Agent 1",1,2236,2236,524288,17,"pk_gemm(__half const*, __half const*, __half*, int, int, int)",128,8704,0,208,0,128,"SQ_WAVE_CYCLES",221030230679.000000,394093767302,394573914934
529,529,"Agent 1",1,2236,2236,524288,17,"pk_gemm(__half const*, __half const*, __half*, int, int, int)",128,8704,0,208,0,128,"SQ_BUSY_CYCLES",1493429226.000000,394573955877,395071614754
529,529,"Agent 1",1,2236,2236,524288,17,"pk_gemm(__half const*, __half const*, __half*, int, int, int)",128,8704,0,208,0,128,"SQ_WAIT_ANY",211818320824.000000,394573955877,395071614754
529,529,"Agent 1",1,2236,2236,524288,17,"pk_gemm(__half const*, __half const*, __half*, int, int, int)",128,8704,0,208,0,128,"SQ_WAVES",16384.000000,394573955877,395071614754
529,529,"Agent 1",1,2236,2236,524288,17,"pk_gemm(__half const*, __half const*, __half*, int, int, int)",128,8704,0,208,0,128,"SQ_WAVE_CYCLES",229269325511.000000,394573955877,395071614754
530,530,"Agent 1",1,2236,2236,524288,17,"pk_gemm(__half const*, __half const*, __half*, int, int, int)",128,8704,0,208,0,128,"SQ_BUSY_CYCLES",1632068702.000000,395071652199,395615647469
530,530,"Agent 1",1,2236,2236,524288,17,"pk_gemm(__half const*, __half const*, __half*, int, int, int)",128,8704,0,208,0,128,"SQ_WAIT_ANY",225870203717.000000,395071652199,395615647469
530,530,"Agent 1",1,2236,2236,524288,17,"pk_gemm(__half const*, __half const*, __half*, int, int, int)",128,8704,0,208,0,128,"SQ_WAVES",16384.000000,395071652199,395615647469
530,530,"Agent 1",1,2236,2236,524288,17,"pk_gemm(__half const*, __half const*, __half*, int, int, int)",128,8704,0,208,0,128,"SQ_WAVE_CYCLES",243521349231.000000,395071652199,395615647469
531,531,"Agent 1",1,2236,2236,524288,17,"pk_gemm(__half const*, __half const*, __half*, int, int, int)",128,8704,0,208,0,128,"SQ_BUSY_CYCLES",1439103475.000000,395615684473,396095244486
531,531,"Agent 1",1,2236,2236,524288,17,"pk_gemm(__half const*, __half const*, __half*, int, int, int)",128,8704,0,208,0,128,"SQ_WAIT_ANY",203623164669.000000,395615684473,396095244486
531,531,"Agent 1",1,2236,2236,524288,17,"pk_gemm(__half const*, __half const*, __half*, int, int, int)",128,8704,0,208,0,128,"SQ_WAVES",16384.000000,395615684473,396095244486
531,531,"Agent 1",1,2236,2236,524288,17,"pk_gemm(__half const*, __half const*, __half*, int, int, int)",128,8704,0,208,0,128,"SQ_WAVE_CYCLES",221153974896.000000,395615684473,396095244486
532,532,"Agent 1",1,2236,2236,524288,17,"pk_gemm(__half const*, __half const*, __half*, int, int, int)",128,8704,0,208,0,128,"SQ_BUSY_CYCLES",1487376671.000000,396095280820,396591204905
532,532,"Agent 1",1,2236,2236,524288,17,"pk_gemm(__half const*, __half const*, __half*, int, int, int)",128,8704,0,208,0,128,"SQ_WAIT_ANY",208577865214.000000,396095280820,396591204905
532,532,"Agent 1",1,2236,2236,524288,17,"pk_gemm(__half const*, __half const*, __half*, int, int, int)",128,8704,0,208,0,128,"SQ_WAVES",16384.000000,396095280820,396591204905
532,532,"Agent 1",1,2236,2236,524288,17,"pk_gemm(__half const*, __half const*, __half*, int, int, int)",128,8704,0,208,0,128,"SQ_WAVE_CYCLES",226196483959.000000,396095280820,396591204905
533,533,"Agent 1",1,2236,2236,524288,17,"pk_gemm(__half const*, __half const*, __half*, int, int, int)",128,8704,0,208,0,128,"SQ_BUSY_CYCLES",1608498280.000000,396591240013,397127357937
533,533,"Agent 1",1,2236,2236,524288,17,"pk_gemm(__half const*, __half const*, __half*, int, int, int)",128,8704,0,208,0,128,"SQ_WAIT_ANY",231262155702.000000,396591240013,397127357937
533,533,"Agent 1",1,2236,2236,524288,17,"pk_gemm(__half const*, __half const*, __half*, int, int, int)",128,8704,0,208,0,128,"SQ_WAVES",16384.000000,396591240013,397127357937
533,533,"Agent 1",1,2236,2236,524288,17,"pk_gemm(__half const*, __half const*, __half*, int, int, int)",128,8704,0,208,0,128,"SQ_WAVE_CYCLES",249317974222.000000,396591240013,397127357937
534,534,"Agent 1",1,2236,2236,524288,17,"pk_gemm(__half const*, __half const*, __half*, int, int, int)",128,8704,0,208,0,128,"SQ_BUSY_CYCLES",1493173371.000000,397127393550,397625251615
534,534,"Agent 1",1,2236,2236,524288,17,"pk_gemm(__half const*, __half const*, __half*, int, int, int)",128,8704,0,208,0,128,"SQ_WAIT_ANY",210348108540.000000,397127393550,397625251615
534,534,"Agent 1",1,2236,2236,524288,17,"pk_gemm(__half const*, __half const*, __half*, int, int, int)",128,8704,0,208,0,128,"SQ_WAVES",16384.000000,397127393550,397625251615
534,534,"Agent 1",1,2236,2236,524288,17,"pk_gemm(__half const*, __half const*, __half*, int, int, int)",128,8704,0,208,0,128,"SQ_WAVE_CYCLES",227946453113.000000,397127393550,397625251615
535,535,"Agent 1",1,2236,2236,524288,17,"pk_gemm(__half const*, __half const*, __half*, int, int, int)",128,8704,0,208,0,128,"SQ_BUSY_CYCLES",1059913814.000000,397625288308,397978570942
535,535,"Agent 1",1,2236,2236,524288,17,"pk_gemm(__half const*, __half const*, __half*, int, int, int)",128,8704,0,208,0,128,"SQ_WAIT_ANY",145425596387.000000,397625288308,397978570942
535,535,"Agent 1",1,2236,2236,524288,17,"pk_gemm(__half const*, __half const*, __half*, int, int, int)",128,8704,0,208,0,128,"SQ_WAVES",16384.000000,397625288308,397978570942
535,535,"Agent 1",1,2236,2236,524288,17,"pk_gemm(__half const*, __half const*, __half*, int, int, int)",128,8704,0,208,0,128,"SQ_WAVE_CYCLES",162389697163.000000,397625288308,397978570942
536,536,"Agent 1",1,2236,2236,524288,17,"pk_gemm(__half const*, __half const*, __half*, int, int, int)",128,8704,0,208,0,128,"SQ_BUSY_CYCLES",1583978283.000000,397978606542,398506798230
536,536,"Agent 1",1,2236,2236,524288,17,"pk_gemm(__half const*, __half const*, __half*, int, int, int)",128,8704,0,208,0,128,"SQ_WAIT_ANY",228050038525.000000,397978606542,398506798230
536,536,"Agent 1",1,2236,2236,524288,17,"pk_gemm(__half const*, __half const*, __half*, int, int, int)",128,8704,0,208,0,128,"SQ_WAVES",16384.000000,397978606542,398506798230
536,536,"Agent 1",1,2236,2236,524288,17,"pk_gemm(__half const*, __half const*, __half*, int, int, int)",128,8704,0,208,0,128,"SQ_WAVE_CYCLES",245845539313.000000,397978606542,398506798230
537,537,"Agent 1",1,2236,2236,524288,17,"pk_gemm(__half const*, __half const*, __half*, int, int, int)",128,8704,0,208,0,128,"SQ_BUSY_CYCLES",1268401707.000000,398506833679,398929695117
537,537,"Agent 1",1,2236,2236,524288,17,"pk_gemm(__half const*, __half const*, __half*, int, int, int)",128,8704,0,208,0,128,"SQ_WAIT_ANY",175267589355.000000,398506833679,398929695117
537,537,"Agent 1",1,2236,2236,524288,17,"pk_gemm(__half const*, __half const*, __half*, int, int, int)",128,8704,0,208,0,128,"SQ_WAVES",16384.000000,398506833679,398929695117
537,537,"Agent 1",1,2236,2236,524288,17,"pk_gemm(__half const*, __half const*, __half*, int, int, int)",128,8704,0,208,0,128,"SQ_WAVE_CYCLES",192514548845.000000,398506833679,398929695117
538,538,"Agent 1",1,2236,2236,524288,17,"pk_gemm(__half const*, __half const*, __half*, int, int, int)",128,8704,0,208,0,128,"SQ_BUSY_CYCLES",1568485880.000000,398929730063,399452704465
538,538,"Agent 1",1,2236,2236,524288,17,"pk_gemm(__half const*, __half const*, __half*, int, int, int)",128,8704,0,208,0,128,"SQ_WAIT_ANY",219019084168.000000,398929730063,399452704465
538,538,"Agent 1",1,2236,2236,524288,17,"pk_gemm(__half const*, __half const*, __half*, int, int, int)",128,8704,0,208,0,128,"SQ_WAVES",16384.000000,398929730063,399452704465
538,538,"Agent 1",1,2236,2236,524288,17,"pk_gemm(__half const*, __half const*, __half*, int, int, int)",128,8704,0,208,0,128,"SQ_WAVE_CYCLES",236639910718.000000,398929730063,399452704465
539,539,"Agent 1",1,2236,2236,524288,17,"pk_gemm(__half const*, __half const*, __half*, int, int, int)",128,8704,0,208,0,128,"SQ_BUSY_CYCLES",1297266396.000000,399452739589,399884930652
539,539,"Agent 1",1,2236,2236,524288,17,"pk_gemm(__half const*, __half const*, __half*, int, int, int)",128,8704,0,208,0,128,"SQ_WAIT_ANY",176515524561.000000,399452739589,399884930652
539,539,"Agent 1",1,2236,2236,524288,17,"pk_gemm(__half const*, __half const*, __half*, int, int, int)",128,8704,0,208,0,128,"SQ_WAVES",16384.000000,399452739589,399884930652
539,539,"Agent 1",1,2236,2236,524288,17,"pk_gemm(__half const*, __half const*, __half*, int, int, int)",128,8704,0,208,0,128,"SQ_WAVE_CYCLES",193617869281.000000,399452739589,399884930652
540,540,"Agent 1",1,2236,2236,524288,17,"pk_gemm(__half const*, __half const*, __half*, int, int, int)",128,8704,0,208,0,128,"SQ_BUSY_CYCLES",1587190200.000000,399884965358,400413571783
540,540,"Agent 1",1,2236,2236,524288,17,"pk_gemm(__half const*, __half const*, __half*, int, int, int)",128,8704,0,208,0,128,"SQ_WAIT_ANY",215540086709.000000,399884965358,400413571783
540,540,"Agent 1",1,2236,2236,524288,17,"pk_gemm(__half const*, __half const*, __half*, int, int, int)",128,8704,0,208,0,128,"SQ_WAVES",16384.000000,399884965358,400413571783
540,540,"Agent 1",1,2236,2236,524288,17,"pk_gemm(__half const*, __half const*, __half*, int, int, int)",128,8704,0,208,0,128,"SQ_WAVE_CYCLES",233047273930.000000,399884965358,400413571783
541,541,"Agent 1",1,2236,2236,524288,17,"pk_gemm(__half const*, __half const*, __half*, int, int, int)",128,8704,0,208,0,128,"SQ_BUSY_CYCLES",1275323142.000000,400413608244,400838893621
541,541,"Agent 1",1,2236,2236,524288,17,"pk_gemm(__half const*, __half const*, __half*, int, int, int)",128,8704,0,208,0,128,"SQ_WAIT_ANY",179726339913.000000,400413608244,400838893621
541,541,"Agent 1",1,2236,2236,524288,17,"pk_gemm(__half const*, __half const*, __half*, int, int, int)",128,8704,0,208,0,128,"SQ_WAVES",16384.000000,400413608244,400838893621
541,541,"Agent 1",1,2236,2236,524288,17,"pk_gemm(__half const*, __half const*, __half*, int, int, int)",128,8704,0,208,0,128,"SQ_WAVE_CYCLES",197219312965.000000,400413608244,400838893621
542,542,"Agent 1",1,2236,2236,524288,17,"pk_gemm(__half const*, __half const*, __half*, int, int, int)",128,8704,0,208,0,128,"SQ_BUSY_CYCLES",957017825.000000,400838928526,401158015910
542,542,"Agent 1",1,2236,2236,524288,17,"pk_gemm(__half const*, __half const*, __half*, int, int, int)",128,8704,0,208,0,128,"SQ_WAIT_ANY",130149266650.000000,400838928526,401158015910
542,542,"Agent 1",1,2236,2236,524288,17,"pk_gemm(__half const*, __half const*, __half*, int, int, int)",128,8704,0,208,0,128,"SQ_WAVES",16384.000000,400838928526,401158015910
542,542,"Agent 1",1,2236,2236,524288,17,"pk_gemm(__half const*, __half const*, __half*, int, int, int)",128,8704,0,208,0,128,"SQ_WAVE_CYCLES",146985580567.000000,400838928526,401158015910
543,543,"Agent 1",1,2236,2236,524288,17,"pk_gemm(__half const*, __half const*, __half*, int, int, int)",128,8704,0,208,0,128,"SQ_BUSY_CYCLES",958817924.000000,401158051379,401477690635
543,543,"Agent 1",1,2236,2236,524288,17,"pk_gemm(__half const*, __half const*, __half*, int, int, int)",128,8704,0,208,0,128,"SQ_WAIT_ANY",127546166505.000000,401158051379,401477690635
543,543,"Agent 1",1,2236,2236,524288,17,"pk_gemm(__half const*, __half const*, __half*, int, int, int)",128,8704,0,208,0,128,"SQ_WAVES",16384.000000,401158051379,401477690635
543,543,"Agent 1",1,2236,2236,524288,17,"pk_gemm(__half const*, __half const*, __half*, int, int, int)",128,8704,0,208,0,128,"SQ_WAVE_CYCLES",144497503902.000000,401158051379,401477690635
544,544,"Agent 1",1,2236,2236,524288,17,"pk_gemm(__half const*, __half const*, __half*, int, int, int)",128,8704,0,208,0,128,"SQ_BUSY_CYCLES",1291507898.000000,401477724765,401908121951
544,544,"Agent 1",1,2236,2236,524288,17,"pk_gemm(__half const*, __half const*, __half*, int, int, int)",128,8704,0,208,0,128,"SQ_WAIT_ANY",177156256143.000000,401477724765,401908121951
544,544,"Agent 1",1,2236,2236,524288,17,"pk_gemm(__half const*, __half const*, __half*, int, int, int)",128,8704,0,208,0,128,"SQ_WAVES",16384.000000,401477724765,401908121951
544,544,"Agent 1",1,2236,2236,524288,17,"pk_gemm(__half const*, __half const*, __half*, int, int, int)",128,8704,0,208,0,128,"SQ_WAVE_CYCLES",194256340301.000000,401477724765,401908121951
545,545,"Agent 1",1,2236,2236,524288,17,"pk_gemm(__half const*, __half const*, __half*, int, int, int)",128,8704,0,208,0,128,"SQ_BUSY_CYCLES",1340556490.000000,401908156233,402354996239
545,545,"Agent 1",1,2236,2236,524288,17,"pk_gemm(__half const*, __half const*, __half*, int, int, int)",128,8704,0,208,0,128,"SQ_WAIT_ANY",190226908988.000000,401908156233,402354996239
545,545,"Agent 1",1,2236,2236,524288,17,"pk_gemm(__half const*, __half const*, __half*, int, int, int)",128,8704,0,208,0,128,"SQ_WAVES",16384.000000,401908156233,402354996239
545,545,"Agent 1",1,2236,2236,524288,17,"pk_gemm(__half const*, __half const*, __half*, int, int, int)",128,8704,0,208,0,128,"SQ_WAVE_CYCLES",207600047605.000000,401908156233,402354996239
546,546,"Agent 1",1,2236,2236,524288,17,"pk_gemm(__half const*, __half const*, __half*, int, int, int)",128,8704,0,208,0,128,"SQ_BUSY_CYCLES",1598414960.000000,402355032239,402888163695
546,546,"Agent 1",1,2236,2236,524288,17,"pk_gemm(__half const*, __half const*, __half*, int, int, int)",128,8704,0,208,0,128,"SQ_WAIT_ANY",229273575134.000000,402355032239,402888163695
546,546,"Agent 1",1,2236,2236,524288,17,"pk_gemm(__half const*, __half const*, __half*, int, int, int)",128,8704,0,208,0,128,"SQ_WAVES",16384.000000,402355032239,402888163695
546,546,"Agent 1",1,2236,2236,524288,17,"pk_gemm(__half const*, __half const*, __half*, int, int, int)",128,8704,0,208,0,128,"SQ_WAVE_CYCLES",247171236509.000000,402355032239,402888163695
547,547,"Agent 1",1,2236,2236,524288,17,"pk_gemm(__half const*, __half const*, __half*, int, int, int)",128,8704,0,208,0,128,"SQ_BUSY_CYCLES",1435243440.000000,402888197806,403366711060
547,547,"Agent 1",1,2236,2236,524288,17,"pk_gemm(__half const*, __half const*, __half*, int, int, int)",128,8704,0,208,0,128,"SQ_WAIT_ANY",202594480941.000000,402888197806,403366711060
547,547,"Agent 1",1,2236,2236,524288,17,"pk_gemm(__half const*, __half const*, __half*, int, int, int)",128,8704,0,208,0,128,"SQ_WAVES",16384.000000,402888197806,403366711060
547,547,"Agent 1",1,2236,2236,524288,17,"pk_gemm(__half const*, __half const*, __half*, int, int, int)",128,8704,0,208,0,128,"SQ_WAVE_CYCLES",220032328794.000000,402888197806,403366711060
548,548,"Agent 1",1,2236,2236,524288,17,"pk_gemm(__half const*, __half const*, __half*, int, int, int)",128,8704,0,208,0,128,"SQ_BUSY_CYCLES",1548276317.000000,403366745689,403882657390
548,548,"Agent 1",1,2236,2236,524288,17,"pk_gemm(__half const*, __half const*, __half*, int, int, int)",128,8704,0,208,0,128,"SQ_WAIT_ANY",219056905056.000000,403366745689,403882657390
548,548,"Agent 1",1,2236,2236,524288,17,"pk_gemm(__half const*, __half const*, __half*, int, int, int)",128,8704,0,208,0,128,"SQ_WAVES",16384.000000,403366745689,403882657390
548,548,"Agent 1",1,2236,2236,524288,17,"pk_gemm(__half const*, __half const*, __half*, int, int, int)",128,8704,0,208,0,128,"SQ_WAVE_CYCLES",236736958923.000000,403366745689,403882657390
549,549,"Agent 1",1,2236,2236,524288,17,"pk_gemm(__half const*, __half const*, __half*, int, int, int)",128,8704,0,208,0,128,"SQ_BUSY_CYCLES",1554858417.000000,403882690392,404400771195
549,549,"Agent 1",1,2236,2236,524288,17,"pk_gemm(__half const*, __half const*, __half*, int, int, int)",128,8704,0,208,0,128,"SQ_WAIT_ANY",220393690255.000000,403882690392,404400771195
549,549,"Agent 1",1,2236,2236,524288,17,"pk_gemm(__half const*, __half const*, __half*, int, int, int)",128,8704,0,208,0,128,"SQ_WAVES",16384.000000,403882690392,404400771195
549,549,"Agent 1",1,2236,2236,524288,17,"pk_gemm(__half const*, __half const*, __half*, int, int, int)",128,8704,0,208,0,128,"SQ_WAVE_CYCLES",238091055580.000000,403882690392,404400771195
550,550,"Agent 1",1,2236,2236,524288,17,"pk_gemm(__half const*, __half const*, __half*, int, int, int)",128,8704,0,208,0,128,"SQ_BUSY_CYCLES",1619175625.000000,404400806924,404940576206
550,550,"Agent 1",1,2236,2236,524288,17,"pk_gemm(__half const*, __half const*, __half*, int, int, int)",128,8704,0,208,0,128,"SQ_WAIT_ANY",229214914129.000000,404400806924,404940576206
550,550,"Agent 1",1,2236,2236,524288,17,"pk_gemm(__half const*, __half const*, __half*, int, int, int)",128,8704,0,208,0,128,"SQ_WAVES",16384.000000,404400806924,404940576206
550,550,"Agent 1",1,2236,2236,524288,17,"pk_gemm(__half const*, __half const*, __half*, int, int, int)",128,8704,0,208,0,128,"SQ_WAVE_CYCLES",247117292004.000000,404400806924,404940576206
551,551,"Agent 1",1,2236,2236,524288,17,"pk_gemm(__half const*, __half const*, __half*, int, int, int)",128,8704,0,208,0,128,"SQ_BUSY_CYCLES",1562757056.000000,404940609441,405461483111
551,551,"Agent 1",1,2236,2236,524288,17,"pk_gemm(__half const*, __half const*, __half*, int, int, int)",128,8704,0,208,0,128,"SQ_WAIT_ANY",224277933036.000000,404940609441,405461483111
551,551,"Agent 1",1,2236,2236,524288,17,"pk_gemm(__half const*, __half const*, __half*, int, int, int)",128,8704,0,208,0,128,"SQ_WAVES",16384.000000,404940609441,405461483111
551,551,"Agent 1",1,2236,2236,524288,17,"pk_gemm(__half const*, __half const*, __half*, int, int, int)",128,8704,0,208,0,128,"SQ_WAVE_CYCLES",242009250576.000000,404940609441,405461483111
552,552,"Agent 1",1,2236,2236,524288,17,"pk_gemm(__half const*, __half const*, __half*, int, int, int)",128,8704,0,208,0,128,"SQ_BUSY_CYCLES",1607396284.000000,405461588179,405997357093
552,552,"Agent 1",1,2236,2236,524288,17,"pk_gemm(__half const*, __half const*, __half*, int, int, int)",128,8704,0,208,0,128,"SQ_WAIT_ANY",226390142431.000000,405461588179,405997357093
552,552,"Agent 1",1,2236,2236,524288,17,"pk_gemm(__half const*, __half const*, __half*, int, int, int)",128,8704,0,208,0,128,"SQ_WAVES",16384.000000,405461588179,405997357093
552,552,"Agent 1",1,2236,2236,524288,17,"pk_gemm(__half const*, __half const*, __half*, int, int, int)",128,8704,0,208,0,128,"SQ_WAVE_CYCLES",243991107333.000000,405461588179,405997357093
553,553,"Agent 1",1,2236,2236,524288,17,"pk_gemm(__half const*, __half const*, __half*, int, int, int)",128,8704,0,208,0,128,"SQ_BUSY_CYCLES",1393421606.000000,405997396147,406461726373
553,553,"Agent 1",1,2236,2236,524288,17,"pk_gemm(__half const*, __half const*, __half*, int, int, int)",128,8704,0,208,0,128,"SQ_WAIT_ANY",193504084551.000000,405997396147,406461726373
553,553,"Agent 1",1,2236,2236,524288,17,"pk_gemm(__half const*, __half const*, __half*, int, int, int)",128,8704,0,208,0,128,"SQ_WAVES",16384.000000,405997396147,406461726373
553,553,"Agent 1",1,2236,2236,524288,17,"pk_gemm(__half const*, __half const*, __half*, int, int, int)",128,8704,0,208,0,128,"SQ_WAVE_CYCLES",210781649836.000000,405997396147,406461726373
554,554,"Agent 1",1,2236,2236,524288,17,"pk_gemm(__half const*, __half const*, __half*, int, int, int)",128,8704,0,208,0,128,"SQ_BUSY_CYCLES",1534182134.000000,406461764747,406973119559
554,554,"Agent 1",1,2236,2236,524288,17,"pk_gemm(__half const*, __half const*, __half*, int, int, int)",128,8704,0,208,0,128,"SQ_WAIT_ANY",217320172348.000000,406461764747,406973119559
554,554,"Agent 1",1,2236,2236,524288,17,"pk_gemm(__half const*, __half const*, __half*, int, int, int)",128,8704,0,208,0,128,"SQ_WAVES",16384.000000,406461764747,406973119559
554,554,"Agent 1",1,2236,2236,524288,17,"pk_gemm(__half const*, __half const*, __half*, int, int, int)",128,8704,0,208,0,128,"SQ_WAVE_CYCLES",234938635239.000000,406461764747,406973119559
555,555,"Agent 1",1,2236,2236,524288,17,"pk_gemm(__half const*, __half const*, __half*, int, int, int)",128,8704,0,208,0,128,"SQ_BUSY_CYCLES",1530060586.000000,406973158081,407483196747
555,555,"Agent 1",1,2236,2236,524288,17,"pk_gemm(__half const*, __half const*, __half*, int, int, int)",128,8704,0,208,0,128,"SQ_WAIT_ANY",216754339182.000000,406973158081,407483196747
555,555,"Agent 1",1,2236,2236,524288,17,"pk_gemm(__half const*, __half const*, __half*, int, int, int)",128,8704,0,208,0,128,"SQ_WAVES",16384.000000,406973158081,407483196747
555,555,"Agent 1",1,2236,2236,524288,17,"pk_gemm(__half const*, __half const*, __half*, int, int, int)",128,8704,0,208,0,128,"SQ_WAVE_CYCLES",234378120534.000000,406973158081,407483196747
556,556,"Agent 1",1,2236,2236,524288,17,"pk_gemm(__half const*, __half const*, __half*, int, int, int)",128,8704,0,208,0,128,"SQ_BUSY_CYCLES",1285339537.000000,407483235355,407911622011
556,556,"Agent 1",1,2236,2236,524288,17,"pk_gemm(__half const*, __half const*, __half*, int, int, int)",128,8704,0,208,0,128,"SQ_WAIT_ANY",178086476620.000000,407483235355,407911622011
556,556,"Agent 1",1,2236,2236,524288,17,"pk_gemm(__half const*, __half const*, __half*, int, int, int)",128,8704,0,208,0,128,"SQ_WAVES",16384.000000,407483235355,407911622011
556,556,"Agent 1",1,2236,2236,524288,17,"pk_gemm(__half const*, __half const*, __half*, int, int, int)",128,8704,0,208,0,128,"SQ_WAVE_CYCLES",195302514035.000000,407483235355,407911622011
557,557,"Agent 1",1,2236,2236,524288,17,"pk_gemm(__half const*, __half const*, __half*, int, int, int)",128,8704,0,208,0,128,"SQ_BUSY_CYCLES",1158608989.000000,407911659080,408297920797
557,557,"Agent 1",1,2236,2236,524288,17,"pk_gemm(__half const*, __half const*, __half*, int, int, int)",128,8704,0,208,0,128,"SQ_WAIT_ANY",164385620970.000000,407911659080,408297920797
557,557,"Agent 1",1,2236,2236,524288,17,"pk_gemm(__half const*, __half const*, __half*, int, int, int)",128,8704,0,208,0,128,"SQ_WAVES",16384.000000,407911659080,408297920797
557,557,"Agent 1",1,2236,2236,524288,17,"pk_gemm(__half const*, __half const*, __half*, int, int, int)",128,8704,0,208,0,128,"SQ_WAVE_CYCLES",181643051853.000000,407911659080,408297920797
558,558,"Agent 1",1,2236,2236,524288,17,"pk_gemm(__half const*, __half const*, __half*, int, int, int)",128,8704,0,208,0,128,"SQ_BUSY_CYCLES",1121456547.000000,408297958913,408671704198
558,558,"Agent 1",1,2236,2236,524288,17,"pk_gemm(__half const*, __half const*, __half*, int, int, int)",128,8704,0,208,0,128,"SQ_WAIT_ANY",152359265664.000000,408297958913,408671704198
558,558,"Agent 1",1,2236,2236,524288,17,"pk_gemm(__half const*, __half const*, __half*, int, int, int)",128,8704,0,208,0,128,"SQ_WAVES",16384.000000,408297958913,408671704198
558,558,"Agent 1",1,2236,2236,524288,17,"pk_gemm(__half const*, __half const*, __half*, int, int, int)",128,8704,0,208,0,128,"SQ_WAVE_CYCLES",169438841478.000000,408297958913,408671704198
559,559,"Agent 1",1,2236,2236,524288,17,"pk_gemm(__half const*, __half const*, __half*, int, int, int)",128,8704,0,208,0,128,"SQ_BUSY_CYCLES",1587428062.000000,408671740002,409200877434
559,559,"Agent 1",1,2236,2236,524288,17,"pk_gemm(__half const*, __half const*, __half*, int, int, int)",128,8704,0,208,0,128,"SQ_WAIT_ANY",226100185352.000000,408671740002,409200877434
559,559,"Agent 1",1,2236,2236,524288,17,"pk_gemm(__half const*, __half const*, __half*, int, int, int)",128,8704,0,208,0,128,"SQ_WAVES",16384.000000,408671740002,409200877434
559,559,"Agent 1",1,2236,2236,524288,17,"pk_gemm(__half const*, __half const*, __half*, int, int, int)",128,8704,0,208,0,128,"SQ_WAVE_CYCLES",243841586555.000000,408671740002,409200877434
560,560,"Agent 1",1,2236,2236,524288,17,"pk_gemm(__half const*, __half const*, __half*, int, int, int)",128,8704,0,208,0,128,"SQ_BUSY_CYCLES",1548359295.000000,409200917799,409717412238
560,560,"Agent 1",1,2236,2236,524288,17,"pk_gemm(__half const*, __half const*, __half*, int, int, int)",128,8704,0,208,0,128,"SQ_WAIT_ANY",223178403622.000000,409200917799,409717412238
560,560,"Agent 1",1,2236,2236,524288,17,"pk_gemm(__half const*, __half const*, __half*, int, int, int)",128,8704,0,208,0,128,"SQ_WAVES",16384.000000,409200917799,409717412238
560,560,"Agent 1",1,2236,2236,524288,17,"pk_gemm(__half const*, __half const*, __half*, int, int, int)",128,8704,0,208,0,128,"SQ_WAVE_CYCLES",241197496921.000000,409200917799,409717412238
561,561,"Agent 1",1,2236,2236,524288,17,"pk_gemm(__half const*, __half const*, __half*, int, int, int)",128,8704,0,208,0,128,"SQ_BUSY_CYCLES",1152844154.000000,409717448927,410101700824
561,561,"Agent 1",1,2236,2236,524288,17,"pk_gemm(__half const*, __half const*, __half*, int, int, int)",128,8704,0,208,0,128,"SQ_WAIT_ANY",158666131113.000000,409717448927,410101700824
561,561,"Agent 1",1,2236,2236,524288,17,"pk_gemm(__half const*, __half const*, __half*, int, int, int)",128,8704,0,208,0,128,"SQ_WAVES",16384.000000,409717448927,410101700824
561,561,"Agent 1",1,2236,2236,524288,17,"pk_gemm(__half const*, __half const*, __half*, int, int, int)",128,8704,0,208,0,128,"SQ_WAVE_CYCLES",175938275038.000000,409717448927,410101700824
562,562,"Agent 1",1,2236,2236,524288,17,"pk_gemm(__half const*, __half const*, __half*, int, int, int)",128,8704,0,208,0,128,"SQ_BUSY_CYCLES",1217412438.000000,410101736884,410507773715
562,562,"Agent 1",1,2236,2236,524288,17,"pk_gemm(__half const*, __half const*, __half*, int, int, int)",128,8704,0,208,0,128,"SQ_WAIT_ANY",172612308767.000000,410101736884,410507773715
562,562,"Agent 1",1,2236,2236,524288,17,"pk_gemm(__half const*, __half const*, __half*, int, int, int)",128,8704,0,208,0,128,"SQ_WAVES",16384.000000,410101736884,410507773715
562,562,"Agent 1",1,2236,2236,524288,17,"pk_gemm(__half const*, __half const*, __half*, int, int, int)",128,8704,0,208,0,128,"SQ_WAVE_CYCLES",190153805583.000000,410101736884,410507773715
563,563,"Agent 1",1,2236,2236,524288,17,"pk_gemm(__half const*, __half const*, __half*, int, int, int)",128,8704,0,208,0,128,"SQ_BUSY_CYCLES",1645282603.000000,410507811519,411056131592
563,563,"Agent 1",1,2236,2236,524288,17,"pk_gemm(__half const*, __half const*, __half*, int, int, int)",128,8704,0,208,0,128,"SQ_WAIT_ANY",231676643458.000000,410507811519,411056131592
563,563,"Agent 1",1,2236,2236,524288,17,"pk_gemm(__half const*, __half const*, __half*, int, int, int)",128,8704,0,208,0,128,"SQ_WAVES",16384.000000,410507811519,411056131592
563,563,"Agent 1",1,2236,2236,524288,17,"pk_gemm(__half const*, __half const*, __half*, int, int, int)",128,8704,0,208,0,128,"SQ_WAVE_CYCLES",249390033665.000000,410507811519,411056131592
564,564,"Agent 1",1,2236,2236,524288,17,"pk_gemm(__half const*, __half const*, __half*, int, int, int)",128,8704,0,208,0,128,"SQ_BUSY_CYCLES",1623146499.000000,411056168963,411597502672
564,564,"Agent 1",1,2236,2236,524288,17,"pk_gemm(__half const*, __half const*, __half*, int, int, int)",128,8704,0,208,0,128,"SQ_WAIT_ANY",234646811793.000000,411056168963,411597502672
564,564,"Agent 1",1,2236,2236,524288,17,"pk_gemm(__half const*, __half const*, __half*, int, int, int)",128,8704,0,208,0,128,"SQ_WAVES",16384.000000,411056168963,411597502672
564,564,"Agent 1",1,2236,2236,524288,17,"pk_gemm(__half const*, __half const*, __half*, int, int, int)",128,8704,0,208,0,128,"SQ_WAVE_CYCLES",252901483274.000000,411056168963,411597502672
565,565,"Agent 1",1,2236,2236,524288,17,"pk_gemm(__half const*, __half const*, __half*, int, int, int)",128,8704,0,208,0,128,"SQ_BUSY_CYCLES",1467105279.000000,411597540678,412086594486
565,565,"Agent 1",1,2236,2236,524288,17,"pk_gemm(__half const*, __half const*, __half*, int, int, int)",128,8704,0,208,0,128,"SQ_WAIT_ANY",207646646889.000000,411597540678,412086594486
565,565,"Agent 1",1,2236,2236,524288,17,"pk_gemm(__half const*, __half const*, __half*, int, int, int)",128,8704,0,208,0,128,"SQ_WAVES",16384.000000,411597540678,412086594486
565,565,"Agent 1",1,2236,2236,524288,17,"pk_gemm(__half const*, __half const*, __half*, int, int, int)",128,8704,0,208,0,128,"SQ_WAVE_CYCLES",225304236701.000000,411597540678,412086594486
566,566,"Agent 1",1,2236,2236,524288,17,"pk_gemm(__half const*, __half const*, __half*, int, int, int)",128,8704,0,208,0,128,"SQ_BUSY_CYCLES",1606135818.000000,412086633038,412621998846
566,566,"Agent 1",1,2236,2236,524288,17,"pk_gemm(__half const*, __half const*, __half*, int, int, int)",128,8704,0,208,0,128,"SQ_WAIT_ANY",224650257066.000000,412086633038,412621998846
566,566,"Agent 1",1,2236,2236,524288,17,"pk_gemm(__half const*, __half const*, __half*, int, int, int)",128,8704,0,208,0,128,"SQ_WAVES",16384.000000,412086633038,412621998846
566,566,"Agent 1",1,2236,2236,524288,17,"pk_gemm(__half const*, __half const*, __half*, int, int, int)",128,8704,0,208,0,128,"SQ_WAVE_CYCLES",242580217757.000000,412086633038,412621998846
567,567,"Agent 1",1,2236,2236,524288,17,"pk_gemm(__half const*, __half const*, __half*, int, int, int)",128,8704,0,208,0,128,"SQ_BUSY_CYCLES",1567697210.000000,412622034395,413144463222
567,567,"Agent 1",1,2236,2236,524288,17,"pk_gemm(__half const*, __half const*, __half*, int, int, int)",128,8704,0,208,0,128,"SQ_WAIT_ANY",219126017272.000000,412622034395,413144463222
567,567,"Agent 1",1,2236,2236,524288,17,"pk_gemm(__half const*, __half const*, __half*, int, int, int)",128,8704,0,208,0,128,"SQ_WAVES",16384.000000,412622034395,413144463222
567,567,"Agent 1",1,2236,2236,524288,17,"pk_gemm(__half const*, __half const*, __half*, int, int, int)",128,8704,0,208,0,128,"SQ_WAVE_CYCLES",236856387331.000000,412622034395,413144463222
568,568,"Agent 1",1,2236,2236,524288,17,"pk_gemm(__half const*, __half const*, __half*, int, int, int)",128,8704,0,208,0,128,"SQ_BUSY_CYCLES",1601035040.000000,413144498777,413677998400
568,568,"Agent 1",1,2236,2236,524288,17,"pk_gemm(__half const*, __half const*, __half*, int, int, int)",128,8704,0,208,0,128,"SQ_WAIT_ANY",228367049644.000000,413144498777,413677998400
568,568,"Agent 1",1,2236,2236,524288,17,"pk_gemm(__half const*, __half const*, __half*, int, int, int)",128,8704,0,208,0,128,"SQ_WAVES",16384.000000,413144498777,413677998400
568,568,"Agent 1",1,2236,2236,524288,17,"pk_gemm(__half const*, __half const*, __half*, int, int, int)",128,8704,0,208,0,128,"SQ_WAVE_CYCLES",246055964358.000000,413144498777,413677998400
569,569,"Agent 1",1,2236,2236,524288,17,"pk_gemm(__half const*, __half const*, __half*, int, int, int)",128,8704,0,208,0,128,"SQ_BUSY_CYCLES",1236903806.000000,413678031775,414090376340
569,569,"Agent 1",1,2236,2236,524288,17,"pk_gemm(__half const*, __half const*, __half*, int, int, int)",128,8704,0,208,0,128,"SQ_WAIT_ANY",175071513838.000000,413678031775,414090376340
569,569,"Agent 1",1,2236,2236,524288,17,"pk_gemm(__half const*, __half const*, __half*, int, int, int)",128,8704,0,208,0,128,"SQ_WAVES",16384.000000,413678031775,414090376340
569,569,"Agent 1",1,2236,2236,524288,17,"pk_gemm(__half const*, __half const*, __half*, int, int, int)",128,8704,0,208,0,128,"SQ_WAVE_CYCLES",192384019629.000000,413678031775,414090376340
570,570,"Agent 1",1,2236,2236,524288,17,"pk_gemm(__half const*, __half const*, __half*, int, int, int)",128,8704,0,208,0,128,"SQ_BUSY_CYCLES",1576393938.000000,414090410805,414615554978
570,570,"Agent 1",1,2236,2236,524288,17,"pk_gemm(__half const*, __half const*, __half*, int, int, int)",128,8704,0,208,0,128,"SQ_WAIT_ANY",220413615315.000000,414090410805,414615554978
570,570,"Agent 1",1,2236,2236,524288,17,"pk_gemm(__half const*, __half const*, __half*, int, int, int)",128,8704,0,208,0,128,"SQ_WAVES",16384.000000,414090410805,414615554978
570,570,"Agent 1",1,2236,2236,524288,17,"pk_gemm(__half const*, __half const*, __half*, int, int, int)",128,8704,0,208,0,128,"SQ_WAVE_CYCLES",238072567178.000000,414090410805,414615554978
571,571,"Agent 1",1,2236,2236,524288,17,"pk_gemm(__half const*, __half const*, __half*, int, int, int)",128,8704,0,208,0,128,"SQ_BUSY_CYCLES",1292070037.000000,414615590000,415046372590
571,571,"Agent 1",1,2236,2236,524288,17,"pk_gemm(__half const*, __half const*, __half*, int, int, int)",128,8704,0,208,0,128,"SQ_WAIT_ANY",182565170860.000000,414615590000,415046372590
571,571,"Agent 1",1,2236,2236,524288,17,"pk_gemm(__half const*, __half const*, __half*, int, int, int)",128,8704,0,208,0,128,"SQ_WAVES",16384.000000,414615590000,415046372590
571,571,"Agent 1",1,2236,2236,524288,17,"pk_gemm(__half const*, __half const*, __half*, int, int, int)",128,8704,0,208,0,128,"SQ_WAVE_CYCLES",199992067258.000000,414615590000,415046372590
572,572,"Agent 1",1,2236,2236,524288,17,"pk_gemm(__half const*, __half const*, __half*, int, int, int)",128,8704,0,208,0,128,"SQ_BUSY_CYCLES",1536006051.000000,415046406777,415558011519
572,572,"Agent 1",1,2236,2236,524288,17,"pk_gemm(__half const*, __half const*, __half*, int, int, int)",128,8704,0,208,0,128,"SQ_WAIT_ANY",211826516109.000000,415046406777,415558011519
572,572,"Agent 1",1,2236,2236,524288,17,"pk_gemm(__half const*, __half const*, __half*, int, int, int)",128,8704,0,208,0,128,"SQ_WAVES",16384.000000,415046406777,415558011519
572,572,"Agent 1",1,2236,2236,524288,17,"pk_gemm(__half const*, __half const*, __half*, int, int, int)",128,8704,0,208,0,128,"SQ_WAVE_CYCLES",229286401102.000000,415046406777,415558011519
573,573,"Agent 1",1,2236,2236,524288,17,"pk_gemm(__half const*, __half const*, __half*, int, int, int)",128,8704,0,208,0,128,"SQ_BUSY_CYCLES",1364087241.000000,415558046005,416012761342
573,573,"Agent 1",1,2236,2236,524288,17,"pk_gemm(__half const*, __half const*, __half*, int, int, int)",128,8704,0,208,0,128,"SQ_WAIT_ANY",193701546648.000000,415558046005,416012761342
573,573,"Agent 1",1,2236,2236,524288,17,"pk_gemm(__half const*, __half const*, __half*, int, int, int)",128,8704,0,208,0,128,"SQ_WAVES",16384.000000,415558046005,416012761342
573,573,"Agent 1",1,2236,2236,524288,17,"pk_gemm(__half const*, __half const*, __half*, int, int, int)",128,8704,0,208,0,128,"SQ_WAVE_CYCLES",211325311051.000000,415558046005,416012761342
574,574,"Agent 1",1,2236,2236,524288,17,"pk_gemm(__half const*, __half const*, __half*, int, int, int)",128,8704,0,208,0,128,"SQ_BUSY_CYCLES",1417213004.000000,416012794752,416485170019
574,574,"Agent 1",1,2236,2236,524288,17,"pk_gemm(__half const*, __half const*, __half*, int, int, int)",128,8704,0,208,0,128,"SQ_WAIT_ANY",198773728587.000000,416012794752,416485170019
574,574,"Agent 1",1,2236,2236,524288,17,"pk_gemm(__half const*, __half const*, __half*, int, int, int)",128,8704,0,208,0,128,"SQ_WAVES",16384.000000,416012794752,416485170019
574,574,"Agent 1",1,2236,2236,524288,17,"pk_gemm(__half const*, __half const*, __half*, int, int, int)",128,8704,0,208,0,128,"SQ_WAVE_CYCLES",216383521998.000000,416012794752,416485170019
575,575,"Agent 1",1,2236,2236,524288,17,"pk_gemm(__half const*, __half const*, __half*, int, int, int)",128,8704,0,208,0,128,"SQ_BUSY_CYCLES",1515538742.000000,416485204666,416990302696
575,575,"Agent 1",1,2236,2236,524288,17,"pk_gemm(__half const*, __half const*, __half*, int, int, int)",128,8704,0,208,0,128,"SQ_WAIT_ANY",212871957064.000000,416485204666,416990302696
575,575,"Agent 1",1,2236,2236,524288,17,"pk_gemm(__half const*, __half const*, __half*, int, int, int)",128,8704,0,208,0,128,"SQ_WAVES",16384.000000,416485204666,416990302696
575,575,"Agent 1",1,2236,2236,524288,17,"pk_gemm(__half const*, __half const*, __half*, int, int, int)",128,8704,0,208,0,128,"SQ_WAVE_CYCLES",230710029786.000000,416485204666,416990302696
576,576,"Agent 1",1,2236,2236,524288,17,"pk_gemm(__half const*, __half const*, __half*, int, int, int)",128,8704,0,208,0,128,"SQ_BUSY_CYCLES",1609033241.000000,416990335693,417529550535
576,576,"Agent 1",1,2236,2236,524288,17,"pk_gemm(__half const*, __half const*, __half*, int, int, int)",128,8704,0,208,0,128,"SQ_WAIT_ANY",225284616339.000000,416990335693,417529550535
576,576,"Agent 1",1,2236,2236,524288,17,"pk_gemm(__half const*, __half const*, __half*, int, int, int)",128,8704,0,208,0,128,"SQ_WAVES",16384.000000,416990335693,417529550535
576,576,"Agent 1",1,2236,2236,524288,17,"pk_gemm(__half const*, __half const*, __half*, int, int, int)",128,8704,0,208,0,128,"SQ_WAVE_CYCLES",243003868598.000000,416990335693,417529550535
577,577,"Agent 1",1,2236,2236,524288,17,"pk_gemm(__half const*, __half const*, __half*, int, int, int)",128,8704,0,208,0,128,"SQ_BUSY_CYCLES",1638289912.000000,417529583775,418075660094
577,577,"Agent 1",1,2236,2236,524288,17,"pk_gemm(__half const*, __half const*, __half*, int, int, int)",128,8704,0,208,0,128,"SQ_WAIT_ANY",233855483202.000000,417529583775,418075660094
577,577,"Agent 1",1,2236,2236,524288,17,"pk_gemm(__half const*, __half const*, __half*, int, int, int)",128,8704,0,208,0,128,"SQ_WAVES",16384.000000,417529583775,418075660094
577,577,"Agent 1",1,2236,2236,524288,17,"pk_gemm(__half const*, __half const*, __half*, int, int, int)",128,8704,0,208,0,128,"SQ_WAVE_CYCLES",251646703513.000000,417529583775,418075660094
578,578,"Agent 1",1,2236,2236,524288,17,"pk_gemm(__half const*, __half const*, __half*, int, int, int)",128,8704,0,208,0,128,"SQ_BUSY_CYCLES",1385798308.000000,418075694402,418537638570
578,578,"Agent 1",1,2236,2236,524288,17,"pk_gemm(__half const*, __half const*, __half*, int, int, int)",128,8704,0,208,0,128,"SQ_WAIT_ANY",196631250828.000000,418075694402,418537638570
578,578,"Agent 1",1,2236,2236,524288,17,"pk_gemm(__half const*, __half const*, __half*, int, int, int)",128,8704,0,208,0,128,"SQ_WAVES",16384.000000,418075694402,418537638570
578,578,"Agent 1",1,2236,2236,524288,17,"pk_gemm(__half const*, __half const*, __half*, int, int, int)",128,8704,0,208,0,128,"SQ_WAVE_CYCLES",214160042887.000000,418075694402,418537638570
579,579,"Agent 1",1,2236,2236,524288,17,"pk_gemm(__half const*, __half const*, __half*, int, int, int)",128,8704,0,208,0,128,"SQ_BUSY_CYCLES",1625906878.000000,418537671988,419079594885
579,579,"Agent 1",1,2236,2236,524288,17,"pk_gemm(__half const*, __half const*, __half*, int, int, int)",128,8704,0,208,0,128,"SQ_WAIT_ANY",232639709074.000000,418537671988,419079594885
579,579,"Agent 1",1,2236,2236,524288,17,"pk_gemm(__half const*, __half const*, __half*, int, int, int)",128,8704,0,208,0,128,"SQ_WAVES",16384.000000,418537671988,419079594885
579,579,"Agent 1",1,2236,2236,524288,17,"pk_gemm(__half const*, __half const*, __half*, int, int, int)",128,8704,0,208,0,128,"SQ_WAVE_CYCLES",250716130450.000000,418537671988,419079594885
580,580,"Agent 1",1,2236,2236,524288,17,"pk_gemm(__half const*, __half const*, __half*, int, int, int)",128,8704,0,208,0,128,"SQ_BUSY_CYCLES",1391860972.000000,419079627216,419543357079
580,580,"Agent 1",1,2236,2236,524288,17,"pk_gemm(__half const*, __half const*, __half*, int, int, int)",128,8704,0,208,0,128,"SQ_WAIT_ANY",187533430787.000000,419079627216,419543357079
580,580,"Agent 1",1,2236,2236,524288,17,"pk_gemm(__half const*, __half const*, __half*, int, int, int)",128,8704,0,208,0,128,"SQ_WAVES",16384.000000,419079627216,419543357079
580,580,"Agent 1",1,2236,2236,524288,17,"pk_gemm(__half const*, __half const*, __half*, int, int, int)",128,8704,0,208,0,128,"SQ_WAVE_CYCLES",205024800595.000000,419079627216,419543357079
581,581,"Agent 1",1,2236,2236,524288,17,"pk_gemm(__half const*, __half const*, __half*, int, int, int)",128,8704,0,208,0,128,"SQ_BUSY_CYCLES",1543355050.000000,419543389569,420057588769
581,581,"Agent 1",1,2236,2236,524288,17,"pk_gemm(__half const*, __half const*, __half*, int, int, int)",128,8704,0,208,0,128,"SQ_WAIT_ANY",211564437033.000000,419543389569,420057588769
581,581,"Agent 1",1,2236,2236,524288,17,"pk_gemm(__half const*, __half const*, __half*, int, int, int)",128,8704,0,208,0,128,"SQ_WAVES",16384.000000,419543389569,420057588769
581,581,"Agent 1",1,2236,2236,524288,17,"pk_gemm(__half const*, __half const*, __half*, int, int, int)",128,8704,0,208,0,128,"SQ_WAVE_CYCLES",229173582991.000000,419543389569,420057588769
582,582,"Agent 1",1,2236,2236,524288,17,"pk_gemm(__half const*, __half const*, __half*, int, int, int)",128,8704,0,208,0,128,"SQ_BUSY_CYCLES",1230134710.000000,420057698215,420467768239
582,582,"Agent 1",1,2236,2236,524288,17,"pk_gemm(__half const*, __half const*, __half*, int, int, int)",128,8704,0,208,0,128,"SQ_WAIT_ANY",172082438339.000000,420057698215,420467768239
582,582,"Agent 1",1,2236,2236,524288,17,"pk_gemm(__half const*, __half const*, __half*, int, int, int)",128,8704,0,208,0,128,"SQ_WAVES",16384.000000,420057698215,420467768239
582,582,"Agent 1",1,2236,2236,524288,17,"pk_gemm(__half const*, __half const*, __half*, int, int, int)",128,8704,0,208,0,128,"SQ_WAVE_CYCLES",189483797788.000000,420057698215,420467768239
583,583,"Agent 1",1,2236,2236,524288,17,"pk_gemm(__half const*, __half const*, __half*, int, int, int)",128,8704,0,208,0,128,"SQ_BUSY_CYCLES",1561832779.000000,420467806885,420988027548
583,583,"Agent 1",1,2236,2236,524288,17,"pk_gemm(__half const*, __half const*, __half*, int, int, int)",128,8704,0,208,0,128,"SQ_WAIT_ANY",214559647648.000000,420467806885,420988027548
583,583,"Agent 1",1,2236,2236,524288,17,"pk_gemm(__half const*, __half const*, __half*, int, int, int)",128,8704,0,208,0,128,"SQ_WAVES",16384.000000,420467806885,420988027548
583,583,"Agent 1",1,2236,2236,524288,17,"pk_gemm(__half const*, __half const*, __half*, int, int, int)",128,8704,0,208,0,128,"SQ_WAVE_CYCLES",231983669320.000000,420467806885,420988027548
584,584,"Agent 1",1,2236,2236,524288,17,"pk_gemm(__half const*, __half const*, __half*, int, int, int)",128,8704,0,208,0,128,"SQ_BUSY_CYCLES",1467124265.000000,420988066961,421476916466
584,584,"Agent 1",1,2236,2236,524288,17,"pk_gemm(__half const*, __half const*, __half*, int, int, int)",128,8704,0,208,0,128,"SQ_WAIT_ANY",205878291069.000000,420988066961,421476916466
584,584,"Agent 1",1,2236,2236,524288,17,"pk_gemm(__half const*, __half const*, __half*, int, int, int)",128,8704,0,208,0,128,"SQ_WAVES",16384.000000,420988066961,421476916466
584,584,"Agent 1",1,2236,2236,524288,17,"pk_gemm(__half const*, __half const*, __half*, int, int, int)",128,8704,0,208,0,128,"SQ_WAVE_CYCLES",223391150956.000000,420988066961,421476916466
585,585,"Agent 1",1,2236,2236,524288,17,"pk_gemm(__half const*, __half const*, __half*, int, int, int)",128,8704,0,208,0,128,"SQ_BUSY_CYCLES",1567813670.000000,421476954515,421999448867
585,585,"Agent 1",1,2236,2236,524288,17,"pk_gemm(__half const*, __half const*, __half*, int, int, int)",128,8704,0,208,0,128,"SQ_WAIT_ANY",217481572781.000000,421476954515,421999448867
585,585,"Agent 1",1,2236,2236,524288,17,"pk_gemm(__half const*, __half const*, __half*, int, int, int)",128,8704,0,208,0,128,"SQ_WAVES",16384.000000,421476954515,421999448867
585,585,"Agent 1",1,2236,2236,524288,17,"pk_gemm(__half const*, __half const*, __half*, int, int, int)",128,8704,0,208,0,128,"SQ_WAVE_CYCLES",235100029378.000000,421476954515,421999448867
586,586,"Agent 1",1,2236,2236,524288,17,"pk_gemm(__half const*, __half const*, __half*, int, int, int)",128,8704,0,208,0,128,"SQ_BUSY_CYCLES",1132432273.000000,421999486789,422377143738
586,586,"Agent 1",1,2236,2236,524288,17,"pk_gemm(__half const*, __half const*, __half*, int, int, int)",128,8704,0,208,0,128,"SQ_WAIT_ANY",157635641938.000000,421999486789,422377143738
586,586,"Agent 1",1,2236,2236,524288,17,"pk_gemm(__half const*, __half const*, __half*, int, int, int)",128,8704,0,208,0,128,"SQ_WAVES",16384.000000,421999486789,422377143738
586,586,"Agent 1",1,2236,2236,524288,17,"pk_gemm(__half const*, __half const*, __half*, int, int, int)",128,8704,0,208,0,128,"SQ_WAVE_CYCLES",174630837704.000000,421999486789,422377143738
587,587,"Agent 1",1,2236,2236,524288,17,"pk_gemm(__half const*, __half const*, __half*, int, int, int)",128,8704,0,208,0,128,"SQ_BUSY_CYCLES",1511937696.000000,422377181054,422881213567
587,587,"Agent 1",1,2236,2236,524288,17,"pk_gemm(__half const*, __half const*, __half*, int, int, int)",128,8704,0,208,0,128,"SQ_WAIT_ANY",215995272590.000000,422377181054,422881213567
587,587,"Agent 1",1,2236,2236,524288,17,"pk_gemm(__half const*, __half const*, __half*, int, int, int)",128,8704,0,208,0,128,"SQ_WAVES",16384.000000,422377181054,422881213567
587,587,"Agent 1",1,2236,2236,524288,17,"pk_gemm(__half const*, __half const*, __half*, int, int, int)",128,8704,0,208,0,128,"SQ_WAVE_CYCLES",233786453982.000000,422377181054,422881213567
588,588,"Agent 1",1,2236,2236,524288,17,"pk_gemm(__half const*, __half const*, __half*, int, int, int)",128,8704,0,208,0,128,"SQ_BUSY_CYCLES",1538565723.000000,422881249449,423393749727
588,588,"Agent 1",1,2236,2236,524288,17,"pk_gemm(__half const*, __half const*, __half*, int, int, int)",128,8704,0,208,0,128,"SQ_WAIT_ANY",212263755237.000000,422881249449,423393749727
588,588,"Agent 1",1,2236,2236,524288,17,"pk_gemm(__half const*, __half const*, __half*, int, int, int)",128,8704,0,208,0,128,"SQ_WAVES",16384.000000,422881249449,423393749727
588,588,"Agent 1",1,2236,2236,524288,17,"pk_gemm(__half const*, __half const*, __half*, int, int, int)",128,8704,0,208,0,128,"SQ_WAVE_CYCLES",229665402193.000000,422881249449,423393749727
589,589,"Agent 1",1,2236,2236,524288,17,"pk_gemm(__half const*, __half const*, __half*, int, int, int)",128,8704,0,208,0,128,"SQ_BUSY_CYCLES",1621556059.000000,423393793520,423934142154
589,589,"Agent 1",1,2236,2236,524288,17,"pk_gemm(__half const*, __half const*, __half*, int, int, int)",128,8704,0,208,0,128,"SQ_WAIT_ANY",225417069735.000000,423393793520,423934142154
589,589,"Agent 1",1,2236,2236,524288,17,"pk_gemm(__half const*, __half const*, __half*, int, int, int)",128,8704,0,208,0,128,"SQ_WAVES",16384.000000,423393793520,423934142154
589,589,"Agent 1",1,2236,2236,524288,17,"pk_gemm(__half const*, __half const*, __half*, int, int, int)",128,8704,0,208,0,128,"SQ_WAVE_CYCLES",243085194441.000000,423393793520,423934142154
590,590,"Agent 1",1,2236,2236,524288,17,"pk_gemm(__half const*, __half const*, __half*, int, int, int)",128,8704,0,208,0,128,"SQ_BUSY_CYCLES",1572903402.000000,423934180470,424458854284
590,590,"Agent 1",1,2236,2236,524288,17,"pk_gemm(__half const*, __half const*, __half*, int, int, int)",128,8704,0,208,0,128,"SQ_WAIT_ANY",221727686652.000000,423934180470,424458854284
590,590,"Agent 1",1,2236,2236,524288,17,"pk_gemm(__half const*, __half const*, __half*, int, int, int)",128,8704,0,208,0,128,"SQ_WAVES",16384.000000,423934180470,424458854284
590,590,"Agent 1",1,2236,2236,524288,17,"pk_gemm(__half const*, __half const*, __half*, int, int, int)",128,8704,0,208,0,128,"SQ_WAVE_CYCLES",239645904756.000000,423934180470,424458854284
591,591,"Agent 1",1,2236,2236,524288,17,"pk_gemm(__half const*, __half const*, __half*, int, int, int)",128,8704,0,208,0,128,"SQ_BUSY_CYCLES",1380229587.000000,424458898461,424919016411
591,591,"Agent 1",1,2236,2236,524288,17,"pk_gemm(__half const*, __half const*, __half*, int, int, int)",128,8704,0,208,0,128,"SQ_WAIT_ANY",191679639804.000000,424458898461,424919016411
591,591,"Agent 1",1,2236,2236,524288,17,"pk_gemm(__half const*, __half const*, __half*, int, int, int)",128,8704,0,208,0,128,"SQ_WAVES",16384.000000,424458898461,424919016411
591,591,"Agent 1",1,2236,2236,524288,17,"pk_gemm(__half const*, __half const*, __half*, int, int, int)",128,8704,0,208,0,128,"SQ_WAVE_CYCLES",209148768968.000000,424458898461,424919016411
592,592,"Agent 1",1,2236,2236,524288,17,"pk_gemm(__half const*, __half const*, __half*, int, int, int)",128,8704,0,208,0,128,"SQ_BUSY_CYCLES",1534570078.000000,424919052809,425430559093
592,592,"Agent 1",1,2236,2236,524288,17,"pk_gemm(__half const*, __half const*, __half*, int, int, int)",128,8704,0,208,0,128,"SQ_WAIT_ANY",216350353837.000000,424919052809,425430559093
592,592,"Agent 1",1,2236,2236,524288,17,"pk_gemm(__half const*, __half const*, __half*, int, int, int)",128,8704,0,208,0,128,"SQ_WAVES",16384.000000,424919052809,425430559093
592,592,"Agent 1",1,2236,2236,524288,17,"pk_gemm(__half const*, __half const*, __half*, int, int, int)",128,8704,0,208,0,128,"SQ_WAVE_CYCLES",233930398193.000000,424919052809,425430559093
593,593,"Agent 1",1,2236,2236,524288,17,"pk_gemm(__half const*, __half const*, __half*, int, int, int)",128,8704,0,208,0,128,"SQ_BUSY_CYCLES",1222698060.000000,425430598184,425838434640
593,593,"Agent 1",1,2236,2236,524288,17,"pk_gemm(__half const*, __half const*, __half*, int, int, int)",128,8704,0,208,0,128,"SQ_WAIT_ANY",170767915331.000000,425430598184,425838434640
593,593,"Agent 1",1,2236,2236,524288,17,"pk_gemm(__half const*, __half const*, __half*, int, int, int)",128,8704,0,208,0,128,"SQ_WAVES",16384.000000,425430598184,425838434640
593,593,"Agent 1",1,2236,2236,524288,17,"pk_gemm(__half const*, __half const*, __half*, int, int, int)",128,8704,0,208,0,128,"SQ_WAVE_CYCLES",187973535207.000000,425430598184,425838434640
594,594,"Agent 1",1,2236,2236,524288,17,"pk_gemm(__half const*, __half const*, __half*, int, int, int)",128,8704,0,208,0,128,"SQ_BUSY_CYCLES",1552518063.000000,425838472253,426356042601
594,594,"Agent 1",1,2236,2236,524288,17,"pk_gemm(__half const*, __half const*, __half*, int, int, int)",128,8704,0,208,0,128,"SQ_WAIT_ANY",216647413871.000000,425838472253,426356042601
594,594,"Agent 1",1,2236,2236,524288,17,"pk_gemm(__half const*, __half const*, __half*, int, int, int)",128,8704,0,208,0,128,"SQ_WAVES",16384.000000,425838472253,426356042601
594,594,"Agent 1",1,2236,2236,524288,17,"pk_gemm(__half const*, __half const*, __half*, int, int, int)",128,8704,0,208,0,128,"SQ_WAVE_CYCLES",234275538541.000000,425838472253,426356042601
595,595,"Agent 1",1,2236,2236,524288,17,"pk_gemm(__half const*, __half const*, __half*, int, int, int)",128,8704,0,208,0,128,"SQ_BUSY_CYCLES",1579667138.000000,426356079006,426882616695
595,595,"Agent 1",1,2236,2236,524288,17,"pk_gemm(__half const*, __half const*, __half*, int, int, int)",128,8704,0,208,0,128,"SQ_WAIT_ANY",223858389688.000000,426356079006,426882616695
595,595,"Agent 1",1,2236,2236,524288,17,"pk_gemm(__half const*, __half const*, __half*, int, int, int)",128,8704,0,208,0,128,"SQ_WAVES",16384.000000,426356079006,426882616695
595,595,"Agent 1",1,2236,2236,524288,17,"pk_gemm(__half const*, __half const*, __half*, int, int, int)",128,8704,0,208,0,128,"SQ_WAVE_CYCLES",241623846921.000000,426356079006,426882616695
596,596,"Agent 1",1,2236,2236,524288,17,"pk_gemm(__half const*, __half const*, __half*, int, int, int)",128,8704,0,208,0,128,"SQ_BUSY_CYCLES",1241978374.000000,426882653976,427297113423
596,596,"Agent 1",1,2236,2236,524288,17,"pk_gemm(__half const*, __half const*, __half*, int, int, int)",128,8704,0,208,0,128,"SQ_WAIT_ANY",175418431312.000000,426882653976,427297113423
596,596,"Agent 1",1,2236,2236,524288,17,"pk_gemm(__half const*, __half const*, __half*, int, int, int)",128,8704,0,208,0,128,"SQ_WAVES",16384.000000,426882653976,427297113423
596,596,"Agent 1",1,2236,2236,524288,17,"pk_gemm(__half const*, __half const*, __half*, int, int, int)",128,8704,0,208,0,128,"SQ_WAVE_CYCLES",192894935722.000000,426882653976,427297113423
597,597,"Agent 1",1,2236,2236,524288,17,"pk_gemm(__half const*, __half const*, __half*, int, int, int)",128,8704,0,208,0,128,"SQ_BUSY_CYCLES",1508401705.000000,427297151568,427800077901
597,597,"Agent 1",1,2236,2236,524288,17,"pk_gemm(__half const*, __half const*, __half*, int, int, int)",128,8704,0,208,0,128,"SQ_WAIT_ANY",212590920851.000000,427297151568,427800077901
597,597,"Agent 1",1,2236,2236,524288,17,"pk_gemm(__half const*, __half const*, __half*, int, int, int)",128,8704,0,208,0,128,"SQ_WAVES",16384.000000,427297151568,427800077901
597,597,"Agent 1",1,2236,2236,524288,17,"pk_gemm(__half const*, __half const*, __half*, int, int, int)",128,8704,0,208,0,128,"SQ_WAVE_CYCLES",230252135517.000000,427297151568,427800077901
598,598,"Agent 1",1,2236,2236,524288,17,"pk_gemm(__half const*, __half const*, __half*, int, int, int)",128,8704,0,208,0,128,"SQ_BUSY_CYCLES",1604496556.000000,427800115154,428334786777
598,598,"Agent 1",1,2236,2236,524288,17,"pk_gemm(__half const*, __half const*, __half*, int, int, int)",128,8704,0,208,0,128,"SQ_WAIT_ANY",225429001545.000000,427800115154,428334786777
598,598,"Agent 1",1,2236,2236,524288,17,"pk_gemm(__half const*, __half const*, __half*, int, int, int)",128,8704,0,208,0,128,"SQ_WAVES",16384.000000,427800115154,428334786777
598,598,"Agent 1",1,2236,2236,524288,17,"pk_gemm(__half const*, __half const*, __half*, int, int, int)",128,8704,0,208,0,128,"SQ_WAVE_CYCLES",243013062428.000000,427800115154,428334786777
599,599,"Agent 1",1,2236,2236,524288,17,"pk_gemm(__half const*, __half const*, __half*, int, int, int)",128,8704,0,208,0,128,"SQ_BUSY_CYCLES",1460200534.000000,428334825945,428821558405
599,599,"Agent 1",1,2236,2236,524288,17,"pk_gemm(__half const*, __half const*, __half*, int, int, int)",128,8704,0,208,0,128,"SQ_WAIT_ANY",205086988250.000000,428334825945,428821558405
599,599,"Agent 1",1,2236,2236,524288,17,"pk_gemm(__half const*, __half const*, __half*, int, int, int)",128,8704,0,208,0,128,"SQ_WAVES",16384.000000,428334825945,428821558405
599,599,"Agent 1",1,2236,2236,524288,17,"pk_gemm(__half const*, __half const*, __half*, int, int, int)",128,8704,0,208,0,128,"SQ_WAVE_CYCLES",222702797231.000000,428334825945,428821558405
600,600,"Agent 1",1,2236,2236,524288,17,"pk_gemm(__half const*, __half const*, __half*, int, int, int)",128,8704,0,208,0,128,"SQ_BUSY_CYCLES",1370909504.000000,428821595678,429278877219
600,600,"Agent 1",1,2236,2236,524288,17,"pk_gemm(__half const*, __half const*, __half*, int, int, int)",128,8704,0,208,0,128,"SQ_WAIT_ANY",194629350498.000000,428821595678,429278877219
600,600,"Agent 1",1,2236,2236,524288,17,"pk_gemm(__half const*, __half const*, __half*, int, int, int)",128,8704,0,208,0,128,"SQ_WAVES",16384.000000,428821595678,429278877219
600,600,"Agent 1",1,2236,2236,524288,17,"pk_gemm(__half const*, __half const*, __half*, int, int, int)",128,8704,0,208,0,128,"SQ_WAVE_CYCLES",212288499590.000000,428821595678,429278877219
601,601,"Agent 1",1,2236,2236,524288,17,"pk_gemm(__half const*, __half const*, __half*, int, int, int)",128,8704,0,208,0,128,"SQ_BUSY_CYCLES",1606149036.000000,429278914419,429814245590
601,601,"Agent 1",1,2236,2236,524288,17,"pk_gemm(__half const*, __half const*, __half*, int, int, int)",128,8704,0,208,0,128,"SQ_WAIT_ANY",226367087911.000000,429278914419,429814245590
601,601,"Agent 1",1,2236,2236,524288,17,"pk_gemm(__half const*, __half const*, __half*, int, int, int)",128,8704,0,208,0,128,"SQ_WAVES",16384.000000,429278914419,429814245590
601,601,"Agent 1",1,2236,2236,524288,17,"pk_gemm(__half const*, __half const*, __half*, int, int, int)",128,8704,0,208,0,128,"SQ_WAVE_CYCLES",244237125063.000000,429278914419,429814245590
602,602,"Agent 1",1,2236,2236,524288,17,"pk_gemm(__half const*, __half const*, __half*, int, int, int)",128,8704,0,208,0,128,"SQ_BUSY_CYCLES",1632350659.000000,429814280131,430358314707
602,602,"Agent 1",1,2236,2236,524288,17,"pk_gemm(__half const*, __half const*, __half*, int, int, int)",128,8704,0,208,0,128,"SQ_WAIT_ANY",228397923682.000000,429814280131,430358314707
602,602,"Agent 1",1,2236,2236,524288,17,"pk_gemm(__half const*, __half const*, __half*, int, int, int)",128,8704,0,208,0,128,"SQ_WAVES",16384.000000,429814280131,430358314707
602,602,"Agent 1",1,2236,2236,524288,17,"pk_gemm(__half const*, __half const*, __half*, int, int, int)",128,8704,0,208,0,128,"SQ_WAVE_CYCLES",245997863792.000000,429814280131,430358314707
603,603,"Agent 1",1,2236,2236,524288,17,"pk_gemm(__half const*, __half const*, __half*, int, int, int)",128,8704,0,208,0,128,"SQ_BUSY_CYCLES",1440668888.000000,430358351270,430838741973
603,603,"Agent 1",1,2236,2236,524288,17,"pk_gemm(__half const*, __half const*, __half*, int, int, int)",128,8704,0,208,0,128,"SQ_WAIT_ANY",202466900415.000000,430358351270,430838741973
603,603,"Agent 1",1,2236,2236,524288,17,"pk_gemm(__half const*, __half const*, __half*, int, int, int)",128,8704,0,208,0,128,"SQ_WAVES",16384.000000,430358351270,430838741973
603,603,"Agent 1",1,2236,2236,524288,17,"pk_gemm(__half const*, __half const*, __half*, int, int, int)",128,8704,0,208,0,128,"SQ_WAVE_CYCLES",220063917666.000000,430358351270,430838741973
604,604,"Agent 1",1,2236,2236,524288,17,"pk_gemm(__half const*, __half const*, __half*, int, int, int)",128,8704,0,208,0,128,"SQ_BUSY_CYCLES",1630592670.000000,430838781639,431382361479
604,604,"Agent 1",1,2236,2236,524288,17,"pk_gemm(__half const*, __half const*, __half*, int, int, int)",128,8704,0,208,0,128,"SQ_WAIT_ANY",230396172928.000000,430838781639,431382361479
604,604,"Agent 1",1,2236,2236,524288,17,"pk_gemm(__half const*, __half const*, __half*, int, int, int)",128,8704,0,208,0,128,"SQ_WAVES",16384.000000,430838781639,431382361479
604,604,"Agent 1",1,2236,2236,524288,17,"pk_gemm(__half const*, __half const*, __half*, int, int, int)",128,8704,0,208,0,128,"SQ_WAVE_CYCLES",248259044754.000000,430838781639,431382361479
605,605,"Agent 1",1,2236,2236,524288,17,"pk_gemm(__half const*, __half const*, __half*, int, int, int)",128,8704,0,208,0,128,"SQ_BUSY_CYCLES",1261492539.000000,431382396950,431803018750
605,605,"Agent 1",1,2236,2236,524288,17,"pk_gemm(__half const*, __half const*, __half*, int, int, int)",128,8704,0,208,0,128,"SQ_WAIT_ANY",178546032531.000000,431382396950,431803018750
605,605,"Agent 1",1,2236,2236,524288,17,"pk_gemm(__half const*, __half const*, __half*, int, int, int)",128,8704,0,208,0,128,"SQ_WAVES",16384.000000,431382396950,431803018750
605,605,"Agent 1",1,2236,2236,524288,17,"pk_gemm(__half const*, __half const*, __half*, int, int, int)",128,8704,0,208,0,128,"SQ_WAVE_CYCLES",196245884822.000000,431382396950,431803018750
606,606,"Agent 1",1,2236,2236,524288,17,"pk_gemm(__half const*, __half const*, __half*, int, int, int)",128,8704,0,208,0,128,"SQ_BUSY_CYCLES",1112091244.000000,431803054461,432174931394
606,606,"Agent 1",1,2236,2236,524288,17,"pk_gemm(__half const*, __half const*, __half*, int, int, int)",128,8704,0,208,0,128,"SQ_WAIT_ANY",148883144105.000000,431803054461,432174931394
606,606,"Agent 1",1,2236,2236,524288,17,"pk_gemm(__half const*, __half const*, __half*, int, int, int)",128,8704,0,208,0,128,"SQ_WAVES",16384.000000,431803054461,432174931394
606,606,"Agent 1",1,2236,2236,524288,17,"pk_gemm(__half const*, __half const*, __half*, int, int, int)",128,8704,0,208,0,128,"SQ_WAVE_CYCLES",165880362719.000000,431803054461,432174931394
607,607,"Agent 1",1,2236,2236,524288,17,"pk_gemm(__half const*, __half const*, __half*, int, int, int)",128,8704,0,208,0,128,"SQ_BUSY_CYCLES",1584955266.000000,432174965633,432703483318
607,607,"Agent 1",1,2236,2236,524288,17,"pk_gemm(__half const*, __half const*, __half*, int, int, int)",128,8704,0,208,0,128,"SQ_WAIT_ANY",225763589608.000000,432174965633,432703483318
607,607,"Agent 1",1,2236,2236,524288,17,"pk_gemm(__half const*, __half const*, __half*, int, int, int)",128,8704,0,208,0,128,"SQ_WAVES",16384.000000,432174965633,432703483318
607,607,"Agent 1",1,2236,2236,524288,17,"pk_gemm(__half const*, __half const*, __half*, int, int, int)",128,8704,0,208,0,128,"SQ_WAVE_CYCLES",243900057038.000000,432174965633,432703483318
608,608,"Agent 1",1,2236,2236,524288,17,"pk_gemm(__half const*, __half const*, __half*, int, int, int)",128,8704,0,208,0,128,"SQ_BUSY_CYCLES",1296682203.000000,432703520660,433135948470
608,608,"Agent 1",1,2236,2236,524288,17,"pk_gemm(__half const*, __half const*, __half*, int, int, int)",128,8704,0,208,0,128,"SQ_WAIT_ANY",186109502729.000000,432703520660,433135948470
608,608,"Agent 1",1,2236,2236,524288,17,"pk_gemm(__half const*, __half const*, __half*, int, int, int)",128,8704,0,208,0,128,"SQ_WAVES",16384.000000,432703520660,433135948470
608,608,"Agent 1",1,2236,2236,524288,17,"pk_gemm(__half const*, __half const*, __half*, int, int, int)",128,8704,0,208,0,128,"SQ_WAVE_CYCLES",203609344731.000000,432703520660,433135948470
609,609,"Agent 1",1,2236,2236,524288,17,"pk_gemm(__half const*, __half const*, __half*, int, int, int)",128,8704,0,208,0,128,"SQ_BUSY_CYCLES",1601502484.000000,433135984338,433669828706
609,609,"Agent 1",1,2236,2236,524288,17,"pk_gemm(__half const*, __half const*, __half*, int, int, int)",128,8704,0,208,0,128,"SQ_WAIT_ANY",223366472994.000000,433135984338,433669828706
609,609,"Agent 1",1,2236,2236,524288,17,"pk_gemm(__half const*, __half const*, __half*, int, int, int)",128,8704,0,208,0,128,"SQ_WAVES",16384.000000,433135984338,433669828706
609,609,"Agent 1",1,2236,2236,524288,17,"pk_gemm(__half const*, __half const*, __half*, int, int, int)",128,8704,0,208,0,128,"SQ_WAVE_CYCLES",241069428560.000000,433135984338,433669828706
610,610,"Agent 1",1,2236,2236,524288,17,"pk_gemm(__half const*, __half const*, __half*, int, int, int)",128,8704,0,208,0,128,"SQ_BUSY_CYCLES",1574983149.000000,433669864959,434195211904
610,610,"Agent 1",1,2236,2236,524288,17,"pk_gemm(__half const*, __half const*, __half*, int, int, int)",128,8704,0,208,0,128,"SQ_WAIT_ANY",223791013850.000000,433669864959,434195211904
610,610,"Agent 1",1,2236,2236,524288,17,"pk_gemm(__half const*, __half const*, __half*, int, int, int)",128,8704,0,208,0,128,"SQ_WAVES",16384.000000,433669864959,434195211904
610,610,"Agent 1",1,2236,2236,524288,17,"pk_gemm(__half const*, __half const*, __half*, int, int, int)",128,8704,0,208,0,128,"SQ_WAVE_CYCLES",241614598094.000000,433669864959,434195211904
611,611,"Agent 1",1,2236,2236,524288,17,"pk_gemm(__half const*, __half const*, __half*, int, int, int)",128,8704,0,208,0,128,"SQ_BUSY_CYCLES",1333957172.000000,434195246844,434640278837
611,611,"Agent 1",1,2236,2236,524288,17,"pk_gemm(__half const*, __half const*, __half*, int, int, int)",128,8704,0,208,0,128,"SQ_WAIT_ANY",188885653217.000000,434195246844,434640278837
611,611,"Agent 1",1,2236,2236,524288,17,"pk_gemm(__half const*, __half const*, __half*, int, int, int)",128,8704,0,208,0,128,"SQ_WAVES",16384.000000,434195246844,434640278837
611,611,"Agent 1",1,2236,2236,524288,17,"pk_gemm(__half const*, __half const*, __half*, int, int, int)",128,8704,0,208,0,128,"SQ_WAVE_CYCLES",206334924942.000000,434195246844,434640278837
612,612,"Agent 1",1,2236,2236,524288,17,"pk_gemm(__half const*, __half const*, __half*, int, int, int)",128,8704,0,208,0,128,"SQ_BUSY_CYCLES",1576549912.000000,434640380979,435165843736
612,612,"Agent 1",1,2236,2236,524288,17,"pk_gemm(__half const*, __half const*, __half*, int, int, int)",128,8704,0,208,0,128,"SQ_WAIT_ANY",219543791577.000000,434640380979,435165843736
612,612,"Agent 1",1,2236,2236,524288,17,"pk_gemm(__half const*, __half const*, __half*, int, int, int)",128,8704,0,208,0,128,"SQ_WAVES",16384.000000,434640380979,435165843736
612,612,"Agent 1",1,2236,2236,524288,17,"pk_gemm(__half const*, __half const*, __half*, int, int, int)",128,8704,0,208,0,128,"SQ_WAVE_CYCLES",237226995093.000000,434640380979,435165843736
613,613,"Agent 1",1,2236,2236,524288,17,"pk_gemm(__half const*, __half const*, __half*, int, int, int)",128,8704,0,208,0,128,"SQ_BUSY_CYCLES",1377104907.000000,435165881760,435624996505
613,613,"Agent 1",1,2236,2236,524288,17,"pk_gemm(__half const*, __half const*, __half*, int, int, int)",128,8704,0,208,0,128,"SQ_WAIT_ANY",192847475992.000000,435165881760,435624996505
613,613,"Agent 1",1,2236,2236,524288,17,"pk_gemm(__half const*, __half const*, __half*, int, int, int)",128,8704,0,208,0,128,"SQ_WAVES",16384.000000,435165881760,435624996505
613,613,"Agent 1",1,2236,2236,524288,17,"pk_gemm(__half const*, __half const*, __half*, int, int, int)",128,8704,0,208,0,128,"SQ_WAVE_CYCLES",210128133237.000000,435165881760,435624996505
614,614,"Agent 1",1,2236,2236,524288,17,"pk_gemm(__half const*, __half const*, __half*, int, int, int)",128,8704,0,208,0,128,"SQ_BUSY_CYCLES",1549448999.000000,435625038038,436141551603
614,614,"Agent 1",1,2236,2236,524288,17,"pk_gemm(__half const*, __half const*, __half*, int, int, int)",128,8704,0,208,0,128,"SQ_WAIT_ANY",220959020234.000000,435625038038,436141551603
614,614,"Agent 1",1,2236,2236,524288,17,"pk_gemm(__half const*, __half const*, __half*, int, int, int)",128,8704,0,208,0,128,"SQ_WAVES",16384.000000,435625038038,436141551603
614,614,"Agent 1",1,2236,2236,524288,17,"pk_gemm(__half const*, __half const*, __half*, int, int, int)",128,8704,0,208,0,128,"SQ_WAVE_CYCLES",238568264623.000000,435625038038,436141551603
615,615,"Agent 1",1,2236,2236,524288,17,"pk_gemm(__half const*, __half const*, __half*, int, int, int)",128,8704,0,208,0,128,"SQ_BUSY_CYCLES",1463870284.000000,436141590598,436629547637
615,615,"Agent 1",1,2236,2236,524288,17,"pk_gemm(__half const*, __half const*, __half*, int, int, int)",128,8704,0,208,0,128,"SQ_WAIT_ANY",203135408618.000000,436141590598,436629547637
615,615,"Agent 1",1,2236,2236,524288,17,"pk_gemm(__half const*, __half const*, __half*, int, int, int)",128,8704,0,208,0,128,"SQ_WAVES",16384.000000,436141590598,436629547637
615,615,"Agent 1",1,2236,2236,524288,17,"pk_gemm(__half const*, __half const*, __half*, int, int, int)",128,8704,0,208,0,128,"SQ_WAVE_CYCLES",220764081780.000000,436141590598,436629547637
616,616,"Agent 1",1,2236,2236,524288,17,"pk_gemm(__half const*, __half const*, __half*, int, int, int)",128,8704,0,208,0,128,"SQ_BUSY_CYCLES",1581901381.000000,436629583745,437156621321
616,616,"Agent 1",1,2236,2236,524288,17,"pk_gemm(__half const*, __half const*, __half*, int, int, int)",128,8704,0,208,0,128,"SQ_WAIT_ANY",220165272277.000000,436629583745,437156621321
616,616,"Agent 1",1,2236,2236,524288,17,"pk_gemm(__half const*, __half const*, __half*, int, int, int)",128,8704,0,208,0,128,"SQ_WAVES",16384.000000,436629583745,437156621321
616,616,"Agent 1",1,2236,2236,524288,17,"pk_gemm(__half const*, __half const*, __half*, int, int, int)",128,8704,0,208,0,128,"SQ_WAVE_CYCLES",237548915632.000000,436629583745,437156621321
617,617,"Agent 1",1,2236,2236,524288,17,"pk_gemm(__half const*, __half const*, __half*, int, int, int)",128,8704,0,208,0,128,"SQ_BUSY_CYCLES",1129339673.000000,437156658871,437533586880
617,617,"Agent 1",1,2236,2236,524288,17,"pk_gemm(__half const*, __half const*, __half*, int, int, int)",128,8704,0,208,0,128,"SQ_WAIT_ANY",158512851725.000000,437156658871,437533586880
617,617,"Agent 1",1,2236,2236,524288,17,"pk_gemm(__half const*, __half const*, __half*, int, int, int)",128,8704,0,208,0,128,"SQ_WAVES",16384.000000,437156658871,437533586880
617,617,"Agent 1",1,2236,2236,524288,17,"pk_gemm(__half const*, __half const*, __half*, int, int, int)",128,8704,0,208,0,128,"SQ_WAVE_CYCLES",175757590988.000000,437156658871,437533586880
618,618,"Agent 1",1,2236,2236,524288,17,"pk_gemm(__half const*, __half const*, __half*, int, int, int)",128,8704,0,208,0,128,"SQ_BUSY_CYCLES",1498945496.000000,437533628262,438033524961
618,618,"Agent 1",1,2236,2236,524288,17,"pk_gemm(__half const*, __half const*, __half*, int, int, int)",128,8704,0,208,0,128,"SQ_WAIT_ANY",213692419017.000000,437533628262,438033524961
618,618,"Agent 1",1,2236,2236,524288,17,"pk_gemm(__half const*, __half const*, __half*, int, int, int)",128,8704,0,208,0,128,"SQ_WAVES",16384.000000,437533628262,438033524961
618,618,"Agent 1",1,2236,2236,524288,17,"pk_gemm(__half const*, __half const*, __half*, int, int, int)",128,8704,0,208,0,128,"SQ_WAVE_CYCLES",231294736157.000000,437533628262,438033524961
619,619,"Agent 1",1,2236,2236,524288,17,"pk_gemm(__half const*, __half const*, __half*, int, int, int)",128,8704,0,208,0,128,"SQ_BUSY_CYCLES",1368649280.000000,438033563224,438489809150
619,619,"Agent 1",1,2236,2236,524288,17,"pk_gemm(__half const*, __half const*, __half*, int, int, int)",128,8704,0,208,0,128,"SQ_WAIT_ANY",191209336562.000000,438033563224,438489809150
619,619,"Agent 1",1,2236,2236,524288,17,"pk_gemm(__half const*, __half const*, __half*, int, int, int)",128,8704,0,208,0,128,"SQ_WAVES",16384.000000,438033563224,438489809150
619,619,"Agent 1",1,2236,2236,524288,17,"pk_gemm(__half const*, __half const*, __half*, int, int, int)",128,8704,0,208,0,128,"SQ_WAVE_CYCLES",208558007983.000000,438033563224,438489809150
620,620,"Agent 1",1,2236,2236,524288,17,"pk_gemm(__half const*, __half const*, __half*, int, int, int)",128,8704,0,208,0,128,"SQ_BUSY_CYCLES",941989133.000000,438489849745,438804411635
620,620,"Agent 1",1,2236,2236,524288,17,"pk_gemm(__half const*, __half const*, __half*, int, int, int)",128,8704,0,208,0,128,"SQ_WAIT_ANY",130831280146.000000,438489849745,438804411635
620,620,"Agent 1",1,2236,2236,524288,17,"pk_gemm(__half const*, __half const*, __half*, int, int, int)",128,8704,0,208,0,128,"SQ_WAVES",16384.000000,438489849745,438804411635
620,620,"Agent 1",1,2236,2236,524288,17,"pk_gemm(__half const*, __half const*, __half*, int, int, int)",128,8704,0,208,0,128,"SQ_WAVE_CYCLES",147878581146.000000,438489849745,438804411635
621,621,"Agent 1",1,2236,2236,524288,17,"pk_gemm(__half const*, __half const*, __half*, int, int, int)",128,8704,0,208,0,128,"SQ_BUSY_CYCLES",1363608808.000000,438804452072,439259138077
621,621,"Agent 1",1,2236,2236,524288,17,"pk_gemm(__half const*, __half const*, __half*, int, int, int)",128,8704,0,208,0,128,"SQ_WAIT_ANY",190935775664.000000,438804452072,439259138077
621,621,"Agent 1",1,2236,2236,524288,17,"pk_gemm(__half const*, __half const*, __half*, int, int, int)",128,8704,0,208,0,128,"SQ_WAVES",16384.000000,438804452072,439259138077
621,621,"Agent 1",1,2236,2236,524288,17,"pk_gemm(__half const*, __half const*, __half*, int, int, int)",128,8704,0,208,0,128,"SQ_WAVE_CYCLES",208417425606.000000,438804452072,439259138077
622,622,"Agent 1",1,2236,2236,524288,17,"pk_gemm(__half const*, __half const*, __half*, int, int, int)",128,8704,0,208,0,128,"SQ_BUSY_CYCLES",1338112712.000000,439259179400,439705190729
622,622,"Agent 1",1,2236,2236,524288,17,"pk_gemm(__half const*, __half const*, __half*, int, int, int)",128,8704,0,208,0,128,"SQ_WAIT_ANY",186439300623.000000,439259179400,439705190729
622,622,"Agent 1",1,2236,2236,524288,17,"pk_gemm(__half const*, __half const*, __half*, int, int, int)",128,8704,0,208,0,128,"SQ_WAVES",16384.000000,439259179400,439705190729
622,622,"Agent 1",1,2236,2236,524288,17,"pk_gemm(__half const*, __half const*, __half*, int, int, int)",128,8704,0,208,0,128,"SQ_WAVE_CYCLES",203641916516.000000,439259179400,439705190729
623,623,"Agent 1",1,2236,2236,524288,17,"pk_gemm(__half const*, __half const*, __half*, int, int, int)",128,8704,0,208,0,128,"SQ_BUSY_CYCLES",1513861239.000000,439705228343,440209851119
623,623,"Agent 1",1,2236,2236,524288,17,"pk_gemm(__half const*, __half const*, __half*, int, int, int)",128,8704,0,208,0,128,"SQ_WAIT_ANY",215015738821.000000,439705228343,440209851119
623,623,"Agent 1",1,2236,2236,524288,17,"pk_gemm(__half const*, __half const*, __half*, int, int, int)",128,8704,0,208,0,128,"SQ_WAVES",16384.000000,439705228343,440209851119
623,623,"Agent 1",1,2236,2236,524288,17,"pk_gemm(__half const*, __half const*, __half*, int, int, int)",128,8704,0,208,0,128,"SQ_WAVE_CYCLES",232702796607.000000,439705228343,440209851119
624,624,"Agent 1",1,2236,2236,524288,17,"pk_gemm(__half const*, __half const*, __half*, int, int, int)",128,8704,0,208,0,128,"SQ_BUSY_CYCLES",1477193697.000000,440209888926,440702083001
624,624,"Agent 1",1,2236,2236,524288,17,"pk_gemm(__half const*, __half const*, __half*, int, int, int)",128,8704,0,208,0,128,"SQ_WAIT_ANY",207990386929.000000,440209888926,440702083001
624,624,"Agent 1",1,2236,2236,524288,17,"pk_gemm(__half const*, __half const*, __half*, int, int, int)",128,8704,0,208,0,128,"SQ_WAVES",16384.000000,440209888926,440702083001
624,624,"Agent 1",1,2236,2236,524288,17,"pk_gemm(__half const*, __half const*, __half*, int, int, int)",128,8704,0,208,0,128,"SQ_WAVE_CYCLES",225577142228.000000,440209888926,440702083001
625,625,"Agent 1",1,2236,2236,524288,17,"pk_gemm(__half const*, __half const*, __half*, int, int, int)",128,8704,0,208,0,128,"SQ_BUSY_CYCLES",1326719433.000000,440702142441,441144175200
625,625,"Agent 1",1,2236,2236,524288,17,"pk_gemm(__half const*, __half const*, __half*, int, int, int)",128,8704,0,208,0,128,"SQ_WAIT_ANY",184569131861.000000,440702142441,441144175200
625,625,"Agent 1",1,2236,2236,524288,17,"pk_gemm(__half const*, __half const*, __half*, int, int, int)",128,8704,0,208,0,128,"SQ_WAVES",16384.000000,440702142441,441144175200
625,625,"Agent 1",1,2236,2236,524288,17,"pk_gemm(__half const*, __half const*, __half*, int, int, int)",128,8704,0,208,0,128,"SQ_WAVE_CYCLES",201841876882.000000,440702142441,441144175200
626,626,"Agent 1",1,2236,2236,524288,17,"pk_gemm(__half const*, __half const*, __half*, int, int, int)",128,8704,0,208,0,128,"SQ_BUSY_CYCLES",1612207441.000000,441144209490,441681594013
626,626,"Agent 1",1,2236,2236,524288,17,"pk_gemm(__half const*, __half const*, __half*, int, int, int)",128,8704,0,208,0,128,"SQ_WAIT_ANY",223348540883.000000,441144209490,441681594013
626,626,"Agent 1",1,2236,2236,524288,17,"pk_gemm(__half const*, __half const*, __half*, int, int, int)",128,8704,0,208,0,128,"SQ_WAVES",16384.000000,441144209490,441681594013
626,626,"Agent 1",1,2236,2236,524288,17,"pk_gemm(__half const*, __half const*, __half*, int, int, int)",128,8704,0,208,0,128,"SQ_WAVE_CYCLES",240931269829.000000,441144209490,441681594013
627,627,"Agent 1",1,2236,2236,524288,17,"pk_gemm(__half const*, __half const*, __half*, int, int, int)",128,8704,0,208,0,128,"SQ_BUSY_CYCLES",1392277789.000000,441681637610,442145783174
627,627,"Agent 1",1,2236,2236,524288,17,"pk_gemm(__half const*, __half const*, __half*, int, int, int)",128,8704,0,208,0,128,"SQ_WAIT_ANY",196873475527.000000,441681637610,442145783174
627,627,"Agent 1",1,2236,2236,524288,17,"pk_gemm(__half const*, __half const*, __half*, int, int, int)",128,8704,0,208,0,128,"SQ_WAVES",16384.000000,441681637610,442145783174
627,627,"Agent 1",1,2236,2236,524288,17,"pk_gemm(__half const*, __half const*, __half*, int, int, int)",128,8704,0,208,0,128,"SQ_WAVE_CYCLES",214387451656.000000,441681637610,442145783174
628,628,"Agent 1",1,2236,2236,524288,17,"pk_gemm(__half const*, __half const*, __half*, int, int, int)",128,8704,0,208,0,128,"SQ_BUSY_CYCLES",1541256601.000000,442145820308,442659712943
628,628,"Agent 1",1,2236,2236,524288,17,"pk_gemm(__half const*, __half const*, __half*, int, int, int)",128,8704,0,208,0,128,"SQ_WAIT_ANY",219616960552.000000,442145820308,442659712943
628,628,"Agent 1",1,2236,2236,524288,17,"pk_gemm(__half const*, __half const*, __half*, int, int, int)",128,8704,0,208,0,128,"SQ_WAVES",16384.000000,442145820308,442659712943
628,628,"Agent 1",1,2236,2236,524288,17,"pk_gemm(__half const*, __half const*, __half*, int, int, int)",128,8704,0,208,0,128,"SQ_WAVE_CYCLES",237430630934.000000,442145820308,442659712943
629,629,"Agent 1",1,2236,2236,524288,17,"pk_gemm(__half const*, __half const*, __half*, int, int, int)",128,8704,0,208,0,128,"SQ_BUSY_CYCLES",1300629015.000000,442659752643,443093416214
629,629,"Agent 1",1,2236,2236,524288,17,"pk_gemm(__half const*, __half const*, __half*, int, int, int)",128,8704,0,208,0,128,"SQ_WAIT_ANY",185963103065.000000,442659752643,443093416214
629,629,"Agent 1",1,2236,2236,524288,17,"pk_gemm(__half const*, __half const*, __half*, int, int, int)",128,8704,0,208,0,128,"SQ_WAVES",16384.000000,442659752643,443093416214
629,629,"Agent 1",1,2236,2236,524288,17,"pk_gemm(__half const*, __half const*, __half*, int, int, int)",128,8704,0,208,0,128,"SQ_WAVE_CYCLES",203647557170.000000,442659752643,443093416214
630,630,"Agent 1",1,2236,2236,524288,17,"pk_gemm(__half const*, __half const*, __half*, int, int, int)",128,8704,0,208,0,128,"SQ_BUSY_CYCLES",1628329180.000000,443093451487,443635942720
630,630,"Agent 1",1,2236,2236,524288,17,"pk_gemm(__half const*, __half const*, __half*, int, int, int)",128,8704,0,208,0,128,"SQ_WAIT_ANY",230201728449.000000,443093451487,443635942720
630,630,"Agent 1",1,2236,2236,524288,17,"pk_gemm(__half const*, __half const*, __half*, int, int, int)",128,8704,0,208,0,128,"SQ_WAVES",16384.000000,443093451487,443635942720
630,630,"Agent 1",1,2236,2236,524288,17,"pk_gemm(__half const*, __half const*, __half*, int, int, int)",128,8704,0,208,0,128,"SQ_WAVE_CYCLES",247813454917.000000,443093451487,443635942720
631,631,"Agent 1",1,2236,2236,524288,17,"pk_gemm(__half const*, __half const*, __half*, int, int, int)",128,8704,0,208,0,128,"SQ_BUSY_CYCLES",1581098694.000000,443635977597,444162902939
631,631,"Agent 1",1,2236,2236,524288,17,"pk_gemm(__half const*, __half const*, __half*, int, int, int)",128,8704,0,208,0,128,"SQ_WAIT_ANY",222291494025.000000,443635977597,444162902939
631,631,"Agent 1",1,2236,2236,524288,17,"pk_gemm(__half const*, __half const*, __half*, int, int, int)",128,8704,0,208,0,128,"SQ_WAVES",16384.000000,443635977597,444162902939
631,631,"Agent 1",1,2236,2236,524288,17,"pk_gemm(__half const*, __half const*, __half*, int, int, int)",128,8704,0,208,0,128,"SQ_WAVE_CYCLES",240032063712.000000,443635977597,444162902939
632,632,"Agent 1",1,2236,2236,524288,17,"pk_gemm(__half const*, __half const*, __half*, int, int, int)",128,8704,0,208,0,128,"SQ_BUSY_CYCLES",1541574332.000000,444162938139,444677074384
632,632,"Agent 1",1,2236,2236,524288,17,"pk_gemm(__half const*, __half const*, __half*, int, int, int)",128,8704,0,208,0,128,"SQ_WAIT_ANY",214168959894.000000,444162938139,444677074384
632,632,"Agent 1",1,2236,2236,524288,17,"pk_gemm(__half const*, __half const*, __half*, int, int, int)",128,8704,0,208,0,128,"SQ_WAVES",16384.000000,444162938139,444677074384
632,632,"Agent 1",1,2236,2236,524288,17,"pk_gemm(__half const*, __half const*, __half*, int, int, int)",128,8704,0,208,0,128,"SQ_WAVE_CYCLES",231937726746.000000,444162938139,444677074384
633,633,"Agent 1",1,2236,2236,524288,17,"pk_gemm(__half const*, __half const*, __half*, int, int, int)",128,8704,0,208,0,128,"SQ_BUSY_CYCLES",1357047686.000000,444677110317,445129416652
633,633,"Agent 1",1,2236,2236,524288,17,"pk_gemm(__half const*, __half const*, __half*, int, int, int)",128,8704,0,208,0,128,"SQ_WAIT_ANY",185130599427.000000,444677110317,445129416652
633,633,"Agent 1",1,2236,2236,524288,17,"pk_gemm(__half const*, __half const*, __half*, int, int, int)",128,8704,0,208,0,128,"SQ_WAVES",16384.000000,444677110317,445129416652
633,633,"Agent 1",1,2236,2236,524288,17,"pk_gemm(__half const*, __half const*, __half*, int, int, int)",128,8704,0,208,0,128,"SQ_WAVE_CYCLES",202465859700.000000,444677110317,445129416652
634,634,"Agent 1",1,2236,2236,524288,17,"pk_gemm(__half const*, __half const*, __half*, int, int, int)",128,8704,0,208,0,128,"SQ_BUSY_CYCLES",1574339448.000000,445129451996,445653809567
634,634,"Agent 1",1,2236,2236,524288,17,"pk_gemm(__half const*, __half const*, __half*, int, int, int)",128,8704,0,208,0,128,"SQ_WAIT_ANY",216651641707.000000,445129451996,445653809567
634,634,"Agent 1",1,2236,2236,524288,17,"pk_gemm(__half const*, __half const*, __half*, int, int, int)",128,8704,0,208,0,128,"SQ_WAVES",16384.000000,445129451996,445653809567
634,634,"Agent 1",1,2236,2236,524288,17,"pk_gemm(__half const*, __half const*, __half*, int, int, int)",128,8704,0,208,0,128,"SQ_WAVE_CYCLES",234044009766.000000,445129451996,445653809567
635,635,"Agent 1",1,2236,2236,524288,17,"pk_gemm(__half const*, __half const*, __half*, int, int, int)",128,8704,0,208,0,128,"SQ_BUSY_CYCLES",1598343199.000000,445653846774,446187047933
635,635,"Agent 1",1,2236,2236,524288,17,"pk_gemm(__half const*, __half const*, __half*, int, int, int)",128,8704,0,208,0,128,"SQ_WAIT_ANY",229598340637.000000,445653846774,446187047933
635,635,"Agent 1",1,2236,2236,524288,17,"pk_gemm(__half const*, __half const*, __half*, int, int, int)",128,8704,0,208,0,128,"SQ_WAVES",16384.000000,445653846774,446187047933
635,635,"Agent 1",1,2236,2236,524288,17,"pk_gemm(__half const*, __half const*, __half*, int, int, int)",128,8704,0,208,0,128,"SQ_WAVE_CYCLES",247474402119.000000,445653846774,446187047933
636,636,"Agent 1",1,2236,2236,524288,17,"pk_gemm(__half const*, __half const*, __half*, int, int, int)",128,8704,0,208,0,128,"SQ_BUSY_CYCLES",1581242160.000000,446187082385,446713850064
636,636,"Agent 1",1,2236,2236,524288,17,"pk_gemm(__half const*, __half const*, __half*, int, int, int)",128,8704,0,208,0,128,"SQ_WAIT_ANY",217594395285.000000,446187082385,446713850064
636,636,"Agent 1",1,2236,2236,524288,17,"pk_gemm(__half const*, __half const*, __half*, int, int, int)",128,8704,0,208,0,128,"SQ_WAVES",16384.000000,446187082385,446713850064
636,636,"Agent 1",1,2236,2236,524288,17,"pk_gemm(__half const*, __half const*, __half*, int, int, int)",128,8704,0,208,0,128,"SQ_WAVE_CYCLES",235172140486.000000,446187082385,446713850064
637,637,"Agent 1",1,2236,2236,524288,17,"pk_gemm(__half const*, __half const*, __half*, int, int, int)",128,8704,0,208,0,128,"SQ_BUSY_CYCLES",1593245866.000000,446713885159,447245352711
637,637,"Agent 1",1,2236,2236,524288,17,"pk_gemm(__half const*, __half const*, __half*, int, int, int)",128,8704,0,208,0,128,"SQ_WAIT_ANY",228514839995.000000,446713885159,447245352711
637,637,"Agent 1",1,2236,2236,524288,17,"pk_gemm(__half const*, __half const*, __half*, int, int, int)",128,8704,0,208,0,128,"SQ_WAVES",16384.000000,446713885159,447245352711
637,637,"Agent 1",1,2236,2236,524288,17,"pk_gemm(__half const*, __half const*, __half*, int, int, int)",128,8704,0,208,0,128,"SQ_WAVE_CYCLES",246329902392.000000,446713885159,447245352711
638,638,"Agent 1",1,2236,2236,524288,17,"pk_gemm(__half const*, __half const*, __half*, int, int, int)",128,8704,0,208,0,128,"SQ_BUSY_CYCLES",972790873.000000,447245388823,447569900356
638,638,"Agent 1",1,2236,2236,524288,17,"pk_gemm(__half const*, __half const*, __half*, int, int, int)",128,8704,0,208,0,128,"SQ_WAIT_ANY",135019599906.000000,447245388823,447569900356
638,638,"Agent 1",1,2236,2236,524288,17,"pk_gemm(__half const*, __half const*, __half*, int, int, int)",128,8704,0,208,0,128,"SQ_WAVES",16384.000000,447245388823,447569900356
638,638,"Agent 1",1,2236,2236,524288,17,"pk_gemm(__half const*, __half const*, __half*, int, int, int)",128,8704,0,208,0,128,"SQ_WAVE_CYCLES",151999198064.000000,447245388823,447569900356
639,639,"Agent 1",1,2236,2236,524288,17,"pk_gemm(__half const*, __half const*, __half*, int, int, int)",128,8704,0,208,0,128,"SQ_BUSY_CYCLES",1552984787.000000,447569935300,448087620177
639,639,"Agent 1",1,2236,2236,524288,17,"pk_gemm(__half const*, __half const*, __half*, int, int, int)",128,8704,0,208,0,128,"SQ_WAIT_ANY",221486687112.000000,447569935300,448087620177
639,639,"Agent 1",1,2236,2236,524288,17,"pk_gemm(__half const*, __half const*, __half*, int, int, int)",128,8704,0,208,0,128,"SQ_WAVES",16384.000000,447569935300,448087620177
639,639,"Agent 1",1,2236,2236,524288,17,"pk_gemm(__half const*, __half const*, __half*, int, int, int)",128,8704,0,208,0,128,"SQ_WAVE_CYCLES",239216640238.000000,447569935300,448087620177
640,640,"Agent 1",1,2236,2236,524288,17,"pk_gemm(__half const*, __half const*, __half*, int, int, int)",128,8704,0,208,0,128,"SQ_BUSY_CYCLES",1567020247.000000,448087654085,448610060035
640,640,"Agent 1",1,2236,2236,524288,17,"pk_gemm(__half const*, __half const*, __half*, int, int, int)",128,8704,0,208,0,128,"SQ_WAIT_ANY",217050779257.000000,448087654085,448610060035
640,640,"Agent 1",1,2236,2236,524288,17,"pk_gemm(__half const*, __half const*, __half*, int, int, int)",128,8704,0,208,0,128,"SQ_WAVES",16384.000000,448087654085,448610060035
640,640,"Agent 1",1,2236,2236,524288,17,"pk_gemm(__half const*, __half const*, __half*, int, int, int)",128,8704,0,208,0,128,"SQ_WAVE_CYCLES",234569475862.000000,448087654085,448610060035
641,641,"Agent 1",1,2236,2236,524288,17,"pk_gemm(__half const*, __half const*, __half*, int, int, int)",128,8704,0,208,0,128,"SQ_BUSY_CYCLES",1359567346.000000,448610094984,449063268010
641,641,"Agent 1",1,2236,2236,524288,17,"pk_gemm(__half const*, __half const*, __half*, int, int, int)",128,8704,0,208,0,128,"SQ_WAIT_ANY",190818167377.000000,448610094984,449063268010
641,641,"Agent 1",1,2236,2236,524288,17,"pk_gemm(__half const*, __half const*, __half*, int, int, int)",128,8704,0,208,0,128,"SQ_WAVES",16384.000000,448610094984,449063268010
641,641,"Agent 1",1,2236,2236,524288,17,"pk_gemm(__half const*, __half const*, __half*, int, int, int)",128,8704,0,208,0,128,"SQ_WAVE_CYCLES",208234426681.000000,448610094984,449063268010
