"Correlation_Id","Dispatch_Id","Agent_Id","Queue_Id","Process_Id","Thread_Id","Grid_Size","Kernel_Id","Kernel_Name","Workgroup_Size","LDS_Block_Size","Scratch_Size","VGPR_Count","Accum_VGPR_Count","SGPR_Count","Counter_Name","Counter_Value","Start_Timestamp","End_Timestamp"
1,1,"Agent 1",1,18759,18759,256,17,"pk_gemm(__half const*, __half const*, __half*, int, int, int)",128,8704,0,208,0,128,"GRBM_GUI_ACTIVE",135303.000000,1936733068499,1936733153618
1,1,"Agent 1",1,18759,18759,256,17,"pk_gemm(__half const*, __half const*, __half*, int, int, int)",128,8704,0,208,0,128,"SQ_BUSY_CYCLES",126801.000000,1936733068499,1936733153618
1,1,"Agent 1",1,18759,18759,256,17,"pk_gemm(__half const*, __half const*, __half*, int, int, int)",128,8704,0,208,0,128,"SQ_INSTS_LDS",10240.000000,1936733068499,1936733153618
1,1,"Agent 1",1,18759,18759,256,17,"pk_gemm(__half const*, __half const*, __half*, int, int, int)",128,8704,0,208,0,128,"SQ_INSTS_VALU",150000.000000,1936733068499,1936733153618
1,1,"Agent 1",1,18759,18759,256,17,"pk_gemm(__half const*, __half const*, __half*, int, int, int)",128,8704,0,208,0,128,"SQ_WAIT_ANY",820489.000000,1936733068499,1936733153618
1,1,"Agent 1",1,18759,18759,256,17,"pk_gemm(__half const*, __half const*, __half*, int, int, int)",128,8704,0,208,0,128,"SQ_WAVES",8.000000,1936733068499,1936733153618
2,2,"Agent 1",1,18759,18759,2048,17,"pk_gemm(__half const*, __half const*, __half*, int, int, int)",128,8704,0,208,0,128,"GRBM_GUI_ACTIVE",454685.000000,1936740336501,1936740638747
2,2,"Agent 1",1,18759,18759,2048,17,"pk_gemm(__half const*, __half const*, __half*, int, int, int)",128,8704,0,208,0,128,"SQ_BUSY_CYCLES",768145.000000,1936740336501,1936740638747
2,2,"Agent 1",1,18759,18759,2048,17,"pk_gemm(__half const*, __half const*, __half*, int, int, int)",128,8704,0,208,0,128,"SQ_INSTS_LDS",166016.000000,1936740336501,1936740638747
2,2,"Agent 1",1,18759,18759,2048,17,"pk_gemm(__half const*, __half const*, __half*, int, int, int)",128,8704,0,208,0,128,"SQ_INSTS_VALU",2413664.000000,1936740336501,1936740638747
2,2,"Agent 1",1,18759,18759,2048,17,"pk_gemm(__half const*, __half const*, __half*, int, int, int)",128,8704,0,208,0,128,"SQ_WAIT_ANY",20907276.000000,1936740336501,1936740638747
2,2,"Agent 1",1,18759,18759,2048,17,"pk_gemm(__half const*, __half const*, __half*, int, int, int)",128,8704,0,208,0,128,"SQ_WAVES",192.000000,1936740336501,1936740638747
3,3,"Agent 1",1,18759,18759,2048,17,"pk_gemm(__half const*, __half const*, __half*, int, int, int)",128,8704,0,208,0,128,"GRBM_GUI_ACTIVE",614454.000000,1936740690564,1936741077969
3,3,"Agent 1",1,18759,18759,2048,17,"pk_gemm(__half const*, __half const*, __half*, int, int, int)",128,8704,0,208,0,128,"SQ_BUSY_CYCLES",976432.000000,1936740690564,1936741077969
3,3,"Agent 1",1,18759,18759,2048,17,"pk_gemm(__half const*, __half const*, __half*, int, int, int)",128,8704,0,208,0,128,"SQ_INSTS_LDS",167104.000000,1936740690564,1936741077969
3,3,"Agent 1",1,18759,18759,2048,17,"pk_gemm(__half const*, __half const*, __half*, int, int, int)",128,8704,0,208,0,128,"SQ_INSTS_VALU",2440912.000000,1936740690564,1936741077969
3,3,"Agent 1",1,18759,18759,2048,17,"pk_gemm(__half const*, __half const*, __half*, int, int, int)",128,8704,0,208,0,128,"SQ_WAIT_ANY",27156462.000000,1936740690564,1936741077969
3,3,"Agent 1",1,18759,18759,2048,17,"pk_gemm(__half const*, __half const*, __half*, int, int, int)",128,8704,0,208,0,128,"SQ_WAVES",256.000000,1936740690564,1936741077969
4,4,"Agent 1",1,18759,18759,2048,17,"pk_gemm(__half const*, __half const*, __half*, int, int, int)",128,8704,0,208,0,128,"GRBM_GUI_ACTIVE",482488.000000,1936741198475,1936741516951
4,4,"Agent 1",1,18759,18759,2048,17,"pk_gemm(__half const*, __half const*, __half*, int, int, int)",128,8704,0,208,0,128,"SQ_BUSY_CYCLES",829809.000000,1936741198475,1936741516951
4,4,"Agent 1",1,18759,18759,2048,17,"pk_gemm(__half const*, __half const*, __half*, int, int, int)",128,8704,0,208,0,128,"SQ_INSTS_LDS",166016.000000,1936741198475,1936741516951
4,4,"Agent 1",1,18759,18759,2048,17,"pk_gemm(__half const*, __half const*, __half*, int, int, int)",128,8704,0,208,0,128,"SQ_INSTS_VALU",2413664.000000,1936741198475,1936741516951
4,4,"Agent 1",1,18759,18759,2048,17,"pk_gemm(__half const*, __half const*, __half*, int, int, int)",128,8704,0,208,0,128,"SQ_WAIT_ANY",22797628.000000,1936741198475,1936741516951
4,4,"Agent 1",1,18759,18759,2048,17,"pk_gemm(__half const*, __half const*, __half*, int, int, int)",128,8704,0,208,0,128,"SQ_WAVES",192.000000,1936741198475,1936741516951
5,5,"Agent 1",1,18759,18759,2048,17,"pk_gemm(__half const*, __half const*, __half*, int, int, int)",128,8704,0,208,0,128,"GRBM_GUI_ACTIVE",248810.000000,1936741548089,1936741709231
5,5,"Agent 1",1,18759,18759,2048,17,"pk_gemm(__half const*, __half const*, __half*, int, int, int)",128,8704,0,208,0,128,"SQ_BUSY_CYCLES",483128.000000,1936741548089,1936741709231
5,5,"Agent 1",1,18759,18759,2048,17,"pk_gemm(__half const*, __half const*, __half*, int, int, int)",128,8704,0,208,0,128,"SQ_INSTS_LDS",163840.000000,1936741548089,1936741709231
5,5,"Agent 1",1,18759,18759,2048,17,"pk_gemm(__half const*, __half const*, __half*, int, int, int)",128,8704,0,208,0,128,"SQ_INSTS_VALU",2359168.000000,1936741548089,1936741709231
5,5,"Agent 1",1,18759,18759,2048,17,"pk_gemm(__half const*, __half const*, __half*, int, int, int)",128,8704,0,208,0,128,"SQ_WAIT_ANY",12318742.000000,1936741548089,1936741709231
5,5,"Agent 1",1,18759,18759,2048,17,"pk_gemm(__half const*, __half const*, __half*, int, int, int)",128,8704,0,208,0,128,"SQ_WAVES",64.000000,1936741548089,1936741709231
6,6,"Agent 1",1,18759,18759,2048,17,"pk_gemm(__half const*, __half const*, __half*, int, int, int)",128,8704,0,208,0,128,"GRBM_GUI_ACTIVE",249860.000000,1936741738646,1936741900308
6,6,"Agent 1",1,18759,18759,2048,17,"pk_gemm(__half const*, __half const*, __half*, int, int, int)",128,8704,0,208,0,128,"SQ_BUSY_CYCLES",484604.000000,1936741738646,1936741900308
6,6,"Agent 1",1,18759,18759,2048,17,"pk_gemm(__half const*, __half const*, __half*, int, int, int)",128,8704,0,208,0,128,"SQ_INSTS_LDS",163840.000000,1936741738646,1936741900308
6,6,"Agent 1",1,18759,18759,2048,17,"pk_gemm(__half const*, __half const*, __half*, int, int, int)",128,8704,0,208,0,128,"SQ_INSTS_VALU",2359168.000000,1936741738646,1936741900308
6,6,"Agent 1",1,18759,18759,2048,17,"pk_gemm(__half const*, __half const*, __half*, int, int, int)",128,8704,0,208,0,128,"SQ_WAIT_ANY",12360250.000000,1936741738646,1936741900308
6,6,"Agent 1",1,18759,18759,2048,17,"pk_gemm(__half const*, __half const*, __half*, int, int, int)",128,8704,0,208,0,128,"SQ_WAVES",64.000000,1936741738646,1936741900308
7,7,"Agent 1",1,18759,18759,2048,17,"pk_gemm(__half const*, __half const*, __half*, int, int, int)",128,8704,0,208,0,128,"GRBM_GUI_ACTIVE",248876.000000,1936741928722,1936742089903
7,7,"Agent 1",1,18759,18759,2048,17,"pk_gemm(__half const*, __half const*, __half*, int, int, int)",128,8704,0,208,0,128,"SQ_BUSY_CYCLES",482527.000000,1936741928722,1936742089903
7,7,"Agent 1",1,18759,18759,2048,17,"pk_gemm(__half const*, __half const*, __half*, int, int, int)",128,8704,0,208,0,128,"SQ_INSTS_LDS",163840.000000,1936741928722,1936742089903
7,7,"Agent 1",1,18759,18759,2048,17,"pk_gemm(__half const*, __half const*, __half*, int, int, int)",128,8704,0,208,0,128,"SQ_INSTS_VALU",2359168.000000,1936741928722,1936742089903
7,7,"Agent 1",1,18759,18759,2048,17,"pk_gemm(__half const*, __half const*, __half*, int, int, int)",128,8704,0,208,0,128,"SQ_WAIT_ANY",12286499.000000,1936741928722,1936742089903
7,7,"Agent 1",1,18759,18759,2048,17,"pk_gemm(__half const*, __half const*, __half*, int, int, int)",128,8704,0,208,0,128,"SQ_WAVES",64.000000,1936741928722,1936742089903
8,8,"Agent 1",1,18759,18759,2048,17,"pk_gemm(__half const*, __half const*, __half*, int, int, int)",128,8704,0,208,0,128,"GRBM_GUI_ACTIVE",250110.000000,1936742118397,1936742280420
8,8,"Agent 1",1,18759,18759,2048,17,"pk_gemm(__half const*, __half const*, __half*, int, int, int)",128,8704,0,208,0,128,"SQ_BUSY_CYCLES",485522.000000,1936742118397,1936742280420
8,8,"Agent 1",1,18759,18759,2048,17,"pk_gemm(__half const*, __half const*, __half*, int, int, int)",128,8704,0,208,0,128,"SQ_INSTS_LDS",163840.000000,1936742118397,1936742280420
8,8,"Agent 1",1,18759,18759,2048,17,"pk_gemm(__half const*, __half const*, __half*, int, int, int)",128,8704,0,208,0,128,"SQ_INSTS_VALU",2359168.000000,1936742118397,1936742280420
8,8,"Agent 1",1,18759,18759,2048,17,"pk_gemm(__half const*, __half const*, __half*, int, int, int)",128,8704,0,208,0,128,"SQ_WAIT_ANY",12365771.000000,1936742118397,1936742280420
8,8,"Agent 1",1,18759,18759,2048,17,"pk_gemm(__half const*, __half const*, __half*, int, int, int)",128,8704,0,208,0,128,"SQ_WAVES",64.000000,1936742118397,1936742280420
9,9,"Agent 1",1,18759,18759,2048,17,"pk_gemm(__half const*, __half const*, __half*, int, int, int)",128,8704,0,208,0,128,"GRBM_GUI_ACTIVE",249615.000000,1936742308352,1936742469854
9,9,"Agent 1",1,18759,18759,2048,17,"pk_gemm(__half const*, __half const*, __half*, int, int, int)",128,8704,0,208,0,128,"SQ_BUSY_CYCLES",483919.000000,1936742308352,1936742469854
9,9,"Agent 1",1,18759,18759,2048,17,"pk_gemm(__half const*, __half const*, __half*, int, int, int)",128,8704,0,208,0,128,"SQ_INSTS_LDS",163840.000000,1936742308352,1936742469854
9,9,"Agent 1",1,18759,18759,2048,17,"pk_gemm(__half const*, __half const*, __half*, int, int, int)",128,8704,0,208,0,128,"SQ_INSTS_VALU",2359168.000000,1936742308352,1936742469854
9,9,"Agent 1",1,18759,18759,2048,17,"pk_gemm(__half const*, __half const*, __half*, int, int, int)",128,8704,0,208,0,128,"SQ_WAIT_ANY",12347200.000000,1936742308352,1936742469854
9,9,"Agent 1",1,18759,18759,2048,17,"pk_gemm(__half const*, __half const*, __half*, int, int, int)",128,8704,0,208,0,128,"SQ_WAVES",64.000000,1936742308352,1936742469854
10,10,"Agent 1",1,18759,18759,2048,17,"pk_gemm(__half const*, __half const*, __half*, int, int, int)",128,8704,0,208,0,128,"GRBM_GUI_ACTIVE",490209.000000,1936742524517,1936742823957
10,10,"Agent 1",1,18759,18759,2048,17,"pk_gemm(__half const*, __half const*, __half*, int, int, int)",128,8704,0,208,0,128,"SQ_BUSY_CYCLES",767096.000000,1936742524517,1936742823957
10,10,"Agent 1",1,18759,18759,2048,17,"pk_gemm(__half const*, __half const*, __half*, int, int, int)",128,8704,0,208,0,128,"SQ_INSTS_LDS",166016.000000,1936742524517,1936742823957
10,10,"Agent 1",1,18759,18759,2048,17,"pk_gemm(__half const*, __half const*, __half*, int, int, int)",128,8704,0,208,0,128,"SQ_INSTS_VALU",2413664.000000,1936742524517,1936742823957
10,10,"Agent 1",1,18759,18759,2048,17,"pk_gemm(__half const*, __half const*, __half*, int, int, int)",128,8704,0,208,0,128,"SQ_WAIT_ANY",20798788.000000,1936742524517,1936742823957
10,10,"Agent 1",1,18759,18759,2048,17,"pk_gemm(__half const*, __half const*, __half*, int, int, int)",128,8704,0,208,0,128,"SQ_WAVES",192.000000,1936742524517,1936742823957
11,11,"Agent 1",1,18759,18759,2048,17,"pk_gemm(__half const*, __half const*, __half*, int, int, int)",128,8704,0,208,0,128,"GRBM_GUI_ACTIVE",617301.000000,1936742947589,1936743333671
11,11,"Agent 1",1,18759,18759,2048,17,"pk_gemm(__half const*, __half const*, __half*, int, int, int)",128,8704,0,208,0,128,"SQ_BUSY_CYCLES",969890.000000,1936742947589,1936743333671
11,11,"Agent 1",1,18759,18759,2048,17,"pk_gemm(__half const*, __half const*, __half*, int, int, int)",128,8704,0,208,0,128,"SQ_INSTS_LDS",167104.000000,1936742947589,1936743333671
11,11,"Agent 1",1,18759,18759,2048,17,"pk_gemm(__half const*, __half const*, __half*, int, int, int)",128,8704,0,208,0,128,"SQ_INSTS_VALU",2440912.000000,1936742947589,1936743333671
11,11,"Agent 1",1,18759,18759,2048,17,"pk_gemm(__half const*, __half const*, __half*, int, int, int)",128,8704,0,208,0,128,"SQ_WAIT_ANY",26950026.000000,1936742947589,1936743333671
11,11,"Agent 1",1,18759,18759,2048,17,"pk_gemm(__half const*, __half const*, __half*, int, int, int)",128,8704,0,208,0,128,"SQ_WAVES",256.000000,1936742947589,1936743333671
12,12,"Agent 1",1,18759,18759,2048,17,"pk_gemm(__half const*, __half const*, __half*, int, int, int)",128,8704,0,208,0,128,"GRBM_GUI_ACTIVE",635454.000000,1936743393423,1936743819020
12,12,"Agent 1",1,18759,18759,2048,17,"pk_gemm(__half const*, __half const*, __half*, int, int, int)",128,8704,0,208,0,128,"SQ_BUSY_CYCLES",1022111.000000,1936743393423,1936743819020
12,12,"Agent 1",1,18759,18759,2048,17,"pk_gemm(__half const*, __half const*, __half*, int, int, int)",128,8704,0,208,0,128,"SQ_INSTS_LDS",168192.000000,1936743393423,1936743819020
12,12,"Agent 1",1,18759,18759,2048,17,"pk_gemm(__half const*, __half const*, __half*, int, int, int)",128,8704,0,208,0,128,"SQ_INSTS_VALU",2468160.000000,1936743393423,1936743819020
12,12,"Agent 1",1,18759,18759,2048,17,"pk_gemm(__half const*, __half const*, __half*, int, int, int)",128,8704,0,208,0,128,"SQ_WAIT_ANY",28345796.000000,1936743393423,1936743819020
12,12,"Agent 1",1,18759,18759,2048,17,"pk_gemm(__half const*, __half const*, __half*, int, int, int)",128,8704,0,208,0,128,"SQ_WAVES",320.000000,1936743393423,1936743819020
13,13,"Agent 1",1,18759,18759,2048,17,"pk_gemm(__half const*, __half const*, __half*, int, int, int)",128,8704,0,208,0,128,"GRBM_GUI_ACTIVE",628331.000000,1936743890594,1936744266898
13,13,"Agent 1",1,18759,18759,2048,17,"pk_gemm(__half const*, __half const*, __half*, int, int, int)",128,8704,0,208,0,128,"SQ_BUSY_CYCLES",941192.000000,1936743890594,1936744266898
13,13,"Agent 1",1,18759,18759,2048,17,"pk_gemm(__half const*, __half const*, __half*, int, int, int)",128,8704,0,208,0,128,"SQ_INSTS_LDS",167104.000000,1936743890594,1936744266898
13,13,"Agent 1",1,18759,18759,2048,17,"pk_gemm(__half const*, __half const*, __half*, int, int, int)",128,8704,0,208,0,128,"SQ_INSTS_VALU",2440912.000000,1936743890594,1936744266898
13,13,"Agent 1",1,18759,18759,2048,17,"pk_gemm(__half const*, __half const*, __half*, int, int, int)",128,8704,0,208,0,128,"SQ_WAIT_ANY",25928994.000000,1936743890594,1936744266898
13,13,"Agent 1",1,18759,18759,2048,17,"pk_gemm(__half const*, __half const*, __half*, int, int, int)",128,8704,0,208,0,128,"SQ_WAVES",256.000000,1936743890594,1936744266898
14,14,"Agent 1",1,18759,18759,2048,17,"pk_gemm(__half const*, __half const*, __half*, int, int, int)",128,8704,0,208,0,128,"GRBM_GUI_ACTIVE",739396.000000,1936744344243,1936744789997
14,14,"Agent 1",1,18759,18759,2048,17,"pk_gemm(__half const*, __half const*, __half*, int, int, int)",128,8704,0,208,0,128,"SQ_BUSY_CYCLES",1086017.000000,1936744344243,1936744789997
14,14,"Agent 1",1,18759,18759,2048,17,"pk_gemm(__half const*, __half const*, __half*, int, int, int)",128,8704,0,208,0,128,"SQ_INSTS_LDS",168192.000000,1936744344243,1936744789997
14,14,"Agent 1",1,18759,18759,2048,17,"pk_gemm(__half const*, __half const*, __half*, int, int, int)",128,8704,0,208,0,128,"SQ_INSTS_VALU",2468160.000000,1936744344243,1936744789997
14,14,"Agent 1",1,18759,18759,2048,17,"pk_gemm(__half const*, __half const*, __half*, int, int, int)",128,8704,0,208,0,128,"SQ_WAIT_ANY",30328283.000000,1936744344243,1936744789997
14,14,"Agent 1",1,18759,18759,2048,17,"pk_gemm(__half const*, __half const*, __half*, int, int, int)",128,8704,0,208,0,128,"SQ_WAVES",320.000000,1936744344243,1936744789997
15,15,"Agent 1",1,18759,18759,2048,17,"pk_gemm(__half const*, __half const*, __half*, int, int, int)",128,8704,0,208,0,128,"GRBM_GUI_ACTIVE",407471.000000,1936744937112,1936745184976
15,15,"Agent 1",1,18759,18759,2048,17,"pk_gemm(__half const*, __half const*, __half*, int, int, int)",128,8704,0,208,0,128,"SQ_BUSY_CYCLES",677210.000000,1936744937112,1936745184976
15,15,"Agent 1",1,18759,18759,2048,17,"pk_gemm(__half const*, __half const*, __half*, int, int, int)",128,8704,0,208,0,128,"SQ_INSTS_LDS",164928.000000,1936744937112,1936745184976
15,15,"Agent 1",1,18759,18759,2048,17,"pk_gemm(__half const*, __half const*, __half*, int, int, int)",128,8704,0,208,0,128,"SQ_INSTS_VALU",2386416.000000,1936744937112,1936745184976
15,15,"Agent 1",1,18759,18759,2048,17,"pk_gemm(__half const*, __half const*, __half*, int, int, int)",128,8704,0,208,0,128,"SQ_WAIT_ANY",18211781.000000,1936744937112,1936745184976
15,15,"Agent 1",1,18759,18759,2048,17,"pk_gemm(__half const*, __half const*, __half*, int, int, int)",128,8704,0,208,0,128,"SQ_WAVES",128.000000,1936744937112,1936745184976
16,16,"Agent 1",1,18759,18759,2048,17,"pk_gemm(__half const*, __half const*, __half*, int, int, int)",128,8704,0,208,0,128,"GRBM_GUI_ACTIVE",520871.000000,1936745240600,1936745558395
16,16,"Agent 1",1,18759,18759,2048,17,"pk_gemm(__half const*, __half const*, __half*, int, int, int)",128,8704,0,208,0,128,"SQ_BUSY_CYCLES",826836.000000,1936745240600,1936745558395
16,16,"Agent 1",1,18759,18759,2048,17,"pk_gemm(__half const*, __half const*, __half*, int, int, int)",128,8704,0,208,0,128,"SQ_INSTS_LDS",166016.000000,1936745240600,1936745558395
16,16,"Agent 1",1,18759,18759,2048,17,"pk_gemm(__half const*, __half const*, __half*, int, int, int)",128,8704,0,208,0,128,"SQ_INSTS_VALU",2413664.000000,1936745240600,1936745558395
16,16,"Agent 1",1,18759,18759,2048,17,"pk_gemm(__half const*, __half const*, __half*, int, int, int)",128,8704,0,208,0,128,"SQ_WAIT_ANY",22662793.000000,1936745240600,1936745558395
16,16,"Agent 1",1,18759,18759,2048,17,"pk_gemm(__half const*, __half const*, __half*, int, int, int)",128,8704,0,208,0,128,"SQ_WAVES",192.000000,1936745240600,1936745558395
17,17,"Agent 1",1,18759,18759,2048,17,"pk_gemm(__half const*, __half const*, __half*, int, int, int)",128,8704,0,208,0,128,"GRBM_GUI_ACTIVE",441507.000000,1936745641471,1936745933497
17,17,"Agent 1",1,18759,18759,2048,17,"pk_gemm(__half const*, __half const*, __half*, int, int, int)",128,8704,0,208,0,128,"SQ_BUSY_CYCLES",748993.000000,1936745641471,1936745933497
17,17,"Agent 1",1,18759,18759,2048,17,"pk_gemm(__half const*, __half const*, __half*, int, int, int)",128,8704,0,208,0,128,"SQ_INSTS_LDS",165472.000000,1936745641471,1936745933497
17,17,"Agent 1",1,18759,18759,2048,17,"pk_gemm(__half const*, __half const*, __half*, int, int, int)",128,8704,0,208,0,128,"SQ_INSTS_VALU",2399224.000000,1936745641471,1936745933497
17,17,"Agent 1",1,18759,18759,2048,17,"pk_gemm(__half const*, __half const*, __half*, int, int, int)",128,8704,0,208,0,128,"SQ_WAIT_ANY",18763703.000000,1936745641471,1936745933497
17,17,"Agent 1",1,18759,18759,2048,17,"pk_gemm(__half const*, __half const*, __half*, int, int, int)",128,8704,0,208,0,128,"SQ_WAVES",158.000000,1936745641471,1936745933497
18,18,"Agent 1",1,18759,18759,2048,17,"pk_gemm(__half const*, __half const*, __half*, int, int, int)",128,8704,0,208,0,128,"GRBM_GUI_ACTIVE",377481.000000,1936746032362,1936746278784
18,18,"Agent 1",1,18759,18759,2048,17,"pk_gemm(__half const*, __half const*, __half*, int, int, int)",128,8704,0,208,0,128,"SQ_BUSY_CYCLES",675086.000000,1936746032362,1936746278784
18,18,"Agent 1",1,18759,18759,2048,17,"pk_gemm(__half const*, __half const*, __half*, int, int, int)",128,8704,0,208,0,128,"SQ_INSTS_LDS",164928.000000,1936746032362,1936746278784
18,18,"Agent 1",1,18759,18759,2048,17,"pk_gemm(__half const*, __half const*, __half*, int, int, int)",128,8704,0,208,0,128,"SQ_INSTS_VALU",2386416.000000,1936746032362,1936746278784
18,18,"Agent 1",1,18759,18759,2048,17,"pk_gemm(__half const*, __half const*, __half*, int, int, int)",128,8704,0,208,0,128,"SQ_WAIT_ANY",18128850.000000,1936746032362,1936746278784
18,18,"Agent 1",1,18759,18759,2048,17,"pk_gemm(__half const*, __half const*, __half*, int, int, int)",128,8704,0,208,0,128,"SQ_WAVES",128.000000,1936746032362,1936746278784
19,19,"Agent 1",1,18759,18759,2048,17,"pk_gemm(__half const*, __half const*, __half*, int, int, int)",128,8704,0,208,0,128,"GRBM_GUI_ACTIVE",252873.000000,1936746311886,1936746475872
19,19,"Agent 1",1,18759,18759,2048,17,"pk_gemm(__half const*, __half const*, __half*, int, int, int)",128,8704,0,208,0,128,"SQ_BUSY_CYCLES",491391.000000,1936746311886,1936746475872
19,19,"Agent 1",1,18759,18759,2048,17,"pk_gemm(__half const*, __half const*, __half*, int, int, int)",128,8704,0,208,0,128,"SQ_INSTS_LDS",163840.000000,1936746311886,1936746475872
19,19,"Agent 1",1,18759,18759,2048,17,"pk_gemm(__half const*, __half const*, __half*, int, int, int)",128,8704,0,208,0,128,"SQ_INSTS_VALU",2359168.000000,1936746311886,1936746475872
19,19,"Agent 1",1,18759,18759,2048,17,"pk_gemm(__half const*, __half const*, __half*, int, int, int)",128,8704,0,208,0,128,"SQ_WAIT_ANY",12345413.000000,1936746311886,1936746475872
19,19,"Agent 1",1,18759,18759,2048,17,"pk_gemm(__half const*, __half const*, __half*, int, int, int)",128,8704,0,208,0,128,"SQ_WAVES",64.000000,1936746311886,1936746475872
20,20,"Agent 1",1,18759,18759,2048,17,"pk_gemm(__half const*, __half const*, __half*, int, int, int)",128,8704,0,208,0,128,"GRBM_GUI_ACTIVE",250737.000000,1936746506650,1936746668874
20,20,"Agent 1",1,18759,18759,2048,17,"pk_gemm(__half const*, __half const*, __half*, int, int, int)",128,8704,0,208,0,128,"SQ_BUSY_CYCLES",486182.000000,1936746506650,1936746668874
20,20,"Agent 1",1,18759,18759,2048,17,"pk_gemm(__half const*, __half const*, __half*, int, int, int)",128,8704,0,208,0,128,"SQ_INSTS_LDS",163840.000000,1936746506650,1936746668874
20,20,"Agent 1",1,18759,18759,2048,17,"pk_gemm(__half const*, __half const*, __half*, int, int, int)",128,8704,0,208,0,128,"SQ_INSTS_VALU",2359168.000000,1936746506650,1936746668874
20,20,"Agent 1",1,18759,18759,2048,17,"pk_gemm(__half const*, __half const*, __half*, int, int, int)",128,8704,0,208,0,128,"SQ_WAIT_ANY",12426988.000000,1936746506650,1936746668874
20,20,"Agent 1",1,18759,18759,2048,17,"pk_gemm(__half const*, __half const*, __half*, int, int, int)",128,8704,0,208,0,128,"SQ_WAVES",64.000000,1936746506650,1936746668874
21,21,"Agent 1",1,18759,18759,2048,17,"pk_gemm(__half const*, __half const*, __half*, int, int, int)",128,8704,0,208,0,128,"GRBM_GUI_ACTIVE",248985.000000,1936746700573,1936746861915
21,21,"Agent 1",1,18759,18759,2048,17,"pk_gemm(__half const*, __half const*, __half*, int, int, int)",128,8704,0,208,0,128,"SQ_BUSY_CYCLES",482890.000000,1936746700573,1936746861915
21,21,"Agent 1",1,18759,18759,2048,17,"pk_gemm(__half const*, __half const*, __half*, int, int, int)",128,8704,0,208,0,128,"SQ_INSTS_LDS",163840.000000,1936746700573,1936746861915
21,21,"Agent 1",1,18759,18759,2048,17,"pk_gemm(__half const*, __half const*, __half*, int, int, int)",128,8704,0,208,0,128,"SQ_INSTS_VALU",2359168.000000,1936746700573,1936746861915
21,21,"Agent 1",1,18759,18759,2048,17,"pk_gemm(__half const*, __half const*, __half*, int, int, int)",128,8704,0,208,0,128,"SQ_WAIT_ANY",12308736.000000,1936746700573,1936746861915
21,21,"Agent 1",1,18759,18759,2048,17,"pk_gemm(__half const*, __half const*, __half*, int, int, int)",128,8704,0,208,0,128,"SQ_WAVES",64.000000,1936746700573,1936746861915
22,22,"Agent 1",1,18759,18759,2048,17,"pk_gemm(__half const*, __half const*, __half*, int, int, int)",128,8704,0,208,0,128,"GRBM_GUI_ACTIVE",249959.000000,1936746893735,1936747055597
22,22,"Agent 1",1,18759,18759,2048,17,"pk_gemm(__half const*, __half const*, __half*, int, int, int)",128,8704,0,208,0,128,"SQ_BUSY_CYCLES",484704.000000,1936746893735,1936747055597
22,22,"Agent 1",1,18759,18759,2048,17,"pk_gemm(__half const*, __half const*, __half*, int, int, int)",128,8704,0,208,0,128,"SQ_INSTS_LDS",163840.000000,1936746893735,1936747055597
22,22,"Agent 1",1,18759,18759,2048,17,"pk_gemm(__half const*, __half const*, __half*, int, int, int)",128,8704,0,208,0,128,"SQ_INSTS_VALU",2359168.000000,1936746893735,1936747055597
22,22,"Agent 1",1,18759,18759,2048,17,"pk_gemm(__half const*, __half const*, __half*, int, int, int)",128,8704,0,208,0,128,"SQ_WAIT_ANY",12375684.000000,1936746893735,1936747055597
22,22,"Agent 1",1,18759,18759,2048,17,"pk_gemm(__half const*, __half const*, __half*, int, int, int)",128,8704,0,208,0,128,"SQ_WAVES",64.000000,1936746893735,1936747055597
23,23,"Agent 1",1,18759,18759,2048,17,"pk_gemm(__half const*, __half const*, __half*, int, int, int)",128,8704,0,208,0,128,"GRBM_GUI_ACTIVE",249079.000000,1936747085373,1936747246835
23,23,"Agent 1",1,18759,18759,2048,17,"pk_gemm(__half const*, __half const*, __half*, int, int, int)",128,8704,0,208,0,128,"SQ_BUSY_CYCLES",483583.000000,1936747085373,1936747246835
23,23,"Agent 1",1,18759,18759,2048,17,"pk_gemm(__half const*, __half const*, __half*, int, int, int)",128,8704,0,208,0,128,"SQ_INSTS_LDS",163840.000000,1936747085373,1936747246835
23,23,"Agent 1",1,18759,18759,2048,17,"pk_gemm(__half const*, __half const*, __half*, int, int, int)",128,8704,0,208,0,128,"SQ_INSTS_VALU",2359168.000000,1936747085373,1936747246835
23,23,"Agent 1",1,18759,18759,2048,17,"pk_gemm(__half const*, __half const*, __half*, int, int, int)",128,8704,0,208,0,128,"SQ_WAIT_ANY",12301837.000000,1936747085373,1936747246835
23,23,"Agent 1",1,18759,18759,2048,17,"pk_gemm(__half const*, __half const*, __half*, int, int, int)",128,8704,0,208,0,128,"SQ_WAVES",64.000000,1936747085373,1936747246835
24,24,"Agent 1",1,18759,18759,2048,17,"pk_gemm(__half const*, __half const*, __half*, int, int, int)",128,8704,0,208,0,128,"GRBM_GUI_ACTIVE",249543.000000,1936747279497,1936747441039
24,24,"Agent 1",1,18759,18759,2048,17,"pk_gemm(__half const*, __half const*, __half*, int, int, int)",128,8704,0,208,0,128,"SQ_BUSY_CYCLES",483745.000000,1936747279497,1936747441039
24,24,"Agent 1",1,18759,18759,2048,17,"pk_gemm(__half const*, __half const*, __half*, int, int, int)",128,8704,0,208,0,128,"SQ_INSTS_LDS",163840.000000,1936747279497,1936747441039
24,24,"Agent 1",1,18759,18759,2048,17,"pk_gemm(__half const*, __half const*, __half*, int, int, int)",128,8704,0,208,0,128,"SQ_INSTS_VALU",2359168.000000,1936747279497,1936747441039
24,24,"Agent 1",1,18759,18759,2048,17,"pk_gemm(__half const*, __half const*, __half*, int, int, int)",128,8704,0,208,0,128,"SQ_WAIT_ANY",12326139.000000,1936747279497,1936747441039
24,24,"Agent 1",1,18759,18759,2048,17,"pk_gemm(__half const*, __half const*, __half*, int, int, int)",128,8704,0,208,0,128,"SQ_WAVES",64.000000,1936747279497,1936747441039
25,25,"Agent 1",1,18759,18759,2048,17,"pk_gemm(__half const*, __half const*, __half*, int, int, int)",128,8704,0,208,0,128,"GRBM_GUI_ACTIVE",249821.000000,1936747471215,1936747633038
25,25,"Agent 1",1,18759,18759,2048,17,"pk_gemm(__half const*, __half const*, __half*, int, int, int)",128,8704,0,208,0,128,"SQ_BUSY_CYCLES",484095.000000,1936747471215,1936747633038
25,25,"Agent 1",1,18759,18759,2048,17,"pk_gemm(__half const*, __half const*, __half*, int, int, int)",128,8704,0,208,0,128,"SQ_INSTS_LDS",163840.000000,1936747471215,1936747633038
25,25,"Agent 1",1,18759,18759,2048,17,"pk_gemm(__half const*, __half const*, __half*, int, int, int)",128,8704,0,208,0,128,"SQ_INSTS_VALU",2359168.000000,1936747471215,1936747633038
25,25,"Agent 1",1,18759,18759,2048,17,"pk_gemm(__half const*, __half const*, __half*, int, int, int)",128,8704,0,208,0,128,"SQ_WAIT_ANY",12353932.000000,1936747471215,1936747633038
25,25,"Agent 1",1,18759,18759,2048,17,"pk_gemm(__half const*, __half const*, __half*, int, int, int)",128,8704,0,208,0,128,"SQ_WAVES",64.000000,1936747471215,1936747633038
26,26,"Agent 1",1,18759,18759,2048,17,"pk_gemm(__half const*, __half const*, __half*, int, int, int)",128,8704,0,208,0,128,"GRBM_GUI_ACTIVE",249122.000000,1936747664457,1936747825879
26,26,"Agent 1",1,18759,18759,2048,17,"pk_gemm(__half const*, __half const*, __half*, int, int, int)",128,8704,0,208,0,128,"SQ_BUSY_CYCLES",483362.000000,1936747664457,1936747825879
26,26,"Agent 1",1,18759,18759,2048,17,"pk_gemm(__half const*, __half const*, __half*, int, int, int)",128,8704,0,208,0,128,"SQ_INSTS_LDS",163840.000000,1936747664457,1936747825879
26,26,"Agent 1",1,18759,18759,2048,17,"pk_gemm(__half const*, __half const*, __half*, int, int, int)",128,8704,0,208,0,128,"SQ_INSTS_VALU",2359168.000000,1936747664457,1936747825879
26,26,"Agent 1",1,18759,18759,2048,17,"pk_gemm(__half const*, __half const*, __half*, int, int, int)",128,8704,0,208,0,128,"SQ_WAIT_ANY",12340000.000000,1936747664457,1936747825879
26,26,"Agent 1",1,18759,18759,2048,17,"pk_gemm(__half const*, __half const*, __half*, int, int, int)",128,8704,0,208,0,128,"SQ_WAVES",64.000000,1936747664457,1936747825879
27,27,"Agent 1",1,18759,18759,2048,17,"pk_gemm(__half const*, __half const*, __half*, int, int, int)",128,8704,0,208,0,128,"GRBM_GUI_ACTIVE",248339.000000,1936747856136,1936748017157
27,27,"Agent 1",1,18759,18759,2048,17,"pk_gemm(__half const*, __half const*, __half*, int, int, int)",128,8704,0,208,0,128,"SQ_BUSY_CYCLES",481703.000000,1936747856136,1936748017157
27,27,"Agent 1",1,18759,18759,2048,17,"pk_gemm(__half const*, __half const*, __half*, int, int, int)",128,8704,0,208,0,128,"SQ_INSTS_LDS",163840.000000,1936747856136,1936748017157
27,27,"Agent 1",1,18759,18759,2048,17,"pk_gemm(__half const*, __half const*, __half*, int, int, int)",128,8704,0,208,0,128,"SQ_INSTS_VALU",2359168.000000,1936747856136,1936748017157
27,27,"Agent 1",1,18759,18759,2048,17,"pk_gemm(__half const*, __half const*, __half*, int, int, int)",128,8704,0,208,0,128,"SQ_WAIT_ANY",12314305.000000,1936747856136,1936748017157
27,27,"Agent 1",1,18759,18759,2048,17,"pk_gemm(__half const*, __half const*, __half*, int, int, int)",128,8704,0,208,0,128,"SQ_WAVES",64.000000,1936747856136,1936748017157
28,28,"Agent 1",1,18759,18759,2048,17,"pk_gemm(__half const*, __half const*, __half*, int, int, int)",128,8704,0,208,0,128,"GRBM_GUI_ACTIVE",249113.000000,1936748047173,1936748208676
28,28,"Agent 1",1,18759,18759,2048,17,"pk_gemm(__half const*, __half const*, __half*, int, int, int)",128,8704,0,208,0,128,"SQ_BUSY_CYCLES",483296.000000,1936748047173,1936748208676
28,28,"Agent 1",1,18759,18759,2048,17,"pk_gemm(__half const*, __half const*, __half*, int, int, int)",128,8704,0,208,0,128,"SQ_INSTS_LDS",163840.000000,1936748047173,1936748208676
28,28,"Agent 1",1,18759,18759,2048,17,"pk_gemm(__half const*, __half const*, __half*, int, int, int)",128,8704,0,208,0,128,"SQ_INSTS_VALU",2359168.000000,1936748047173,1936748208676
28,28,"Agent 1",1,18759,18759,2048,17,"pk_gemm(__half const*, __half const*, __half*, int, int, int)",128,8704,0,208,0,128,"SQ_WAIT_ANY",12299875.000000,1936748047173,1936748208676
28,28,"Agent 1",1,18759,18759,2048,17,"pk_gemm(__half const*, __half const*, __half*, int, int, int)",128,8704,0,208,0,128,"SQ_WAVES",64.000000,1936748047173,1936748208676
29,29,"Agent 1",1,18759,18759,2048,17,"pk_gemm(__half const*, __half const*, __half*, int, int, int)",128,8704,0,208,0,128,"GRBM_GUI_ACTIVE",250932.000000,1936748239012,1936748401757
29,29,"Agent 1",1,18759,18759,2048,17,"pk_gemm(__half const*, __half const*, __half*, int, int, int)",128,8704,0,208,0,128,"SQ_BUSY_CYCLES",486694.000000,1936748239012,1936748401757
29,29,"Agent 1",1,18759,18759,2048,17,"pk_gemm(__half const*, __half const*, __half*, int, int, int)",128,8704,0,208,0,128,"SQ_INSTS_LDS",163840.000000,1936748239012,1936748401757
29,29,"Agent 1",1,18759,18759,2048,17,"pk_gemm(__half const*, __half const*, __half*, int, int, int)",128,8704,0,208,0,128,"SQ_INSTS_VALU",2359168.000000,1936748239012,1936748401757
29,29,"Agent 1",1,18759,18759,2048,17,"pk_gemm(__half const*, __half const*, __half*, int, int, int)",128,8704,0,208,0,128,"SQ_WAIT_ANY",12404212.000000,1936748239012,1936748401757
29,29,"Agent 1",1,18759,18759,2048,17,"pk_gemm(__half const*, __half const*, __half*, int, int, int)",128,8704,0,208,0,128,"SQ_WAVES",64.000000,1936748239012,1936748401757
30,30,"Agent 1",1,18759,18759,2048,17,"pk_gemm(__half const*, __half const*, __half*, int, int, int)",128,8704,0,208,0,128,"GRBM_GUI_ACTIVE",249836.000000,1936748431693,1936748593716
30,30,"Agent 1",1,18759,18759,2048,17,"pk_gemm(__half const*, __half const*, __half*, int, int, int)",128,8704,0,208,0,128,"SQ_BUSY_CYCLES",485076.000000,1936748431693,1936748593716
30,30,"Agent 1",1,18759,18759,2048,17,"pk_gemm(__half const*, __half const*, __half*, int, int, int)",128,8704,0,208,0,128,"SQ_INSTS_LDS",163840.000000,1936748431693,1936748593716
30,30,"Agent 1",1,18759,18759,2048,17,"pk_gemm(__half const*, __half const*, __half*, int, int, int)",128,8704,0,208,0,128,"SQ_INSTS_VALU",2359168.000000,1936748431693,1936748593716
30,30,"Agent 1",1,18759,18759,2048,17,"pk_gemm(__half const*, __half const*, __half*, int, int, int)",128,8704,0,208,0,128,"SQ_WAIT_ANY",12387332.000000,1936748431693,1936748593716
30,30,"Agent 1",1,18759,18759,2048,17,"pk_gemm(__half const*, __half const*, __half*, int, int, int)",128,8704,0,208,0,128,"SQ_WAVES",64.000000,1936748431693,1936748593716
31,31,"Agent 1",1,18759,18759,2048,17,"pk_gemm(__half const*, __half const*, __half*, int, int, int)",128,8704,0,208,0,128,"GRBM_GUI_ACTIVE",250089.000000,1936748624654,1936748786718
31,31,"Agent 1",1,18759,18759,2048,17,"pk_gemm(__half const*, __half const*, __half*, int, int, int)",128,8704,0,208,0,128,"SQ_BUSY_CYCLES",485015.000000,1936748624654,1936748786718
31,31,"Agent 1",1,18759,18759,2048,17,"pk_gemm(__half const*, __half const*, __half*, int, int, int)",128,8704,0,208,0,128,"SQ_INSTS_LDS",163840.000000,1936748624654,1936748786718
31,31,"Agent 1",1,18759,18759,2048,17,"pk_gemm(__half const*, __half const*, __half*, int, int, int)",128,8704,0,208,0,128,"SQ_INSTS_VALU",2359168.000000,1936748624654,1936748786718
31,31,"Agent 1",1,18759,18759,2048,17,"pk_gemm(__half const*, __half const*, __half*, int, int, int)",128,8704,0,208,0,128,"SQ_WAIT_ANY",12359256.000000,1936748624654,1936748786718
31,31,"Agent 1",1,18759,18759,2048,17,"pk_gemm(__half const*, __half const*, __half*, int, int, int)",128,8704,0,208,0,128,"SQ_WAVES",64.000000,1936748624654,1936748786718
32,32,"Agent 1",1,18759,18759,2048,17,"pk_gemm(__half const*, __half const*, __half*, int, int, int)",128,8704,0,208,0,128,"GRBM_GUI_ACTIVE",249898.000000,1936748815451,1936748977435
32,32,"Agent 1",1,18759,18759,2048,17,"pk_gemm(__half const*, __half const*, __half*, int, int, int)",128,8704,0,208,0,128,"SQ_BUSY_CYCLES",484576.000000,1936748815451,1936748977435
32,32,"Agent 1",1,18759,18759,2048,17,"pk_gemm(__half const*, __half const*, __half*, int, int, int)",128,8704,0,208,0,128,"SQ_INSTS_LDS",163840.000000,1936748815451,1936748977435
32,32,"Agent 1",1,18759,18759,2048,17,"pk_gemm(__half const*, __half const*, __half*, int, int, int)",128,8704,0,208,0,128,"SQ_INSTS_VALU",2359168.000000,1936748815451,1936748977435
32,32,"Agent 1",1,18759,18759,2048,17,"pk_gemm(__half const*, __half const*, __half*, int, int, int)",128,8704,0,208,0,128,"SQ_WAIT_ANY",12369293.000000,1936748815451,1936748977435
32,32,"Agent 1",1,18759,18759,2048,17,"pk_gemm(__half const*, __half const*, __half*, int, int, int)",128,8704,0,208,0,128,"SQ_WAVES",64.000000,1936748815451,1936748977435
33,33,"Agent 1",1,18759,18759,2048,17,"pk_gemm(__half const*, __half const*, __half*, int, int, int)",128,8704,0,208,0,128,"GRBM_GUI_ACTIVE",249702.000000,1936749007130,1936749169153
33,33,"Agent 1",1,18759,18759,2048,17,"pk_gemm(__half const*, __half const*, __half*, int, int, int)",128,8704,0,208,0,128,"SQ_BUSY_CYCLES",484177.000000,1936749007130,1936749169153
33,33,"Agent 1",1,18759,18759,2048,17,"pk_gemm(__half const*, __half const*, __half*, int, int, int)",128,8704,0,208,0,128,"SQ_INSTS_LDS",163840.000000,1936749007130,1936749169153
33,33,"Agent 1",1,18759,18759,2048,17,"pk_gemm(__half const*, __half const*, __half*, int, int, int)",128,8704,0,208,0,128,"SQ_INSTS_VALU",2359168.000000,1936749007130,1936749169153
33,33,"Agent 1",1,18759,18759,2048,17,"pk_gemm(__half const*, __half const*, __half*, int, int, int)",128,8704,0,208,0,128,"SQ_WAIT_ANY",12345438.000000,1936749007130,1936749169153
33,33,"Agent 1",1,18759,18759,2048,17,"pk_gemm(__half const*, __half const*, __half*, int, int, int)",128,8704,0,208,0,128,"SQ_WAVES",64.000000,1936749007130,1936749169153
34,34,"Agent 1",1,18759,18759,2048,17,"pk_gemm(__half const*, __half const*, __half*, int, int, int)",128,8704,0,208,0,128,"GRBM_GUI_ACTIVE",250706.000000,1936749198889,1936749361473
34,34,"Agent 1",1,18759,18759,2048,17,"pk_gemm(__half const*, __half const*, __half*, int, int, int)",128,8704,0,208,0,128,"SQ_BUSY_CYCLES",486576.000000,1936749198889,1936749361473
34,34,"Agent 1",1,18759,18759,2048,17,"pk_gemm(__half const*, __half const*, __half*, int, int, int)",128,8704,0,208,0,128,"SQ_INSTS_LDS",163840.000000,1936749198889,1936749361473
34,34,"Agent 1",1,18759,18759,2048,17,"pk_gemm(__half const*, __half const*, __half*, int, int, int)",128,8704,0,208,0,128,"SQ_INSTS_VALU",2359168.000000,1936749198889,1936749361473
34,34,"Agent 1",1,18759,18759,2048,17,"pk_gemm(__half const*, __half const*, __half*, int, int, int)",128,8704,0,208,0,128,"SQ_WAIT_ANY",12404244.000000,1936749198889,1936749361473
34,34,"Agent 1",1,18759,18759,2048,17,"pk_gemm(__half const*, __half const*, __half*, int, int, int)",128,8704,0,208,0,128,"SQ_WAVES",64.000000,1936749198889,1936749361473
35,35,"Agent 1",1,18759,18759,2048,17,"pk_gemm(__half const*, __half const*, __half*, int, int, int)",128,8704,0,208,0,128,"GRBM_GUI_ACTIVE",250062.000000,1936749391249,1936749553433
35,35,"Agent 1",1,18759,18759,2048,17,"pk_gemm(__half const*, __half const*, __half*, int, int, int)",128,8704,0,208,0,128,"SQ_BUSY_CYCLES",485486.000000,1936749391249,1936749553433
35,35,"Agent 1",1,18759,18759,2048,17,"pk_gemm(__half const*, __half const*, __half*, int, int, int)",128,8704,0,208,0,128,"SQ_INSTS_LDS",163840.000000,1936749391249,1936749553433
35,35,"Agent 1",1,18759,18759,2048,17,"pk_gemm(__half const*, __half const*, __half*, int, int, int)",128,8704,0,208,0,128,"SQ_INSTS_VALU",2359168.000000,1936749391249,1936749553433
35,35,"Agent 1",1,18759,18759,2048,17,"pk_gemm(__half const*, __half const*, __half*, int, int, int)",128,8704,0,208,0,128,"SQ_WAIT_ANY",12399440.000000,1936749391249,1936749553433
35,35,"Agent 1",1,18759,18759,2048,17,"pk_gemm(__half const*, __half const*, __half*, int, int, int)",128,8704,0,208,0,128,"SQ_WAVES",64.000000,1936749391249,1936749553433
36,36,"Agent 1",1,18759,18759,2048,17,"pk_gemm(__half const*, __half const*, __half*, int, int, int)",128,8704,0,208,0,128,"GRBM_GUI_ACTIVE",249669.000000,1936749582207,1936749744029
36,36,"Agent 1",1,18759,18759,2048,17,"pk_gemm(__half const*, __half const*, __half*, int, int, int)",128,8704,0,208,0,128,"SQ_BUSY_CYCLES",484214.000000,1936749582207,1936749744029
36,36,"Agent 1",1,18759,18759,2048,17,"pk_gemm(__half const*, __half const*, __half*, int, int, int)",128,8704,0,208,0,128,"SQ_INSTS_LDS",163840.000000,1936749582207,1936749744029
36,36,"Agent 1",1,18759,18759,2048,17,"pk_gemm(__half const*, __half const*, __half*, int, int, int)",128,8704,0,208,0,128,"SQ_INSTS_VALU",2359168.000000,1936749582207,1936749744029
36,36,"Agent 1",1,18759,18759,2048,17,"pk_gemm(__half const*, __half const*, __half*, int, int, int)",128,8704,0,208,0,128,"SQ_WAIT_ANY",12352150.000000,1936749582207,1936749744029
36,36,"Agent 1",1,18759,18759,2048,17,"pk_gemm(__half const*, __half const*, __half*, int, int, int)",128,8704,0,208,0,128,"SQ_WAVES",64.000000,1936749582207,1936749744029
37,37,"Agent 1",1,18759,18759,2048,17,"pk_gemm(__half const*, __half const*, __half*, int, int, int)",128,8704,0,208,0,128,"GRBM_GUI_ACTIVE",249481.000000,1936749772483,1936749934386
37,37,"Agent 1",1,18759,18759,2048,17,"pk_gemm(__half const*, __half const*, __half*, int, int, int)",128,8704,0,208,0,128,"SQ_BUSY_CYCLES",483656.000000,1936749772483,1936749934386
37,37,"Agent 1",1,18759,18759,2048,17,"pk_gemm(__half const*, __half const*, __half*, int, int, int)",128,8704,0,208,0,128,"SQ_INSTS_LDS",163840.000000,1936749772483,1936749934386
37,37,"Agent 1",1,18759,18759,2048,17,"pk_gemm(__half const*, __half const*, __half*, int, int, int)",128,8704,0,208,0,128,"SQ_INSTS_VALU",2359168.000000,1936749772483,1936749934386
37,37,"Agent 1",1,18759,18759,2048,17,"pk_gemm(__half const*, __half const*, __half*, int, int, int)",128,8704,0,208,0,128,"SQ_WAIT_ANY",12368702.000000,1936749772483,1936749934386
37,37,"Agent 1",1,18759,18759,2048,17,"pk_gemm(__half const*, __half const*, __half*, int, int, int)",128,8704,0,208,0,128,"SQ_WAVES",64.000000,1936749772483,1936749934386
38,38,"Agent 1",1,18759,18759,2048,17,"pk_gemm(__half const*, __half const*, __half*, int, int, int)",128,8704,0,208,0,128,"GRBM_GUI_ACTIVE",248718.000000,1936749963079,1936750124461
38,38,"Agent 1",1,18759,18759,2048,17,"pk_gemm(__half const*, __half const*, __half*, int, int, int)",128,8704,0,208,0,128,"SQ_BUSY_CYCLES",482757.000000,1936749963079,1936750124461
38,38,"Agent 1",1,18759,18759,2048,17,"pk_gemm(__half const*, __half const*, __half*, int, int, int)",128,8704,0,208,0,128,"SQ_INSTS_LDS",163840.000000,1936749963079,1936750124461
38,38,"Agent 1",1,18759,18759,2048,17,"pk_gemm(__half const*, __half const*, __half*, int, int, int)",128,8704,0,208,0,128,"SQ_INSTS_VALU",2359168.000000,1936749963079,1936750124461
38,38,"Agent 1",1,18759,18759,2048,17,"pk_gemm(__half const*, __half const*, __half*, int, int, int)",128,8704,0,208,0,128,"SQ_WAIT_ANY",12286448.000000,1936749963079,1936750124461
38,38,"Agent 1",1,18759,18759,2048,17,"pk_gemm(__half const*, __half const*, __half*, int, int, int)",128,8704,0,208,0,128,"SQ_WAVES",64.000000,1936749963079,1936750124461
39,39,"Agent 1",1,18759,18759,2048,17,"pk_gemm(__half const*, __half const*, __half*, int, int, int)",128,8704,0,208,0,128,"GRBM_GUI_ACTIVE",249606.000000,1936750152835,1936750314778
39,39,"Agent 1",1,18759,18759,2048,17,"pk_gemm(__half const*, __half const*, __half*, int, int, int)",128,8704,0,208,0,128,"SQ_BUSY_CYCLES",484572.000000,1936750152835,1936750314778
39,39,"Agent 1",1,18759,18759,2048,17,"pk_gemm(__half const*, __half const*, __half*, int, int, int)",128,8704,0,208,0,128,"SQ_INSTS_LDS",163840.000000,1936750152835,1936750314778
39,39,"Agent 1",1,18759,18759,2048,17,"pk_gemm(__half const*, __half const*, __half*, int, int, int)",128,8704,0,208,0,128,"SQ_INSTS_VALU",2359168.000000,1936750152835,1936750314778
39,39,"Agent 1",1,18759,18759,2048,17,"pk_gemm(__half const*, __half const*, __half*, int, int, int)",128,8704,0,208,0,128,"SQ_WAIT_ANY",12326957.000000,1936750152835,1936750314778
39,39,"Agent 1",1,18759,18759,2048,17,"pk_gemm(__half const*, __half const*, __half*, int, int, int)",128,8704,0,208,0,128,"SQ_WAVES",64.000000,1936750152835,1936750314778
40,40,"Agent 1",1,18759,18759,2048,17,"pk_gemm(__half const*, __half const*, __half*, int, int, int)",128,8704,0,208,0,128,"GRBM_GUI_ACTIVE",249681.000000,1936750373688,1936750535551
40,40,"Agent 1",1,18759,18759,2048,17,"pk_gemm(__half const*, __half const*, __half*, int, int, int)",128,8704,0,208,0,128,"SQ_BUSY_CYCLES",484291.000000,1936750373688,1936750535551
40,40,"Agent 1",1,18759,18759,2048,17,"pk_gemm(__half const*, __half const*, __half*, int, int, int)",128,8704,0,208,0,128,"SQ_INSTS_LDS",163840.000000,1936750373688,1936750535551
40,40,"Agent 1",1,18759,18759,2048,17,"pk_gemm(__half const*, __half const*, __half*, int, int, int)",128,8704,0,208,0,128,"SQ_INSTS_VALU",2359168.000000,1936750373688,1936750535551
40,40,"Agent 1",1,18759,18759,2048,17,"pk_gemm(__half const*, __half const*, __half*, int, int, int)",128,8704,0,208,0,128,"SQ_WAIT_ANY",12377005.000000,1936750373688,1936750535551
40,40,"Agent 1",1,18759,18759,2048,17,"pk_gemm(__half const*, __half const*, __half*, int, int, int)",128,8704,0,208,0,128,"SQ_WAVES",64.000000,1936750373688,1936750535551
41,41,"Agent 1",1,18759,18759,2048,17,"pk_gemm(__half const*, __half const*, __half*, int, int, int)",128,8704,0,208,0,128,"GRBM_GUI_ACTIVE",250007.000000,1936750564966,1936750727109
41,41,"Agent 1",1,18759,18759,2048,17,"pk_gemm(__half const*, __half const*, __half*, int, int, int)",128,8704,0,208,0,128,"SQ_BUSY_CYCLES",485394.000000,1936750564966,1936750727109
41,41,"Agent 1",1,18759,18759,2048,17,"pk_gemm(__half const*, __half const*, __half*, int, int, int)",128,8704,0,208,0,128,"SQ_INSTS_LDS",163840.000000,1936750564966,1936750727109
41,41,"Agent 1",1,18759,18759,2048,17,"pk_gemm(__half const*, __half const*, __half*, int, int, int)",128,8704,0,208,0,128,"SQ_INSTS_VALU",2359168.000000,1936750564966,1936750727109
41,41,"Agent 1",1,18759,18759,2048,17,"pk_gemm(__half const*, __half const*, __half*, int, int, int)",128,8704,0,208,0,128,"SQ_WAIT_ANY",12397029.000000,1936750564966,1936750727109
41,41,"Agent 1",1,18759,18759,2048,17,"pk_gemm(__half const*, __half const*, __half*, int, int, int)",128,8704,0,208,0,128,"SQ_WAVES",64.000000,1936750564966,1936750727109
42,42,"Agent 1",1,18759,18759,2048,17,"pk_gemm(__half const*, __half const*, __half*, int, int, int)",128,8704,0,208,0,128,"GRBM_GUI_ACTIVE",249870.000000,1936750759610,1936750921553
42,42,"Agent 1",1,18759,18759,2048,17,"pk_gemm(__half const*, __half const*, __half*, int, int, int)",128,8704,0,208,0,128,"SQ_BUSY_CYCLES",484152.000000,1936750759610,1936750921553
42,42,"Agent 1",1,18759,18759,2048,17,"pk_gemm(__half const*, __half const*, __half*, int, int, int)",128,8704,0,208,0,128,"SQ_INSTS_LDS",163840.000000,1936750759610,1936750921553
42,42,"Agent 1",1,18759,18759,2048,17,"pk_gemm(__half const*, __half const*, __half*, int, int, int)",128,8704,0,208,0,128,"SQ_INSTS_VALU",2359168.000000,1936750759610,1936750921553
42,42,"Agent 1",1,18759,18759,2048,17,"pk_gemm(__half const*, __half const*, __half*, int, int, int)",128,8704,0,208,0,128,"SQ_WAIT_ANY",12356666.000000,1936750759610,1936750921553
42,42,"Agent 1",1,18759,18759,2048,17,"pk_gemm(__half const*, __half const*, __half*, int, int, int)",128,8704,0,208,0,128,"SQ_WAVES",64.000000,1936750759610,1936750921553
43,43,"Agent 1",1,18759,18759,2048,17,"pk_gemm(__half const*, __half const*, __half*, int, int, int)",128,8704,0,208,0,128,"GRBM_GUI_ACTIVE",383863.000000,1936750953413,1936751189495
43,43,"Agent 1",1,18759,18759,2048,17,"pk_gemm(__half const*, __half const*, __half*, int, int, int)",128,8704,0,208,0,128,"SQ_BUSY_CYCLES",637205.000000,1936750953413,1936751189495
43,43,"Agent 1",1,18759,18759,2048,17,"pk_gemm(__half const*, __half const*, __half*, int, int, int)",128,8704,0,208,0,128,"SQ_INSTS_LDS",164928.000000,1936750953413,1936751189495
43,43,"Agent 1",1,18759,18759,2048,17,"pk_gemm(__half const*, __half const*, __half*, int, int, int)",128,8704,0,208,0,128,"SQ_INSTS_VALU",2386416.000000,1936750953413,1936751189495
43,43,"Agent 1",1,18759,18759,2048,17,"pk_gemm(__half const*, __half const*, __half*, int, int, int)",128,8704,0,208,0,128,"SQ_WAIT_ANY",16930691.000000,1936750953413,1936751189495
43,43,"Agent 1",1,18759,18759,2048,17,"pk_gemm(__half const*, __half const*, __half*, int, int, int)",128,8704,0,208,0,128,"SQ_WAVES",128.000000,1936750953413,1936751189495
44,44,"Agent 1",1,18759,18759,2048,17,"pk_gemm(__half const*, __half const*, __half*, int, int, int)",128,8704,0,208,0,128,"GRBM_GUI_ACTIVE",421694.000000,1936751242755,1936751485890
44,44,"Agent 1",1,18759,18759,2048,17,"pk_gemm(__half const*, __half const*, __half*, int, int, int)",128,8704,0,208,0,128,"SQ_BUSY_CYCLES",660016.000000,1936751242755,1936751485890
44,44,"Agent 1",1,18759,18759,2048,17,"pk_gemm(__half const*, __half const*, __half*, int, int, int)",128,8704,0,208,0,128,"SQ_INSTS_LDS",164928.000000,1936751242755,1936751485890
44,44,"Agent 1",1,18759,18759,2048,17,"pk_gemm(__half const*, __half const*, __half*, int, int, int)",128,8704,0,208,0,128,"SQ_INSTS_VALU",2386416.000000,1936751242755,1936751485890
44,44,"Agent 1",1,18759,18759,2048,17,"pk_gemm(__half const*, __half const*, __half*, int, int, int)",128,8704,0,208,0,128,"SQ_WAIT_ANY",17534482.000000,1936751242755,1936751485890
44,44,"Agent 1",1,18759,18759,2048,17,"pk_gemm(__half const*, __half const*, __half*, int, int, int)",128,8704,0,208,0,128,"SQ_WAVES",128.000000,1936751242755,1936751485890
45,45,"Agent 1",1,18759,18759,2048,17,"pk_gemm(__half const*, __half const*, __half*, int, int, int)",128,8704,0,208,0,128,"GRBM_GUI_ACTIVE",467139.000000,1936751557744,1936751867324
45,45,"Agent 1",1,18759,18759,2048,17,"pk_gemm(__half const*, __half const*, __half*, int, int, int)",128,8704,0,208,0,128,"SQ_BUSY_CYCLES",799469.000000,1936751557744,1936751867324
45,45,"Agent 1",1,18759,18759,2048,17,"pk_gemm(__half const*, __half const*, __half*, int, int, int)",128,8704,0,208,0,128,"SQ_INSTS_LDS",166016.000000,1936751557744,1936751867324
45,45,"Agent 1",1,18759,18759,2048,17,"pk_gemm(__half const*, __half const*, __half*, int, int, int)",128,8704,0,208,0,128,"SQ_INSTS_VALU",2413664.000000,1936751557744,1936751867324
45,45,"Agent 1",1,18759,18759,2048,17,"pk_gemm(__half const*, __half const*, __half*, int, int, int)",128,8704,0,208,0,128,"SQ_WAIT_ANY",21789187.000000,1936751557744,1936751867324
45,45,"Agent 1",1,18759,18759,2048,17,"pk_gemm(__half const*, __half const*, __half*, int, int, int)",128,8704,0,208,0,128,"SQ_WAVES",192.000000,1936751557744,1936751867324
46,46,"Agent 1",1,18759,18759,2048,17,"pk_gemm(__half const*, __half const*, __half*, int, int, int)",128,8704,0,208,0,128,"GRBM_GUI_ACTIVE",249075.000000,1936751902189,1936752062970
46,46,"Agent 1",1,18759,18759,2048,17,"pk_gemm(__half const*, __half const*, __half*, int, int, int)",128,8704,0,208,0,128,"SQ_BUSY_CYCLES",481258.000000,1936751902189,1936752062970
46,46,"Agent 1",1,18759,18759,2048,17,"pk_gemm(__half const*, __half const*, __half*, int, int, int)",128,8704,0,208,0,128,"SQ_INSTS_LDS",163840.000000,1936751902189,1936752062970
46,46,"Agent 1",1,18759,18759,2048,17,"pk_gemm(__half const*, __half const*, __half*, int, int, int)",128,8704,0,208,0,128,"SQ_INSTS_VALU",2359168.000000,1936751902189,1936752062970
46,46,"Agent 1",1,18759,18759,2048,17,"pk_gemm(__half const*, __half const*, __half*, int, int, int)",128,8704,0,208,0,128,"SQ_WAIT_ANY",12264150.000000,1936751902189,1936752062970
46,46,"Agent 1",1,18759,18759,2048,17,"pk_gemm(__half const*, __half const*, __half*, int, int, int)",128,8704,0,208,0,128,"SQ_WAVES",64.000000,1936751902189,1936752062970
47,47,"Agent 1",1,18759,18759,2048,17,"pk_gemm(__half const*, __half const*, __half*, int, int, int)",128,8704,0,208,0,128,"GRBM_GUI_ACTIVE",249485.000000,1936752094268,1936752256011
47,47,"Agent 1",1,18759,18759,2048,17,"pk_gemm(__half const*, __half const*, __half*, int, int, int)",128,8704,0,208,0,128,"SQ_BUSY_CYCLES",483825.000000,1936752094268,1936752256011
47,47,"Agent 1",1,18759,18759,2048,17,"pk_gemm(__half const*, __half const*, __half*, int, int, int)",128,8704,0,208,0,128,"SQ_INSTS_LDS",163840.000000,1936752094268,1936752256011
47,47,"Agent 1",1,18759,18759,2048,17,"pk_gemm(__half const*, __half const*, __half*, int, int, int)",128,8704,0,208,0,128,"SQ_INSTS_VALU",2359168.000000,1936752094268,1936752256011
47,47,"Agent 1",1,18759,18759,2048,17,"pk_gemm(__half const*, __half const*, __half*, int, int, int)",128,8704,0,208,0,128,"SQ_WAIT_ANY",12366257.000000,1936752094268,1936752256011
47,47,"Agent 1",1,18759,18759,2048,17,"pk_gemm(__half const*, __half const*, __half*, int, int, int)",128,8704,0,208,0,128,"SQ_WAVES",64.000000,1936752094268,1936752256011
48,48,"Agent 1",1,18759,18759,2048,17,"pk_gemm(__half const*, __half const*, __half*, int, int, int)",128,8704,0,208,0,128,"GRBM_GUI_ACTIVE",249181.000000,1936752287831,1936752449373
48,48,"Agent 1",1,18759,18759,2048,17,"pk_gemm(__half const*, __half const*, __half*, int, int, int)",128,8704,0,208,0,128,"SQ_BUSY_CYCLES",483315.000000,1936752287831,1936752449373
48,48,"Agent 1",1,18759,18759,2048,17,"pk_gemm(__half const*, __half const*, __half*, int, int, int)",128,8704,0,208,0,128,"SQ_INSTS_LDS",163840.000000,1936752287831,1936752449373
48,48,"Agent 1",1,18759,18759,2048,17,"pk_gemm(__half const*, __half const*, __half*, int, int, int)",128,8704,0,208,0,128,"SQ_INSTS_VALU",2359168.000000,1936752287831,1936752449373
48,48,"Agent 1",1,18759,18759,2048,17,"pk_gemm(__half const*, __half const*, __half*, int, int, int)",128,8704,0,208,0,128,"SQ_WAIT_ANY",12330807.000000,1936752287831,1936752449373
48,48,"Agent 1",1,18759,18759,2048,17,"pk_gemm(__half const*, __half const*, __half*, int, int, int)",128,8704,0,208,0,128,"SQ_WAVES",64.000000,1936752287831,1936752449373
49,49,"Agent 1",1,18759,18759,2048,17,"pk_gemm(__half const*, __half const*, __half*, int, int, int)",128,8704,0,208,0,128,"GRBM_GUI_ACTIVE",249349.000000,1936752479269,1936752641012
49,49,"Agent 1",1,18759,18759,2048,17,"pk_gemm(__half const*, __half const*, __half*, int, int, int)",128,8704,0,208,0,128,"SQ_BUSY_CYCLES",483926.000000,1936752479269,1936752641012
49,49,"Agent 1",1,18759,18759,2048,17,"pk_gemm(__half const*, __half const*, __half*, int, int, int)",128,8704,0,208,0,128,"SQ_INSTS_LDS",163840.000000,1936752479269,1936752641012
49,49,"Agent 1",1,18759,18759,2048,17,"pk_gemm(__half const*, __half const*, __half*, int, int, int)",128,8704,0,208,0,128,"SQ_INSTS_VALU",2359168.000000,1936752479269,1936752641012
49,49,"Agent 1",1,18759,18759,2048,17,"pk_gemm(__half const*, __half const*, __half*, int, int, int)",128,8704,0,208,0,128,"SQ_WAIT_ANY",12328146.000000,1936752479269,1936752641012
49,49,"Agent 1",1,18759,18759,2048,17,"pk_gemm(__half const*, __half const*, __half*, int, int, int)",128,8704,0,208,0,128,"SQ_WAVES",64.000000,1936752479269,1936752641012
50,50,"Agent 1",1,18759,18759,2048,17,"pk_gemm(__half const*, __half const*, __half*, int, int, int)",128,8704,0,208,0,128,"GRBM_GUI_ACTIVE",250402.000000,1936752670827,1936752832891
50,50,"Agent 1",1,18759,18759,2048,17,"pk_gemm(__half const*, __half const*, __half*, int, int, int)",128,8704,0,208,0,128,"SQ_BUSY_CYCLES",484968.000000,1936752670827,1936752832891
50,50,"Agent 1",1,18759,18759,2048,17,"pk_gemm(__half const*, __half const*, __half*, int, int, int)",128,8704,0,208,0,128,"SQ_INSTS_LDS",163840.000000,1936752670827,1936752832891
50,50,"Agent 1",1,18759,18759,2048,17,"pk_gemm(__half const*, __half const*, __half*, int, int, int)",128,8704,0,208,0,128,"SQ_INSTS_VALU",2359168.000000,1936752670827,1936752832891
50,50,"Agent 1",1,18759,18759,2048,17,"pk_gemm(__half const*, __half const*, __half*, int, int, int)",128,8704,0,208,0,128,"SQ_WAIT_ANY",12367848.000000,1936752670827,1936752832891
50,50,"Agent 1",1,18759,18759,2048,17,"pk_gemm(__half const*, __half const*, __half*, int, int, int)",128,8704,0,208,0,128,"SQ_WAVES",64.000000,1936752670827,1936752832891
51,51,"Agent 1",1,18759,18759,2048,17,"pk_gemm(__half const*, __half const*, __half*, int, int, int)",128,8704,0,208,0,128,"GRBM_GUI_ACTIVE",250174.000000,1936752864029,1936753026293
51,51,"Agent 1",1,18759,18759,2048,17,"pk_gemm(__half const*, __half const*, __half*, int, int, int)",128,8704,0,208,0,128,"SQ_BUSY_CYCLES",485142.000000,1936752864029,1936753026293
51,51,"Agent 1",1,18759,18759,2048,17,"pk_gemm(__half const*, __half const*, __half*, int, int, int)",128,8704,0,208,0,128,"SQ_INSTS_LDS",163840.000000,1936752864029,1936753026293
51,51,"Agent 1",1,18759,18759,2048,17,"pk_gemm(__half const*, __half const*, __half*, int, int, int)",128,8704,0,208,0,128,"SQ_INSTS_VALU",2359168.000000,1936752864029,1936753026293
51,51,"Agent 1",1,18759,18759,2048,17,"pk_gemm(__half const*, __half const*, __half*, int, int, int)",128,8704,0,208,0,128,"SQ_WAIT_ANY",12383137.000000,1936752864029,1936753026293
51,51,"Agent 1",1,18759,18759,2048,17,"pk_gemm(__half const*, __half const*, __half*, int, int, int)",128,8704,0,208,0,128,"SQ_WAVES",64.000000,1936752864029,1936753026293
52,52,"Agent 1",1,18759,18759,2048,17,"pk_gemm(__half const*, __half const*, __half*, int, int, int)",128,8704,0,208,0,128,"GRBM_GUI_ACTIVE",249801.000000,1936753056589,1936753218613
52,52,"Agent 1",1,18759,18759,2048,17,"pk_gemm(__half const*, __half const*, __half*, int, int, int)",128,8704,0,208,0,128,"SQ_BUSY_CYCLES",484867.000000,1936753056589,1936753218613
52,52,"Agent 1",1,18759,18759,2048,17,"pk_gemm(__half const*, __half const*, __half*, int, int, int)",128,8704,0,208,0,128,"SQ_INSTS_LDS",163840.000000,1936753056589,1936753218613
52,52,"Agent 1",1,18759,18759,2048,17,"pk_gemm(__half const*, __half const*, __half*, int, int, int)",128,8704,0,208,0,128,"SQ_INSTS_VALU",2359168.000000,1936753056589,1936753218613
52,52,"Agent 1",1,18759,18759,2048,17,"pk_gemm(__half const*, __half const*, __half*, int, int, int)",128,8704,0,208,0,128,"SQ_WAIT_ANY",12378380.000000,1936753056589,1936753218613
52,52,"Agent 1",1,18759,18759,2048,17,"pk_gemm(__half const*, __half const*, __half*, int, int, int)",128,8704,0,208,0,128,"SQ_WAVES",64.000000,1936753056589,1936753218613
53,53,"Agent 1",1,18759,18759,2048,17,"pk_gemm(__half const*, __half const*, __half*, int, int, int)",128,8704,0,208,0,128,"GRBM_GUI_ACTIVE",249145.000000,1936753249631,1936753411293
53,53,"Agent 1",1,18759,18759,2048,17,"pk_gemm(__half const*, __half const*, __half*, int, int, int)",128,8704,0,208,0,128,"SQ_BUSY_CYCLES",483435.000000,1936753249631,1936753411293
53,53,"Agent 1",1,18759,18759,2048,17,"pk_gemm(__half const*, __half const*, __half*, int, int, int)",128,8704,0,208,0,128,"SQ_INSTS_LDS",163840.000000,1936753249631,1936753411293
53,53,"Agent 1",1,18759,18759,2048,17,"pk_gemm(__half const*, __half const*, __half*, int, int, int)",128,8704,0,208,0,128,"SQ_INSTS_VALU",2359168.000000,1936753249631,1936753411293
53,53,"Agent 1",1,18759,18759,2048,17,"pk_gemm(__half const*, __half const*, __half*, int, int, int)",128,8704,0,208,0,128,"SQ_WAIT_ANY",12330778.000000,1936753249631,1936753411293
53,53,"Agent 1",1,18759,18759,2048,17,"pk_gemm(__half const*, __half const*, __half*, int, int, int)",128,8704,0,208,0,128,"SQ_WAVES",64.000000,1936753249631,1936753411293
54,54,"Agent 1",1,18759,18759,2048,17,"pk_gemm(__half const*, __half const*, __half*, int, int, int)",128,8704,0,208,0,128,"GRBM_GUI_ACTIVE",249514.000000,1936753443634,1936753605337
54,54,"Agent 1",1,18759,18759,2048,17,"pk_gemm(__half const*, __half const*, __half*, int, int, int)",128,8704,0,208,0,128,"SQ_BUSY_CYCLES",483875.000000,1936753443634,1936753605337
54,54,"Agent 1",1,18759,18759,2048,17,"pk_gemm(__half const*, __half const*, __half*, int, int, int)",128,8704,0,208,0,128,"SQ_INSTS_LDS",163840.000000,1936753443634,1936753605337
54,54,"Agent 1",1,18759,18759,2048,17,"pk_gemm(__half const*, __half const*, __half*, int, int, int)",128,8704,0,208,0,128,"SQ_INSTS_VALU",2359168.000000,1936753443634,1936753605337
54,54,"Agent 1",1,18759,18759,2048,17,"pk_gemm(__half const*, __half const*, __half*, int, int, int)",128,8704,0,208,0,128,"SQ_WAIT_ANY",12290842.000000,1936753443634,1936753605337
54,54,"Agent 1",1,18759,18759,2048,17,"pk_gemm(__half const*, __half const*, __half*, int, int, int)",128,8704,0,208,0,128,"SQ_WAVES",64.000000,1936753443634,1936753605337
55,55,"Agent 1",1,18759,18759,2048,17,"pk_gemm(__half const*, __half const*, __half*, int, int, int)",128,8704,0,208,0,128,"GRBM_GUI_ACTIVE",250740.000000,1936753634832,1936753797576
55,55,"Agent 1",1,18759,18759,2048,17,"pk_gemm(__half const*, __half const*, __half*, int, int, int)",128,8704,0,208,0,128,"SQ_BUSY_CYCLES",486453.000000,1936753634832,1936753797576
55,55,"Agent 1",1,18759,18759,2048,17,"pk_gemm(__half const*, __half const*, __half*, int, int, int)",128,8704,0,208,0,128,"SQ_INSTS_LDS",163840.000000,1936753634832,1936753797576
55,55,"Agent 1",1,18759,18759,2048,17,"pk_gemm(__half const*, __half const*, __half*, int, int, int)",128,8704,0,208,0,128,"SQ_INSTS_VALU",2359168.000000,1936753634832,1936753797576
55,55,"Agent 1",1,18759,18759,2048,17,"pk_gemm(__half const*, __half const*, __half*, int, int, int)",128,8704,0,208,0,128,"SQ_WAIT_ANY",12390870.000000,1936753634832,1936753797576
55,55,"Agent 1",1,18759,18759,2048,17,"pk_gemm(__half const*, __half const*, __half*, int, int, int)",128,8704,0,208,0,128,"SQ_WAVES",64.000000,1936753634832,1936753797576
56,56,"Agent 1",1,18759,18759,2048,17,"pk_gemm(__half const*, __half const*, __half*, int, int, int)",128,8704,0,208,0,128,"GRBM_GUI_ACTIVE",249705.000000,1936753828434,1936753990337
56,56,"Agent 1",1,18759,18759,2048,17,"pk_gemm(__half const*, __half const*, __half*, int, int, int)",128,8704,0,208,0,128,"SQ_BUSY_CYCLES",484591.000000,1936753828434,1936753990337
56,56,"Agent 1",1,18759,18759,2048,17,"pk_gemm(__half const*, __half const*, __half*, int, int, int)",128,8704,0,208,0,128,"SQ_INSTS_LDS",163840.000000,1936753828434,1936753990337
56,56,"Agent 1",1,18759,18759,2048,17,"pk_gemm(__half const*, __half const*, __half*, int, int, int)",128,8704,0,208,0,128,"SQ_INSTS_VALU",2359168.000000,1936753828434,1936753990337
56,56,"Agent 1",1,18759,18759,2048,17,"pk_gemm(__half const*, __half const*, __half*, int, int, int)",128,8704,0,208,0,128,"SQ_WAIT_ANY",12371737.000000,1936753828434,1936753990337
56,56,"Agent 1",1,18759,18759,2048,17,"pk_gemm(__half const*, __half const*, __half*, int, int, int)",128,8704,0,208,0,128,"SQ_WAVES",64.000000,1936753828434,1936753990337
57,57,"Agent 1",1,18759,18759,2048,17,"pk_gemm(__half const*, __half const*, __half*, int, int, int)",128,8704,0,208,0,128,"GRBM_GUI_ACTIVE",249719.000000,1936754023078,1936754185142
57,57,"Agent 1",1,18759,18759,2048,17,"pk_gemm(__half const*, __half const*, __half*, int, int, int)",128,8704,0,208,0,128,"SQ_BUSY_CYCLES",484835.000000,1936754023078,1936754185142
57,57,"Agent 1",1,18759,18759,2048,17,"pk_gemm(__half const*, __half const*, __half*, int, int, int)",128,8704,0,208,0,128,"SQ_INSTS_LDS",163840.000000,1936754023078,1936754185142
57,57,"Agent 1",1,18759,18759,2048,17,"pk_gemm(__half const*, __half const*, __half*, int, int, int)",128,8704,0,208,0,128,"SQ_INSTS_VALU",2359168.000000,1936754023078,1936754185142
57,57,"Agent 1",1,18759,18759,2048,17,"pk_gemm(__half const*, __half const*, __half*, int, int, int)",128,8704,0,208,0,128,"SQ_WAIT_ANY",12379518.000000,1936754023078,1936754185142
57,57,"Agent 1",1,18759,18759,2048,17,"pk_gemm(__half const*, __half const*, __half*, int, int, int)",128,8704,0,208,0,128,"SQ_WAVES",64.000000,1936754023078,1936754185142
58,58,"Agent 1",1,18759,18759,2048,17,"pk_gemm(__half const*, __half const*, __half*, int, int, int)",128,8704,0,208,0,128,"GRBM_GUI_ACTIVE",249574.000000,1936754215238,1936754376981
58,58,"Agent 1",1,18759,18759,2048,17,"pk_gemm(__half const*, __half const*, __half*, int, int, int)",128,8704,0,208,0,128,"SQ_BUSY_CYCLES",483754.000000,1936754215238,1936754376981
58,58,"Agent 1",1,18759,18759,2048,17,"pk_gemm(__half const*, __half const*, __half*, int, int, int)",128,8704,0,208,0,128,"SQ_INSTS_LDS",163840.000000,1936754215238,1936754376981
58,58,"Agent 1",1,18759,18759,2048,17,"pk_gemm(__half const*, __half const*, __half*, int, int, int)",128,8704,0,208,0,128,"SQ_INSTS_VALU",2359168.000000,1936754215238,1936754376981
58,58,"Agent 1",1,18759,18759,2048,17,"pk_gemm(__half const*, __half const*, __half*, int, int, int)",128,8704,0,208,0,128,"SQ_WAIT_ANY",12337201.000000,1936754215238,1936754376981
58,58,"Agent 1",1,18759,18759,2048,17,"pk_gemm(__half const*, __half const*, __half*, int, int, int)",128,8704,0,208,0,128,"SQ_WAVES",64.000000,1936754215238,1936754376981
59,59,"Agent 1",1,18759,18759,2048,17,"pk_gemm(__half const*, __half const*, __half*, int, int, int)",128,8704,0,208,0,128,"GRBM_GUI_ACTIVE",248490.000000,1936754406837,1936754568018
59,59,"Agent 1",1,18759,18759,2048,17,"pk_gemm(__half const*, __half const*, __half*, int, int, int)",128,8704,0,208,0,128,"SQ_BUSY_CYCLES",481791.000000,1936754406837,1936754568018
59,59,"Agent 1",1,18759,18759,2048,17,"pk_gemm(__half const*, __half const*, __half*, int, int, int)",128,8704,0,208,0,128,"SQ_INSTS_LDS",163840.000000,1936754406837,1936754568018
59,59,"Agent 1",1,18759,18759,2048,17,"pk_gemm(__half const*, __half const*, __half*, int, int, int)",128,8704,0,208,0,128,"SQ_INSTS_VALU",2359168.000000,1936754406837,1936754568018
59,59,"Agent 1",1,18759,18759,2048,17,"pk_gemm(__half const*, __half const*, __half*, int, int, int)",128,8704,0,208,0,128,"SQ_WAIT_ANY",12246585.000000,1936754406837,1936754568018
59,59,"Agent 1",1,18759,18759,2048,17,"pk_gemm(__half const*, __half const*, __half*, int, int, int)",128,8704,0,208,0,128,"SQ_WAVES",64.000000,1936754406837,1936754568018
60,60,"Agent 1",1,18759,18759,2048,17,"pk_gemm(__half const*, __half const*, __half*, int, int, int)",128,8704,0,208,0,128,"GRBM_GUI_ACTIVE",250498.000000,1936754599357,1936754761861
60,60,"Agent 1",1,18759,18759,2048,17,"pk_gemm(__half const*, __half const*, __half*, int, int, int)",128,8704,0,208,0,128,"SQ_BUSY_CYCLES",486367.000000,1936754599357,1936754761861
60,60,"Agent 1",1,18759,18759,2048,17,"pk_gemm(__half const*, __half const*, __half*, int, int, int)",128,8704,0,208,0,128,"SQ_INSTS_LDS",163840.000000,1936754599357,1936754761861
60,60,"Agent 1",1,18759,18759,2048,17,"pk_gemm(__half const*, __half const*, __half*, int, int, int)",128,8704,0,208,0,128,"SQ_INSTS_VALU",2359168.000000,1936754599357,1936754761861
60,60,"Agent 1",1,18759,18759,2048,17,"pk_gemm(__half const*, __half const*, __half*, int, int, int)",128,8704,0,208,0,128,"SQ_WAIT_ANY",12391737.000000,1936754599357,1936754761861
60,60,"Agent 1",1,18759,18759,2048,17,"pk_gemm(__half const*, __half const*, __half*, int, int, int)",128,8704,0,208,0,128,"SQ_WAVES",64.000000,1936754599357,1936754761861
61,61,"Agent 1",1,18759,18759,2048,17,"pk_gemm(__half const*, __half const*, __half*, int, int, int)",128,8704,0,208,0,128,"GRBM_GUI_ACTIVE",249712.000000,1936754791156,1936754953059
61,61,"Agent 1",1,18759,18759,2048,17,"pk_gemm(__half const*, __half const*, __half*, int, int, int)",128,8704,0,208,0,128,"SQ_BUSY_CYCLES",484588.000000,1936754791156,1936754953059
61,61,"Agent 1",1,18759,18759,2048,17,"pk_gemm(__half const*, __half const*, __half*, int, int, int)",128,8704,0,208,0,128,"SQ_INSTS_LDS",163840.000000,1936754791156,1936754953059
61,61,"Agent 1",1,18759,18759,2048,17,"pk_gemm(__half const*, __half const*, __half*, int, int, int)",128,8704,0,208,0,128,"SQ_INSTS_VALU",2359168.000000,1936754791156,1936754953059
61,61,"Agent 1",1,18759,18759,2048,17,"pk_gemm(__half const*, __half const*, __half*, int, int, int)",128,8704,0,208,0,128,"SQ_WAIT_ANY",12366374.000000,1936754791156,1936754953059
61,61,"Agent 1",1,18759,18759,2048,17,"pk_gemm(__half const*, __half const*, __half*, int, int, int)",128,8704,0,208,0,128,"SQ_WAVES",64.000000,1936754791156,1936754953059
62,62,"Agent 1",1,18759,18759,2048,17,"pk_gemm(__half const*, __half const*, __half*, int, int, int)",128,8704,0,208,0,128,"GRBM_GUI_ACTIVE",250340.000000,1936754983676,1936755145900
62,62,"Agent 1",1,18759,18759,2048,17,"pk_gemm(__half const*, __half const*, __half*, int, int, int)",128,8704,0,208,0,128,"SQ_BUSY_CYCLES",485590.000000,1936754983676,1936755145900
62,62,"Agent 1",1,18759,18759,2048,17,"pk_gemm(__half const*, __half const*, __half*, int, int, int)",128,8704,0,208,0,128,"SQ_INSTS_LDS",163840.000000,1936754983676,1936755145900
62,62,"Agent 1",1,18759,18759,2048,17,"pk_gemm(__half const*, __half const*, __half*, int, int, int)",128,8704,0,208,0,128,"SQ_INSTS_VALU",2359168.000000,1936754983676,1936755145900
62,62,"Agent 1",1,18759,18759,2048,17,"pk_gemm(__half const*, __half const*, __half*, int, int, int)",128,8704,0,208,0,128,"SQ_WAIT_ANY",12409893.000000,1936754983676,1936755145900
62,62,"Agent 1",1,18759,18759,2048,17,"pk_gemm(__half const*, __half const*, __half*, int, int, int)",128,8704,0,208,0,128,"SQ_WAVES",64.000000,1936754983676,1936755145900
63,63,"Agent 1",1,18759,18759,2048,17,"pk_gemm(__half const*, __half const*, __half*, int, int, int)",128,8704,0,208,0,128,"GRBM_GUI_ACTIVE",250345.000000,1936755175676,1936755338140
63,63,"Agent 1",1,18759,18759,2048,17,"pk_gemm(__half const*, __half const*, __half*, int, int, int)",128,8704,0,208,0,128,"SQ_BUSY_CYCLES",485407.000000,1936755175676,1936755338140
63,63,"Agent 1",1,18759,18759,2048,17,"pk_gemm(__half const*, __half const*, __half*, int, int, int)",128,8704,0,208,0,128,"SQ_INSTS_LDS",163840.000000,1936755175676,1936755338140
63,63,"Agent 1",1,18759,18759,2048,17,"pk_gemm(__half const*, __half const*, __half*, int, int, int)",128,8704,0,208,0,128,"SQ_INSTS_VALU",2359168.000000,1936755175676,1936755338140
63,63,"Agent 1",1,18759,18759,2048,17,"pk_gemm(__half const*, __half const*, __half*, int, int, int)",128,8704,0,208,0,128,"SQ_WAIT_ANY",12404744.000000,1936755175676,1936755338140
63,63,"Agent 1",1,18759,18759,2048,17,"pk_gemm(__half const*, __half const*, __half*, int, int, int)",128,8704,0,208,0,128,"SQ_WAVES",64.000000,1936755175676,1936755338140
64,64,"Agent 1",1,18759,18759,2048,17,"pk_gemm(__half const*, __half const*, __half*, int, int, int)",128,8704,0,208,0,128,"GRBM_GUI_ACTIVE",248808.000000,1936755367795,1936755529257
64,64,"Agent 1",1,18759,18759,2048,17,"pk_gemm(__half const*, __half const*, __half*, int, int, int)",128,8704,0,208,0,128,"SQ_BUSY_CYCLES",482993.000000,1936755367795,1936755529257
64,64,"Agent 1",1,18759,18759,2048,17,"pk_gemm(__half const*, __half const*, __half*, int, int, int)",128,8704,0,208,0,128,"SQ_INSTS_LDS",163840.000000,1936755367795,1936755529257
64,64,"Agent 1",1,18759,18759,2048,17,"pk_gemm(__half const*, __half const*, __half*, int, int, int)",128,8704,0,208,0,128,"SQ_INSTS_VALU",2359168.000000,1936755367795,1936755529257
64,64,"Agent 1",1,18759,18759,2048,17,"pk_gemm(__half const*, __half const*, __half*, int, int, int)",128,8704,0,208,0,128,"SQ_WAIT_ANY",12279297.000000,1936755367795,1936755529257
64,64,"Agent 1",1,18759,18759,2048,17,"pk_gemm(__half const*, __half const*, __half*, int, int, int)",128,8704,0,208,0,128,"SQ_WAVES",64.000000,1936755367795,1936755529257
65,65,"Agent 1",1,18759,18759,2048,17,"pk_gemm(__half const*, __half const*, __half*, int, int, int)",128,8704,0,208,0,128,"GRBM_GUI_ACTIVE",249960.000000,1936755557951,1936755720215
65,65,"Agent 1",1,18759,18759,2048,17,"pk_gemm(__half const*, __half const*, __half*, int, int, int)",128,8704,0,208,0,128,"SQ_BUSY_CYCLES",485296.000000,1936755557951,1936755720215
65,65,"Agent 1",1,18759,18759,2048,17,"pk_gemm(__half const*, __half const*, __half*, int, int, int)",128,8704,0,208,0,128,"SQ_INSTS_LDS",163840.000000,1936755557951,1936755720215
65,65,"Agent 1",1,18759,18759,2048,17,"pk_gemm(__half const*, __half const*, __half*, int, int, int)",128,8704,0,208,0,128,"SQ_INSTS_VALU",2359168.000000,1936755557951,1936755720215
65,65,"Agent 1",1,18759,18759,2048,17,"pk_gemm(__half const*, __half const*, __half*, int, int, int)",128,8704,0,208,0,128,"SQ_WAIT_ANY",12361025.000000,1936755557951,1936755720215
65,65,"Agent 1",1,18759,18759,2048,17,"pk_gemm(__half const*, __half const*, __half*, int, int, int)",128,8704,0,208,0,128,"SQ_WAVES",64.000000,1936755557951,1936755720215
66,66,"Agent 1",1,18759,18759,2048,17,"pk_gemm(__half const*, __half const*, __half*, int, int, int)",128,8704,0,208,0,128,"GRBM_GUI_ACTIVE",249981.000000,1936755748307,1936755910371
66,66,"Agent 1",1,18759,18759,2048,17,"pk_gemm(__half const*, __half const*, __half*, int, int, int)",128,8704,0,208,0,128,"SQ_BUSY_CYCLES",484846.000000,1936755748307,1936755910371
66,66,"Agent 1",1,18759,18759,2048,17,"pk_gemm(__half const*, __half const*, __half*, int, int, int)",128,8704,0,208,0,128,"SQ_INSTS_LDS",163840.000000,1936755748307,1936755910371
66,66,"Agent 1",1,18759,18759,2048,17,"pk_gemm(__half const*, __half const*, __half*, int, int, int)",128,8704,0,208,0,128,"SQ_INSTS_VALU",2359168.000000,1936755748307,1936755910371
66,66,"Agent 1",1,18759,18759,2048,17,"pk_gemm(__half const*, __half const*, __half*, int, int, int)",128,8704,0,208,0,128,"SQ_WAIT_ANY",12384613.000000,1936755748307,1936755910371
66,66,"Agent 1",1,18759,18759,2048,17,"pk_gemm(__half const*, __half const*, __half*, int, int, int)",128,8704,0,208,0,128,"SQ_WAVES",64.000000,1936755748307,1936755910371
67,67,"Agent 1",1,18759,18759,2048,17,"pk_gemm(__half const*, __half const*, __half*, int, int, int)",128,8704,0,208,0,128,"GRBM_GUI_ACTIVE",250046.000000,1936755938223,1936756100487
67,67,"Agent 1",1,18759,18759,2048,17,"pk_gemm(__half const*, __half const*, __half*, int, int, int)",128,8704,0,208,0,128,"SQ_BUSY_CYCLES",484628.000000,1936755938223,1936756100487
67,67,"Agent 1",1,18759,18759,2048,17,"pk_gemm(__half const*, __half const*, __half*, int, int, int)",128,8704,0,208,0,128,"SQ_INSTS_LDS",163840.000000,1936755938223,1936756100487
67,67,"Agent 1",1,18759,18759,2048,17,"pk_gemm(__half const*, __half const*, __half*, int, int, int)",128,8704,0,208,0,128,"SQ_INSTS_VALU",2359168.000000,1936755938223,1936756100487
67,67,"Agent 1",1,18759,18759,2048,17,"pk_gemm(__half const*, __half const*, __half*, int, int, int)",128,8704,0,208,0,128,"SQ_WAIT_ANY",12367586.000000,1936755938223,1936756100487
67,67,"Agent 1",1,18759,18759,2048,17,"pk_gemm(__half const*, __half const*, __half*, int, int, int)",128,8704,0,208,0,128,"SQ_WAVES",64.000000,1936755938223,1936756100487
68,68,"Agent 1",1,18759,18759,2048,17,"pk_gemm(__half const*, __half const*, __half*, int, int, int)",128,8704,0,208,0,128,"GRBM_GUI_ACTIVE",250131.000000,1936756130062,1936756292406
68,68,"Agent 1",1,18759,18759,2048,17,"pk_gemm(__half const*, __half const*, __half*, int, int, int)",128,8704,0,208,0,128,"SQ_BUSY_CYCLES",485556.000000,1936756130062,1936756292406
68,68,"Agent 1",1,18759,18759,2048,17,"pk_gemm(__half const*, __half const*, __half*, int, int, int)",128,8704,0,208,0,128,"SQ_INSTS_LDS",163840.000000,1936756130062,1936756292406
68,68,"Agent 1",1,18759,18759,2048,17,"pk_gemm(__half const*, __half const*, __half*, int, int, int)",128,8704,0,208,0,128,"SQ_INSTS_VALU",2359168.000000,1936756130062,1936756292406
68,68,"Agent 1",1,18759,18759,2048,17,"pk_gemm(__half const*, __half const*, __half*, int, int, int)",128,8704,0,208,0,128,"SQ_WAIT_ANY",12403212.000000,1936756130062,1936756292406
68,68,"Agent 1",1,18759,18759,2048,17,"pk_gemm(__half const*, __half const*, __half*, int, int, int)",128,8704,0,208,0,128,"SQ_WAVES",64.000000,1936756130062,1936756292406
69,69,"Agent 1",1,18759,18759,2048,17,"pk_gemm(__half const*, __half const*, __half*, int, int, int)",128,8704,0,208,0,128,"GRBM_GUI_ACTIVE",249282.000000,1936756320098,1936756481880
69,69,"Agent 1",1,18759,18759,2048,17,"pk_gemm(__half const*, __half const*, __half*, int, int, int)",128,8704,0,208,0,128,"SQ_BUSY_CYCLES",483770.000000,1936756320098,1936756481880
69,69,"Agent 1",1,18759,18759,2048,17,"pk_gemm(__half const*, __half const*, __half*, int, int, int)",128,8704,0,208,0,128,"SQ_INSTS_LDS",163840.000000,1936756320098,1936756481880
69,69,"Agent 1",1,18759,18759,2048,17,"pk_gemm(__half const*, __half const*, __half*, int, int, int)",128,8704,0,208,0,128,"SQ_INSTS_VALU",2359168.000000,1936756320098,1936756481880
69,69,"Agent 1",1,18759,18759,2048,17,"pk_gemm(__half const*, __half const*, __half*, int, int, int)",128,8704,0,208,0,128,"SQ_WAIT_ANY",12329697.000000,1936756320098,1936756481880
69,69,"Agent 1",1,18759,18759,2048,17,"pk_gemm(__half const*, __half const*, __half*, int, int, int)",128,8704,0,208,0,128,"SQ_WAVES",64.000000,1936756320098,1936756481880
70,70,"Agent 1",1,18759,18759,2048,17,"pk_gemm(__half const*, __half const*, __half*, int, int, int)",128,8704,0,208,0,128,"GRBM_GUI_ACTIVE",249977.000000,1936756537344,1936756699408
70,70,"Agent 1",1,18759,18759,2048,17,"pk_gemm(__half const*, __half const*, __half*, int, int, int)",128,8704,0,208,0,128,"SQ_BUSY_CYCLES",484836.000000,1936756537344,1936756699408
70,70,"Agent 1",1,18759,18759,2048,17,"pk_gemm(__half const*, __half const*, __half*, int, int, int)",128,8704,0,208,0,128,"SQ_INSTS_LDS",163840.000000,1936756537344,1936756699408
70,70,"Agent 1",1,18759,18759,2048,17,"pk_gemm(__half const*, __half const*, __half*, int, int, int)",128,8704,0,208,0,128,"SQ_INSTS_VALU",2359168.000000,1936756537344,1936756699408
70,70,"Agent 1",1,18759,18759,2048,17,"pk_gemm(__half const*, __half const*, __half*, int, int, int)",128,8704,0,208,0,128,"SQ_WAIT_ANY",12333711.000000,1936756537344,1936756699408
70,70,"Agent 1",1,18759,18759,2048,17,"pk_gemm(__half const*, __half const*, __half*, int, int, int)",128,8704,0,208,0,128,"SQ_WAVES",64.000000,1936756537344,1936756699408
71,71,"Agent 1",1,18759,18759,2048,17,"pk_gemm(__half const*, __half const*, __half*, int, int, int)",128,8704,0,208,0,128,"GRBM_GUI_ACTIVE",249949.000000,1936756731588,1936756893691
71,71,"Agent 1",1,18759,18759,2048,17,"pk_gemm(__half const*, __half const*, __half*, int, int, int)",128,8704,0,208,0,128,"SQ_BUSY_CYCLES",484978.000000,1936756731588,1936756893691
71,71,"Agent 1",1,18759,18759,2048,17,"pk_gemm(__half const*, __half const*, __half*, int, int, int)",128,8704,0,208,0,128,"SQ_INSTS_LDS",163840.000000,1936756731588,1936756893691
71,71,"Agent 1",1,18759,18759,2048,17,"pk_gemm(__half const*, __half const*, __half*, int, int, int)",128,8704,0,208,0,128,"SQ_INSTS_VALU",2359168.000000,1936756731588,1936756893691
71,71,"Agent 1",1,18759,18759,2048,17,"pk_gemm(__half const*, __half const*, __half*, int, int, int)",128,8704,0,208,0,128,"SQ_WAIT_ANY",12385598.000000,1936756731588,1936756893691
71,71,"Agent 1",1,18759,18759,2048,17,"pk_gemm(__half const*, __half const*, __half*, int, int, int)",128,8704,0,208,0,128,"SQ_WAVES",64.000000,1936756731588,1936756893691
72,72,"Agent 1",1,18759,18759,2048,17,"pk_gemm(__half const*, __half const*, __half*, int, int, int)",128,8704,0,208,0,128,"GRBM_GUI_ACTIVE",250088.000000,1936756923427,1936757085530
72,72,"Agent 1",1,18759,18759,2048,17,"pk_gemm(__half const*, __half const*, __half*, int, int, int)",128,8704,0,208,0,128,"SQ_BUSY_CYCLES",484921.000000,1936756923427,1936757085530
72,72,"Agent 1",1,18759,18759,2048,17,"pk_gemm(__half const*, __half const*, __half*, int, int, int)",128,8704,0,208,0,128,"SQ_INSTS_LDS",163840.000000,1936756923427,1936757085530
72,72,"Agent 1",1,18759,18759,2048,17,"pk_gemm(__half const*, __half const*, __half*, int, int, int)",128,8704,0,208,0,128,"SQ_INSTS_VALU",2359168.000000,1936756923427,1936757085530
72,72,"Agent 1",1,18759,18759,2048,17,"pk_gemm(__half const*, __half const*, __half*, int, int, int)",128,8704,0,208,0,128,"SQ_WAIT_ANY",12382969.000000,1936756923427,1936757085530
72,72,"Agent 1",1,18759,18759,2048,17,"pk_gemm(__half const*, __half const*, __half*, int, int, int)",128,8704,0,208,0,128,"SQ_WAVES",64.000000,1936756923427,1936757085530
73,73,"Agent 1",1,18759,18759,2048,17,"pk_gemm(__half const*, __half const*, __half*, int, int, int)",128,8704,0,208,0,128,"GRBM_GUI_ACTIVE",249495.000000,1936757118191,1936757280094
73,73,"Agent 1",1,18759,18759,2048,17,"pk_gemm(__half const*, __half const*, __half*, int, int, int)",128,8704,0,208,0,128,"SQ_BUSY_CYCLES",483502.000000,1936757118191,1936757280094
73,73,"Agent 1",1,18759,18759,2048,17,"pk_gemm(__half const*, __half const*, __half*, int, int, int)",128,8704,0,208,0,128,"SQ_INSTS_LDS",163840.000000,1936757118191,1936757280094
73,73,"Agent 1",1,18759,18759,2048,17,"pk_gemm(__half const*, __half const*, __half*, int, int, int)",128,8704,0,208,0,128,"SQ_INSTS_VALU",2359168.000000,1936757118191,1936757280094
73,73,"Agent 1",1,18759,18759,2048,17,"pk_gemm(__half const*, __half const*, __half*, int, int, int)",128,8704,0,208,0,128,"SQ_WAIT_ANY",12331649.000000,1936757118191,1936757280094
73,73,"Agent 1",1,18759,18759,2048,17,"pk_gemm(__half const*, __half const*, __half*, int, int, int)",128,8704,0,208,0,128,"SQ_WAVES",64.000000,1936757118191,1936757280094
74,74,"Agent 1",1,18759,18759,2048,17,"pk_gemm(__half const*, __half const*, __half*, int, int, int)",128,8704,0,208,0,128,"GRBM_GUI_ACTIVE",248869.000000,1936757311153,1936757472615
74,74,"Agent 1",1,18759,18759,2048,17,"pk_gemm(__half const*, __half const*, __half*, int, int, int)",128,8704,0,208,0,128,"SQ_BUSY_CYCLES",482757.000000,1936757311153,1936757472615
74,74,"Agent 1",1,18759,18759,2048,17,"pk_gemm(__half const*, __half const*, __half*, int, int, int)",128,8704,0,208,0,128,"SQ_INSTS_LDS",163840.000000,1936757311153,1936757472615
74,74,"Agent 1",1,18759,18759,2048,17,"pk_gemm(__half const*, __half const*, __half*, int, int, int)",128,8704,0,208,0,128,"SQ_INSTS_VALU",2359168.000000,1936757311153,1936757472615
74,74,"Agent 1",1,18759,18759,2048,17,"pk_gemm(__half const*, __half const*, __half*, int, int, int)",128,8704,0,208,0,128,"SQ_WAIT_ANY",12298263.000000,1936757311153,1936757472615
74,74,"Agent 1",1,18759,18759,2048,17,"pk_gemm(__half const*, __half const*, __half*, int, int, int)",128,8704,0,208,0,128,"SQ_WAVES",64.000000,1936757311153,1936757472615
75,75,"Agent 1",1,18759,18759,2048,17,"pk_gemm(__half const*, __half const*, __half*, int, int, int)",128,8704,0,208,0,128,"GRBM_GUI_ACTIVE",249880.000000,1936757505036,1936757667219
75,75,"Agent 1",1,18759,18759,2048,17,"pk_gemm(__half const*, __half const*, __half*, int, int, int)",128,8704,0,208,0,128,"SQ_BUSY_CYCLES",485110.000000,1936757505036,1936757667219
75,75,"Agent 1",1,18759,18759,2048,17,"pk_gemm(__half const*, __half const*, __half*, int, int, int)",128,8704,0,208,0,128,"SQ_INSTS_LDS",163840.000000,1936757505036,1936757667219
75,75,"Agent 1",1,18759,18759,2048,17,"pk_gemm(__half const*, __half const*, __half*, int, int, int)",128,8704,0,208,0,128,"SQ_INSTS_VALU",2359168.000000,1936757505036,1936757667219
75,75,"Agent 1",1,18759,18759,2048,17,"pk_gemm(__half const*, __half const*, __half*, int, int, int)",128,8704,0,208,0,128,"SQ_WAIT_ANY",12360581.000000,1936757505036,1936757667219
75,75,"Agent 1",1,18759,18759,2048,17,"pk_gemm(__half const*, __half const*, __half*, int, int, int)",128,8704,0,208,0,128,"SQ_WAVES",64.000000,1936757505036,1936757667219
76,76,"Agent 1",1,18759,18759,2048,17,"pk_gemm(__half const*, __half const*, __half*, int, int, int)",128,8704,0,208,0,128,"GRBM_GUI_ACTIVE",250348.000000,1936757698077,1936757860300
76,76,"Agent 1",1,18759,18759,2048,17,"pk_gemm(__half const*, __half const*, __half*, int, int, int)",128,8704,0,208,0,128,"SQ_BUSY_CYCLES",485368.000000,1936757698077,1936757860300
76,76,"Agent 1",1,18759,18759,2048,17,"pk_gemm(__half const*, __half const*, __half*, int, int, int)",128,8704,0,208,0,128,"SQ_INSTS_LDS",163840.000000,1936757698077,1936757860300
76,76,"Agent 1",1,18759,18759,2048,17,"pk_gemm(__half const*, __half const*, __half*, int, int, int)",128,8704,0,208,0,128,"SQ_INSTS_VALU",2359168.000000,1936757698077,1936757860300
76,76,"Agent 1",1,18759,18759,2048,17,"pk_gemm(__half const*, __half const*, __half*, int, int, int)",128,8704,0,208,0,128,"SQ_WAIT_ANY",12392683.000000,1936757698077,1936757860300
76,76,"Agent 1",1,18759,18759,2048,17,"pk_gemm(__half const*, __half const*, __half*, int, int, int)",128,8704,0,208,0,128,"SQ_WAVES",64.000000,1936757698077,1936757860300
77,77,"Agent 1",1,18759,18759,2048,17,"pk_gemm(__half const*, __half const*, __half*, int, int, int)",128,8704,0,208,0,128,"GRBM_GUI_ACTIVE",250028.000000,1936757891399,1936758053582
77,77,"Agent 1",1,18759,18759,2048,17,"pk_gemm(__half const*, __half const*, __half*, int, int, int)",128,8704,0,208,0,128,"SQ_BUSY_CYCLES",484675.000000,1936757891399,1936758053582
77,77,"Agent 1",1,18759,18759,2048,17,"pk_gemm(__half const*, __half const*, __half*, int, int, int)",128,8704,0,208,0,128,"SQ_INSTS_LDS",163840.000000,1936757891399,1936758053582
77,77,"Agent 1",1,18759,18759,2048,17,"pk_gemm(__half const*, __half const*, __half*, int, int, int)",128,8704,0,208,0,128,"SQ_INSTS_VALU",2359168.000000,1936757891399,1936758053582
77,77,"Agent 1",1,18759,18759,2048,17,"pk_gemm(__half const*, __half const*, __half*, int, int, int)",128,8704,0,208,0,128,"SQ_WAIT_ANY",12373940.000000,1936757891399,1936758053582
77,77,"Agent 1",1,18759,18759,2048,17,"pk_gemm(__half const*, __half const*, __half*, int, int, int)",128,8704,0,208,0,128,"SQ_WAVES",64.000000,1936757891399,1936758053582
78,78,"Agent 1",1,18759,18759,2048,17,"pk_gemm(__half const*, __half const*, __half*, int, int, int)",128,8704,0,208,0,128,"GRBM_GUI_ACTIVE",249401.000000,1936758085722,1936758247585
78,78,"Agent 1",1,18759,18759,2048,17,"pk_gemm(__half const*, __half const*, __half*, int, int, int)",128,8704,0,208,0,128,"SQ_BUSY_CYCLES",483965.000000,1936758085722,1936758247585
78,78,"Agent 1",1,18759,18759,2048,17,"pk_gemm(__half const*, __half const*, __half*, int, int, int)",128,8704,0,208,0,128,"SQ_INSTS_LDS",163840.000000,1936758085722,1936758247585
78,78,"Agent 1",1,18759,18759,2048,17,"pk_gemm(__half const*, __half const*, __half*, int, int, int)",128,8704,0,208,0,128,"SQ_INSTS_VALU",2359168.000000,1936758085722,1936758247585
78,78,"Agent 1",1,18759,18759,2048,17,"pk_gemm(__half const*, __half const*, __half*, int, int, int)",128,8704,0,208,0,128,"SQ_WAIT_ANY",12348180.000000,1936758085722,1936758247585
78,78,"Agent 1",1,18759,18759,2048,17,"pk_gemm(__half const*, __half const*, __half*, int, int, int)",128,8704,0,208,0,128,"SQ_WAVES",64.000000,1936758085722,1936758247585
79,79,"Agent 1",1,18759,18759,2048,17,"pk_gemm(__half const*, __half const*, __half*, int, int, int)",128,8704,0,208,0,128,"GRBM_GUI_ACTIVE",248868.000000,1936758280126,1936758441588
79,79,"Agent 1",1,18759,18759,2048,17,"pk_gemm(__half const*, __half const*, __half*, int, int, int)",128,8704,0,208,0,128,"SQ_BUSY_CYCLES",483105.000000,1936758280126,1936758441588
79,79,"Agent 1",1,18759,18759,2048,17,"pk_gemm(__half const*, __half const*, __half*, int, int, int)",128,8704,0,208,0,128,"SQ_INSTS_LDS",163840.000000,1936758280126,1936758441588
79,79,"Agent 1",1,18759,18759,2048,17,"pk_gemm(__half const*, __half const*, __half*, int, int, int)",128,8704,0,208,0,128,"SQ_INSTS_VALU",2359168.000000,1936758280126,1936758441588
79,79,"Agent 1",1,18759,18759,2048,17,"pk_gemm(__half const*, __half const*, __half*, int, int, int)",128,8704,0,208,0,128,"SQ_WAIT_ANY",12293099.000000,1936758280126,1936758441588
79,79,"Agent 1",1,18759,18759,2048,17,"pk_gemm(__half const*, __half const*, __half*, int, int, int)",128,8704,0,208,0,128,"SQ_WAVES",64.000000,1936758280126,1936758441588
80,80,"Agent 1",1,18759,18759,2048,17,"pk_gemm(__half const*, __half const*, __half*, int, int, int)",128,8704,0,208,0,128,"GRBM_GUI_ACTIVE",250384.000000,1936758471124,1936758633508
80,80,"Agent 1",1,18759,18759,2048,17,"pk_gemm(__half const*, __half const*, __half*, int, int, int)",128,8704,0,208,0,128,"SQ_BUSY_CYCLES",485726.000000,1936758471124,1936758633508
80,80,"Agent 1",1,18759,18759,2048,17,"pk_gemm(__half const*, __half const*, __half*, int, int, int)",128,8704,0,208,0,128,"SQ_INSTS_LDS",163840.000000,1936758471124,1936758633508
80,80,"Agent 1",1,18759,18759,2048,17,"pk_gemm(__half const*, __half const*, __half*, int, int, int)",128,8704,0,208,0,128,"SQ_INSTS_VALU",2359168.000000,1936758471124,1936758633508
80,80,"Agent 1",1,18759,18759,2048,17,"pk_gemm(__half const*, __half const*, __half*, int, int, int)",128,8704,0,208,0,128,"SQ_WAIT_ANY",12364234.000000,1936758471124,1936758633508
80,80,"Agent 1",1,18759,18759,2048,17,"pk_gemm(__half const*, __half const*, __half*, int, int, int)",128,8704,0,208,0,128,"SQ_WAVES",64.000000,1936758471124,1936758633508
81,81,"Agent 1",1,18759,18759,2048,17,"pk_gemm(__half const*, __half const*, __half*, int, int, int)",128,8704,0,208,0,128,"GRBM_GUI_ACTIVE",250083.000000,1936758664766,1936758827110
81,81,"Agent 1",1,18759,18759,2048,17,"pk_gemm(__half const*, __half const*, __half*, int, int, int)",128,8704,0,208,0,128,"SQ_BUSY_CYCLES",485005.000000,1936758664766,1936758827110
81,81,"Agent 1",1,18759,18759,2048,17,"pk_gemm(__half const*, __half const*, __half*, int, int, int)",128,8704,0,208,0,128,"SQ_INSTS_LDS",163840.000000,1936758664766,1936758827110
81,81,"Agent 1",1,18759,18759,2048,17,"pk_gemm(__half const*, __half const*, __half*, int, int, int)",128,8704,0,208,0,128,"SQ_INSTS_VALU",2359168.000000,1936758664766,1936758827110
81,81,"Agent 1",1,18759,18759,2048,17,"pk_gemm(__half const*, __half const*, __half*, int, int, int)",128,8704,0,208,0,128,"SQ_WAIT_ANY",12379333.000000,1936758664766,1936758827110
81,81,"Agent 1",1,18759,18759,2048,17,"pk_gemm(__half const*, __half const*, __half*, int, int, int)",128,8704,0,208,0,128,"SQ_WAVES",64.000000,1936758664766,1936758827110
82,82,"Agent 1",1,18759,18759,2048,17,"pk_gemm(__half const*, __half const*, __half*, int, int, int)",128,8704,0,208,0,128,"GRBM_GUI_ACTIVE",249080.000000,1936758858449,1936759020111
82,82,"Agent 1",1,18759,18759,2048,17,"pk_gemm(__half const*, __half const*, __half*, int, int, int)",128,8704,0,208,0,128,"SQ_BUSY_CYCLES",483561.000000,1936758858449,1936759020111
82,82,"Agent 1",1,18759,18759,2048,17,"pk_gemm(__half const*, __half const*, __half*, int, int, int)",128,8704,0,208,0,128,"SQ_INSTS_LDS",163840.000000,1936758858449,1936759020111
82,82,"Agent 1",1,18759,18759,2048,17,"pk_gemm(__half const*, __half const*, __half*, int, int, int)",128,8704,0,208,0,128,"SQ_INSTS_VALU",2359168.000000,1936758858449,1936759020111
82,82,"Agent 1",1,18759,18759,2048,17,"pk_gemm(__half const*, __half const*, __half*, int, int, int)",128,8704,0,208,0,128,"SQ_WAIT_ANY",12323336.000000,1936758858449,1936759020111
82,82,"Agent 1",1,18759,18759,2048,17,"pk_gemm(__half const*, __half const*, __half*, int, int, int)",128,8704,0,208,0,128,"SQ_WAVES",64.000000,1936758858449,1936759020111
83,83,"Agent 1",1,18759,18759,2048,17,"pk_gemm(__half const*, __half const*, __half*, int, int, int)",128,8704,0,208,0,128,"GRBM_GUI_ACTIVE",249211.000000,1936759051290,1936759213072
83,83,"Agent 1",1,18759,18759,2048,17,"pk_gemm(__half const*, __half const*, __half*, int, int, int)",128,8704,0,208,0,128,"SQ_BUSY_CYCLES",483586.000000,1936759051290,1936759213072
83,83,"Agent 1",1,18759,18759,2048,17,"pk_gemm(__half const*, __half const*, __half*, int, int, int)",128,8704,0,208,0,128,"SQ_INSTS_LDS",163840.000000,1936759051290,1936759213072
83,83,"Agent 1",1,18759,18759,2048,17,"pk_gemm(__half const*, __half const*, __half*, int, int, int)",128,8704,0,208,0,128,"SQ_INSTS_VALU",2359168.000000,1936759051290,1936759213072
83,83,"Agent 1",1,18759,18759,2048,17,"pk_gemm(__half const*, __half const*, __half*, int, int, int)",128,8704,0,208,0,128,"SQ_WAIT_ANY",12339935.000000,1936759051290,1936759213072
83,83,"Agent 1",1,18759,18759,2048,17,"pk_gemm(__half const*, __half const*, __half*, int, int, int)",128,8704,0,208,0,128,"SQ_WAVES",64.000000,1936759051290,1936759213072
84,84,"Agent 1",1,18759,18759,2048,17,"pk_gemm(__half const*, __half const*, __half*, int, int, int)",128,8704,0,208,0,128,"GRBM_GUI_ACTIVE",249214.000000,1936759244211,1936759405793
84,84,"Agent 1",1,18759,18759,2048,17,"pk_gemm(__half const*, __half const*, __half*, int, int, int)",128,8704,0,208,0,128,"SQ_BUSY_CYCLES",483297.000000,1936759244211,1936759405793
84,84,"Agent 1",1,18759,18759,2048,17,"pk_gemm(__half const*, __half const*, __half*, int, int, int)",128,8704,0,208,0,128,"SQ_INSTS_LDS",163840.000000,1936759244211,1936759405793
84,84,"Agent 1",1,18759,18759,2048,17,"pk_gemm(__half const*, __half const*, __half*, int, int, int)",128,8704,0,208,0,128,"SQ_INSTS_VALU",2359168.000000,1936759244211,1936759405793
84,84,"Agent 1",1,18759,18759,2048,17,"pk_gemm(__half const*, __half const*, __half*, int, int, int)",128,8704,0,208,0,128,"SQ_WAIT_ANY",12285790.000000,1936759244211,1936759405793
84,84,"Agent 1",1,18759,18759,2048,17,"pk_gemm(__half const*, __half const*, __half*, int, int, int)",128,8704,0,208,0,128,"SQ_WAVES",64.000000,1936759244211,1936759405793
85,85,"Agent 1",1,18759,18759,2048,17,"pk_gemm(__half const*, __half const*, __half*, int, int, int)",128,8704,0,208,0,128,"GRBM_GUI_ACTIVE",250883.000000,1936759437092,1936759599916
85,85,"Agent 1",1,18759,18759,2048,17,"pk_gemm(__half const*, __half const*, __half*, int, int, int)",128,8704,0,208,0,128,"SQ_BUSY_CYCLES",486525.000000,1936759437092,1936759599916
85,85,"Agent 1",1,18759,18759,2048,17,"pk_gemm(__half const*, __half const*, __half*, int, int, int)",128,8704,0,208,0,128,"SQ_INSTS_LDS",163840.000000,1936759437092,1936759599916
85,85,"Agent 1",1,18759,18759,2048,17,"pk_gemm(__half const*, __half const*, __half*, int, int, int)",128,8704,0,208,0,128,"SQ_INSTS_VALU",2359168.000000,1936759437092,1936759599916
85,85,"Agent 1",1,18759,18759,2048,17,"pk_gemm(__half const*, __half const*, __half*, int, int, int)",128,8704,0,208,0,128,"SQ_WAIT_ANY",12397244.000000,1936759437092,1936759599916
85,85,"Agent 1",1,18759,18759,2048,17,"pk_gemm(__half const*, __half const*, __half*, int, int, int)",128,8704,0,208,0,128,"SQ_WAVES",64.000000,1936759437092,1936759599916
86,86,"Agent 1",1,18759,18759,2048,17,"pk_gemm(__half const*, __half const*, __half*, int, int, int)",128,8704,0,208,0,128,"GRBM_GUI_ACTIVE",249456.000000,1936759629492,1936759791395
86,86,"Agent 1",1,18759,18759,2048,17,"pk_gemm(__half const*, __half const*, __half*, int, int, int)",128,8704,0,208,0,128,"SQ_BUSY_CYCLES",484307.000000,1936759629492,1936759791395
86,86,"Agent 1",1,18759,18759,2048,17,"pk_gemm(__half const*, __half const*, __half*, int, int, int)",128,8704,0,208,0,128,"SQ_INSTS_LDS",163840.000000,1936759629492,1936759791395
86,86,"Agent 1",1,18759,18759,2048,17,"pk_gemm(__half const*, __half const*, __half*, int, int, int)",128,8704,0,208,0,128,"SQ_INSTS_VALU",2359168.000000,1936759629492,1936759791395
86,86,"Agent 1",1,18759,18759,2048,17,"pk_gemm(__half const*, __half const*, __half*, int, int, int)",128,8704,0,208,0,128,"SQ_WAIT_ANY",12368085.000000,1936759629492,1936759791395
86,86,"Agent 1",1,18759,18759,2048,17,"pk_gemm(__half const*, __half const*, __half*, int, int, int)",128,8704,0,208,0,128,"SQ_WAVES",64.000000,1936759629492,1936759791395
87,87,"Agent 1",1,18759,18759,2048,17,"pk_gemm(__half const*, __half const*, __half*, int, int, int)",128,8704,0,208,0,128,"GRBM_GUI_ACTIVE",249678.000000,1936759822894,1936759984797
87,87,"Agent 1",1,18759,18759,2048,17,"pk_gemm(__half const*, __half const*, __half*, int, int, int)",128,8704,0,208,0,128,"SQ_BUSY_CYCLES",484418.000000,1936759822894,1936759984797
87,87,"Agent 1",1,18759,18759,2048,17,"pk_gemm(__half const*, __half const*, __half*, int, int, int)",128,8704,0,208,0,128,"SQ_INSTS_LDS",163840.000000,1936759822894,1936759984797
87,87,"Agent 1",1,18759,18759,2048,17,"pk_gemm(__half const*, __half const*, __half*, int, int, int)",128,8704,0,208,0,128,"SQ_INSTS_VALU",2359168.000000,1936759822894,1936759984797
87,87,"Agent 1",1,18759,18759,2048,17,"pk_gemm(__half const*, __half const*, __half*, int, int, int)",128,8704,0,208,0,128,"SQ_WAIT_ANY",12363528.000000,1936759822894,1936759984797
87,87,"Agent 1",1,18759,18759,2048,17,"pk_gemm(__half const*, __half const*, __half*, int, int, int)",128,8704,0,208,0,128,"SQ_WAVES",64.000000,1936759822894,1936759984797
88,88,"Agent 1",1,18759,18759,2048,17,"pk_gemm(__half const*, __half const*, __half*, int, int, int)",128,8704,0,208,0,128,"GRBM_GUI_ACTIVE",249796.000000,1936760015695,1936760177678
88,88,"Agent 1",1,18759,18759,2048,17,"pk_gemm(__half const*, __half const*, __half*, int, int, int)",128,8704,0,208,0,128,"SQ_BUSY_CYCLES",484298.000000,1936760015695,1936760177678
88,88,"Agent 1",1,18759,18759,2048,17,"pk_gemm(__half const*, __half const*, __half*, int, int, int)",128,8704,0,208,0,128,"SQ_INSTS_LDS",163840.000000,1936760015695,1936760177678
88,88,"Agent 1",1,18759,18759,2048,17,"pk_gemm(__half const*, __half const*, __half*, int, int, int)",128,8704,0,208,0,128,"SQ_INSTS_VALU",2359168.000000,1936760015695,1936760177678
88,88,"Agent 1",1,18759,18759,2048,17,"pk_gemm(__half const*, __half const*, __half*, int, int, int)",128,8704,0,208,0,128,"SQ_WAIT_ANY",12356354.000000,1936760015695,1936760177678
88,88,"Agent 1",1,18759,18759,2048,17,"pk_gemm(__half const*, __half const*, __half*, int, int, int)",128,8704,0,208,0,128,"SQ_WAVES",64.000000,1936760015695,1936760177678
89,89,"Agent 1",1,18759,18759,2048,17,"pk_gemm(__half const*, __half const*, __half*, int, int, int)",128,8704,0,208,0,128,"GRBM_GUI_ACTIVE",249913.000000,1936760208175,1936760370358
89,89,"Agent 1",1,18759,18759,2048,17,"pk_gemm(__half const*, __half const*, __half*, int, int, int)",128,8704,0,208,0,128,"SQ_BUSY_CYCLES",484511.000000,1936760208175,1936760370358
89,89,"Agent 1",1,18759,18759,2048,17,"pk_gemm(__half const*, __half const*, __half*, int, int, int)",128,8704,0,208,0,128,"SQ_INSTS_LDS",163840.000000,1936760208175,1936760370358
89,89,"Agent 1",1,18759,18759,2048,17,"pk_gemm(__half const*, __half const*, __half*, int, int, int)",128,8704,0,208,0,128,"SQ_INSTS_VALU",2359168.000000,1936760208175,1936760370358
89,89,"Agent 1",1,18759,18759,2048,17,"pk_gemm(__half const*, __half const*, __half*, int, int, int)",128,8704,0,208,0,128,"SQ_WAIT_ANY",12335681.000000,1936760208175,1936760370358
89,89,"Agent 1",1,18759,18759,2048,17,"pk_gemm(__half const*, __half const*, __half*, int, int, int)",128,8704,0,208,0,128,"SQ_WAVES",64.000000,1936760208175,1936760370358
90,90,"Agent 1",1,18759,18759,2048,17,"pk_gemm(__half const*, __half const*, __half*, int, int, int)",128,8704,0,208,0,128,"GRBM_GUI_ACTIVE",249957.000000,1936760399373,1936760561596
90,90,"Agent 1",1,18759,18759,2048,17,"pk_gemm(__half const*, __half const*, __half*, int, int, int)",128,8704,0,208,0,128,"SQ_BUSY_CYCLES",485318.000000,1936760399373,1936760561596
90,90,"Agent 1",1,18759,18759,2048,17,"pk_gemm(__half const*, __half const*, __half*, int, int, int)",128,8704,0,208,0,128,"SQ_INSTS_LDS",163840.000000,1936760399373,1936760561596
90,90,"Agent 1",1,18759,18759,2048,17,"pk_gemm(__half const*, __half const*, __half*, int, int, int)",128,8704,0,208,0,128,"SQ_INSTS_VALU",2359168.000000,1936760399373,1936760561596
90,90,"Agent 1",1,18759,18759,2048,17,"pk_gemm(__half const*, __half const*, __half*, int, int, int)",128,8704,0,208,0,128,"SQ_WAIT_ANY",12375354.000000,1936760399373,1936760561596
90,90,"Agent 1",1,18759,18759,2048,17,"pk_gemm(__half const*, __half const*, __half*, int, int, int)",128,8704,0,208,0,128,"SQ_WAVES",64.000000,1936760399373,1936760561596
91,91,"Agent 1",1,18759,18759,2048,17,"pk_gemm(__half const*, __half const*, __half*, int, int, int)",128,8704,0,208,0,128,"GRBM_GUI_ACTIVE",248947.000000,1936760591092,1936760752674
91,91,"Agent 1",1,18759,18759,2048,17,"pk_gemm(__half const*, __half const*, __half*, int, int, int)",128,8704,0,208,0,128,"SQ_BUSY_CYCLES",483274.000000,1936760591092,1936760752674
91,91,"Agent 1",1,18759,18759,2048,17,"pk_gemm(__half const*, __half const*, __half*, int, int, int)",128,8704,0,208,0,128,"SQ_INSTS_LDS",163840.000000,1936760591092,1936760752674
91,91,"Agent 1",1,18759,18759,2048,17,"pk_gemm(__half const*, __half const*, __half*, int, int, int)",128,8704,0,208,0,128,"SQ_INSTS_VALU",2359168.000000,1936760591092,1936760752674
91,91,"Agent 1",1,18759,18759,2048,17,"pk_gemm(__half const*, __half const*, __half*, int, int, int)",128,8704,0,208,0,128,"SQ_WAIT_ANY",12330392.000000,1936760591092,1936760752674
91,91,"Agent 1",1,18759,18759,2048,17,"pk_gemm(__half const*, __half const*, __half*, int, int, int)",128,8704,0,208,0,128,"SQ_WAVES",64.000000,1936760591092,1936760752674
92,92,"Agent 1",1,18759,18759,2048,17,"pk_gemm(__half const*, __half const*, __half*, int, int, int)",128,8704,0,208,0,128,"GRBM_GUI_ACTIVE",249320.000000,1936760782370,1936760944032
92,92,"Agent 1",1,18759,18759,2048,17,"pk_gemm(__half const*, __half const*, __half*, int, int, int)",128,8704,0,208,0,128,"SQ_BUSY_CYCLES",483478.000000,1936760782370,1936760944032
92,92,"Agent 1",1,18759,18759,2048,17,"pk_gemm(__half const*, __half const*, __half*, int, int, int)",128,8704,0,208,0,128,"SQ_INSTS_LDS",163840.000000,1936760782370,1936760944032
92,92,"Agent 1",1,18759,18759,2048,17,"pk_gemm(__half const*, __half const*, __half*, int, int, int)",128,8704,0,208,0,128,"SQ_INSTS_VALU",2359168.000000,1936760782370,1936760944032
92,92,"Agent 1",1,18759,18759,2048,17,"pk_gemm(__half const*, __half const*, __half*, int, int, int)",128,8704,0,208,0,128,"SQ_WAIT_ANY",12340464.000000,1936760782370,1936760944032
92,92,"Agent 1",1,18759,18759,2048,17,"pk_gemm(__half const*, __half const*, __half*, int, int, int)",128,8704,0,208,0,128,"SQ_WAVES",64.000000,1936760782370,1936760944032
93,93,"Agent 1",1,18759,18759,2048,17,"pk_gemm(__half const*, __half const*, __half*, int, int, int)",128,8704,0,208,0,128,"GRBM_GUI_ACTIVE",250144.000000,1936760972526,1936761134909
93,93,"Agent 1",1,18759,18759,2048,17,"pk_gemm(__half const*, __half const*, __half*, int, int, int)",128,8704,0,208,0,128,"SQ_BUSY_CYCLES",484880.000000,1936760972526,1936761134909
93,93,"Agent 1",1,18759,18759,2048,17,"pk_gemm(__half const*, __half const*, __half*, int, int, int)",128,8704,0,208,0,128,"SQ_INSTS_LDS",163840.000000,1936760972526,1936761134909
93,93,"Agent 1",1,18759,18759,2048,17,"pk_gemm(__half const*, __half const*, __half*, int, int, int)",128,8704,0,208,0,128,"SQ_INSTS_VALU",2359168.000000,1936760972526,1936761134909
93,93,"Agent 1",1,18759,18759,2048,17,"pk_gemm(__half const*, __half const*, __half*, int, int, int)",128,8704,0,208,0,128,"SQ_WAIT_ANY",12385240.000000,1936760972526,1936761134909
93,93,"Agent 1",1,18759,18759,2048,17,"pk_gemm(__half const*, __half const*, __half*, int, int, int)",128,8704,0,208,0,128,"SQ_WAVES",64.000000,1936760972526,1936761134909
94,94,"Agent 1",1,18759,18759,2048,17,"pk_gemm(__half const*, __half const*, __half*, int, int, int)",128,8704,0,208,0,128,"GRBM_GUI_ACTIVE",248710.000000,1936761163683,1936761325105
94,94,"Agent 1",1,18759,18759,2048,17,"pk_gemm(__half const*, __half const*, __half*, int, int, int)",128,8704,0,208,0,128,"SQ_BUSY_CYCLES",482909.000000,1936761163683,1936761325105
94,94,"Agent 1",1,18759,18759,2048,17,"pk_gemm(__half const*, __half const*, __half*, int, int, int)",128,8704,0,208,0,128,"SQ_INSTS_LDS",163840.000000,1936761163683,1936761325105
94,94,"Agent 1",1,18759,18759,2048,17,"pk_gemm(__half const*, __half const*, __half*, int, int, int)",128,8704,0,208,0,128,"SQ_INSTS_VALU",2359168.000000,1936761163683,1936761325105
94,94,"Agent 1",1,18759,18759,2048,17,"pk_gemm(__half const*, __half const*, __half*, int, int, int)",128,8704,0,208,0,128,"SQ_WAIT_ANY",12294431.000000,1936761163683,1936761325105
94,94,"Agent 1",1,18759,18759,2048,17,"pk_gemm(__half const*, __half const*, __half*, int, int, int)",128,8704,0,208,0,128,"SQ_WAVES",64.000000,1936761163683,1936761325105
95,95,"Agent 1",1,18759,18759,2048,17,"pk_gemm(__half const*, __half const*, __half*, int, int, int)",128,8704,0,208,0,128,"GRBM_GUI_ACTIVE",249795.000000,1936761354601,1936761516664
95,95,"Agent 1",1,18759,18759,2048,17,"pk_gemm(__half const*, __half const*, __half*, int, int, int)",128,8704,0,208,0,128,"SQ_BUSY_CYCLES",484808.000000,1936761354601,1936761516664
95,95,"Agent 1",1,18759,18759,2048,17,"pk_gemm(__half const*, __half const*, __half*, int, int, int)",128,8704,0,208,0,128,"SQ_INSTS_LDS",163840.000000,1936761354601,1936761516664
95,95,"Agent 1",1,18759,18759,2048,17,"pk_gemm(__half const*, __half const*, __half*, int, int, int)",128,8704,0,208,0,128,"SQ_INSTS_VALU",2359168.000000,1936761354601,1936761516664
95,95,"Agent 1",1,18759,18759,2048,17,"pk_gemm(__half const*, __half const*, __half*, int, int, int)",128,8704,0,208,0,128,"SQ_WAIT_ANY",12335369.000000,1936761354601,1936761516664
95,95,"Agent 1",1,18759,18759,2048,17,"pk_gemm(__half const*, __half const*, __half*, int, int, int)",128,8704,0,208,0,128,"SQ_WAVES",64.000000,1936761354601,1936761516664
96,96,"Agent 1",1,18759,18759,2048,17,"pk_gemm(__half const*, __half const*, __half*, int, int, int)",128,8704,0,208,0,128,"GRBM_GUI_ACTIVE",249593.000000,1936761545799,1936761707581
96,96,"Agent 1",1,18759,18759,2048,17,"pk_gemm(__half const*, __half const*, __half*, int, int, int)",128,8704,0,208,0,128,"SQ_BUSY_CYCLES",484115.000000,1936761545799,1936761707581
96,96,"Agent 1",1,18759,18759,2048,17,"pk_gemm(__half const*, __half const*, __half*, int, int, int)",128,8704,0,208,0,128,"SQ_INSTS_LDS",163840.000000,1936761545799,1936761707581
96,96,"Agent 1",1,18759,18759,2048,17,"pk_gemm(__half const*, __half const*, __half*, int, int, int)",128,8704,0,208,0,128,"SQ_INSTS_VALU",2359168.000000,1936761545799,1936761707581
96,96,"Agent 1",1,18759,18759,2048,17,"pk_gemm(__half const*, __half const*, __half*, int, int, int)",128,8704,0,208,0,128,"SQ_WAIT_ANY",12357492.000000,1936761545799,1936761707581
96,96,"Agent 1",1,18759,18759,2048,17,"pk_gemm(__half const*, __half const*, __half*, int, int, int)",128,8704,0,208,0,128,"SQ_WAVES",64.000000,1936761545799,1936761707581
97,97,"Agent 1",1,18759,18759,2048,17,"pk_gemm(__half const*, __half const*, __half*, int, int, int)",128,8704,0,208,0,128,"GRBM_GUI_ACTIVE",249773.000000,1936761734993,1936761897176
97,97,"Agent 1",1,18759,18759,2048,17,"pk_gemm(__half const*, __half const*, __half*, int, int, int)",128,8704,0,208,0,128,"SQ_BUSY_CYCLES",484597.000000,1936761734993,1936761897176
97,97,"Agent 1",1,18759,18759,2048,17,"pk_gemm(__half const*, __half const*, __half*, int, int, int)",128,8704,0,208,0,128,"SQ_INSTS_LDS",163840.000000,1936761734993,1936761897176
97,97,"Agent 1",1,18759,18759,2048,17,"pk_gemm(__half const*, __half const*, __half*, int, int, int)",128,8704,0,208,0,128,"SQ_INSTS_VALU",2359168.000000,1936761734993,1936761897176
97,97,"Agent 1",1,18759,18759,2048,17,"pk_gemm(__half const*, __half const*, __half*, int, int, int)",128,8704,0,208,0,128,"SQ_WAIT_ANY",12381104.000000,1936761734993,1936761897176
97,97,"Agent 1",1,18759,18759,2048,17,"pk_gemm(__half const*, __half const*, __half*, int, int, int)",128,8704,0,208,0,128,"SQ_WAVES",64.000000,1936761734993,1936761897176
98,98,"Agent 1",1,18759,18759,2048,17,"pk_gemm(__half const*, __half const*, __half*, int, int, int)",128,8704,0,208,0,128,"GRBM_GUI_ACTIVE",249241.000000,1936761925830,1936762087613
98,98,"Agent 1",1,18759,18759,2048,17,"pk_gemm(__half const*, __half const*, __half*, int, int, int)",128,8704,0,208,0,128,"SQ_BUSY_CYCLES",483630.000000,1936761925830,1936762087613
98,98,"Agent 1",1,18759,18759,2048,17,"pk_gemm(__half const*, __half const*, __half*, int, int, int)",128,8704,0,208,0,128,"SQ_INSTS_LDS",163840.000000,1936761925830,1936762087613
98,98,"Agent 1",1,18759,18759,2048,17,"pk_gemm(__half const*, __half const*, __half*, int, int, int)",128,8704,0,208,0,128,"SQ_INSTS_VALU",2359168.000000,1936761925830,1936762087613
98,98,"Agent 1",1,18759,18759,2048,17,"pk_gemm(__half const*, __half const*, __half*, int, int, int)",128,8704,0,208,0,128,"SQ_WAIT_ANY",12322679.000000,1936761925830,1936762087613
98,98,"Agent 1",1,18759,18759,2048,17,"pk_gemm(__half const*, __half const*, __half*, int, int, int)",128,8704,0,208,0,128,"SQ_WAVES",64.000000,1936761925830,1936762087613
99,99,"Agent 1",1,18759,18759,2048,17,"pk_gemm(__half const*, __half const*, __half*, int, int, int)",128,8704,0,208,0,128,"GRBM_GUI_ACTIVE",248754.000000,1936762115946,1936762277368
99,99,"Agent 1",1,18759,18759,2048,17,"pk_gemm(__half const*, __half const*, __half*, int, int, int)",128,8704,0,208,0,128,"SQ_BUSY_CYCLES",482810.000000,1936762115946,1936762277368
99,99,"Agent 1",1,18759,18759,2048,17,"pk_gemm(__half const*, __half const*, __half*, int, int, int)",128,8704,0,208,0,128,"SQ_INSTS_LDS",163840.000000,1936762115946,1936762277368
99,99,"Agent 1",1,18759,18759,2048,17,"pk_gemm(__half const*, __half const*, __half*, int, int, int)",128,8704,0,208,0,128,"SQ_INSTS_VALU",2359168.000000,1936762115946,1936762277368
99,99,"Agent 1",1,18759,18759,2048,17,"pk_gemm(__half const*, __half const*, __half*, int, int, int)",128,8704,0,208,0,128,"SQ_WAIT_ANY",12278749.000000,1936762115946,1936762277368
99,99,"Agent 1",1,18759,18759,2048,17,"pk_gemm(__half const*, __half const*, __half*, int, int, int)",128,8704,0,208,0,128,"SQ_WAVES",64.000000,1936762115946,1936762277368
100,100,"Agent 1",1,18759,18759,2048,17,"pk_gemm(__half const*, __half const*, __half*, int, int, int)",128,8704,0,208,0,128,"GRBM_GUI_ACTIVE",250226.000000,1936762330828,1936762493092
100,100,"Agent 1",1,18759,18759,2048,17,"pk_gemm(__half const*, __half const*, __half*, int, int, int)",128,8704,0,208,0,128,"SQ_BUSY_CYCLES",485396.000000,1936762330828,1936762493092
100,100,"Agent 1",1,18759,18759,2048,17,"pk_gemm(__half const*, __half const*, __half*, int, int, int)",128,8704,0,208,0,128,"SQ_INSTS_LDS",163840.000000,1936762330828,1936762493092
100,100,"Agent 1",1,18759,18759,2048,17,"pk_gemm(__half const*, __half const*, __half*, int, int, int)",128,8704,0,208,0,128,"SQ_INSTS_VALU",2359168.000000,1936762330828,1936762493092
100,100,"Agent 1",1,18759,18759,2048,17,"pk_gemm(__half const*, __half const*, __half*, int, int, int)",128,8704,0,208,0,128,"SQ_WAIT_ANY",12365859.000000,1936762330828,1936762493092
100,100,"Agent 1",1,18759,18759,2048,17,"pk_gemm(__half const*, __half const*, __half*, int, int, int)",128,8704,0,208,0,128,"SQ_WAVES",64.000000,1936762330828,1936762493092
101,101,"Agent 1",1,18759,18759,2048,17,"pk_gemm(__half const*, __half const*, __half*, int, int, int)",128,8704,0,208,0,128,"GRBM_GUI_ACTIVE",250296.000000,1936762523228,1936762685532
101,101,"Agent 1",1,18759,18759,2048,17,"pk_gemm(__half const*, __half const*, __half*, int, int, int)",128,8704,0,208,0,128,"SQ_BUSY_CYCLES",485557.000000,1936762523228,1936762685532
101,101,"Agent 1",1,18759,18759,2048,17,"pk_gemm(__half const*, __half const*, __half*, int, int, int)",128,8704,0,208,0,128,"SQ_INSTS_LDS",163840.000000,1936762523228,1936762685532
101,101,"Agent 1",1,18759,18759,2048,17,"pk_gemm(__half const*, __half const*, __half*, int, int, int)",128,8704,0,208,0,128,"SQ_INSTS_VALU",2359168.000000,1936762523228,1936762685532
101,101,"Agent 1",1,18759,18759,2048,17,"pk_gemm(__half const*, __half const*, __half*, int, int, int)",128,8704,0,208,0,128,"SQ_WAIT_ANY",12402787.000000,1936762523228,1936762685532
101,101,"Agent 1",1,18759,18759,2048,17,"pk_gemm(__half const*, __half const*, __half*, int, int, int)",128,8704,0,208,0,128,"SQ_WAVES",64.000000,1936762523228,1936762685532
102,102,"Agent 1",1,18759,18759,2048,17,"pk_gemm(__half const*, __half const*, __half*, int, int, int)",128,8704,0,208,0,128,"GRBM_GUI_ACTIVE",250041.000000,1936762716309,1936762878453
102,102,"Agent 1",1,18759,18759,2048,17,"pk_gemm(__half const*, __half const*, __half*, int, int, int)",128,8704,0,208,0,128,"SQ_BUSY_CYCLES",484950.000000,1936762716309,1936762878453
102,102,"Agent 1",1,18759,18759,2048,17,"pk_gemm(__half const*, __half const*, __half*, int, int, int)",128,8704,0,208,0,128,"SQ_INSTS_LDS",163840.000000,1936762716309,1936762878453
102,102,"Agent 1",1,18759,18759,2048,17,"pk_gemm(__half const*, __half const*, __half*, int, int, int)",128,8704,0,208,0,128,"SQ_INSTS_VALU",2359168.000000,1936762716309,1936762878453
102,102,"Agent 1",1,18759,18759,2048,17,"pk_gemm(__half const*, __half const*, __half*, int, int, int)",128,8704,0,208,0,128,"SQ_WAIT_ANY",12383798.000000,1936762716309,1936762878453
102,102,"Agent 1",1,18759,18759,2048,17,"pk_gemm(__half const*, __half const*, __half*, int, int, int)",128,8704,0,208,0,128,"SQ_WAVES",64.000000,1936762716309,1936762878453
103,103,"Agent 1",1,18759,18759,2048,17,"pk_gemm(__half const*, __half const*, __half*, int, int, int)",128,8704,0,208,0,128,"GRBM_GUI_ACTIVE",249234.000000,1936762907627,1936763069330
103,103,"Agent 1",1,18759,18759,2048,17,"pk_gemm(__half const*, __half const*, __half*, int, int, int)",128,8704,0,208,0,128,"SQ_BUSY_CYCLES",482874.000000,1936762907627,1936763069330
103,103,"Agent 1",1,18759,18759,2048,17,"pk_gemm(__half const*, __half const*, __half*, int, int, int)",128,8704,0,208,0,128,"SQ_INSTS_LDS",163840.000000,1936762907627,1936763069330
103,103,"Agent 1",1,18759,18759,2048,17,"pk_gemm(__half const*, __half const*, __half*, int, int, int)",128,8704,0,208,0,128,"SQ_INSTS_VALU",2359168.000000,1936762907627,1936763069330
103,103,"Agent 1",1,18759,18759,2048,17,"pk_gemm(__half const*, __half const*, __half*, int, int, int)",128,8704,0,208,0,128,"SQ_WAIT_ANY",12330937.000000,1936762907627,1936763069330
103,103,"Agent 1",1,18759,18759,2048,17,"pk_gemm(__half const*, __half const*, __half*, int, int, int)",128,8704,0,208,0,128,"SQ_WAVES",64.000000,1936762907627,1936763069330
104,104,"Agent 1",1,18759,18759,2048,17,"pk_gemm(__half const*, __half const*, __half*, int, int, int)",128,8704,0,208,0,128,"GRBM_GUI_ACTIVE",249135.000000,1936763101190,1936763262892
104,104,"Agent 1",1,18759,18759,2048,17,"pk_gemm(__half const*, __half const*, __half*, int, int, int)",128,8704,0,208,0,128,"SQ_BUSY_CYCLES",483548.000000,1936763101190,1936763262892
104,104,"Agent 1",1,18759,18759,2048,17,"pk_gemm(__half const*, __half const*, __half*, int, int, int)",128,8704,0,208,0,128,"SQ_INSTS_LDS",163840.000000,1936763101190,1936763262892
104,104,"Agent 1",1,18759,18759,2048,17,"pk_gemm(__half const*, __half const*, __half*, int, int, int)",128,8704,0,208,0,128,"SQ_INSTS_VALU",2359168.000000,1936763101190,1936763262892
104,104,"Agent 1",1,18759,18759,2048,17,"pk_gemm(__half const*, __half const*, __half*, int, int, int)",128,8704,0,208,0,128,"SQ_WAIT_ANY",12320933.000000,1936763101190,1936763262892
104,104,"Agent 1",1,18759,18759,2048,17,"pk_gemm(__half const*, __half const*, __half*, int, int, int)",128,8704,0,208,0,128,"SQ_WAVES",64.000000,1936763101190,1936763262892
105,105,"Agent 1",1,18759,18759,2048,17,"pk_gemm(__half const*, __half const*, __half*, int, int, int)",128,8704,0,208,0,128,"GRBM_GUI_ACTIVE",250511.000000,1936763293991,1936763456455
105,105,"Agent 1",1,18759,18759,2048,17,"pk_gemm(__half const*, __half const*, __half*, int, int, int)",128,8704,0,208,0,128,"SQ_BUSY_CYCLES",486047.000000,1936763293991,1936763456455
105,105,"Agent 1",1,18759,18759,2048,17,"pk_gemm(__half const*, __half const*, __half*, int, int, int)",128,8704,0,208,0,128,"SQ_INSTS_LDS",163840.000000,1936763293991,1936763456455
105,105,"Agent 1",1,18759,18759,2048,17,"pk_gemm(__half const*, __half const*, __half*, int, int, int)",128,8704,0,208,0,128,"SQ_INSTS_VALU",2359168.000000,1936763293991,1936763456455
105,105,"Agent 1",1,18759,18759,2048,17,"pk_gemm(__half const*, __half const*, __half*, int, int, int)",128,8704,0,208,0,128,"SQ_WAIT_ANY",12391111.000000,1936763293991,1936763456455
105,105,"Agent 1",1,18759,18759,2048,17,"pk_gemm(__half const*, __half const*, __half*, int, int, int)",128,8704,0,208,0,128,"SQ_WAVES",64.000000,1936763293991,1936763456455
106,106,"Agent 1",1,18759,18759,2048,17,"pk_gemm(__half const*, __half const*, __half*, int, int, int)",128,8704,0,208,0,128,"GRBM_GUI_ACTIVE",249955.000000,1936763486832,1936763648775
106,106,"Agent 1",1,18759,18759,2048,17,"pk_gemm(__half const*, __half const*, __half*, int, int, int)",128,8704,0,208,0,128,"SQ_BUSY_CYCLES",484500.000000,1936763486832,1936763648775
106,106,"Agent 1",1,18759,18759,2048,17,"pk_gemm(__half const*, __half const*, __half*, int, int, int)",128,8704,0,208,0,128,"SQ_INSTS_LDS",163840.000000,1936763486832,1936763648775
106,106,"Agent 1",1,18759,18759,2048,17,"pk_gemm(__half const*, __half const*, __half*, int, int, int)",128,8704,0,208,0,128,"SQ_INSTS_VALU",2359168.000000,1936763486832,1936763648775
106,106,"Agent 1",1,18759,18759,2048,17,"pk_gemm(__half const*, __half const*, __half*, int, int, int)",128,8704,0,208,0,128,"SQ_WAIT_ANY",12368516.000000,1936763486832,1936763648775
106,106,"Agent 1",1,18759,18759,2048,17,"pk_gemm(__half const*, __half const*, __half*, int, int, int)",128,8704,0,208,0,128,"SQ_WAVES",64.000000,1936763486832,1936763648775
107,107,"Agent 1",1,18759,18759,2048,17,"pk_gemm(__half const*, __half const*, __half*, int, int, int)",128,8704,0,208,0,128,"GRBM_GUI_ACTIVE",249538.000000,1936763681075,1936763843058
107,107,"Agent 1",1,18759,18759,2048,17,"pk_gemm(__half const*, __half const*, __half*, int, int, int)",128,8704,0,208,0,128,"SQ_BUSY_CYCLES",483834.000000,1936763681075,1936763843058
107,107,"Agent 1",1,18759,18759,2048,17,"pk_gemm(__half const*, __half const*, __half*, int, int, int)",128,8704,0,208,0,128,"SQ_INSTS_LDS",163840.000000,1936763681075,1936763843058
107,107,"Agent 1",1,18759,18759,2048,17,"pk_gemm(__half const*, __half const*, __half*, int, int, int)",128,8704,0,208,0,128,"SQ_INSTS_VALU",2359168.000000,1936763681075,1936763843058
107,107,"Agent 1",1,18759,18759,2048,17,"pk_gemm(__half const*, __half const*, __half*, int, int, int)",128,8704,0,208,0,128,"SQ_WAIT_ANY",12351396.000000,1936763681075,1936763843058
107,107,"Agent 1",1,18759,18759,2048,17,"pk_gemm(__half const*, __half const*, __half*, int, int, int)",128,8704,0,208,0,128,"SQ_WAVES",64.000000,1936763681075,1936763843058
108,108,"Agent 1",1,18759,18759,2048,17,"pk_gemm(__half const*, __half const*, __half*, int, int, int)",128,8704,0,208,0,128,"GRBM_GUI_ACTIVE",249790.000000,1936763875840,1936764037863
108,108,"Agent 1",1,18759,18759,2048,17,"pk_gemm(__half const*, __half const*, __half*, int, int, int)",128,8704,0,208,0,128,"SQ_BUSY_CYCLES",484549.000000,1936763875840,1936764037863
108,108,"Agent 1",1,18759,18759,2048,17,"pk_gemm(__half const*, __half const*, __half*, int, int, int)",128,8704,0,208,0,128,"SQ_INSTS_LDS",163840.000000,1936763875840,1936764037863
108,108,"Agent 1",1,18759,18759,2048,17,"pk_gemm(__half const*, __half const*, __half*, int, int, int)",128,8704,0,208,0,128,"SQ_INSTS_VALU",2359168.000000,1936763875840,1936764037863
108,108,"Agent 1",1,18759,18759,2048,17,"pk_gemm(__half const*, __half const*, __half*, int, int, int)",128,8704,0,208,0,128,"SQ_WAIT_ANY",12362471.000000,1936763875840,1936764037863
108,108,"Agent 1",1,18759,18759,2048,17,"pk_gemm(__half const*, __half const*, __half*, int, int, int)",128,8704,0,208,0,128,"SQ_WAVES",64.000000,1936763875840,1936764037863
109,109,"Agent 1",1,18759,18759,2048,17,"pk_gemm(__half const*, __half const*, __half*, int, int, int)",128,8704,0,208,0,128,"GRBM_GUI_ACTIVE",249163.000000,1936764069722,1936764231345
109,109,"Agent 1",1,18759,18759,2048,17,"pk_gemm(__half const*, __half const*, __half*, int, int, int)",128,8704,0,208,0,128,"SQ_BUSY_CYCLES",483332.000000,1936764069722,1936764231345
109,109,"Agent 1",1,18759,18759,2048,17,"pk_gemm(__half const*, __half const*, __half*, int, int, int)",128,8704,0,208,0,128,"SQ_INSTS_LDS",163840.000000,1936764069722,1936764231345
109,109,"Agent 1",1,18759,18759,2048,17,"pk_gemm(__half const*, __half const*, __half*, int, int, int)",128,8704,0,208,0,128,"SQ_INSTS_VALU",2359168.000000,1936764069722,1936764231345
109,109,"Agent 1",1,18759,18759,2048,17,"pk_gemm(__half const*, __half const*, __half*, int, int, int)",128,8704,0,208,0,128,"SQ_WAIT_ANY",12313891.000000,1936764069722,1936764231345
109,109,"Agent 1",1,18759,18759,2048,17,"pk_gemm(__half const*, __half const*, __half*, int, int, int)",128,8704,0,208,0,128,"SQ_WAVES",64.000000,1936764069722,1936764231345
110,110,"Agent 1",1,18759,18759,2048,17,"pk_gemm(__half const*, __half const*, __half*, int, int, int)",128,8704,0,208,0,128,"GRBM_GUI_ACTIVE",250446.000000,1936764261401,1936764423745
110,110,"Agent 1",1,18759,18759,2048,17,"pk_gemm(__half const*, __half const*, __half*, int, int, int)",128,8704,0,208,0,128,"SQ_BUSY_CYCLES",485662.000000,1936764261401,1936764423745
110,110,"Agent 1",1,18759,18759,2048,17,"pk_gemm(__half const*, __half const*, __half*, int, int, int)",128,8704,0,208,0,128,"SQ_INSTS_LDS",163840.000000,1936764261401,1936764423745
110,110,"Agent 1",1,18759,18759,2048,17,"pk_gemm(__half const*, __half const*, __half*, int, int, int)",128,8704,0,208,0,128,"SQ_INSTS_VALU",2359168.000000,1936764261401,1936764423745
110,110,"Agent 1",1,18759,18759,2048,17,"pk_gemm(__half const*, __half const*, __half*, int, int, int)",128,8704,0,208,0,128,"SQ_WAIT_ANY",12376609.000000,1936764261401,1936764423745
110,110,"Agent 1",1,18759,18759,2048,17,"pk_gemm(__half const*, __half const*, __half*, int, int, int)",128,8704,0,208,0,128,"SQ_WAVES",64.000000,1936764261401,1936764423745
111,111,"Agent 1",1,18759,18759,2048,17,"pk_gemm(__half const*, __half const*, __half*, int, int, int)",128,8704,0,208,0,128,"GRBM_GUI_ACTIVE",249829.000000,1936764456647,1936764618830
111,111,"Agent 1",1,18759,18759,2048,17,"pk_gemm(__half const*, __half const*, __half*, int, int, int)",128,8704,0,208,0,128,"SQ_BUSY_CYCLES",484608.000000,1936764456647,1936764618830
111,111,"Agent 1",1,18759,18759,2048,17,"pk_gemm(__half const*, __half const*, __half*, int, int, int)",128,8704,0,208,0,128,"SQ_INSTS_LDS",163840.000000,1936764456647,1936764618830
111,111,"Agent 1",1,18759,18759,2048,17,"pk_gemm(__half const*, __half const*, __half*, int, int, int)",128,8704,0,208,0,128,"SQ_INSTS_VALU",2359168.000000,1936764456647,1936764618830
111,111,"Agent 1",1,18759,18759,2048,17,"pk_gemm(__half const*, __half const*, __half*, int, int, int)",128,8704,0,208,0,128,"SQ_WAIT_ANY",12367145.000000,1936764456647,1936764618830
111,111,"Agent 1",1,18759,18759,2048,17,"pk_gemm(__half const*, __half const*, __half*, int, int, int)",128,8704,0,208,0,128,"SQ_WAVES",64.000000,1936764456647,1936764618830
112,112,"Agent 1",1,18759,18759,2048,17,"pk_gemm(__half const*, __half const*, __half*, int, int, int)",128,8704,0,208,0,128,"GRBM_GUI_ACTIVE",249458.000000,1936764651331,1936764813234
112,112,"Agent 1",1,18759,18759,2048,17,"pk_gemm(__half const*, __half const*, __half*, int, int, int)",128,8704,0,208,0,128,"SQ_BUSY_CYCLES",484258.000000,1936764651331,1936764813234
112,112,"Agent 1",1,18759,18759,2048,17,"pk_gemm(__half const*, __half const*, __half*, int, int, int)",128,8704,0,208,0,128,"SQ_INSTS_LDS",163840.000000,1936764651331,1936764813234
112,112,"Agent 1",1,18759,18759,2048,17,"pk_gemm(__half const*, __half const*, __half*, int, int, int)",128,8704,0,208,0,128,"SQ_INSTS_VALU",2359168.000000,1936764651331,1936764813234
112,112,"Agent 1",1,18759,18759,2048,17,"pk_gemm(__half const*, __half const*, __half*, int, int, int)",128,8704,0,208,0,128,"SQ_WAIT_ANY",12349994.000000,1936764651331,1936764813234
112,112,"Agent 1",1,18759,18759,2048,17,"pk_gemm(__half const*, __half const*, __half*, int, int, int)",128,8704,0,208,0,128,"SQ_WAVES",64.000000,1936764651331,1936764813234
113,113,"Agent 1",1,18759,18759,2048,17,"pk_gemm(__half const*, __half const*, __half*, int, int, int)",128,8704,0,208,0,128,"GRBM_GUI_ACTIVE",248919.000000,1936764844653,1936765006235
113,113,"Agent 1",1,18759,18759,2048,17,"pk_gemm(__half const*, __half const*, __half*, int, int, int)",128,8704,0,208,0,128,"SQ_BUSY_CYCLES",483041.000000,1936764844653,1936765006235
113,113,"Agent 1",1,18759,18759,2048,17,"pk_gemm(__half const*, __half const*, __half*, int, int, int)",128,8704,0,208,0,128,"SQ_INSTS_LDS",163840.000000,1936764844653,1936765006235
113,113,"Agent 1",1,18759,18759,2048,17,"pk_gemm(__half const*, __half const*, __half*, int, int, int)",128,8704,0,208,0,128,"SQ_INSTS_VALU",2359168.000000,1936764844653,1936765006235
113,113,"Agent 1",1,18759,18759,2048,17,"pk_gemm(__half const*, __half const*, __half*, int, int, int)",128,8704,0,208,0,128,"SQ_WAIT_ANY",12315977.000000,1936764844653,1936765006235
113,113,"Agent 1",1,18759,18759,2048,17,"pk_gemm(__half const*, __half const*, __half*, int, int, int)",128,8704,0,208,0,128,"SQ_WAVES",64.000000,1936764844653,1936765006235
114,114,"Agent 1",1,18759,18759,2048,17,"pk_gemm(__half const*, __half const*, __half*, int, int, int)",128,8704,0,208,0,128,"GRBM_GUI_ACTIVE",249064.000000,1936765037374,1936765198836
114,114,"Agent 1",1,18759,18759,2048,17,"pk_gemm(__half const*, __half const*, __half*, int, int, int)",128,8704,0,208,0,128,"SQ_BUSY_CYCLES",482907.000000,1936765037374,1936765198836
114,114,"Agent 1",1,18759,18759,2048,17,"pk_gemm(__half const*, __half const*, __half*, int, int, int)",128,8704,0,208,0,128,"SQ_INSTS_LDS",163840.000000,1936765037374,1936765198836
114,114,"Agent 1",1,18759,18759,2048,17,"pk_gemm(__half const*, __half const*, __half*, int, int, int)",128,8704,0,208,0,128,"SQ_INSTS_VALU",2359168.000000,1936765037374,1936765198836
114,114,"Agent 1",1,18759,18759,2048,17,"pk_gemm(__half const*, __half const*, __half*, int, int, int)",128,8704,0,208,0,128,"SQ_WAIT_ANY",12292685.000000,1936765037374,1936765198836
114,114,"Agent 1",1,18759,18759,2048,17,"pk_gemm(__half const*, __half const*, __half*, int, int, int)",128,8704,0,208,0,128,"SQ_WAVES",64.000000,1936765037374,1936765198836
115,115,"Agent 1",1,18759,18759,2048,17,"pk_gemm(__half const*, __half const*, __half*, int, int, int)",128,8704,0,208,0,128,"GRBM_GUI_ACTIVE",250883.000000,1936765228732,1936765391436
115,115,"Agent 1",1,18759,18759,2048,17,"pk_gemm(__half const*, __half const*, __half*, int, int, int)",128,8704,0,208,0,128,"SQ_BUSY_CYCLES",486363.000000,1936765228732,1936765391436
115,115,"Agent 1",1,18759,18759,2048,17,"pk_gemm(__half const*, __half const*, __half*, int, int, int)",128,8704,0,208,0,128,"SQ_INSTS_LDS",163840.000000,1936765228732,1936765391436
115,115,"Agent 1",1,18759,18759,2048,17,"pk_gemm(__half const*, __half const*, __half*, int, int, int)",128,8704,0,208,0,128,"SQ_INSTS_VALU",2359168.000000,1936765228732,1936765391436
115,115,"Agent 1",1,18759,18759,2048,17,"pk_gemm(__half const*, __half const*, __half*, int, int, int)",128,8704,0,208,0,128,"SQ_WAIT_ANY",12394425.000000,1936765228732,1936765391436
115,115,"Agent 1",1,18759,18759,2048,17,"pk_gemm(__half const*, __half const*, __half*, int, int, int)",128,8704,0,208,0,128,"SQ_WAVES",64.000000,1936765228732,1936765391436
116,116,"Agent 1",1,18759,18759,2048,17,"pk_gemm(__half const*, __half const*, __half*, int, int, int)",128,8704,0,208,0,128,"GRBM_GUI_ACTIVE",250743.000000,1936765422014,1936765584638
116,116,"Agent 1",1,18759,18759,2048,17,"pk_gemm(__half const*, __half const*, __half*, int, int, int)",128,8704,0,208,0,128,"SQ_BUSY_CYCLES",486698.000000,1936765422014,1936765584638
116,116,"Agent 1",1,18759,18759,2048,17,"pk_gemm(__half const*, __half const*, __half*, int, int, int)",128,8704,0,208,0,128,"SQ_INSTS_LDS",163840.000000,1936765422014,1936765584638
116,116,"Agent 1",1,18759,18759,2048,17,"pk_gemm(__half const*, __half const*, __half*, int, int, int)",128,8704,0,208,0,128,"SQ_INSTS_VALU",2359168.000000,1936765422014,1936765584638
116,116,"Agent 1",1,18759,18759,2048,17,"pk_gemm(__half const*, __half const*, __half*, int, int, int)",128,8704,0,208,0,128,"SQ_WAIT_ANY",12441194.000000,1936765422014,1936765584638
116,116,"Agent 1",1,18759,18759,2048,17,"pk_gemm(__half const*, __half const*, __half*, int, int, int)",128,8704,0,208,0,128,"SQ_WAVES",64.000000,1936765422014,1936765584638
117,117,"Agent 1",1,18759,18759,2048,17,"pk_gemm(__half const*, __half const*, __half*, int, int, int)",128,8704,0,208,0,128,"GRBM_GUI_ACTIVE",249733.000000,1936765615736,1936765777799
117,117,"Agent 1",1,18759,18759,2048,17,"pk_gemm(__half const*, __half const*, __half*, int, int, int)",128,8704,0,208,0,128,"SQ_BUSY_CYCLES",484764.000000,1936765615736,1936765777799
117,117,"Agent 1",1,18759,18759,2048,17,"pk_gemm(__half const*, __half const*, __half*, int, int, int)",128,8704,0,208,0,128,"SQ_INSTS_LDS",163840.000000,1936765615736,1936765777799
117,117,"Agent 1",1,18759,18759,2048,17,"pk_gemm(__half const*, __half const*, __half*, int, int, int)",128,8704,0,208,0,128,"SQ_INSTS_VALU",2359168.000000,1936765615736,1936765777799
117,117,"Agent 1",1,18759,18759,2048,17,"pk_gemm(__half const*, __half const*, __half*, int, int, int)",128,8704,0,208,0,128,"SQ_WAIT_ANY",12375275.000000,1936765615736,1936765777799
117,117,"Agent 1",1,18759,18759,2048,17,"pk_gemm(__half const*, __half const*, __half*, int, int, int)",128,8704,0,208,0,128,"SQ_WAVES",64.000000,1936765615736,1936765777799
118,118,"Agent 1",1,18759,18759,2048,17,"pk_gemm(__half const*, __half const*, __half*, int, int, int)",128,8704,0,208,0,128,"GRBM_GUI_ACTIVE",250136.000000,1936765808337,1936765970560
118,118,"Agent 1",1,18759,18759,2048,17,"pk_gemm(__half const*, __half const*, __half*, int, int, int)",128,8704,0,208,0,128,"SQ_BUSY_CYCLES",485172.000000,1936765808337,1936765970560
118,118,"Agent 1",1,18759,18759,2048,17,"pk_gemm(__half const*, __half const*, __half*, int, int, int)",128,8704,0,208,0,128,"SQ_INSTS_LDS",163840.000000,1936765808337,1936765970560
118,118,"Agent 1",1,18759,18759,2048,17,"pk_gemm(__half const*, __half const*, __half*, int, int, int)",128,8704,0,208,0,128,"SQ_INSTS_VALU",2359168.000000,1936765808337,1936765970560
118,118,"Agent 1",1,18759,18759,2048,17,"pk_gemm(__half const*, __half const*, __half*, int, int, int)",128,8704,0,208,0,128,"SQ_WAIT_ANY",12369437.000000,1936765808337,1936765970560
118,118,"Agent 1",1,18759,18759,2048,17,"pk_gemm(__half const*, __half const*, __half*, int, int, int)",128,8704,0,208,0,128,"SQ_WAVES",64.000000,1936765808337,1936765970560
119,119,"Agent 1",1,18759,18759,2048,17,"pk_gemm(__half const*, __half const*, __half*, int, int, int)",128,8704,0,208,0,128,"GRBM_GUI_ACTIVE",248830.000000,1936765999134,1936766160716
119,119,"Agent 1",1,18759,18759,2048,17,"pk_gemm(__half const*, __half const*, __half*, int, int, int)",128,8704,0,208,0,128,"SQ_BUSY_CYCLES",482803.000000,1936765999134,1936766160716
119,119,"Agent 1",1,18759,18759,2048,17,"pk_gemm(__half const*, __half const*, __half*, int, int, int)",128,8704,0,208,0,128,"SQ_INSTS_LDS",163840.000000,1936765999134,1936766160716
119,119,"Agent 1",1,18759,18759,2048,17,"pk_gemm(__half const*, __half const*, __half*, int, int, int)",128,8704,0,208,0,128,"SQ_INSTS_VALU",2359168.000000,1936765999134,1936766160716
119,119,"Agent 1",1,18759,18759,2048,17,"pk_gemm(__half const*, __half const*, __half*, int, int, int)",128,8704,0,208,0,128,"SQ_WAIT_ANY",12295247.000000,1936765999134,1936766160716
119,119,"Agent 1",1,18759,18759,2048,17,"pk_gemm(__half const*, __half const*, __half*, int, int, int)",128,8704,0,208,0,128,"SQ_WAVES",64.000000,1936765999134,1936766160716
120,120,"Agent 1",1,18759,18759,2048,17,"pk_gemm(__half const*, __half const*, __half*, int, int, int)",128,8704,0,208,0,128,"GRBM_GUI_ACTIVE",249794.000000,1936766189210,1936766351313
120,120,"Agent 1",1,18759,18759,2048,17,"pk_gemm(__half const*, __half const*, __half*, int, int, int)",128,8704,0,208,0,128,"SQ_BUSY_CYCLES",484802.000000,1936766189210,1936766351313
120,120,"Agent 1",1,18759,18759,2048,17,"pk_gemm(__half const*, __half const*, __half*, int, int, int)",128,8704,0,208,0,128,"SQ_INSTS_LDS",163840.000000,1936766189210,1936766351313
120,120,"Agent 1",1,18759,18759,2048,17,"pk_gemm(__half const*, __half const*, __half*, int, int, int)",128,8704,0,208,0,128,"SQ_INSTS_VALU",2359168.000000,1936766189210,1936766351313
120,120,"Agent 1",1,18759,18759,2048,17,"pk_gemm(__half const*, __half const*, __half*, int, int, int)",128,8704,0,208,0,128,"SQ_WAIT_ANY",12345756.000000,1936766189210,1936766351313
120,120,"Agent 1",1,18759,18759,2048,17,"pk_gemm(__half const*, __half const*, __half*, int, int, int)",128,8704,0,208,0,128,"SQ_WAVES",64.000000,1936766189210,1936766351313
121,121,"Agent 1",1,18759,18759,2048,17,"pk_gemm(__half const*, __half const*, __half*, int, int, int)",128,8704,0,208,0,128,"GRBM_GUI_ACTIVE",250174.000000,1936766379526,1936766541910
121,121,"Agent 1",1,18759,18759,2048,17,"pk_gemm(__half const*, __half const*, __half*, int, int, int)",128,8704,0,208,0,128,"SQ_BUSY_CYCLES",485849.000000,1936766379526,1936766541910
121,121,"Agent 1",1,18759,18759,2048,17,"pk_gemm(__half const*, __half const*, __half*, int, int, int)",128,8704,0,208,0,128,"SQ_INSTS_LDS",163840.000000,1936766379526,1936766541910
121,121,"Agent 1",1,18759,18759,2048,17,"pk_gemm(__half const*, __half const*, __half*, int, int, int)",128,8704,0,208,0,128,"SQ_INSTS_VALU",2359168.000000,1936766379526,1936766541910
121,121,"Agent 1",1,18759,18759,2048,17,"pk_gemm(__half const*, __half const*, __half*, int, int, int)",128,8704,0,208,0,128,"SQ_WAIT_ANY",12402779.000000,1936766379526,1936766541910
121,121,"Agent 1",1,18759,18759,2048,17,"pk_gemm(__half const*, __half const*, __half*, int, int, int)",128,8704,0,208,0,128,"SQ_WAVES",64.000000,1936766379526,1936766541910
122,122,"Agent 1",1,18759,18759,2048,17,"pk_gemm(__half const*, __half const*, __half*, int, int, int)",128,8704,0,208,0,128,"GRBM_GUI_ACTIVE",250128.000000,1936766571164,1936766733348
122,122,"Agent 1",1,18759,18759,2048,17,"pk_gemm(__half const*, __half const*, __half*, int, int, int)",128,8704,0,208,0,128,"SQ_BUSY_CYCLES",485177.000000,1936766571164,1936766733348
122,122,"Agent 1",1,18759,18759,2048,17,"pk_gemm(__half const*, __half const*, __half*, int, int, int)",128,8704,0,208,0,128,"SQ_INSTS_LDS",163840.000000,1936766571164,1936766733348
122,122,"Agent 1",1,18759,18759,2048,17,"pk_gemm(__half const*, __half const*, __half*, int, int, int)",128,8704,0,208,0,128,"SQ_INSTS_VALU",2359168.000000,1936766571164,1936766733348
122,122,"Agent 1",1,18759,18759,2048,17,"pk_gemm(__half const*, __half const*, __half*, int, int, int)",128,8704,0,208,0,128,"SQ_WAIT_ANY",12386398.000000,1936766571164,1936766733348
122,122,"Agent 1",1,18759,18759,2048,17,"pk_gemm(__half const*, __half const*, __half*, int, int, int)",128,8704,0,208,0,128,"SQ_WAVES",64.000000,1936766571164,1936766733348
123,123,"Agent 1",1,18759,18759,2048,17,"pk_gemm(__half const*, __half const*, __half*, int, int, int)",128,8704,0,208,0,128,"GRBM_GUI_ACTIVE",249124.000000,1936766762763,1936766924386
123,123,"Agent 1",1,18759,18759,2048,17,"pk_gemm(__half const*, __half const*, __half*, int, int, int)",128,8704,0,208,0,128,"SQ_BUSY_CYCLES",482759.000000,1936766762763,1936766924386
123,123,"Agent 1",1,18759,18759,2048,17,"pk_gemm(__half const*, __half const*, __half*, int, int, int)",128,8704,0,208,0,128,"SQ_INSTS_LDS",163840.000000,1936766762763,1936766924386
123,123,"Agent 1",1,18759,18759,2048,17,"pk_gemm(__half const*, __half const*, __half*, int, int, int)",128,8704,0,208,0,128,"SQ_INSTS_VALU",2359168.000000,1936766762763,1936766924386
123,123,"Agent 1",1,18759,18759,2048,17,"pk_gemm(__half const*, __half const*, __half*, int, int, int)",128,8704,0,208,0,128,"SQ_WAIT_ANY",12308596.000000,1936766762763,1936766924386
123,123,"Agent 1",1,18759,18759,2048,17,"pk_gemm(__half const*, __half const*, __half*, int, int, int)",128,8704,0,208,0,128,"SQ_WAVES",64.000000,1936766762763,1936766924386
124,124,"Agent 1",1,18759,18759,2048,17,"pk_gemm(__half const*, __half const*, __half*, int, int, int)",128,8704,0,208,0,128,"GRBM_GUI_ACTIVE",248326.000000,1936766953520,1936767114662
124,124,"Agent 1",1,18759,18759,2048,17,"pk_gemm(__half const*, __half const*, __half*, int, int, int)",128,8704,0,208,0,128,"SQ_BUSY_CYCLES",481842.000000,1936766953520,1936767114662
124,124,"Agent 1",1,18759,18759,2048,17,"pk_gemm(__half const*, __half const*, __half*, int, int, int)",128,8704,0,208,0,128,"SQ_INSTS_LDS",163840.000000,1936766953520,1936767114662
124,124,"Agent 1",1,18759,18759,2048,17,"pk_gemm(__half const*, __half const*, __half*, int, int, int)",128,8704,0,208,0,128,"SQ_INSTS_VALU",2359168.000000,1936766953520,1936767114662
124,124,"Agent 1",1,18759,18759,2048,17,"pk_gemm(__half const*, __half const*, __half*, int, int, int)",128,8704,0,208,0,128,"SQ_WAIT_ANY",12266818.000000,1936766953520,1936767114662
124,124,"Agent 1",1,18759,18759,2048,17,"pk_gemm(__half const*, __half const*, __half*, int, int, int)",128,8704,0,208,0,128,"SQ_WAVES",64.000000,1936766953520,1936767114662
125,125,"Agent 1",1,18759,18759,2048,17,"pk_gemm(__half const*, __half const*, __half*, int, int, int)",128,8704,0,208,0,128,"GRBM_GUI_ACTIVE",249780.000000,1936767143756,1936767305940
125,125,"Agent 1",1,18759,18759,2048,17,"pk_gemm(__half const*, __half const*, __half*, int, int, int)",128,8704,0,208,0,128,"SQ_BUSY_CYCLES",485194.000000,1936767143756,1936767305940
125,125,"Agent 1",1,18759,18759,2048,17,"pk_gemm(__half const*, __half const*, __half*, int, int, int)",128,8704,0,208,0,128,"SQ_INSTS_LDS",163840.000000,1936767143756,1936767305940
125,125,"Agent 1",1,18759,18759,2048,17,"pk_gemm(__half const*, __half const*, __half*, int, int, int)",128,8704,0,208,0,128,"SQ_INSTS_VALU",2359168.000000,1936767143756,1936767305940
125,125,"Agent 1",1,18759,18759,2048,17,"pk_gemm(__half const*, __half const*, __half*, int, int, int)",128,8704,0,208,0,128,"SQ_WAIT_ANY",12373468.000000,1936767143756,1936767305940
125,125,"Agent 1",1,18759,18759,2048,17,"pk_gemm(__half const*, __half const*, __half*, int, int, int)",128,8704,0,208,0,128,"SQ_WAVES",64.000000,1936767143756,1936767305940
126,126,"Agent 1",1,18759,18759,2048,17,"pk_gemm(__half const*, __half const*, __half*, int, int, int)",128,8704,0,208,0,128,"GRBM_GUI_ACTIVE",250186.000000,1936767334473,1936767496737
126,126,"Agent 1",1,18759,18759,2048,17,"pk_gemm(__half const*, __half const*, __half*, int, int, int)",128,8704,0,208,0,128,"SQ_BUSY_CYCLES",485326.000000,1936767334473,1936767496737
126,126,"Agent 1",1,18759,18759,2048,17,"pk_gemm(__half const*, __half const*, __half*, int, int, int)",128,8704,0,208,0,128,"SQ_INSTS_LDS",163840.000000,1936767334473,1936767496737
126,126,"Agent 1",1,18759,18759,2048,17,"pk_gemm(__half const*, __half const*, __half*, int, int, int)",128,8704,0,208,0,128,"SQ_INSTS_VALU",2359168.000000,1936767334473,1936767496737
126,126,"Agent 1",1,18759,18759,2048,17,"pk_gemm(__half const*, __half const*, __half*, int, int, int)",128,8704,0,208,0,128,"SQ_WAIT_ANY",12396733.000000,1936767334473,1936767496737
126,126,"Agent 1",1,18759,18759,2048,17,"pk_gemm(__half const*, __half const*, __half*, int, int, int)",128,8704,0,208,0,128,"SQ_WAVES",64.000000,1936767334473,1936767496737
127,127,"Agent 1",1,18759,18759,2048,17,"pk_gemm(__half const*, __half const*, __half*, int, int, int)",128,8704,0,208,0,128,"GRBM_GUI_ACTIVE",250107.000000,1936767525030,1936767687374
127,127,"Agent 1",1,18759,18759,2048,17,"pk_gemm(__half const*, __half const*, __half*, int, int, int)",128,8704,0,208,0,128,"SQ_BUSY_CYCLES",485286.000000,1936767525030,1936767687374
127,127,"Agent 1",1,18759,18759,2048,17,"pk_gemm(__half const*, __half const*, __half*, int, int, int)",128,8704,0,208,0,128,"SQ_INSTS_LDS",163840.000000,1936767525030,1936767687374
127,127,"Agent 1",1,18759,18759,2048,17,"pk_gemm(__half const*, __half const*, __half*, int, int, int)",128,8704,0,208,0,128,"SQ_INSTS_VALU",2359168.000000,1936767525030,1936767687374
127,127,"Agent 1",1,18759,18759,2048,17,"pk_gemm(__half const*, __half const*, __half*, int, int, int)",128,8704,0,208,0,128,"SQ_WAIT_ANY",12397827.000000,1936767525030,1936767687374
127,127,"Agent 1",1,18759,18759,2048,17,"pk_gemm(__half const*, __half const*, __half*, int, int, int)",128,8704,0,208,0,128,"SQ_WAVES",64.000000,1936767525030,1936767687374
128,128,"Agent 1",1,18759,18759,2048,17,"pk_gemm(__half const*, __half const*, __half*, int, int, int)",128,8704,0,208,0,128,"GRBM_GUI_ACTIVE",249018.000000,1936767716228,1936767877890
128,128,"Agent 1",1,18759,18759,2048,17,"pk_gemm(__half const*, __half const*, __half*, int, int, int)",128,8704,0,208,0,128,"SQ_BUSY_CYCLES",483366.000000,1936767716228,1936767877890
128,128,"Agent 1",1,18759,18759,2048,17,"pk_gemm(__half const*, __half const*, __half*, int, int, int)",128,8704,0,208,0,128,"SQ_INSTS_LDS",163840.000000,1936767716228,1936767877890
128,128,"Agent 1",1,18759,18759,2048,17,"pk_gemm(__half const*, __half const*, __half*, int, int, int)",128,8704,0,208,0,128,"SQ_INSTS_VALU",2359168.000000,1936767716228,1936767877890
128,128,"Agent 1",1,18759,18759,2048,17,"pk_gemm(__half const*, __half const*, __half*, int, int, int)",128,8704,0,208,0,128,"SQ_WAIT_ANY",12330193.000000,1936767716228,1936767877890
128,128,"Agent 1",1,18759,18759,2048,17,"pk_gemm(__half const*, __half const*, __half*, int, int, int)",128,8704,0,208,0,128,"SQ_WAVES",64.000000,1936767716228,1936767877890
129,129,"Agent 1",1,18759,18759,2048,17,"pk_gemm(__half const*, __half const*, __half*, int, int, int)",128,8704,0,208,0,128,"GRBM_GUI_ACTIVE",248430.000000,1936767906143,1936768067445
129,129,"Agent 1",1,18759,18759,2048,17,"pk_gemm(__half const*, __half const*, __half*, int, int, int)",128,8704,0,208,0,128,"SQ_BUSY_CYCLES",482385.000000,1936767906143,1936768067445
129,129,"Agent 1",1,18759,18759,2048,17,"pk_gemm(__half const*, __half const*, __half*, int, int, int)",128,8704,0,208,0,128,"SQ_INSTS_LDS",163840.000000,1936767906143,1936768067445
129,129,"Agent 1",1,18759,18759,2048,17,"pk_gemm(__half const*, __half const*, __half*, int, int, int)",128,8704,0,208,0,128,"SQ_INSTS_VALU",2359168.000000,1936767906143,1936768067445
129,129,"Agent 1",1,18759,18759,2048,17,"pk_gemm(__half const*, __half const*, __half*, int, int, int)",128,8704,0,208,0,128,"SQ_WAIT_ANY",12276576.000000,1936767906143,1936768067445
129,129,"Agent 1",1,18759,18759,2048,17,"pk_gemm(__half const*, __half const*, __half*, int, int, int)",128,8704,0,208,0,128,"SQ_WAVES",64.000000,1936767906143,1936768067445
130,130,"Agent 1",1,18759,18759,8192,17,"pk_gemm(__half const*, __half const*, __half*, int, int, int)",128,8704,0,208,0,128,"GRBM_GUI_ACTIVE",779843.000000,1936795647463,1936796163108
130,130,"Agent 1",1,18759,18759,8192,17,"pk_gemm(__half const*, __half const*, __half*, int, int, int)",128,8704,0,208,0,128,"SQ_BUSY_CYCLES",1528795.000000,1936795647463,1936796163108
130,130,"Agent 1",1,18759,18759,8192,17,"pk_gemm(__half const*, __half const*, __half*, int, int, int)",128,8704,0,208,0,128,"SQ_INSTS_LDS",1310720.000000,1936795647463,1936796163108
130,130,"Agent 1",1,18759,18759,8192,17,"pk_gemm(__half const*, __half const*, __half*, int, int, int)",128,8704,0,208,0,128,"SQ_INSTS_VALU",18710016.000000,1936795647463,1936796163108
130,130,"Agent 1",1,18759,18759,8192,17,"pk_gemm(__half const*, __half const*, __half*, int, int, int)",128,8704,0,208,0,128,"SQ_WAIT_ANY",153510299.000000,1936795647463,1936796163108
130,130,"Agent 1",1,18759,18759,8192,17,"pk_gemm(__half const*, __half const*, __half*, int, int, int)",128,8704,0,208,0,128,"SQ_WAVES",256.000000,1936795647463,1936796163108
131,131,"Agent 1",1,18759,18759,8192,17,"pk_gemm(__half const*, __half const*, __half*, int, int, int)",128,8704,0,208,0,128,"GRBM_GUI_ACTIVE",737357.000000,1936796198333,1936796686045
131,131,"Agent 1",1,18759,18759,8192,17,"pk_gemm(__half const*, __half const*, __half*, int, int, int)",128,8704,0,208,0,128,"SQ_BUSY_CYCLES",1456555.000000,1936796198333,1936796686045
131,131,"Agent 1",1,18759,18759,8192,17,"pk_gemm(__half const*, __half const*, __half*, int, int, int)",128,8704,0,208,0,128,"SQ_INSTS_LDS",1310720.000000,1936796198333,1936796686045
131,131,"Agent 1",1,18759,18759,8192,17,"pk_gemm(__half const*, __half const*, __half*, int, int, int)",128,8704,0,208,0,128,"SQ_INSTS_VALU",18710016.000000,1936796198333,1936796686045
131,131,"Agent 1",1,18759,18759,8192,17,"pk_gemm(__half const*, __half const*, __half*, int, int, int)",128,8704,0,208,0,128,"SQ_WAIT_ANY",144831855.000000,1936796198333,1936796686045
131,131,"Agent 1",1,18759,18759,8192,17,"pk_gemm(__half const*, __half const*, __half*, int, int, int)",128,8704,0,208,0,128,"SQ_WAVES",256.000000,1936796198333,1936796686045
132,132,"Agent 1",1,18759,18759,8192,17,"pk_gemm(__half const*, __half const*, __half*, int, int, int)",128,8704,0,208,0,128,"GRBM_GUI_ACTIVE",743139.000000,1936796718947,1936797210146
132,132,"Agent 1",1,18759,18759,8192,17,"pk_gemm(__half const*, __half const*, __half*, int, int, int)",128,8704,0,208,0,128,"SQ_BUSY_CYCLES",1468345.000000,1936796718947,1936797210146
132,132,"Agent 1",1,18759,18759,8192,17,"pk_gemm(__half const*, __half const*, __half*, int, int, int)",128,8704,0,208,0,128,"SQ_INSTS_LDS",1310720.000000,1936796718947,1936797210146
132,132,"Agent 1",1,18759,18759,8192,17,"pk_gemm(__half const*, __half const*, __half*, int, int, int)",128,8704,0,208,0,128,"SQ_INSTS_VALU",18710016.000000,1936796718947,1936797210146
132,132,"Agent 1",1,18759,18759,8192,17,"pk_gemm(__half const*, __half const*, __half*, int, int, int)",128,8704,0,208,0,128,"SQ_WAIT_ANY",145666219.000000,1936796718947,1936797210146
132,132,"Agent 1",1,18759,18759,8192,17,"pk_gemm(__half const*, __half const*, __half*, int, int, int)",128,8704,0,208,0,128,"SQ_WAVES",256.000000,1936796718947,1936797210146
133,133,"Agent 1",1,18759,18759,8192,17,"pk_gemm(__half const*, __half const*, __half*, int, int, int)",128,8704,0,208,0,128,"GRBM_GUI_ACTIVE",765683.000000,1936797242166,1936797748554
133,133,"Agent 1",1,18759,18759,8192,17,"pk_gemm(__half const*, __half const*, __half*, int, int, int)",128,8704,0,208,0,128,"SQ_BUSY_CYCLES",1500286.000000,1936797242166,1936797748554
133,133,"Agent 1",1,18759,18759,8192,17,"pk_gemm(__half const*, __half const*, __half*, int, int, int)",128,8704,0,208,0,128,"SQ_INSTS_LDS",1310720.000000,1936797242166,1936797748554
133,133,"Agent 1",1,18759,18759,8192,17,"pk_gemm(__half const*, __half const*, __half*, int, int, int)",128,8704,0,208,0,128,"SQ_INSTS_VALU",18710016.000000,1936797242166,1936797748554
133,133,"Agent 1",1,18759,18759,8192,17,"pk_gemm(__half const*, __half const*, __half*, int, int, int)",128,8704,0,208,0,128,"SQ_WAIT_ANY",148804721.000000,1936797242166,1936797748554
133,133,"Agent 1",1,18759,18759,8192,17,"pk_gemm(__half const*, __half const*, __half*, int, int, int)",128,8704,0,208,0,128,"SQ_WAVES",256.000000,1936797242166,1936797748554
134,134,"Agent 1",1,18759,18759,8192,17,"pk_gemm(__half const*, __half const*, __half*, int, int, int)",128,8704,0,208,0,128,"GRBM_GUI_ACTIVE",764878.000000,1936797779972,1936798285999
134,134,"Agent 1",1,18759,18759,8192,17,"pk_gemm(__half const*, __half const*, __half*, int, int, int)",128,8704,0,208,0,128,"SQ_BUSY_CYCLES",1490859.000000,1936797779972,1936798285999
134,134,"Agent 1",1,18759,18759,8192,17,"pk_gemm(__half const*, __half const*, __half*, int, int, int)",128,8704,0,208,0,128,"SQ_INSTS_LDS",1310720.000000,1936797779972,1936798285999
134,134,"Agent 1",1,18759,18759,8192,17,"pk_gemm(__half const*, __half const*, __half*, int, int, int)",128,8704,0,208,0,128,"SQ_INSTS_VALU",18710016.000000,1936797779972,1936798285999
134,134,"Agent 1",1,18759,18759,8192,17,"pk_gemm(__half const*, __half const*, __half*, int, int, int)",128,8704,0,208,0,128,"SQ_WAIT_ANY",151323145.000000,1936797779972,1936798285999
134,134,"Agent 1",1,18759,18759,8192,17,"pk_gemm(__half const*, __half const*, __half*, int, int, int)",128,8704,0,208,0,128,"SQ_WAVES",256.000000,1936797779972,1936798285999
135,135,"Agent 1",1,18759,18759,8192,17,"pk_gemm(__half const*, __half const*, __half*, int, int, int)",128,8704,0,208,0,128,"GRBM_GUI_ACTIVE",748918.000000,1936798316937,1936798812144
135,135,"Agent 1",1,18759,18759,8192,17,"pk_gemm(__half const*, __half const*, __half*, int, int, int)",128,8704,0,208,0,128,"SQ_BUSY_CYCLES",1480748.000000,1936798316937,1936798812144
135,135,"Agent 1",1,18759,18759,8192,17,"pk_gemm(__half const*, __half const*, __half*, int, int, int)",128,8704,0,208,0,128,"SQ_INSTS_LDS",1310720.000000,1936798316937,1936798812144
135,135,"Agent 1",1,18759,18759,8192,17,"pk_gemm(__half const*, __half const*, __half*, int, int, int)",128,8704,0,208,0,128,"SQ_INSTS_VALU",18710016.000000,1936798316937,1936798812144
135,135,"Agent 1",1,18759,18759,8192,17,"pk_gemm(__half const*, __half const*, __half*, int, int, int)",128,8704,0,208,0,128,"SQ_WAIT_ANY",146587479.000000,1936798316937,1936798812144
135,135,"Agent 1",1,18759,18759,8192,17,"pk_gemm(__half const*, __half const*, __half*, int, int, int)",128,8704,0,208,0,128,"SQ_WAVES",256.000000,1936798316937,1936798812144
136,136,"Agent 1",1,18759,18759,8192,17,"pk_gemm(__half const*, __half const*, __half*, int, int, int)",128,8704,0,208,0,128,"GRBM_GUI_ACTIVE",762161.000000,1936798843483,1936799347466
136,136,"Agent 1",1,18759,18759,8192,17,"pk_gemm(__half const*, __half const*, __half*, int, int, int)",128,8704,0,208,0,128,"SQ_BUSY_CYCLES",1498240.000000,1936798843483,1936799347466
136,136,"Agent 1",1,18759,18759,8192,17,"pk_gemm(__half const*, __half const*, __half*, int, int, int)",128,8704,0,208,0,128,"SQ_INSTS_LDS",1310720.000000,1936798843483,1936799347466
136,136,"Agent 1",1,18759,18759,8192,17,"pk_gemm(__half const*, __half const*, __half*, int, int, int)",128,8704,0,208,0,128,"SQ_INSTS_VALU",18710016.000000,1936798843483,1936799347466
136,136,"Agent 1",1,18759,18759,8192,17,"pk_gemm(__half const*, __half const*, __half*, int, int, int)",128,8704,0,208,0,128,"SQ_WAIT_ANY",152679498.000000,1936798843483,1936799347466
136,136,"Agent 1",1,18759,18759,8192,17,"pk_gemm(__half const*, __half const*, __half*, int, int, int)",128,8704,0,208,0,128,"SQ_WAVES",256.000000,1936798843483,1936799347466
137,137,"Agent 1",1,18759,18759,8192,17,"pk_gemm(__half const*, __half const*, __half*, int, int, int)",128,8704,0,208,0,128,"GRBM_GUI_ACTIVE",727179.000000,1936799378003,1936799858983
137,137,"Agent 1",1,18759,18759,8192,17,"pk_gemm(__half const*, __half const*, __half*, int, int, int)",128,8704,0,208,0,128,"SQ_BUSY_CYCLES",1436591.000000,1936799378003,1936799858983
137,137,"Agent 1",1,18759,18759,8192,17,"pk_gemm(__half const*, __half const*, __half*, int, int, int)",128,8704,0,208,0,128,"SQ_INSTS_LDS",1310720.000000,1936799378003,1936799858983
137,137,"Agent 1",1,18759,18759,8192,17,"pk_gemm(__half const*, __half const*, __half*, int, int, int)",128,8704,0,208,0,128,"SQ_INSTS_VALU",18710016.000000,1936799378003,1936799858983
137,137,"Agent 1",1,18759,18759,8192,17,"pk_gemm(__half const*, __half const*, __half*, int, int, int)",128,8704,0,208,0,128,"SQ_WAIT_ANY",143020032.000000,1936799378003,1936799858983
137,137,"Agent 1",1,18759,18759,8192,17,"pk_gemm(__half const*, __half const*, __half*, int, int, int)",128,8704,0,208,0,128,"SQ_WAVES",256.000000,1936799378003,1936799858983
138,138,"Agent 1",1,18759,18759,8192,17,"pk_gemm(__half const*, __half const*, __half*, int, int, int)",128,8704,0,208,0,128,"GRBM_GUI_ACTIVE",747636.000000,1936799918013,1936800412138
138,138,"Agent 1",1,18759,18759,8192,17,"pk_gemm(__half const*, __half const*, __half*, int, int, int)",128,8704,0,208,0,128,"SQ_BUSY_CYCLES",1474384.000000,1936799918013,1936800412138
138,138,"Agent 1",1,18759,18759,8192,17,"pk_gemm(__half const*, __half const*, __half*, int, int, int)",128,8704,0,208,0,128,"SQ_INSTS_LDS",1310720.000000,1936799918013,1936800412138
138,138,"Agent 1",1,18759,18759,8192,17,"pk_gemm(__half const*, __half const*, __half*, int, int, int)",128,8704,0,208,0,128,"SQ_INSTS_VALU",18710016.000000,1936799918013,1936800412138
138,138,"Agent 1",1,18759,18759,8192,17,"pk_gemm(__half const*, __half const*, __half*, int, int, int)",128,8704,0,208,0,128,"SQ_WAIT_ANY",144159388.000000,1936799918013,1936800412138
138,138,"Agent 1",1,18759,18759,8192,17,"pk_gemm(__half const*, __half const*, __half*, int, int, int)",128,8704,0,208,0,128,"SQ_WAVES",256.000000,1936799918013,1936800412138
139,139,"Agent 1",1,18759,18759,8192,17,"pk_gemm(__half const*, __half const*, __half*, int, int, int)",128,8704,0,208,0,128,"GRBM_GUI_ACTIVE",1046537.000000,1936800446803,1936801109042
139,139,"Agent 1",1,18759,18759,8192,17,"pk_gemm(__half const*, __half const*, __half*, int, int, int)",128,8704,0,208,0,128,"SQ_BUSY_CYCLES",1808103.000000,1936800446803,1936801109042
139,139,"Agent 1",1,18759,18759,8192,17,"pk_gemm(__half const*, __half const*, __half*, int, int, int)",128,8704,0,208,0,128,"SQ_INSTS_LDS",1319016.000000,1936800446803,1936801109042
139,139,"Agent 1",1,18759,18759,8192,17,"pk_gemm(__half const*, __half const*, __half*, int, int, int)",128,8704,0,208,0,128,"SQ_INSTS_VALU",18916150.000000,1936800446803,1936801109042
139,139,"Agent 1",1,18759,18759,8192,17,"pk_gemm(__half const*, __half const*, __half*, int, int, int)",128,8704,0,208,0,128,"SQ_WAIT_ANY",181579023.000000,1936800446803,1936801109042
139,139,"Agent 1",1,18759,18759,8192,17,"pk_gemm(__half const*, __half const*, __half*, int, int, int)",128,8704,0,208,0,128,"SQ_WAVES",740.000000,1936800446803,1936801109042
140,140,"Agent 1",1,18759,18759,8192,17,"pk_gemm(__half const*, __half const*, __half*, int, int, int)",128,8704,0,208,0,128,"GRBM_GUI_ACTIVE",782604.000000,1936801244255,1936801761102
140,140,"Agent 1",1,18759,18759,8192,17,"pk_gemm(__half const*, __half const*, __half*, int, int, int)",128,8704,0,208,0,128,"SQ_BUSY_CYCLES",1537145.000000,1936801244255,1936801761102
140,140,"Agent 1",1,18759,18759,8192,17,"pk_gemm(__half const*, __half const*, __half*, int, int, int)",128,8704,0,208,0,128,"SQ_INSTS_LDS",1310720.000000,1936801244255,1936801761102
140,140,"Agent 1",1,18759,18759,8192,17,"pk_gemm(__half const*, __half const*, __half*, int, int, int)",128,8704,0,208,0,128,"SQ_INSTS_VALU",18710016.000000,1936801244255,1936801761102
140,140,"Agent 1",1,18759,18759,8192,17,"pk_gemm(__half const*, __half const*, __half*, int, int, int)",128,8704,0,208,0,128,"SQ_WAIT_ANY",155620836.000000,1936801244255,1936801761102
140,140,"Agent 1",1,18759,18759,8192,17,"pk_gemm(__half const*, __half const*, __half*, int, int, int)",128,8704,0,208,0,128,"SQ_WAVES",256.000000,1936801244255,1936801761102
141,141,"Agent 1",1,18759,18759,8192,17,"pk_gemm(__half const*, __half const*, __half*, int, int, int)",128,8704,0,208,0,128,"GRBM_GUI_ACTIVE",741322.000000,1936801795326,1936802285564
141,141,"Agent 1",1,18759,18759,8192,17,"pk_gemm(__half const*, __half const*, __half*, int, int, int)",128,8704,0,208,0,128,"SQ_BUSY_CYCLES",1457693.000000,1936801795326,1936802285564
141,141,"Agent 1",1,18759,18759,8192,17,"pk_gemm(__half const*, __half const*, __half*, int, int, int)",128,8704,0,208,0,128,"SQ_INSTS_LDS",1310720.000000,1936801795326,1936802285564
141,141,"Agent 1",1,18759,18759,8192,17,"pk_gemm(__half const*, __half const*, __half*, int, int, int)",128,8704,0,208,0,128,"SQ_INSTS_VALU",18710016.000000,1936801795326,1936802285564
141,141,"Agent 1",1,18759,18759,8192,17,"pk_gemm(__half const*, __half const*, __half*, int, int, int)",128,8704,0,208,0,128,"SQ_WAIT_ANY",144527852.000000,1936801795326,1936802285564
141,141,"Agent 1",1,18759,18759,8192,17,"pk_gemm(__half const*, __half const*, __half*, int, int, int)",128,8704,0,208,0,128,"SQ_WAVES",256.000000,1936801795326,1936802285564
142,142,"Agent 1",1,18759,18759,8192,17,"pk_gemm(__half const*, __half const*, __half*, int, int, int)",128,8704,0,208,0,128,"GRBM_GUI_ACTIVE",752525.000000,1936802322192,1936802819884
142,142,"Agent 1",1,18759,18759,8192,17,"pk_gemm(__half const*, __half const*, __half*, int, int, int)",128,8704,0,208,0,128,"SQ_BUSY_CYCLES",1486261.000000,1936802322192,1936802819884
142,142,"Agent 1",1,18759,18759,8192,17,"pk_gemm(__half const*, __half const*, __half*, int, int, int)",128,8704,0,208,0,128,"SQ_INSTS_LDS",1310720.000000,1936802322192,1936802819884
142,142,"Agent 1",1,18759,18759,8192,17,"pk_gemm(__half const*, __half const*, __half*, int, int, int)",128,8704,0,208,0,128,"SQ_INSTS_VALU",18710016.000000,1936802322192,1936802819884
142,142,"Agent 1",1,18759,18759,8192,17,"pk_gemm(__half const*, __half const*, __half*, int, int, int)",128,8704,0,208,0,128,"SQ_WAIT_ANY",149147013.000000,1936802322192,1936802819884
142,142,"Agent 1",1,18759,18759,8192,17,"pk_gemm(__half const*, __half const*, __half*, int, int, int)",128,8704,0,208,0,128,"SQ_WAVES",256.000000,1936802322192,1936802819884
143,143,"Agent 1",1,18759,18759,8192,17,"pk_gemm(__half const*, __half const*, __half*, int, int, int)",128,8704,0,208,0,128,"GRBM_GUI_ACTIVE",747255.000000,1936802856272,1936803350517
143,143,"Agent 1",1,18759,18759,8192,17,"pk_gemm(__half const*, __half const*, __half*, int, int, int)",128,8704,0,208,0,128,"SQ_BUSY_CYCLES",1462774.000000,1936802856272,1936803350517
143,143,"Agent 1",1,18759,18759,8192,17,"pk_gemm(__half const*, __half const*, __half*, int, int, int)",128,8704,0,208,0,128,"SQ_INSTS_LDS",1310720.000000,1936802856272,1936803350517
143,143,"Agent 1",1,18759,18759,8192,17,"pk_gemm(__half const*, __half const*, __half*, int, int, int)",128,8704,0,208,0,128,"SQ_INSTS_VALU",18710016.000000,1936802856272,1936803350517
143,143,"Agent 1",1,18759,18759,8192,17,"pk_gemm(__half const*, __half const*, __half*, int, int, int)",128,8704,0,208,0,128,"SQ_WAIT_ANY",143908892.000000,1936802856272,1936803350517
143,143,"Agent 1",1,18759,18759,8192,17,"pk_gemm(__half const*, __half const*, __half*, int, int, int)",128,8704,0,208,0,128,"SQ_WAVES",256.000000,1936802856272,1936803350517
144,144,"Agent 1",1,18759,18759,8192,17,"pk_gemm(__half const*, __half const*, __half*, int, int, int)",128,8704,0,208,0,128,"GRBM_GUI_ACTIVE",748835.000000,1936803384380,1936803879627
144,144,"Agent 1",1,18759,18759,8192,17,"pk_gemm(__half const*, __half const*, __half*, int, int, int)",128,8704,0,208,0,128,"SQ_BUSY_CYCLES",1473067.000000,1936803384380,1936803879627
144,144,"Agent 1",1,18759,18759,8192,17,"pk_gemm(__half const*, __half const*, __half*, int, int, int)",128,8704,0,208,0,128,"SQ_INSTS_LDS",1310720.000000,1936803384380,1936803879627
144,144,"Agent 1",1,18759,18759,8192,17,"pk_gemm(__half const*, __half const*, __half*, int, int, int)",128,8704,0,208,0,128,"SQ_INSTS_VALU",18710016.000000,1936803384380,1936803879627
144,144,"Agent 1",1,18759,18759,8192,17,"pk_gemm(__half const*, __half const*, __half*, int, int, int)",128,8704,0,208,0,128,"SQ_WAIT_ANY",149256731.000000,1936803384380,1936803879627
144,144,"Agent 1",1,18759,18759,8192,17,"pk_gemm(__half const*, __half const*, __half*, int, int, int)",128,8704,0,208,0,128,"SQ_WAVES",256.000000,1936803384380,1936803879627
145,145,"Agent 1",1,18759,18759,8192,17,"pk_gemm(__half const*, __half const*, __half*, int, int, int)",128,8704,0,208,0,128,"GRBM_GUI_ACTIVE",764815.000000,1936803915694,1936804421801
145,145,"Agent 1",1,18759,18759,8192,17,"pk_gemm(__half const*, __half const*, __half*, int, int, int)",128,8704,0,208,0,128,"SQ_BUSY_CYCLES",1513119.000000,1936803915694,1936804421801
145,145,"Agent 1",1,18759,18759,8192,17,"pk_gemm(__half const*, __half const*, __half*, int, int, int)",128,8704,0,208,0,128,"SQ_INSTS_LDS",1310720.000000,1936803915694,1936804421801
145,145,"Agent 1",1,18759,18759,8192,17,"pk_gemm(__half const*, __half const*, __half*, int, int, int)",128,8704,0,208,0,128,"SQ_INSTS_VALU",18710016.000000,1936803915694,1936804421801
145,145,"Agent 1",1,18759,18759,8192,17,"pk_gemm(__half const*, __half const*, __half*, int, int, int)",128,8704,0,208,0,128,"SQ_WAIT_ANY",149918942.000000,1936803915694,1936804421801
145,145,"Agent 1",1,18759,18759,8192,17,"pk_gemm(__half const*, __half const*, __half*, int, int, int)",128,8704,0,208,0,128,"SQ_WAVES",256.000000,1936803915694,1936804421801
146,146,"Agent 1",1,18759,18759,8192,17,"pk_gemm(__half const*, __half const*, __half*, int, int, int)",128,8704,0,208,0,128,"GRBM_GUI_ACTIVE",745354.000000,1936804457668,1936804950511
146,146,"Agent 1",1,18759,18759,8192,17,"pk_gemm(__half const*, __half const*, __half*, int, int, int)",128,8704,0,208,0,128,"SQ_BUSY_CYCLES",1466163.000000,1936804457668,1936804950511
146,146,"Agent 1",1,18759,18759,8192,17,"pk_gemm(__half const*, __half const*, __half*, int, int, int)",128,8704,0,208,0,128,"SQ_INSTS_LDS",1310720.000000,1936804457668,1936804950511
146,146,"Agent 1",1,18759,18759,8192,17,"pk_gemm(__half const*, __half const*, __half*, int, int, int)",128,8704,0,208,0,128,"SQ_INSTS_VALU",18710016.000000,1936804457668,1936804950511
146,146,"Agent 1",1,18759,18759,8192,17,"pk_gemm(__half const*, __half const*, __half*, int, int, int)",128,8704,0,208,0,128,"SQ_WAIT_ANY",145036820.000000,1936804457668,1936804950511
146,146,"Agent 1",1,18759,18759,8192,17,"pk_gemm(__half const*, __half const*, __half*, int, int, int)",128,8704,0,208,0,128,"SQ_WAVES",256.000000,1936804457668,1936804950511
147,147,"Agent 1",1,18759,18759,8192,17,"pk_gemm(__half const*, __half const*, __half*, int, int, int)",128,8704,0,208,0,128,"GRBM_GUI_ACTIVE",764088.000000,1936804984654,1936805490120
147,147,"Agent 1",1,18759,18759,8192,17,"pk_gemm(__half const*, __half const*, __half*, int, int, int)",128,8704,0,208,0,128,"SQ_BUSY_CYCLES",1503963.000000,1936804984654,1936805490120
147,147,"Agent 1",1,18759,18759,8192,17,"pk_gemm(__half const*, __half const*, __half*, int, int, int)",128,8704,0,208,0,128,"SQ_INSTS_LDS",1310720.000000,1936804984654,1936805490120
147,147,"Agent 1",1,18759,18759,8192,17,"pk_gemm(__half const*, __half const*, __half*, int, int, int)",128,8704,0,208,0,128,"SQ_INSTS_VALU",18710016.000000,1936804984654,1936805490120
147,147,"Agent 1",1,18759,18759,8192,17,"pk_gemm(__half const*, __half const*, __half*, int, int, int)",128,8704,0,208,0,128,"SQ_WAIT_ANY",148549890.000000,1936804984654,1936805490120
147,147,"Agent 1",1,18759,18759,8192,17,"pk_gemm(__half const*, __half const*, __half*, int, int, int)",128,8704,0,208,0,128,"SQ_WAVES",256.000000,1936804984654,1936805490120
148,148,"Agent 1",1,18759,18759,8192,17,"pk_gemm(__half const*, __half const*, __half*, int, int, int)",128,8704,0,208,0,128,"GRBM_GUI_ACTIVE",753440.000000,1936805525146,1936806023478
148,148,"Agent 1",1,18759,18759,8192,17,"pk_gemm(__half const*, __half const*, __half*, int, int, int)",128,8704,0,208,0,128,"SQ_BUSY_CYCLES",1485996.000000,1936805525146,1936806023478
148,148,"Agent 1",1,18759,18759,8192,17,"pk_gemm(__half const*, __half const*, __half*, int, int, int)",128,8704,0,208,0,128,"SQ_INSTS_LDS",1310720.000000,1936805525146,1936806023478
148,148,"Agent 1",1,18759,18759,8192,17,"pk_gemm(__half const*, __half const*, __half*, int, int, int)",128,8704,0,208,0,128,"SQ_INSTS_VALU",18710016.000000,1936805525146,1936806023478
148,148,"Agent 1",1,18759,18759,8192,17,"pk_gemm(__half const*, __half const*, __half*, int, int, int)",128,8704,0,208,0,128,"SQ_WAIT_ANY",149995100.000000,1936805525146,1936806023478
148,148,"Agent 1",1,18759,18759,8192,17,"pk_gemm(__half const*, __half const*, __half*, int, int, int)",128,8704,0,208,0,128,"SQ_WAVES",256.000000,1936805525146,1936806023478
149,149,"Agent 1",1,18759,18759,8192,17,"pk_gemm(__half const*, __half const*, __half*, int, int, int)",128,8704,0,208,0,128,"GRBM_GUI_ACTIVE",764968.000000,1936806057502,1936806563329
149,149,"Agent 1",1,18759,18759,8192,17,"pk_gemm(__half const*, __half const*, __half*, int, int, int)",128,8704,0,208,0,128,"SQ_BUSY_CYCLES",1504886.000000,1936806057502,1936806563329
149,149,"Agent 1",1,18759,18759,8192,17,"pk_gemm(__half const*, __half const*, __half*, int, int, int)",128,8704,0,208,0,128,"SQ_INSTS_LDS",1310720.000000,1936806057502,1936806563329
149,149,"Agent 1",1,18759,18759,8192,17,"pk_gemm(__half const*, __half const*, __half*, int, int, int)",128,8704,0,208,0,128,"SQ_INSTS_VALU",18710016.000000,1936806057502,1936806563329
149,149,"Agent 1",1,18759,18759,8192,17,"pk_gemm(__half const*, __half const*, __half*, int, int, int)",128,8704,0,208,0,128,"SQ_WAIT_ANY",151986109.000000,1936806057502,1936806563329
149,149,"Agent 1",1,18759,18759,8192,17,"pk_gemm(__half const*, __half const*, __half*, int, int, int)",128,8704,0,208,0,128,"SQ_WAVES",256.000000,1936806057502,1936806563329
150,150,"Agent 1",1,18759,18759,8192,17,"pk_gemm(__half const*, __half const*, __half*, int, int, int)",128,8704,0,208,0,128,"GRBM_GUI_ACTIVE",750891.000000,1936806597633,1936807094122
150,150,"Agent 1",1,18759,18759,8192,17,"pk_gemm(__half const*, __half const*, __half*, int, int, int)",128,8704,0,208,0,128,"SQ_BUSY_CYCLES",1485399.000000,1936806597633,1936807094122
150,150,"Agent 1",1,18759,18759,8192,17,"pk_gemm(__half const*, __half const*, __half*, int, int, int)",128,8704,0,208,0,128,"SQ_INSTS_LDS",1310720.000000,1936806597633,1936807094122
150,150,"Agent 1",1,18759,18759,8192,17,"pk_gemm(__half const*, __half const*, __half*, int, int, int)",128,8704,0,208,0,128,"SQ_INSTS_VALU",18710016.000000,1936806597633,1936807094122
150,150,"Agent 1",1,18759,18759,8192,17,"pk_gemm(__half const*, __half const*, __half*, int, int, int)",128,8704,0,208,0,128,"SQ_WAIT_ANY",146657436.000000,1936806597633,1936807094122
150,150,"Agent 1",1,18759,18759,8192,17,"pk_gemm(__half const*, __half const*, __half*, int, int, int)",128,8704,0,208,0,128,"SQ_WAVES",256.000000,1936806597633,1936807094122
151,151,"Agent 1",1,18759,18759,8192,17,"pk_gemm(__half const*, __half const*, __half*, int, int, int)",128,8704,0,208,0,128,"GRBM_GUI_ACTIVE",757169.000000,1936807128787,1936807629363
151,151,"Agent 1",1,18759,18759,8192,17,"pk_gemm(__half const*, __half const*, __half*, int, int, int)",128,8704,0,208,0,128,"SQ_BUSY_CYCLES",1472777.000000,1936807128787,1936807629363
151,151,"Agent 1",1,18759,18759,8192,17,"pk_gemm(__half const*, __half const*, __half*, int, int, int)",128,8704,0,208,0,128,"SQ_INSTS_LDS",1310720.000000,1936807128787,1936807629363
151,151,"Agent 1",1,18759,18759,8192,17,"pk_gemm(__half const*, __half const*, __half*, int, int, int)",128,8704,0,208,0,128,"SQ_INSTS_VALU",18710016.000000,1936807128787,1936807629363
151,151,"Agent 1",1,18759,18759,8192,17,"pk_gemm(__half const*, __half const*, __half*, int, int, int)",128,8704,0,208,0,128,"SQ_WAIT_ANY",145209246.000000,1936807128787,1936807629363
151,151,"Agent 1",1,18759,18759,8192,17,"pk_gemm(__half const*, __half const*, __half*, int, int, int)",128,8704,0,208,0,128,"SQ_WAVES",256.000000,1936807128787,1936807629363
152,152,"Agent 1",1,18759,18759,8192,17,"pk_gemm(__half const*, __half const*, __half*, int, int, int)",128,8704,0,208,0,128,"GRBM_GUI_ACTIVE",775840.000000,1936807662465,1936808175666
152,152,"Agent 1",1,18759,18759,8192,17,"pk_gemm(__half const*, __half const*, __half*, int, int, int)",128,8704,0,208,0,128,"SQ_BUSY_CYCLES",1522536.000000,1936807662465,1936808175666
152,152,"Agent 1",1,18759,18759,8192,17,"pk_gemm(__half const*, __half const*, __half*, int, int, int)",128,8704,0,208,0,128,"SQ_INSTS_LDS",1310720.000000,1936807662465,1936808175666
152,152,"Agent 1",1,18759,18759,8192,17,"pk_gemm(__half const*, __half const*, __half*, int, int, int)",128,8704,0,208,0,128,"SQ_INSTS_VALU",18710016.000000,1936807662465,1936808175666
152,152,"Agent 1",1,18759,18759,8192,17,"pk_gemm(__half const*, __half const*, __half*, int, int, int)",128,8704,0,208,0,128,"SQ_WAIT_ANY",153171051.000000,1936807662465,1936808175666
152,152,"Agent 1",1,18759,18759,8192,17,"pk_gemm(__half const*, __half const*, __half*, int, int, int)",128,8704,0,208,0,128,"SQ_WAVES",256.000000,1936807662465,1936808175666
153,153,"Agent 1",1,18759,18759,8192,17,"pk_gemm(__half const*, __half const*, __half*, int, int, int)",128,8704,0,208,0,128,"GRBM_GUI_ACTIVE",744951.000000,1936808207966,1936808700648
153,153,"Agent 1",1,18759,18759,8192,17,"pk_gemm(__half const*, __half const*, __half*, int, int, int)",128,8704,0,208,0,128,"SQ_BUSY_CYCLES",1474606.000000,1936808207966,1936808700648
153,153,"Agent 1",1,18759,18759,8192,17,"pk_gemm(__half const*, __half const*, __half*, int, int, int)",128,8704,0,208,0,128,"SQ_INSTS_LDS",1310720.000000,1936808207966,1936808700648
153,153,"Agent 1",1,18759,18759,8192,17,"pk_gemm(__half const*, __half const*, __half*, int, int, int)",128,8704,0,208,0,128,"SQ_INSTS_VALU",18710016.000000,1936808207966,1936808700648
153,153,"Agent 1",1,18759,18759,8192,17,"pk_gemm(__half const*, __half const*, __half*, int, int, int)",128,8704,0,208,0,128,"SQ_WAIT_ANY",145533475.000000,1936808207966,1936808700648
153,153,"Agent 1",1,18759,18759,8192,17,"pk_gemm(__half const*, __half const*, __half*, int, int, int)",128,8704,0,208,0,128,"SQ_WAVES",256.000000,1936808207966,1936808700648
154,154,"Agent 1",1,18759,18759,8192,17,"pk_gemm(__half const*, __half const*, __half*, int, int, int)",128,8704,0,208,0,128,"GRBM_GUI_ACTIVE",761405.000000,1936808735674,1936809239296
154,154,"Agent 1",1,18759,18759,8192,17,"pk_gemm(__half const*, __half const*, __half*, int, int, int)",128,8704,0,208,0,128,"SQ_BUSY_CYCLES",1503374.000000,1936808735674,1936809239296
154,154,"Agent 1",1,18759,18759,8192,17,"pk_gemm(__half const*, __half const*, __half*, int, int, int)",128,8704,0,208,0,128,"SQ_INSTS_LDS",1310720.000000,1936808735674,1936809239296
154,154,"Agent 1",1,18759,18759,8192,17,"pk_gemm(__half const*, __half const*, __half*, int, int, int)",128,8704,0,208,0,128,"SQ_INSTS_VALU",18710016.000000,1936808735674,1936809239296
154,154,"Agent 1",1,18759,18759,8192,17,"pk_gemm(__half const*, __half const*, __half*, int, int, int)",128,8704,0,208,0,128,"SQ_WAIT_ANY",150949340.000000,1936808735674,1936809239296
154,154,"Agent 1",1,18759,18759,8192,17,"pk_gemm(__half const*, __half const*, __half*, int, int, int)",128,8704,0,208,0,128,"SQ_WAVES",256.000000,1936808735674,1936809239296
155,155,"Agent 1",1,18759,18759,8192,17,"pk_gemm(__half const*, __half const*, __half*, int, int, int)",128,8704,0,208,0,128,"GRBM_GUI_ACTIVE",757947.000000,1936809271596,1936809773375
155,155,"Agent 1",1,18759,18759,8192,17,"pk_gemm(__half const*, __half const*, __half*, int, int, int)",128,8704,0,208,0,128,"SQ_BUSY_CYCLES",1483889.000000,1936809271596,1936809773375
155,155,"Agent 1",1,18759,18759,8192,17,"pk_gemm(__half const*, __half const*, __half*, int, int, int)",128,8704,0,208,0,128,"SQ_INSTS_LDS",1310720.000000,1936809271596,1936809773375
155,155,"Agent 1",1,18759,18759,8192,17,"pk_gemm(__half const*, __half const*, __half*, int, int, int)",128,8704,0,208,0,128,"SQ_INSTS_VALU",18710016.000000,1936809271596,1936809773375
155,155,"Agent 1",1,18759,18759,8192,17,"pk_gemm(__half const*, __half const*, __half*, int, int, int)",128,8704,0,208,0,128,"SQ_WAIT_ANY",147439803.000000,1936809271596,1936809773375
155,155,"Agent 1",1,18759,18759,8192,17,"pk_gemm(__half const*, __half const*, __half*, int, int, int)",128,8704,0,208,0,128,"SQ_WAVES",256.000000,1936809271596,1936809773375
156,156,"Agent 1",1,18759,18759,8192,17,"pk_gemm(__half const*, __half const*, __half*, int, int, int)",128,8704,0,208,0,128,"GRBM_GUI_ACTIVE",760709.000000,1936809806517,1936810309739
156,156,"Agent 1",1,18759,18759,8192,17,"pk_gemm(__half const*, __half const*, __half*, int, int, int)",128,8704,0,208,0,128,"SQ_BUSY_CYCLES",1498467.000000,1936809806517,1936810309739
156,156,"Agent 1",1,18759,18759,8192,17,"pk_gemm(__half const*, __half const*, __half*, int, int, int)",128,8704,0,208,0,128,"SQ_INSTS_LDS",1310720.000000,1936809806517,1936810309739
156,156,"Agent 1",1,18759,18759,8192,17,"pk_gemm(__half const*, __half const*, __half*, int, int, int)",128,8704,0,208,0,128,"SQ_INSTS_VALU",18710016.000000,1936809806517,1936810309739
156,156,"Agent 1",1,18759,18759,8192,17,"pk_gemm(__half const*, __half const*, __half*, int, int, int)",128,8704,0,208,0,128,"SQ_WAIT_ANY",151138833.000000,1936809806517,1936810309739
156,156,"Agent 1",1,18759,18759,8192,17,"pk_gemm(__half const*, __half const*, __half*, int, int, int)",128,8704,0,208,0,128,"SQ_WAVES",256.000000,1936809806517,1936810309739
157,157,"Agent 1",1,18759,18759,8192,17,"pk_gemm(__half const*, __half const*, __half*, int, int, int)",128,8704,0,208,0,128,"GRBM_GUI_ACTIVE",775269.000000,1936810342120,1936810855040
157,157,"Agent 1",1,18759,18759,8192,17,"pk_gemm(__half const*, __half const*, __half*, int, int, int)",128,8704,0,208,0,128,"SQ_BUSY_CYCLES",1519667.000000,1936810342120,1936810855040
157,157,"Agent 1",1,18759,18759,8192,17,"pk_gemm(__half const*, __half const*, __half*, int, int, int)",128,8704,0,208,0,128,"SQ_INSTS_LDS",1310720.000000,1936810342120,1936810855040
157,157,"Agent 1",1,18759,18759,8192,17,"pk_gemm(__half const*, __half const*, __half*, int, int, int)",128,8704,0,208,0,128,"SQ_INSTS_VALU",18710016.000000,1936810342120,1936810855040
157,157,"Agent 1",1,18759,18759,8192,17,"pk_gemm(__half const*, __half const*, __half*, int, int, int)",128,8704,0,208,0,128,"SQ_WAIT_ANY",155018422.000000,1936810342120,1936810855040
157,157,"Agent 1",1,18759,18759,8192,17,"pk_gemm(__half const*, __half const*, __half*, int, int, int)",128,8704,0,208,0,128,"SQ_WAVES",256.000000,1936810342120,1936810855040
158,158,"Agent 1",1,18759,18759,8192,17,"pk_gemm(__half const*, __half const*, __half*, int, int, int)",128,8704,0,208,0,128,"GRBM_GUI_ACTIVE",767463.000000,1936810886699,1936811394409
158,158,"Agent 1",1,18759,18759,8192,17,"pk_gemm(__half const*, __half const*, __half*, int, int, int)",128,8704,0,208,0,128,"SQ_BUSY_CYCLES",1519121.000000,1936810886699,1936811394409
158,158,"Agent 1",1,18759,18759,8192,17,"pk_gemm(__half const*, __half const*, __half*, int, int, int)",128,8704,0,208,0,128,"SQ_INSTS_LDS",1310720.000000,1936810886699,1936811394409
158,158,"Agent 1",1,18759,18759,8192,17,"pk_gemm(__half const*, __half const*, __half*, int, int, int)",128,8704,0,208,0,128,"SQ_INSTS_VALU",18710016.000000,1936810886699,1936811394409
158,158,"Agent 1",1,18759,18759,8192,17,"pk_gemm(__half const*, __half const*, __half*, int, int, int)",128,8704,0,208,0,128,"SQ_WAIT_ANY",150089167.000000,1936810886699,1936811394409
158,158,"Agent 1",1,18759,18759,8192,17,"pk_gemm(__half const*, __half const*, __half*, int, int, int)",128,8704,0,208,0,128,"SQ_WAVES",256.000000,1936810886699,1936811394409
159,159,"Agent 1",1,18759,18759,8192,17,"pk_gemm(__half const*, __half const*, __half*, int, int, int)",128,8704,0,208,0,128,"GRBM_GUI_ACTIVE",771082.000000,1936811426749,1936811936984
159,159,"Agent 1",1,18759,18759,8192,17,"pk_gemm(__half const*, __half const*, __half*, int, int, int)",128,8704,0,208,0,128,"SQ_BUSY_CYCLES",1515859.000000,1936811426749,1936811936984
159,159,"Agent 1",1,18759,18759,8192,17,"pk_gemm(__half const*, __half const*, __half*, int, int, int)",128,8704,0,208,0,128,"SQ_INSTS_LDS",1310720.000000,1936811426749,1936811936984
159,159,"Agent 1",1,18759,18759,8192,17,"pk_gemm(__half const*, __half const*, __half*, int, int, int)",128,8704,0,208,0,128,"SQ_INSTS_VALU",18710016.000000,1936811426749,1936811936984
159,159,"Agent 1",1,18759,18759,8192,17,"pk_gemm(__half const*, __half const*, __half*, int, int, int)",128,8704,0,208,0,128,"SQ_WAIT_ANY",154790782.000000,1936811426749,1936811936984
159,159,"Agent 1",1,18759,18759,8192,17,"pk_gemm(__half const*, __half const*, __half*, int, int, int)",128,8704,0,208,0,128,"SQ_WAVES",256.000000,1936811426749,1936811936984
160,160,"Agent 1",1,18759,18759,8192,17,"pk_gemm(__half const*, __half const*, __half*, int, int, int)",128,8704,0,208,0,128,"GRBM_GUI_ACTIVE",752764.000000,1936811968603,1936812466655
160,160,"Agent 1",1,18759,18759,8192,17,"pk_gemm(__half const*, __half const*, __half*, int, int, int)",128,8704,0,208,0,128,"SQ_BUSY_CYCLES",1490230.000000,1936811968603,1936812466655
160,160,"Agent 1",1,18759,18759,8192,17,"pk_gemm(__half const*, __half const*, __half*, int, int, int)",128,8704,0,208,0,128,"SQ_INSTS_LDS",1310720.000000,1936811968603,1936812466655
160,160,"Agent 1",1,18759,18759,8192,17,"pk_gemm(__half const*, __half const*, __half*, int, int, int)",128,8704,0,208,0,128,"SQ_INSTS_VALU",18710016.000000,1936811968603,1936812466655
160,160,"Agent 1",1,18759,18759,8192,17,"pk_gemm(__half const*, __half const*, __half*, int, int, int)",128,8704,0,208,0,128,"SQ_WAIT_ANY",145972623.000000,1936811968603,1936812466655
160,160,"Agent 1",1,18759,18759,8192,17,"pk_gemm(__half const*, __half const*, __half*, int, int, int)",128,8704,0,208,0,128,"SQ_WAVES",256.000000,1936811968603,1936812466655
161,161,"Agent 1",1,18759,18759,8192,17,"pk_gemm(__half const*, __half const*, __half*, int, int, int)",128,8704,0,208,0,128,"GRBM_GUI_ACTIVE",756450.000000,1936812497834,1936812998330
161,161,"Agent 1",1,18759,18759,8192,17,"pk_gemm(__half const*, __half const*, __half*, int, int, int)",128,8704,0,208,0,128,"SQ_BUSY_CYCLES",1485361.000000,1936812497834,1936812998330
161,161,"Agent 1",1,18759,18759,8192,17,"pk_gemm(__half const*, __half const*, __half*, int, int, int)",128,8704,0,208,0,128,"SQ_INSTS_LDS",1310720.000000,1936812497834,1936812998330
161,161,"Agent 1",1,18759,18759,8192,17,"pk_gemm(__half const*, __half const*, __half*, int, int, int)",128,8704,0,208,0,128,"SQ_INSTS_VALU",18710016.000000,1936812497834,1936812998330
161,161,"Agent 1",1,18759,18759,8192,17,"pk_gemm(__half const*, __half const*, __half*, int, int, int)",128,8704,0,208,0,128,"SQ_WAIT_ANY",149289486.000000,1936812497834,1936812998330
161,161,"Agent 1",1,18759,18759,8192,17,"pk_gemm(__half const*, __half const*, __half*, int, int, int)",128,8704,0,208,0,128,"SQ_WAVES",256.000000,1936812497834,1936812998330
162,162,"Agent 1",1,18759,18759,8192,17,"pk_gemm(__half const*, __half const*, __half*, int, int, int)",128,8704,0,208,0,128,"GRBM_GUI_ACTIVE",772622.000000,1936813030751,1936813541867
162,162,"Agent 1",1,18759,18759,8192,17,"pk_gemm(__half const*, __half const*, __half*, int, int, int)",128,8704,0,208,0,128,"SQ_BUSY_CYCLES",1529554.000000,1936813030751,1936813541867
162,162,"Agent 1",1,18759,18759,8192,17,"pk_gemm(__half const*, __half const*, __half*, int, int, int)",128,8704,0,208,0,128,"SQ_INSTS_LDS",1310720.000000,1936813030751,1936813541867
162,162,"Agent 1",1,18759,18759,8192,17,"pk_gemm(__half const*, __half const*, __half*, int, int, int)",128,8704,0,208,0,128,"SQ_INSTS_VALU",18710016.000000,1936813030751,1936813541867
162,162,"Agent 1",1,18759,18759,8192,17,"pk_gemm(__half const*, __half const*, __half*, int, int, int)",128,8704,0,208,0,128,"SQ_WAIT_ANY",155090198.000000,1936813030751,1936813541867
162,162,"Agent 1",1,18759,18759,8192,17,"pk_gemm(__half const*, __half const*, __half*, int, int, int)",128,8704,0,208,0,128,"SQ_WAVES",256.000000,1936813030751,1936813541867
163,163,"Agent 1",1,18759,18759,8192,17,"pk_gemm(__half const*, __half const*, __half*, int, int, int)",128,8704,0,208,0,128,"GRBM_GUI_ACTIVE",748825.000000,1936813573927,1936814069174
163,163,"Agent 1",1,18759,18759,8192,17,"pk_gemm(__half const*, __half const*, __half*, int, int, int)",128,8704,0,208,0,128,"SQ_BUSY_CYCLES",1454988.000000,1936813573927,1936814069174
163,163,"Agent 1",1,18759,18759,8192,17,"pk_gemm(__half const*, __half const*, __half*, int, int, int)",128,8704,0,208,0,128,"SQ_INSTS_LDS",1310720.000000,1936813573927,1936814069174
163,163,"Agent 1",1,18759,18759,8192,17,"pk_gemm(__half const*, __half const*, __half*, int, int, int)",128,8704,0,208,0,128,"SQ_INSTS_VALU",18710016.000000,1936813573927,1936814069174
163,163,"Agent 1",1,18759,18759,8192,17,"pk_gemm(__half const*, __half const*, __half*, int, int, int)",128,8704,0,208,0,128,"SQ_WAIT_ANY",142710367.000000,1936813573927,1936814069174
163,163,"Agent 1",1,18759,18759,8192,17,"pk_gemm(__half const*, __half const*, __half*, int, int, int)",128,8704,0,208,0,128,"SQ_WAVES",256.000000,1936813573927,1936814069174
164,164,"Agent 1",1,18759,18759,8192,17,"pk_gemm(__half const*, __half const*, __half*, int, int, int)",128,8704,0,208,0,128,"GRBM_GUI_ACTIVE",765027.000000,1936814100232,1936814606379
164,164,"Agent 1",1,18759,18759,8192,17,"pk_gemm(__half const*, __half const*, __half*, int, int, int)",128,8704,0,208,0,128,"SQ_BUSY_CYCLES",1501592.000000,1936814100232,1936814606379
164,164,"Agent 1",1,18759,18759,8192,17,"pk_gemm(__half const*, __half const*, __half*, int, int, int)",128,8704,0,208,0,128,"SQ_INSTS_LDS",1310720.000000,1936814100232,1936814606379
164,164,"Agent 1",1,18759,18759,8192,17,"pk_gemm(__half const*, __half const*, __half*, int, int, int)",128,8704,0,208,0,128,"SQ_INSTS_VALU",18710016.000000,1936814100232,1936814606379
164,164,"Agent 1",1,18759,18759,8192,17,"pk_gemm(__half const*, __half const*, __half*, int, int, int)",128,8704,0,208,0,128,"SQ_WAIT_ANY",152156074.000000,1936814100232,1936814606379
164,164,"Agent 1",1,18759,18759,8192,17,"pk_gemm(__half const*, __half const*, __half*, int, int, int)",128,8704,0,208,0,128,"SQ_WAVES",256.000000,1936814100232,1936814606379
165,165,"Agent 1",1,18759,18759,8192,17,"pk_gemm(__half const*, __half const*, __half*, int, int, int)",128,8704,0,208,0,128,"GRBM_GUI_ACTIVE",746673.000000,1936814638199,1936815132123
165,165,"Agent 1",1,18759,18759,8192,17,"pk_gemm(__half const*, __half const*, __half*, int, int, int)",128,8704,0,208,0,128,"SQ_BUSY_CYCLES",1474743.000000,1936814638199,1936815132123
165,165,"Agent 1",1,18759,18759,8192,17,"pk_gemm(__half const*, __half const*, __half*, int, int, int)",128,8704,0,208,0,128,"SQ_INSTS_LDS",1310720.000000,1936814638199,1936815132123
165,165,"Agent 1",1,18759,18759,8192,17,"pk_gemm(__half const*, __half const*, __half*, int, int, int)",128,8704,0,208,0,128,"SQ_INSTS_VALU",18710016.000000,1936814638199,1936815132123
165,165,"Agent 1",1,18759,18759,8192,17,"pk_gemm(__half const*, __half const*, __half*, int, int, int)",128,8704,0,208,0,128,"SQ_WAIT_ANY",147834297.000000,1936814638199,1936815132123
165,165,"Agent 1",1,18759,18759,8192,17,"pk_gemm(__half const*, __half const*, __half*, int, int, int)",128,8704,0,208,0,128,"SQ_WAVES",256.000000,1936814638199,1936815132123
166,166,"Agent 1",1,18759,18759,8192,17,"pk_gemm(__half const*, __half const*, __half*, int, int, int)",128,8704,0,208,0,128,"GRBM_GUI_ACTIVE",731480.000000,1936815163782,1936815647528
166,166,"Agent 1",1,18759,18759,8192,17,"pk_gemm(__half const*, __half const*, __half*, int, int, int)",128,8704,0,208,0,128,"SQ_BUSY_CYCLES",1435446.000000,1936815163782,1936815647528
166,166,"Agent 1",1,18759,18759,8192,17,"pk_gemm(__half const*, __half const*, __half*, int, int, int)",128,8704,0,208,0,128,"SQ_INSTS_LDS",1310720.000000,1936815163782,1936815647528
166,166,"Agent 1",1,18759,18759,8192,17,"pk_gemm(__half const*, __half const*, __half*, int, int, int)",128,8704,0,208,0,128,"SQ_INSTS_VALU",18710016.000000,1936815163782,1936815647528
166,166,"Agent 1",1,18759,18759,8192,17,"pk_gemm(__half const*, __half const*, __half*, int, int, int)",128,8704,0,208,0,128,"SQ_WAIT_ANY",138396998.000000,1936815163782,1936815647528
166,166,"Agent 1",1,18759,18759,8192,17,"pk_gemm(__half const*, __half const*, __half*, int, int, int)",128,8704,0,208,0,128,"SQ_WAVES",256.000000,1936815163782,1936815647528
167,167,"Agent 1",1,18759,18759,8192,17,"pk_gemm(__half const*, __half const*, __half*, int, int, int)",128,8704,0,208,0,128,"GRBM_GUI_ACTIVE",784930.000000,1936815678305,1936816197757
167,167,"Agent 1",1,18759,18759,8192,17,"pk_gemm(__half const*, __half const*, __half*, int, int, int)",128,8704,0,208,0,128,"SQ_BUSY_CYCLES",1531844.000000,1936815678305,1936816197757
167,167,"Agent 1",1,18759,18759,8192,17,"pk_gemm(__half const*, __half const*, __half*, int, int, int)",128,8704,0,208,0,128,"SQ_INSTS_LDS",1310720.000000,1936815678305,1936816197757
167,167,"Agent 1",1,18759,18759,8192,17,"pk_gemm(__half const*, __half const*, __half*, int, int, int)",128,8704,0,208,0,128,"SQ_INSTS_VALU",18710016.000000,1936815678305,1936816197757
167,167,"Agent 1",1,18759,18759,8192,17,"pk_gemm(__half const*, __half const*, __half*, int, int, int)",128,8704,0,208,0,128,"SQ_WAIT_ANY",154714222.000000,1936815678305,1936816197757
167,167,"Agent 1",1,18759,18759,8192,17,"pk_gemm(__half const*, __half const*, __half*, int, int, int)",128,8704,0,208,0,128,"SQ_WAVES",256.000000,1936815678305,1936816197757
168,168,"Agent 1",1,18759,18759,8192,17,"pk_gemm(__half const*, __half const*, __half*, int, int, int)",128,8704,0,208,0,128,"GRBM_GUI_ACTIVE",761676.000000,1936816258992,1936816762494
168,168,"Agent 1",1,18759,18759,8192,17,"pk_gemm(__half const*, __half const*, __half*, int, int, int)",128,8704,0,208,0,128,"SQ_BUSY_CYCLES",1500909.000000,1936816258992,1936816762494
168,168,"Agent 1",1,18759,18759,8192,17,"pk_gemm(__half const*, __half const*, __half*, int, int, int)",128,8704,0,208,0,128,"SQ_INSTS_LDS",1310720.000000,1936816258992,1936816762494
168,168,"Agent 1",1,18759,18759,8192,17,"pk_gemm(__half const*, __half const*, __half*, int, int, int)",128,8704,0,208,0,128,"SQ_INSTS_VALU",18710016.000000,1936816258992,1936816762494
168,168,"Agent 1",1,18759,18759,8192,17,"pk_gemm(__half const*, __half const*, __half*, int, int, int)",128,8704,0,208,0,128,"SQ_WAIT_ANY",150276799.000000,1936816258992,1936816762494
168,168,"Agent 1",1,18759,18759,8192,17,"pk_gemm(__half const*, __half const*, __half*, int, int, int)",128,8704,0,208,0,128,"SQ_WAVES",256.000000,1936816258992,1936816762494
169,169,"Agent 1",1,18759,18759,8192,17,"pk_gemm(__half const*, __half const*, __half*, int, int, int)",128,8704,0,208,0,128,"GRBM_GUI_ACTIVE",987166.000000,1936816797479,1936817454509
169,169,"Agent 1",1,18759,18759,8192,17,"pk_gemm(__half const*, __half const*, __half*, int, int, int)",128,8704,0,208,0,128,"SQ_BUSY_CYCLES",1822789.000000,1936816797479,1936817454509
169,169,"Agent 1",1,18759,18759,8192,17,"pk_gemm(__half const*, __half const*, __half*, int, int, int)",128,8704,0,208,0,128,"SQ_INSTS_LDS",1319424.000000,1936816797479,1936817454509
169,169,"Agent 1",1,18759,18759,8192,17,"pk_gemm(__half const*, __half const*, __half*, int, int, int)",128,8704,0,208,0,128,"SQ_INSTS_VALU",18928000.000000,1936816797479,1936817454509
169,169,"Agent 1",1,18759,18759,8192,17,"pk_gemm(__half const*, __half const*, __half*, int, int, int)",128,8704,0,208,0,128,"SQ_WAIT_ANY",184290784.000000,1936816797479,1936817454509
169,169,"Agent 1",1,18759,18759,8192,17,"pk_gemm(__half const*, __half const*, __half*, int, int, int)",128,8704,0,208,0,128,"SQ_WAVES",768.000000,1936816797479,1936817454509
170,170,"Agent 1",1,18759,18759,8192,17,"pk_gemm(__half const*, __half const*, __half*, int, int, int)",128,8704,0,208,0,128,"GRBM_GUI_ACTIVE",767346.000000,1936817491658,1936817999409
170,170,"Agent 1",1,18759,18759,8192,17,"pk_gemm(__half const*, __half const*, __half*, int, int, int)",128,8704,0,208,0,128,"SQ_BUSY_CYCLES",1509723.000000,1936817491658,1936817999409
170,170,"Agent 1",1,18759,18759,8192,17,"pk_gemm(__half const*, __half const*, __half*, int, int, int)",128,8704,0,208,0,128,"SQ_INSTS_LDS",1310720.000000,1936817491658,1936817999409
170,170,"Agent 1",1,18759,18759,8192,17,"pk_gemm(__half const*, __half const*, __half*, int, int, int)",128,8704,0,208,0,128,"SQ_INSTS_VALU",18710016.000000,1936817491658,1936817999409
170,170,"Agent 1",1,18759,18759,8192,17,"pk_gemm(__half const*, __half const*, __half*, int, int, int)",128,8704,0,208,0,128,"SQ_WAIT_ANY",153109005.000000,1936817491658,1936817999409
170,170,"Agent 1",1,18759,18759,8192,17,"pk_gemm(__half const*, __half const*, __half*, int, int, int)",128,8704,0,208,0,128,"SQ_WAVES",256.000000,1936817491658,1936817999409
171,171,"Agent 1",1,18759,18759,8192,17,"pk_gemm(__half const*, __half const*, __half*, int, int, int)",128,8704,0,208,0,128,"GRBM_GUI_ACTIVE",744737.000000,1936818037320,1936818529801
171,171,"Agent 1",1,18759,18759,8192,17,"pk_gemm(__half const*, __half const*, __half*, int, int, int)",128,8704,0,208,0,128,"SQ_BUSY_CYCLES",1471676.000000,1936818037320,1936818529801
171,171,"Agent 1",1,18759,18759,8192,17,"pk_gemm(__half const*, __half const*, __half*, int, int, int)",128,8704,0,208,0,128,"SQ_INSTS_LDS",1310720.000000,1936818037320,1936818529801
171,171,"Agent 1",1,18759,18759,8192,17,"pk_gemm(__half const*, __half const*, __half*, int, int, int)",128,8704,0,208,0,128,"SQ_INSTS_VALU",18710016.000000,1936818037320,1936818529801
171,171,"Agent 1",1,18759,18759,8192,17,"pk_gemm(__half const*, __half const*, __half*, int, int, int)",128,8704,0,208,0,128,"SQ_WAIT_ANY",146736914.000000,1936818037320,1936818529801
171,171,"Agent 1",1,18759,18759,8192,17,"pk_gemm(__half const*, __half const*, __half*, int, int, int)",128,8704,0,208,0,128,"SQ_WAVES",256.000000,1936818037320,1936818529801
172,172,"Agent 1",1,18759,18759,8192,17,"pk_gemm(__half const*, __half const*, __half*, int, int, int)",128,8704,0,208,0,128,"GRBM_GUI_ACTIVE",766756.000000,1936818566269,1936819073258
172,172,"Agent 1",1,18759,18759,8192,17,"pk_gemm(__half const*, __half const*, __half*, int, int, int)",128,8704,0,208,0,128,"SQ_BUSY_CYCLES",1512561.000000,1936818566269,1936819073258
172,172,"Agent 1",1,18759,18759,8192,17,"pk_gemm(__half const*, __half const*, __half*, int, int, int)",128,8704,0,208,0,128,"SQ_INSTS_LDS",1310720.000000,1936818566269,1936819073258
172,172,"Agent 1",1,18759,18759,8192,17,"pk_gemm(__half const*, __half const*, __half*, int, int, int)",128,8704,0,208,0,128,"SQ_INSTS_VALU",18710016.000000,1936818566269,1936819073258
172,172,"Agent 1",1,18759,18759,8192,17,"pk_gemm(__half const*, __half const*, __half*, int, int, int)",128,8704,0,208,0,128,"SQ_WAIT_ANY",153953493.000000,1936818566269,1936819073258
172,172,"Agent 1",1,18759,18759,8192,17,"pk_gemm(__half const*, __half const*, __half*, int, int, int)",128,8704,0,208,0,128,"SQ_WAVES",256.000000,1936818566269,1936819073258
173,173,"Agent 1",1,18759,18759,8192,17,"pk_gemm(__half const*, __half const*, __half*, int, int, int)",128,8704,0,208,0,128,"GRBM_GUI_ACTIVE",760910.000000,1936819107001,1936819610343
173,173,"Agent 1",1,18759,18759,8192,17,"pk_gemm(__half const*, __half const*, __half*, int, int, int)",128,8704,0,208,0,128,"SQ_BUSY_CYCLES",1489621.000000,1936819107001,1936819610343
173,173,"Agent 1",1,18759,18759,8192,17,"pk_gemm(__half const*, __half const*, __half*, int, int, int)",128,8704,0,208,0,128,"SQ_INSTS_LDS",1310720.000000,1936819107001,1936819610343
173,173,"Agent 1",1,18759,18759,8192,17,"pk_gemm(__half const*, __half const*, __half*, int, int, int)",128,8704,0,208,0,128,"SQ_INSTS_VALU",18710016.000000,1936819107001,1936819610343
173,173,"Agent 1",1,18759,18759,8192,17,"pk_gemm(__half const*, __half const*, __half*, int, int, int)",128,8704,0,208,0,128,"SQ_WAIT_ANY",149822570.000000,1936819107001,1936819610343
173,173,"Agent 1",1,18759,18759,8192,17,"pk_gemm(__half const*, __half const*, __half*, int, int, int)",128,8704,0,208,0,128,"SQ_WAVES",256.000000,1936819107001,1936819610343
174,174,"Agent 1",1,18759,18759,8192,17,"pk_gemm(__half const*, __half const*, __half*, int, int, int)",128,8704,0,208,0,128,"GRBM_GUI_ACTIVE",749285.000000,1936819647132,1936820142779
174,174,"Agent 1",1,18759,18759,8192,17,"pk_gemm(__half const*, __half const*, __half*, int, int, int)",128,8704,0,208,0,128,"SQ_BUSY_CYCLES",1472816.000000,1936819647132,1936820142779
174,174,"Agent 1",1,18759,18759,8192,17,"pk_gemm(__half const*, __half const*, __half*, int, int, int)",128,8704,0,208,0,128,"SQ_INSTS_LDS",1310720.000000,1936819647132,1936820142779
174,174,"Agent 1",1,18759,18759,8192,17,"pk_gemm(__half const*, __half const*, __half*, int, int, int)",128,8704,0,208,0,128,"SQ_INSTS_VALU",18710016.000000,1936819647132,1936820142779
174,174,"Agent 1",1,18759,18759,8192,17,"pk_gemm(__half const*, __half const*, __half*, int, int, int)",128,8704,0,208,0,128,"SQ_WAIT_ANY",148850675.000000,1936819647132,1936820142779
174,174,"Agent 1",1,18759,18759,8192,17,"pk_gemm(__half const*, __half const*, __half*, int, int, int)",128,8704,0,208,0,128,"SQ_WAVES",256.000000,1936819647132,1936820142779
175,175,"Agent 1",1,18759,18759,8192,17,"pk_gemm(__half const*, __half const*, __half*, int, int, int)",128,8704,0,208,0,128,"GRBM_GUI_ACTIVE",774847.000000,1936820177765,1936820690364
175,175,"Agent 1",1,18759,18759,8192,17,"pk_gemm(__half const*, __half const*, __half*, int, int, int)",128,8704,0,208,0,128,"SQ_BUSY_CYCLES",1527259.000000,1936820177765,1936820690364
175,175,"Agent 1",1,18759,18759,8192,17,"pk_gemm(__half const*, __half const*, __half*, int, int, int)",128,8704,0,208,0,128,"SQ_INSTS_LDS",1310720.000000,1936820177765,1936820690364
175,175,"Agent 1",1,18759,18759,8192,17,"pk_gemm(__half const*, __half const*, __half*, int, int, int)",128,8704,0,208,0,128,"SQ_INSTS_VALU",18710016.000000,1936820177765,1936820690364
175,175,"Agent 1",1,18759,18759,8192,17,"pk_gemm(__half const*, __half const*, __half*, int, int, int)",128,8704,0,208,0,128,"SQ_WAIT_ANY",155803024.000000,1936820177765,1936820690364
175,175,"Agent 1",1,18759,18759,8192,17,"pk_gemm(__half const*, __half const*, __half*, int, int, int)",128,8704,0,208,0,128,"SQ_WAVES",256.000000,1936820177765,1936820690364
176,176,"Agent 1",1,18759,18759,8192,17,"pk_gemm(__half const*, __half const*, __half*, int, int, int)",128,8704,0,208,0,128,"GRBM_GUI_ACTIVE",752832.000000,1936820725430,1936821223201
176,176,"Agent 1",1,18759,18759,8192,17,"pk_gemm(__half const*, __half const*, __half*, int, int, int)",128,8704,0,208,0,128,"SQ_BUSY_CYCLES",1483306.000000,1936820725430,1936821223201
176,176,"Agent 1",1,18759,18759,8192,17,"pk_gemm(__half const*, __half const*, __half*, int, int, int)",128,8704,0,208,0,128,"SQ_INSTS_LDS",1310720.000000,1936820725430,1936821223201
176,176,"Agent 1",1,18759,18759,8192,17,"pk_gemm(__half const*, __half const*, __half*, int, int, int)",128,8704,0,208,0,128,"SQ_INSTS_VALU",18710016.000000,1936820725430,1936821223201
176,176,"Agent 1",1,18759,18759,8192,17,"pk_gemm(__half const*, __half const*, __half*, int, int, int)",128,8704,0,208,0,128,"SQ_WAIT_ANY",145338673.000000,1936820725430,1936821223201
176,176,"Agent 1",1,18759,18759,8192,17,"pk_gemm(__half const*, __half const*, __half*, int, int, int)",128,8704,0,208,0,128,"SQ_WAVES",256.000000,1936820725430,1936821223201
177,177,"Agent 1",1,18759,18759,8192,17,"pk_gemm(__half const*, __half const*, __half*, int, int, int)",128,8704,0,208,0,128,"GRBM_GUI_ACTIVE",746080.000000,1936821258307,1936821751830
177,177,"Agent 1",1,18759,18759,8192,17,"pk_gemm(__half const*, __half const*, __half*, int, int, int)",128,8704,0,208,0,128,"SQ_BUSY_CYCLES",1470542.000000,1936821258307,1936821751830
177,177,"Agent 1",1,18759,18759,8192,17,"pk_gemm(__half const*, __half const*, __half*, int, int, int)",128,8704,0,208,0,128,"SQ_INSTS_LDS",1310720.000000,1936821258307,1936821751830
177,177,"Agent 1",1,18759,18759,8192,17,"pk_gemm(__half const*, __half const*, __half*, int, int, int)",128,8704,0,208,0,128,"SQ_INSTS_VALU",18710016.000000,1936821258307,1936821751830
177,177,"Agent 1",1,18759,18759,8192,17,"pk_gemm(__half const*, __half const*, __half*, int, int, int)",128,8704,0,208,0,128,"SQ_WAIT_ANY",148161535.000000,1936821258307,1936821751830
177,177,"Agent 1",1,18759,18759,8192,17,"pk_gemm(__half const*, __half const*, __half*, int, int, int)",128,8704,0,208,0,128,"SQ_WAVES",256.000000,1936821258307,1936821751830
178,178,"Agent 1",1,18759,18759,8192,17,"pk_gemm(__half const*, __half const*, __half*, int, int, int)",128,8704,0,208,0,128,"GRBM_GUI_ACTIVE",761439.000000,1936821784732,1936822288515
178,178,"Agent 1",1,18759,18759,8192,17,"pk_gemm(__half const*, __half const*, __half*, int, int, int)",128,8704,0,208,0,128,"SQ_BUSY_CYCLES",1500624.000000,1936821784732,1936822288515
178,178,"Agent 1",1,18759,18759,8192,17,"pk_gemm(__half const*, __half const*, __half*, int, int, int)",128,8704,0,208,0,128,"SQ_INSTS_LDS",1310720.000000,1936821784732,1936822288515
178,178,"Agent 1",1,18759,18759,8192,17,"pk_gemm(__half const*, __half const*, __half*, int, int, int)",128,8704,0,208,0,128,"SQ_INSTS_VALU",18710016.000000,1936821784732,1936822288515
178,178,"Agent 1",1,18759,18759,8192,17,"pk_gemm(__half const*, __half const*, __half*, int, int, int)",128,8704,0,208,0,128,"SQ_WAIT_ANY",148198663.000000,1936821784732,1936822288515
178,178,"Agent 1",1,18759,18759,8192,17,"pk_gemm(__half const*, __half const*, __half*, int, int, int)",128,8704,0,208,0,128,"SQ_WAVES",256.000000,1936821784732,1936822288515
179,179,"Agent 1",1,18759,18759,8192,17,"pk_gemm(__half const*, __half const*, __half*, int, int, int)",128,8704,0,208,0,128,"GRBM_GUI_ACTIVE",750227.000000,1936822323380,1936822819629
179,179,"Agent 1",1,18759,18759,8192,17,"pk_gemm(__half const*, __half const*, __half*, int, int, int)",128,8704,0,208,0,128,"SQ_BUSY_CYCLES",1474655.000000,1936822323380,1936822819629
179,179,"Agent 1",1,18759,18759,8192,17,"pk_gemm(__half const*, __half const*, __half*, int, int, int)",128,8704,0,208,0,128,"SQ_INSTS_LDS",1310720.000000,1936822323380,1936822819629
179,179,"Agent 1",1,18759,18759,8192,17,"pk_gemm(__half const*, __half const*, __half*, int, int, int)",128,8704,0,208,0,128,"SQ_INSTS_VALU",18710016.000000,1936822323380,1936822819629
179,179,"Agent 1",1,18759,18759,8192,17,"pk_gemm(__half const*, __half const*, __half*, int, int, int)",128,8704,0,208,0,128,"SQ_WAIT_ANY",145661905.000000,1936822323380,1936822819629
179,179,"Agent 1",1,18759,18759,8192,17,"pk_gemm(__half const*, __half const*, __half*, int, int, int)",128,8704,0,208,0,128,"SQ_WAVES",256.000000,1936822323380,1936822819629
180,180,"Agent 1",1,18759,18759,8192,17,"pk_gemm(__half const*, __half const*, __half*, int, int, int)",128,8704,0,208,0,128,"GRBM_GUI_ACTIVE",764083.000000,1936822853452,1936823358637
180,180,"Agent 1",1,18759,18759,8192,17,"pk_gemm(__half const*, __half const*, __half*, int, int, int)",128,8704,0,208,0,128,"SQ_BUSY_CYCLES",1500189.000000,1936822853452,1936823358637
180,180,"Agent 1",1,18759,18759,8192,17,"pk_gemm(__half const*, __half const*, __half*, int, int, int)",128,8704,0,208,0,128,"SQ_INSTS_LDS",1310720.000000,1936822853452,1936823358637
180,180,"Agent 1",1,18759,18759,8192,17,"pk_gemm(__half const*, __half const*, __half*, int, int, int)",128,8704,0,208,0,128,"SQ_INSTS_VALU",18710016.000000,1936822853452,1936823358637
180,180,"Agent 1",1,18759,18759,8192,17,"pk_gemm(__half const*, __half const*, __half*, int, int, int)",128,8704,0,208,0,128,"SQ_WAIT_ANY",152270327.000000,1936822853452,1936823358637
180,180,"Agent 1",1,18759,18759,8192,17,"pk_gemm(__half const*, __half const*, __half*, int, int, int)",128,8704,0,208,0,128,"SQ_WAVES",256.000000,1936822853452,1936823358637
181,181,"Agent 1",1,18759,18759,8192,17,"pk_gemm(__half const*, __half const*, __half*, int, int, int)",128,8704,0,208,0,128,"GRBM_GUI_ACTIVE",756726.000000,1936823392701,1936823893318
181,181,"Agent 1",1,18759,18759,8192,17,"pk_gemm(__half const*, __half const*, __half*, int, int, int)",128,8704,0,208,0,128,"SQ_BUSY_CYCLES",1492174.000000,1936823392701,1936823893318
181,181,"Agent 1",1,18759,18759,8192,17,"pk_gemm(__half const*, __half const*, __half*, int, int, int)",128,8704,0,208,0,128,"SQ_INSTS_LDS",1310720.000000,1936823392701,1936823893318
181,181,"Agent 1",1,18759,18759,8192,17,"pk_gemm(__half const*, __half const*, __half*, int, int, int)",128,8704,0,208,0,128,"SQ_INSTS_VALU",18710016.000000,1936823392701,1936823893318
181,181,"Agent 1",1,18759,18759,8192,17,"pk_gemm(__half const*, __half const*, __half*, int, int, int)",128,8704,0,208,0,128,"SQ_WAIT_ANY",148027381.000000,1936823392701,1936823893318
181,181,"Agent 1",1,18759,18759,8192,17,"pk_gemm(__half const*, __half const*, __half*, int, int, int)",128,8704,0,208,0,128,"SQ_WAVES",256.000000,1936823392701,1936823893318
182,182,"Agent 1",1,18759,18759,8192,17,"pk_gemm(__half const*, __half const*, __half*, int, int, int)",128,8704,0,208,0,128,"GRBM_GUI_ACTIVE",788627.000000,1936823927261,1936824448998
182,182,"Agent 1",1,18759,18759,8192,17,"pk_gemm(__half const*, __half const*, __half*, int, int, int)",128,8704,0,208,0,128,"SQ_BUSY_CYCLES",1561305.000000,1936823927261,1936824448998
182,182,"Agent 1",1,18759,18759,8192,17,"pk_gemm(__half const*, __half const*, __half*, int, int, int)",128,8704,0,208,0,128,"SQ_INSTS_LDS",1310720.000000,1936823927261,1936824448998
182,182,"Agent 1",1,18759,18759,8192,17,"pk_gemm(__half const*, __half const*, __half*, int, int, int)",128,8704,0,208,0,128,"SQ_INSTS_VALU",18710016.000000,1936823927261,1936824448998
182,182,"Agent 1",1,18759,18759,8192,17,"pk_gemm(__half const*, __half const*, __half*, int, int, int)",128,8704,0,208,0,128,"SQ_WAIT_ANY",158951102.000000,1936823927261,1936824448998
182,182,"Agent 1",1,18759,18759,8192,17,"pk_gemm(__half const*, __half const*, __half*, int, int, int)",128,8704,0,208,0,128,"SQ_WAVES",256.000000,1936823927261,1936824448998
183,183,"Agent 1",1,18759,18759,8192,17,"pk_gemm(__half const*, __half const*, __half*, int, int, int)",128,8704,0,208,0,128,"GRBM_GUI_ACTIVE",753681.000000,1936824482901,1936824981554
183,183,"Agent 1",1,18759,18759,8192,17,"pk_gemm(__half const*, __half const*, __half*, int, int, int)",128,8704,0,208,0,128,"SQ_BUSY_CYCLES",1491276.000000,1936824482901,1936824981554
183,183,"Agent 1",1,18759,18759,8192,17,"pk_gemm(__half const*, __half const*, __half*, int, int, int)",128,8704,0,208,0,128,"SQ_INSTS_LDS",1310720.000000,1936824482901,1936824981554
183,183,"Agent 1",1,18759,18759,8192,17,"pk_gemm(__half const*, __half const*, __half*, int, int, int)",128,8704,0,208,0,128,"SQ_INSTS_VALU",18710016.000000,1936824482901,1936824981554
183,183,"Agent 1",1,18759,18759,8192,17,"pk_gemm(__half const*, __half const*, __half*, int, int, int)",128,8704,0,208,0,128,"SQ_WAIT_ANY",150154312.000000,1936824482901,1936824981554
183,183,"Agent 1",1,18759,18759,8192,17,"pk_gemm(__half const*, __half const*, __half*, int, int, int)",128,8704,0,208,0,128,"SQ_WAVES",256.000000,1936824482901,1936824981554
184,184,"Agent 1",1,18759,18759,8192,17,"pk_gemm(__half const*, __half const*, __half*, int, int, int)",128,8704,0,208,0,128,"GRBM_GUI_ACTIVE",737987.000000,1936825016299,1936825504292
184,184,"Agent 1",1,18759,18759,8192,17,"pk_gemm(__half const*, __half const*, __half*, int, int, int)",128,8704,0,208,0,128,"SQ_BUSY_CYCLES",1446321.000000,1936825016299,1936825504292
184,184,"Agent 1",1,18759,18759,8192,17,"pk_gemm(__half const*, __half const*, __half*, int, int, int)",128,8704,0,208,0,128,"SQ_INSTS_LDS",1310720.000000,1936825016299,1936825504292
184,184,"Agent 1",1,18759,18759,8192,17,"pk_gemm(__half const*, __half const*, __half*, int, int, int)",128,8704,0,208,0,128,"SQ_INSTS_VALU",18710016.000000,1936825016299,1936825504292
184,184,"Agent 1",1,18759,18759,8192,17,"pk_gemm(__half const*, __half const*, __half*, int, int, int)",128,8704,0,208,0,128,"SQ_WAIT_ANY",143453504.000000,1936825016299,1936825504292
184,184,"Agent 1",1,18759,18759,8192,17,"pk_gemm(__half const*, __half const*, __half*, int, int, int)",128,8704,0,208,0,128,"SQ_WAVES",256.000000,1936825016299,1936825504292
185,185,"Agent 1",1,18759,18759,8192,17,"pk_gemm(__half const*, __half const*, __half*, int, int, int)",128,8704,0,208,0,128,"GRBM_GUI_ACTIVE",767567.000000,1936825538556,1936826046387
185,185,"Agent 1",1,18759,18759,8192,17,"pk_gemm(__half const*, __half const*, __half*, int, int, int)",128,8704,0,208,0,128,"SQ_BUSY_CYCLES",1514276.000000,1936825538556,1936826046387
185,185,"Agent 1",1,18759,18759,8192,17,"pk_gemm(__half const*, __half const*, __half*, int, int, int)",128,8704,0,208,0,128,"SQ_INSTS_LDS",1310720.000000,1936825538556,1936826046387
185,185,"Agent 1",1,18759,18759,8192,17,"pk_gemm(__half const*, __half const*, __half*, int, int, int)",128,8704,0,208,0,128,"SQ_INSTS_VALU",18710016.000000,1936825538556,1936826046387
185,185,"Agent 1",1,18759,18759,8192,17,"pk_gemm(__half const*, __half const*, __half*, int, int, int)",128,8704,0,208,0,128,"SQ_WAIT_ANY",152354726.000000,1936825538556,1936826046387
185,185,"Agent 1",1,18759,18759,8192,17,"pk_gemm(__half const*, __half const*, __half*, int, int, int)",128,8704,0,208,0,128,"SQ_WAVES",256.000000,1936825538556,1936826046387
186,186,"Agent 1",1,18759,18759,8192,17,"pk_gemm(__half const*, __half const*, __half*, int, int, int)",128,8704,0,208,0,128,"GRBM_GUI_ACTIVE",721262.000000,1936826080851,1936826558104
186,186,"Agent 1",1,18759,18759,8192,17,"pk_gemm(__half const*, __half const*, __half*, int, int, int)",128,8704,0,208,0,128,"SQ_BUSY_CYCLES",1420753.000000,1936826080851,1936826558104
186,186,"Agent 1",1,18759,18759,8192,17,"pk_gemm(__half const*, __half const*, __half*, int, int, int)",128,8704,0,208,0,128,"SQ_INSTS_LDS",1310720.000000,1936826080851,1936826558104
186,186,"Agent 1",1,18759,18759,8192,17,"pk_gemm(__half const*, __half const*, __half*, int, int, int)",128,8704,0,208,0,128,"SQ_INSTS_VALU",18710016.000000,1936826080851,1936826558104
186,186,"Agent 1",1,18759,18759,8192,17,"pk_gemm(__half const*, __half const*, __half*, int, int, int)",128,8704,0,208,0,128,"SQ_WAIT_ANY",139006637.000000,1936826080851,1936826558104
186,186,"Agent 1",1,18759,18759,8192,17,"pk_gemm(__half const*, __half const*, __half*, int, int, int)",128,8704,0,208,0,128,"SQ_WAVES",256.000000,1936826080851,1936826558104
187,187,"Agent 1",1,18759,18759,8192,17,"pk_gemm(__half const*, __half const*, __half*, int, int, int)",128,8704,0,208,0,128,"GRBM_GUI_ACTIVE",773852.000000,1936826590084,1936827102042
187,187,"Agent 1",1,18759,18759,8192,17,"pk_gemm(__half const*, __half const*, __half*, int, int, int)",128,8704,0,208,0,128,"SQ_BUSY_CYCLES",1517586.000000,1936826590084,1936827102042
187,187,"Agent 1",1,18759,18759,8192,17,"pk_gemm(__half const*, __half const*, __half*, int, int, int)",128,8704,0,208,0,128,"SQ_INSTS_LDS",1310720.000000,1936826590084,1936827102042
187,187,"Agent 1",1,18759,18759,8192,17,"pk_gemm(__half const*, __half const*, __half*, int, int, int)",128,8704,0,208,0,128,"SQ_INSTS_VALU",18710016.000000,1936826590084,1936827102042
187,187,"Agent 1",1,18759,18759,8192,17,"pk_gemm(__half const*, __half const*, __half*, int, int, int)",128,8704,0,208,0,128,"SQ_WAIT_ANY",155662710.000000,1936826590084,1936827102042
187,187,"Agent 1",1,18759,18759,8192,17,"pk_gemm(__half const*, __half const*, __half*, int, int, int)",128,8704,0,208,0,128,"SQ_WAVES",256.000000,1936826590084,1936827102042
188,188,"Agent 1",1,18759,18759,8192,17,"pk_gemm(__half const*, __half const*, __half*, int, int, int)",128,8704,0,208,0,128,"GRBM_GUI_ACTIVE",758606.000000,1936827134984,1936827636683
188,188,"Agent 1",1,18759,18759,8192,17,"pk_gemm(__half const*, __half const*, __half*, int, int, int)",128,8704,0,208,0,128,"SQ_BUSY_CYCLES",1482110.000000,1936827134984,1936827636683
188,188,"Agent 1",1,18759,18759,8192,17,"pk_gemm(__half const*, __half const*, __half*, int, int, int)",128,8704,0,208,0,128,"SQ_INSTS_LDS",1310720.000000,1936827134984,1936827636683
188,188,"Agent 1",1,18759,18759,8192,17,"pk_gemm(__half const*, __half const*, __half*, int, int, int)",128,8704,0,208,0,128,"SQ_INSTS_VALU",18710016.000000,1936827134984,1936827636683
188,188,"Agent 1",1,18759,18759,8192,17,"pk_gemm(__half const*, __half const*, __half*, int, int, int)",128,8704,0,208,0,128,"SQ_WAIT_ANY",149043777.000000,1936827134984,1936827636683
188,188,"Agent 1",1,18759,18759,8192,17,"pk_gemm(__half const*, __half const*, __half*, int, int, int)",128,8704,0,208,0,128,"SQ_WAVES",256.000000,1936827134984,1936827636683
189,189,"Agent 1",1,18759,18759,8192,17,"pk_gemm(__half const*, __half const*, __half*, int, int, int)",128,8704,0,208,0,128,"GRBM_GUI_ACTIVE",734391.000000,1936827668382,1936828154091
189,189,"Agent 1",1,18759,18759,8192,17,"pk_gemm(__half const*, __half const*, __half*, int, int, int)",128,8704,0,208,0,128,"SQ_BUSY_CYCLES",1450503.000000,1936827668382,1936828154091
189,189,"Agent 1",1,18759,18759,8192,17,"pk_gemm(__half const*, __half const*, __half*, int, int, int)",128,8704,0,208,0,128,"SQ_INSTS_LDS",1310720.000000,1936827668382,1936828154091
189,189,"Agent 1",1,18759,18759,8192,17,"pk_gemm(__half const*, __half const*, __half*, int, int, int)",128,8704,0,208,0,128,"SQ_INSTS_VALU",18710016.000000,1936827668382,1936828154091
189,189,"Agent 1",1,18759,18759,8192,17,"pk_gemm(__half const*, __half const*, __half*, int, int, int)",128,8704,0,208,0,128,"SQ_WAIT_ANY",143495227.000000,1936827668382,1936828154091
189,189,"Agent 1",1,18759,18759,8192,17,"pk_gemm(__half const*, __half const*, __half*, int, int, int)",128,8704,0,208,0,128,"SQ_WAVES",256.000000,1936827668382,1936828154091
190,190,"Agent 1",1,18759,18759,8192,17,"pk_gemm(__half const*, __half const*, __half*, int, int, int)",128,8704,0,208,0,128,"GRBM_GUI_ACTIVE",793035.000000,1936828185469,1936828710292
190,190,"Agent 1",1,18759,18759,8192,17,"pk_gemm(__half const*, __half const*, __half*, int, int, int)",128,8704,0,208,0,128,"SQ_BUSY_CYCLES",1556054.000000,1936828185469,1936828710292
190,190,"Agent 1",1,18759,18759,8192,17,"pk_gemm(__half const*, __half const*, __half*, int, int, int)",128,8704,0,208,0,128,"SQ_INSTS_LDS",1310720.000000,1936828185469,1936828710292
190,190,"Agent 1",1,18759,18759,8192,17,"pk_gemm(__half const*, __half const*, __half*, int, int, int)",128,8704,0,208,0,128,"SQ_INSTS_VALU",18710016.000000,1936828185469,1936828710292
190,190,"Agent 1",1,18759,18759,8192,17,"pk_gemm(__half const*, __half const*, __half*, int, int, int)",128,8704,0,208,0,128,"SQ_WAIT_ANY",159640259.000000,1936828185469,1936828710292
190,190,"Agent 1",1,18759,18759,8192,17,"pk_gemm(__half const*, __half const*, __half*, int, int, int)",128,8704,0,208,0,128,"SQ_WAVES",256.000000,1936828185469,1936828710292
191,191,"Agent 1",1,18759,18759,8192,17,"pk_gemm(__half const*, __half const*, __half*, int, int, int)",128,8704,0,208,0,128,"GRBM_GUI_ACTIVE",753593.000000,1936828743474,1936829242007
191,191,"Agent 1",1,18759,18759,8192,17,"pk_gemm(__half const*, __half const*, __half*, int, int, int)",128,8704,0,208,0,128,"SQ_BUSY_CYCLES",1488696.000000,1936828743474,1936829242007
191,191,"Agent 1",1,18759,18759,8192,17,"pk_gemm(__half const*, __half const*, __half*, int, int, int)",128,8704,0,208,0,128,"SQ_INSTS_LDS",1310720.000000,1936828743474,1936829242007
191,191,"Agent 1",1,18759,18759,8192,17,"pk_gemm(__half const*, __half const*, __half*, int, int, int)",128,8704,0,208,0,128,"SQ_INSTS_VALU",18710016.000000,1936828743474,1936829242007
191,191,"Agent 1",1,18759,18759,8192,17,"pk_gemm(__half const*, __half const*, __half*, int, int, int)",128,8704,0,208,0,128,"SQ_WAIT_ANY",146950944.000000,1936828743474,1936829242007
191,191,"Agent 1",1,18759,18759,8192,17,"pk_gemm(__half const*, __half const*, __half*, int, int, int)",128,8704,0,208,0,128,"SQ_WAVES",256.000000,1936828743474,1936829242007
192,192,"Agent 1",1,18759,18759,8192,17,"pk_gemm(__half const*, __half const*, __half*, int, int, int)",128,8704,0,208,0,128,"GRBM_GUI_ACTIVE",762744.000000,1936829273065,1936829777529
192,192,"Agent 1",1,18759,18759,8192,17,"pk_gemm(__half const*, __half const*, __half*, int, int, int)",128,8704,0,208,0,128,"SQ_BUSY_CYCLES",1495538.000000,1936829273065,1936829777529
192,192,"Agent 1",1,18759,18759,8192,17,"pk_gemm(__half const*, __half const*, __half*, int, int, int)",128,8704,0,208,0,128,"SQ_INSTS_LDS",1310720.000000,1936829273065,1936829777529
192,192,"Agent 1",1,18759,18759,8192,17,"pk_gemm(__half const*, __half const*, __half*, int, int, int)",128,8704,0,208,0,128,"SQ_INSTS_VALU",18710016.000000,1936829273065,1936829777529
192,192,"Agent 1",1,18759,18759,8192,17,"pk_gemm(__half const*, __half const*, __half*, int, int, int)",128,8704,0,208,0,128,"SQ_WAIT_ANY",149456533.000000,1936829273065,1936829777529
192,192,"Agent 1",1,18759,18759,8192,17,"pk_gemm(__half const*, __half const*, __half*, int, int, int)",128,8704,0,208,0,128,"SQ_WAVES",256.000000,1936829273065,1936829777529
193,193,"Agent 1",1,18759,18759,8192,17,"pk_gemm(__half const*, __half const*, __half*, int, int, int)",128,8704,0,208,0,128,"GRBM_GUI_ACTIVE",744178.000000,1936829809869,1936830302070
193,193,"Agent 1",1,18759,18759,8192,17,"pk_gemm(__half const*, __half const*, __half*, int, int, int)",128,8704,0,208,0,128,"SQ_BUSY_CYCLES",1468091.000000,1936829809869,1936830302070
193,193,"Agent 1",1,18759,18759,8192,17,"pk_gemm(__half const*, __half const*, __half*, int, int, int)",128,8704,0,208,0,128,"SQ_INSTS_LDS",1310720.000000,1936829809869,1936830302070
193,193,"Agent 1",1,18759,18759,8192,17,"pk_gemm(__half const*, __half const*, __half*, int, int, int)",128,8704,0,208,0,128,"SQ_INSTS_VALU",18710016.000000,1936829809869,1936830302070
193,193,"Agent 1",1,18759,18759,8192,17,"pk_gemm(__half const*, __half const*, __half*, int, int, int)",128,8704,0,208,0,128,"SQ_WAIT_ANY",143521604.000000,1936829809869,1936830302070
193,193,"Agent 1",1,18759,18759,8192,17,"pk_gemm(__half const*, __half const*, __half*, int, int, int)",128,8704,0,208,0,128,"SQ_WAVES",256.000000,1936829809869,1936830302070
194,194,"Agent 1",1,18759,18759,8192,17,"pk_gemm(__half const*, __half const*, __half*, int, int, int)",128,8704,0,208,0,128,"GRBM_GUI_ACTIVE",757420.000000,1936830333569,1936830834466
194,194,"Agent 1",1,18759,18759,8192,17,"pk_gemm(__half const*, __half const*, __half*, int, int, int)",128,8704,0,208,0,128,"SQ_BUSY_CYCLES",1485118.000000,1936830333569,1936830834466
194,194,"Agent 1",1,18759,18759,8192,17,"pk_gemm(__half const*, __half const*, __half*, int, int, int)",128,8704,0,208,0,128,"SQ_INSTS_LDS",1310720.000000,1936830333569,1936830834466
194,194,"Agent 1",1,18759,18759,8192,17,"pk_gemm(__half const*, __half const*, __half*, int, int, int)",128,8704,0,208,0,128,"SQ_INSTS_VALU",18710016.000000,1936830333569,1936830834466
194,194,"Agent 1",1,18759,18759,8192,17,"pk_gemm(__half const*, __half const*, __half*, int, int, int)",128,8704,0,208,0,128,"SQ_WAIT_ANY",151052253.000000,1936830333569,1936830834466
194,194,"Agent 1",1,18759,18759,8192,17,"pk_gemm(__half const*, __half const*, __half*, int, int, int)",128,8704,0,208,0,128,"SQ_WAVES",256.000000,1936830333569,1936830834466
195,195,"Agent 1",1,18759,18759,8192,17,"pk_gemm(__half const*, __half const*, __half*, int, int, int)",128,8704,0,208,0,128,"GRBM_GUI_ACTIVE",790481.000000,1936830866246,1936831389225
195,195,"Agent 1",1,18759,18759,8192,17,"pk_gemm(__half const*, __half const*, __half*, int, int, int)",128,8704,0,208,0,128,"SQ_BUSY_CYCLES",1555028.000000,1936830866246,1936831389225
195,195,"Agent 1",1,18759,18759,8192,17,"pk_gemm(__half const*, __half const*, __half*, int, int, int)",128,8704,0,208,0,128,"SQ_INSTS_LDS",1310720.000000,1936830866246,1936831389225
195,195,"Agent 1",1,18759,18759,8192,17,"pk_gemm(__half const*, __half const*, __half*, int, int, int)",128,8704,0,208,0,128,"SQ_INSTS_VALU",18710016.000000,1936830866246,1936831389225
195,195,"Agent 1",1,18759,18759,8192,17,"pk_gemm(__half const*, __half const*, __half*, int, int, int)",128,8704,0,208,0,128,"SQ_WAIT_ANY",160746212.000000,1936830866246,1936831389225
195,195,"Agent 1",1,18759,18759,8192,17,"pk_gemm(__half const*, __half const*, __half*, int, int, int)",128,8704,0,208,0,128,"SQ_WAVES",256.000000,1936830866246,1936831389225
196,196,"Agent 1",1,18759,18759,8192,17,"pk_gemm(__half const*, __half const*, __half*, int, int, int)",128,8704,0,208,0,128,"GRBM_GUI_ACTIVE",730726.000000,1936831421084,1936831904268
196,196,"Agent 1",1,18759,18759,8192,17,"pk_gemm(__half const*, __half const*, __half*, int, int, int)",128,8704,0,208,0,128,"SQ_BUSY_CYCLES",1446042.000000,1936831421084,1936831904268
196,196,"Agent 1",1,18759,18759,8192,17,"pk_gemm(__half const*, __half const*, __half*, int, int, int)",128,8704,0,208,0,128,"SQ_INSTS_LDS",1310720.000000,1936831421084,1936831904268
196,196,"Agent 1",1,18759,18759,8192,17,"pk_gemm(__half const*, __half const*, __half*, int, int, int)",128,8704,0,208,0,128,"SQ_INSTS_VALU",18710016.000000,1936831421084,1936831904268
196,196,"Agent 1",1,18759,18759,8192,17,"pk_gemm(__half const*, __half const*, __half*, int, int, int)",128,8704,0,208,0,128,"SQ_WAIT_ANY",141906342.000000,1936831421084,1936831904268
196,196,"Agent 1",1,18759,18759,8192,17,"pk_gemm(__half const*, __half const*, __half*, int, int, int)",128,8704,0,208,0,128,"SQ_WAVES",256.000000,1936831421084,1936831904268
197,197,"Agent 1",1,18759,18759,8192,17,"pk_gemm(__half const*, __half const*, __half*, int, int, int)",128,8704,0,208,0,128,"GRBM_GUI_ACTIVE",774681.000000,1936831935567,1936832448046
197,197,"Agent 1",1,18759,18759,8192,17,"pk_gemm(__half const*, __half const*, __half*, int, int, int)",128,8704,0,208,0,128,"SQ_BUSY_CYCLES",1526222.000000,1936831935567,1936832448046
197,197,"Agent 1",1,18759,18759,8192,17,"pk_gemm(__half const*, __half const*, __half*, int, int, int)",128,8704,0,208,0,128,"SQ_INSTS_LDS",1310720.000000,1936831935567,1936832448046
197,197,"Agent 1",1,18759,18759,8192,17,"pk_gemm(__half const*, __half const*, __half*, int, int, int)",128,8704,0,208,0,128,"SQ_INSTS_VALU",18710016.000000,1936831935567,1936832448046
197,197,"Agent 1",1,18759,18759,8192,17,"pk_gemm(__half const*, __half const*, __half*, int, int, int)",128,8704,0,208,0,128,"SQ_WAIT_ANY",156272446.000000,1936831935567,1936832448046
197,197,"Agent 1",1,18759,18759,8192,17,"pk_gemm(__half const*, __half const*, __half*, int, int, int)",128,8704,0,208,0,128,"SQ_WAVES",256.000000,1936831935567,1936832448046
198,198,"Agent 1",1,18759,18759,8192,17,"pk_gemm(__half const*, __half const*, __half*, int, int, int)",128,8704,0,208,0,128,"GRBM_GUI_ACTIVE",761996.000000,1936832508158,1936833011861
198,198,"Agent 1",1,18759,18759,8192,17,"pk_gemm(__half const*, __half const*, __half*, int, int, int)",128,8704,0,208,0,128,"SQ_BUSY_CYCLES",1495063.000000,1936832508158,1936833011861
198,198,"Agent 1",1,18759,18759,8192,17,"pk_gemm(__half const*, __half const*, __half*, int, int, int)",128,8704,0,208,0,128,"SQ_INSTS_LDS",1310720.000000,1936832508158,1936833011861
198,198,"Agent 1",1,18759,18759,8192,17,"pk_gemm(__half const*, __half const*, __half*, int, int, int)",128,8704,0,208,0,128,"SQ_INSTS_VALU",18710016.000000,1936832508158,1936833011861
198,198,"Agent 1",1,18759,18759,8192,17,"pk_gemm(__half const*, __half const*, __half*, int, int, int)",128,8704,0,208,0,128,"SQ_WAIT_ANY",148312365.000000,1936832508158,1936833011861
198,198,"Agent 1",1,18759,18759,8192,17,"pk_gemm(__half const*, __half const*, __half*, int, int, int)",128,8704,0,208,0,128,"SQ_WAVES",256.000000,1936832508158,1936833011861
199,199,"Agent 1",1,18759,18759,8192,17,"pk_gemm(__half const*, __half const*, __half*, int, int, int)",128,8704,0,208,0,128,"GRBM_GUI_ACTIVE",747661.000000,1936833047047,1936833541492
199,199,"Agent 1",1,18759,18759,8192,17,"pk_gemm(__half const*, __half const*, __half*, int, int, int)",128,8704,0,208,0,128,"SQ_BUSY_CYCLES",1452500.000000,1936833047047,1936833541492
199,199,"Agent 1",1,18759,18759,8192,17,"pk_gemm(__half const*, __half const*, __half*, int, int, int)",128,8704,0,208,0,128,"SQ_INSTS_LDS",1310720.000000,1936833047047,1936833541492
199,199,"Agent 1",1,18759,18759,8192,17,"pk_gemm(__half const*, __half const*, __half*, int, int, int)",128,8704,0,208,0,128,"SQ_INSTS_VALU",18710016.000000,1936833047047,1936833541492
199,199,"Agent 1",1,18759,18759,8192,17,"pk_gemm(__half const*, __half const*, __half*, int, int, int)",128,8704,0,208,0,128,"SQ_WAIT_ANY",145985330.000000,1936833047047,1936833541492
199,199,"Agent 1",1,18759,18759,8192,17,"pk_gemm(__half const*, __half const*, __half*, int, int, int)",128,8704,0,208,0,128,"SQ_WAVES",256.000000,1936833047047,1936833541492
200,200,"Agent 1",1,18759,18759,8192,17,"pk_gemm(__half const*, __half const*, __half*, int, int, int)",128,8704,0,208,0,128,"GRBM_GUI_ACTIVE",781278.000000,1936833574594,1936834091321
200,200,"Agent 1",1,18759,18759,8192,17,"pk_gemm(__half const*, __half const*, __half*, int, int, int)",128,8704,0,208,0,128,"SQ_BUSY_CYCLES",1539527.000000,1936833574594,1936834091321
200,200,"Agent 1",1,18759,18759,8192,17,"pk_gemm(__half const*, __half const*, __half*, int, int, int)",128,8704,0,208,0,128,"SQ_INSTS_LDS",1310720.000000,1936833574594,1936834091321
200,200,"Agent 1",1,18759,18759,8192,17,"pk_gemm(__half const*, __half const*, __half*, int, int, int)",128,8704,0,208,0,128,"SQ_INSTS_VALU",18710016.000000,1936833574594,1936834091321
200,200,"Agent 1",1,18759,18759,8192,17,"pk_gemm(__half const*, __half const*, __half*, int, int, int)",128,8704,0,208,0,128,"SQ_WAIT_ANY",157186529.000000,1936833574594,1936834091321
200,200,"Agent 1",1,18759,18759,8192,17,"pk_gemm(__half const*, __half const*, __half*, int, int, int)",128,8704,0,208,0,128,"SQ_WAVES",256.000000,1936833574594,1936834091321
201,201,"Agent 1",1,18759,18759,8192,17,"pk_gemm(__half const*, __half const*, __half*, int, int, int)",128,8704,0,208,0,128,"GRBM_GUI_ACTIVE",759520.000000,1936834127509,1936834629809
201,201,"Agent 1",1,18759,18759,8192,17,"pk_gemm(__half const*, __half const*, __half*, int, int, int)",128,8704,0,208,0,128,"SQ_BUSY_CYCLES",1502652.000000,1936834127509,1936834629809
201,201,"Agent 1",1,18759,18759,8192,17,"pk_gemm(__half const*, __half const*, __half*, int, int, int)",128,8704,0,208,0,128,"SQ_INSTS_LDS",1310720.000000,1936834127509,1936834629809
201,201,"Agent 1",1,18759,18759,8192,17,"pk_gemm(__half const*, __half const*, __half*, int, int, int)",128,8704,0,208,0,128,"SQ_INSTS_VALU",18710016.000000,1936834127509,1936834629809
201,201,"Agent 1",1,18759,18759,8192,17,"pk_gemm(__half const*, __half const*, __half*, int, int, int)",128,8704,0,208,0,128,"SQ_WAIT_ANY",148217635.000000,1936834127509,1936834629809
201,201,"Agent 1",1,18759,18759,8192,17,"pk_gemm(__half const*, __half const*, __half*, int, int, int)",128,8704,0,208,0,128,"SQ_WAVES",256.000000,1936834127509,1936834629809
202,202,"Agent 1",1,18759,18759,8192,17,"pk_gemm(__half const*, __half const*, __half*, int, int, int)",128,8704,0,208,0,128,"GRBM_GUI_ACTIVE",764183.000000,1936834666718,1936835172103
202,202,"Agent 1",1,18759,18759,8192,17,"pk_gemm(__half const*, __half const*, __half*, int, int, int)",128,8704,0,208,0,128,"SQ_BUSY_CYCLES",1498277.000000,1936834666718,1936835172103
202,202,"Agent 1",1,18759,18759,8192,17,"pk_gemm(__half const*, __half const*, __half*, int, int, int)",128,8704,0,208,0,128,"SQ_INSTS_LDS",1310720.000000,1936834666718,1936835172103
202,202,"Agent 1",1,18759,18759,8192,17,"pk_gemm(__half const*, __half const*, __half*, int, int, int)",128,8704,0,208,0,128,"SQ_INSTS_VALU",18710016.000000,1936834666718,1936835172103
202,202,"Agent 1",1,18759,18759,8192,17,"pk_gemm(__half const*, __half const*, __half*, int, int, int)",128,8704,0,208,0,128,"SQ_WAIT_ANY",150501311.000000,1936834666718,1936835172103
202,202,"Agent 1",1,18759,18759,8192,17,"pk_gemm(__half const*, __half const*, __half*, int, int, int)",128,8704,0,208,0,128,"SQ_WAVES",256.000000,1936834666718,1936835172103
203,203,"Agent 1",1,18759,18759,8192,17,"pk_gemm(__half const*, __half const*, __half*, int, int, int)",128,8704,0,208,0,128,"GRBM_GUI_ACTIVE",765376.000000,1936835208852,1936835714959
203,203,"Agent 1",1,18759,18759,8192,17,"pk_gemm(__half const*, __half const*, __half*, int, int, int)",128,8704,0,208,0,128,"SQ_BUSY_CYCLES",1501650.000000,1936835208852,1936835714959
203,203,"Agent 1",1,18759,18759,8192,17,"pk_gemm(__half const*, __half const*, __half*, int, int, int)",128,8704,0,208,0,128,"SQ_INSTS_LDS",1310720.000000,1936835208852,1936835714959
203,203,"Agent 1",1,18759,18759,8192,17,"pk_gemm(__half const*, __half const*, __half*, int, int, int)",128,8704,0,208,0,128,"SQ_INSTS_VALU",18710016.000000,1936835208852,1936835714959
203,203,"Agent 1",1,18759,18759,8192,17,"pk_gemm(__half const*, __half const*, __half*, int, int, int)",128,8704,0,208,0,128,"SQ_WAIT_ANY",149760308.000000,1936835208852,1936835714959
203,203,"Agent 1",1,18759,18759,8192,17,"pk_gemm(__half const*, __half const*, __half*, int, int, int)",128,8704,0,208,0,128,"SQ_WAVES",256.000000,1936835208852,1936835714959
204,204,"Agent 1",1,18759,18759,8192,17,"pk_gemm(__half const*, __half const*, __half*, int, int, int)",128,8704,0,208,0,128,"GRBM_GUI_ACTIVE",744511.000000,1936835750265,1936836242707
204,204,"Agent 1",1,18759,18759,8192,17,"pk_gemm(__half const*, __half const*, __half*, int, int, int)",128,8704,0,208,0,128,"SQ_BUSY_CYCLES",1470860.000000,1936835750265,1936836242707
204,204,"Agent 1",1,18759,18759,8192,17,"pk_gemm(__half const*, __half const*, __half*, int, int, int)",128,8704,0,208,0,128,"SQ_INSTS_LDS",1310720.000000,1936835750265,1936836242707
204,204,"Agent 1",1,18759,18759,8192,17,"pk_gemm(__half const*, __half const*, __half*, int, int, int)",128,8704,0,208,0,128,"SQ_INSTS_VALU",18710016.000000,1936835750265,1936836242707
204,204,"Agent 1",1,18759,18759,8192,17,"pk_gemm(__half const*, __half const*, __half*, int, int, int)",128,8704,0,208,0,128,"SQ_WAIT_ANY",145639963.000000,1936835750265,1936836242707
204,204,"Agent 1",1,18759,18759,8192,17,"pk_gemm(__half const*, __half const*, __half*, int, int, int)",128,8704,0,208,0,128,"SQ_WAVES",256.000000,1936835750265,1936836242707
205,205,"Agent 1",1,18759,18759,8192,17,"pk_gemm(__half const*, __half const*, __half*, int, int, int)",128,8704,0,208,0,128,"GRBM_GUI_ACTIVE",766414.000000,1936836277692,1936836784601
205,205,"Agent 1",1,18759,18759,8192,17,"pk_gemm(__half const*, __half const*, __half*, int, int, int)",128,8704,0,208,0,128,"SQ_BUSY_CYCLES",1494856.000000,1936836277692,1936836784601
205,205,"Agent 1",1,18759,18759,8192,17,"pk_gemm(__half const*, __half const*, __half*, int, int, int)",128,8704,0,208,0,128,"SQ_INSTS_LDS",1310720.000000,1936836277692,1936836784601
205,205,"Agent 1",1,18759,18759,8192,17,"pk_gemm(__half const*, __half const*, __half*, int, int, int)",128,8704,0,208,0,128,"SQ_INSTS_VALU",18710016.000000,1936836277692,1936836784601
205,205,"Agent 1",1,18759,18759,8192,17,"pk_gemm(__half const*, __half const*, __half*, int, int, int)",128,8704,0,208,0,128,"SQ_WAIT_ANY",151542504.000000,1936836277692,1936836784601
205,205,"Agent 1",1,18759,18759,8192,17,"pk_gemm(__half const*, __half const*, __half*, int, int, int)",128,8704,0,208,0,128,"SQ_WAVES",256.000000,1936836277692,1936836784601
206,206,"Agent 1",1,18759,18759,8192,17,"pk_gemm(__half const*, __half const*, __half*, int, int, int)",128,8704,0,208,0,128,"GRBM_GUI_ACTIVE",765443.000000,1936836820628,1936837326575
206,206,"Agent 1",1,18759,18759,8192,17,"pk_gemm(__half const*, __half const*, __half*, int, int, int)",128,8704,0,208,0,128,"SQ_BUSY_CYCLES",1487292.000000,1936836820628,1936837326575
206,206,"Agent 1",1,18759,18759,8192,17,"pk_gemm(__half const*, __half const*, __half*, int, int, int)",128,8704,0,208,0,128,"SQ_INSTS_LDS",1310720.000000,1936836820628,1936837326575
206,206,"Agent 1",1,18759,18759,8192,17,"pk_gemm(__half const*, __half const*, __half*, int, int, int)",128,8704,0,208,0,128,"SQ_INSTS_VALU",18710016.000000,1936836820628,1936837326575
206,206,"Agent 1",1,18759,18759,8192,17,"pk_gemm(__half const*, __half const*, __half*, int, int, int)",128,8704,0,208,0,128,"SQ_WAIT_ANY",148397592.000000,1936836820628,1936837326575
206,206,"Agent 1",1,18759,18759,8192,17,"pk_gemm(__half const*, __half const*, __half*, int, int, int)",128,8704,0,208,0,128,"SQ_WAVES",256.000000,1936836820628,1936837326575
207,207,"Agent 1",1,18759,18759,8192,17,"pk_gemm(__half const*, __half const*, __half*, int, int, int)",128,8704,0,208,0,128,"GRBM_GUI_ACTIVE",764461.000000,1936837361360,1936837866946
207,207,"Agent 1",1,18759,18759,8192,17,"pk_gemm(__half const*, __half const*, __half*, int, int, int)",128,8704,0,208,0,128,"SQ_BUSY_CYCLES",1503493.000000,1936837361360,1936837866946
207,207,"Agent 1",1,18759,18759,8192,17,"pk_gemm(__half const*, __half const*, __half*, int, int, int)",128,8704,0,208,0,128,"SQ_INSTS_LDS",1310720.000000,1936837361360,1936837866946
207,207,"Agent 1",1,18759,18759,8192,17,"pk_gemm(__half const*, __half const*, __half*, int, int, int)",128,8704,0,208,0,128,"SQ_INSTS_VALU",18710016.000000,1936837361360,1936837866946
207,207,"Agent 1",1,18759,18759,8192,17,"pk_gemm(__half const*, __half const*, __half*, int, int, int)",128,8704,0,208,0,128,"SQ_WAIT_ANY",150747868.000000,1936837361360,1936837866946
207,207,"Agent 1",1,18759,18759,8192,17,"pk_gemm(__half const*, __half const*, __half*, int, int, int)",128,8704,0,208,0,128,"SQ_WAVES",256.000000,1936837361360,1936837866946
208,208,"Agent 1",1,18759,18759,8192,17,"pk_gemm(__half const*, __half const*, __half*, int, int, int)",128,8704,0,208,0,128,"GRBM_GUI_ACTIVE",764429.000000,1936837900609,1936838406396
208,208,"Agent 1",1,18759,18759,8192,17,"pk_gemm(__half const*, __half const*, __half*, int, int, int)",128,8704,0,208,0,128,"SQ_BUSY_CYCLES",1513502.000000,1936837900609,1936838406396
208,208,"Agent 1",1,18759,18759,8192,17,"pk_gemm(__half const*, __half const*, __half*, int, int, int)",128,8704,0,208,0,128,"SQ_INSTS_LDS",1310720.000000,1936837900609,1936838406396
208,208,"Agent 1",1,18759,18759,8192,17,"pk_gemm(__half const*, __half const*, __half*, int, int, int)",128,8704,0,208,0,128,"SQ_INSTS_VALU",18710016.000000,1936837900609,1936838406396
208,208,"Agent 1",1,18759,18759,8192,17,"pk_gemm(__half const*, __half const*, __half*, int, int, int)",128,8704,0,208,0,128,"SQ_WAIT_ANY",149097141.000000,1936837900609,1936838406396
208,208,"Agent 1",1,18759,18759,8192,17,"pk_gemm(__half const*, __half const*, __half*, int, int, int)",128,8704,0,208,0,128,"SQ_WAVES",256.000000,1936837900609,1936838406396
209,209,"Agent 1",1,18759,18759,8192,17,"pk_gemm(__half const*, __half const*, __half*, int, int, int)",128,8704,0,208,0,128,"GRBM_GUI_ACTIVE",730460.000000,1936838439578,1936838922682
209,209,"Agent 1",1,18759,18759,8192,17,"pk_gemm(__half const*, __half const*, __half*, int, int, int)",128,8704,0,208,0,128,"SQ_BUSY_CYCLES",1436148.000000,1936838439578,1936838922682
209,209,"Agent 1",1,18759,18759,8192,17,"pk_gemm(__half const*, __half const*, __half*, int, int, int)",128,8704,0,208,0,128,"SQ_INSTS_LDS",1310720.000000,1936838439578,1936838922682
209,209,"Agent 1",1,18759,18759,8192,17,"pk_gemm(__half const*, __half const*, __half*, int, int, int)",128,8704,0,208,0,128,"SQ_INSTS_VALU",18710016.000000,1936838439578,1936838922682
209,209,"Agent 1",1,18759,18759,8192,17,"pk_gemm(__half const*, __half const*, __half*, int, int, int)",128,8704,0,208,0,128,"SQ_WAIT_ANY",141098649.000000,1936838439578,1936838922682
209,209,"Agent 1",1,18759,18759,8192,17,"pk_gemm(__half const*, __half const*, __half*, int, int, int)",128,8704,0,208,0,128,"SQ_WAVES",256.000000,1936838439578,1936838922682
210,210,"Agent 1",1,18759,18759,8192,17,"pk_gemm(__half const*, __half const*, __half*, int, int, int)",128,8704,0,208,0,128,"GRBM_GUI_ACTIVE",772860.000000,1936838956585,1936839467581
210,210,"Agent 1",1,18759,18759,8192,17,"pk_gemm(__half const*, __half const*, __half*, int, int, int)",128,8704,0,208,0,128,"SQ_BUSY_CYCLES",1525400.000000,1936838956585,1936839467581
210,210,"Agent 1",1,18759,18759,8192,17,"pk_gemm(__half const*, __half const*, __half*, int, int, int)",128,8704,0,208,0,128,"SQ_INSTS_LDS",1310720.000000,1936838956585,1936839467581
210,210,"Agent 1",1,18759,18759,8192,17,"pk_gemm(__half const*, __half const*, __half*, int, int, int)",128,8704,0,208,0,128,"SQ_INSTS_VALU",18710016.000000,1936838956585,1936839467581
210,210,"Agent 1",1,18759,18759,8192,17,"pk_gemm(__half const*, __half const*, __half*, int, int, int)",128,8704,0,208,0,128,"SQ_WAIT_ANY",154136827.000000,1936838956585,1936839467581
210,210,"Agent 1",1,18759,18759,8192,17,"pk_gemm(__half const*, __half const*, __half*, int, int, int)",128,8704,0,208,0,128,"SQ_WAVES",256.000000,1936838956585,1936839467581
211,211,"Agent 1",1,18759,18759,8192,17,"pk_gemm(__half const*, __half const*, __half*, int, int, int)",128,8704,0,208,0,128,"GRBM_GUI_ACTIVE",747946.000000,1936839500924,1936839995690
211,211,"Agent 1",1,18759,18759,8192,17,"pk_gemm(__half const*, __half const*, __half*, int, int, int)",128,8704,0,208,0,128,"SQ_BUSY_CYCLES",1469684.000000,1936839500924,1936839995690
211,211,"Agent 1",1,18759,18759,8192,17,"pk_gemm(__half const*, __half const*, __half*, int, int, int)",128,8704,0,208,0,128,"SQ_INSTS_LDS",1310720.000000,1936839500924,1936839995690
211,211,"Agent 1",1,18759,18759,8192,17,"pk_gemm(__half const*, __half const*, __half*, int, int, int)",128,8704,0,208,0,128,"SQ_INSTS_VALU",18710016.000000,1936839500924,1936839995690
211,211,"Agent 1",1,18759,18759,8192,17,"pk_gemm(__half const*, __half const*, __half*, int, int, int)",128,8704,0,208,0,128,"SQ_WAIT_ANY",146611670.000000,1936839500924,1936839995690
211,211,"Agent 1",1,18759,18759,8192,17,"pk_gemm(__half const*, __half const*, __half*, int, int, int)",128,8704,0,208,0,128,"SQ_WAVES",256.000000,1936839500924,1936839995690
212,212,"Agent 1",1,18759,18759,8192,17,"pk_gemm(__half const*, __half const*, __half*, int, int, int)",128,8704,0,208,0,128,"GRBM_GUI_ACTIVE",776451.000000,1936840028471,1936840542112
212,212,"Agent 1",1,18759,18759,8192,17,"pk_gemm(__half const*, __half const*, __half*, int, int, int)",128,8704,0,208,0,128,"SQ_BUSY_CYCLES",1524767.000000,1936840028471,1936840542112
212,212,"Agent 1",1,18759,18759,8192,17,"pk_gemm(__half const*, __half const*, __half*, int, int, int)",128,8704,0,208,0,128,"SQ_INSTS_LDS",1310720.000000,1936840028471,1936840542112
212,212,"Agent 1",1,18759,18759,8192,17,"pk_gemm(__half const*, __half const*, __half*, int, int, int)",128,8704,0,208,0,128,"SQ_INSTS_VALU",18710016.000000,1936840028471,1936840542112
212,212,"Agent 1",1,18759,18759,8192,17,"pk_gemm(__half const*, __half const*, __half*, int, int, int)",128,8704,0,208,0,128,"SQ_WAIT_ANY",156454562.000000,1936840028471,1936840542112
212,212,"Agent 1",1,18759,18759,8192,17,"pk_gemm(__half const*, __half const*, __half*, int, int, int)",128,8704,0,208,0,128,"SQ_WAVES",256.000000,1936840028471,1936840542112
213,213,"Agent 1",1,18759,18759,8192,17,"pk_gemm(__half const*, __half const*, __half*, int, int, int)",128,8704,0,208,0,128,"GRBM_GUI_ACTIVE",770036.000000,1936840576336,1936841085649
213,213,"Agent 1",1,18759,18759,8192,17,"pk_gemm(__half const*, __half const*, __half*, int, int, int)",128,8704,0,208,0,128,"SQ_BUSY_CYCLES",1522374.000000,1936840576336,1936841085649
213,213,"Agent 1",1,18759,18759,8192,17,"pk_gemm(__half const*, __half const*, __half*, int, int, int)",128,8704,0,208,0,128,"SQ_INSTS_LDS",1310720.000000,1936840576336,1936841085649
213,213,"Agent 1",1,18759,18759,8192,17,"pk_gemm(__half const*, __half const*, __half*, int, int, int)",128,8704,0,208,0,128,"SQ_INSTS_VALU",18710016.000000,1936840576336,1936841085649
213,213,"Agent 1",1,18759,18759,8192,17,"pk_gemm(__half const*, __half const*, __half*, int, int, int)",128,8704,0,208,0,128,"SQ_WAIT_ANY",153299914.000000,1936840576336,1936841085649
213,213,"Agent 1",1,18759,18759,8192,17,"pk_gemm(__half const*, __half const*, __half*, int, int, int)",128,8704,0,208,0,128,"SQ_WAVES",256.000000,1936840576336,1936841085649
214,214,"Agent 1",1,18759,18759,8192,17,"pk_gemm(__half const*, __half const*, __half*, int, int, int)",128,8704,0,208,0,128,"GRBM_GUI_ACTIVE",737308.000000,1936841118070,1936841605462
214,214,"Agent 1",1,18759,18759,8192,17,"pk_gemm(__half const*, __half const*, __half*, int, int, int)",128,8704,0,208,0,128,"SQ_BUSY_CYCLES",1452372.000000,1936841118070,1936841605462
214,214,"Agent 1",1,18759,18759,8192,17,"pk_gemm(__half const*, __half const*, __half*, int, int, int)",128,8704,0,208,0,128,"SQ_INSTS_LDS",1310720.000000,1936841118070,1936841605462
214,214,"Agent 1",1,18759,18759,8192,17,"pk_gemm(__half const*, __half const*, __half*, int, int, int)",128,8704,0,208,0,128,"SQ_INSTS_VALU",18710016.000000,1936841118070,1936841605462
214,214,"Agent 1",1,18759,18759,8192,17,"pk_gemm(__half const*, __half const*, __half*, int, int, int)",128,8704,0,208,0,128,"SQ_WAIT_ANY",145093746.000000,1936841118070,1936841605462
214,214,"Agent 1",1,18759,18759,8192,17,"pk_gemm(__half const*, __half const*, __half*, int, int, int)",128,8704,0,208,0,128,"SQ_WAVES",256.000000,1936841118070,1936841605462
215,215,"Agent 1",1,18759,18759,8192,17,"pk_gemm(__half const*, __half const*, __half*, int, int, int)",128,8704,0,208,0,128,"GRBM_GUI_ACTIVE",775824.000000,1936841638804,1936842151764
215,215,"Agent 1",1,18759,18759,8192,17,"pk_gemm(__half const*, __half const*, __half*, int, int, int)",128,8704,0,208,0,128,"SQ_BUSY_CYCLES",1527850.000000,1936841638804,1936842151764
215,215,"Agent 1",1,18759,18759,8192,17,"pk_gemm(__half const*, __half const*, __half*, int, int, int)",128,8704,0,208,0,128,"SQ_INSTS_LDS",1310720.000000,1936841638804,1936842151764
215,215,"Agent 1",1,18759,18759,8192,17,"pk_gemm(__half const*, __half const*, __half*, int, int, int)",128,8704,0,208,0,128,"SQ_INSTS_VALU",18710016.000000,1936841638804,1936842151764
215,215,"Agent 1",1,18759,18759,8192,17,"pk_gemm(__half const*, __half const*, __half*, int, int, int)",128,8704,0,208,0,128,"SQ_WAIT_ANY",154469541.000000,1936841638804,1936842151764
215,215,"Agent 1",1,18759,18759,8192,17,"pk_gemm(__half const*, __half const*, __half*, int, int, int)",128,8704,0,208,0,128,"SQ_WAVES",256.000000,1936841638804,1936842151764
216,216,"Agent 1",1,18759,18759,8192,17,"pk_gemm(__half const*, __half const*, __half*, int, int, int)",128,8704,0,208,0,128,"GRBM_GUI_ACTIVE",750474.000000,1936842184465,1936842680834
216,216,"Agent 1",1,18759,18759,8192,17,"pk_gemm(__half const*, __half const*, __half*, int, int, int)",128,8704,0,208,0,128,"SQ_BUSY_CYCLES",1485189.000000,1936842184465,1936842680834
216,216,"Agent 1",1,18759,18759,8192,17,"pk_gemm(__half const*, __half const*, __half*, int, int, int)",128,8704,0,208,0,128,"SQ_INSTS_LDS",1310720.000000,1936842184465,1936842680834
216,216,"Agent 1",1,18759,18759,8192,17,"pk_gemm(__half const*, __half const*, __half*, int, int, int)",128,8704,0,208,0,128,"SQ_INSTS_VALU",18710016.000000,1936842184465,1936842680834
216,216,"Agent 1",1,18759,18759,8192,17,"pk_gemm(__half const*, __half const*, __half*, int, int, int)",128,8704,0,208,0,128,"SQ_WAIT_ANY",145889944.000000,1936842184465,1936842680834
216,216,"Agent 1",1,18759,18759,8192,17,"pk_gemm(__half const*, __half const*, __half*, int, int, int)",128,8704,0,208,0,128,"SQ_WAVES",256.000000,1936842184465,1936842680834
217,217,"Agent 1",1,18759,18759,8192,17,"pk_gemm(__half const*, __half const*, __half*, int, int, int)",128,8704,0,208,0,128,"GRBM_GUI_ACTIVE",786067.000000,1936842714617,1936843234470
217,217,"Agent 1",1,18759,18759,8192,17,"pk_gemm(__half const*, __half const*, __half*, int, int, int)",128,8704,0,208,0,128,"SQ_BUSY_CYCLES",1543229.000000,1936842714617,1936843234470
217,217,"Agent 1",1,18759,18759,8192,17,"pk_gemm(__half const*, __half const*, __half*, int, int, int)",128,8704,0,208,0,128,"SQ_INSTS_LDS",1310720.000000,1936842714617,1936843234470
217,217,"Agent 1",1,18759,18759,8192,17,"pk_gemm(__half const*, __half const*, __half*, int, int, int)",128,8704,0,208,0,128,"SQ_INSTS_VALU",18710016.000000,1936842714617,1936843234470
217,217,"Agent 1",1,18759,18759,8192,17,"pk_gemm(__half const*, __half const*, __half*, int, int, int)",128,8704,0,208,0,128,"SQ_WAIT_ANY",156932932.000000,1936842714617,1936843234470
217,217,"Agent 1",1,18759,18759,8192,17,"pk_gemm(__half const*, __half const*, __half*, int, int, int)",128,8704,0,208,0,128,"SQ_WAVES",256.000000,1936842714617,1936843234470
218,218,"Agent 1",1,18759,18759,8192,17,"pk_gemm(__half const*, __half const*, __half*, int, int, int)",128,8704,0,208,0,128,"GRBM_GUI_ACTIVE",746446.000000,1936843268253,1936843761857
218,218,"Agent 1",1,18759,18759,8192,17,"pk_gemm(__half const*, __half const*, __half*, int, int, int)",128,8704,0,208,0,128,"SQ_BUSY_CYCLES",1474951.000000,1936843268253,1936843761857
218,218,"Agent 1",1,18759,18759,8192,17,"pk_gemm(__half const*, __half const*, __half*, int, int, int)",128,8704,0,208,0,128,"SQ_INSTS_LDS",1310720.000000,1936843268253,1936843761857
218,218,"Agent 1",1,18759,18759,8192,17,"pk_gemm(__half const*, __half const*, __half*, int, int, int)",128,8704,0,208,0,128,"SQ_INSTS_VALU",18710016.000000,1936843268253,1936843761857
218,218,"Agent 1",1,18759,18759,8192,17,"pk_gemm(__half const*, __half const*, __half*, int, int, int)",128,8704,0,208,0,128,"SQ_WAIT_ANY",145142173.000000,1936843268253,1936843761857
218,218,"Agent 1",1,18759,18759,8192,17,"pk_gemm(__half const*, __half const*, __half*, int, int, int)",128,8704,0,208,0,128,"SQ_WAVES",256.000000,1936843268253,1936843761857
219,219,"Agent 1",1,18759,18759,8192,17,"pk_gemm(__half const*, __half const*, __half*, int, int, int)",128,8704,0,208,0,128,"GRBM_GUI_ACTIVE",748626.000000,1936843794719,1936844289885
219,219,"Agent 1",1,18759,18759,8192,17,"pk_gemm(__half const*, __half const*, __half*, int, int, int)",128,8704,0,208,0,128,"SQ_BUSY_CYCLES",1474722.000000,1936843794719,1936844289885
219,219,"Agent 1",1,18759,18759,8192,17,"pk_gemm(__half const*, __half const*, __half*, int, int, int)",128,8704,0,208,0,128,"SQ_INSTS_LDS",1310720.000000,1936843794719,1936844289885
219,219,"Agent 1",1,18759,18759,8192,17,"pk_gemm(__half const*, __half const*, __half*, int, int, int)",128,8704,0,208,0,128,"SQ_INSTS_VALU",18710016.000000,1936843794719,1936844289885
219,219,"Agent 1",1,18759,18759,8192,17,"pk_gemm(__half const*, __half const*, __half*, int, int, int)",128,8704,0,208,0,128,"SQ_WAIT_ANY",145377339.000000,1936843794719,1936844289885
219,219,"Agent 1",1,18759,18759,8192,17,"pk_gemm(__half const*, __half const*, __half*, int, int, int)",128,8704,0,208,0,128,"SQ_WAVES",256.000000,1936843794719,1936844289885
220,220,"Agent 1",1,18759,18759,8192,17,"pk_gemm(__half const*, __half const*, __half*, int, int, int)",128,8704,0,208,0,128,"GRBM_GUI_ACTIVE",777457.000000,1936844323548,1936844837831
220,220,"Agent 1",1,18759,18759,8192,17,"pk_gemm(__half const*, __half const*, __half*, int, int, int)",128,8704,0,208,0,128,"SQ_BUSY_CYCLES",1517141.000000,1936844323548,1936844837831
220,220,"Agent 1",1,18759,18759,8192,17,"pk_gemm(__half const*, __half const*, __half*, int, int, int)",128,8704,0,208,0,128,"SQ_INSTS_LDS",1310720.000000,1936844323548,1936844837831
220,220,"Agent 1",1,18759,18759,8192,17,"pk_gemm(__half const*, __half const*, __half*, int, int, int)",128,8704,0,208,0,128,"SQ_INSTS_VALU",18710016.000000,1936844323548,1936844837831
220,220,"Agent 1",1,18759,18759,8192,17,"pk_gemm(__half const*, __half const*, __half*, int, int, int)",128,8704,0,208,0,128,"SQ_WAIT_ANY",153163303.000000,1936844323548,1936844837831
220,220,"Agent 1",1,18759,18759,8192,17,"pk_gemm(__half const*, __half const*, __half*, int, int, int)",128,8704,0,208,0,128,"SQ_WAVES",256.000000,1936844323548,1936844837831
221,221,"Agent 1",1,18759,18759,8192,17,"pk_gemm(__half const*, __half const*, __half*, int, int, int)",128,8704,0,208,0,128,"GRBM_GUI_ACTIVE",731386.000000,1936844871774,1936845355479
221,221,"Agent 1",1,18759,18759,8192,17,"pk_gemm(__half const*, __half const*, __half*, int, int, int)",128,8704,0,208,0,128,"SQ_BUSY_CYCLES",1436955.000000,1936844871774,1936845355479
221,221,"Agent 1",1,18759,18759,8192,17,"pk_gemm(__half const*, __half const*, __half*, int, int, int)",128,8704,0,208,0,128,"SQ_INSTS_LDS",1310720.000000,1936844871774,1936845355479
221,221,"Agent 1",1,18759,18759,8192,17,"pk_gemm(__half const*, __half const*, __half*, int, int, int)",128,8704,0,208,0,128,"SQ_INSTS_VALU",18710016.000000,1936844871774,1936845355479
221,221,"Agent 1",1,18759,18759,8192,17,"pk_gemm(__half const*, __half const*, __half*, int, int, int)",128,8704,0,208,0,128,"SQ_WAIT_ANY",142212894.000000,1936844871774,1936845355479
221,221,"Agent 1",1,18759,18759,8192,17,"pk_gemm(__half const*, __half const*, __half*, int, int, int)",128,8704,0,208,0,128,"SQ_WAVES",256.000000,1936844871774,1936845355479
222,222,"Agent 1",1,18759,18759,8192,17,"pk_gemm(__half const*, __half const*, __half*, int, int, int)",128,8704,0,208,0,128,"GRBM_GUI_ACTIVE",773201.000000,1936845387459,1936845898816
222,222,"Agent 1",1,18759,18759,8192,17,"pk_gemm(__half const*, __half const*, __half*, int, int, int)",128,8704,0,208,0,128,"SQ_BUSY_CYCLES",1523122.000000,1936845387459,1936845898816
222,222,"Agent 1",1,18759,18759,8192,17,"pk_gemm(__half const*, __half const*, __half*, int, int, int)",128,8704,0,208,0,128,"SQ_INSTS_LDS",1310720.000000,1936845387459,1936845898816
222,222,"Agent 1",1,18759,18759,8192,17,"pk_gemm(__half const*, __half const*, __half*, int, int, int)",128,8704,0,208,0,128,"SQ_INSTS_VALU",18710016.000000,1936845387459,1936845898816
222,222,"Agent 1",1,18759,18759,8192,17,"pk_gemm(__half const*, __half const*, __half*, int, int, int)",128,8704,0,208,0,128,"SQ_WAIT_ANY",151705533.000000,1936845387459,1936845898816
222,222,"Agent 1",1,18759,18759,8192,17,"pk_gemm(__half const*, __half const*, __half*, int, int, int)",128,8704,0,208,0,128,"SQ_WAVES",256.000000,1936845387459,1936845898816
223,223,"Agent 1",1,18759,18759,8192,17,"pk_gemm(__half const*, __half const*, __half*, int, int, int)",128,8704,0,208,0,128,"GRBM_GUI_ACTIVE",762124.000000,1936845931437,1936846435741
223,223,"Agent 1",1,18759,18759,8192,17,"pk_gemm(__half const*, __half const*, __half*, int, int, int)",128,8704,0,208,0,128,"SQ_BUSY_CYCLES",1496007.000000,1936845931437,1936846435741
223,223,"Agent 1",1,18759,18759,8192,17,"pk_gemm(__half const*, __half const*, __half*, int, int, int)",128,8704,0,208,0,128,"SQ_INSTS_LDS",1310720.000000,1936845931437,1936846435741
223,223,"Agent 1",1,18759,18759,8192,17,"pk_gemm(__half const*, __half const*, __half*, int, int, int)",128,8704,0,208,0,128,"SQ_INSTS_VALU",18710016.000000,1936845931437,1936846435741
223,223,"Agent 1",1,18759,18759,8192,17,"pk_gemm(__half const*, __half const*, __half*, int, int, int)",128,8704,0,208,0,128,"SQ_WAIT_ANY",147909108.000000,1936845931437,1936846435741
223,223,"Agent 1",1,18759,18759,8192,17,"pk_gemm(__half const*, __half const*, __half*, int, int, int)",128,8704,0,208,0,128,"SQ_WAVES",256.000000,1936845931437,1936846435741
224,224,"Agent 1",1,18759,18759,8192,17,"pk_gemm(__half const*, __half const*, __half*, int, int, int)",128,8704,0,208,0,128,"GRBM_GUI_ACTIVE",754640.000000,1936846468762,1936846967856
224,224,"Agent 1",1,18759,18759,8192,17,"pk_gemm(__half const*, __half const*, __half*, int, int, int)",128,8704,0,208,0,128,"SQ_BUSY_CYCLES",1488418.000000,1936846468762,1936846967856
224,224,"Agent 1",1,18759,18759,8192,17,"pk_gemm(__half const*, __half const*, __half*, int, int, int)",128,8704,0,208,0,128,"SQ_INSTS_LDS",1310720.000000,1936846468762,1936846967856
224,224,"Agent 1",1,18759,18759,8192,17,"pk_gemm(__half const*, __half const*, __half*, int, int, int)",128,8704,0,208,0,128,"SQ_INSTS_VALU",18710016.000000,1936846468762,1936846967856
224,224,"Agent 1",1,18759,18759,8192,17,"pk_gemm(__half const*, __half const*, __half*, int, int, int)",128,8704,0,208,0,128,"SQ_WAIT_ANY",146968461.000000,1936846468762,1936846967856
224,224,"Agent 1",1,18759,18759,8192,17,"pk_gemm(__half const*, __half const*, __half*, int, int, int)",128,8704,0,208,0,128,"SQ_WAVES",256.000000,1936846468762,1936846967856
225,225,"Agent 1",1,18759,18759,8192,17,"pk_gemm(__half const*, __half const*, __half*, int, int, int)",128,8704,0,208,0,128,"GRBM_GUI_ACTIVE",788167.000000,1936846998313,1936847519809
225,225,"Agent 1",1,18759,18759,8192,17,"pk_gemm(__half const*, __half const*, __half*, int, int, int)",128,8704,0,208,0,128,"SQ_BUSY_CYCLES",1533835.000000,1936846998313,1936847519809
225,225,"Agent 1",1,18759,18759,8192,17,"pk_gemm(__half const*, __half const*, __half*, int, int, int)",128,8704,0,208,0,128,"SQ_INSTS_LDS",1310720.000000,1936846998313,1936847519809
225,225,"Agent 1",1,18759,18759,8192,17,"pk_gemm(__half const*, __half const*, __half*, int, int, int)",128,8704,0,208,0,128,"SQ_INSTS_VALU",18710016.000000,1936846998313,1936847519809
225,225,"Agent 1",1,18759,18759,8192,17,"pk_gemm(__half const*, __half const*, __half*, int, int, int)",128,8704,0,208,0,128,"SQ_WAIT_ANY",156421159.000000,1936846998313,1936847519809
225,225,"Agent 1",1,18759,18759,8192,17,"pk_gemm(__half const*, __half const*, __half*, int, int, int)",128,8704,0,208,0,128,"SQ_WAVES",256.000000,1936846998313,1936847519809
226,226,"Agent 1",1,18759,18759,8192,17,"pk_gemm(__half const*, __half const*, __half*, int, int, int)",128,8704,0,208,0,128,"GRBM_GUI_ACTIVE",765578.000000,1936847550782,1936848057210
226,226,"Agent 1",1,18759,18759,8192,17,"pk_gemm(__half const*, __half const*, __half*, int, int, int)",128,8704,0,208,0,128,"SQ_BUSY_CYCLES",1509560.000000,1936847550782,1936848057210
226,226,"Agent 1",1,18759,18759,8192,17,"pk_gemm(__half const*, __half const*, __half*, int, int, int)",128,8704,0,208,0,128,"SQ_INSTS_LDS",1310720.000000,1936847550782,1936848057210
226,226,"Agent 1",1,18759,18759,8192,17,"pk_gemm(__half const*, __half const*, __half*, int, int, int)",128,8704,0,208,0,128,"SQ_INSTS_VALU",18710016.000000,1936847550782,1936848057210
226,226,"Agent 1",1,18759,18759,8192,17,"pk_gemm(__half const*, __half const*, __half*, int, int, int)",128,8704,0,208,0,128,"SQ_WAIT_ANY",150692473.000000,1936847550782,1936848057210
226,226,"Agent 1",1,18759,18759,8192,17,"pk_gemm(__half const*, __half const*, __half*, int, int, int)",128,8704,0,208,0,128,"SQ_WAVES",256.000000,1936847550782,1936848057210
227,227,"Agent 1",1,18759,18759,8192,17,"pk_gemm(__half const*, __half const*, __half*, int, int, int)",128,8704,0,208,0,128,"GRBM_GUI_ACTIVE",752937.000000,1936848091393,1936848589445
227,227,"Agent 1",1,18759,18759,8192,17,"pk_gemm(__half const*, __half const*, __half*, int, int, int)",128,8704,0,208,0,128,"SQ_BUSY_CYCLES",1483674.000000,1936848091393,1936848589445
227,227,"Agent 1",1,18759,18759,8192,17,"pk_gemm(__half const*, __half const*, __half*, int, int, int)",128,8704,0,208,0,128,"SQ_INSTS_LDS",1310720.000000,1936848091393,1936848589445
227,227,"Agent 1",1,18759,18759,8192,17,"pk_gemm(__half const*, __half const*, __half*, int, int, int)",128,8704,0,208,0,128,"SQ_INSTS_VALU",18710016.000000,1936848091393,1936848589445
227,227,"Agent 1",1,18759,18759,8192,17,"pk_gemm(__half const*, __half const*, __half*, int, int, int)",128,8704,0,208,0,128,"SQ_WAIT_ANY",149515916.000000,1936848091393,1936848589445
227,227,"Agent 1",1,18759,18759,8192,17,"pk_gemm(__half const*, __half const*, __half*, int, int, int)",128,8704,0,208,0,128,"SQ_WAVES",256.000000,1936848091393,1936848589445
228,228,"Agent 1",1,18759,18759,8192,17,"pk_gemm(__half const*, __half const*, __half*, int, int, int)",128,8704,0,208,0,128,"GRBM_GUI_ACTIVE",762694.000000,1936848649076,1936849153620
228,228,"Agent 1",1,18759,18759,8192,17,"pk_gemm(__half const*, __half const*, __half*, int, int, int)",128,8704,0,208,0,128,"SQ_BUSY_CYCLES",1506602.000000,1936848649076,1936849153620
228,228,"Agent 1",1,18759,18759,8192,17,"pk_gemm(__half const*, __half const*, __half*, int, int, int)",128,8704,0,208,0,128,"SQ_INSTS_LDS",1310720.000000,1936848649076,1936849153620
228,228,"Agent 1",1,18759,18759,8192,17,"pk_gemm(__half const*, __half const*, __half*, int, int, int)",128,8704,0,208,0,128,"SQ_INSTS_VALU",18710016.000000,1936848649076,1936849153620
228,228,"Agent 1",1,18759,18759,8192,17,"pk_gemm(__half const*, __half const*, __half*, int, int, int)",128,8704,0,208,0,128,"SQ_WAIT_ANY",148208486.000000,1936848649076,1936849153620
228,228,"Agent 1",1,18759,18759,8192,17,"pk_gemm(__half const*, __half const*, __half*, int, int, int)",128,8704,0,208,0,128,"SQ_WAVES",256.000000,1936848649076,1936849153620
229,229,"Agent 1",1,18759,18759,8192,17,"pk_gemm(__half const*, __half const*, __half*, int, int, int)",128,8704,0,208,0,128,"GRBM_GUI_ACTIVE",748850.000000,1936849188005,1936849683171
229,229,"Agent 1",1,18759,18759,8192,17,"pk_gemm(__half const*, __half const*, __half*, int, int, int)",128,8704,0,208,0,128,"SQ_BUSY_CYCLES",1481513.000000,1936849188005,1936849683171
229,229,"Agent 1",1,18759,18759,8192,17,"pk_gemm(__half const*, __half const*, __half*, int, int, int)",128,8704,0,208,0,128,"SQ_INSTS_LDS",1310720.000000,1936849188005,1936849683171
229,229,"Agent 1",1,18759,18759,8192,17,"pk_gemm(__half const*, __half const*, __half*, int, int, int)",128,8704,0,208,0,128,"SQ_INSTS_VALU",18710016.000000,1936849188005,1936849683171
229,229,"Agent 1",1,18759,18759,8192,17,"pk_gemm(__half const*, __half const*, __half*, int, int, int)",128,8704,0,208,0,128,"SQ_WAIT_ANY",145855432.000000,1936849188005,1936849683171
229,229,"Agent 1",1,18759,18759,8192,17,"pk_gemm(__half const*, __half const*, __half*, int, int, int)",128,8704,0,208,0,128,"SQ_WAVES",256.000000,1936849188005,1936849683171
230,230,"Agent 1",1,18759,18759,8192,17,"pk_gemm(__half const*, __half const*, __half*, int, int, int)",128,8704,0,208,0,128,"GRBM_GUI_ACTIVE",757926.000000,1936849717756,1936850218974
230,230,"Agent 1",1,18759,18759,8192,17,"pk_gemm(__half const*, __half const*, __half*, int, int, int)",128,8704,0,208,0,128,"SQ_BUSY_CYCLES",1496067.000000,1936849717756,1936850218974
230,230,"Agent 1",1,18759,18759,8192,17,"pk_gemm(__half const*, __half const*, __half*, int, int, int)",128,8704,0,208,0,128,"SQ_INSTS_LDS",1310720.000000,1936849717756,1936850218974
230,230,"Agent 1",1,18759,18759,8192,17,"pk_gemm(__half const*, __half const*, __half*, int, int, int)",128,8704,0,208,0,128,"SQ_INSTS_VALU",18710016.000000,1936849717756,1936850218974
230,230,"Agent 1",1,18759,18759,8192,17,"pk_gemm(__half const*, __half const*, __half*, int, int, int)",128,8704,0,208,0,128,"SQ_WAIT_ANY",150303294.000000,1936849717756,1936850218974
230,230,"Agent 1",1,18759,18759,8192,17,"pk_gemm(__half const*, __half const*, __half*, int, int, int)",128,8704,0,208,0,128,"SQ_WAVES",256.000000,1936849717756,1936850218974
231,231,"Agent 1",1,18759,18759,8192,17,"pk_gemm(__half const*, __half const*, __half*, int, int, int)",128,8704,0,208,0,128,"GRBM_GUI_ACTIVE",756989.000000,1936850253118,1936850754055
231,231,"Agent 1",1,18759,18759,8192,17,"pk_gemm(__half const*, __half const*, __half*, int, int, int)",128,8704,0,208,0,128,"SQ_BUSY_CYCLES",1492986.000000,1936850253118,1936850754055
231,231,"Agent 1",1,18759,18759,8192,17,"pk_gemm(__half const*, __half const*, __half*, int, int, int)",128,8704,0,208,0,128,"SQ_INSTS_LDS",1310720.000000,1936850253118,1936850754055
231,231,"Agent 1",1,18759,18759,8192,17,"pk_gemm(__half const*, __half const*, __half*, int, int, int)",128,8704,0,208,0,128,"SQ_INSTS_VALU",18710016.000000,1936850253118,1936850754055
231,231,"Agent 1",1,18759,18759,8192,17,"pk_gemm(__half const*, __half const*, __half*, int, int, int)",128,8704,0,208,0,128,"SQ_WAIT_ANY",147447271.000000,1936850253118,1936850754055
231,231,"Agent 1",1,18759,18759,8192,17,"pk_gemm(__half const*, __half const*, __half*, int, int, int)",128,8704,0,208,0,128,"SQ_WAVES",256.000000,1936850253118,1936850754055
232,232,"Agent 1",1,18759,18759,8192,17,"pk_gemm(__half const*, __half const*, __half*, int, int, int)",128,8704,0,208,0,128,"GRBM_GUI_ACTIVE",763884.000000,1936850789041,1936851294146
232,232,"Agent 1",1,18759,18759,8192,17,"pk_gemm(__half const*, __half const*, __half*, int, int, int)",128,8704,0,208,0,128,"SQ_BUSY_CYCLES",1494197.000000,1936850789041,1936851294146
232,232,"Agent 1",1,18759,18759,8192,17,"pk_gemm(__half const*, __half const*, __half*, int, int, int)",128,8704,0,208,0,128,"SQ_INSTS_LDS",1310720.000000,1936850789041,1936851294146
232,232,"Agent 1",1,18759,18759,8192,17,"pk_gemm(__half const*, __half const*, __half*, int, int, int)",128,8704,0,208,0,128,"SQ_INSTS_VALU",18710016.000000,1936850789041,1936851294146
232,232,"Agent 1",1,18759,18759,8192,17,"pk_gemm(__half const*, __half const*, __half*, int, int, int)",128,8704,0,208,0,128,"SQ_WAIT_ANY",150955151.000000,1936850789041,1936851294146
232,232,"Agent 1",1,18759,18759,8192,17,"pk_gemm(__half const*, __half const*, __half*, int, int, int)",128,8704,0,208,0,128,"SQ_WAVES",256.000000,1936850789041,1936851294146
233,233,"Agent 1",1,18759,18759,8192,17,"pk_gemm(__half const*, __half const*, __half*, int, int, int)",128,8704,0,208,0,128,"GRBM_GUI_ACTIVE",755490.000000,1936851327689,1936851827424
233,233,"Agent 1",1,18759,18759,8192,17,"pk_gemm(__half const*, __half const*, __half*, int, int, int)",128,8704,0,208,0,128,"SQ_BUSY_CYCLES",1493629.000000,1936851327689,1936851827424
233,233,"Agent 1",1,18759,18759,8192,17,"pk_gemm(__half const*, __half const*, __half*, int, int, int)",128,8704,0,208,0,128,"SQ_INSTS_LDS",1310720.000000,1936851327689,1936851827424
233,233,"Agent 1",1,18759,18759,8192,17,"pk_gemm(__half const*, __half const*, __half*, int, int, int)",128,8704,0,208,0,128,"SQ_INSTS_VALU",18710016.000000,1936851327689,1936851827424
233,233,"Agent 1",1,18759,18759,8192,17,"pk_gemm(__half const*, __half const*, __half*, int, int, int)",128,8704,0,208,0,128,"SQ_WAIT_ANY",148667529.000000,1936851327689,1936851827424
233,233,"Agent 1",1,18759,18759,8192,17,"pk_gemm(__half const*, __half const*, __half*, int, int, int)",128,8704,0,208,0,128,"SQ_WAVES",256.000000,1936851327689,1936851827424
234,234,"Agent 1",1,18759,18759,8192,17,"pk_gemm(__half const*, __half const*, __half*, int, int, int)",128,8704,0,208,0,128,"GRBM_GUI_ACTIVE",754157.000000,1936851860967,1936852359820
234,234,"Agent 1",1,18759,18759,8192,17,"pk_gemm(__half const*, __half const*, __half*, int, int, int)",128,8704,0,208,0,128,"SQ_BUSY_CYCLES",1481574.000000,1936851860967,1936852359820
234,234,"Agent 1",1,18759,18759,8192,17,"pk_gemm(__half const*, __half const*, __half*, int, int, int)",128,8704,0,208,0,128,"SQ_INSTS_LDS",1310720.000000,1936851860967,1936852359820
234,234,"Agent 1",1,18759,18759,8192,17,"pk_gemm(__half const*, __half const*, __half*, int, int, int)",128,8704,0,208,0,128,"SQ_INSTS_VALU",18710016.000000,1936851860967,1936852359820
234,234,"Agent 1",1,18759,18759,8192,17,"pk_gemm(__half const*, __half const*, __half*, int, int, int)",128,8704,0,208,0,128,"SQ_WAIT_ANY",146754913.000000,1936851860967,1936852359820
234,234,"Agent 1",1,18759,18759,8192,17,"pk_gemm(__half const*, __half const*, __half*, int, int, int)",128,8704,0,208,0,128,"SQ_WAVES",256.000000,1936851860967,1936852359820
235,235,"Agent 1",1,18759,18759,8192,17,"pk_gemm(__half const*, __half const*, __half*, int, int, int)",128,8704,0,208,0,128,"GRBM_GUI_ACTIVE",773180.000000,1936852393162,1936852904640
235,235,"Agent 1",1,18759,18759,8192,17,"pk_gemm(__half const*, __half const*, __half*, int, int, int)",128,8704,0,208,0,128,"SQ_BUSY_CYCLES",1528858.000000,1936852393162,1936852904640
235,235,"Agent 1",1,18759,18759,8192,17,"pk_gemm(__half const*, __half const*, __half*, int, int, int)",128,8704,0,208,0,128,"SQ_INSTS_LDS",1310720.000000,1936852393162,1936852904640
235,235,"Agent 1",1,18759,18759,8192,17,"pk_gemm(__half const*, __half const*, __half*, int, int, int)",128,8704,0,208,0,128,"SQ_INSTS_VALU",18710016.000000,1936852393162,1936852904640
235,235,"Agent 1",1,18759,18759,8192,17,"pk_gemm(__half const*, __half const*, __half*, int, int, int)",128,8704,0,208,0,128,"SQ_WAIT_ANY",156085738.000000,1936852393162,1936852904640
235,235,"Agent 1",1,18759,18759,8192,17,"pk_gemm(__half const*, __half const*, __half*, int, int, int)",128,8704,0,208,0,128,"SQ_WAVES",256.000000,1936852393162,1936852904640
236,236,"Agent 1",1,18759,18759,8192,17,"pk_gemm(__half const*, __half const*, __half*, int, int, int)",128,8704,0,208,0,128,"GRBM_GUI_ACTIVE",729402.000000,1936852938904,1936853421246
236,236,"Agent 1",1,18759,18759,8192,17,"pk_gemm(__half const*, __half const*, __half*, int, int, int)",128,8704,0,208,0,128,"SQ_BUSY_CYCLES",1428910.000000,1936852938904,1936853421246
236,236,"Agent 1",1,18759,18759,8192,17,"pk_gemm(__half const*, __half const*, __half*, int, int, int)",128,8704,0,208,0,128,"SQ_INSTS_LDS",1310720.000000,1936852938904,1936853421246
236,236,"Agent 1",1,18759,18759,8192,17,"pk_gemm(__half const*, __half const*, __half*, int, int, int)",128,8704,0,208,0,128,"SQ_INSTS_VALU",18710016.000000,1936852938904,1936853421246
236,236,"Agent 1",1,18759,18759,8192,17,"pk_gemm(__half const*, __half const*, __half*, int, int, int)",128,8704,0,208,0,128,"SQ_WAIT_ANY",139350002.000000,1936852938904,1936853421246
236,236,"Agent 1",1,18759,18759,8192,17,"pk_gemm(__half const*, __half const*, __half*, int, int, int)",128,8704,0,208,0,128,"SQ_WAVES",256.000000,1936852938904,1936853421246
237,237,"Agent 1",1,18759,18759,8192,17,"pk_gemm(__half const*, __half const*, __half*, int, int, int)",128,8704,0,208,0,128,"GRBM_GUI_ACTIVE",770404.000000,1936853455550,1936853965224
237,237,"Agent 1",1,18759,18759,8192,17,"pk_gemm(__half const*, __half const*, __half*, int, int, int)",128,8704,0,208,0,128,"SQ_BUSY_CYCLES",1508321.000000,1936853455550,1936853965224
237,237,"Agent 1",1,18759,18759,8192,17,"pk_gemm(__half const*, __half const*, __half*, int, int, int)",128,8704,0,208,0,128,"SQ_INSTS_LDS",1310720.000000,1936853455550,1936853965224
237,237,"Agent 1",1,18759,18759,8192,17,"pk_gemm(__half const*, __half const*, __half*, int, int, int)",128,8704,0,208,0,128,"SQ_INSTS_VALU",18710016.000000,1936853455550,1936853965224
237,237,"Agent 1",1,18759,18759,8192,17,"pk_gemm(__half const*, __half const*, __half*, int, int, int)",128,8704,0,208,0,128,"SQ_WAIT_ANY",153477442.000000,1936853455550,1936853965224
237,237,"Agent 1",1,18759,18759,8192,17,"pk_gemm(__half const*, __half const*, __half*, int, int, int)",128,8704,0,208,0,128,"SQ_WAVES",256.000000,1936853455550,1936853965224
238,238,"Agent 1",1,18759,18759,8192,17,"pk_gemm(__half const*, __half const*, __half*, int, int, int)",128,8704,0,208,0,128,"GRBM_GUI_ACTIVE",748873.000000,1936853998006,1936854493493
238,238,"Agent 1",1,18759,18759,8192,17,"pk_gemm(__half const*, __half const*, __half*, int, int, int)",128,8704,0,208,0,128,"SQ_BUSY_CYCLES",1481759.000000,1936853998006,1936854493493
238,238,"Agent 1",1,18759,18759,8192,17,"pk_gemm(__half const*, __half const*, __half*, int, int, int)",128,8704,0,208,0,128,"SQ_INSTS_LDS",1310720.000000,1936853998006,1936854493493
238,238,"Agent 1",1,18759,18759,8192,17,"pk_gemm(__half const*, __half const*, __half*, int, int, int)",128,8704,0,208,0,128,"SQ_INSTS_VALU",18710016.000000,1936853998006,1936854493493
238,238,"Agent 1",1,18759,18759,8192,17,"pk_gemm(__half const*, __half const*, __half*, int, int, int)",128,8704,0,208,0,128,"SQ_WAIT_ANY",148660011.000000,1936853998006,1936854493493
238,238,"Agent 1",1,18759,18759,8192,17,"pk_gemm(__half const*, __half const*, __half*, int, int, int)",128,8704,0,208,0,128,"SQ_WAVES",256.000000,1936853998006,1936854493493
239,239,"Agent 1",1,18759,18759,8192,17,"pk_gemm(__half const*, __half const*, __half*, int, int, int)",128,8704,0,208,0,128,"GRBM_GUI_ACTIVE",745917.000000,1936854525633,1936855018996
239,239,"Agent 1",1,18759,18759,8192,17,"pk_gemm(__half const*, __half const*, __half*, int, int, int)",128,8704,0,208,0,128,"SQ_BUSY_CYCLES",1468299.000000,1936854525633,1936855018996
239,239,"Agent 1",1,18759,18759,8192,17,"pk_gemm(__half const*, __half const*, __half*, int, int, int)",128,8704,0,208,0,128,"SQ_INSTS_LDS",1310720.000000,1936854525633,1936855018996
239,239,"Agent 1",1,18759,18759,8192,17,"pk_gemm(__half const*, __half const*, __half*, int, int, int)",128,8704,0,208,0,128,"SQ_INSTS_VALU",18710016.000000,1936854525633,1936855018996
239,239,"Agent 1",1,18759,18759,8192,17,"pk_gemm(__half const*, __half const*, __half*, int, int, int)",128,8704,0,208,0,128,"SQ_WAIT_ANY",147325082.000000,1936854525633,1936855018996
239,239,"Agent 1",1,18759,18759,8192,17,"pk_gemm(__half const*, __half const*, __half*, int, int, int)",128,8704,0,208,0,128,"SQ_WAVES",256.000000,1936854525633,1936855018996
240,240,"Agent 1",1,18759,18759,8192,17,"pk_gemm(__half const*, __half const*, __half*, int, int, int)",128,8704,0,208,0,128,"GRBM_GUI_ACTIVE",778777.000000,1936855053861,1936855569105
240,240,"Agent 1",1,18759,18759,8192,17,"pk_gemm(__half const*, __half const*, __half*, int, int, int)",128,8704,0,208,0,128,"SQ_BUSY_CYCLES",1529906.000000,1936855053861,1936855569105
240,240,"Agent 1",1,18759,18759,8192,17,"pk_gemm(__half const*, __half const*, __half*, int, int, int)",128,8704,0,208,0,128,"SQ_INSTS_LDS",1310720.000000,1936855053861,1936855569105
240,240,"Agent 1",1,18759,18759,8192,17,"pk_gemm(__half const*, __half const*, __half*, int, int, int)",128,8704,0,208,0,128,"SQ_INSTS_VALU",18710016.000000,1936855053861,1936855569105
240,240,"Agent 1",1,18759,18759,8192,17,"pk_gemm(__half const*, __half const*, __half*, int, int, int)",128,8704,0,208,0,128,"SQ_WAIT_ANY",157233376.000000,1936855053861,1936855569105
240,240,"Agent 1",1,18759,18759,8192,17,"pk_gemm(__half const*, __half const*, __half*, int, int, int)",128,8704,0,208,0,128,"SQ_WAVES",256.000000,1936855053861,1936855569105
241,241,"Agent 1",1,18759,18759,8192,17,"pk_gemm(__half const*, __half const*, __half*, int, int, int)",128,8704,0,208,0,128,"GRBM_GUI_ACTIVE",737816.000000,1936855601847,1936856089960
241,241,"Agent 1",1,18759,18759,8192,17,"pk_gemm(__half const*, __half const*, __half*, int, int, int)",128,8704,0,208,0,128,"SQ_BUSY_CYCLES",1450260.000000,1936855601847,1936856089960
241,241,"Agent 1",1,18759,18759,8192,17,"pk_gemm(__half const*, __half const*, __half*, int, int, int)",128,8704,0,208,0,128,"SQ_INSTS_LDS",1310720.000000,1936855601847,1936856089960
241,241,"Agent 1",1,18759,18759,8192,17,"pk_gemm(__half const*, __half const*, __half*, int, int, int)",128,8704,0,208,0,128,"SQ_INSTS_VALU",18710016.000000,1936855601847,1936856089960
241,241,"Agent 1",1,18759,18759,8192,17,"pk_gemm(__half const*, __half const*, __half*, int, int, int)",128,8704,0,208,0,128,"SQ_WAIT_ANY",142577486.000000,1936855601847,1936856089960
241,241,"Agent 1",1,18759,18759,8192,17,"pk_gemm(__half const*, __half const*, __half*, int, int, int)",128,8704,0,208,0,128,"SQ_WAVES",256.000000,1936855601847,1936856089960
242,242,"Agent 1",1,18759,18759,8192,17,"pk_gemm(__half const*, __half const*, __half*, int, int, int)",128,8704,0,208,0,128,"GRBM_GUI_ACTIVE",744545.000000,1936856124545,1936856617026
242,242,"Agent 1",1,18759,18759,8192,17,"pk_gemm(__half const*, __half const*, __half*, int, int, int)",128,8704,0,208,0,128,"SQ_BUSY_CYCLES",1471504.000000,1936856124545,1936856617026
242,242,"Agent 1",1,18759,18759,8192,17,"pk_gemm(__half const*, __half const*, __half*, int, int, int)",128,8704,0,208,0,128,"SQ_INSTS_LDS",1310720.000000,1936856124545,1936856617026
242,242,"Agent 1",1,18759,18759,8192,17,"pk_gemm(__half const*, __half const*, __half*, int, int, int)",128,8704,0,208,0,128,"SQ_INSTS_VALU",18710016.000000,1936856124545,1936856617026
242,242,"Agent 1",1,18759,18759,8192,17,"pk_gemm(__half const*, __half const*, __half*, int, int, int)",128,8704,0,208,0,128,"SQ_WAIT_ANY",147132436.000000,1936856124545,1936856617026
242,242,"Agent 1",1,18759,18759,8192,17,"pk_gemm(__half const*, __half const*, __half*, int, int, int)",128,8704,0,208,0,128,"SQ_WAVES",256.000000,1936856124545,1936856617026
243,243,"Agent 1",1,18759,18759,8192,17,"pk_gemm(__half const*, __half const*, __half*, int, int, int)",128,8704,0,208,0,128,"GRBM_GUI_ACTIVE",762337.000000,1936856651491,1936857155915
243,243,"Agent 1",1,18759,18759,8192,17,"pk_gemm(__half const*, __half const*, __half*, int, int, int)",128,8704,0,208,0,128,"SQ_BUSY_CYCLES",1500653.000000,1936856651491,1936857155915
243,243,"Agent 1",1,18759,18759,8192,17,"pk_gemm(__half const*, __half const*, __half*, int, int, int)",128,8704,0,208,0,128,"SQ_INSTS_LDS",1310720.000000,1936856651491,1936857155915
243,243,"Agent 1",1,18759,18759,8192,17,"pk_gemm(__half const*, __half const*, __half*, int, int, int)",128,8704,0,208,0,128,"SQ_INSTS_VALU",18710016.000000,1936856651491,1936857155915
243,243,"Agent 1",1,18759,18759,8192,17,"pk_gemm(__half const*, __half const*, __half*, int, int, int)",128,8704,0,208,0,128,"SQ_WAIT_ANY",146876890.000000,1936856651491,1936857155915
243,243,"Agent 1",1,18759,18759,8192,17,"pk_gemm(__half const*, __half const*, __half*, int, int, int)",128,8704,0,208,0,128,"SQ_WAVES",256.000000,1936856651491,1936857155915
244,244,"Agent 1",1,18759,18759,8192,17,"pk_gemm(__half const*, __half const*, __half*, int, int, int)",128,8704,0,208,0,128,"GRBM_GUI_ACTIVE",763498.000000,1936857189658,1936857694362
244,244,"Agent 1",1,18759,18759,8192,17,"pk_gemm(__half const*, __half const*, __half*, int, int, int)",128,8704,0,208,0,128,"SQ_BUSY_CYCLES",1504233.000000,1936857189658,1936857694362
244,244,"Agent 1",1,18759,18759,8192,17,"pk_gemm(__half const*, __half const*, __half*, int, int, int)",128,8704,0,208,0,128,"SQ_INSTS_LDS",1310720.000000,1936857189658,1936857694362
244,244,"Agent 1",1,18759,18759,8192,17,"pk_gemm(__half const*, __half const*, __half*, int, int, int)",128,8704,0,208,0,128,"SQ_INSTS_VALU",18710016.000000,1936857189658,1936857694362
244,244,"Agent 1",1,18759,18759,8192,17,"pk_gemm(__half const*, __half const*, __half*, int, int, int)",128,8704,0,208,0,128,"SQ_WAIT_ANY",151074872.000000,1936857189658,1936857694362
244,244,"Agent 1",1,18759,18759,8192,17,"pk_gemm(__half const*, __half const*, __half*, int, int, int)",128,8704,0,208,0,128,"SQ_WAVES",256.000000,1936857189658,1936857694362
245,245,"Agent 1",1,18759,18759,8192,17,"pk_gemm(__half const*, __half const*, __half*, int, int, int)",128,8704,0,208,0,128,"GRBM_GUI_ACTIVE",780542.000000,1936857727384,1936858243831
245,245,"Agent 1",1,18759,18759,8192,17,"pk_gemm(__half const*, __half const*, __half*, int, int, int)",128,8704,0,208,0,128,"SQ_BUSY_CYCLES",1524698.000000,1936857727384,1936858243831
245,245,"Agent 1",1,18759,18759,8192,17,"pk_gemm(__half const*, __half const*, __half*, int, int, int)",128,8704,0,208,0,128,"SQ_INSTS_LDS",1310720.000000,1936857727384,1936858243831
245,245,"Agent 1",1,18759,18759,8192,17,"pk_gemm(__half const*, __half const*, __half*, int, int, int)",128,8704,0,208,0,128,"SQ_INSTS_VALU",18710016.000000,1936857727384,1936858243831
245,245,"Agent 1",1,18759,18759,8192,17,"pk_gemm(__half const*, __half const*, __half*, int, int, int)",128,8704,0,208,0,128,"SQ_WAIT_ANY",151248617.000000,1936857727384,1936858243831
245,245,"Agent 1",1,18759,18759,8192,17,"pk_gemm(__half const*, __half const*, __half*, int, int, int)",128,8704,0,208,0,128,"SQ_WAVES",256.000000,1936857727384,1936858243831
246,246,"Agent 1",1,18759,18759,8192,17,"pk_gemm(__half const*, __half const*, __half*, int, int, int)",128,8704,0,208,0,128,"GRBM_GUI_ACTIVE",741777.000000,1936858277213,1936858767851
246,246,"Agent 1",1,18759,18759,8192,17,"pk_gemm(__half const*, __half const*, __half*, int, int, int)",128,8704,0,208,0,128,"SQ_BUSY_CYCLES",1459864.000000,1936858277213,1936858767851
246,246,"Agent 1",1,18759,18759,8192,17,"pk_gemm(__half const*, __half const*, __half*, int, int, int)",128,8704,0,208,0,128,"SQ_INSTS_LDS",1310720.000000,1936858277213,1936858767851
246,246,"Agent 1",1,18759,18759,8192,17,"pk_gemm(__half const*, __half const*, __half*, int, int, int)",128,8704,0,208,0,128,"SQ_INSTS_VALU",18710016.000000,1936858277213,1936858767851
246,246,"Agent 1",1,18759,18759,8192,17,"pk_gemm(__half const*, __half const*, __half*, int, int, int)",128,8704,0,208,0,128,"SQ_WAIT_ANY",144859059.000000,1936858277213,1936858767851
246,246,"Agent 1",1,18759,18759,8192,17,"pk_gemm(__half const*, __half const*, __half*, int, int, int)",128,8704,0,208,0,128,"SQ_WAVES",256.000000,1936858277213,1936858767851
247,247,"Agent 1",1,18759,18759,8192,17,"pk_gemm(__half const*, __half const*, __half*, int, int, int)",128,8704,0,208,0,128,"GRBM_GUI_ACTIVE",760685.000000,1936858801995,1936859305257
247,247,"Agent 1",1,18759,18759,8192,17,"pk_gemm(__half const*, __half const*, __half*, int, int, int)",128,8704,0,208,0,128,"SQ_BUSY_CYCLES",1504994.000000,1936858801995,1936859305257
247,247,"Agent 1",1,18759,18759,8192,17,"pk_gemm(__half const*, __half const*, __half*, int, int, int)",128,8704,0,208,0,128,"SQ_INSTS_LDS",1310720.000000,1936858801995,1936859305257
247,247,"Agent 1",1,18759,18759,8192,17,"pk_gemm(__half const*, __half const*, __half*, int, int, int)",128,8704,0,208,0,128,"SQ_INSTS_VALU",18710016.000000,1936858801995,1936859305257
247,247,"Agent 1",1,18759,18759,8192,17,"pk_gemm(__half const*, __half const*, __half*, int, int, int)",128,8704,0,208,0,128,"SQ_WAIT_ANY",149834689.000000,1936858801995,1936859305257
247,247,"Agent 1",1,18759,18759,8192,17,"pk_gemm(__half const*, __half const*, __half*, int, int, int)",128,8704,0,208,0,128,"SQ_WAVES",256.000000,1936858801995,1936859305257
248,248,"Agent 1",1,18759,18759,8192,17,"pk_gemm(__half const*, __half const*, __half*, int, int, int)",128,8704,0,208,0,128,"GRBM_GUI_ACTIVE",773787.000000,1936859338679,1936859850557
248,248,"Agent 1",1,18759,18759,8192,17,"pk_gemm(__half const*, __half const*, __half*, int, int, int)",128,8704,0,208,0,128,"SQ_BUSY_CYCLES",1531619.000000,1936859338679,1936859850557
248,248,"Agent 1",1,18759,18759,8192,17,"pk_gemm(__half const*, __half const*, __half*, int, int, int)",128,8704,0,208,0,128,"SQ_INSTS_LDS",1310720.000000,1936859338679,1936859850557
248,248,"Agent 1",1,18759,18759,8192,17,"pk_gemm(__half const*, __half const*, __half*, int, int, int)",128,8704,0,208,0,128,"SQ_INSTS_VALU",18710016.000000,1936859338679,1936859850557
248,248,"Agent 1",1,18759,18759,8192,17,"pk_gemm(__half const*, __half const*, __half*, int, int, int)",128,8704,0,208,0,128,"SQ_WAIT_ANY",151483967.000000,1936859338679,1936859850557
248,248,"Agent 1",1,18759,18759,8192,17,"pk_gemm(__half const*, __half const*, __half*, int, int, int)",128,8704,0,208,0,128,"SQ_WAVES",256.000000,1936859338679,1936859850557
249,249,"Agent 1",1,18759,18759,8192,17,"pk_gemm(__half const*, __half const*, __half*, int, int, int)",128,8704,0,208,0,128,"GRBM_GUI_ACTIVE",763824.000000,1936859882697,1936860387883
249,249,"Agent 1",1,18759,18759,8192,17,"pk_gemm(__half const*, __half const*, __half*, int, int, int)",128,8704,0,208,0,128,"SQ_BUSY_CYCLES",1507488.000000,1936859882697,1936860387883
249,249,"Agent 1",1,18759,18759,8192,17,"pk_gemm(__half const*, __half const*, __half*, int, int, int)",128,8704,0,208,0,128,"SQ_INSTS_LDS",1310720.000000,1936859882697,1936860387883
249,249,"Agent 1",1,18759,18759,8192,17,"pk_gemm(__half const*, __half const*, __half*, int, int, int)",128,8704,0,208,0,128,"SQ_INSTS_VALU",18710016.000000,1936859882697,1936860387883
249,249,"Agent 1",1,18759,18759,8192,17,"pk_gemm(__half const*, __half const*, __half*, int, int, int)",128,8704,0,208,0,128,"SQ_WAIT_ANY",150404142.000000,1936859882697,1936860387883
249,249,"Agent 1",1,18759,18759,8192,17,"pk_gemm(__half const*, __half const*, __half*, int, int, int)",128,8704,0,208,0,128,"SQ_WAVES",256.000000,1936859882697,1936860387883
250,250,"Agent 1",1,18759,18759,8192,17,"pk_gemm(__half const*, __half const*, __half*, int, int, int)",128,8704,0,208,0,128,"GRBM_GUI_ACTIVE",751316.000000,1936860419502,1936860916392
250,250,"Agent 1",1,18759,18759,8192,17,"pk_gemm(__half const*, __half const*, __half*, int, int, int)",128,8704,0,208,0,128,"SQ_BUSY_CYCLES",1463434.000000,1936860419502,1936860916392
250,250,"Agent 1",1,18759,18759,8192,17,"pk_gemm(__half const*, __half const*, __half*, int, int, int)",128,8704,0,208,0,128,"SQ_INSTS_LDS",1310720.000000,1936860419502,1936860916392
250,250,"Agent 1",1,18759,18759,8192,17,"pk_gemm(__half const*, __half const*, __half*, int, int, int)",128,8704,0,208,0,128,"SQ_INSTS_VALU",18710016.000000,1936860419502,1936860916392
250,250,"Agent 1",1,18759,18759,8192,17,"pk_gemm(__half const*, __half const*, __half*, int, int, int)",128,8704,0,208,0,128,"SQ_WAIT_ANY",146793839.000000,1936860419502,1936860916392
250,250,"Agent 1",1,18759,18759,8192,17,"pk_gemm(__half const*, __half const*, __half*, int, int, int)",128,8704,0,208,0,128,"SQ_WAVES",256.000000,1936860419502,1936860916392
251,251,"Agent 1",1,18759,18759,8192,17,"pk_gemm(__half const*, __half const*, __half*, int, int, int)",128,8704,0,208,0,128,"GRBM_GUI_ACTIVE",735344.000000,1936860948371,1936861434721
251,251,"Agent 1",1,18759,18759,8192,17,"pk_gemm(__half const*, __half const*, __half*, int, int, int)",128,8704,0,208,0,128,"SQ_BUSY_CYCLES",1453796.000000,1936860948371,1936861434721
251,251,"Agent 1",1,18759,18759,8192,17,"pk_gemm(__half const*, __half const*, __half*, int, int, int)",128,8704,0,208,0,128,"SQ_INSTS_LDS",1310720.000000,1936860948371,1936861434721
251,251,"Agent 1",1,18759,18759,8192,17,"pk_gemm(__half const*, __half const*, __half*, int, int, int)",128,8704,0,208,0,128,"SQ_INSTS_VALU",18710016.000000,1936860948371,1936861434721
251,251,"Agent 1",1,18759,18759,8192,17,"pk_gemm(__half const*, __half const*, __half*, int, int, int)",128,8704,0,208,0,128,"SQ_WAIT_ANY",143509258.000000,1936860948371,1936861434721
251,251,"Agent 1",1,18759,18759,8192,17,"pk_gemm(__half const*, __half const*, __half*, int, int, int)",128,8704,0,208,0,128,"SQ_WAVES",256.000000,1936860948371,1936861434721
252,252,"Agent 1",1,18759,18759,8192,17,"pk_gemm(__half const*, __half const*, __half*, int, int, int)",128,8704,0,208,0,128,"GRBM_GUI_ACTIVE",743318.000000,1936861466140,1936861957780
252,252,"Agent 1",1,18759,18759,8192,17,"pk_gemm(__half const*, __half const*, __half*, int, int, int)",128,8704,0,208,0,128,"SQ_BUSY_CYCLES",1466924.000000,1936861466140,1936861957780
252,252,"Agent 1",1,18759,18759,8192,17,"pk_gemm(__half const*, __half const*, __half*, int, int, int)",128,8704,0,208,0,128,"SQ_INSTS_LDS",1310720.000000,1936861466140,1936861957780
252,252,"Agent 1",1,18759,18759,8192,17,"pk_gemm(__half const*, __half const*, __half*, int, int, int)",128,8704,0,208,0,128,"SQ_INSTS_VALU",18710016.000000,1936861466140,1936861957780
252,252,"Agent 1",1,18759,18759,8192,17,"pk_gemm(__half const*, __half const*, __half*, int, int, int)",128,8704,0,208,0,128,"SQ_WAIT_ANY",147613204.000000,1936861466140,1936861957780
252,252,"Agent 1",1,18759,18759,8192,17,"pk_gemm(__half const*, __half const*, __half*, int, int, int)",128,8704,0,208,0,128,"SQ_WAVES",256.000000,1936861466140,1936861957780
253,253,"Agent 1",1,18759,18759,8192,17,"pk_gemm(__half const*, __half const*, __half*, int, int, int)",128,8704,0,208,0,128,"GRBM_GUI_ACTIVE",760897.000000,1936861989520,1936862492982
253,253,"Agent 1",1,18759,18759,8192,17,"pk_gemm(__half const*, __half const*, __half*, int, int, int)",128,8704,0,208,0,128,"SQ_BUSY_CYCLES",1489046.000000,1936861989520,1936862492982
253,253,"Agent 1",1,18759,18759,8192,17,"pk_gemm(__half const*, __half const*, __half*, int, int, int)",128,8704,0,208,0,128,"SQ_INSTS_LDS",1310720.000000,1936861989520,1936862492982
253,253,"Agent 1",1,18759,18759,8192,17,"pk_gemm(__half const*, __half const*, __half*, int, int, int)",128,8704,0,208,0,128,"SQ_INSTS_VALU",18710016.000000,1936861989520,1936862492982
253,253,"Agent 1",1,18759,18759,8192,17,"pk_gemm(__half const*, __half const*, __half*, int, int, int)",128,8704,0,208,0,128,"SQ_WAIT_ANY",148427056.000000,1936861989520,1936862492982
253,253,"Agent 1",1,18759,18759,8192,17,"pk_gemm(__half const*, __half const*, __half*, int, int, int)",128,8704,0,208,0,128,"SQ_WAVES",256.000000,1936861989520,1936862492982
254,254,"Agent 1",1,18759,18759,8192,17,"pk_gemm(__half const*, __half const*, __half*, int, int, int)",128,8704,0,208,0,128,"GRBM_GUI_ACTIVE",733127.000000,1936862525082,1936863009909
254,254,"Agent 1",1,18759,18759,8192,17,"pk_gemm(__half const*, __half const*, __half*, int, int, int)",128,8704,0,208,0,128,"SQ_BUSY_CYCLES",1450384.000000,1936862525082,1936863009909
254,254,"Agent 1",1,18759,18759,8192,17,"pk_gemm(__half const*, __half const*, __half*, int, int, int)",128,8704,0,208,0,128,"SQ_INSTS_LDS",1310720.000000,1936862525082,1936863009909
254,254,"Agent 1",1,18759,18759,8192,17,"pk_gemm(__half const*, __half const*, __half*, int, int, int)",128,8704,0,208,0,128,"SQ_INSTS_VALU",18710016.000000,1936862525082,1936863009909
254,254,"Agent 1",1,18759,18759,8192,17,"pk_gemm(__half const*, __half const*, __half*, int, int, int)",128,8704,0,208,0,128,"SQ_WAIT_ANY",141643331.000000,1936862525082,1936863009909
254,254,"Agent 1",1,18759,18759,8192,17,"pk_gemm(__half const*, __half const*, __half*, int, int, int)",128,8704,0,208,0,128,"SQ_WAVES",256.000000,1936862525082,1936863009909
255,255,"Agent 1",1,18759,18759,8192,17,"pk_gemm(__half const*, __half const*, __half*, int, int, int)",128,8704,0,208,0,128,"GRBM_GUI_ACTIVE",785366.000000,1936863040446,1936863560219
255,255,"Agent 1",1,18759,18759,8192,17,"pk_gemm(__half const*, __half const*, __half*, int, int, int)",128,8704,0,208,0,128,"SQ_BUSY_CYCLES",1543267.000000,1936863040446,1936863560219
255,255,"Agent 1",1,18759,18759,8192,17,"pk_gemm(__half const*, __half const*, __half*, int, int, int)",128,8704,0,208,0,128,"SQ_INSTS_LDS",1310720.000000,1936863040446,1936863560219
255,255,"Agent 1",1,18759,18759,8192,17,"pk_gemm(__half const*, __half const*, __half*, int, int, int)",128,8704,0,208,0,128,"SQ_INSTS_VALU",18710016.000000,1936863040446,1936863560219
255,255,"Agent 1",1,18759,18759,8192,17,"pk_gemm(__half const*, __half const*, __half*, int, int, int)",128,8704,0,208,0,128,"SQ_WAIT_ANY",156489487.000000,1936863040446,1936863560219
255,255,"Agent 1",1,18759,18759,8192,17,"pk_gemm(__half const*, __half const*, __half*, int, int, int)",128,8704,0,208,0,128,"SQ_WAVES",256.000000,1936863040446,1936863560219
256,256,"Agent 1",1,18759,18759,8192,17,"pk_gemm(__half const*, __half const*, __half*, int, int, int)",128,8704,0,208,0,128,"GRBM_GUI_ACTIVE",737390.000000,1936863591638,1936864079390
256,256,"Agent 1",1,18759,18759,8192,17,"pk_gemm(__half const*, __half const*, __half*, int, int, int)",128,8704,0,208,0,128,"SQ_BUSY_CYCLES",1456426.000000,1936863591638,1936864079390
256,256,"Agent 1",1,18759,18759,8192,17,"pk_gemm(__half const*, __half const*, __half*, int, int, int)",128,8704,0,208,0,128,"SQ_INSTS_LDS",1310720.000000,1936863591638,1936864079390
256,256,"Agent 1",1,18759,18759,8192,17,"pk_gemm(__half const*, __half const*, __half*, int, int, int)",128,8704,0,208,0,128,"SQ_INSTS_VALU",18710016.000000,1936863591638,1936864079390
256,256,"Agent 1",1,18759,18759,8192,17,"pk_gemm(__half const*, __half const*, __half*, int, int, int)",128,8704,0,208,0,128,"SQ_WAIT_ANY",144029510.000000,1936863591638,1936864079390
256,256,"Agent 1",1,18759,18759,8192,17,"pk_gemm(__half const*, __half const*, __half*, int, int, int)",128,8704,0,208,0,128,"SQ_WAVES",256.000000,1936863591638,1936864079390
257,257,"Agent 1",1,18759,18759,8192,17,"pk_gemm(__half const*, __half const*, __half*, int, int, int)",128,8704,0,208,0,128,"GRBM_GUI_ACTIVE",754617.000000,1936864111009,1936864610184
257,257,"Agent 1",1,18759,18759,8192,17,"pk_gemm(__half const*, __half const*, __half*, int, int, int)",128,8704,0,208,0,128,"SQ_BUSY_CYCLES",1491978.000000,1936864111009,1936864610184
257,257,"Agent 1",1,18759,18759,8192,17,"pk_gemm(__half const*, __half const*, __half*, int, int, int)",128,8704,0,208,0,128,"SQ_INSTS_LDS",1310720.000000,1936864111009,1936864610184
257,257,"Agent 1",1,18759,18759,8192,17,"pk_gemm(__half const*, __half const*, __half*, int, int, int)",128,8704,0,208,0,128,"SQ_INSTS_VALU",18710016.000000,1936864111009,1936864610184
257,257,"Agent 1",1,18759,18759,8192,17,"pk_gemm(__half const*, __half const*, __half*, int, int, int)",128,8704,0,208,0,128,"SQ_WAIT_ANY",150678892.000000,1936864111009,1936864610184
257,257,"Agent 1",1,18759,18759,8192,17,"pk_gemm(__half const*, __half const*, __half*, int, int, int)",128,8704,0,208,0,128,"SQ_WAVES",256.000000,1936864111009,1936864610184
258,258,"Agent 1",1,18759,18759,32768,17,"pk_gemm(__half const*, __half const*, __half*, int, int, int)",128,8704,0,208,0,128,"GRBM_GUI_ACTIVE",10058507.000000,1936973748241,1936980459482
258,258,"Agent 1",1,18759,18759,32768,17,"pk_gemm(__half const*, __half const*, __half*, int, int, int)",128,8704,0,208,0,128,"SQ_BUSY_CYCLES",19891787.000000,1936973748241,1936980459482
258,258,"Agent 1",1,18759,18759,32768,17,"pk_gemm(__half const*, __half const*, __half*, int, int, int)",128,8704,0,208,0,128,"SQ_INSTS_LDS",10485760.000000,1936973748241,1936980459482
258,258,"Agent 1",1,18759,18759,32768,17,"pk_gemm(__half const*, __half const*, __half*, int, int, int)",128,8704,0,208,0,128,"SQ_INSTS_VALU",149026816.000000,1936973748241,1936980459482
258,258,"Agent 1",1,18759,18759,32768,17,"pk_gemm(__half const*, __half const*, __half*, int, int, int)",128,8704,0,208,0,128,"SQ_WAIT_ANY",2611418460.000000,1936973748241,1936980459482
258,258,"Agent 1",1,18759,18759,32768,17,"pk_gemm(__half const*, __half const*, __half*, int, int, int)",128,8704,0,208,0,128,"SQ_WAVES",1024.000000,1936973748241,1936980459482
259,259,"Agent 1",1,18759,18759,32768,17,"pk_gemm(__half const*, __half const*, __half*, int, int, int)",128,8704,0,208,0,128,"GRBM_GUI_ACTIVE",10083452.000000,1936980497312,1936987231034
259,259,"Agent 1",1,18759,18759,32768,17,"pk_gemm(__half const*, __half const*, __half*, int, int, int)",128,8704,0,208,0,128,"SQ_BUSY_CYCLES",19966382.000000,1936980497312,1936987231034
259,259,"Agent 1",1,18759,18759,32768,17,"pk_gemm(__half const*, __half const*, __half*, int, int, int)",128,8704,0,208,0,128,"SQ_INSTS_LDS",10485760.000000,1936980497312,1936987231034
259,259,"Agent 1",1,18759,18759,32768,17,"pk_gemm(__half const*, __half const*, __half*, int, int, int)",128,8704,0,208,0,128,"SQ_INSTS_VALU",149026816.000000,1936980497312,1936987231034
259,259,"Agent 1",1,18759,18759,32768,17,"pk_gemm(__half const*, __half const*, __half*, int, int, int)",128,8704,0,208,0,128,"SQ_WAIT_ANY",2532754256.000000,1936980497312,1936987231034
259,259,"Agent 1",1,18759,18759,32768,17,"pk_gemm(__half const*, __half const*, __half*, int, int, int)",128,8704,0,208,0,128,"SQ_WAVES",1024.000000,1936980497312,1936987231034
260,260,"Agent 1",1,18759,18759,32768,17,"pk_gemm(__half const*, __half const*, __half*, int, int, int)",128,8704,0,208,0,128,"GRBM_GUI_ACTIVE",9844864.000000,1936987262693,1936993836516
260,260,"Agent 1",1,18759,18759,32768,17,"pk_gemm(__half const*, __half const*, __half*, int, int, int)",128,8704,0,208,0,128,"SQ_BUSY_CYCLES",19579120.000000,1936987262693,1936993836516
260,260,"Agent 1",1,18759,18759,32768,17,"pk_gemm(__half const*, __half const*, __half*, int, int, int)",128,8704,0,208,0,128,"SQ_INSTS_LDS",10485760.000000,1936987262693,1936993836516
260,260,"Agent 1",1,18759,18759,32768,17,"pk_gemm(__half const*, __half const*, __half*, int, int, int)",128,8704,0,208,0,128,"SQ_INSTS_VALU",149026816.000000,1936987262693,1936993836516
260,260,"Agent 1",1,18759,18759,32768,17,"pk_gemm(__half const*, __half const*, __half*, int, int, int)",128,8704,0,208,0,128,"SQ_WAIT_ANY",2577208486.000000,1936987262693,1936993836516
260,260,"Agent 1",1,18759,18759,32768,17,"pk_gemm(__half const*, __half const*, __half*, int, int, int)",128,8704,0,208,0,128,"SQ_WAVES",1024.000000,1936987262693,1936993836516
261,261,"Agent 1",1,18759,18759,32768,17,"pk_gemm(__half const*, __half const*, __half*, int, int, int)",128,8704,0,208,0,128,"GRBM_GUI_ACTIVE",9738233.000000,1936993867294,1937000378600
261,261,"Agent 1",1,18759,18759,32768,17,"pk_gemm(__half const*, __half const*, __half*, int, int, int)",128,8704,0,208,0,128,"SQ_BUSY_CYCLES",19406031.000000,1936993867294,1937000378600
261,261,"Agent 1",1,18759,18759,32768,17,"pk_gemm(__half const*, __half const*, __half*, int, int, int)",128,8704,0,208,0,128,"SQ_INSTS_LDS",10485760.000000,1936993867294,1937000378600
261,261,"Agent 1",1,18759,18759,32768,17,"pk_gemm(__half const*, __half const*, __half*, int, int, int)",128,8704,0,208,0,128,"SQ_INSTS_VALU",149026816.000000,1936993867294,1937000378600
261,261,"Agent 1",1,18759,18759,32768,17,"pk_gemm(__half const*, __half const*, __half*, int, int, int)",128,8704,0,208,0,128,"SQ_WAIT_ANY",2518351209.000000,1936993867294,1937000378600
261,261,"Agent 1",1,18759,18759,32768,17,"pk_gemm(__half const*, __half const*, __half*, int, int, int)",128,8704,0,208,0,128,"SQ_WAVES",1024.000000,1936993867294,1937000378600
262,262,"Agent 1",1,18759,18759,32768,17,"pk_gemm(__half const*, __half const*, __half*, int, int, int)",128,8704,0,208,0,128,"GRBM_GUI_ACTIVE",9805204.000000,1937000409779,1937006964526
262,262,"Agent 1",1,18759,18759,32768,17,"pk_gemm(__half const*, __half const*, __half*, int, int, int)",128,8704,0,208,0,128,"SQ_BUSY_CYCLES",19590146.000000,1937000409779,1937006964526
262,262,"Agent 1",1,18759,18759,32768,17,"pk_gemm(__half const*, __half const*, __half*, int, int, int)",128,8704,0,208,0,128,"SQ_INSTS_LDS",10485760.000000,1937000409779,1937006964526
262,262,"Agent 1",1,18759,18759,32768,17,"pk_gemm(__half const*, __half const*, __half*, int, int, int)",128,8704,0,208,0,128,"SQ_INSTS_VALU",149026816.000000,1937000409779,1937006964526
262,262,"Agent 1",1,18759,18759,32768,17,"pk_gemm(__half const*, __half const*, __half*, int, int, int)",128,8704,0,208,0,128,"SQ_WAIT_ANY",2485726540.000000,1937000409779,1937006964526
262,262,"Agent 1",1,18759,18759,32768,17,"pk_gemm(__half const*, __half const*, __half*, int, int, int)",128,8704,0,208,0,128,"SQ_WAVES",1024.000000,1937000409779,1937006964526
263,263,"Agent 1",1,18759,18759,32768,17,"pk_gemm(__half const*, __half const*, __half*, int, int, int)",128,8704,0,208,0,128,"GRBM_GUI_ACTIVE",9210673.000000,1937006995785,1937013153228
263,263,"Agent 1",1,18759,18759,32768,17,"pk_gemm(__half const*, __half const*, __half*, int, int, int)",128,8704,0,208,0,128,"SQ_BUSY_CYCLES",18357502.000000,1937006995785,1937013153228
263,263,"Agent 1",1,18759,18759,32768,17,"pk_gemm(__half const*, __half const*, __half*, int, int, int)",128,8704,0,208,0,128,"SQ_INSTS_LDS",10485760.000000,1937006995785,1937013153228
263,263,"Agent 1",1,18759,18759,32768,17,"pk_gemm(__half const*, __half const*, __half*, int, int, int)",128,8704,0,208,0,128,"SQ_INSTS_VALU",149026816.000000,1937006995785,1937013153228
263,263,"Agent 1",1,18759,18759,32768,17,"pk_gemm(__half const*, __half const*, __half*, int, int, int)",128,8704,0,208,0,128,"SQ_WAIT_ANY",2296586723.000000,1937006995785,1937013153228
263,263,"Agent 1",1,18759,18759,32768,17,"pk_gemm(__half const*, __half const*, __half*, int, int, int)",128,8704,0,208,0,128,"SQ_WAVES",1024.000000,1937006995785,1937013153228
264,264,"Agent 1",1,18759,18759,32768,17,"pk_gemm(__half const*, __half const*, __half*, int, int, int)",128,8704,0,208,0,128,"GRBM_GUI_ACTIVE",9469826.000000,1937013184206,1937019512049
264,264,"Agent 1",1,18759,18759,32768,17,"pk_gemm(__half const*, __half const*, __half*, int, int, int)",128,8704,0,208,0,128,"SQ_BUSY_CYCLES",18917105.000000,1937013184206,1937019512049
264,264,"Agent 1",1,18759,18759,32768,17,"pk_gemm(__half const*, __half const*, __half*, int, int, int)",128,8704,0,208,0,128,"SQ_INSTS_LDS",10485760.000000,1937013184206,1937019512049
264,264,"Agent 1",1,18759,18759,32768,17,"pk_gemm(__half const*, __half const*, __half*, int, int, int)",128,8704,0,208,0,128,"SQ_INSTS_VALU",149026816.000000,1937013184206,1937019512049
264,264,"Agent 1",1,18759,18759,32768,17,"pk_gemm(__half const*, __half const*, __half*, int, int, int)",128,8704,0,208,0,128,"SQ_WAIT_ANY",2465400975.000000,1937013184206,1937019512049
264,264,"Agent 1",1,18759,18759,32768,17,"pk_gemm(__half const*, __half const*, __half*, int, int, int)",128,8704,0,208,0,128,"SQ_WAVES",1024.000000,1937013184206,1937019512049
265,265,"Agent 1",1,18759,18759,32768,17,"pk_gemm(__half const*, __half const*, __half*, int, int, int)",128,8704,0,208,0,128,"GRBM_GUI_ACTIVE",8613589.000000,1937019543869,1937025288500
265,265,"Agent 1",1,18759,18759,32768,17,"pk_gemm(__half const*, __half const*, __half*, int, int, int)",128,8704,0,208,0,128,"SQ_BUSY_CYCLES",17090726.000000,1937019543869,1937025288500
265,265,"Agent 1",1,18759,18759,32768,17,"pk_gemm(__half const*, __half const*, __half*, int, int, int)",128,8704,0,208,0,128,"SQ_INSTS_LDS",10485760.000000,1937019543869,1937025288500
265,265,"Agent 1",1,18759,18759,32768,17,"pk_gemm(__half const*, __half const*, __half*, int, int, int)",128,8704,0,208,0,128,"SQ_INSTS_VALU",149026816.000000,1937019543869,1937025288500
265,265,"Agent 1",1,18759,18759,32768,17,"pk_gemm(__half const*, __half const*, __half*, int, int, int)",128,8704,0,208,0,128,"SQ_WAIT_ANY",2112990483.000000,1937019543869,1937025288500
265,265,"Agent 1",1,18759,18759,32768,17,"pk_gemm(__half const*, __half const*, __half*, int, int, int)",128,8704,0,208,0,128,"SQ_WAVES",1024.000000,1937019543869,1937025288500
266,266,"Agent 1",1,18759,18759,32768,17,"pk_gemm(__half const*, __half const*, __half*, int, int, int)",128,8704,0,208,0,128,"GRBM_GUI_ACTIVE",10001082.000000,1937025341038,1937032026991
266,266,"Agent 1",1,18759,18759,32768,17,"pk_gemm(__half const*, __half const*, __half*, int, int, int)",128,8704,0,208,0,128,"SQ_BUSY_CYCLES",19792220.000000,1937025341038,1937032026991
266,266,"Agent 1",1,18759,18759,32768,17,"pk_gemm(__half const*, __half const*, __half*, int, int, int)",128,8704,0,208,0,128,"SQ_INSTS_LDS",10496640.000000,1937025341038,1937032026991
266,266,"Agent 1",1,18759,18759,32768,17,"pk_gemm(__half const*, __half const*, __half*, int, int, int)",128,8704,0,208,0,128,"SQ_INSTS_VALU",149299296.000000,1937025341038,1937032026991
266,266,"Agent 1",1,18759,18759,32768,17,"pk_gemm(__half const*, __half const*, __half*, int, int, int)",128,8704,0,208,0,128,"SQ_WAIT_ANY",2519228958.000000,1937025341038,1937032026991
266,266,"Agent 1",1,18759,18759,32768,17,"pk_gemm(__half const*, __half const*, __half*, int, int, int)",128,8704,0,208,0,128,"SQ_WAVES",1664.000000,1937025341038,1937032026991
267,267,"Agent 1",1,18759,18759,32768,17,"pk_gemm(__half const*, __half const*, __half*, int, int, int)",128,8704,0,208,0,128,"GRBM_GUI_ACTIVE",9317159.000000,1937032067988,1937038297046
267,267,"Agent 1",1,18759,18759,32768,17,"pk_gemm(__half const*, __half const*, __half*, int, int, int)",128,8704,0,208,0,128,"SQ_BUSY_CYCLES",18557782.000000,1937032067988,1937038297046
267,267,"Agent 1",1,18759,18759,32768,17,"pk_gemm(__half const*, __half const*, __half*, int, int, int)",128,8704,0,208,0,128,"SQ_INSTS_LDS",10485760.000000,1937032067988,1937038297046
267,267,"Agent 1",1,18759,18759,32768,17,"pk_gemm(__half const*, __half const*, __half*, int, int, int)",128,8704,0,208,0,128,"SQ_INSTS_VALU",149026816.000000,1937032067988,1937038297046
267,267,"Agent 1",1,18759,18759,32768,17,"pk_gemm(__half const*, __half const*, __half*, int, int, int)",128,8704,0,208,0,128,"SQ_WAIT_ANY",2375161921.000000,1937032067988,1937038297046
267,267,"Agent 1",1,18759,18759,32768,17,"pk_gemm(__half const*, __half const*, __half*, int, int, int)",128,8704,0,208,0,128,"SQ_WAVES",1024.000000,1937032067988,1937038297046
268,268,"Agent 1",1,18759,18759,32768,17,"pk_gemm(__half const*, __half const*, __half*, int, int, int)",128,8704,0,208,0,128,"GRBM_GUI_ACTIVE",9130798.000000,1937038334143,1937044441013
268,268,"Agent 1",1,18759,18759,32768,17,"pk_gemm(__half const*, __half const*, __half*, int, int, int)",128,8704,0,208,0,128,"SQ_BUSY_CYCLES",17782407.000000,1937038334143,1937044441013
268,268,"Agent 1",1,18759,18759,32768,17,"pk_gemm(__half const*, __half const*, __half*, int, int, int)",128,8704,0,208,0,128,"SQ_INSTS_LDS",10485760.000000,1937038334143,1937044441013
268,268,"Agent 1",1,18759,18759,32768,17,"pk_gemm(__half const*, __half const*, __half*, int, int, int)",128,8704,0,208,0,128,"SQ_INSTS_VALU",149026816.000000,1937038334143,1937044441013
268,268,"Agent 1",1,18759,18759,32768,17,"pk_gemm(__half const*, __half const*, __half*, int, int, int)",128,8704,0,208,0,128,"SQ_WAIT_ANY",2269233327.000000,1937038334143,1937044441013
268,268,"Agent 1",1,18759,18759,32768,17,"pk_gemm(__half const*, __half const*, __half*, int, int, int)",128,8704,0,208,0,128,"SQ_WAVES",1024.000000,1937038334143,1937044441013
269,269,"Agent 1",1,18759,18759,32768,17,"pk_gemm(__half const*, __half const*, __half*, int, int, int)",128,8704,0,208,0,128,"GRBM_GUI_ACTIVE",9654868.000000,1937044479725,1937050929436
269,269,"Agent 1",1,18759,18759,32768,17,"pk_gemm(__half const*, __half const*, __half*, int, int, int)",128,8704,0,208,0,128,"SQ_BUSY_CYCLES",19287626.000000,1937044479725,1937050929436
269,269,"Agent 1",1,18759,18759,32768,17,"pk_gemm(__half const*, __half const*, __half*, int, int, int)",128,8704,0,208,0,128,"SQ_INSTS_LDS",10485760.000000,1937044479725,1937050929436
269,269,"Agent 1",1,18759,18759,32768,17,"pk_gemm(__half const*, __half const*, __half*, int, int, int)",128,8704,0,208,0,128,"SQ_INSTS_VALU",149026816.000000,1937044479725,1937050929436
269,269,"Agent 1",1,18759,18759,32768,17,"pk_gemm(__half const*, __half const*, __half*, int, int, int)",128,8704,0,208,0,128,"SQ_WAIT_ANY",2502460922.000000,1937044479725,1937050929436
269,269,"Agent 1",1,18759,18759,32768,17,"pk_gemm(__half const*, __half const*, __half*, int, int, int)",128,8704,0,208,0,128,"SQ_WAVES",1024.000000,1937044479725,1937050929436
270,270,"Agent 1",1,18759,18759,32768,17,"pk_gemm(__half const*, __half const*, __half*, int, int, int)",128,8704,0,208,0,128,"GRBM_GUI_ACTIVE",10241227.000000,1937050965985,1937057801379
270,270,"Agent 1",1,18759,18759,32768,17,"pk_gemm(__half const*, __half const*, __half*, int, int, int)",128,8704,0,208,0,128,"SQ_BUSY_CYCLES",20433316.000000,1937050965985,1937057801379
270,270,"Agent 1",1,18759,18759,32768,17,"pk_gemm(__half const*, __half const*, __half*, int, int, int)",128,8704,0,208,0,128,"SQ_INSTS_LDS",10485760.000000,1937050965985,1937057801379
270,270,"Agent 1",1,18759,18759,32768,17,"pk_gemm(__half const*, __half const*, __half*, int, int, int)",128,8704,0,208,0,128,"SQ_INSTS_VALU",149026816.000000,1937050965985,1937057801379
270,270,"Agent 1",1,18759,18759,32768,17,"pk_gemm(__half const*, __half const*, __half*, int, int, int)",128,8704,0,208,0,128,"SQ_WAIT_ANY",2775101526.000000,1937050965985,1937057801379
270,270,"Agent 1",1,18759,18759,32768,17,"pk_gemm(__half const*, __half const*, __half*, int, int, int)",128,8704,0,208,0,128,"SQ_WAVES",1024.000000,1937050965985,1937057801379
271,271,"Agent 1",1,18759,18759,32768,17,"pk_gemm(__half const*, __half const*, __half*, int, int, int)",128,8704,0,208,0,128,"GRBM_GUI_ACTIVE",10040475.000000,1937057835563,1937064539310
271,271,"Agent 1",1,18759,18759,32768,17,"pk_gemm(__half const*, __half const*, __half*, int, int, int)",128,8704,0,208,0,128,"SQ_BUSY_CYCLES",19785832.000000,1937057835563,1937064539310
271,271,"Agent 1",1,18759,18759,32768,17,"pk_gemm(__half const*, __half const*, __half*, int, int, int)",128,8704,0,208,0,128,"SQ_INSTS_LDS",10485760.000000,1937057835563,1937064539310
271,271,"Agent 1",1,18759,18759,32768,17,"pk_gemm(__half const*, __half const*, __half*, int, int, int)",128,8704,0,208,0,128,"SQ_INSTS_VALU",149026816.000000,1937057835563,1937064539310
271,271,"Agent 1",1,18759,18759,32768,17,"pk_gemm(__half const*, __half const*, __half*, int, int, int)",128,8704,0,208,0,128,"SQ_WAIT_ANY",2661994185.000000,1937057835563,1937064539310
271,271,"Agent 1",1,18759,18759,32768,17,"pk_gemm(__half const*, __half const*, __half*, int, int, int)",128,8704,0,208,0,128,"SQ_WAVES",1024.000000,1937057835563,1937064539310
272,272,"Agent 1",1,18759,18759,32768,17,"pk_gemm(__half const*, __half const*, __half*, int, int, int)",128,8704,0,208,0,128,"GRBM_GUI_ACTIVE",10129296.000000,1937064572091,1937071325091
272,272,"Agent 1",1,18759,18759,32768,17,"pk_gemm(__half const*, __half const*, __half*, int, int, int)",128,8704,0,208,0,128,"SQ_BUSY_CYCLES",20049718.000000,1937064572091,1937071325091
272,272,"Agent 1",1,18759,18759,32768,17,"pk_gemm(__half const*, __half const*, __half*, int, int, int)",128,8704,0,208,0,128,"SQ_INSTS_LDS",10485760.000000,1937064572091,1937071325091
272,272,"Agent 1",1,18759,18759,32768,17,"pk_gemm(__half const*, __half const*, __half*, int, int, int)",128,8704,0,208,0,128,"SQ_INSTS_VALU",149026816.000000,1937064572091,1937071325091
272,272,"Agent 1",1,18759,18759,32768,17,"pk_gemm(__half const*, __half const*, __half*, int, int, int)",128,8704,0,208,0,128,"SQ_WAIT_ANY",2564993654.000000,1937064572091,1937071325091
272,272,"Agent 1",1,18759,18759,32768,17,"pk_gemm(__half const*, __half const*, __half*, int, int, int)",128,8704,0,208,0,128,"SQ_WAVES",1024.000000,1937064572091,1937071325091
273,273,"Agent 1",1,18759,18759,32768,17,"pk_gemm(__half const*, __half const*, __half*, int, int, int)",128,8704,0,208,0,128,"GRBM_GUI_ACTIVE",9440113.000000,1937071358353,1937077667281
273,273,"Agent 1",1,18759,18759,32768,17,"pk_gemm(__half const*, __half const*, __half*, int, int, int)",128,8704,0,208,0,128,"SQ_BUSY_CYCLES",18689097.000000,1937071358353,1937077667281
273,273,"Agent 1",1,18759,18759,32768,17,"pk_gemm(__half const*, __half const*, __half*, int, int, int)",128,8704,0,208,0,128,"SQ_INSTS_LDS",10485760.000000,1937071358353,1937077667281
273,273,"Agent 1",1,18759,18759,32768,17,"pk_gemm(__half const*, __half const*, __half*, int, int, int)",128,8704,0,208,0,128,"SQ_INSTS_VALU",149026816.000000,1937071358353,1937077667281
273,273,"Agent 1",1,18759,18759,32768,17,"pk_gemm(__half const*, __half const*, __half*, int, int, int)",128,8704,0,208,0,128,"SQ_WAIT_ANY",2466137000.000000,1937071358353,1937077667281
273,273,"Agent 1",1,18759,18759,32768,17,"pk_gemm(__half const*, __half const*, __half*, int, int, int)",128,8704,0,208,0,128,"SQ_WAVES",1024.000000,1937071358353,1937077667281
274,274,"Agent 1",1,18759,18759,32768,17,"pk_gemm(__half const*, __half const*, __half*, int, int, int)",128,8704,0,208,0,128,"GRBM_GUI_ACTIVE",9815822.000000,1937077702347,1937084256374
274,274,"Agent 1",1,18759,18759,32768,17,"pk_gemm(__half const*, __half const*, __half*, int, int, int)",128,8704,0,208,0,128,"SQ_BUSY_CYCLES",19600345.000000,1937077702347,1937084256374
274,274,"Agent 1",1,18759,18759,32768,17,"pk_gemm(__half const*, __half const*, __half*, int, int, int)",128,8704,0,208,0,128,"SQ_INSTS_LDS",10485760.000000,1937077702347,1937084256374
274,274,"Agent 1",1,18759,18759,32768,17,"pk_gemm(__half const*, __half const*, __half*, int, int, int)",128,8704,0,208,0,128,"SQ_INSTS_VALU",149026816.000000,1937077702347,1937084256374
274,274,"Agent 1",1,18759,18759,32768,17,"pk_gemm(__half const*, __half const*, __half*, int, int, int)",128,8704,0,208,0,128,"SQ_WAIT_ANY",2594902008.000000,1937077702347,1937084256374
274,274,"Agent 1",1,18759,18759,32768,17,"pk_gemm(__half const*, __half const*, __half*, int, int, int)",128,8704,0,208,0,128,"SQ_WAVES",1024.000000,1937077702347,1937084256374
275,275,"Agent 1",1,18759,18759,32768,17,"pk_gemm(__half const*, __half const*, __half*, int, int, int)",128,8704,0,208,0,128,"GRBM_GUI_ACTIVE",9058699.000000,1937084290438,1937090344369
275,275,"Agent 1",1,18759,18759,32768,17,"pk_gemm(__half const*, __half const*, __half*, int, int, int)",128,8704,0,208,0,128,"SQ_BUSY_CYCLES",18054817.000000,1937084290438,1937090344369
275,275,"Agent 1",1,18759,18759,32768,17,"pk_gemm(__half const*, __half const*, __half*, int, int, int)",128,8704,0,208,0,128,"SQ_INSTS_LDS",10485760.000000,1937084290438,1937090344369
275,275,"Agent 1",1,18759,18759,32768,17,"pk_gemm(__half const*, __half const*, __half*, int, int, int)",128,8704,0,208,0,128,"SQ_INSTS_VALU",149026816.000000,1937084290438,1937090344369
275,275,"Agent 1",1,18759,18759,32768,17,"pk_gemm(__half const*, __half const*, __half*, int, int, int)",128,8704,0,208,0,128,"SQ_WAIT_ANY",2337952268.000000,1937084290438,1937090344369
275,275,"Agent 1",1,18759,18759,32768,17,"pk_gemm(__half const*, __half const*, __half*, int, int, int)",128,8704,0,208,0,128,"SQ_WAVES",1024.000000,1937084290438,1937090344369
276,276,"Agent 1",1,18759,18759,32768,17,"pk_gemm(__half const*, __half const*, __half*, int, int, int)",128,8704,0,208,0,128,"GRBM_GUI_ACTIVE",9149398.000000,1937090377431,1937096483099
276,276,"Agent 1",1,18759,18759,32768,17,"pk_gemm(__half const*, __half const*, __half*, int, int, int)",128,8704,0,208,0,128,"SQ_BUSY_CYCLES",18243942.000000,1937090377431,1937096483099
276,276,"Agent 1",1,18759,18759,32768,17,"pk_gemm(__half const*, __half const*, __half*, int, int, int)",128,8704,0,208,0,128,"SQ_INSTS_LDS",10485760.000000,1937090377431,1937096483099
276,276,"Agent 1",1,18759,18759,32768,17,"pk_gemm(__half const*, __half const*, __half*, int, int, int)",128,8704,0,208,0,128,"SQ_INSTS_VALU",149026816.000000,1937090377431,1937096483099
276,276,"Agent 1",1,18759,18759,32768,17,"pk_gemm(__half const*, __half const*, __half*, int, int, int)",128,8704,0,208,0,128,"SQ_WAIT_ANY",2342854060.000000,1937090377431,1937096483099
276,276,"Agent 1",1,18759,18759,32768,17,"pk_gemm(__half const*, __half const*, __half*, int, int, int)",128,8704,0,208,0,128,"SQ_WAVES",1024.000000,1937090377431,1937096483099
277,277,"Agent 1",1,18759,18759,32768,17,"pk_gemm(__half const*, __half const*, __half*, int, int, int)",128,8704,0,208,0,128,"GRBM_GUI_ACTIVE",9531730.000000,1937096516722,1937102885803
277,277,"Agent 1",1,18759,18759,32768,17,"pk_gemm(__half const*, __half const*, __half*, int, int, int)",128,8704,0,208,0,128,"SQ_BUSY_CYCLES",19031845.000000,1937096516722,1937102885803
277,277,"Agent 1",1,18759,18759,32768,17,"pk_gemm(__half const*, __half const*, __half*, int, int, int)",128,8704,0,208,0,128,"SQ_INSTS_LDS",10485760.000000,1937096516722,1937102885803
277,277,"Agent 1",1,18759,18759,32768,17,"pk_gemm(__half const*, __half const*, __half*, int, int, int)",128,8704,0,208,0,128,"SQ_INSTS_VALU",149026816.000000,1937096516722,1937102885803
277,277,"Agent 1",1,18759,18759,32768,17,"pk_gemm(__half const*, __half const*, __half*, int, int, int)",128,8704,0,208,0,128,"SQ_WAIT_ANY",2477418374.000000,1937096516722,1937102885803
277,277,"Agent 1",1,18759,18759,32768,17,"pk_gemm(__half const*, __half const*, __half*, int, int, int)",128,8704,0,208,0,128,"SQ_WAVES",1024.000000,1937096516722,1937102885803
278,278,"Agent 1",1,18759,18759,32768,17,"pk_gemm(__half const*, __half const*, __half*, int, int, int)",128,8704,0,208,0,128,"GRBM_GUI_ACTIVE",10789254.000000,1937102919792,1937110120830
278,278,"Agent 1",1,18759,18759,32768,17,"pk_gemm(__half const*, __half const*, __half*, int, int, int)",128,8704,0,208,0,128,"SQ_BUSY_CYCLES",21560742.000000,1937102919792,1937110120830
278,278,"Agent 1",1,18759,18759,32768,17,"pk_gemm(__half const*, __half const*, __half*, int, int, int)",128,8704,0,208,0,128,"SQ_INSTS_LDS",10485760.000000,1937102919792,1937110120830
278,278,"Agent 1",1,18759,18759,32768,17,"pk_gemm(__half const*, __half const*, __half*, int, int, int)",128,8704,0,208,0,128,"SQ_INSTS_VALU",149026816.000000,1937102919792,1937110120830
278,278,"Agent 1",1,18759,18759,32768,17,"pk_gemm(__half const*, __half const*, __half*, int, int, int)",128,8704,0,208,0,128,"SQ_WAIT_ANY",2864203333.000000,1937102919792,1937110120830
278,278,"Agent 1",1,18759,18759,32768,17,"pk_gemm(__half const*, __half const*, __half*, int, int, int)",128,8704,0,208,0,128,"SQ_WAVES",1024.000000,1937102919792,1937110120830
279,279,"Agent 1",1,18759,18759,32768,17,"pk_gemm(__half const*, __half const*, __half*, int, int, int)",128,8704,0,208,0,128,"GRBM_GUI_ACTIVE",9984253.000000,1937110156857,1937116826260
279,279,"Agent 1",1,18759,18759,32768,17,"pk_gemm(__half const*, __half const*, __half*, int, int, int)",128,8704,0,208,0,128,"SQ_BUSY_CYCLES",19876865.000000,1937110156857,1937116826260
279,279,"Agent 1",1,18759,18759,32768,17,"pk_gemm(__half const*, __half const*, __half*, int, int, int)",128,8704,0,208,0,128,"SQ_INSTS_LDS",10485760.000000,1937110156857,1937116826260
279,279,"Agent 1",1,18759,18759,32768,17,"pk_gemm(__half const*, __half const*, __half*, int, int, int)",128,8704,0,208,0,128,"SQ_INSTS_VALU",149026816.000000,1937110156857,1937116826260
279,279,"Agent 1",1,18759,18759,32768,17,"pk_gemm(__half const*, __half const*, __half*, int, int, int)",128,8704,0,208,0,128,"SQ_WAIT_ANY",2583817080.000000,1937110156857,1937116826260
279,279,"Agent 1",1,18759,18759,32768,17,"pk_gemm(__half const*, __half const*, __half*, int, int, int)",128,8704,0,208,0,128,"SQ_WAVES",1024.000000,1937110156857,1937116826260
280,280,"Agent 1",1,18759,18759,32768,17,"pk_gemm(__half const*, __half const*, __half*, int, int, int)",128,8704,0,208,0,128,"GRBM_GUI_ACTIVE",9587329.000000,1937116857839,1937123256054
280,280,"Agent 1",1,18759,18759,32768,17,"pk_gemm(__half const*, __half const*, __half*, int, int, int)",128,8704,0,208,0,128,"SQ_BUSY_CYCLES",19125891.000000,1937116857839,1937123256054
280,280,"Agent 1",1,18759,18759,32768,17,"pk_gemm(__half const*, __half const*, __half*, int, int, int)",128,8704,0,208,0,128,"SQ_INSTS_LDS",10485760.000000,1937116857839,1937123256054
280,280,"Agent 1",1,18759,18759,32768,17,"pk_gemm(__half const*, __half const*, __half*, int, int, int)",128,8704,0,208,0,128,"SQ_INSTS_VALU",149026816.000000,1937116857839,1937123256054
280,280,"Agent 1",1,18759,18759,32768,17,"pk_gemm(__half const*, __half const*, __half*, int, int, int)",128,8704,0,208,0,128,"SQ_WAIT_ANY",2345306935.000000,1937116857839,1937123256054
280,280,"Agent 1",1,18759,18759,32768,17,"pk_gemm(__half const*, __half const*, __half*, int, int, int)",128,8704,0,208,0,128,"SQ_WAVES",1024.000000,1937116857839,1937123256054
281,281,"Agent 1",1,18759,18759,32768,17,"pk_gemm(__half const*, __half const*, __half*, int, int, int)",128,8704,0,208,0,128,"GRBM_GUI_ACTIVE",9702765.000000,1937123288475,1937129771930
281,281,"Agent 1",1,18759,18759,32768,17,"pk_gemm(__half const*, __half const*, __half*, int, int, int)",128,8704,0,208,0,128,"SQ_BUSY_CYCLES",19305943.000000,1937123288475,1937129771930
281,281,"Agent 1",1,18759,18759,32768,17,"pk_gemm(__half const*, __half const*, __half*, int, int, int)",128,8704,0,208,0,128,"SQ_INSTS_LDS",10485760.000000,1937123288475,1937129771930
281,281,"Agent 1",1,18759,18759,32768,17,"pk_gemm(__half const*, __half const*, __half*, int, int, int)",128,8704,0,208,0,128,"SQ_INSTS_VALU",149026816.000000,1937123288475,1937129771930
281,281,"Agent 1",1,18759,18759,32768,17,"pk_gemm(__half const*, __half const*, __half*, int, int, int)",128,8704,0,208,0,128,"SQ_WAIT_ANY",2430320539.000000,1937123288475,1937129771930
281,281,"Agent 1",1,18759,18759,32768,17,"pk_gemm(__half const*, __half const*, __half*, int, int, int)",128,8704,0,208,0,128,"SQ_WAVES",1024.000000,1937123288475,1937129771930
282,282,"Agent 1",1,18759,18759,32768,17,"pk_gemm(__half const*, __half const*, __half*, int, int, int)",128,8704,0,208,0,128,"GRBM_GUI_ACTIVE",9804268.000000,1937129804752,1937136349882
282,282,"Agent 1",1,18759,18759,32768,17,"pk_gemm(__half const*, __half const*, __half*, int, int, int)",128,8704,0,208,0,128,"SQ_BUSY_CYCLES",19246660.000000,1937129804752,1937136349882
282,282,"Agent 1",1,18759,18759,32768,17,"pk_gemm(__half const*, __half const*, __half*, int, int, int)",128,8704,0,208,0,128,"SQ_INSTS_LDS",10485760.000000,1937129804752,1937136349882
282,282,"Agent 1",1,18759,18759,32768,17,"pk_gemm(__half const*, __half const*, __half*, int, int, int)",128,8704,0,208,0,128,"SQ_INSTS_VALU",149026816.000000,1937129804752,1937136349882
282,282,"Agent 1",1,18759,18759,32768,17,"pk_gemm(__half const*, __half const*, __half*, int, int, int)",128,8704,0,208,0,128,"SQ_WAIT_ANY",2537168847.000000,1937129804752,1937136349882
282,282,"Agent 1",1,18759,18759,32768,17,"pk_gemm(__half const*, __half const*, __half*, int, int, int)",128,8704,0,208,0,128,"SQ_WAVES",1024.000000,1937129804752,1937136349882
283,283,"Agent 1",1,18759,18759,32768,17,"pk_gemm(__half const*, __half const*, __half*, int, int, int)",128,8704,0,208,0,128,"GRBM_GUI_ACTIVE",9512981.000000,1937136382744,1937142741966
283,283,"Agent 1",1,18759,18759,32768,17,"pk_gemm(__half const*, __half const*, __half*, int, int, int)",128,8704,0,208,0,128,"SQ_BUSY_CYCLES",18946297.000000,1937136382744,1937142741966
283,283,"Agent 1",1,18759,18759,32768,17,"pk_gemm(__half const*, __half const*, __half*, int, int, int)",128,8704,0,208,0,128,"SQ_INSTS_LDS",10485760.000000,1937136382744,1937142741966
283,283,"Agent 1",1,18759,18759,32768,17,"pk_gemm(__half const*, __half const*, __half*, int, int, int)",128,8704,0,208,0,128,"SQ_INSTS_VALU",149026816.000000,1937136382744,1937142741966
283,283,"Agent 1",1,18759,18759,32768,17,"pk_gemm(__half const*, __half const*, __half*, int, int, int)",128,8704,0,208,0,128,"SQ_WAIT_ANY",2391241639.000000,1937136382744,1937142741966
283,283,"Agent 1",1,18759,18759,32768,17,"pk_gemm(__half const*, __half const*, __half*, int, int, int)",128,8704,0,208,0,128,"SQ_WAVES",1024.000000,1937136382744,1937142741966
284,284,"Agent 1",1,18759,18759,32768,17,"pk_gemm(__half const*, __half const*, __half*, int, int, int)",128,8704,0,208,0,128,"GRBM_GUI_ACTIVE",8818526.000000,1937142773185,1937148660564
284,284,"Agent 1",1,18759,18759,32768,17,"pk_gemm(__half const*, __half const*, __half*, int, int, int)",128,8704,0,208,0,128,"SQ_BUSY_CYCLES",17519069.000000,1937142773185,1937148660564
284,284,"Agent 1",1,18759,18759,32768,17,"pk_gemm(__half const*, __half const*, __half*, int, int, int)",128,8704,0,208,0,128,"SQ_INSTS_LDS",10485760.000000,1937142773185,1937148660564
284,284,"Agent 1",1,18759,18759,32768,17,"pk_gemm(__half const*, __half const*, __half*, int, int, int)",128,8704,0,208,0,128,"SQ_INSTS_VALU",149026816.000000,1937142773185,1937148660564
284,284,"Agent 1",1,18759,18759,32768,17,"pk_gemm(__half const*, __half const*, __half*, int, int, int)",128,8704,0,208,0,128,"SQ_WAIT_ANY",2190746177.000000,1937142773185,1937148660564
284,284,"Agent 1",1,18759,18759,32768,17,"pk_gemm(__half const*, __half const*, __half*, int, int, int)",128,8704,0,208,0,128,"SQ_WAVES",1024.000000,1937142773185,1937148660564
285,285,"Agent 1",1,18759,18759,32768,17,"pk_gemm(__half const*, __half const*, __half*, int, int, int)",128,8704,0,208,0,128,"GRBM_GUI_ACTIVE",9686020.000000,1937148693466,1937155160169
285,285,"Agent 1",1,18759,18759,32768,17,"pk_gemm(__half const*, __half const*, __half*, int, int, int)",128,8704,0,208,0,128,"SQ_BUSY_CYCLES",19151684.000000,1937148693466,1937155160169
285,285,"Agent 1",1,18759,18759,32768,17,"pk_gemm(__half const*, __half const*, __half*, int, int, int)",128,8704,0,208,0,128,"SQ_INSTS_LDS",10485760.000000,1937148693466,1937155160169
285,285,"Agent 1",1,18759,18759,32768,17,"pk_gemm(__half const*, __half const*, __half*, int, int, int)",128,8704,0,208,0,128,"SQ_INSTS_VALU",149026816.000000,1937148693466,1937155160169
285,285,"Agent 1",1,18759,18759,32768,17,"pk_gemm(__half const*, __half const*, __half*, int, int, int)",128,8704,0,208,0,128,"SQ_WAIT_ANY",2511204653.000000,1937148693466,1937155160169
285,285,"Agent 1",1,18759,18759,32768,17,"pk_gemm(__half const*, __half const*, __half*, int, int, int)",128,8704,0,208,0,128,"SQ_WAVES",1024.000000,1937148693466,1937155160169
286,286,"Agent 1",1,18759,18759,32768,17,"pk_gemm(__half const*, __half const*, __half*, int, int, int)",128,8704,0,208,0,128,"GRBM_GUI_ACTIVE",9394437.000000,1937155191668,1937161471663
286,286,"Agent 1",1,18759,18759,32768,17,"pk_gemm(__half const*, __half const*, __half*, int, int, int)",128,8704,0,208,0,128,"SQ_BUSY_CYCLES",18686703.000000,1937155191668,1937161471663
286,286,"Agent 1",1,18759,18759,32768,17,"pk_gemm(__half const*, __half const*, __half*, int, int, int)",128,8704,0,208,0,128,"SQ_INSTS_LDS",10485760.000000,1937155191668,1937161471663
286,286,"Agent 1",1,18759,18759,32768,17,"pk_gemm(__half const*, __half const*, __half*, int, int, int)",128,8704,0,208,0,128,"SQ_INSTS_VALU",149026816.000000,1937155191668,1937161471663
286,286,"Agent 1",1,18759,18759,32768,17,"pk_gemm(__half const*, __half const*, __half*, int, int, int)",128,8704,0,208,0,128,"SQ_WAIT_ANY",2488852366.000000,1937155191668,1937161471663
286,286,"Agent 1",1,18759,18759,32768,17,"pk_gemm(__half const*, __half const*, __half*, int, int, int)",128,8704,0,208,0,128,"SQ_WAVES",1024.000000,1937155191668,1937161471663
287,287,"Agent 1",1,18759,18759,32768,17,"pk_gemm(__half const*, __half const*, __half*, int, int, int)",128,8704,0,208,0,128,"GRBM_GUI_ACTIVE",10190719.000000,1937161504684,1937168312987
287,287,"Agent 1",1,18759,18759,32768,17,"pk_gemm(__half const*, __half const*, __half*, int, int, int)",128,8704,0,208,0,128,"SQ_BUSY_CYCLES",20316676.000000,1937161504684,1937168312987
287,287,"Agent 1",1,18759,18759,32768,17,"pk_gemm(__half const*, __half const*, __half*, int, int, int)",128,8704,0,208,0,128,"SQ_INSTS_LDS",10485760.000000,1937161504684,1937168312987
287,287,"Agent 1",1,18759,18759,32768,17,"pk_gemm(__half const*, __half const*, __half*, int, int, int)",128,8704,0,208,0,128,"SQ_INSTS_VALU",149026816.000000,1937161504684,1937168312987
287,287,"Agent 1",1,18759,18759,32768,17,"pk_gemm(__half const*, __half const*, __half*, int, int, int)",128,8704,0,208,0,128,"SQ_WAIT_ANY",2642541697.000000,1937161504684,1937168312987
287,287,"Agent 1",1,18759,18759,32768,17,"pk_gemm(__half const*, __half const*, __half*, int, int, int)",128,8704,0,208,0,128,"SQ_WAVES",1024.000000,1937161504684,1937168312987
288,288,"Agent 1",1,18759,18759,32768,17,"pk_gemm(__half const*, __half const*, __half*, int, int, int)",128,8704,0,208,0,128,"GRBM_GUI_ACTIVE",10027025.000000,1937168345514,1937175047980
288,288,"Agent 1",1,18759,18759,32768,17,"pk_gemm(__half const*, __half const*, __half*, int, int, int)",128,8704,0,208,0,128,"SQ_BUSY_CYCLES",20011166.000000,1937168345514,1937175047980
288,288,"Agent 1",1,18759,18759,32768,17,"pk_gemm(__half const*, __half const*, __half*, int, int, int)",128,8704,0,208,0,128,"SQ_INSTS_LDS",10485760.000000,1937168345514,1937175047980
288,288,"Agent 1",1,18759,18759,32768,17,"pk_gemm(__half const*, __half const*, __half*, int, int, int)",128,8704,0,208,0,128,"SQ_INSTS_VALU",149026816.000000,1937168345514,1937175047980
288,288,"Agent 1",1,18759,18759,32768,17,"pk_gemm(__half const*, __half const*, __half*, int, int, int)",128,8704,0,208,0,128,"SQ_WAIT_ANY",2579332084.000000,1937168345514,1937175047980
288,288,"Agent 1",1,18759,18759,32768,17,"pk_gemm(__half const*, __half const*, __half*, int, int, int)",128,8704,0,208,0,128,"SQ_WAVES",1024.000000,1937168345514,1937175047980
289,289,"Agent 1",1,18759,18759,32768,17,"pk_gemm(__half const*, __half const*, __half*, int, int, int)",128,8704,0,208,0,128,"GRBM_GUI_ACTIVE",10868751.000000,1937175080840,1937182329649
289,289,"Agent 1",1,18759,18759,32768,17,"pk_gemm(__half const*, __half const*, __half*, int, int, int)",128,8704,0,208,0,128,"SQ_BUSY_CYCLES",21685092.000000,1937175080840,1937182329649
289,289,"Agent 1",1,18759,18759,32768,17,"pk_gemm(__half const*, __half const*, __half*, int, int, int)",128,8704,0,208,0,128,"SQ_INSTS_LDS",10485760.000000,1937175080840,1937182329649
289,289,"Agent 1",1,18759,18759,32768,17,"pk_gemm(__half const*, __half const*, __half*, int, int, int)",128,8704,0,208,0,128,"SQ_INSTS_VALU",149026816.000000,1937175080840,1937182329649
289,289,"Agent 1",1,18759,18759,32768,17,"pk_gemm(__half const*, __half const*, __half*, int, int, int)",128,8704,0,208,0,128,"SQ_WAIT_ANY",2770563687.000000,1937175080840,1937182329649
289,289,"Agent 1",1,18759,18759,32768,17,"pk_gemm(__half const*, __half const*, __half*, int, int, int)",128,8704,0,208,0,128,"SQ_WAVES",1024.000000,1937175080840,1937182329649
290,290,"Agent 1",1,18759,18759,32768,17,"pk_gemm(__half const*, __half const*, __half*, int, int, int)",128,8704,0,208,0,128,"GRBM_GUI_ACTIVE",9753705.000000,1937182360186,1937188878267
290,290,"Agent 1",1,18759,18759,32768,17,"pk_gemm(__half const*, __half const*, __half*, int, int, int)",128,8704,0,208,0,128,"SQ_BUSY_CYCLES",19461210.000000,1937182360186,1937188878267
290,290,"Agent 1",1,18759,18759,32768,17,"pk_gemm(__half const*, __half const*, __half*, int, int, int)",128,8704,0,208,0,128,"SQ_INSTS_LDS",10485760.000000,1937182360186,1937188878267
290,290,"Agent 1",1,18759,18759,32768,17,"pk_gemm(__half const*, __half const*, __half*, int, int, int)",128,8704,0,208,0,128,"SQ_INSTS_VALU",149026816.000000,1937182360186,1937188878267
290,290,"Agent 1",1,18759,18759,32768,17,"pk_gemm(__half const*, __half const*, __half*, int, int, int)",128,8704,0,208,0,128,"SQ_WAIT_ANY",2508339176.000000,1937182360186,1937188878267
290,290,"Agent 1",1,18759,18759,32768,17,"pk_gemm(__half const*, __half const*, __half*, int, int, int)",128,8704,0,208,0,128,"SQ_WAVES",1024.000000,1937182360186,1937188878267
291,291,"Agent 1",1,18759,18759,32768,17,"pk_gemm(__half const*, __half const*, __half*, int, int, int)",128,8704,0,208,0,128,"GRBM_GUI_ACTIVE",10217773.000000,1937188910567,1937195734741
291,291,"Agent 1",1,18759,18759,32768,17,"pk_gemm(__half const*, __half const*, __half*, int, int, int)",128,8704,0,208,0,128,"SQ_BUSY_CYCLES",20297261.000000,1937188910567,1937195734741
291,291,"Agent 1",1,18759,18759,32768,17,"pk_gemm(__half const*, __half const*, __half*, int, int, int)",128,8704,0,208,0,128,"SQ_INSTS_LDS",10485760.000000,1937188910567,1937195734741
291,291,"Agent 1",1,18759,18759,32768,17,"pk_gemm(__half const*, __half const*, __half*, int, int, int)",128,8704,0,208,0,128,"SQ_INSTS_VALU",149026816.000000,1937188910567,1937195734741
291,291,"Agent 1",1,18759,18759,32768,17,"pk_gemm(__half const*, __half const*, __half*, int, int, int)",128,8704,0,208,0,128,"SQ_WAIT_ANY",2725870377.000000,1937188910567,1937195734741
291,291,"Agent 1",1,18759,18759,32768,17,"pk_gemm(__half const*, __half const*, __half*, int, int, int)",128,8704,0,208,0,128,"SQ_WAVES",1024.000000,1937188910567,1937195734741
292,292,"Agent 1",1,18759,18759,32768,17,"pk_gemm(__half const*, __half const*, __half*, int, int, int)",128,8704,0,208,0,128,"GRBM_GUI_ACTIVE",9663758.000000,1937195766400,1937202221042
292,292,"Agent 1",1,18759,18759,32768,17,"pk_gemm(__half const*, __half const*, __half*, int, int, int)",128,8704,0,208,0,128,"SQ_BUSY_CYCLES",19085528.000000,1937195766400,1937202221042
292,292,"Agent 1",1,18759,18759,32768,17,"pk_gemm(__half const*, __half const*, __half*, int, int, int)",128,8704,0,208,0,128,"SQ_INSTS_LDS",10485760.000000,1937195766400,1937202221042
292,292,"Agent 1",1,18759,18759,32768,17,"pk_gemm(__half const*, __half const*, __half*, int, int, int)",128,8704,0,208,0,128,"SQ_INSTS_VALU",149026816.000000,1937195766400,1937202221042
292,292,"Agent 1",1,18759,18759,32768,17,"pk_gemm(__half const*, __half const*, __half*, int, int, int)",128,8704,0,208,0,128,"SQ_WAIT_ANY",2463313813.000000,1937195766400,1937202221042
292,292,"Agent 1",1,18759,18759,32768,17,"pk_gemm(__half const*, __half const*, __half*, int, int, int)",128,8704,0,208,0,128,"SQ_WAVES",1024.000000,1937195766400,1937202221042
293,293,"Agent 1",1,18759,18759,32768,17,"pk_gemm(__half const*, __half const*, __half*, int, int, int)",128,8704,0,208,0,128,"GRBM_GUI_ACTIVE",10042170.000000,1937202250898,1937208950117
293,293,"Agent 1",1,18759,18759,32768,17,"pk_gemm(__half const*, __half const*, __half*, int, int, int)",128,8704,0,208,0,128,"SQ_BUSY_CYCLES",19875416.000000,1937202250898,1937208950117
293,293,"Agent 1",1,18759,18759,32768,17,"pk_gemm(__half const*, __half const*, __half*, int, int, int)",128,8704,0,208,0,128,"SQ_INSTS_LDS",10485760.000000,1937202250898,1937208950117
293,293,"Agent 1",1,18759,18759,32768,17,"pk_gemm(__half const*, __half const*, __half*, int, int, int)",128,8704,0,208,0,128,"SQ_INSTS_VALU",149026816.000000,1937202250898,1937208950117
293,293,"Agent 1",1,18759,18759,32768,17,"pk_gemm(__half const*, __half const*, __half*, int, int, int)",128,8704,0,208,0,128,"SQ_WAIT_ANY",2580264503.000000,1937202250898,1937208950117
293,293,"Agent 1",1,18759,18759,32768,17,"pk_gemm(__half const*, __half const*, __half*, int, int, int)",128,8704,0,208,0,128,"SQ_WAVES",1024.000000,1937202250898,1937208950117
294,294,"Agent 1",1,18759,18759,32768,17,"pk_gemm(__half const*, __half const*, __half*, int, int, int)",128,8704,0,208,0,128,"GRBM_GUI_ACTIVE",9335411.000000,1937208979452,1937215221536
294,294,"Agent 1",1,18759,18759,32768,17,"pk_gemm(__half const*, __half const*, __half*, int, int, int)",128,8704,0,208,0,128,"SQ_BUSY_CYCLES",18494860.000000,1937208979452,1937215221536
294,294,"Agent 1",1,18759,18759,32768,17,"pk_gemm(__half const*, __half const*, __half*, int, int, int)",128,8704,0,208,0,128,"SQ_INSTS_LDS",10485760.000000,1937208979452,1937215221536
294,294,"Agent 1",1,18759,18759,32768,17,"pk_gemm(__half const*, __half const*, __half*, int, int, int)",128,8704,0,208,0,128,"SQ_INSTS_VALU",149026816.000000,1937208979452,1937215221536
294,294,"Agent 1",1,18759,18759,32768,17,"pk_gemm(__half const*, __half const*, __half*, int, int, int)",128,8704,0,208,0,128,"SQ_WAIT_ANY",2382603887.000000,1937208979452,1937215221536
294,294,"Agent 1",1,18759,18759,32768,17,"pk_gemm(__half const*, __half const*, __half*, int, int, int)",128,8704,0,208,0,128,"SQ_WAVES",1024.000000,1937208979452,1937215221536
295,295,"Agent 1",1,18759,18759,32768,17,"pk_gemm(__half const*, __half const*, __half*, int, int, int)",128,8704,0,208,0,128,"GRBM_GUI_ACTIVE",9659795.000000,1937215252073,1937221704551
295,295,"Agent 1",1,18759,18759,32768,17,"pk_gemm(__half const*, __half const*, __half*, int, int, int)",128,8704,0,208,0,128,"SQ_BUSY_CYCLES",19233172.000000,1937215252073,1937221704551
295,295,"Agent 1",1,18759,18759,32768,17,"pk_gemm(__half const*, __half const*, __half*, int, int, int)",128,8704,0,208,0,128,"SQ_INSTS_LDS",10485760.000000,1937215252073,1937221704551
295,295,"Agent 1",1,18759,18759,32768,17,"pk_gemm(__half const*, __half const*, __half*, int, int, int)",128,8704,0,208,0,128,"SQ_INSTS_VALU",149026816.000000,1937215252073,1937221704551
295,295,"Agent 1",1,18759,18759,32768,17,"pk_gemm(__half const*, __half const*, __half*, int, int, int)",128,8704,0,208,0,128,"SQ_WAIT_ANY",2620015093.000000,1937215252073,1937221704551
295,295,"Agent 1",1,18759,18759,32768,17,"pk_gemm(__half const*, __half const*, __half*, int, int, int)",128,8704,0,208,0,128,"SQ_WAVES",1024.000000,1937215252073,1937221704551
296,296,"Agent 1",1,18759,18759,32768,17,"pk_gemm(__half const*, __half const*, __half*, int, int, int)",128,8704,0,208,0,128,"GRBM_GUI_ACTIVE",10184119.000000,1937221766387,1937228564191
296,296,"Agent 1",1,18759,18759,32768,17,"pk_gemm(__half const*, __half const*, __half*, int, int, int)",128,8704,0,208,0,128,"SQ_BUSY_CYCLES",20305809.000000,1937221766387,1937228564191
296,296,"Agent 1",1,18759,18759,32768,17,"pk_gemm(__half const*, __half const*, __half*, int, int, int)",128,8704,0,208,0,128,"SQ_INSTS_LDS",10485760.000000,1937221766387,1937228564191
296,296,"Agent 1",1,18759,18759,32768,17,"pk_gemm(__half const*, __half const*, __half*, int, int, int)",128,8704,0,208,0,128,"SQ_INSTS_VALU",149026816.000000,1937221766387,1937228564191
296,296,"Agent 1",1,18759,18759,32768,17,"pk_gemm(__half const*, __half const*, __half*, int, int, int)",128,8704,0,208,0,128,"SQ_WAIT_ANY",2658103362.000000,1937221766387,1937228564191
296,296,"Agent 1",1,18759,18759,32768,17,"pk_gemm(__half const*, __half const*, __half*, int, int, int)",128,8704,0,208,0,128,"SQ_WAVES",1024.000000,1937221766387,1937228564191
297,297,"Agent 1",1,18759,18759,32768,17,"pk_gemm(__half const*, __half const*, __half*, int, int, int)",128,8704,0,208,0,128,"GRBM_GUI_ACTIVE",9977001.000000,1937228600379,1937235268741
297,297,"Agent 1",1,18759,18759,32768,17,"pk_gemm(__half const*, __half const*, __half*, int, int, int)",128,8704,0,208,0,128,"SQ_BUSY_CYCLES",19797355.000000,1937228600379,1937235268741
297,297,"Agent 1",1,18759,18759,32768,17,"pk_gemm(__half const*, __half const*, __half*, int, int, int)",128,8704,0,208,0,128,"SQ_INSTS_LDS",10485760.000000,1937228600379,1937235268741
297,297,"Agent 1",1,18759,18759,32768,17,"pk_gemm(__half const*, __half const*, __half*, int, int, int)",128,8704,0,208,0,128,"SQ_INSTS_VALU",149026816.000000,1937228600379,1937235268741
297,297,"Agent 1",1,18759,18759,32768,17,"pk_gemm(__half const*, __half const*, __half*, int, int, int)",128,8704,0,208,0,128,"SQ_WAIT_ANY",2537372435.000000,1937228600379,1937235268741
297,297,"Agent 1",1,18759,18759,32768,17,"pk_gemm(__half const*, __half const*, __half*, int, int, int)",128,8704,0,208,0,128,"SQ_WAVES",1024.000000,1937228600379,1937235268741
298,298,"Agent 1",1,18759,18759,32768,17,"pk_gemm(__half const*, __half const*, __half*, int, int, int)",128,8704,0,208,0,128,"GRBM_GUI_ACTIVE",9733420.000000,1937235302317,1937241808535
298,298,"Agent 1",1,18759,18759,32768,17,"pk_gemm(__half const*, __half const*, __half*, int, int, int)",128,8704,0,208,0,128,"SQ_BUSY_CYCLES",19427287.000000,1937235302317,1937241808535
298,298,"Agent 1",1,18759,18759,32768,17,"pk_gemm(__half const*, __half const*, __half*, int, int, int)",128,8704,0,208,0,128,"SQ_INSTS_LDS",10485760.000000,1937235302317,1937241808535
298,298,"Agent 1",1,18759,18759,32768,17,"pk_gemm(__half const*, __half const*, __half*, int, int, int)",128,8704,0,208,0,128,"SQ_INSTS_VALU",149026816.000000,1937235302317,1937241808535
298,298,"Agent 1",1,18759,18759,32768,17,"pk_gemm(__half const*, __half const*, __half*, int, int, int)",128,8704,0,208,0,128,"SQ_WAIT_ANY",2426926304.000000,1937235302317,1937241808535
298,298,"Agent 1",1,18759,18759,32768,17,"pk_gemm(__half const*, __half const*, __half*, int, int, int)",128,8704,0,208,0,128,"SQ_WAVES",1024.000000,1937235302317,1937241808535
299,299,"Agent 1",1,18759,18759,32768,17,"pk_gemm(__half const*, __half const*, __half*, int, int, int)",128,8704,0,208,0,128,"GRBM_GUI_ACTIVE",9787753.000000,1937241847927,1937248389051
299,299,"Agent 1",1,18759,18759,32768,17,"pk_gemm(__half const*, __half const*, __half*, int, int, int)",128,8704,0,208,0,128,"SQ_BUSY_CYCLES",19476829.000000,1937241847927,1937248389051
299,299,"Agent 1",1,18759,18759,32768,17,"pk_gemm(__half const*, __half const*, __half*, int, int, int)",128,8704,0,208,0,128,"SQ_INSTS_LDS",10485760.000000,1937241847927,1937248389051
299,299,"Agent 1",1,18759,18759,32768,17,"pk_gemm(__half const*, __half const*, __half*, int, int, int)",128,8704,0,208,0,128,"SQ_INSTS_VALU",149026816.000000,1937241847927,1937248389051
299,299,"Agent 1",1,18759,18759,32768,17,"pk_gemm(__half const*, __half const*, __half*, int, int, int)",128,8704,0,208,0,128,"SQ_WAIT_ANY",2415857170.000000,1937241847927,1937248389051
299,299,"Agent 1",1,18759,18759,32768,17,"pk_gemm(__half const*, __half const*, __half*, int, int, int)",128,8704,0,208,0,128,"SQ_WAVES",1024.000000,1937241847927,1937248389051
300,300,"Agent 1",1,18759,18759,32768,17,"pk_gemm(__half const*, __half const*, __half*, int, int, int)",128,8704,0,208,0,128,"GRBM_GUI_ACTIVE",9563120.000000,1937248425359,1937254821571
300,300,"Agent 1",1,18759,18759,32768,17,"pk_gemm(__half const*, __half const*, __half*, int, int, int)",128,8704,0,208,0,128,"SQ_BUSY_CYCLES",18994630.000000,1937248425359,1937254821571
300,300,"Agent 1",1,18759,18759,32768,17,"pk_gemm(__half const*, __half const*, __half*, int, int, int)",128,8704,0,208,0,128,"SQ_INSTS_LDS",10485760.000000,1937248425359,1937254821571
300,300,"Agent 1",1,18759,18759,32768,17,"pk_gemm(__half const*, __half const*, __half*, int, int, int)",128,8704,0,208,0,128,"SQ_INSTS_VALU",149026816.000000,1937248425359,1937254821571
300,300,"Agent 1",1,18759,18759,32768,17,"pk_gemm(__half const*, __half const*, __half*, int, int, int)",128,8704,0,208,0,128,"SQ_WAIT_ANY",2478720325.000000,1937248425359,1937254821571
300,300,"Agent 1",1,18759,18759,32768,17,"pk_gemm(__half const*, __half const*, __half*, int, int, int)",128,8704,0,208,0,128,"SQ_WAVES",1024.000000,1937248425359,1937254821571
301,301,"Agent 1",1,18759,18759,32768,17,"pk_gemm(__half const*, __half const*, __half*, int, int, int)",128,8704,0,208,0,128,"GRBM_GUI_ACTIVE",9631574.000000,1937254856436,1937261286030
301,301,"Agent 1",1,18759,18759,32768,17,"pk_gemm(__half const*, __half const*, __half*, int, int, int)",128,8704,0,208,0,128,"SQ_BUSY_CYCLES",18973924.000000,1937254856436,1937261286030
301,301,"Agent 1",1,18759,18759,32768,17,"pk_gemm(__half const*, __half const*, __half*, int, int, int)",128,8704,0,208,0,128,"SQ_INSTS_LDS",10485760.000000,1937254856436,1937261286030
301,301,"Agent 1",1,18759,18759,32768,17,"pk_gemm(__half const*, __half const*, __half*, int, int, int)",128,8704,0,208,0,128,"SQ_INSTS_VALU",149026816.000000,1937254856436,1937261286030
301,301,"Agent 1",1,18759,18759,32768,17,"pk_gemm(__half const*, __half const*, __half*, int, int, int)",128,8704,0,208,0,128,"SQ_WAIT_ANY",2425846448.000000,1937254856436,1937261286030
301,301,"Agent 1",1,18759,18759,32768,17,"pk_gemm(__half const*, __half const*, __half*, int, int, int)",128,8704,0,208,0,128,"SQ_WAVES",1024.000000,1937254856436,1937261286030
302,302,"Agent 1",1,18759,18759,32768,17,"pk_gemm(__half const*, __half const*, __half*, int, int, int)",128,8704,0,208,0,128,"GRBM_GUI_ACTIVE",9961354.000000,1937261319733,1937267965452
302,302,"Agent 1",1,18759,18759,32768,17,"pk_gemm(__half const*, __half const*, __half*, int, int, int)",128,8704,0,208,0,128,"SQ_BUSY_CYCLES",19780902.000000,1937261319733,1937267965452
302,302,"Agent 1",1,18759,18759,32768,17,"pk_gemm(__half const*, __half const*, __half*, int, int, int)",128,8704,0,208,0,128,"SQ_INSTS_LDS",10485760.000000,1937261319733,1937267965452
302,302,"Agent 1",1,18759,18759,32768,17,"pk_gemm(__half const*, __half const*, __half*, int, int, int)",128,8704,0,208,0,128,"SQ_INSTS_VALU",149026816.000000,1937261319733,1937267965452
302,302,"Agent 1",1,18759,18759,32768,17,"pk_gemm(__half const*, __half const*, __half*, int, int, int)",128,8704,0,208,0,128,"SQ_WAIT_ANY",2523831114.000000,1937261319733,1937267965452
302,302,"Agent 1",1,18759,18759,32768,17,"pk_gemm(__half const*, __half const*, __half*, int, int, int)",128,8704,0,208,0,128,"SQ_WAVES",1024.000000,1937261319733,1937267965452
303,303,"Agent 1",1,18759,18759,32768,17,"pk_gemm(__half const*, __half const*, __half*, int, int, int)",128,8704,0,208,0,128,"GRBM_GUI_ACTIVE",9342010.000000,1937267997953,1937274238233
303,303,"Agent 1",1,18759,18759,32768,17,"pk_gemm(__half const*, __half const*, __half*, int, int, int)",128,8704,0,208,0,128,"SQ_BUSY_CYCLES",18665614.000000,1937267997953,1937274238233
303,303,"Agent 1",1,18759,18759,32768,17,"pk_gemm(__half const*, __half const*, __half*, int, int, int)",128,8704,0,208,0,128,"SQ_INSTS_LDS",10485760.000000,1937267997953,1937274238233
303,303,"Agent 1",1,18759,18759,32768,17,"pk_gemm(__half const*, __half const*, __half*, int, int, int)",128,8704,0,208,0,128,"SQ_INSTS_VALU",149026816.000000,1937267997953,1937274238233
303,303,"Agent 1",1,18759,18759,32768,17,"pk_gemm(__half const*, __half const*, __half*, int, int, int)",128,8704,0,208,0,128,"SQ_WAIT_ANY",2461099550.000000,1937267997953,1937274238233
303,303,"Agent 1",1,18759,18759,32768,17,"pk_gemm(__half const*, __half const*, __half*, int, int, int)",128,8704,0,208,0,128,"SQ_WAVES",1024.000000,1937267997953,1937274238233
304,304,"Agent 1",1,18759,18759,32768,17,"pk_gemm(__half const*, __half const*, __half*, int, int, int)",128,8704,0,208,0,128,"GRBM_GUI_ACTIVE",9659341.000000,1937274273059,1937280726097
304,304,"Agent 1",1,18759,18759,32768,17,"pk_gemm(__half const*, __half const*, __half*, int, int, int)",128,8704,0,208,0,128,"SQ_BUSY_CYCLES",19126965.000000,1937274273059,1937280726097
304,304,"Agent 1",1,18759,18759,32768,17,"pk_gemm(__half const*, __half const*, __half*, int, int, int)",128,8704,0,208,0,128,"SQ_INSTS_LDS",10485760.000000,1937274273059,1937280726097
304,304,"Agent 1",1,18759,18759,32768,17,"pk_gemm(__half const*, __half const*, __half*, int, int, int)",128,8704,0,208,0,128,"SQ_INSTS_VALU",149026816.000000,1937274273059,1937280726097
304,304,"Agent 1",1,18759,18759,32768,17,"pk_gemm(__half const*, __half const*, __half*, int, int, int)",128,8704,0,208,0,128,"SQ_WAIT_ANY",2607369052.000000,1937274273059,1937280726097
304,304,"Agent 1",1,18759,18759,32768,17,"pk_gemm(__half const*, __half const*, __half*, int, int, int)",128,8704,0,208,0,128,"SQ_WAVES",1024.000000,1937274273059,1937280726097
305,305,"Agent 1",1,18759,18759,32768,17,"pk_gemm(__half const*, __half const*, __half*, int, int, int)",128,8704,0,208,0,128,"GRBM_GUI_ACTIVE",9649095.000000,1937280760762,1937287210795
305,305,"Agent 1",1,18759,18759,32768,17,"pk_gemm(__half const*, __half const*, __half*, int, int, int)",128,8704,0,208,0,128,"SQ_BUSY_CYCLES",19162699.000000,1937280760762,1937287210795
305,305,"Agent 1",1,18759,18759,32768,17,"pk_gemm(__half const*, __half const*, __half*, int, int, int)",128,8704,0,208,0,128,"SQ_INSTS_LDS",10485760.000000,1937280760762,1937287210795
305,305,"Agent 1",1,18759,18759,32768,17,"pk_gemm(__half const*, __half const*, __half*, int, int, int)",128,8704,0,208,0,128,"SQ_INSTS_VALU",149026816.000000,1937280760762,1937287210795
305,305,"Agent 1",1,18759,18759,32768,17,"pk_gemm(__half const*, __half const*, __half*, int, int, int)",128,8704,0,208,0,128,"SQ_WAIT_ANY",2494357839.000000,1937280760762,1937287210795
305,305,"Agent 1",1,18759,18759,32768,17,"pk_gemm(__half const*, __half const*, __half*, int, int, int)",128,8704,0,208,0,128,"SQ_WAVES",1024.000000,1937280760762,1937287210795
306,306,"Agent 1",1,18759,18759,32768,17,"pk_gemm(__half const*, __half const*, __half*, int, int, int)",128,8704,0,208,0,128,"GRBM_GUI_ACTIVE",10740099.000000,1937287243055,1937294409709
306,306,"Agent 1",1,18759,18759,32768,17,"pk_gemm(__half const*, __half const*, __half*, int, int, int)",128,8704,0,208,0,128,"SQ_BUSY_CYCLES",21281865.000000,1937287243055,1937294409709
306,306,"Agent 1",1,18759,18759,32768,17,"pk_gemm(__half const*, __half const*, __half*, int, int, int)",128,8704,0,208,0,128,"SQ_INSTS_LDS",10485760.000000,1937287243055,1937294409709
306,306,"Agent 1",1,18759,18759,32768,17,"pk_gemm(__half const*, __half const*, __half*, int, int, int)",128,8704,0,208,0,128,"SQ_INSTS_VALU",149026816.000000,1937287243055,1937294409709
306,306,"Agent 1",1,18759,18759,32768,17,"pk_gemm(__half const*, __half const*, __half*, int, int, int)",128,8704,0,208,0,128,"SQ_WAIT_ANY",2691771937.000000,1937287243055,1937294409709
306,306,"Agent 1",1,18759,18759,32768,17,"pk_gemm(__half const*, __half const*, __half*, int, int, int)",128,8704,0,208,0,128,"SQ_WAVES",1024.000000,1937287243055,1937294409709
307,307,"Agent 1",1,18759,18759,32768,17,"pk_gemm(__half const*, __half const*, __half*, int, int, int)",128,8704,0,208,0,128,"GRBM_GUI_ACTIVE",9654380.000000,1937294442450,1937300896851
307,307,"Agent 1",1,18759,18759,32768,17,"pk_gemm(__half const*, __half const*, __half*, int, int, int)",128,8704,0,208,0,128,"SQ_BUSY_CYCLES",18968821.000000,1937294442450,1937300896851
307,307,"Agent 1",1,18759,18759,32768,17,"pk_gemm(__half const*, __half const*, __half*, int, int, int)",128,8704,0,208,0,128,"SQ_INSTS_LDS",10485760.000000,1937294442450,1937300896851
307,307,"Agent 1",1,18759,18759,32768,17,"pk_gemm(__half const*, __half const*, __half*, int, int, int)",128,8704,0,208,0,128,"SQ_INSTS_VALU",149026816.000000,1937294442450,1937300896851
307,307,"Agent 1",1,18759,18759,32768,17,"pk_gemm(__half const*, __half const*, __half*, int, int, int)",128,8704,0,208,0,128,"SQ_WAIT_ANY",2430509975.000000,1937294442450,1937300896851
307,307,"Agent 1",1,18759,18759,32768,17,"pk_gemm(__half const*, __half const*, __half*, int, int, int)",128,8704,0,208,0,128,"SQ_WAVES",1024.000000,1937294442450,1937300896851
308,308,"Agent 1",1,18759,18759,32768,17,"pk_gemm(__half const*, __half const*, __half*, int, int, int)",128,8704,0,208,0,128,"GRBM_GUI_ACTIVE",8939771.000000,1937300928894,1937306905601
308,308,"Agent 1",1,18759,18759,32768,17,"pk_gemm(__half const*, __half const*, __half*, int, int, int)",128,8704,0,208,0,128,"SQ_BUSY_CYCLES",17844951.000000,1937300928894,1937306905601
308,308,"Agent 1",1,18759,18759,32768,17,"pk_gemm(__half const*, __half const*, __half*, int, int, int)",128,8704,0,208,0,128,"SQ_INSTS_LDS",10485760.000000,1937300928894,1937306905601
308,308,"Agent 1",1,18759,18759,32768,17,"pk_gemm(__half const*, __half const*, __half*, int, int, int)",128,8704,0,208,0,128,"SQ_INSTS_VALU",149026816.000000,1937300928894,1937306905601
308,308,"Agent 1",1,18759,18759,32768,17,"pk_gemm(__half const*, __half const*, __half*, int, int, int)",128,8704,0,208,0,128,"SQ_WAIT_ANY",2415859561.000000,1937300928894,1937306905601
308,308,"Agent 1",1,18759,18759,32768,17,"pk_gemm(__half const*, __half const*, __half*, int, int, int)",128,8704,0,208,0,128,"SQ_WAVES",1024.000000,1937300928894,1937306905601
309,309,"Agent 1",1,18759,18759,32768,17,"pk_gemm(__half const*, __half const*, __half*, int, int, int)",128,8704,0,208,0,128,"GRBM_GUI_ACTIVE",9080572.000000,1937306939263,1937313010267
309,309,"Agent 1",1,18759,18759,32768,17,"pk_gemm(__half const*, __half const*, __half*, int, int, int)",128,8704,0,208,0,128,"SQ_BUSY_CYCLES",18033352.000000,1937306939263,1937313010267
309,309,"Agent 1",1,18759,18759,32768,17,"pk_gemm(__half const*, __half const*, __half*, int, int, int)",128,8704,0,208,0,128,"SQ_INSTS_LDS",10485760.000000,1937306939263,1937313010267
309,309,"Agent 1",1,18759,18759,32768,17,"pk_gemm(__half const*, __half const*, __half*, int, int, int)",128,8704,0,208,0,128,"SQ_INSTS_VALU",149026816.000000,1937306939263,1937313010267
309,309,"Agent 1",1,18759,18759,32768,17,"pk_gemm(__half const*, __half const*, __half*, int, int, int)",128,8704,0,208,0,128,"SQ_WAIT_ANY",2425171219.000000,1937306939263,1937313010267
309,309,"Agent 1",1,18759,18759,32768,17,"pk_gemm(__half const*, __half const*, __half*, int, int, int)",128,8704,0,208,0,128,"SQ_WAVES",1024.000000,1937306939263,1937313010267
310,310,"Agent 1",1,18759,18759,32768,17,"pk_gemm(__half const*, __half const*, __half*, int, int, int)",128,8704,0,208,0,128,"GRBM_GUI_ACTIVE",9433010.000000,1937313043409,1937319350294
310,310,"Agent 1",1,18759,18759,32768,17,"pk_gemm(__half const*, __half const*, __half*, int, int, int)",128,8704,0,208,0,128,"SQ_BUSY_CYCLES",18802476.000000,1937313043409,1937319350294
310,310,"Agent 1",1,18759,18759,32768,17,"pk_gemm(__half const*, __half const*, __half*, int, int, int)",128,8704,0,208,0,128,"SQ_INSTS_LDS",10485760.000000,1937313043409,1937319350294
310,310,"Agent 1",1,18759,18759,32768,17,"pk_gemm(__half const*, __half const*, __half*, int, int, int)",128,8704,0,208,0,128,"SQ_INSTS_VALU",149026816.000000,1937313043409,1937319350294
310,310,"Agent 1",1,18759,18759,32768,17,"pk_gemm(__half const*, __half const*, __half*, int, int, int)",128,8704,0,208,0,128,"SQ_WAIT_ANY",2444686606.000000,1937313043409,1937319350294
310,310,"Agent 1",1,18759,18759,32768,17,"pk_gemm(__half const*, __half const*, __half*, int, int, int)",128,8704,0,208,0,128,"SQ_WAVES",1024.000000,1937313043409,1937319350294
311,311,"Agent 1",1,18759,18759,32768,17,"pk_gemm(__half const*, __half const*, __half*, int, int, int)",128,8704,0,208,0,128,"GRBM_GUI_ACTIVE",9695868.000000,1937319383837,1937325860960
311,311,"Agent 1",1,18759,18759,32768,17,"pk_gemm(__half const*, __half const*, __half*, int, int, int)",128,8704,0,208,0,128,"SQ_BUSY_CYCLES",19080487.000000,1937319383837,1937325860960
311,311,"Agent 1",1,18759,18759,32768,17,"pk_gemm(__half const*, __half const*, __half*, int, int, int)",128,8704,0,208,0,128,"SQ_INSTS_LDS",10485760.000000,1937319383837,1937325860960
311,311,"Agent 1",1,18759,18759,32768,17,"pk_gemm(__half const*, __half const*, __half*, int, int, int)",128,8704,0,208,0,128,"SQ_INSTS_VALU",149026816.000000,1937319383837,1937325860960
311,311,"Agent 1",1,18759,18759,32768,17,"pk_gemm(__half const*, __half const*, __half*, int, int, int)",128,8704,0,208,0,128,"SQ_WAIT_ANY",2499251028.000000,1937319383837,1937325860960
311,311,"Agent 1",1,18759,18759,32768,17,"pk_gemm(__half const*, __half const*, __half*, int, int, int)",128,8704,0,208,0,128,"SQ_WAVES",1024.000000,1937319383837,1937325860960
312,312,"Agent 1",1,18759,18759,32768,17,"pk_gemm(__half const*, __half const*, __half*, int, int, int)",128,8704,0,208,0,128,"GRBM_GUI_ACTIVE",9765839.000000,1937325892620,1937332415589
312,312,"Agent 1",1,18759,18759,32768,17,"pk_gemm(__half const*, __half const*, __half*, int, int, int)",128,8704,0,208,0,128,"SQ_BUSY_CYCLES",19485415.000000,1937325892620,1937332415589
312,312,"Agent 1",1,18759,18759,32768,17,"pk_gemm(__half const*, __half const*, __half*, int, int, int)",128,8704,0,208,0,128,"SQ_INSTS_LDS",10485760.000000,1937325892620,1937332415589
312,312,"Agent 1",1,18759,18759,32768,17,"pk_gemm(__half const*, __half const*, __half*, int, int, int)",128,8704,0,208,0,128,"SQ_INSTS_VALU",149026816.000000,1937325892620,1937332415589
312,312,"Agent 1",1,18759,18759,32768,17,"pk_gemm(__half const*, __half const*, __half*, int, int, int)",128,8704,0,208,0,128,"SQ_WAIT_ANY",2566992188.000000,1937325892620,1937332415589
312,312,"Agent 1",1,18759,18759,32768,17,"pk_gemm(__half const*, __half const*, __half*, int, int, int)",128,8704,0,208,0,128,"SQ_WAVES",1024.000000,1937325892620,1937332415589
313,313,"Agent 1",1,18759,18759,32768,17,"pk_gemm(__half const*, __half const*, __half*, int, int, int)",128,8704,0,208,0,128,"GRBM_GUI_ACTIVE",9689928.000000,1937332447649,1937338919122
313,313,"Agent 1",1,18759,18759,32768,17,"pk_gemm(__half const*, __half const*, __half*, int, int, int)",128,8704,0,208,0,128,"SQ_BUSY_CYCLES",19292860.000000,1937332447649,1937338919122
313,313,"Agent 1",1,18759,18759,32768,17,"pk_gemm(__half const*, __half const*, __half*, int, int, int)",128,8704,0,208,0,128,"SQ_INSTS_LDS",10485760.000000,1937332447649,1937338919122
313,313,"Agent 1",1,18759,18759,32768,17,"pk_gemm(__half const*, __half const*, __half*, int, int, int)",128,8704,0,208,0,128,"SQ_INSTS_VALU",149026816.000000,1937332447649,1937338919122
313,313,"Agent 1",1,18759,18759,32768,17,"pk_gemm(__half const*, __half const*, __half*, int, int, int)",128,8704,0,208,0,128,"SQ_WAIT_ANY",2535550172.000000,1937332447649,1937338919122
313,313,"Agent 1",1,18759,18759,32768,17,"pk_gemm(__half const*, __half const*, __half*, int, int, int)",128,8704,0,208,0,128,"SQ_WAVES",1024.000000,1937332447649,1937338919122
314,314,"Agent 1",1,18759,18759,32768,17,"pk_gemm(__half const*, __half const*, __half*, int, int, int)",128,8704,0,208,0,128,"GRBM_GUI_ACTIVE",9857842.000000,1937338949299,1937345525328
314,314,"Agent 1",1,18759,18759,32768,17,"pk_gemm(__half const*, __half const*, __half*, int, int, int)",128,8704,0,208,0,128,"SQ_BUSY_CYCLES",19488020.000000,1937338949299,1937345525328
314,314,"Agent 1",1,18759,18759,32768,17,"pk_gemm(__half const*, __half const*, __half*, int, int, int)",128,8704,0,208,0,128,"SQ_INSTS_LDS",10485760.000000,1937338949299,1937345525328
314,314,"Agent 1",1,18759,18759,32768,17,"pk_gemm(__half const*, __half const*, __half*, int, int, int)",128,8704,0,208,0,128,"SQ_INSTS_VALU",149026816.000000,1937338949299,1937345525328
314,314,"Agent 1",1,18759,18759,32768,17,"pk_gemm(__half const*, __half const*, __half*, int, int, int)",128,8704,0,208,0,128,"SQ_WAIT_ANY",2512266551.000000,1937338949299,1937345525328
314,314,"Agent 1",1,18759,18759,32768,17,"pk_gemm(__half const*, __half const*, __half*, int, int, int)",128,8704,0,208,0,128,"SQ_WAVES",1024.000000,1937338949299,1937345525328
315,315,"Agent 1",1,18759,18759,32768,17,"pk_gemm(__half const*, __half const*, __half*, int, int, int)",128,8704,0,208,0,128,"GRBM_GUI_ACTIVE",9501169.000000,1937345557468,1937351905029
315,315,"Agent 1",1,18759,18759,32768,17,"pk_gemm(__half const*, __half const*, __half*, int, int, int)",128,8704,0,208,0,128,"SQ_BUSY_CYCLES",18975836.000000,1937345557468,1937351905029
315,315,"Agent 1",1,18759,18759,32768,17,"pk_gemm(__half const*, __half const*, __half*, int, int, int)",128,8704,0,208,0,128,"SQ_INSTS_LDS",10485760.000000,1937345557468,1937351905029
315,315,"Agent 1",1,18759,18759,32768,17,"pk_gemm(__half const*, __half const*, __half*, int, int, int)",128,8704,0,208,0,128,"SQ_INSTS_VALU",149026816.000000,1937345557468,1937351905029
315,315,"Agent 1",1,18759,18759,32768,17,"pk_gemm(__half const*, __half const*, __half*, int, int, int)",128,8704,0,208,0,128,"SQ_WAIT_ANY",2466720304.000000,1937345557468,1937351905029
315,315,"Agent 1",1,18759,18759,32768,17,"pk_gemm(__half const*, __half const*, __half*, int, int, int)",128,8704,0,208,0,128,"SQ_WAVES",1024.000000,1937345557468,1937351905029
316,316,"Agent 1",1,18759,18759,32768,17,"pk_gemm(__half const*, __half const*, __half*, int, int, int)",128,8704,0,208,0,128,"GRBM_GUI_ACTIVE",9343383.000000,1937351937450,1937358183661
316,316,"Agent 1",1,18759,18759,32768,17,"pk_gemm(__half const*, __half const*, __half*, int, int, int)",128,8704,0,208,0,128,"SQ_BUSY_CYCLES",18505131.000000,1937351937450,1937358183661
316,316,"Agent 1",1,18759,18759,32768,17,"pk_gemm(__half const*, __half const*, __half*, int, int, int)",128,8704,0,208,0,128,"SQ_INSTS_LDS",10485760.000000,1937351937450,1937358183661
316,316,"Agent 1",1,18759,18759,32768,17,"pk_gemm(__half const*, __half const*, __half*, int, int, int)",128,8704,0,208,0,128,"SQ_INSTS_VALU",149026816.000000,1937351937450,1937358183661
316,316,"Agent 1",1,18759,18759,32768,17,"pk_gemm(__half const*, __half const*, __half*, int, int, int)",128,8704,0,208,0,128,"SQ_WAIT_ANY",2345811550.000000,1937351937450,1937358183661
316,316,"Agent 1",1,18759,18759,32768,17,"pk_gemm(__half const*, __half const*, __half*, int, int, int)",128,8704,0,208,0,128,"SQ_WAVES",1024.000000,1937351937450,1937358183661
317,317,"Agent 1",1,18759,18759,32768,17,"pk_gemm(__half const*, __half const*, __half*, int, int, int)",128,8704,0,208,0,128,"GRBM_GUI_ACTIVE",8814277.000000,1937358215441,1937364103381
317,317,"Agent 1",1,18759,18759,32768,17,"pk_gemm(__half const*, __half const*, __half*, int, int, int)",128,8704,0,208,0,128,"SQ_BUSY_CYCLES",17519384.000000,1937358215441,1937364103381
317,317,"Agent 1",1,18759,18759,32768,17,"pk_gemm(__half const*, __half const*, __half*, int, int, int)",128,8704,0,208,0,128,"SQ_INSTS_LDS",10485760.000000,1937358215441,1937364103381
317,317,"Agent 1",1,18759,18759,32768,17,"pk_gemm(__half const*, __half const*, __half*, int, int, int)",128,8704,0,208,0,128,"SQ_INSTS_VALU",149026816.000000,1937358215441,1937364103381
317,317,"Agent 1",1,18759,18759,32768,17,"pk_gemm(__half const*, __half const*, __half*, int, int, int)",128,8704,0,208,0,128,"SQ_WAIT_ANY",2244023536.000000,1937358215441,1937364103381
317,317,"Agent 1",1,18759,18759,32768,17,"pk_gemm(__half const*, __half const*, __half*, int, int, int)",128,8704,0,208,0,128,"SQ_WAVES",1024.000000,1937358215441,1937364103381
318,318,"Agent 1",1,18759,18759,32768,17,"pk_gemm(__half const*, __half const*, __half*, int, int, int)",128,8704,0,208,0,128,"GRBM_GUI_ACTIVE",9657508.000000,1937364136316,1937370590397
318,318,"Agent 1",1,18759,18759,32768,17,"pk_gemm(__half const*, __half const*, __half*, int, int, int)",128,8704,0,208,0,128,"SQ_BUSY_CYCLES",19191252.000000,1937364136316,1937370590397
318,318,"Agent 1",1,18759,18759,32768,17,"pk_gemm(__half const*, __half const*, __half*, int, int, int)",128,8704,0,208,0,128,"SQ_INSTS_LDS",10485760.000000,1937364136316,1937370590397
318,318,"Agent 1",1,18759,18759,32768,17,"pk_gemm(__half const*, __half const*, __half*, int, int, int)",128,8704,0,208,0,128,"SQ_INSTS_VALU",149026816.000000,1937364136316,1937370590397
318,318,"Agent 1",1,18759,18759,32768,17,"pk_gemm(__half const*, __half const*, __half*, int, int, int)",128,8704,0,208,0,128,"SQ_WAIT_ANY",2506572000.000000,1937364136316,1937370590397
318,318,"Agent 1",1,18759,18759,32768,17,"pk_gemm(__half const*, __half const*, __half*, int, int, int)",128,8704,0,208,0,128,"SQ_WAVES",1024.000000,1937364136316,1937370590397
319,319,"Agent 1",1,18759,18759,32768,17,"pk_gemm(__half const*, __half const*, __half*, int, int, int)",128,8704,0,208,0,128,"GRBM_GUI_ACTIVE",9737103.000000,1937370624539,1937377122663
319,319,"Agent 1",1,18759,18759,32768,17,"pk_gemm(__half const*, __half const*, __half*, int, int, int)",128,8704,0,208,0,128,"SQ_BUSY_CYCLES",19458173.000000,1937370624539,1937377122663
319,319,"Agent 1",1,18759,18759,32768,17,"pk_gemm(__half const*, __half const*, __half*, int, int, int)",128,8704,0,208,0,128,"SQ_INSTS_LDS",10485760.000000,1937370624539,1937377122663
319,319,"Agent 1",1,18759,18759,32768,17,"pk_gemm(__half const*, __half const*, __half*, int, int, int)",128,8704,0,208,0,128,"SQ_INSTS_VALU",149026816.000000,1937370624539,1937377122663
319,319,"Agent 1",1,18759,18759,32768,17,"pk_gemm(__half const*, __half const*, __half*, int, int, int)",128,8704,0,208,0,128,"SQ_WAIT_ANY",2626894790.000000,1937370624539,1937377122663
319,319,"Agent 1",1,18759,18759,32768,17,"pk_gemm(__half const*, __half const*, __half*, int, int, int)",128,8704,0,208,0,128,"SQ_WAVES",1024.000000,1937370624539,1937377122663
320,320,"Agent 1",1,18759,18759,32768,17,"pk_gemm(__half const*, __half const*, __half*, int, int, int)",128,8704,0,208,0,128,"GRBM_GUI_ACTIVE",10181943.000000,1937377154482,1937383955693
320,320,"Agent 1",1,18759,18759,32768,17,"pk_gemm(__half const*, __half const*, __half*, int, int, int)",128,8704,0,208,0,128,"SQ_BUSY_CYCLES",19961098.000000,1937377154482,1937383955693
320,320,"Agent 1",1,18759,18759,32768,17,"pk_gemm(__half const*, __half const*, __half*, int, int, int)",128,8704,0,208,0,128,"SQ_INSTS_LDS",10485760.000000,1937377154482,1937383955693
320,320,"Agent 1",1,18759,18759,32768,17,"pk_gemm(__half const*, __half const*, __half*, int, int, int)",128,8704,0,208,0,128,"SQ_INSTS_VALU",149026816.000000,1937377154482,1937383955693
320,320,"Agent 1",1,18759,18759,32768,17,"pk_gemm(__half const*, __half const*, __half*, int, int, int)",128,8704,0,208,0,128,"SQ_WAIT_ANY",2610200427.000000,1937377154482,1937383955693
320,320,"Agent 1",1,18759,18759,32768,17,"pk_gemm(__half const*, __half const*, __half*, int, int, int)",128,8704,0,208,0,128,"SQ_WAVES",1024.000000,1937377154482,1937383955693
321,321,"Agent 1",1,18759,18759,32768,17,"pk_gemm(__half const*, __half const*, __half*, int, int, int)",128,8704,0,208,0,128,"GRBM_GUI_ACTIVE",9761368.000000,1937383986791,1937390504992
321,321,"Agent 1",1,18759,18759,32768,17,"pk_gemm(__half const*, __half const*, __half*, int, int, int)",128,8704,0,208,0,128,"SQ_BUSY_CYCLES",19376921.000000,1937383986791,1937390504992
321,321,"Agent 1",1,18759,18759,32768,17,"pk_gemm(__half const*, __half const*, __half*, int, int, int)",128,8704,0,208,0,128,"SQ_INSTS_LDS",10485760.000000,1937383986791,1937390504992
321,321,"Agent 1",1,18759,18759,32768,17,"pk_gemm(__half const*, __half const*, __half*, int, int, int)",128,8704,0,208,0,128,"SQ_INSTS_VALU",149026816.000000,1937383986791,1937390504992
321,321,"Agent 1",1,18759,18759,32768,17,"pk_gemm(__half const*, __half const*, __half*, int, int, int)",128,8704,0,208,0,128,"SQ_WAIT_ANY",2602924889.000000,1937383986791,1937390504992
321,321,"Agent 1",1,18759,18759,32768,17,"pk_gemm(__half const*, __half const*, __half*, int, int, int)",128,8704,0,208,0,128,"SQ_WAVES",1024.000000,1937383986791,1937390504992
322,322,"Agent 1",1,18759,18759,32768,17,"pk_gemm(__half const*, __half const*, __half*, int, int, int)",128,8704,0,208,0,128,"GRBM_GUI_ACTIVE",9875181.000000,1937390535329,1937397126586
322,322,"Agent 1",1,18759,18759,32768,17,"pk_gemm(__half const*, __half const*, __half*, int, int, int)",128,8704,0,208,0,128,"SQ_BUSY_CYCLES",19623172.000000,1937390535329,1937397126586
322,322,"Agent 1",1,18759,18759,32768,17,"pk_gemm(__half const*, __half const*, __half*, int, int, int)",128,8704,0,208,0,128,"SQ_INSTS_LDS",10485760.000000,1937390535329,1937397126586
322,322,"Agent 1",1,18759,18759,32768,17,"pk_gemm(__half const*, __half const*, __half*, int, int, int)",128,8704,0,208,0,128,"SQ_INSTS_VALU",149026816.000000,1937390535329,1937397126586
322,322,"Agent 1",1,18759,18759,32768,17,"pk_gemm(__half const*, __half const*, __half*, int, int, int)",128,8704,0,208,0,128,"SQ_WAIT_ANY",2555742680.000000,1937390535329,1937397126586
322,322,"Agent 1",1,18759,18759,32768,17,"pk_gemm(__half const*, __half const*, __half*, int, int, int)",128,8704,0,208,0,128,"SQ_WAVES",1024.000000,1937390535329,1937397126586
323,323,"Agent 1",1,18759,18759,32768,17,"pk_gemm(__half const*, __half const*, __half*, int, int, int)",128,8704,0,208,0,128,"GRBM_GUI_ACTIVE",9737437.000000,1937397157444,1937403666307
323,323,"Agent 1",1,18759,18759,32768,17,"pk_gemm(__half const*, __half const*, __half*, int, int, int)",128,8704,0,208,0,128,"SQ_BUSY_CYCLES",19294683.000000,1937397157444,1937403666307
323,323,"Agent 1",1,18759,18759,32768,17,"pk_gemm(__half const*, __half const*, __half*, int, int, int)",128,8704,0,208,0,128,"SQ_INSTS_LDS",10485760.000000,1937397157444,1937403666307
323,323,"Agent 1",1,18759,18759,32768,17,"pk_gemm(__half const*, __half const*, __half*, int, int, int)",128,8704,0,208,0,128,"SQ_INSTS_VALU",149026816.000000,1937397157444,1937403666307
323,323,"Agent 1",1,18759,18759,32768,17,"pk_gemm(__half const*, __half const*, __half*, int, int, int)",128,8704,0,208,0,128,"SQ_WAIT_ANY",2449789847.000000,1937397157444,1937403666307
323,323,"Agent 1",1,18759,18759,32768,17,"pk_gemm(__half const*, __half const*, __half*, int, int, int)",128,8704,0,208,0,128,"SQ_WAVES",1024.000000,1937397157444,1937403666307
324,324,"Agent 1",1,18759,18759,32768,17,"pk_gemm(__half const*, __half const*, __half*, int, int, int)",128,8704,0,208,0,128,"GRBM_GUI_ACTIVE",10095338.000000,1937403696604,1937410435177
324,324,"Agent 1",1,18759,18759,32768,17,"pk_gemm(__half const*, __half const*, __half*, int, int, int)",128,8704,0,208,0,128,"SQ_BUSY_CYCLES",20030684.000000,1937403696604,1937410435177
324,324,"Agent 1",1,18759,18759,32768,17,"pk_gemm(__half const*, __half const*, __half*, int, int, int)",128,8704,0,208,0,128,"SQ_INSTS_LDS",10485760.000000,1937403696604,1937410435177
324,324,"Agent 1",1,18759,18759,32768,17,"pk_gemm(__half const*, __half const*, __half*, int, int, int)",128,8704,0,208,0,128,"SQ_INSTS_VALU",149026816.000000,1937403696604,1937410435177
324,324,"Agent 1",1,18759,18759,32768,17,"pk_gemm(__half const*, __half const*, __half*, int, int, int)",128,8704,0,208,0,128,"SQ_WAIT_ANY",2684168365.000000,1937403696604,1937410435177
324,324,"Agent 1",1,18759,18759,32768,17,"pk_gemm(__half const*, __half const*, __half*, int, int, int)",128,8704,0,208,0,128,"SQ_WAVES",1024.000000,1937403696604,1937410435177
325,325,"Agent 1",1,18759,18759,32768,17,"pk_gemm(__half const*, __half const*, __half*, int, int, int)",128,8704,0,208,0,128,"GRBM_GUI_ACTIVE",9770230.000000,1937410466316,1937416995697
325,325,"Agent 1",1,18759,18759,32768,17,"pk_gemm(__half const*, __half const*, __half*, int, int, int)",128,8704,0,208,0,128,"SQ_BUSY_CYCLES",19487187.000000,1937410466316,1937416995697
325,325,"Agent 1",1,18759,18759,32768,17,"pk_gemm(__half const*, __half const*, __half*, int, int, int)",128,8704,0,208,0,128,"SQ_INSTS_LDS",10485760.000000,1937410466316,1937416995697
325,325,"Agent 1",1,18759,18759,32768,17,"pk_gemm(__half const*, __half const*, __half*, int, int, int)",128,8704,0,208,0,128,"SQ_INSTS_VALU",149026816.000000,1937410466316,1937416995697
325,325,"Agent 1",1,18759,18759,32768,17,"pk_gemm(__half const*, __half const*, __half*, int, int, int)",128,8704,0,208,0,128,"SQ_WAIT_ANY",2525289274.000000,1937410466316,1937416995697
325,325,"Agent 1",1,18759,18759,32768,17,"pk_gemm(__half const*, __half const*, __half*, int, int, int)",128,8704,0,208,0,128,"SQ_WAVES",1024.000000,1937410466316,1937416995697
326,326,"Agent 1",1,18759,18759,32768,17,"pk_gemm(__half const*, __half const*, __half*, int, int, int)",128,8704,0,208,0,128,"GRBM_GUI_ACTIVE",9537301.000000,1937417056692,1937423433788
326,326,"Agent 1",1,18759,18759,32768,17,"pk_gemm(__half const*, __half const*, __half*, int, int, int)",128,8704,0,208,0,128,"SQ_BUSY_CYCLES",19007157.000000,1937417056692,1937423433788
326,326,"Agent 1",1,18759,18759,32768,17,"pk_gemm(__half const*, __half const*, __half*, int, int, int)",128,8704,0,208,0,128,"SQ_INSTS_LDS",10485760.000000,1937417056692,1937423433788
326,326,"Agent 1",1,18759,18759,32768,17,"pk_gemm(__half const*, __half const*, __half*, int, int, int)",128,8704,0,208,0,128,"SQ_INSTS_VALU",149026816.000000,1937417056692,1937423433788
326,326,"Agent 1",1,18759,18759,32768,17,"pk_gemm(__half const*, __half const*, __half*, int, int, int)",128,8704,0,208,0,128,"SQ_WAIT_ANY",2395006791.000000,1937417056692,1937423433788
326,326,"Agent 1",1,18759,18759,32768,17,"pk_gemm(__half const*, __half const*, __half*, int, int, int)",128,8704,0,208,0,128,"SQ_WAVES",1024.000000,1937417056692,1937423433788
327,327,"Agent 1",1,18759,18759,32768,17,"pk_gemm(__half const*, __half const*, __half*, int, int, int)",128,8704,0,208,0,128,"GRBM_GUI_ACTIVE",9720734.000000,1937423469495,1937429966697
327,327,"Agent 1",1,18759,18759,32768,17,"pk_gemm(__half const*, __half const*, __half*, int, int, int)",128,8704,0,208,0,128,"SQ_BUSY_CYCLES",19402159.000000,1937423469495,1937429966697
327,327,"Agent 1",1,18759,18759,32768,17,"pk_gemm(__half const*, __half const*, __half*, int, int, int)",128,8704,0,208,0,128,"SQ_INSTS_LDS",10485760.000000,1937423469495,1937429966697
327,327,"Agent 1",1,18759,18759,32768,17,"pk_gemm(__half const*, __half const*, __half*, int, int, int)",128,8704,0,208,0,128,"SQ_INSTS_VALU",149026816.000000,1937423469495,1937429966697
327,327,"Agent 1",1,18759,18759,32768,17,"pk_gemm(__half const*, __half const*, __half*, int, int, int)",128,8704,0,208,0,128,"SQ_WAIT_ANY",2523629470.000000,1937423469495,1937429966697
327,327,"Agent 1",1,18759,18759,32768,17,"pk_gemm(__half const*, __half const*, __half*, int, int, int)",128,8704,0,208,0,128,"SQ_WAVES",1024.000000,1937423469495,1937429966697
328,328,"Agent 1",1,18759,18759,32768,17,"pk_gemm(__half const*, __half const*, __half*, int, int, int)",128,8704,0,208,0,128,"GRBM_GUI_ACTIVE",9633810.000000,1937430001741,1937436441756
328,328,"Agent 1",1,18759,18759,32768,17,"pk_gemm(__half const*, __half const*, __half*, int, int, int)",128,8704,0,208,0,128,"SQ_BUSY_CYCLES",19240708.000000,1937430001741,1937436441756
328,328,"Agent 1",1,18759,18759,32768,17,"pk_gemm(__half const*, __half const*, __half*, int, int, int)",128,8704,0,208,0,128,"SQ_INSTS_LDS",10485760.000000,1937430001741,1937436441756
328,328,"Agent 1",1,18759,18759,32768,17,"pk_gemm(__half const*, __half const*, __half*, int, int, int)",128,8704,0,208,0,128,"SQ_INSTS_VALU",149026816.000000,1937430001741,1937436441756
328,328,"Agent 1",1,18759,18759,32768,17,"pk_gemm(__half const*, __half const*, __half*, int, int, int)",128,8704,0,208,0,128,"SQ_WAIT_ANY",2460229070.000000,1937430001741,1937436441756
328,328,"Agent 1",1,18759,18759,32768,17,"pk_gemm(__half const*, __half const*, __half*, int, int, int)",128,8704,0,208,0,128,"SQ_WAVES",1024.000000,1937430001741,1937436441756
329,329,"Agent 1",1,18759,18759,32768,17,"pk_gemm(__half const*, __half const*, __half*, int, int, int)",128,8704,0,208,0,128,"GRBM_GUI_ACTIVE",9237411.000000,1937436481269,1937442657109
329,329,"Agent 1",1,18759,18759,32768,17,"pk_gemm(__half const*, __half const*, __half*, int, int, int)",128,8704,0,208,0,128,"SQ_BUSY_CYCLES",18449444.000000,1937436481269,1937442657109
329,329,"Agent 1",1,18759,18759,32768,17,"pk_gemm(__half const*, __half const*, __half*, int, int, int)",128,8704,0,208,0,128,"SQ_INSTS_LDS",10485760.000000,1937436481269,1937442657109
329,329,"Agent 1",1,18759,18759,32768,17,"pk_gemm(__half const*, __half const*, __half*, int, int, int)",128,8704,0,208,0,128,"SQ_INSTS_VALU",149026816.000000,1937436481269,1937442657109
329,329,"Agent 1",1,18759,18759,32768,17,"pk_gemm(__half const*, __half const*, __half*, int, int, int)",128,8704,0,208,0,128,"SQ_WAIT_ANY",2356032801.000000,1937436481269,1937442657109
329,329,"Agent 1",1,18759,18759,32768,17,"pk_gemm(__half const*, __half const*, __half*, int, int, int)",128,8704,0,208,0,128,"SQ_WAVES",1024.000000,1937436481269,1937442657109
330,330,"Agent 1",1,18759,18759,32768,17,"pk_gemm(__half const*, __half const*, __half*, int, int, int)",128,8704,0,208,0,128,"GRBM_GUI_ACTIVE",9338079.000000,1937442690171,1937448930612
330,330,"Agent 1",1,18759,18759,32768,17,"pk_gemm(__half const*, __half const*, __half*, int, int, int)",128,8704,0,208,0,128,"SQ_BUSY_CYCLES",18318655.000000,1937442690171,1937448930612
330,330,"Agent 1",1,18759,18759,32768,17,"pk_gemm(__half const*, __half const*, __half*, int, int, int)",128,8704,0,208,0,128,"SQ_INSTS_LDS",10485760.000000,1937442690171,1937448930612
330,330,"Agent 1",1,18759,18759,32768,17,"pk_gemm(__half const*, __half const*, __half*, int, int, int)",128,8704,0,208,0,128,"SQ_INSTS_VALU",149026816.000000,1937442690171,1937448930612
330,330,"Agent 1",1,18759,18759,32768,17,"pk_gemm(__half const*, __half const*, __half*, int, int, int)",128,8704,0,208,0,128,"SQ_WAIT_ANY",2358886510.000000,1937442690171,1937448930612
330,330,"Agent 1",1,18759,18759,32768,17,"pk_gemm(__half const*, __half const*, __half*, int, int, int)",128,8704,0,208,0,128,"SQ_WAVES",1024.000000,1937442690171,1937448930612
331,331,"Agent 1",1,18759,18759,32768,17,"pk_gemm(__half const*, __half const*, __half*, int, int, int)",128,8704,0,208,0,128,"GRBM_GUI_ACTIVE",9722565.000000,1937448962792,1937455464202
331,331,"Agent 1",1,18759,18759,32768,17,"pk_gemm(__half const*, __half const*, __half*, int, int, int)",128,8704,0,208,0,128,"SQ_BUSY_CYCLES",19402847.000000,1937448962792,1937455464202
331,331,"Agent 1",1,18759,18759,32768,17,"pk_gemm(__half const*, __half const*, __half*, int, int, int)",128,8704,0,208,0,128,"SQ_INSTS_LDS",10485760.000000,1937448962792,1937455464202
331,331,"Agent 1",1,18759,18759,32768,17,"pk_gemm(__half const*, __half const*, __half*, int, int, int)",128,8704,0,208,0,128,"SQ_INSTS_VALU",149026816.000000,1937448962792,1937455464202
331,331,"Agent 1",1,18759,18759,32768,17,"pk_gemm(__half const*, __half const*, __half*, int, int, int)",128,8704,0,208,0,128,"SQ_WAIT_ANY",2423006838.000000,1937448962792,1937455464202
331,331,"Agent 1",1,18759,18759,32768,17,"pk_gemm(__half const*, __half const*, __half*, int, int, int)",128,8704,0,208,0,128,"SQ_WAVES",1024.000000,1937448962792,1937455464202
332,332,"Agent 1",1,18759,18759,32768,17,"pk_gemm(__half const*, __half const*, __half*, int, int, int)",128,8704,0,208,0,128,"GRBM_GUI_ACTIVE",10295970.000000,1937455498025,1937462370609
332,332,"Agent 1",1,18759,18759,32768,17,"pk_gemm(__half const*, __half const*, __half*, int, int, int)",128,8704,0,208,0,128,"SQ_BUSY_CYCLES",20484152.000000,1937455498025,1937462370609
332,332,"Agent 1",1,18759,18759,32768,17,"pk_gemm(__half const*, __half const*, __half*, int, int, int)",128,8704,0,208,0,128,"SQ_INSTS_LDS",10485760.000000,1937455498025,1937462370609
332,332,"Agent 1",1,18759,18759,32768,17,"pk_gemm(__half const*, __half const*, __half*, int, int, int)",128,8704,0,208,0,128,"SQ_INSTS_VALU",149026816.000000,1937455498025,1937462370609
332,332,"Agent 1",1,18759,18759,32768,17,"pk_gemm(__half const*, __half const*, __half*, int, int, int)",128,8704,0,208,0,128,"SQ_WAIT_ANY",2819080736.000000,1937455498025,1937462370609
332,332,"Agent 1",1,18759,18759,32768,17,"pk_gemm(__half const*, __half const*, __half*, int, int, int)",128,8704,0,208,0,128,"SQ_WAVES",1024.000000,1937455498025,1937462370609
333,333,"Agent 1",1,18759,18759,32768,17,"pk_gemm(__half const*, __half const*, __half*, int, int, int)",128,8704,0,208,0,128,"GRBM_GUI_ACTIVE",10043719.000000,1937462403230,1937469115314
333,333,"Agent 1",1,18759,18759,32768,17,"pk_gemm(__half const*, __half const*, __half*, int, int, int)",128,8704,0,208,0,128,"SQ_BUSY_CYCLES",19922131.000000,1937462403230,1937469115314
333,333,"Agent 1",1,18759,18759,32768,17,"pk_gemm(__half const*, __half const*, __half*, int, int, int)",128,8704,0,208,0,128,"SQ_INSTS_LDS",10485760.000000,1937462403230,1937469115314
333,333,"Agent 1",1,18759,18759,32768,17,"pk_gemm(__half const*, __half const*, __half*, int, int, int)",128,8704,0,208,0,128,"SQ_INSTS_VALU",149026816.000000,1937462403230,1937469115314
333,333,"Agent 1",1,18759,18759,32768,17,"pk_gemm(__half const*, __half const*, __half*, int, int, int)",128,8704,0,208,0,128,"SQ_WAIT_ANY",2561026114.000000,1937462403230,1937469115314
333,333,"Agent 1",1,18759,18759,32768,17,"pk_gemm(__half const*, __half const*, __half*, int, int, int)",128,8704,0,208,0,128,"SQ_WAVES",1024.000000,1937462403230,1937469115314
334,334,"Agent 1",1,18759,18759,32768,17,"pk_gemm(__half const*, __half const*, __half*, int, int, int)",128,8704,0,208,0,128,"GRBM_GUI_ACTIVE",10045565.000000,1937469149859,1937475861101
334,334,"Agent 1",1,18759,18759,32768,17,"pk_gemm(__half const*, __half const*, __half*, int, int, int)",128,8704,0,208,0,128,"SQ_BUSY_CYCLES",20005226.000000,1937469149859,1937475861101
334,334,"Agent 1",1,18759,18759,32768,17,"pk_gemm(__half const*, __half const*, __half*, int, int, int)",128,8704,0,208,0,128,"SQ_INSTS_LDS",10485760.000000,1937469149859,1937475861101
334,334,"Agent 1",1,18759,18759,32768,17,"pk_gemm(__half const*, __half const*, __half*, int, int, int)",128,8704,0,208,0,128,"SQ_INSTS_VALU",149026816.000000,1937469149859,1937475861101
334,334,"Agent 1",1,18759,18759,32768,17,"pk_gemm(__half const*, __half const*, __half*, int, int, int)",128,8704,0,208,0,128,"SQ_WAIT_ANY",2575306648.000000,1937469149859,1937475861101
334,334,"Agent 1",1,18759,18759,32768,17,"pk_gemm(__half const*, __half const*, __half*, int, int, int)",128,8704,0,208,0,128,"SQ_WAVES",1024.000000,1937469149859,1937475861101
335,335,"Agent 1",1,18759,18759,32768,17,"pk_gemm(__half const*, __half const*, __half*, int, int, int)",128,8704,0,208,0,128,"GRBM_GUI_ACTIVE",10354718.000000,1937475893762,1937482807904
335,335,"Agent 1",1,18759,18759,32768,17,"pk_gemm(__half const*, __half const*, __half*, int, int, int)",128,8704,0,208,0,128,"SQ_BUSY_CYCLES",20581650.000000,1937475893762,1937482807904
335,335,"Agent 1",1,18759,18759,32768,17,"pk_gemm(__half const*, __half const*, __half*, int, int, int)",128,8704,0,208,0,128,"SQ_INSTS_LDS",10485760.000000,1937475893762,1937482807904
335,335,"Agent 1",1,18759,18759,32768,17,"pk_gemm(__half const*, __half const*, __half*, int, int, int)",128,8704,0,208,0,128,"SQ_INSTS_VALU",149026816.000000,1937475893762,1937482807904
335,335,"Agent 1",1,18759,18759,32768,17,"pk_gemm(__half const*, __half const*, __half*, int, int, int)",128,8704,0,208,0,128,"SQ_WAIT_ANY",2849456507.000000,1937475893762,1937482807904
335,335,"Agent 1",1,18759,18759,32768,17,"pk_gemm(__half const*, __half const*, __half*, int, int, int)",128,8704,0,208,0,128,"SQ_WAVES",1024.000000,1937475893762,1937482807904
336,336,"Agent 1",1,18759,18759,32768,17,"pk_gemm(__half const*, __half const*, __half*, int, int, int)",128,8704,0,208,0,128,"GRBM_GUI_ACTIVE",9865303.000000,1937482840646,1937489435710
336,336,"Agent 1",1,18759,18759,32768,17,"pk_gemm(__half const*, __half const*, __half*, int, int, int)",128,8704,0,208,0,128,"SQ_BUSY_CYCLES",19226929.000000,1937482840646,1937489435710
336,336,"Agent 1",1,18759,18759,32768,17,"pk_gemm(__half const*, __half const*, __half*, int, int, int)",128,8704,0,208,0,128,"SQ_INSTS_LDS",10485760.000000,1937482840646,1937489435710
336,336,"Agent 1",1,18759,18759,32768,17,"pk_gemm(__half const*, __half const*, __half*, int, int, int)",128,8704,0,208,0,128,"SQ_INSTS_VALU",149026816.000000,1937482840646,1937489435710
336,336,"Agent 1",1,18759,18759,32768,17,"pk_gemm(__half const*, __half const*, __half*, int, int, int)",128,8704,0,208,0,128,"SQ_WAIT_ANY",2528123509.000000,1937482840646,1937489435710
336,336,"Agent 1",1,18759,18759,32768,17,"pk_gemm(__half const*, __half const*, __half*, int, int, int)",128,8704,0,208,0,128,"SQ_WAVES",1024.000000,1937482840646,1937489435710
337,337,"Agent 1",1,18759,18759,32768,17,"pk_gemm(__half const*, __half const*, __half*, int, int, int)",128,8704,0,208,0,128,"GRBM_GUI_ACTIVE",9522427.000000,1937489467450,1937495827515
337,337,"Agent 1",1,18759,18759,32768,17,"pk_gemm(__half const*, __half const*, __half*, int, int, int)",128,8704,0,208,0,128,"SQ_BUSY_CYCLES",18726543.000000,1937489467450,1937495827515
337,337,"Agent 1",1,18759,18759,32768,17,"pk_gemm(__half const*, __half const*, __half*, int, int, int)",128,8704,0,208,0,128,"SQ_INSTS_LDS",10485760.000000,1937489467450,1937495827515
337,337,"Agent 1",1,18759,18759,32768,17,"pk_gemm(__half const*, __half const*, __half*, int, int, int)",128,8704,0,208,0,128,"SQ_INSTS_VALU",149026816.000000,1937489467450,1937495827515
337,337,"Agent 1",1,18759,18759,32768,17,"pk_gemm(__half const*, __half const*, __half*, int, int, int)",128,8704,0,208,0,128,"SQ_WAIT_ANY",2493144524.000000,1937489467450,1937495827515
337,337,"Agent 1",1,18759,18759,32768,17,"pk_gemm(__half const*, __half const*, __half*, int, int, int)",128,8704,0,208,0,128,"SQ_WAVES",1024.000000,1937489467450,1937495827515
338,338,"Agent 1",1,18759,18759,32768,17,"pk_gemm(__half const*, __half const*, __half*, int, int, int)",128,8704,0,208,0,128,"GRBM_GUI_ACTIVE",9515037.000000,1937495860619,1937502217597
338,338,"Agent 1",1,18759,18759,32768,17,"pk_gemm(__half const*, __half const*, __half*, int, int, int)",128,8704,0,208,0,128,"SQ_BUSY_CYCLES",18777329.000000,1937495860619,1937502217597
338,338,"Agent 1",1,18759,18759,32768,17,"pk_gemm(__half const*, __half const*, __half*, int, int, int)",128,8704,0,208,0,128,"SQ_INSTS_LDS",10485760.000000,1937495860619,1937502217597
338,338,"Agent 1",1,18759,18759,32768,17,"pk_gemm(__half const*, __half const*, __half*, int, int, int)",128,8704,0,208,0,128,"SQ_INSTS_VALU",149026816.000000,1937495860619,1937502217597
338,338,"Agent 1",1,18759,18759,32768,17,"pk_gemm(__half const*, __half const*, __half*, int, int, int)",128,8704,0,208,0,128,"SQ_WAIT_ANY",2462385635.000000,1937495860619,1937502217597
338,338,"Agent 1",1,18759,18759,32768,17,"pk_gemm(__half const*, __half const*, __half*, int, int, int)",128,8704,0,208,0,128,"SQ_WAVES",1024.000000,1937495860619,1937502217597
339,339,"Agent 1",1,18759,18759,32768,17,"pk_gemm(__half const*, __half const*, __half*, int, int, int)",128,8704,0,208,0,128,"GRBM_GUI_ACTIVE",8802703.000000,1937502252101,1937508124052
339,339,"Agent 1",1,18759,18759,32768,17,"pk_gemm(__half const*, __half const*, __half*, int, int, int)",128,8704,0,208,0,128,"SQ_BUSY_CYCLES",17525484.000000,1937502252101,1937508124052
339,339,"Agent 1",1,18759,18759,32768,17,"pk_gemm(__half const*, __half const*, __half*, int, int, int)",128,8704,0,208,0,128,"SQ_INSTS_LDS",10485760.000000,1937502252101,1937508124052
339,339,"Agent 1",1,18759,18759,32768,17,"pk_gemm(__half const*, __half const*, __half*, int, int, int)",128,8704,0,208,0,128,"SQ_INSTS_VALU",149026816.000000,1937502252101,1937508124052
339,339,"Agent 1",1,18759,18759,32768,17,"pk_gemm(__half const*, __half const*, __half*, int, int, int)",128,8704,0,208,0,128,"SQ_WAIT_ANY",2125465419.000000,1937502252101,1937508124052
339,339,"Agent 1",1,18759,18759,32768,17,"pk_gemm(__half const*, __half const*, __half*, int, int, int)",128,8704,0,208,0,128,"SQ_WAVES",1024.000000,1937502252101,1937508124052
340,340,"Agent 1",1,18759,18759,32768,17,"pk_gemm(__half const*, __half const*, __half*, int, int, int)",128,8704,0,208,0,128,"GRBM_GUI_ACTIVE",9800806.000000,1937508155671,1937514701082
340,340,"Agent 1",1,18759,18759,32768,17,"pk_gemm(__half const*, __half const*, __half*, int, int, int)",128,8704,0,208,0,128,"SQ_BUSY_CYCLES",19286739.000000,1937508155671,1937514701082
340,340,"Agent 1",1,18759,18759,32768,17,"pk_gemm(__half const*, __half const*, __half*, int, int, int)",128,8704,0,208,0,128,"SQ_INSTS_LDS",10485760.000000,1937508155671,1937514701082
340,340,"Agent 1",1,18759,18759,32768,17,"pk_gemm(__half const*, __half const*, __half*, int, int, int)",128,8704,0,208,0,128,"SQ_INSTS_VALU",149026816.000000,1937508155671,1937514701082
340,340,"Agent 1",1,18759,18759,32768,17,"pk_gemm(__half const*, __half const*, __half*, int, int, int)",128,8704,0,208,0,128,"SQ_WAIT_ANY",2538761200.000000,1937508155671,1937514701082
340,340,"Agent 1",1,18759,18759,32768,17,"pk_gemm(__half const*, __half const*, __half*, int, int, int)",128,8704,0,208,0,128,"SQ_WAVES",1024.000000,1937508155671,1937514701082
341,341,"Agent 1",1,18759,18759,32768,17,"pk_gemm(__half const*, __half const*, __half*, int, int, int)",128,8704,0,208,0,128,"GRBM_GUI_ACTIVE",10174522.000000,1937514733303,1937521521809
341,341,"Agent 1",1,18759,18759,32768,17,"pk_gemm(__half const*, __half const*, __half*, int, int, int)",128,8704,0,208,0,128,"SQ_BUSY_CYCLES",20198258.000000,1937514733303,1937521521809
341,341,"Agent 1",1,18759,18759,32768,17,"pk_gemm(__half const*, __half const*, __half*, int, int, int)",128,8704,0,208,0,128,"SQ_INSTS_LDS",10485760.000000,1937514733303,1937521521809
341,341,"Agent 1",1,18759,18759,32768,17,"pk_gemm(__half const*, __half const*, __half*, int, int, int)",128,8704,0,208,0,128,"SQ_INSTS_VALU",149026816.000000,1937514733303,1937521521809
341,341,"Agent 1",1,18759,18759,32768,17,"pk_gemm(__half const*, __half const*, __half*, int, int, int)",128,8704,0,208,0,128,"SQ_WAIT_ANY",2550155941.000000,1937514733303,1937521521809
341,341,"Agent 1",1,18759,18759,32768,17,"pk_gemm(__half const*, __half const*, __half*, int, int, int)",128,8704,0,208,0,128,"SQ_WAVES",1024.000000,1937514733303,1937521521809
342,342,"Agent 1",1,18759,18759,32768,17,"pk_gemm(__half const*, __half const*, __half*, int, int, int)",128,8704,0,208,0,128,"GRBM_GUI_ACTIVE",10001280.000000,1937521554670,1937528232890
342,342,"Agent 1",1,18759,18759,32768,17,"pk_gemm(__half const*, __half const*, __half*, int, int, int)",128,8704,0,208,0,128,"SQ_BUSY_CYCLES",19748143.000000,1937521554670,1937528232890
342,342,"Agent 1",1,18759,18759,32768,17,"pk_gemm(__half const*, __half const*, __half*, int, int, int)",128,8704,0,208,0,128,"SQ_INSTS_LDS",10485760.000000,1937521554670,1937528232890
342,342,"Agent 1",1,18759,18759,32768,17,"pk_gemm(__half const*, __half const*, __half*, int, int, int)",128,8704,0,208,0,128,"SQ_INSTS_VALU",149026816.000000,1937521554670,1937528232890
342,342,"Agent 1",1,18759,18759,32768,17,"pk_gemm(__half const*, __half const*, __half*, int, int, int)",128,8704,0,208,0,128,"SQ_WAIT_ANY",2641135071.000000,1937521554670,1937528232890
342,342,"Agent 1",1,18759,18759,32768,17,"pk_gemm(__half const*, __half const*, __half*, int, int, int)",128,8704,0,208,0,128,"SQ_WAVES",1024.000000,1937521554670,1937528232890
343,343,"Agent 1",1,18759,18759,32768,17,"pk_gemm(__half const*, __half const*, __half*, int, int, int)",128,8704,0,208,0,128,"GRBM_GUI_ACTIVE",10024902.000000,1937528264309,1937534959841
343,343,"Agent 1",1,18759,18759,32768,17,"pk_gemm(__half const*, __half const*, __half*, int, int, int)",128,8704,0,208,0,128,"SQ_BUSY_CYCLES",19988712.000000,1937528264309,1937534959841
343,343,"Agent 1",1,18759,18759,32768,17,"pk_gemm(__half const*, __half const*, __half*, int, int, int)",128,8704,0,208,0,128,"SQ_INSTS_LDS",10485760.000000,1937528264309,1937534959841
343,343,"Agent 1",1,18759,18759,32768,17,"pk_gemm(__half const*, __half const*, __half*, int, int, int)",128,8704,0,208,0,128,"SQ_INSTS_VALU",149026816.000000,1937528264309,1937534959841
343,343,"Agent 1",1,18759,18759,32768,17,"pk_gemm(__half const*, __half const*, __half*, int, int, int)",128,8704,0,208,0,128,"SQ_WAIT_ANY",2550339951.000000,1937528264309,1937534959841
343,343,"Agent 1",1,18759,18759,32768,17,"pk_gemm(__half const*, __half const*, __half*, int, int, int)",128,8704,0,208,0,128,"SQ_WAVES",1024.000000,1937528264309,1937534959841
344,344,"Agent 1",1,18759,18759,32768,17,"pk_gemm(__half const*, __half const*, __half*, int, int, int)",128,8704,0,208,0,128,"GRBM_GUI_ACTIVE",9437886.000000,1937534992583,1937541300830
344,344,"Agent 1",1,18759,18759,32768,17,"pk_gemm(__half const*, __half const*, __half*, int, int, int)",128,8704,0,208,0,128,"SQ_BUSY_CYCLES",18788276.000000,1937534992583,1937541300830
344,344,"Agent 1",1,18759,18759,32768,17,"pk_gemm(__half const*, __half const*, __half*, int, int, int)",128,8704,0,208,0,128,"SQ_INSTS_LDS",10485760.000000,1937534992583,1937541300830
344,344,"Agent 1",1,18759,18759,32768,17,"pk_gemm(__half const*, __half const*, __half*, int, int, int)",128,8704,0,208,0,128,"SQ_INSTS_VALU",149026816.000000,1937534992583,1937541300830
344,344,"Agent 1",1,18759,18759,32768,17,"pk_gemm(__half const*, __half const*, __half*, int, int, int)",128,8704,0,208,0,128,"SQ_WAIT_ANY",2362772128.000000,1937534992583,1937541300830
344,344,"Agent 1",1,18759,18759,32768,17,"pk_gemm(__half const*, __half const*, __half*, int, int, int)",128,8704,0,208,0,128,"SQ_WAVES",1024.000000,1937534992583,1937541300830
345,345,"Agent 1",1,18759,18759,32768,17,"pk_gemm(__half const*, __half const*, __half*, int, int, int)",128,8704,0,208,0,128,"GRBM_GUI_ACTIVE",10287370.000000,1937541332249,1937548201146
345,345,"Agent 1",1,18759,18759,32768,17,"pk_gemm(__half const*, __half const*, __half*, int, int, int)",128,8704,0,208,0,128,"SQ_BUSY_CYCLES",20544074.000000,1937541332249,1937548201146
345,345,"Agent 1",1,18759,18759,32768,17,"pk_gemm(__half const*, __half const*, __half*, int, int, int)",128,8704,0,208,0,128,"SQ_INSTS_LDS",10485760.000000,1937541332249,1937548201146
345,345,"Agent 1",1,18759,18759,32768,17,"pk_gemm(__half const*, __half const*, __half*, int, int, int)",128,8704,0,208,0,128,"SQ_INSTS_VALU",149026816.000000,1937541332249,1937548201146
345,345,"Agent 1",1,18759,18759,32768,17,"pk_gemm(__half const*, __half const*, __half*, int, int, int)",128,8704,0,208,0,128,"SQ_WAIT_ANY",2579354370.000000,1937541332249,1937548201146
345,345,"Agent 1",1,18759,18759,32768,17,"pk_gemm(__half const*, __half const*, __half*, int, int, int)",128,8704,0,208,0,128,"SQ_WAVES",1024.000000,1937541332249,1937548201146
346,346,"Agent 1",1,18759,18759,32768,17,"pk_gemm(__half const*, __half const*, __half*, int, int, int)",128,8704,0,208,0,128,"GRBM_GUI_ACTIVE",9857486.000000,1937548231923,1937554818011
346,346,"Agent 1",1,18759,18759,32768,17,"pk_gemm(__half const*, __half const*, __half*, int, int, int)",128,8704,0,208,0,128,"SQ_BUSY_CYCLES",19291828.000000,1937548231923,1937554818011
346,346,"Agent 1",1,18759,18759,32768,17,"pk_gemm(__half const*, __half const*, __half*, int, int, int)",128,8704,0,208,0,128,"SQ_INSTS_LDS",10485760.000000,1937548231923,1937554818011
346,346,"Agent 1",1,18759,18759,32768,17,"pk_gemm(__half const*, __half const*, __half*, int, int, int)",128,8704,0,208,0,128,"SQ_INSTS_VALU",149026816.000000,1937548231923,1937554818011
346,346,"Agent 1",1,18759,18759,32768,17,"pk_gemm(__half const*, __half const*, __half*, int, int, int)",128,8704,0,208,0,128,"SQ_WAIT_ANY",2529298942.000000,1937548231923,1937554818011
346,346,"Agent 1",1,18759,18759,32768,17,"pk_gemm(__half const*, __half const*, __half*, int, int, int)",128,8704,0,208,0,128,"SQ_WAVES",1024.000000,1937548231923,1937554818011
347,347,"Agent 1",1,18759,18759,32768,17,"pk_gemm(__half const*, __half const*, __half*, int, int, int)",128,8704,0,208,0,128,"GRBM_GUI_ACTIVE",8948084.000000,1937554848187,1937560828741
347,347,"Agent 1",1,18759,18759,32768,17,"pk_gemm(__half const*, __half const*, __half*, int, int, int)",128,8704,0,208,0,128,"SQ_BUSY_CYCLES",17742092.000000,1937554848187,1937560828741
347,347,"Agent 1",1,18759,18759,32768,17,"pk_gemm(__half const*, __half const*, __half*, int, int, int)",128,8704,0,208,0,128,"SQ_INSTS_LDS",10485760.000000,1937554848187,1937560828741
347,347,"Agent 1",1,18759,18759,32768,17,"pk_gemm(__half const*, __half const*, __half*, int, int, int)",128,8704,0,208,0,128,"SQ_INSTS_VALU",149026816.000000,1937554848187,1937560828741
347,347,"Agent 1",1,18759,18759,32768,17,"pk_gemm(__half const*, __half const*, __half*, int, int, int)",128,8704,0,208,0,128,"SQ_WAIT_ANY",2320415282.000000,1937554848187,1937560828741
347,347,"Agent 1",1,18759,18759,32768,17,"pk_gemm(__half const*, __half const*, __half*, int, int, int)",128,8704,0,208,0,128,"SQ_WAVES",1024.000000,1937554848187,1937560828741
348,348,"Agent 1",1,18759,18759,32768,17,"pk_gemm(__half const*, __half const*, __half*, int, int, int)",128,8704,0,208,0,128,"GRBM_GUI_ACTIVE",8462795.000000,1937560860046,1937566513468
348,348,"Agent 1",1,18759,18759,32768,17,"pk_gemm(__half const*, __half const*, __half*, int, int, int)",128,8704,0,208,0,128,"SQ_BUSY_CYCLES",16770350.000000,1937560860046,1937566513468
348,348,"Agent 1",1,18759,18759,32768,17,"pk_gemm(__half const*, __half const*, __half*, int, int, int)",128,8704,0,208,0,128,"SQ_INSTS_LDS",10485760.000000,1937560860046,1937566513468
348,348,"Agent 1",1,18759,18759,32768,17,"pk_gemm(__half const*, __half const*, __half*, int, int, int)",128,8704,0,208,0,128,"SQ_INSTS_VALU",149026816.000000,1937560860046,1937566513468
348,348,"Agent 1",1,18759,18759,32768,17,"pk_gemm(__half const*, __half const*, __half*, int, int, int)",128,8704,0,208,0,128,"SQ_WAIT_ANY",2081472957.000000,1937560860046,1937566513468
348,348,"Agent 1",1,18759,18759,32768,17,"pk_gemm(__half const*, __half const*, __half*, int, int, int)",128,8704,0,208,0,128,"SQ_WAVES",1024.000000,1937560860046,1937566513468
349,349,"Agent 1",1,18759,18759,32768,17,"pk_gemm(__half const*, __half const*, __half*, int, int, int)",128,8704,0,208,0,128,"GRBM_GUI_ACTIVE",9791412.000000,1937566546849,1937573089776
349,349,"Agent 1",1,18759,18759,32768,17,"pk_gemm(__half const*, __half const*, __half*, int, int, int)",128,8704,0,208,0,128,"SQ_BUSY_CYCLES",19131742.000000,1937566546849,1937573089776
349,349,"Agent 1",1,18759,18759,32768,17,"pk_gemm(__half const*, __half const*, __half*, int, int, int)",128,8704,0,208,0,128,"SQ_INSTS_LDS",10485760.000000,1937566546849,1937573089776
349,349,"Agent 1",1,18759,18759,32768,17,"pk_gemm(__half const*, __half const*, __half*, int, int, int)",128,8704,0,208,0,128,"SQ_INSTS_VALU",149026816.000000,1937566546849,1937573089776
349,349,"Agent 1",1,18759,18759,32768,17,"pk_gemm(__half const*, __half const*, __half*, int, int, int)",128,8704,0,208,0,128,"SQ_WAIT_ANY",2546333530.000000,1937566546849,1937573089776
349,349,"Agent 1",1,18759,18759,32768,17,"pk_gemm(__half const*, __half const*, __half*, int, int, int)",128,8704,0,208,0,128,"SQ_WAVES",1024.000000,1937566546849,1937573089776
350,350,"Agent 1",1,18759,18759,32768,17,"pk_gemm(__half const*, __half const*, __half*, int, int, int)",128,8704,0,208,0,128,"GRBM_GUI_ACTIVE",9226277.000000,1937573119832,1937579286335
350,350,"Agent 1",1,18759,18759,32768,17,"pk_gemm(__half const*, __half const*, __half*, int, int, int)",128,8704,0,208,0,128,"SQ_BUSY_CYCLES",18366798.000000,1937573119832,1937579286335
350,350,"Agent 1",1,18759,18759,32768,17,"pk_gemm(__half const*, __half const*, __half*, int, int, int)",128,8704,0,208,0,128,"SQ_INSTS_LDS",10485760.000000,1937573119832,1937579286335
350,350,"Agent 1",1,18759,18759,32768,17,"pk_gemm(__half const*, __half const*, __half*, int, int, int)",128,8704,0,208,0,128,"SQ_INSTS_VALU",149026816.000000,1937573119832,1937579286335
350,350,"Agent 1",1,18759,18759,32768,17,"pk_gemm(__half const*, __half const*, __half*, int, int, int)",128,8704,0,208,0,128,"SQ_WAIT_ANY",2378018969.000000,1937573119832,1937579286335
350,350,"Agent 1",1,18759,18759,32768,17,"pk_gemm(__half const*, __half const*, __half*, int, int, int)",128,8704,0,208,0,128,"SQ_WAVES",1024.000000,1937573119832,1937579286335
351,351,"Agent 1",1,18759,18759,32768,17,"pk_gemm(__half const*, __half const*, __half*, int, int, int)",128,8704,0,208,0,128,"GRBM_GUI_ACTIVE",10088643.000000,1937579316551,1937586055686
351,351,"Agent 1",1,18759,18759,32768,17,"pk_gemm(__half const*, __half const*, __half*, int, int, int)",128,8704,0,208,0,128,"SQ_BUSY_CYCLES",20020334.000000,1937579316551,1937586055686
351,351,"Agent 1",1,18759,18759,32768,17,"pk_gemm(__half const*, __half const*, __half*, int, int, int)",128,8704,0,208,0,128,"SQ_INSTS_LDS",10485760.000000,1937579316551,1937586055686
351,351,"Agent 1",1,18759,18759,32768,17,"pk_gemm(__half const*, __half const*, __half*, int, int, int)",128,8704,0,208,0,128,"SQ_INSTS_VALU",149026816.000000,1937579316551,1937586055686
351,351,"Agent 1",1,18759,18759,32768,17,"pk_gemm(__half const*, __half const*, __half*, int, int, int)",128,8704,0,208,0,128,"SQ_WAIT_ANY",2504635965.000000,1937579316551,1937586055686
351,351,"Agent 1",1,18759,18759,32768,17,"pk_gemm(__half const*, __half const*, __half*, int, int, int)",128,8704,0,208,0,128,"SQ_WAVES",1024.000000,1937579316551,1937586055686
352,352,"Agent 1",1,18759,18759,32768,17,"pk_gemm(__half const*, __half const*, __half*, int, int, int)",128,8704,0,208,0,128,"GRBM_GUI_ACTIVE",9847423.000000,1937586086904,1937592662372
352,352,"Agent 1",1,18759,18759,32768,17,"pk_gemm(__half const*, __half const*, __half*, int, int, int)",128,8704,0,208,0,128,"SQ_BUSY_CYCLES",19423033.000000,1937586086904,1937592662372
352,352,"Agent 1",1,18759,18759,32768,17,"pk_gemm(__half const*, __half const*, __half*, int, int, int)",128,8704,0,208,0,128,"SQ_INSTS_LDS",10485760.000000,1937586086904,1937592662372
352,352,"Agent 1",1,18759,18759,32768,17,"pk_gemm(__half const*, __half const*, __half*, int, int, int)",128,8704,0,208,0,128,"SQ_INSTS_VALU",149026816.000000,1937586086904,1937592662372
352,352,"Agent 1",1,18759,18759,32768,17,"pk_gemm(__half const*, __half const*, __half*, int, int, int)",128,8704,0,208,0,128,"SQ_WAIT_ANY",2604252928.000000,1937586086904,1937592662372
352,352,"Agent 1",1,18759,18759,32768,17,"pk_gemm(__half const*, __half const*, __half*, int, int, int)",128,8704,0,208,0,128,"SQ_WAVES",1024.000000,1937586086904,1937592662372
353,353,"Agent 1",1,18759,18759,32768,17,"pk_gemm(__half const*, __half const*, __half*, int, int, int)",128,8704,0,208,0,128,"GRBM_GUI_ACTIVE",10066488.000000,1937592692228,1937599415973
353,353,"Agent 1",1,18759,18759,32768,17,"pk_gemm(__half const*, __half const*, __half*, int, int, int)",128,8704,0,208,0,128,"SQ_BUSY_CYCLES",20001656.000000,1937592692228,1937599415973
353,353,"Agent 1",1,18759,18759,32768,17,"pk_gemm(__half const*, __half const*, __half*, int, int, int)",128,8704,0,208,0,128,"SQ_INSTS_LDS",10485760.000000,1937592692228,1937599415973
353,353,"Agent 1",1,18759,18759,32768,17,"pk_gemm(__half const*, __half const*, __half*, int, int, int)",128,8704,0,208,0,128,"SQ_INSTS_VALU",149026816.000000,1937592692228,1937599415973
353,353,"Agent 1",1,18759,18759,32768,17,"pk_gemm(__half const*, __half const*, __half*, int, int, int)",128,8704,0,208,0,128,"SQ_WAIT_ANY",2582673938.000000,1937592692228,1937599415973
353,353,"Agent 1",1,18759,18759,32768,17,"pk_gemm(__half const*, __half const*, __half*, int, int, int)",128,8704,0,208,0,128,"SQ_WAVES",1024.000000,1937592692228,1937599415973
354,354,"Agent 1",1,18759,18759,32768,17,"pk_gemm(__half const*, __half const*, __half*, int, int, int)",128,8704,0,208,0,128,"GRBM_GUI_ACTIVE",9423929.000000,1937599446871,1937605749789
354,354,"Agent 1",1,18759,18759,32768,17,"pk_gemm(__half const*, __half const*, __half*, int, int, int)",128,8704,0,208,0,128,"SQ_BUSY_CYCLES",18805681.000000,1937599446871,1937605749789
354,354,"Agent 1",1,18759,18759,32768,17,"pk_gemm(__half const*, __half const*, __half*, int, int, int)",128,8704,0,208,0,128,"SQ_INSTS_LDS",10485760.000000,1937599446871,1937605749789
354,354,"Agent 1",1,18759,18759,32768,17,"pk_gemm(__half const*, __half const*, __half*, int, int, int)",128,8704,0,208,0,128,"SQ_INSTS_VALU",149026816.000000,1937599446871,1937605749789
354,354,"Agent 1",1,18759,18759,32768,17,"pk_gemm(__half const*, __half const*, __half*, int, int, int)",128,8704,0,208,0,128,"SQ_WAIT_ANY",2444546990.000000,1937599446871,1937605749789
354,354,"Agent 1",1,18759,18759,32768,17,"pk_gemm(__half const*, __half const*, __half*, int, int, int)",128,8704,0,208,0,128,"SQ_WAVES",1024.000000,1937599446871,1937605749789
355,355,"Agent 1",1,18759,18759,32768,17,"pk_gemm(__half const*, __half const*, __half*, int, int, int)",128,8704,0,208,0,128,"GRBM_GUI_ACTIVE",8875793.000000,1937605780767,1937611709865
355,355,"Agent 1",1,18759,18759,32768,17,"pk_gemm(__half const*, __half const*, __half*, int, int, int)",128,8704,0,208,0,128,"SQ_BUSY_CYCLES",17506056.000000,1937605780767,1937611709865
355,355,"Agent 1",1,18759,18759,32768,17,"pk_gemm(__half const*, __half const*, __half*, int, int, int)",128,8704,0,208,0,128,"SQ_INSTS_LDS",10485760.000000,1937605780767,1937611709865
355,355,"Agent 1",1,18759,18759,32768,17,"pk_gemm(__half const*, __half const*, __half*, int, int, int)",128,8704,0,208,0,128,"SQ_INSTS_VALU",149026816.000000,1937605780767,1937611709865
355,355,"Agent 1",1,18759,18759,32768,17,"pk_gemm(__half const*, __half const*, __half*, int, int, int)",128,8704,0,208,0,128,"SQ_WAIT_ANY",2283813281.000000,1937605780767,1937611709865
355,355,"Agent 1",1,18759,18759,32768,17,"pk_gemm(__half const*, __half const*, __half*, int, int, int)",128,8704,0,208,0,128,"SQ_WAVES",1024.000000,1937605780767,1937611709865
356,356,"Agent 1",1,18759,18759,32768,17,"pk_gemm(__half const*, __half const*, __half*, int, int, int)",128,8704,0,208,0,128,"GRBM_GUI_ACTIVE",9491170.000000,1937611769657,1937618115815
356,356,"Agent 1",1,18759,18759,32768,17,"pk_gemm(__half const*, __half const*, __half*, int, int, int)",128,8704,0,208,0,128,"SQ_BUSY_CYCLES",18952819.000000,1937611769657,1937618115815
356,356,"Agent 1",1,18759,18759,32768,17,"pk_gemm(__half const*, __half const*, __half*, int, int, int)",128,8704,0,208,0,128,"SQ_INSTS_LDS",10485760.000000,1937611769657,1937618115815
356,356,"Agent 1",1,18759,18759,32768,17,"pk_gemm(__half const*, __half const*, __half*, int, int, int)",128,8704,0,208,0,128,"SQ_INSTS_VALU",149026816.000000,1937611769657,1937618115815
356,356,"Agent 1",1,18759,18759,32768,17,"pk_gemm(__half const*, __half const*, __half*, int, int, int)",128,8704,0,208,0,128,"SQ_WAIT_ANY",2422529121.000000,1937611769657,1937618115815
356,356,"Agent 1",1,18759,18759,32768,17,"pk_gemm(__half const*, __half const*, __half*, int, int, int)",128,8704,0,208,0,128,"SQ_WAVES",1024.000000,1937611769657,1937618115815
357,357,"Agent 1",1,18759,18759,32768,17,"pk_gemm(__half const*, __half const*, __half*, int, int, int)",128,8704,0,208,0,128,"GRBM_GUI_ACTIVE",9846953.000000,1937618149999,1937624721460
357,357,"Agent 1",1,18759,18759,32768,17,"pk_gemm(__half const*, __half const*, __half*, int, int, int)",128,8704,0,208,0,128,"SQ_BUSY_CYCLES",19633592.000000,1937618149999,1937624721460
357,357,"Agent 1",1,18759,18759,32768,17,"pk_gemm(__half const*, __half const*, __half*, int, int, int)",128,8704,0,208,0,128,"SQ_INSTS_LDS",10485760.000000,1937618149999,1937624721460
357,357,"Agent 1",1,18759,18759,32768,17,"pk_gemm(__half const*, __half const*, __half*, int, int, int)",128,8704,0,208,0,128,"SQ_INSTS_VALU",149026816.000000,1937618149999,1937624721460
357,357,"Agent 1",1,18759,18759,32768,17,"pk_gemm(__half const*, __half const*, __half*, int, int, int)",128,8704,0,208,0,128,"SQ_WAIT_ANY",2688556981.000000,1937618149999,1937624721460
357,357,"Agent 1",1,18759,18759,32768,17,"pk_gemm(__half const*, __half const*, __half*, int, int, int)",128,8704,0,208,0,128,"SQ_WAVES",1024.000000,1937618149999,1937624721460
358,358,"Agent 1",1,18759,18759,32768,17,"pk_gemm(__half const*, __half const*, __half*, int, int, int)",128,8704,0,208,0,128,"GRBM_GUI_ACTIVE",9029539.000000,1937624756182,1937630778976
358,358,"Agent 1",1,18759,18759,32768,17,"pk_gemm(__half const*, __half const*, __half*, int, int, int)",128,8704,0,208,0,128,"SQ_BUSY_CYCLES",18030184.000000,1937624756182,1937630778976
358,358,"Agent 1",1,18759,18759,32768,17,"pk_gemm(__half const*, __half const*, __half*, int, int, int)",128,8704,0,208,0,128,"SQ_INSTS_LDS",10485760.000000,1937624756182,1937630778976
358,358,"Agent 1",1,18759,18759,32768,17,"pk_gemm(__half const*, __half const*, __half*, int, int, int)",128,8704,0,208,0,128,"SQ_INSTS_VALU",149026816.000000,1937624756182,1937630778976
358,358,"Agent 1",1,18759,18759,32768,17,"pk_gemm(__half const*, __half const*, __half*, int, int, int)",128,8704,0,208,0,128,"SQ_WAIT_ANY",2314480068.000000,1937624756182,1937630778976
358,358,"Agent 1",1,18759,18759,32768,17,"pk_gemm(__half const*, __half const*, __half*, int, int, int)",128,8704,0,208,0,128,"SQ_WAVES",1024.000000,1937624756182,1937630778976
359,359,"Agent 1",1,18759,18759,32768,17,"pk_gemm(__half const*, __half const*, __half*, int, int, int)",128,8704,0,208,0,128,"GRBM_GUI_ACTIVE",9441921.000000,1937630818649,1937637120565
359,359,"Agent 1",1,18759,18759,32768,17,"pk_gemm(__half const*, __half const*, __half*, int, int, int)",128,8704,0,208,0,128,"SQ_BUSY_CYCLES",18761088.000000,1937630818649,1937637120565
359,359,"Agent 1",1,18759,18759,32768,17,"pk_gemm(__half const*, __half const*, __half*, int, int, int)",128,8704,0,208,0,128,"SQ_INSTS_LDS",10485760.000000,1937630818649,1937637120565
359,359,"Agent 1",1,18759,18759,32768,17,"pk_gemm(__half const*, __half const*, __half*, int, int, int)",128,8704,0,208,0,128,"SQ_INSTS_VALU",149026816.000000,1937630818649,1937637120565
359,359,"Agent 1",1,18759,18759,32768,17,"pk_gemm(__half const*, __half const*, __half*, int, int, int)",128,8704,0,208,0,128,"SQ_WAIT_ANY",2445458594.000000,1937630818649,1937637120565
359,359,"Agent 1",1,18759,18759,32768,17,"pk_gemm(__half const*, __half const*, __half*, int, int, int)",128,8704,0,208,0,128,"SQ_WAVES",1024.000000,1937630818649,1937637120565
360,360,"Agent 1",1,18759,18759,32768,17,"pk_gemm(__half const*, __half const*, __half*, int, int, int)",128,8704,0,208,0,128,"GRBM_GUI_ACTIVE",9945695.000000,1937637153266,1937643796421
360,360,"Agent 1",1,18759,18759,32768,17,"pk_gemm(__half const*, __half const*, __half*, int, int, int)",128,8704,0,208,0,128,"SQ_BUSY_CYCLES",19654031.000000,1937637153266,1937643796421
360,360,"Agent 1",1,18759,18759,32768,17,"pk_gemm(__half const*, __half const*, __half*, int, int, int)",128,8704,0,208,0,128,"SQ_INSTS_LDS",10485760.000000,1937637153266,1937643796421
360,360,"Agent 1",1,18759,18759,32768,17,"pk_gemm(__half const*, __half const*, __half*, int, int, int)",128,8704,0,208,0,128,"SQ_INSTS_VALU",149026816.000000,1937637153266,1937643796421
360,360,"Agent 1",1,18759,18759,32768,17,"pk_gemm(__half const*, __half const*, __half*, int, int, int)",128,8704,0,208,0,128,"SQ_WAIT_ANY",2556481062.000000,1937637153266,1937643796421
360,360,"Agent 1",1,18759,18759,32768,17,"pk_gemm(__half const*, __half const*, __half*, int, int, int)",128,8704,0,208,0,128,"SQ_WAVES",1024.000000,1937637153266,1937643796421
361,361,"Agent 1",1,18759,18759,32768,17,"pk_gemm(__half const*, __half const*, __half*, int, int, int)",128,8704,0,208,0,128,"GRBM_GUI_ACTIVE",9242292.000000,1937643830685,1937650005443
361,361,"Agent 1",1,18759,18759,32768,17,"pk_gemm(__half const*, __half const*, __half*, int, int, int)",128,8704,0,208,0,128,"SQ_BUSY_CYCLES",18467035.000000,1937643830685,1937650005443
361,361,"Agent 1",1,18759,18759,32768,17,"pk_gemm(__half const*, __half const*, __half*, int, int, int)",128,8704,0,208,0,128,"SQ_INSTS_LDS",10485760.000000,1937643830685,1937650005443
361,361,"Agent 1",1,18759,18759,32768,17,"pk_gemm(__half const*, __half const*, __half*, int, int, int)",128,8704,0,208,0,128,"SQ_INSTS_VALU",149026816.000000,1937643830685,1937650005443
361,361,"Agent 1",1,18759,18759,32768,17,"pk_gemm(__half const*, __half const*, __half*, int, int, int)",128,8704,0,208,0,128,"SQ_WAIT_ANY",2456183928.000000,1937643830685,1937650005443
361,361,"Agent 1",1,18759,18759,32768,17,"pk_gemm(__half const*, __half const*, __half*, int, int, int)",128,8704,0,208,0,128,"SQ_WAVES",1024.000000,1937643830685,1937650005443
362,362,"Agent 1",1,18759,18759,32768,17,"pk_gemm(__half const*, __half const*, __half*, int, int, int)",128,8704,0,208,0,128,"GRBM_GUI_ACTIVE",9418221.000000,1937650037623,1937656334530
362,362,"Agent 1",1,18759,18759,32768,17,"pk_gemm(__half const*, __half const*, __half*, int, int, int)",128,8704,0,208,0,128,"SQ_BUSY_CYCLES",18807297.000000,1937650037623,1937656334530
362,362,"Agent 1",1,18759,18759,32768,17,"pk_gemm(__half const*, __half const*, __half*, int, int, int)",128,8704,0,208,0,128,"SQ_INSTS_LDS",10485760.000000,1937650037623,1937656334530
362,362,"Agent 1",1,18759,18759,32768,17,"pk_gemm(__half const*, __half const*, __half*, int, int, int)",128,8704,0,208,0,128,"SQ_INSTS_VALU",149026816.000000,1937650037623,1937656334530
362,362,"Agent 1",1,18759,18759,32768,17,"pk_gemm(__half const*, __half const*, __half*, int, int, int)",128,8704,0,208,0,128,"SQ_WAIT_ANY",2387055883.000000,1937650037623,1937656334530
362,362,"Agent 1",1,18759,18759,32768,17,"pk_gemm(__half const*, __half const*, __half*, int, int, int)",128,8704,0,208,0,128,"SQ_WAVES",1024.000000,1937650037623,1937656334530
363,363,"Agent 1",1,18759,18759,32768,17,"pk_gemm(__half const*, __half const*, __half*, int, int, int)",128,8704,0,208,0,128,"GRBM_GUI_ACTIVE",10515508.000000,1937656370557,1937663392140
363,363,"Agent 1",1,18759,18759,32768,17,"pk_gemm(__half const*, __half const*, __half*, int, int, int)",128,8704,0,208,0,128,"SQ_BUSY_CYCLES",20945115.000000,1937656370557,1937663392140
363,363,"Agent 1",1,18759,18759,32768,17,"pk_gemm(__half const*, __half const*, __half*, int, int, int)",128,8704,0,208,0,128,"SQ_INSTS_LDS",10485760.000000,1937656370557,1937663392140
363,363,"Agent 1",1,18759,18759,32768,17,"pk_gemm(__half const*, __half const*, __half*, int, int, int)",128,8704,0,208,0,128,"SQ_INSTS_VALU",149026816.000000,1937656370557,1937663392140
363,363,"Agent 1",1,18759,18759,32768,17,"pk_gemm(__half const*, __half const*, __half*, int, int, int)",128,8704,0,208,0,128,"SQ_WAIT_ANY",2704077018.000000,1937656370557,1937663392140
363,363,"Agent 1",1,18759,18759,32768,17,"pk_gemm(__half const*, __half const*, __half*, int, int, int)",128,8704,0,208,0,128,"SQ_WAVES",1024.000000,1937656370557,1937663392140
364,364,"Agent 1",1,18759,18759,32768,17,"pk_gemm(__half const*, __half const*, __half*, int, int, int)",128,8704,0,208,0,128,"GRBM_GUI_ACTIVE",9410550.000000,1937663426765,1937669719424
364,364,"Agent 1",1,18759,18759,32768,17,"pk_gemm(__half const*, __half const*, __half*, int, int, int)",128,8704,0,208,0,128,"SQ_BUSY_CYCLES",18795899.000000,1937663426765,1937669719424
364,364,"Agent 1",1,18759,18759,32768,17,"pk_gemm(__half const*, __half const*, __half*, int, int, int)",128,8704,0,208,0,128,"SQ_INSTS_LDS",10485760.000000,1937663426765,1937669719424
364,364,"Agent 1",1,18759,18759,32768,17,"pk_gemm(__half const*, __half const*, __half*, int, int, int)",128,8704,0,208,0,128,"SQ_INSTS_VALU",149026816.000000,1937663426765,1937669719424
364,364,"Agent 1",1,18759,18759,32768,17,"pk_gemm(__half const*, __half const*, __half*, int, int, int)",128,8704,0,208,0,128,"SQ_WAIT_ANY",2416916238.000000,1937663426765,1937669719424
364,364,"Agent 1",1,18759,18759,32768,17,"pk_gemm(__half const*, __half const*, __half*, int, int, int)",128,8704,0,208,0,128,"SQ_WAVES",1024.000000,1937663426765,1937669719424
365,365,"Agent 1",1,18759,18759,32768,17,"pk_gemm(__half const*, __half const*, __half*, int, int, int)",128,8704,0,208,0,128,"GRBM_GUI_ACTIVE",10200320.000000,1937669751804,1937676554858
365,365,"Agent 1",1,18759,18759,32768,17,"pk_gemm(__half const*, __half const*, __half*, int, int, int)",128,8704,0,208,0,128,"SQ_BUSY_CYCLES",20376358.000000,1937669751804,1937676554858
365,365,"Agent 1",1,18759,18759,32768,17,"pk_gemm(__half const*, __half const*, __half*, int, int, int)",128,8704,0,208,0,128,"SQ_INSTS_LDS",10485760.000000,1937669751804,1937676554858
365,365,"Agent 1",1,18759,18759,32768,17,"pk_gemm(__half const*, __half const*, __half*, int, int, int)",128,8704,0,208,0,128,"SQ_INSTS_VALU",149026816.000000,1937669751804,1937676554858
365,365,"Agent 1",1,18759,18759,32768,17,"pk_gemm(__half const*, __half const*, __half*, int, int, int)",128,8704,0,208,0,128,"SQ_WAIT_ANY",2629598573.000000,1937669751804,1937676554858
365,365,"Agent 1",1,18759,18759,32768,17,"pk_gemm(__half const*, __half const*, __half*, int, int, int)",128,8704,0,208,0,128,"SQ_WAVES",1024.000000,1937669751804,1937676554858
366,366,"Agent 1",1,18759,18759,32768,17,"pk_gemm(__half const*, __half const*, __half*, int, int, int)",128,8704,0,208,0,128,"GRBM_GUI_ACTIVE",9428346.000000,1937676587319,1937682884747
366,366,"Agent 1",1,18759,18759,32768,17,"pk_gemm(__half const*, __half const*, __half*, int, int, int)",128,8704,0,208,0,128,"SQ_BUSY_CYCLES",18601669.000000,1937676587319,1937682884747
366,366,"Agent 1",1,18759,18759,32768,17,"pk_gemm(__half const*, __half const*, __half*, int, int, int)",128,8704,0,208,0,128,"SQ_INSTS_LDS",10485760.000000,1937676587319,1937682884747
366,366,"Agent 1",1,18759,18759,32768,17,"pk_gemm(__half const*, __half const*, __half*, int, int, int)",128,8704,0,208,0,128,"SQ_INSTS_VALU",149026816.000000,1937676587319,1937682884747
366,366,"Agent 1",1,18759,18759,32768,17,"pk_gemm(__half const*, __half const*, __half*, int, int, int)",128,8704,0,208,0,128,"SQ_WAIT_ANY",2470032910.000000,1937676587319,1937682884747
366,366,"Agent 1",1,18759,18759,32768,17,"pk_gemm(__half const*, __half const*, __half*, int, int, int)",128,8704,0,208,0,128,"SQ_WAVES",1024.000000,1937676587319,1937682884747
367,367,"Agent 1",1,18759,18759,32768,17,"pk_gemm(__half const*, __half const*, __half*, int, int, int)",128,8704,0,208,0,128,"GRBM_GUI_ACTIVE",9798953.000000,1937682917889,1937689467468
367,367,"Agent 1",1,18759,18759,32768,17,"pk_gemm(__half const*, __half const*, __half*, int, int, int)",128,8704,0,208,0,128,"SQ_BUSY_CYCLES",19487725.000000,1937682917889,1937689467468
367,367,"Agent 1",1,18759,18759,32768,17,"pk_gemm(__half const*, __half const*, __half*, int, int, int)",128,8704,0,208,0,128,"SQ_INSTS_LDS",10485760.000000,1937682917889,1937689467468
367,367,"Agent 1",1,18759,18759,32768,17,"pk_gemm(__half const*, __half const*, __half*, int, int, int)",128,8704,0,208,0,128,"SQ_INSTS_VALU",149026816.000000,1937682917889,1937689467468
367,367,"Agent 1",1,18759,18759,32768,17,"pk_gemm(__half const*, __half const*, __half*, int, int, int)",128,8704,0,208,0,128,"SQ_WAIT_ANY",2546362983.000000,1937682917889,1937689467468
367,367,"Agent 1",1,18759,18759,32768,17,"pk_gemm(__half const*, __half const*, __half*, int, int, int)",128,8704,0,208,0,128,"SQ_WAVES",1024.000000,1937682917889,1937689467468
368,368,"Agent 1",1,18759,18759,32768,17,"pk_gemm(__half const*, __half const*, __half*, int, int, int)",128,8704,0,208,0,128,"GRBM_GUI_ACTIVE",9809695.000000,1937689500222,1937696052287
368,368,"Agent 1",1,18759,18759,32768,17,"pk_gemm(__half const*, __half const*, __half*, int, int, int)",128,8704,0,208,0,128,"SQ_BUSY_CYCLES",19485429.000000,1937689500222,1937696052287
368,368,"Agent 1",1,18759,18759,32768,17,"pk_gemm(__half const*, __half const*, __half*, int, int, int)",128,8704,0,208,0,128,"SQ_INSTS_LDS",10485760.000000,1937689500222,1937696052287
368,368,"Agent 1",1,18759,18759,32768,17,"pk_gemm(__half const*, __half const*, __half*, int, int, int)",128,8704,0,208,0,128,"SQ_INSTS_VALU",149026816.000000,1937689500222,1937696052287
368,368,"Agent 1",1,18759,18759,32768,17,"pk_gemm(__half const*, __half const*, __half*, int, int, int)",128,8704,0,208,0,128,"SQ_WAIT_ANY",2451631419.000000,1937689500222,1937696052287
368,368,"Agent 1",1,18759,18759,32768,17,"pk_gemm(__half const*, __half const*, __half*, int, int, int)",128,8704,0,208,0,128,"SQ_WAVES",1024.000000,1937689500222,1937696052287
369,369,"Agent 1",1,18759,18759,32768,17,"pk_gemm(__half const*, __half const*, __half*, int, int, int)",128,8704,0,208,0,128,"GRBM_GUI_ACTIVE",9573027.000000,1937696089035,1937702491299
369,369,"Agent 1",1,18759,18759,32768,17,"pk_gemm(__half const*, __half const*, __half*, int, int, int)",128,8704,0,208,0,128,"SQ_BUSY_CYCLES",19127438.000000,1937696089035,1937702491299
369,369,"Agent 1",1,18759,18759,32768,17,"pk_gemm(__half const*, __half const*, __half*, int, int, int)",128,8704,0,208,0,128,"SQ_INSTS_LDS",10485760.000000,1937696089035,1937702491299
369,369,"Agent 1",1,18759,18759,32768,17,"pk_gemm(__half const*, __half const*, __half*, int, int, int)",128,8704,0,208,0,128,"SQ_INSTS_VALU",149026816.000000,1937696089035,1937702491299
369,369,"Agent 1",1,18759,18759,32768,17,"pk_gemm(__half const*, __half const*, __half*, int, int, int)",128,8704,0,208,0,128,"SQ_WAIT_ANY",2468952014.000000,1937696089035,1937702491299
369,369,"Agent 1",1,18759,18759,32768,17,"pk_gemm(__half const*, __half const*, __half*, int, int, int)",128,8704,0,208,0,128,"SQ_WAVES",1024.000000,1937696089035,1937702491299
370,370,"Agent 1",1,18759,18759,32768,17,"pk_gemm(__half const*, __half const*, __half*, int, int, int)",128,8704,0,208,0,128,"GRBM_GUI_ACTIVE",9641089.000000,1937702523800,1937708960889
370,370,"Agent 1",1,18759,18759,32768,17,"pk_gemm(__half const*, __half const*, __half*, int, int, int)",128,8704,0,208,0,128,"SQ_BUSY_CYCLES",19092606.000000,1937702523800,1937708960889
370,370,"Agent 1",1,18759,18759,32768,17,"pk_gemm(__half const*, __half const*, __half*, int, int, int)",128,8704,0,208,0,128,"SQ_INSTS_LDS",10485760.000000,1937702523800,1937708960889
370,370,"Agent 1",1,18759,18759,32768,17,"pk_gemm(__half const*, __half const*, __half*, int, int, int)",128,8704,0,208,0,128,"SQ_INSTS_VALU",149026816.000000,1937702523800,1937708960889
370,370,"Agent 1",1,18759,18759,32768,17,"pk_gemm(__half const*, __half const*, __half*, int, int, int)",128,8704,0,208,0,128,"SQ_WAIT_ANY",2578516920.000000,1937702523800,1937708960889
370,370,"Agent 1",1,18759,18759,32768,17,"pk_gemm(__half const*, __half const*, __half*, int, int, int)",128,8704,0,208,0,128,"SQ_WAVES",1024.000000,1937702523800,1937708960889
371,371,"Agent 1",1,18759,18759,32768,17,"pk_gemm(__half const*, __half const*, __half*, int, int, int)",128,8704,0,208,0,128,"GRBM_GUI_ACTIVE",9829728.000000,1937708992628,1937715555713
371,371,"Agent 1",1,18759,18759,32768,17,"pk_gemm(__half const*, __half const*, __half*, int, int, int)",128,8704,0,208,0,128,"SQ_BUSY_CYCLES",19432465.000000,1937708992628,1937715555713
371,371,"Agent 1",1,18759,18759,32768,17,"pk_gemm(__half const*, __half const*, __half*, int, int, int)",128,8704,0,208,0,128,"SQ_INSTS_LDS",10485760.000000,1937708992628,1937715555713
371,371,"Agent 1",1,18759,18759,32768,17,"pk_gemm(__half const*, __half const*, __half*, int, int, int)",128,8704,0,208,0,128,"SQ_INSTS_VALU",149026816.000000,1937708992628,1937715555713
371,371,"Agent 1",1,18759,18759,32768,17,"pk_gemm(__half const*, __half const*, __half*, int, int, int)",128,8704,0,208,0,128,"SQ_WAIT_ANY",2506086341.000000,1937708992628,1937715555713
371,371,"Agent 1",1,18759,18759,32768,17,"pk_gemm(__half const*, __half const*, __half*, int, int, int)",128,8704,0,208,0,128,"SQ_WAVES",1024.000000,1937708992628,1937715555713
372,372,"Agent 1",1,18759,18759,32768,17,"pk_gemm(__half const*, __half const*, __half*, int, int, int)",128,8704,0,208,0,128,"GRBM_GUI_ACTIVE",9574927.000000,1937715586251,1937721986230
372,372,"Agent 1",1,18759,18759,32768,17,"pk_gemm(__half const*, __half const*, __half*, int, int, int)",128,8704,0,208,0,128,"SQ_BUSY_CYCLES",19066966.000000,1937715586251,1937721986230
372,372,"Agent 1",1,18759,18759,32768,17,"pk_gemm(__half const*, __half const*, __half*, int, int, int)",128,8704,0,208,0,128,"SQ_INSTS_LDS",10485760.000000,1937715586251,1937721986230
372,372,"Agent 1",1,18759,18759,32768,17,"pk_gemm(__half const*, __half const*, __half*, int, int, int)",128,8704,0,208,0,128,"SQ_INSTS_VALU",149026816.000000,1937715586251,1937721986230
372,372,"Agent 1",1,18759,18759,32768,17,"pk_gemm(__half const*, __half const*, __half*, int, int, int)",128,8704,0,208,0,128,"SQ_WAIT_ANY",2452407088.000000,1937715586251,1937721986230
372,372,"Agent 1",1,18759,18759,32768,17,"pk_gemm(__half const*, __half const*, __half*, int, int, int)",128,8704,0,208,0,128,"SQ_WAVES",1024.000000,1937715586251,1937721986230
373,373,"Agent 1",1,18759,18759,32768,17,"pk_gemm(__half const*, __half const*, __half*, int, int, int)",128,8704,0,208,0,128,"GRBM_GUI_ACTIVE",9578709.000000,1937722019212,1937728423159
373,373,"Agent 1",1,18759,18759,32768,17,"pk_gemm(__half const*, __half const*, __half*, int, int, int)",128,8704,0,208,0,128,"SQ_BUSY_CYCLES",19059825.000000,1937722019212,1937728423159
373,373,"Agent 1",1,18759,18759,32768,17,"pk_gemm(__half const*, __half const*, __half*, int, int, int)",128,8704,0,208,0,128,"SQ_INSTS_LDS",10485760.000000,1937722019212,1937728423159
373,373,"Agent 1",1,18759,18759,32768,17,"pk_gemm(__half const*, __half const*, __half*, int, int, int)",128,8704,0,208,0,128,"SQ_INSTS_VALU",149026816.000000,1937722019212,1937728423159
373,373,"Agent 1",1,18759,18759,32768,17,"pk_gemm(__half const*, __half const*, __half*, int, int, int)",128,8704,0,208,0,128,"SQ_WAIT_ANY",2445483966.000000,1937722019212,1937728423159
373,373,"Agent 1",1,18759,18759,32768,17,"pk_gemm(__half const*, __half const*, __half*, int, int, int)",128,8704,0,208,0,128,"SQ_WAVES",1024.000000,1937722019212,1937728423159
374,374,"Agent 1",1,18759,18759,32768,17,"pk_gemm(__half const*, __half const*, __half*, int, int, int)",128,8704,0,208,0,128,"GRBM_GUI_ACTIVE",9181254.000000,1937728454538,1937734581848
374,374,"Agent 1",1,18759,18759,32768,17,"pk_gemm(__half const*, __half const*, __half*, int, int, int)",128,8704,0,208,0,128,"SQ_BUSY_CYCLES",18248700.000000,1937728454538,1937734581848
374,374,"Agent 1",1,18759,18759,32768,17,"pk_gemm(__half const*, __half const*, __half*, int, int, int)",128,8704,0,208,0,128,"SQ_INSTS_LDS",10485760.000000,1937728454538,1937734581848
374,374,"Agent 1",1,18759,18759,32768,17,"pk_gemm(__half const*, __half const*, __half*, int, int, int)",128,8704,0,208,0,128,"SQ_INSTS_VALU",149026816.000000,1937728454538,1937734581848
374,374,"Agent 1",1,18759,18759,32768,17,"pk_gemm(__half const*, __half const*, __half*, int, int, int)",128,8704,0,208,0,128,"SQ_WAIT_ANY",2340393332.000000,1937728454538,1937734581848
374,374,"Agent 1",1,18759,18759,32768,17,"pk_gemm(__half const*, __half const*, __half*, int, int, int)",128,8704,0,208,0,128,"SQ_WAVES",1024.000000,1937728454538,1937734581848
375,375,"Agent 1",1,18759,18759,32768,17,"pk_gemm(__half const*, __half const*, __half*, int, int, int)",128,8704,0,208,0,128,"GRBM_GUI_ACTIVE",9289191.000000,1937734613547,1937740820806
375,375,"Agent 1",1,18759,18759,32768,17,"pk_gemm(__half const*, __half const*, __half*, int, int, int)",128,8704,0,208,0,128,"SQ_BUSY_CYCLES",18518065.000000,1937734613547,1937740820806
375,375,"Agent 1",1,18759,18759,32768,17,"pk_gemm(__half const*, __half const*, __half*, int, int, int)",128,8704,0,208,0,128,"SQ_INSTS_LDS",10485760.000000,1937734613547,1937740820806
375,375,"Agent 1",1,18759,18759,32768,17,"pk_gemm(__half const*, __half const*, __half*, int, int, int)",128,8704,0,208,0,128,"SQ_INSTS_VALU",149026816.000000,1937734613547,1937740820806
375,375,"Agent 1",1,18759,18759,32768,17,"pk_gemm(__half const*, __half const*, __half*, int, int, int)",128,8704,0,208,0,128,"SQ_WAIT_ANY",2469370184.000000,1937734613547,1937740820806
375,375,"Agent 1",1,18759,18759,32768,17,"pk_gemm(__half const*, __half const*, __half*, int, int, int)",128,8704,0,208,0,128,"SQ_WAVES",1024.000000,1937734613547,1937740820806
376,376,"Agent 1",1,18759,18759,32768,17,"pk_gemm(__half const*, __half const*, __half*, int, int, int)",128,8704,0,208,0,128,"GRBM_GUI_ACTIVE",10195787.000000,1937740852706,1937747656682
376,376,"Agent 1",1,18759,18759,32768,17,"pk_gemm(__half const*, __half const*, __half*, int, int, int)",128,8704,0,208,0,128,"SQ_BUSY_CYCLES",20352212.000000,1937740852706,1937747656682
376,376,"Agent 1",1,18759,18759,32768,17,"pk_gemm(__half const*, __half const*, __half*, int, int, int)",128,8704,0,208,0,128,"SQ_INSTS_LDS",10485760.000000,1937740852706,1937747656682
376,376,"Agent 1",1,18759,18759,32768,17,"pk_gemm(__half const*, __half const*, __half*, int, int, int)",128,8704,0,208,0,128,"SQ_INSTS_VALU",149026816.000000,1937740852706,1937747656682
376,376,"Agent 1",1,18759,18759,32768,17,"pk_gemm(__half const*, __half const*, __half*, int, int, int)",128,8704,0,208,0,128,"SQ_WAIT_ANY",2782709731.000000,1937740852706,1937747656682
376,376,"Agent 1",1,18759,18759,32768,17,"pk_gemm(__half const*, __half const*, __half*, int, int, int)",128,8704,0,208,0,128,"SQ_WAVES",1024.000000,1937740852706,1937747656682
377,377,"Agent 1",1,18759,18759,32768,17,"pk_gemm(__half const*, __half const*, __half*, int, int, int)",128,8704,0,208,0,128,"GRBM_GUI_ACTIVE",9946749.000000,1937747688902,1937754328571
377,377,"Agent 1",1,18759,18759,32768,17,"pk_gemm(__half const*, __half const*, __half*, int, int, int)",128,8704,0,208,0,128,"SQ_BUSY_CYCLES",19814888.000000,1937747688902,1937754328571
377,377,"Agent 1",1,18759,18759,32768,17,"pk_gemm(__half const*, __half const*, __half*, int, int, int)",128,8704,0,208,0,128,"SQ_INSTS_LDS",10485760.000000,1937747688902,1937754328571
377,377,"Agent 1",1,18759,18759,32768,17,"pk_gemm(__half const*, __half const*, __half*, int, int, int)",128,8704,0,208,0,128,"SQ_INSTS_VALU",149026816.000000,1937747688902,1937754328571
377,377,"Agent 1",1,18759,18759,32768,17,"pk_gemm(__half const*, __half const*, __half*, int, int, int)",128,8704,0,208,0,128,"SQ_WAIT_ANY",2608121058.000000,1937747688902,1937754328571
377,377,"Agent 1",1,18759,18759,32768,17,"pk_gemm(__half const*, __half const*, __half*, int, int, int)",128,8704,0,208,0,128,"SQ_WAVES",1024.000000,1937747688902,1937754328571
378,378,"Agent 1",1,18759,18759,32768,17,"pk_gemm(__half const*, __half const*, __half*, int, int, int)",128,8704,0,208,0,128,"GRBM_GUI_ACTIVE",10337514.000000,1937754360277,1937761274219
378,378,"Agent 1",1,18759,18759,32768,17,"pk_gemm(__half const*, __half const*, __half*, int, int, int)",128,8704,0,208,0,128,"SQ_BUSY_CYCLES",20655524.000000,1937754360277,1937761274219
378,378,"Agent 1",1,18759,18759,32768,17,"pk_gemm(__half const*, __half const*, __half*, int, int, int)",128,8704,0,208,0,128,"SQ_INSTS_LDS",10485760.000000,1937754360277,1937761274219
378,378,"Agent 1",1,18759,18759,32768,17,"pk_gemm(__half const*, __half const*, __half*, int, int, int)",128,8704,0,208,0,128,"SQ_INSTS_VALU",149026816.000000,1937754360277,1937761274219
378,378,"Agent 1",1,18759,18759,32768,17,"pk_gemm(__half const*, __half const*, __half*, int, int, int)",128,8704,0,208,0,128,"SQ_WAIT_ANY",2513330271.000000,1937754360277,1937761274219
378,378,"Agent 1",1,18759,18759,32768,17,"pk_gemm(__half const*, __half const*, __half*, int, int, int)",128,8704,0,208,0,128,"SQ_WAVES",1024.000000,1937754360277,1937761274219
379,379,"Agent 1",1,18759,18759,32768,17,"pk_gemm(__half const*, __half const*, __half*, int, int, int)",128,8704,0,208,0,128,"GRBM_GUI_ACTIVE",8879344.000000,1937761310285,1937767241467
379,379,"Agent 1",1,18759,18759,32768,17,"pk_gemm(__half const*, __half const*, __half*, int, int, int)",128,8704,0,208,0,128,"SQ_BUSY_CYCLES",17518874.000000,1937761310285,1937767241467
379,379,"Agent 1",1,18759,18759,32768,17,"pk_gemm(__half const*, __half const*, __half*, int, int, int)",128,8704,0,208,0,128,"SQ_INSTS_LDS",10485760.000000,1937761310285,1937767241467
379,379,"Agent 1",1,18759,18759,32768,17,"pk_gemm(__half const*, __half const*, __half*, int, int, int)",128,8704,0,208,0,128,"SQ_INSTS_VALU",149026816.000000,1937761310285,1937767241467
379,379,"Agent 1",1,18759,18759,32768,17,"pk_gemm(__half const*, __half const*, __half*, int, int, int)",128,8704,0,208,0,128,"SQ_WAIT_ANY",2237246767.000000,1937761310285,1937767241467
379,379,"Agent 1",1,18759,18759,32768,17,"pk_gemm(__half const*, __half const*, __half*, int, int, int)",128,8704,0,208,0,128,"SQ_WAVES",1024.000000,1937761310285,1937767241467
380,380,"Agent 1",1,18759,18759,32768,17,"pk_gemm(__half const*, __half const*, __half*, int, int, int)",128,8704,0,208,0,128,"GRBM_GUI_ACTIVE",9509865.000000,1937767272806,1937773628102
380,380,"Agent 1",1,18759,18759,32768,17,"pk_gemm(__half const*, __half const*, __half*, int, int, int)",128,8704,0,208,0,128,"SQ_BUSY_CYCLES",18953004.000000,1937767272806,1937773628102
380,380,"Agent 1",1,18759,18759,32768,17,"pk_gemm(__half const*, __half const*, __half*, int, int, int)",128,8704,0,208,0,128,"SQ_INSTS_LDS",10485760.000000,1937767272806,1937773628102
380,380,"Agent 1",1,18759,18759,32768,17,"pk_gemm(__half const*, __half const*, __half*, int, int, int)",128,8704,0,208,0,128,"SQ_INSTS_VALU",149026816.000000,1937767272806,1937773628102
380,380,"Agent 1",1,18759,18759,32768,17,"pk_gemm(__half const*, __half const*, __half*, int, int, int)",128,8704,0,208,0,128,"SQ_WAIT_ANY",2466567973.000000,1937767272806,1937773628102
380,380,"Agent 1",1,18759,18759,32768,17,"pk_gemm(__half const*, __half const*, __half*, int, int, int)",128,8704,0,208,0,128,"SQ_WAVES",1024.000000,1937767272806,1937773628102
381,381,"Agent 1",1,18759,18759,32768,17,"pk_gemm(__half const*, __half const*, __half*, int, int, int)",128,8704,0,208,0,128,"GRBM_GUI_ACTIVE",10053521.000000,1937773658920,1937780372206
381,381,"Agent 1",1,18759,18759,32768,17,"pk_gemm(__half const*, __half const*, __half*, int, int, int)",128,8704,0,208,0,128,"SQ_BUSY_CYCLES",19927608.000000,1937773658920,1937780372206
381,381,"Agent 1",1,18759,18759,32768,17,"pk_gemm(__half const*, __half const*, __half*, int, int, int)",128,8704,0,208,0,128,"SQ_INSTS_LDS",10485760.000000,1937773658920,1937780372206
381,381,"Agent 1",1,18759,18759,32768,17,"pk_gemm(__half const*, __half const*, __half*, int, int, int)",128,8704,0,208,0,128,"SQ_INSTS_VALU",149026816.000000,1937773658920,1937780372206
381,381,"Agent 1",1,18759,18759,32768,17,"pk_gemm(__half const*, __half const*, __half*, int, int, int)",128,8704,0,208,0,128,"SQ_WAIT_ANY",2686085364.000000,1937773658920,1937780372206
381,381,"Agent 1",1,18759,18759,32768,17,"pk_gemm(__half const*, __half const*, __half*, int, int, int)",128,8704,0,208,0,128,"SQ_WAVES",1024.000000,1937773658920,1937780372206
382,382,"Agent 1",1,18759,18759,32768,17,"pk_gemm(__half const*, __half const*, __half*, int, int, int)",128,8704,0,208,0,128,"GRBM_GUI_ACTIVE",9408208.000000,1937780402262,1937786689992
382,382,"Agent 1",1,18759,18759,32768,17,"pk_gemm(__half const*, __half const*, __half*, int, int, int)",128,8704,0,208,0,128,"SQ_BUSY_CYCLES",18593126.000000,1937780402262,1937786689992
382,382,"Agent 1",1,18759,18759,32768,17,"pk_gemm(__half const*, __half const*, __half*, int, int, int)",128,8704,0,208,0,128,"SQ_INSTS_LDS",10485760.000000,1937780402262,1937786689992
382,382,"Agent 1",1,18759,18759,32768,17,"pk_gemm(__half const*, __half const*, __half*, int, int, int)",128,8704,0,208,0,128,"SQ_INSTS_VALU",149026816.000000,1937780402262,1937786689992
382,382,"Agent 1",1,18759,18759,32768,17,"pk_gemm(__half const*, __half const*, __half*, int, int, int)",128,8704,0,208,0,128,"SQ_WAIT_ANY",2415738137.000000,1937780402262,1937786689992
382,382,"Agent 1",1,18759,18759,32768,17,"pk_gemm(__half const*, __half const*, __half*, int, int, int)",128,8704,0,208,0,128,"SQ_WAVES",1024.000000,1937780402262,1937786689992
383,383,"Agent 1",1,18759,18759,32768,17,"pk_gemm(__half const*, __half const*, __half*, int, int, int)",128,8704,0,208,0,128,"GRBM_GUI_ACTIVE",8992276.000000,1937786721050,1937792733704
383,383,"Agent 1",1,18759,18759,32768,17,"pk_gemm(__half const*, __half const*, __half*, int, int, int)",128,8704,0,208,0,128,"SQ_BUSY_CYCLES",17812334.000000,1937786721050,1937792733704
383,383,"Agent 1",1,18759,18759,32768,17,"pk_gemm(__half const*, __half const*, __half*, int, int, int)",128,8704,0,208,0,128,"SQ_INSTS_LDS",10485760.000000,1937786721050,1937792733704
383,383,"Agent 1",1,18759,18759,32768,17,"pk_gemm(__half const*, __half const*, __half*, int, int, int)",128,8704,0,208,0,128,"SQ_INSTS_VALU",149026816.000000,1937786721050,1937792733704
383,383,"Agent 1",1,18759,18759,32768,17,"pk_gemm(__half const*, __half const*, __half*, int, int, int)",128,8704,0,208,0,128,"SQ_WAIT_ANY",2344215241.000000,1937786721050,1937792733704
383,383,"Agent 1",1,18759,18759,32768,17,"pk_gemm(__half const*, __half const*, __half*, int, int, int)",128,8704,0,208,0,128,"SQ_WAVES",1024.000000,1937786721050,1937792733704
384,384,"Agent 1",1,18759,18759,32768,17,"pk_gemm(__half const*, __half const*, __half*, int, int, int)",128,8704,0,208,0,128,"GRBM_GUI_ACTIVE",9184688.000000,1937792762518,1937798900367
384,384,"Agent 1",1,18759,18759,32768,17,"pk_gemm(__half const*, __half const*, __half*, int, int, int)",128,8704,0,208,0,128,"SQ_BUSY_CYCLES",18322513.000000,1937792762518,1937798900367
384,384,"Agent 1",1,18759,18759,32768,17,"pk_gemm(__half const*, __half const*, __half*, int, int, int)",128,8704,0,208,0,128,"SQ_INSTS_LDS",10485760.000000,1937792762518,1937798900367
384,384,"Agent 1",1,18759,18759,32768,17,"pk_gemm(__half const*, __half const*, __half*, int, int, int)",128,8704,0,208,0,128,"SQ_INSTS_VALU",149026816.000000,1937792762518,1937798900367
384,384,"Agent 1",1,18759,18759,32768,17,"pk_gemm(__half const*, __half const*, __half*, int, int, int)",128,8704,0,208,0,128,"SQ_WAIT_ANY",2410794653.000000,1937792762518,1937798900367
384,384,"Agent 1",1,18759,18759,32768,17,"pk_gemm(__half const*, __half const*, __half*, int, int, int)",128,8704,0,208,0,128,"SQ_WAVES",1024.000000,1937792762518,1937798900367
385,385,"Agent 1",1,18759,18759,32768,17,"pk_gemm(__half const*, __half const*, __half*, int, int, int)",128,8704,0,208,0,128,"GRBM_GUI_ACTIVE",8889002.000000,1937798931025,1937804877355
385,385,"Agent 1",1,18759,18759,32768,17,"pk_gemm(__half const*, __half const*, __half*, int, int, int)",128,8704,0,208,0,128,"SQ_BUSY_CYCLES",17698210.000000,1937798931025,1937804877355
385,385,"Agent 1",1,18759,18759,32768,17,"pk_gemm(__half const*, __half const*, __half*, int, int, int)",128,8704,0,208,0,128,"SQ_INSTS_LDS",10485760.000000,1937798931025,1937804877355
385,385,"Agent 1",1,18759,18759,32768,17,"pk_gemm(__half const*, __half const*, __half*, int, int, int)",128,8704,0,208,0,128,"SQ_INSTS_VALU",149026816.000000,1937798931025,1937804877355
385,385,"Agent 1",1,18759,18759,32768,17,"pk_gemm(__half const*, __half const*, __half*, int, int, int)",128,8704,0,208,0,128,"SQ_WAIT_ANY",2312246964.000000,1937798931025,1937804877355
385,385,"Agent 1",1,18759,18759,32768,17,"pk_gemm(__half const*, __half const*, __half*, int, int, int)",128,8704,0,208,0,128,"SQ_WAVES",1024.000000,1937798931025,1937804877355
386,386,"Agent 1",1,18759,18759,131072,17,"pk_gemm(__half const*, __half const*, __half*, int, int, int)",128,8704,0,208,0,128,"GRBM_GUI_ACTIVE",64517574.000000,1938249845954,1938292905636
386,386,"Agent 1",1,18759,18759,131072,17,"pk_gemm(__half const*, __half const*, __half*, int, int, int)",128,8704,0,208,0,128,"SQ_BUSY_CYCLES",128903851.000000,1938249845954,1938292905636
386,386,"Agent 1",1,18759,18759,131072,17,"pk_gemm(__half const*, __half const*, __half*, int, int, int)",128,8704,0,208,0,128,"SQ_INSTS_LDS",83886080.000000,1938249845954,1938292905636
386,386,"Agent 1",1,18759,18759,131072,17,"pk_gemm(__half const*, __half const*, __half*, int, int, int)",128,8704,0,208,0,128,"SQ_INSTS_VALU",1189601280.000000,1938249845954,1938292905636
386,386,"Agent 1",1,18759,18759,131072,17,"pk_gemm(__half const*, __half const*, __half*, int, int, int)",128,8704,0,208,0,128,"SQ_WAIT_ANY",17637225078.000000,1938249845954,1938292905636
386,386,"Agent 1",1,18759,18759,131072,17,"pk_gemm(__half const*, __half const*, __half*, int, int, int)",128,8704,0,208,0,128,"SQ_WAVES",4096.000000,1938249845954,1938292905636
387,387,"Agent 1",1,18759,18759,131072,17,"pk_gemm(__half const*, __half const*, __half*, int, int, int)",128,8704,0,208,0,128,"GRBM_GUI_ACTIVE",76230820.000000,1938292944868,1938343850716
387,387,"Agent 1",1,18759,18759,131072,17,"pk_gemm(__half const*, __half const*, __half*, int, int, int)",128,8704,0,208,0,128,"SQ_BUSY_CYCLES",152371900.000000,1938292944868,1938343850716
387,387,"Agent 1",1,18759,18759,131072,17,"pk_gemm(__half const*, __half const*, __half*, int, int, int)",128,8704,0,208,0,128,"SQ_INSTS_LDS",83886080.000000,1938292944868,1938343850716
387,387,"Agent 1",1,18759,18759,131072,17,"pk_gemm(__half const*, __half const*, __half*, int, int, int)",128,8704,0,208,0,128,"SQ_INSTS_VALU",1189601280.000000,1938292944868,1938343850716
387,387,"Agent 1",1,18759,18759,131072,17,"pk_gemm(__half const*, __half const*, __half*, int, int, int)",128,8704,0,208,0,128,"SQ_WAIT_ANY",21369311002.000000,1938292944868,1938343850716
387,387,"Agent 1",1,18759,18759,131072,17,"pk_gemm(__half const*, __half const*, __half*, int, int, int)",128,8704,0,208,0,128,"SQ_WAVES",4096.000000,1938292944868,1938343850716
388,388,"Agent 1",1,18759,18759,131072,17,"pk_gemm(__half const*, __half const*, __half*, int, int, int)",128,8704,0,208,0,128,"GRBM_GUI_ACTIVE",100451413.000000,1938343883459,1938410946270
388,388,"Agent 1",1,18759,18759,131072,17,"pk_gemm(__half const*, __half const*, __half*, int, int, int)",128,8704,0,208,0,128,"SQ_BUSY_CYCLES",200811983.000000,1938343883459,1938410946270
388,388,"Agent 1",1,18759,18759,131072,17,"pk_gemm(__half const*, __half const*, __half*, int, int, int)",128,8704,0,208,0,128,"SQ_INSTS_LDS",83886080.000000,1938343883459,1938410946270
388,388,"Agent 1",1,18759,18759,131072,17,"pk_gemm(__half const*, __half const*, __half*, int, int, int)",128,8704,0,208,0,128,"SQ_INSTS_VALU",1189601280.000000,1938343883459,1938410946270
388,388,"Agent 1",1,18759,18759,131072,17,"pk_gemm(__half const*, __half const*, __half*, int, int, int)",128,8704,0,208,0,128,"SQ_WAIT_ANY",28360048153.000000,1938343883459,1938410946270
388,388,"Agent 1",1,18759,18759,131072,17,"pk_gemm(__half const*, __half const*, __half*, int, int, int)",128,8704,0,208,0,128,"SQ_WAVES",4096.000000,1938343883459,1938410946270
389,389,"Agent 1",1,18759,18759,131072,17,"pk_gemm(__half const*, __half const*, __half*, int, int, int)",128,8704,0,208,0,128,"GRBM_GUI_ACTIVE",98572683.000000,1938410980140,1938476759672
389,389,"Agent 1",1,18759,18759,131072,17,"pk_gemm(__half const*, __half const*, __half*, int, int, int)",128,8704,0,208,0,128,"SQ_BUSY_CYCLES",197129029.000000,1938410980140,1938476759672
389,389,"Agent 1",1,18759,18759,131072,17,"pk_gemm(__half const*, __half const*, __half*, int, int, int)",128,8704,0,208,0,128,"SQ_INSTS_LDS",83886080.000000,1938410980140,1938476759672
389,389,"Agent 1",1,18759,18759,131072,17,"pk_gemm(__half const*, __half const*, __half*, int, int, int)",128,8704,0,208,0,128,"SQ_INSTS_VALU",1189601280.000000,1938410980140,1938476759672
389,389,"Agent 1",1,18759,18759,131072,17,"pk_gemm(__half const*, __half const*, __half*, int, int, int)",128,8704,0,208,0,128,"SQ_WAIT_ANY",28080256989.000000,1938410980140,1938476759672
389,389,"Agent 1",1,18759,18759,131072,17,"pk_gemm(__half const*, __half const*, __half*, int, int, int)",128,8704,0,208,0,128,"SQ_WAVES",4096.000000,1938410980140,1938476759672
390,390,"Agent 1",1,18759,18759,131072,17,"pk_gemm(__half const*, __half const*, __half*, int, int, int)",128,8704,0,208,0,128,"GRBM_GUI_ACTIVE",73505018.000000,1938476794496,1938525878856
390,390,"Agent 1",1,18759,18759,131072,17,"pk_gemm(__half const*, __half const*, __half*, int, int, int)",128,8704,0,208,0,128,"SQ_BUSY_CYCLES",146948416.000000,1938476794496,1938525878856
390,390,"Agent 1",1,18759,18759,131072,17,"pk_gemm(__half const*, __half const*, __half*, int, int, int)",128,8704,0,208,0,128,"SQ_INSTS_LDS",83886080.000000,1938476794496,1938525878856
390,390,"Agent 1",1,18759,18759,131072,17,"pk_gemm(__half const*, __half const*, __half*, int, int, int)",128,8704,0,208,0,128,"SQ_INSTS_VALU",1189601280.000000,1938476794496,1938525878856
390,390,"Agent 1",1,18759,18759,131072,17,"pk_gemm(__half const*, __half const*, __half*, int, int, int)",128,8704,0,208,0,128,"SQ_WAIT_ANY",19992635232.000000,1938476794496,1938525878856
390,390,"Agent 1",1,18759,18759,131072,17,"pk_gemm(__half const*, __half const*, __half*, int, int, int)",128,8704,0,208,0,128,"SQ_WAVES",4096.000000,1938476794496,1938525878856
391,391,"Agent 1",1,18759,18759,131072,17,"pk_gemm(__half const*, __half const*, __half*, int, int, int)",128,8704,0,208,0,128,"GRBM_GUI_ACTIVE",74205833.000000,1938525909311,1938575454293
391,391,"Agent 1",1,18759,18759,131072,17,"pk_gemm(__half const*, __half const*, __half*, int, int, int)",128,8704,0,208,0,128,"SQ_BUSY_CYCLES",148317824.000000,1938525909311,1938575454293
391,391,"Agent 1",1,18759,18759,131072,17,"pk_gemm(__half const*, __half const*, __half*, int, int, int)",128,8704,0,208,0,128,"SQ_INSTS_LDS",83886080.000000,1938525909311,1938575454293
391,391,"Agent 1",1,18759,18759,131072,17,"pk_gemm(__half const*, __half const*, __half*, int, int, int)",128,8704,0,208,0,128,"SQ_INSTS_VALU",1189601280.000000,1938525909311,1938575454293
391,391,"Agent 1",1,18759,18759,131072,17,"pk_gemm(__half const*, __half const*, __half*, int, int, int)",128,8704,0,208,0,128,"SQ_WAIT_ANY",20520593104.000000,1938525909311,1938575454293
391,391,"Agent 1",1,18759,18759,131072,17,"pk_gemm(__half const*, __half const*, __half*, int, int, int)",128,8704,0,208,0,128,"SQ_WAVES",4096.000000,1938525909311,1938575454293
392,392,"Agent 1",1,18759,18759,131072,17,"pk_gemm(__half const*, __half const*, __half*, int, int, int)",128,8704,0,208,0,128,"GRBM_GUI_ACTIVE",101148412.000000,1938575490325,1938642970721
392,392,"Agent 1",1,18759,18759,131072,17,"pk_gemm(__half const*, __half const*, __half*, int, int, int)",128,8704,0,208,0,128,"SQ_BUSY_CYCLES",201953191.000000,1938575490325,1938642970721
392,392,"Agent 1",1,18759,18759,131072,17,"pk_gemm(__half const*, __half const*, __half*, int, int, int)",128,8704,0,208,0,128,"SQ_INSTS_LDS",83886080.000000,1938575490325,1938642970721
392,392,"Agent 1",1,18759,18759,131072,17,"pk_gemm(__half const*, __half const*, __half*, int, int, int)",128,8704,0,208,0,128,"SQ_INSTS_VALU",1189601280.000000,1938575490325,1938642970721
392,392,"Agent 1",1,18759,18759,131072,17,"pk_gemm(__half const*, __half const*, __half*, int, int, int)",128,8704,0,208,0,128,"SQ_WAIT_ANY",29140789898.000000,1938575490325,1938642970721
392,392,"Agent 1",1,18759,18759,131072,17,"pk_gemm(__half const*, __half const*, __half*, int, int, int)",128,8704,0,208,0,128,"SQ_WAVES",4096.000000,1938575490325,1938642970721
393,393,"Agent 1",1,18759,18759,131072,17,"pk_gemm(__half const*, __half const*, __half*, int, int, int)",128,8704,0,208,0,128,"GRBM_GUI_ACTIVE",85167129.000000,1938643003781,1938699843459
393,393,"Agent 1",1,18759,18759,131072,17,"pk_gemm(__half const*, __half const*, __half*, int, int, int)",128,8704,0,208,0,128,"SQ_BUSY_CYCLES",170259652.000000,1938643003781,1938699843459
393,393,"Agent 1",1,18759,18759,131072,17,"pk_gemm(__half const*, __half const*, __half*, int, int, int)",128,8704,0,208,0,128,"SQ_INSTS_LDS",83886080.000000,1938643003781,1938699843459
393,393,"Agent 1",1,18759,18759,131072,17,"pk_gemm(__half const*, __half const*, __half*, int, int, int)",128,8704,0,208,0,128,"SQ_INSTS_VALU",1189601280.000000,1938643003781,1938699843459
393,393,"Agent 1",1,18759,18759,131072,17,"pk_gemm(__half const*, __half const*, __half*, int, int, int)",128,8704,0,208,0,128,"SQ_WAIT_ANY",23805867928.000000,1938643003781,1938699843459
393,393,"Agent 1",1,18759,18759,131072,17,"pk_gemm(__half const*, __half const*, __half*, int, int, int)",128,8704,0,208,0,128,"SQ_WAVES",4096.000000,1938643003781,1938699843459
394,394,"Agent 1",1,18759,18759,131072,17,"pk_gemm(__half const*, __half const*, __half*, int, int, int)",128,8704,0,208,0,128,"GRBM_GUI_ACTIVE",93556213.000000,1938699903287,1938762353266
394,394,"Agent 1",1,18759,18759,131072,17,"pk_gemm(__half const*, __half const*, __half*, int, int, int)",128,8704,0,208,0,128,"SQ_BUSY_CYCLES",187040975.000000,1938699903287,1938762353266
394,394,"Agent 1",1,18759,18759,131072,17,"pk_gemm(__half const*, __half const*, __half*, int, int, int)",128,8704,0,208,0,128,"SQ_INSTS_LDS",83886080.000000,1938699903287,1938762353266
394,394,"Agent 1",1,18759,18759,131072,17,"pk_gemm(__half const*, __half const*, __half*, int, int, int)",128,8704,0,208,0,128,"SQ_INSTS_VALU",1189601280.000000,1938699903287,1938762353266
394,394,"Agent 1",1,18759,18759,131072,17,"pk_gemm(__half const*, __half const*, __half*, int, int, int)",128,8704,0,208,0,128,"SQ_WAIT_ANY",26577681960.000000,1938699903287,1938762353266
394,394,"Agent 1",1,18759,18759,131072,17,"pk_gemm(__half const*, __half const*, __half*, int, int, int)",128,8704,0,208,0,128,"SQ_WAVES",4096.000000,1938699903287,1938762353266
395,395,"Agent 1",1,18759,18759,131072,17,"pk_gemm(__half const*, __half const*, __half*, int, int, int)",128,8704,0,208,0,128,"GRBM_GUI_ACTIVE",76998591.000000,1938762387930,1938813804175
395,395,"Agent 1",1,18759,18759,131072,17,"pk_gemm(__half const*, __half const*, __half*, int, int, int)",128,8704,0,208,0,128,"SQ_BUSY_CYCLES",153912677.000000,1938762387930,1938813804175
395,395,"Agent 1",1,18759,18759,131072,17,"pk_gemm(__half const*, __half const*, __half*, int, int, int)",128,8704,0,208,0,128,"SQ_INSTS_LDS",83886080.000000,1938762387930,1938813804175
395,395,"Agent 1",1,18759,18759,131072,17,"pk_gemm(__half const*, __half const*, __half*, int, int, int)",128,8704,0,208,0,128,"SQ_INSTS_VALU",1189601280.000000,1938762387930,1938813804175
395,395,"Agent 1",1,18759,18759,131072,17,"pk_gemm(__half const*, __half const*, __half*, int, int, int)",128,8704,0,208,0,128,"SQ_WAIT_ANY",20789681867.000000,1938762387930,1938813804175
395,395,"Agent 1",1,18759,18759,131072,17,"pk_gemm(__half const*, __half const*, __half*, int, int, int)",128,8704,0,208,0,128,"SQ_WAVES",4096.000000,1938762387930,1938813804175
396,396,"Agent 1",1,18759,18759,131072,17,"pk_gemm(__half const*, __half const*, __half*, int, int, int)",128,8704,0,208,0,128,"GRBM_GUI_ACTIVE",77853299.000000,1938813840155,1938865818332
396,396,"Agent 1",1,18759,18759,131072,17,"pk_gemm(__half const*, __half const*, __half*, int, int, int)",128,8704,0,208,0,128,"SQ_BUSY_CYCLES",155562580.000000,1938813840155,1938865818332
396,396,"Agent 1",1,18759,18759,131072,17,"pk_gemm(__half const*, __half const*, __half*, int, int, int)",128,8704,0,208,0,128,"SQ_INSTS_LDS",83886080.000000,1938813840155,1938865818332
396,396,"Agent 1",1,18759,18759,131072,17,"pk_gemm(__half const*, __half const*, __half*, int, int, int)",128,8704,0,208,0,128,"SQ_INSTS_VALU",1189601280.000000,1938813840155,1938865818332
396,396,"Agent 1",1,18759,18759,131072,17,"pk_gemm(__half const*, __half const*, __half*, int, int, int)",128,8704,0,208,0,128,"SQ_WAIT_ANY",21191875905.000000,1938813840155,1938865818332
396,396,"Agent 1",1,18759,18759,131072,17,"pk_gemm(__half const*, __half const*, __half*, int, int, int)",128,8704,0,208,0,128,"SQ_WAVES",4096.000000,1938813840155,1938865818332
397,397,"Agent 1",1,18759,18759,131072,17,"pk_gemm(__half const*, __half const*, __half*, int, int, int)",128,8704,0,208,0,128,"GRBM_GUI_ACTIVE",89613596.000000,1938865852756,1938925679304
397,397,"Agent 1",1,18759,18759,131072,17,"pk_gemm(__half const*, __half const*, __half*, int, int, int)",128,8704,0,208,0,128,"SQ_BUSY_CYCLES",179032668.000000,1938865852756,1938925679304
397,397,"Agent 1",1,18759,18759,131072,17,"pk_gemm(__half const*, __half const*, __half*, int, int, int)",128,8704,0,208,0,128,"SQ_INSTS_LDS",83886080.000000,1938865852756,1938925679304
397,397,"Agent 1",1,18759,18759,131072,17,"pk_gemm(__half const*, __half const*, __half*, int, int, int)",128,8704,0,208,0,128,"SQ_INSTS_VALU",1189601280.000000,1938865852756,1938925679304
397,397,"Agent 1",1,18759,18759,131072,17,"pk_gemm(__half const*, __half const*, __half*, int, int, int)",128,8704,0,208,0,128,"SQ_WAIT_ANY",25234755479.000000,1938865852756,1938925679304
397,397,"Agent 1",1,18759,18759,131072,17,"pk_gemm(__half const*, __half const*, __half*, int, int, int)",128,8704,0,208,0,128,"SQ_WAVES",4096.000000,1938865852756,1938925679304
398,398,"Agent 1",1,18759,18759,131072,17,"pk_gemm(__half const*, __half const*, __half*, int, int, int)",128,8704,0,208,0,128,"GRBM_GUI_ACTIVE",73070475.000000,1938925713986,1938974508164
398,398,"Agent 1",1,18759,18759,131072,17,"pk_gemm(__half const*, __half const*, __half*, int, int, int)",128,8704,0,208,0,128,"SQ_BUSY_CYCLES",145995191.000000,1938925713986,1938974508164
398,398,"Agent 1",1,18759,18759,131072,17,"pk_gemm(__half const*, __half const*, __half*, int, int, int)",128,8704,0,208,0,128,"SQ_INSTS_LDS",83886080.000000,1938925713986,1938974508164
398,398,"Agent 1",1,18759,18759,131072,17,"pk_gemm(__half const*, __half const*, __half*, int, int, int)",128,8704,0,208,0,128,"SQ_INSTS_VALU",1189601280.000000,1938925713986,1938974508164
398,398,"Agent 1",1,18759,18759,131072,17,"pk_gemm(__half const*, __half const*, __half*, int, int, int)",128,8704,0,208,0,128,"SQ_WAIT_ANY",20232793946.000000,1938925713986,1938974508164
398,398,"Agent 1",1,18759,18759,131072,17,"pk_gemm(__half const*, __half const*, __half*, int, int, int)",128,8704,0,208,0,128,"SQ_WAVES",4096.000000,1938925713986,1938974508164
399,399,"Agent 1",1,18759,18759,131072,17,"pk_gemm(__half const*, __half const*, __half*, int, int, int)",128,8704,0,208,0,128,"GRBM_GUI_ACTIVE",88762522.000000,1938974545152,1939033798509
399,399,"Agent 1",1,18759,18759,131072,17,"pk_gemm(__half const*, __half const*, __half*, int, int, int)",128,8704,0,208,0,128,"SQ_BUSY_CYCLES",177477904.000000,1938974545152,1939033798509
399,399,"Agent 1",1,18759,18759,131072,17,"pk_gemm(__half const*, __half const*, __half*, int, int, int)",128,8704,0,208,0,128,"SQ_INSTS_LDS",83886080.000000,1938974545152,1939033798509
399,399,"Agent 1",1,18759,18759,131072,17,"pk_gemm(__half const*, __half const*, __half*, int, int, int)",128,8704,0,208,0,128,"SQ_INSTS_VALU",1189601280.000000,1938974545152,1939033798509
399,399,"Agent 1",1,18759,18759,131072,17,"pk_gemm(__half const*, __half const*, __half*, int, int, int)",128,8704,0,208,0,128,"SQ_WAIT_ANY",24845574800.000000,1938974545152,1939033798509
399,399,"Agent 1",1,18759,18759,131072,17,"pk_gemm(__half const*, __half const*, __half*, int, int, int)",128,8704,0,208,0,128,"SQ_WAVES",4096.000000,1938974545152,1939033798509
400,400,"Agent 1",1,18759,18759,131072,17,"pk_gemm(__half const*, __half const*, __half*, int, int, int)",128,8704,0,208,0,128,"GRBM_GUI_ACTIVE",81799791.000000,1939033830966,1939088428166
400,400,"Agent 1",1,18759,18759,131072,17,"pk_gemm(__half const*, __half const*, __half*, int, int, int)",128,8704,0,208,0,128,"SQ_BUSY_CYCLES",163484050.000000,1939033830966,1939088428166
400,400,"Agent 1",1,18759,18759,131072,17,"pk_gemm(__half const*, __half const*, __half*, int, int, int)",128,8704,0,208,0,128,"SQ_INSTS_LDS",83886080.000000,1939033830966,1939088428166
400,400,"Agent 1",1,18759,18759,131072,17,"pk_gemm(__half const*, __half const*, __half*, int, int, int)",128,8704,0,208,0,128,"SQ_INSTS_VALU",1189601280.000000,1939033830966,1939088428166
400,400,"Agent 1",1,18759,18759,131072,17,"pk_gemm(__half const*, __half const*, __half*, int, int, int)",128,8704,0,208,0,128,"SQ_WAIT_ANY",23012772296.000000,1939033830966,1939088428166
400,400,"Agent 1",1,18759,18759,131072,17,"pk_gemm(__half const*, __half const*, __half*, int, int, int)",128,8704,0,208,0,128,"SQ_WAVES",4096.000000,1939033830966,1939088428166
401,401,"Agent 1",1,18759,18759,131072,17,"pk_gemm(__half const*, __half const*, __half*, int, int, int)",128,8704,0,208,0,128,"GRBM_GUI_ACTIVE",98048476.000000,1939088465315,1939153924569
401,401,"Agent 1",1,18759,18759,131072,17,"pk_gemm(__half const*, __half const*, __half*, int, int, int)",128,8704,0,208,0,128,"SQ_BUSY_CYCLES",196077641.000000,1939088465315,1939153924569
401,401,"Agent 1",1,18759,18759,131072,17,"pk_gemm(__half const*, __half const*, __half*, int, int, int)",128,8704,0,208,0,128,"SQ_INSTS_LDS",83886080.000000,1939088465315,1939153924569
401,401,"Agent 1",1,18759,18759,131072,17,"pk_gemm(__half const*, __half const*, __half*, int, int, int)",128,8704,0,208,0,128,"SQ_INSTS_VALU",1189601280.000000,1939088465315,1939153924569
401,401,"Agent 1",1,18759,18759,131072,17,"pk_gemm(__half const*, __half const*, __half*, int, int, int)",128,8704,0,208,0,128,"SQ_WAIT_ANY",27718327229.000000,1939088465315,1939153924569
401,401,"Agent 1",1,18759,18759,131072,17,"pk_gemm(__half const*, __half const*, __half*, int, int, int)",128,8704,0,208,0,128,"SQ_WAVES",4096.000000,1939088465315,1939153924569
402,402,"Agent 1",1,18759,18759,131072,17,"pk_gemm(__half const*, __half const*, __half*, int, int, int)",128,8704,0,208,0,128,"GRBM_GUI_ACTIVE",57655245.000000,1939153963320,1939192459301
402,402,"Agent 1",1,18759,18759,131072,17,"pk_gemm(__half const*, __half const*, __half*, int, int, int)",128,8704,0,208,0,128,"SQ_BUSY_CYCLES",115250648.000000,1939153963320,1939192459301
402,402,"Agent 1",1,18759,18759,131072,17,"pk_gemm(__half const*, __half const*, __half*, int, int, int)",128,8704,0,208,0,128,"SQ_INSTS_LDS",83886080.000000,1939153963320,1939192459301
402,402,"Agent 1",1,18759,18759,131072,17,"pk_gemm(__half const*, __half const*, __half*, int, int, int)",128,8704,0,208,0,128,"SQ_INSTS_VALU",1189601280.000000,1939153963320,1939192459301
402,402,"Agent 1",1,18759,18759,131072,17,"pk_gemm(__half const*, __half const*, __half*, int, int, int)",128,8704,0,208,0,128,"SQ_WAIT_ANY",15319818149.000000,1939153963320,1939192459301
402,402,"Agent 1",1,18759,18759,131072,17,"pk_gemm(__half const*, __half const*, __half*, int, int, int)",128,8704,0,208,0,128,"SQ_WAVES",4096.000000,1939153963320,1939192459301
403,403,"Agent 1",1,18759,18759,131072,17,"pk_gemm(__half const*, __half const*, __half*, int, int, int)",128,8704,0,208,0,128,"GRBM_GUI_ACTIVE",70283760.000000,1939192492859,1939239421585
403,403,"Agent 1",1,18759,18759,131072,17,"pk_gemm(__half const*, __half const*, __half*, int, int, int)",128,8704,0,208,0,128,"SQ_BUSY_CYCLES",140509125.000000,1939192492859,1939239421585
403,403,"Agent 1",1,18759,18759,131072,17,"pk_gemm(__half const*, __half const*, __half*, int, int, int)",128,8704,0,208,0,128,"SQ_INSTS_LDS",83886080.000000,1939192492859,1939239421585
403,403,"Agent 1",1,18759,18759,131072,17,"pk_gemm(__half const*, __half const*, __half*, int, int, int)",128,8704,0,208,0,128,"SQ_INSTS_VALU",1189601280.000000,1939192492859,1939239421585
403,403,"Agent 1",1,18759,18759,131072,17,"pk_gemm(__half const*, __half const*, __half*, int, int, int)",128,8704,0,208,0,128,"SQ_WAIT_ANY",18988776486.000000,1939192492859,1939239421585
403,403,"Agent 1",1,18759,18759,131072,17,"pk_gemm(__half const*, __half const*, __half*, int, int, int)",128,8704,0,208,0,128,"SQ_WAVES",4096.000000,1939192492859,1939239421585
404,404,"Agent 1",1,18759,18759,131072,17,"pk_gemm(__half const*, __half const*, __half*, int, int, int)",128,8704,0,208,0,128,"GRBM_GUI_ACTIVE",74747730.000000,1939239457291,1939289368240
404,404,"Agent 1",1,18759,18759,131072,17,"pk_gemm(__half const*, __half const*, __half*, int, int, int)",128,8704,0,208,0,128,"SQ_BUSY_CYCLES",149468892.000000,1939239457291,1939289368240
404,404,"Agent 1",1,18759,18759,131072,17,"pk_gemm(__half const*, __half const*, __half*, int, int, int)",128,8704,0,208,0,128,"SQ_INSTS_LDS",83886080.000000,1939239457291,1939289368240
404,404,"Agent 1",1,18759,18759,131072,17,"pk_gemm(__half const*, __half const*, __half*, int, int, int)",128,8704,0,208,0,128,"SQ_INSTS_VALU",1189601280.000000,1939239457291,1939289368240
404,404,"Agent 1",1,18759,18759,131072,17,"pk_gemm(__half const*, __half const*, __half*, int, int, int)",128,8704,0,208,0,128,"SQ_WAIT_ANY",21016529117.000000,1939239457291,1939289368240
404,404,"Agent 1",1,18759,18759,131072,17,"pk_gemm(__half const*, __half const*, __half*, int, int, int)",128,8704,0,208,0,128,"SQ_WAVES",4096.000000,1939239457291,1939289368240
405,405,"Agent 1",1,18759,18759,131072,17,"pk_gemm(__half const*, __half const*, __half*, int, int, int)",128,8704,0,208,0,128,"GRBM_GUI_ACTIVE",106689523.000000,1939289399489,1939360619765
405,405,"Agent 1",1,18759,18759,131072,17,"pk_gemm(__half const*, __half const*, __half*, int, int, int)",128,8704,0,208,0,128,"SQ_BUSY_CYCLES",213270179.000000,1939289399489,1939360619765
405,405,"Agent 1",1,18759,18759,131072,17,"pk_gemm(__half const*, __half const*, __half*, int, int, int)",128,8704,0,208,0,128,"SQ_INSTS_LDS",83886080.000000,1939289399489,1939360619765
405,405,"Agent 1",1,18759,18759,131072,17,"pk_gemm(__half const*, __half const*, __half*, int, int, int)",128,8704,0,208,0,128,"SQ_INSTS_VALU",1189601280.000000,1939289399489,1939360619765
405,405,"Agent 1",1,18759,18759,131072,17,"pk_gemm(__half const*, __half const*, __half*, int, int, int)",128,8704,0,208,0,128,"SQ_WAIT_ANY",30291903568.000000,1939289399489,1939360619765
405,405,"Agent 1",1,18759,18759,131072,17,"pk_gemm(__half const*, __half const*, __half*, int, int, int)",128,8704,0,208,0,128,"SQ_WAVES",4096.000000,1939289399489,1939360619765
406,406,"Agent 1",1,18759,18759,131072,17,"pk_gemm(__half const*, __half const*, __half*, int, int, int)",128,8704,0,208,0,128,"GRBM_GUI_ACTIVE",48722211.000000,1939360653107,1939393206603
406,406,"Agent 1",1,18759,18759,131072,17,"pk_gemm(__half const*, __half const*, __half*, int, int, int)",128,8704,0,208,0,128,"SQ_BUSY_CYCLES",97405742.000000,1939360653107,1939393206603
406,406,"Agent 1",1,18759,18759,131072,17,"pk_gemm(__half const*, __half const*, __half*, int, int, int)",128,8704,0,208,0,128,"SQ_INSTS_LDS",83886080.000000,1939360653107,1939393206603
406,406,"Agent 1",1,18759,18759,131072,17,"pk_gemm(__half const*, __half const*, __half*, int, int, int)",128,8704,0,208,0,128,"SQ_INSTS_VALU",1189601280.000000,1939360653107,1939393206603
406,406,"Agent 1",1,18759,18759,131072,17,"pk_gemm(__half const*, __half const*, __half*, int, int, int)",128,8704,0,208,0,128,"SQ_WAIT_ANY",12915174249.000000,1939360653107,1939393206603
406,406,"Agent 1",1,18759,18759,131072,17,"pk_gemm(__half const*, __half const*, __half*, int, int, int)",128,8704,0,208,0,128,"SQ_WAVES",4096.000000,1939360653107,1939393206603
407,407,"Agent 1",1,18759,18759,131072,17,"pk_gemm(__half const*, __half const*, __half*, int, int, int)",128,8704,0,208,0,128,"GRBM_GUI_ACTIVE",86406405.000000,1939393239409,1939450953845
407,407,"Agent 1",1,18759,18759,131072,17,"pk_gemm(__half const*, __half const*, __half*, int, int, int)",128,8704,0,208,0,128,"SQ_BUSY_CYCLES",172784687.000000,1939393239409,1939450953845
407,407,"Agent 1",1,18759,18759,131072,17,"pk_gemm(__half const*, __half const*, __half*, int, int, int)",128,8704,0,208,0,128,"SQ_INSTS_LDS",83886080.000000,1939393239409,1939450953845
407,407,"Agent 1",1,18759,18759,131072,17,"pk_gemm(__half const*, __half const*, __half*, int, int, int)",128,8704,0,208,0,128,"SQ_INSTS_VALU",1189601280.000000,1939393239409,1939450953845
407,407,"Agent 1",1,18759,18759,131072,17,"pk_gemm(__half const*, __half const*, __half*, int, int, int)",128,8704,0,208,0,128,"SQ_WAIT_ANY",24152116230.000000,1939393239409,1939450953845
407,407,"Agent 1",1,18759,18759,131072,17,"pk_gemm(__half const*, __half const*, __half*, int, int, int)",128,8704,0,208,0,128,"SQ_WAVES",4096.000000,1939393239409,1939450953845
408,408,"Agent 1",1,18759,18759,131072,17,"pk_gemm(__half const*, __half const*, __half*, int, int, int)",128,8704,0,208,0,128,"GRBM_GUI_ACTIVE",71029667.000000,1939450989511,1939498415408
408,408,"Agent 1",1,18759,18759,131072,17,"pk_gemm(__half const*, __half const*, __half*, int, int, int)",128,8704,0,208,0,128,"SQ_BUSY_CYCLES",142008287.000000,1939450989511,1939498415408
408,408,"Agent 1",1,18759,18759,131072,17,"pk_gemm(__half const*, __half const*, __half*, int, int, int)",128,8704,0,208,0,128,"SQ_INSTS_LDS",83886080.000000,1939450989511,1939498415408
408,408,"Agent 1",1,18759,18759,131072,17,"pk_gemm(__half const*, __half const*, __half*, int, int, int)",128,8704,0,208,0,128,"SQ_INSTS_VALU",1189601280.000000,1939450989511,1939498415408
408,408,"Agent 1",1,18759,18759,131072,17,"pk_gemm(__half const*, __half const*, __half*, int, int, int)",128,8704,0,208,0,128,"SQ_WAIT_ANY",19496332179.000000,1939450989511,1939498415408
408,408,"Agent 1",1,18759,18759,131072,17,"pk_gemm(__half const*, __half const*, __half*, int, int, int)",128,8704,0,208,0,128,"SQ_WAVES",4096.000000,1939450989511,1939498415408
409,409,"Agent 1",1,18759,18759,131072,17,"pk_gemm(__half const*, __half const*, __half*, int, int, int)",128,8704,0,208,0,128,"GRBM_GUI_ACTIVE",100630004.000000,1939498446055,1939565627250
409,409,"Agent 1",1,18759,18759,131072,17,"pk_gemm(__half const*, __half const*, __half*, int, int, int)",128,8704,0,208,0,128,"SQ_BUSY_CYCLES",201240250.000000,1939498446055,1939565627250
409,409,"Agent 1",1,18759,18759,131072,17,"pk_gemm(__half const*, __half const*, __half*, int, int, int)",128,8704,0,208,0,128,"SQ_INSTS_LDS",83886080.000000,1939498446055,1939565627250
409,409,"Agent 1",1,18759,18759,131072,17,"pk_gemm(__half const*, __half const*, __half*, int, int, int)",128,8704,0,208,0,128,"SQ_INSTS_VALU",1189601280.000000,1939498446055,1939565627250
409,409,"Agent 1",1,18759,18759,131072,17,"pk_gemm(__half const*, __half const*, __half*, int, int, int)",128,8704,0,208,0,128,"SQ_WAIT_ANY",28341131496.000000,1939498446055,1939565627250
409,409,"Agent 1",1,18759,18759,131072,17,"pk_gemm(__half const*, __half const*, __half*, int, int, int)",128,8704,0,208,0,128,"SQ_WAVES",4096.000000,1939498446055,1939565627250
410,410,"Agent 1",1,18759,18759,131072,17,"pk_gemm(__half const*, __half const*, __half*, int, int, int)",128,8704,0,208,0,128,"GRBM_GUI_ACTIVE",67629275.000000,1939565662115,1939610789949
410,410,"Agent 1",1,18759,18759,131072,17,"pk_gemm(__half const*, __half const*, __half*, int, int, int)",128,8704,0,208,0,128,"SQ_BUSY_CYCLES",135201879.000000,1939565662115,1939610789949
410,410,"Agent 1",1,18759,18759,131072,17,"pk_gemm(__half const*, __half const*, __half*, int, int, int)",128,8704,0,208,0,128,"SQ_INSTS_LDS",83886080.000000,1939565662115,1939610789949
410,410,"Agent 1",1,18759,18759,131072,17,"pk_gemm(__half const*, __half const*, __half*, int, int, int)",128,8704,0,208,0,128,"SQ_INSTS_VALU",1189601280.000000,1939565662115,1939610789949
410,410,"Agent 1",1,18759,18759,131072,17,"pk_gemm(__half const*, __half const*, __half*, int, int, int)",128,8704,0,208,0,128,"SQ_WAIT_ANY",18507514550.000000,1939565662115,1939610789949
410,410,"Agent 1",1,18759,18759,131072,17,"pk_gemm(__half const*, __half const*, __half*, int, int, int)",128,8704,0,208,0,128,"SQ_WAVES",4096.000000,1939565662115,1939610789949
411,411,"Agent 1",1,18759,18759,131072,17,"pk_gemm(__half const*, __half const*, __half*, int, int, int)",128,8704,0,208,0,128,"GRBM_GUI_ACTIVE",60753311.000000,1939610822401,1939651389699
411,411,"Agent 1",1,18759,18759,131072,17,"pk_gemm(__half const*, __half const*, __half*, int, int, int)",128,8704,0,208,0,128,"SQ_BUSY_CYCLES",121393625.000000,1939610822401,1939651389699
411,411,"Agent 1",1,18759,18759,131072,17,"pk_gemm(__half const*, __half const*, __half*, int, int, int)",128,8704,0,208,0,128,"SQ_INSTS_LDS",83886080.000000,1939610822401,1939651389699
411,411,"Agent 1",1,18759,18759,131072,17,"pk_gemm(__half const*, __half const*, __half*, int, int, int)",128,8704,0,208,0,128,"SQ_INSTS_VALU",1189601280.000000,1939610822401,1939651389699
411,411,"Agent 1",1,18759,18759,131072,17,"pk_gemm(__half const*, __half const*, __half*, int, int, int)",128,8704,0,208,0,128,"SQ_WAIT_ANY",16633530130.000000,1939610822401,1939651389699
411,411,"Agent 1",1,18759,18759,131072,17,"pk_gemm(__half const*, __half const*, __half*, int, int, int)",128,8704,0,208,0,128,"SQ_WAVES",4096.000000,1939610822401,1939651389699
412,412,"Agent 1",1,18759,18759,131072,17,"pk_gemm(__half const*, __half const*, __half*, int, int, int)",128,8704,0,208,0,128,"GRBM_GUI_ACTIVE",85680198.000000,1939651421437,1939708634655
412,412,"Agent 1",1,18759,18759,131072,17,"pk_gemm(__half const*, __half const*, __half*, int, int, int)",128,8704,0,208,0,128,"SQ_BUSY_CYCLES",171263464.000000,1939651421437,1939708634655
412,412,"Agent 1",1,18759,18759,131072,17,"pk_gemm(__half const*, __half const*, __half*, int, int, int)",128,8704,0,208,0,128,"SQ_INSTS_LDS",83886080.000000,1939651421437,1939708634655
412,412,"Agent 1",1,18759,18759,131072,17,"pk_gemm(__half const*, __half const*, __half*, int, int, int)",128,8704,0,208,0,128,"SQ_INSTS_VALU",1189601280.000000,1939651421437,1939708634655
412,412,"Agent 1",1,18759,18759,131072,17,"pk_gemm(__half const*, __half const*, __half*, int, int, int)",128,8704,0,208,0,128,"SQ_WAIT_ANY",24095986778.000000,1939651421437,1939708634655
412,412,"Agent 1",1,18759,18759,131072,17,"pk_gemm(__half const*, __half const*, __half*, int, int, int)",128,8704,0,208,0,128,"SQ_WAVES",4096.000000,1939651421437,1939708634655
413,413,"Agent 1",1,18759,18759,131072,17,"pk_gemm(__half const*, __half const*, __half*, int, int, int)",128,8704,0,208,0,128,"GRBM_GUI_ACTIVE",75261701.000000,1939708665299,1939758908751
413,413,"Agent 1",1,18759,18759,131072,17,"pk_gemm(__half const*, __half const*, __half*, int, int, int)",128,8704,0,208,0,128,"SQ_BUSY_CYCLES",150484154.000000,1939708665299,1939758908751
413,413,"Agent 1",1,18759,18759,131072,17,"pk_gemm(__half const*, __half const*, __half*, int, int, int)",128,8704,0,208,0,128,"SQ_INSTS_LDS",83886080.000000,1939708665299,1939758908751
413,413,"Agent 1",1,18759,18759,131072,17,"pk_gemm(__half const*, __half const*, __half*, int, int, int)",128,8704,0,208,0,128,"SQ_INSTS_VALU",1189601280.000000,1939708665299,1939758908751
413,413,"Agent 1",1,18759,18759,131072,17,"pk_gemm(__half const*, __half const*, __half*, int, int, int)",128,8704,0,208,0,128,"SQ_WAIT_ANY",20827312988.000000,1939708665299,1939758908751
413,413,"Agent 1",1,18759,18759,131072,17,"pk_gemm(__half const*, __half const*, __half*, int, int, int)",128,8704,0,208,0,128,"SQ_WAVES",4096.000000,1939708665299,1939758908751
414,414,"Agent 1",1,18759,18759,131072,17,"pk_gemm(__half const*, __half const*, __half*, int, int, int)",128,8704,0,208,0,128,"GRBM_GUI_ACTIVE",85457681.000000,1939758941731,1939815983829
414,414,"Agent 1",1,18759,18759,131072,17,"pk_gemm(__half const*, __half const*, __half*, int, int, int)",128,8704,0,208,0,128,"SQ_BUSY_CYCLES",170798813.000000,1939758941731,1939815983829
414,414,"Agent 1",1,18759,18759,131072,17,"pk_gemm(__half const*, __half const*, __half*, int, int, int)",128,8704,0,208,0,128,"SQ_INSTS_LDS",83886080.000000,1939758941731,1939815983829
414,414,"Agent 1",1,18759,18759,131072,17,"pk_gemm(__half const*, __half const*, __half*, int, int, int)",128,8704,0,208,0,128,"SQ_INSTS_VALU",1189601280.000000,1939758941731,1939815983829
414,414,"Agent 1",1,18759,18759,131072,17,"pk_gemm(__half const*, __half const*, __half*, int, int, int)",128,8704,0,208,0,128,"SQ_WAIT_ANY",23843824090.000000,1939758941731,1939815983829
414,414,"Agent 1",1,18759,18759,131072,17,"pk_gemm(__half const*, __half const*, __half*, int, int, int)",128,8704,0,208,0,128,"SQ_WAVES",4096.000000,1939758941731,1939815983829
415,415,"Agent 1",1,18759,18759,131072,17,"pk_gemm(__half const*, __half const*, __half*, int, int, int)",128,8704,0,208,0,128,"GRBM_GUI_ACTIVE",64471583.000000,1939816014996,1939859100687
415,415,"Agent 1",1,18759,18759,131072,17,"pk_gemm(__half const*, __half const*, __half*, int, int, int)",128,8704,0,208,0,128,"SQ_BUSY_CYCLES",128860462.000000,1939816014996,1939859100687
415,415,"Agent 1",1,18759,18759,131072,17,"pk_gemm(__half const*, __half const*, __half*, int, int, int)",128,8704,0,208,0,128,"SQ_INSTS_LDS",83886080.000000,1939816014996,1939859100687
415,415,"Agent 1",1,18759,18759,131072,17,"pk_gemm(__half const*, __half const*, __half*, int, int, int)",128,8704,0,208,0,128,"SQ_INSTS_VALU",1189601280.000000,1939816014996,1939859100687
415,415,"Agent 1",1,18759,18759,131072,17,"pk_gemm(__half const*, __half const*, __half*, int, int, int)",128,8704,0,208,0,128,"SQ_WAIT_ANY",17502132996.000000,1939816014996,1939859100687
415,415,"Agent 1",1,18759,18759,131072,17,"pk_gemm(__half const*, __half const*, __half*, int, int, int)",128,8704,0,208,0,128,"SQ_WAVES",4096.000000,1939816014996,1939859100687
416,416,"Agent 1",1,18759,18759,131072,17,"pk_gemm(__half const*, __half const*, __half*, int, int, int)",128,8704,0,208,0,128,"GRBM_GUI_ACTIVE",96608835.000000,1939859131797,1939923645359
416,416,"Agent 1",1,18759,18759,131072,17,"pk_gemm(__half const*, __half const*, __half*, int, int, int)",128,8704,0,208,0,128,"SQ_BUSY_CYCLES",193150477.000000,1939859131797,1939923645359
416,416,"Agent 1",1,18759,18759,131072,17,"pk_gemm(__half const*, __half const*, __half*, int, int, int)",128,8704,0,208,0,128,"SQ_INSTS_LDS",83886080.000000,1939859131797,1939923645359
416,416,"Agent 1",1,18759,18759,131072,17,"pk_gemm(__half const*, __half const*, __half*, int, int, int)",128,8704,0,208,0,128,"SQ_INSTS_VALU",1189601280.000000,1939859131797,1939923645359
416,416,"Agent 1",1,18759,18759,131072,17,"pk_gemm(__half const*, __half const*, __half*, int, int, int)",128,8704,0,208,0,128,"SQ_WAIT_ANY",27463628991.000000,1939859131797,1939923645359
416,416,"Agent 1",1,18759,18759,131072,17,"pk_gemm(__half const*, __half const*, __half*, int, int, int)",128,8704,0,208,0,128,"SQ_WAVES",4096.000000,1939859131797,1939923645359
417,417,"Agent 1",1,18759,18759,131072,17,"pk_gemm(__half const*, __half const*, __half*, int, int, int)",128,8704,0,208,0,128,"GRBM_GUI_ACTIVE",60530342.000000,1939923676777,1939964110625
417,417,"Agent 1",1,18759,18759,131072,17,"pk_gemm(__half const*, __half const*, __half*, int, int, int)",128,8704,0,208,0,128,"SQ_BUSY_CYCLES",121019504.000000,1939923676777,1939964110625
417,417,"Agent 1",1,18759,18759,131072,17,"pk_gemm(__half const*, __half const*, __half*, int, int, int)",128,8704,0,208,0,128,"SQ_INSTS_LDS",83886080.000000,1939923676777,1939964110625
417,417,"Agent 1",1,18759,18759,131072,17,"pk_gemm(__half const*, __half const*, __half*, int, int, int)",128,8704,0,208,0,128,"SQ_INSTS_VALU",1189601280.000000,1939923676777,1939964110625
417,417,"Agent 1",1,18759,18759,131072,17,"pk_gemm(__half const*, __half const*, __half*, int, int, int)",128,8704,0,208,0,128,"SQ_WAIT_ANY",16041687116.000000,1939923676777,1939964110625
417,417,"Agent 1",1,18759,18759,131072,17,"pk_gemm(__half const*, __half const*, __half*, int, int, int)",128,8704,0,208,0,128,"SQ_WAVES",4096.000000,1939923676777,1939964110625
418,418,"Agent 1",1,18759,18759,131072,17,"pk_gemm(__half const*, __half const*, __half*, int, int, int)",128,8704,0,208,0,128,"GRBM_GUI_ACTIVE",79465992.000000,1939964141220,1940017197135
418,418,"Agent 1",1,18759,18759,131072,17,"pk_gemm(__half const*, __half const*, __half*, int, int, int)",128,8704,0,208,0,128,"SQ_BUSY_CYCLES",158806025.000000,1939964141220,1940017197135
418,418,"Agent 1",1,18759,18759,131072,17,"pk_gemm(__half const*, __half const*, __half*, int, int, int)",128,8704,0,208,0,128,"SQ_INSTS_LDS",83886080.000000,1939964141220,1940017197135
418,418,"Agent 1",1,18759,18759,131072,17,"pk_gemm(__half const*, __half const*, __half*, int, int, int)",128,8704,0,208,0,128,"SQ_INSTS_VALU",1189601280.000000,1939964141220,1940017197135
418,418,"Agent 1",1,18759,18759,131072,17,"pk_gemm(__half const*, __half const*, __half*, int, int, int)",128,8704,0,208,0,128,"SQ_WAIT_ANY",21921753987.000000,1939964141220,1940017197135
418,418,"Agent 1",1,18759,18759,131072,17,"pk_gemm(__half const*, __half const*, __half*, int, int, int)",128,8704,0,208,0,128,"SQ_WAVES",4096.000000,1939964141220,1940017197135
419,419,"Agent 1",1,18759,18759,131072,17,"pk_gemm(__half const*, __half const*, __half*, int, int, int)",128,8704,0,208,0,128,"GRBM_GUI_ACTIVE",96094296.000000,1940017229189,1940081360838
419,419,"Agent 1",1,18759,18759,131072,17,"pk_gemm(__half const*, __half const*, __half*, int, int, int)",128,8704,0,208,0,128,"SQ_BUSY_CYCLES",192101408.000000,1940017229189,1940081360838
419,419,"Agent 1",1,18759,18759,131072,17,"pk_gemm(__half const*, __half const*, __half*, int, int, int)",128,8704,0,208,0,128,"SQ_INSTS_LDS",83886080.000000,1940017229189,1940081360838
419,419,"Agent 1",1,18759,18759,131072,17,"pk_gemm(__half const*, __half const*, __half*, int, int, int)",128,8704,0,208,0,128,"SQ_INSTS_VALU",1189601280.000000,1940017229189,1940081360838
419,419,"Agent 1",1,18759,18759,131072,17,"pk_gemm(__half const*, __half const*, __half*, int, int, int)",128,8704,0,208,0,128,"SQ_WAIT_ANY",27295885412.000000,1940017229189,1940081360838
419,419,"Agent 1",1,18759,18759,131072,17,"pk_gemm(__half const*, __half const*, __half*, int, int, int)",128,8704,0,208,0,128,"SQ_WAVES",4096.000000,1940017229189,1940081360838
420,420,"Agent 1",1,18759,18759,131072,17,"pk_gemm(__half const*, __half const*, __half*, int, int, int)",128,8704,0,208,0,128,"GRBM_GUI_ACTIVE",71096804.000000,1940081393498,1940128861714
420,420,"Agent 1",1,18759,18759,131072,17,"pk_gemm(__half const*, __half const*, __half*, int, int, int)",128,8704,0,208,0,128,"SQ_BUSY_CYCLES",142069303.000000,1940081393498,1940128861714
420,420,"Agent 1",1,18759,18759,131072,17,"pk_gemm(__half const*, __half const*, __half*, int, int, int)",128,8704,0,208,0,128,"SQ_INSTS_LDS",83886080.000000,1940081393498,1940128861714
420,420,"Agent 1",1,18759,18759,131072,17,"pk_gemm(__half const*, __half const*, __half*, int, int, int)",128,8704,0,208,0,128,"SQ_INSTS_VALU",1189601280.000000,1940081393498,1940128861714
420,420,"Agent 1",1,18759,18759,131072,17,"pk_gemm(__half const*, __half const*, __half*, int, int, int)",128,8704,0,208,0,128,"SQ_WAIT_ANY",19390659847.000000,1940081393498,1940128861714
420,420,"Agent 1",1,18759,18759,131072,17,"pk_gemm(__half const*, __half const*, __half*, int, int, int)",128,8704,0,208,0,128,"SQ_WAVES",4096.000000,1940081393498,1940128861714
421,421,"Agent 1",1,18759,18759,131072,17,"pk_gemm(__half const*, __half const*, __half*, int, int, int)",128,8704,0,208,0,128,"GRBM_GUI_ACTIVE",95481975.000000,1940128890499,1940192647447
421,421,"Agent 1",1,18759,18759,131072,17,"pk_gemm(__half const*, __half const*, __half*, int, int, int)",128,8704,0,208,0,128,"SQ_BUSY_CYCLES",190900797.000000,1940128890499,1940192647447
421,421,"Agent 1",1,18759,18759,131072,17,"pk_gemm(__half const*, __half const*, __half*, int, int, int)",128,8704,0,208,0,128,"SQ_INSTS_LDS",83886080.000000,1940128890499,1940192647447
421,421,"Agent 1",1,18759,18759,131072,17,"pk_gemm(__half const*, __half const*, __half*, int, int, int)",128,8704,0,208,0,128,"SQ_INSTS_VALU",1189601280.000000,1940128890499,1940192647447
421,421,"Agent 1",1,18759,18759,131072,17,"pk_gemm(__half const*, __half const*, __half*, int, int, int)",128,8704,0,208,0,128,"SQ_WAIT_ANY",27144737263.000000,1940128890499,1940192647447
421,421,"Agent 1",1,18759,18759,131072,17,"pk_gemm(__half const*, __half const*, __half*, int, int, int)",128,8704,0,208,0,128,"SQ_WAVES",4096.000000,1940128890499,1940192647447
422,422,"Agent 1",1,18759,18759,131072,17,"pk_gemm(__half const*, __half const*, __half*, int, int, int)",128,8704,0,208,0,128,"GRBM_GUI_ACTIVE",81627634.000000,1940192679626,1940247202208
422,422,"Agent 1",1,18759,18759,131072,17,"pk_gemm(__half const*, __half const*, __half*, int, int, int)",128,8704,0,208,0,128,"SQ_BUSY_CYCLES",163051089.000000,1940192679626,1940247202208
422,422,"Agent 1",1,18759,18759,131072,17,"pk_gemm(__half const*, __half const*, __half*, int, int, int)",128,8704,0,208,0,128,"SQ_INSTS_LDS",83886080.000000,1940192679626,1940247202208
422,422,"Agent 1",1,18759,18759,131072,17,"pk_gemm(__half const*, __half const*, __half*, int, int, int)",128,8704,0,208,0,128,"SQ_INSTS_VALU",1189601280.000000,1940192679626,1940247202208
422,422,"Agent 1",1,18759,18759,131072,17,"pk_gemm(__half const*, __half const*, __half*, int, int, int)",128,8704,0,208,0,128,"SQ_WAIT_ANY",22698934001.000000,1940192679626,1940247202208
422,422,"Agent 1",1,18759,18759,131072,17,"pk_gemm(__half const*, __half const*, __half*, int, int, int)",128,8704,0,208,0,128,"SQ_WAVES",4096.000000,1940192679626,1940247202208
423,423,"Agent 1",1,18759,18759,131072,17,"pk_gemm(__half const*, __half const*, __half*, int, int, int)",128,8704,0,208,0,128,"GRBM_GUI_ACTIVE",50641648.000000,1940247231471,1940281049415
423,423,"Agent 1",1,18759,18759,131072,17,"pk_gemm(__half const*, __half const*, __half*, int, int, int)",128,8704,0,208,0,128,"SQ_BUSY_CYCLES",101226920.000000,1940247231471,1940281049415
423,423,"Agent 1",1,18759,18759,131072,17,"pk_gemm(__half const*, __half const*, __half*, int, int, int)",128,8704,0,208,0,128,"SQ_INSTS_LDS",83886080.000000,1940247231471,1940281049415
423,423,"Agent 1",1,18759,18759,131072,17,"pk_gemm(__half const*, __half const*, __half*, int, int, int)",128,8704,0,208,0,128,"SQ_INSTS_VALU",1189601280.000000,1940247231471,1940281049415
423,423,"Agent 1",1,18759,18759,131072,17,"pk_gemm(__half const*, __half const*, __half*, int, int, int)",128,8704,0,208,0,128,"SQ_WAIT_ANY",13093109312.000000,1940247231471,1940281049415
423,423,"Agent 1",1,18759,18759,131072,17,"pk_gemm(__half const*, __half const*, __half*, int, int, int)",128,8704,0,208,0,128,"SQ_WAVES",4096.000000,1940247231471,1940281049415
424,424,"Agent 1",1,18759,18759,131072,17,"pk_gemm(__half const*, __half const*, __half*, int, int, int)",128,8704,0,208,0,128,"GRBM_GUI_ACTIVE",87055011.000000,1940281114736,1940339220063
424,424,"Agent 1",1,18759,18759,131072,17,"pk_gemm(__half const*, __half const*, __half*, int, int, int)",128,8704,0,208,0,128,"SQ_BUSY_CYCLES",174080696.000000,1940281114736,1940339220063
424,424,"Agent 1",1,18759,18759,131072,17,"pk_gemm(__half const*, __half const*, __half*, int, int, int)",128,8704,0,208,0,128,"SQ_INSTS_LDS",83886080.000000,1940281114736,1940339220063
424,424,"Agent 1",1,18759,18759,131072,17,"pk_gemm(__half const*, __half const*, __half*, int, int, int)",128,8704,0,208,0,128,"SQ_INSTS_VALU",1189601280.000000,1940281114736,1940339220063
424,424,"Agent 1",1,18759,18759,131072,17,"pk_gemm(__half const*, __half const*, __half*, int, int, int)",128,8704,0,208,0,128,"SQ_WAIT_ANY",24699888302.000000,1940281114736,1940339220063
424,424,"Agent 1",1,18759,18759,131072,17,"pk_gemm(__half const*, __half const*, __half*, int, int, int)",128,8704,0,208,0,128,"SQ_WAVES",4096.000000,1940281114736,1940339220063
425,425,"Agent 1",1,18759,18759,131072,17,"pk_gemm(__half const*, __half const*, __half*, int, int, int)",128,8704,0,208,0,128,"GRBM_GUI_ACTIVE",68881370.000000,1940339255004,1940385260442
425,425,"Agent 1",1,18759,18759,131072,17,"pk_gemm(__half const*, __half const*, __half*, int, int, int)",128,8704,0,208,0,128,"SQ_BUSY_CYCLES",137746575.000000,1940339255004,1940385260442
425,425,"Agent 1",1,18759,18759,131072,17,"pk_gemm(__half const*, __half const*, __half*, int, int, int)",128,8704,0,208,0,128,"SQ_INSTS_LDS",83886080.000000,1940339255004,1940385260442
425,425,"Agent 1",1,18759,18759,131072,17,"pk_gemm(__half const*, __half const*, __half*, int, int, int)",128,8704,0,208,0,128,"SQ_INSTS_VALU",1189601280.000000,1940339255004,1940385260442
425,425,"Agent 1",1,18759,18759,131072,17,"pk_gemm(__half const*, __half const*, __half*, int, int, int)",128,8704,0,208,0,128,"SQ_WAIT_ANY",18389986481.000000,1940339255004,1940385260442
425,425,"Agent 1",1,18759,18759,131072,17,"pk_gemm(__half const*, __half const*, __half*, int, int, int)",128,8704,0,208,0,128,"SQ_WAVES",4096.000000,1940339255004,1940385260442
426,426,"Agent 1",1,18759,18759,131072,17,"pk_gemm(__half const*, __half const*, __half*, int, int, int)",128,8704,0,208,0,128,"GRBM_GUI_ACTIVE",50985411.000000,1940385297430,1940419340035
426,426,"Agent 1",1,18759,18759,131072,17,"pk_gemm(__half const*, __half const*, __half*, int, int, int)",128,8704,0,208,0,128,"SQ_BUSY_CYCLES",101911606.000000,1940385297430,1940419340035
426,426,"Agent 1",1,18759,18759,131072,17,"pk_gemm(__half const*, __half const*, __half*, int, int, int)",128,8704,0,208,0,128,"SQ_INSTS_LDS",83886080.000000,1940385297430,1940419340035
426,426,"Agent 1",1,18759,18759,131072,17,"pk_gemm(__half const*, __half const*, __half*, int, int, int)",128,8704,0,208,0,128,"SQ_INSTS_VALU",1189601280.000000,1940385297430,1940419340035
426,426,"Agent 1",1,18759,18759,131072,17,"pk_gemm(__half const*, __half const*, __half*, int, int, int)",128,8704,0,208,0,128,"SQ_WAIT_ANY",13597155070.000000,1940385297430,1940419340035
426,426,"Agent 1",1,18759,18759,131072,17,"pk_gemm(__half const*, __half const*, __half*, int, int, int)",128,8704,0,208,0,128,"SQ_WAVES",4096.000000,1940385297430,1940419340035
427,427,"Agent 1",1,18759,18759,131072,17,"pk_gemm(__half const*, __half const*, __half*, int, int, int)",128,8704,0,208,0,128,"GRBM_GUI_ACTIVE",83065207.000000,1940419373792,1940474833088
427,427,"Agent 1",1,18759,18759,131072,17,"pk_gemm(__half const*, __half const*, __half*, int, int, int)",128,8704,0,208,0,128,"SQ_BUSY_CYCLES",166051195.000000,1940419373792,1940474833088
427,427,"Agent 1",1,18759,18759,131072,17,"pk_gemm(__half const*, __half const*, __half*, int, int, int)",128,8704,0,208,0,128,"SQ_INSTS_LDS",83886080.000000,1940419373792,1940474833088
427,427,"Agent 1",1,18759,18759,131072,17,"pk_gemm(__half const*, __half const*, __half*, int, int, int)",128,8704,0,208,0,128,"SQ_INSTS_VALU",1189601280.000000,1940419373792,1940474833088
427,427,"Agent 1",1,18759,18759,131072,17,"pk_gemm(__half const*, __half const*, __half*, int, int, int)",128,8704,0,208,0,128,"SQ_WAIT_ANY",23239007287.000000,1940419373792,1940474833088
427,427,"Agent 1",1,18759,18759,131072,17,"pk_gemm(__half const*, __half const*, __half*, int, int, int)",128,8704,0,208,0,128,"SQ_WAVES",4096.000000,1940419373792,1940474833088
428,428,"Agent 1",1,18759,18759,131072,17,"pk_gemm(__half const*, __half const*, __half*, int, int, int)",128,8704,0,208,0,128,"GRBM_GUI_ACTIVE",90390912.000000,1940474871760,1940535218925
428,428,"Agent 1",1,18759,18759,131072,17,"pk_gemm(__half const*, __half const*, __half*, int, int, int)",128,8704,0,208,0,128,"SQ_BUSY_CYCLES",180684811.000000,1940474871760,1940535218925
428,428,"Agent 1",1,18759,18759,131072,17,"pk_gemm(__half const*, __half const*, __half*, int, int, int)",128,8704,0,208,0,128,"SQ_INSTS_LDS",83886080.000000,1940474871760,1940535218925
428,428,"Agent 1",1,18759,18759,131072,17,"pk_gemm(__half const*, __half const*, __half*, int, int, int)",128,8704,0,208,0,128,"SQ_INSTS_VALU",1189601280.000000,1940474871760,1940535218925
428,428,"Agent 1",1,18759,18759,131072,17,"pk_gemm(__half const*, __half const*, __half*, int, int, int)",128,8704,0,208,0,128,"SQ_WAIT_ANY",25450402092.000000,1940474871760,1940535218925
428,428,"Agent 1",1,18759,18759,131072,17,"pk_gemm(__half const*, __half const*, __half*, int, int, int)",128,8704,0,208,0,128,"SQ_WAVES",4096.000000,1940474871760,1940535218925
429,429,"Agent 1",1,18759,18759,131072,17,"pk_gemm(__half const*, __half const*, __half*, int, int, int)",128,8704,0,208,0,128,"GRBM_GUI_ACTIVE",68240846.000000,1940535254146,1940580841722
429,429,"Agent 1",1,18759,18759,131072,17,"pk_gemm(__half const*, __half const*, __half*, int, int, int)",128,8704,0,208,0,128,"SQ_BUSY_CYCLES",136428421.000000,1940535254146,1940580841722
429,429,"Agent 1",1,18759,18759,131072,17,"pk_gemm(__half const*, __half const*, __half*, int, int, int)",128,8704,0,208,0,128,"SQ_INSTS_LDS",83886080.000000,1940535254146,1940580841722
429,429,"Agent 1",1,18759,18759,131072,17,"pk_gemm(__half const*, __half const*, __half*, int, int, int)",128,8704,0,208,0,128,"SQ_INSTS_VALU",1189601280.000000,1940535254146,1940580841722
429,429,"Agent 1",1,18759,18759,131072,17,"pk_gemm(__half const*, __half const*, __half*, int, int, int)",128,8704,0,208,0,128,"SQ_WAIT_ANY",18761436368.000000,1940535254146,1940580841722
429,429,"Agent 1",1,18759,18759,131072,17,"pk_gemm(__half const*, __half const*, __half*, int, int, int)",128,8704,0,208,0,128,"SQ_WAVES",4096.000000,1940535254146,1940580841722
430,430,"Agent 1",1,18759,18759,131072,17,"pk_gemm(__half const*, __half const*, __half*, int, int, int)",128,8704,0,208,0,128,"GRBM_GUI_ACTIVE",56889050.000000,1940580877668,1940618870988
430,430,"Agent 1",1,18759,18759,131072,17,"pk_gemm(__half const*, __half const*, __half*, int, int, int)",128,8704,0,208,0,128,"SQ_BUSY_CYCLES",113662853.000000,1940580877668,1940618870988
430,430,"Agent 1",1,18759,18759,131072,17,"pk_gemm(__half const*, __half const*, __half*, int, int, int)",128,8704,0,208,0,128,"SQ_INSTS_LDS",83886080.000000,1940580877668,1940618870988
430,430,"Agent 1",1,18759,18759,131072,17,"pk_gemm(__half const*, __half const*, __half*, int, int, int)",128,8704,0,208,0,128,"SQ_INSTS_VALU",1189601280.000000,1940580877668,1940618870988
430,430,"Agent 1",1,18759,18759,131072,17,"pk_gemm(__half const*, __half const*, __half*, int, int, int)",128,8704,0,208,0,128,"SQ_WAIT_ANY",14879191882.000000,1940580877668,1940618870988
430,430,"Agent 1",1,18759,18759,131072,17,"pk_gemm(__half const*, __half const*, __half*, int, int, int)",128,8704,0,208,0,128,"SQ_WAVES",4096.000000,1940580877668,1940618870988
431,431,"Agent 1",1,18759,18759,131072,17,"pk_gemm(__half const*, __half const*, __half*, int, int, int)",128,8704,0,208,0,128,"GRBM_GUI_ACTIVE",63287534.000000,1940618903234,1940661174441
431,431,"Agent 1",1,18759,18759,131072,17,"pk_gemm(__half const*, __half const*, __half*, int, int, int)",128,8704,0,208,0,128,"SQ_BUSY_CYCLES",126509224.000000,1940618903234,1940661174441
431,431,"Agent 1",1,18759,18759,131072,17,"pk_gemm(__half const*, __half const*, __half*, int, int, int)",128,8704,0,208,0,128,"SQ_INSTS_LDS",83886080.000000,1940618903234,1940661174441
431,431,"Agent 1",1,18759,18759,131072,17,"pk_gemm(__half const*, __half const*, __half*, int, int, int)",128,8704,0,208,0,128,"SQ_INSTS_VALU",1189601280.000000,1940618903234,1940661174441
431,431,"Agent 1",1,18759,18759,131072,17,"pk_gemm(__half const*, __half const*, __half*, int, int, int)",128,8704,0,208,0,128,"SQ_WAIT_ANY",17308852484.000000,1940618903234,1940661174441
431,431,"Agent 1",1,18759,18759,131072,17,"pk_gemm(__half const*, __half const*, __half*, int, int, int)",128,8704,0,208,0,128,"SQ_WAVES",4096.000000,1940618903234,1940661174441
432,432,"Agent 1",1,18759,18759,131072,17,"pk_gemm(__half const*, __half const*, __half*, int, int, int)",128,8704,0,208,0,128,"GRBM_GUI_ACTIVE",88506709.000000,1940661211991,1940720292985
432,432,"Agent 1",1,18759,18759,131072,17,"pk_gemm(__half const*, __half const*, __half*, int, int, int)",128,8704,0,208,0,128,"SQ_BUSY_CYCLES",176842186.000000,1940661211991,1940720292985
432,432,"Agent 1",1,18759,18759,131072,17,"pk_gemm(__half const*, __half const*, __half*, int, int, int)",128,8704,0,208,0,128,"SQ_INSTS_LDS",83886080.000000,1940661211991,1940720292985
432,432,"Agent 1",1,18759,18759,131072,17,"pk_gemm(__half const*, __half const*, __half*, int, int, int)",128,8704,0,208,0,128,"SQ_INSTS_VALU",1189601280.000000,1940661211991,1940720292985
432,432,"Agent 1",1,18759,18759,131072,17,"pk_gemm(__half const*, __half const*, __half*, int, int, int)",128,8704,0,208,0,128,"SQ_WAIT_ANY",24959492501.000000,1940661211991,1940720292985
432,432,"Agent 1",1,18759,18759,131072,17,"pk_gemm(__half const*, __half const*, __half*, int, int, int)",128,8704,0,208,0,128,"SQ_WAVES",4096.000000,1940661211991,1940720292985
433,433,"Agent 1",1,18759,18759,131072,17,"pk_gemm(__half const*, __half const*, __half*, int, int, int)",128,8704,0,208,0,128,"GRBM_GUI_ACTIVE",53829581.000000,1940720326319,1940756287114
433,433,"Agent 1",1,18759,18759,131072,17,"pk_gemm(__half const*, __half const*, __half*, int, int, int)",128,8704,0,208,0,128,"SQ_BUSY_CYCLES",107417670.000000,1940720326319,1940756287114
433,433,"Agent 1",1,18759,18759,131072,17,"pk_gemm(__half const*, __half const*, __half*, int, int, int)",128,8704,0,208,0,128,"SQ_INSTS_LDS",83886080.000000,1940720326319,1940756287114
433,433,"Agent 1",1,18759,18759,131072,17,"pk_gemm(__half const*, __half const*, __half*, int, int, int)",128,8704,0,208,0,128,"SQ_INSTS_VALU",1189601280.000000,1940720326319,1940756287114
433,433,"Agent 1",1,18759,18759,131072,17,"pk_gemm(__half const*, __half const*, __half*, int, int, int)",128,8704,0,208,0,128,"SQ_WAIT_ANY",14435878279.000000,1940720326319,1940756287114
433,433,"Agent 1",1,18759,18759,131072,17,"pk_gemm(__half const*, __half const*, __half*, int, int, int)",128,8704,0,208,0,128,"SQ_WAVES",4096.000000,1940720326319,1940756287114
434,434,"Agent 1",1,18759,18759,131072,17,"pk_gemm(__half const*, __half const*, __half*, int, int, int)",128,8704,0,208,0,128,"GRBM_GUI_ACTIVE",104366006.000000,1940756319626,1940825983110
434,434,"Agent 1",1,18759,18759,131072,17,"pk_gemm(__half const*, __half const*, __half*, int, int, int)",128,8704,0,208,0,128,"SQ_BUSY_CYCLES",208506281.000000,1940756319626,1940825983110
434,434,"Agent 1",1,18759,18759,131072,17,"pk_gemm(__half const*, __half const*, __half*, int, int, int)",128,8704,0,208,0,128,"SQ_INSTS_LDS",83886080.000000,1940756319626,1940825983110
434,434,"Agent 1",1,18759,18759,131072,17,"pk_gemm(__half const*, __half const*, __half*, int, int, int)",128,8704,0,208,0,128,"SQ_INSTS_VALU",1189601280.000000,1940756319626,1940825983110
434,434,"Agent 1",1,18759,18759,131072,17,"pk_gemm(__half const*, __half const*, __half*, int, int, int)",128,8704,0,208,0,128,"SQ_WAIT_ANY",29911612312.000000,1940756319626,1940825983110
434,434,"Agent 1",1,18759,18759,131072,17,"pk_gemm(__half const*, __half const*, __half*, int, int, int)",128,8704,0,208,0,128,"SQ_WAVES",4096.000000,1940756319626,1940825983110
435,435,"Agent 1",1,18759,18759,131072,17,"pk_gemm(__half const*, __half const*, __half*, int, int, int)",128,8704,0,208,0,128,"GRBM_GUI_ACTIVE",62231177.000000,1940826020860,1940867575647
435,435,"Agent 1",1,18759,18759,131072,17,"pk_gemm(__half const*, __half const*, __half*, int, int, int)",128,8704,0,208,0,128,"SQ_BUSY_CYCLES",124393782.000000,1940826020860,1940867575647
435,435,"Agent 1",1,18759,18759,131072,17,"pk_gemm(__half const*, __half const*, __half*, int, int, int)",128,8704,0,208,0,128,"SQ_INSTS_LDS",83886080.000000,1940826020860,1940867575647
435,435,"Agent 1",1,18759,18759,131072,17,"pk_gemm(__half const*, __half const*, __half*, int, int, int)",128,8704,0,208,0,128,"SQ_INSTS_VALU",1189601280.000000,1940826020860,1940867575647
435,435,"Agent 1",1,18759,18759,131072,17,"pk_gemm(__half const*, __half const*, __half*, int, int, int)",128,8704,0,208,0,128,"SQ_WAIT_ANY",17040837651.000000,1940826020860,1940867575647
435,435,"Agent 1",1,18759,18759,131072,17,"pk_gemm(__half const*, __half const*, __half*, int, int, int)",128,8704,0,208,0,128,"SQ_WAVES",4096.000000,1940826020860,1940867575647
436,436,"Agent 1",1,18759,18759,131072,17,"pk_gemm(__half const*, __half const*, __half*, int, int, int)",128,8704,0,208,0,128,"GRBM_GUI_ACTIVE",65845467.000000,1940867607713,1940911562151
436,436,"Agent 1",1,18759,18759,131072,17,"pk_gemm(__half const*, __half const*, __half*, int, int, int)",128,8704,0,208,0,128,"SQ_BUSY_CYCLES",131672482.000000,1940867607713,1940911562151
436,436,"Agent 1",1,18759,18759,131072,17,"pk_gemm(__half const*, __half const*, __half*, int, int, int)",128,8704,0,208,0,128,"SQ_INSTS_LDS",83886080.000000,1940867607713,1940911562151
436,436,"Agent 1",1,18759,18759,131072,17,"pk_gemm(__half const*, __half const*, __half*, int, int, int)",128,8704,0,208,0,128,"SQ_INSTS_VALU",1189601280.000000,1940867607713,1940911562151
436,436,"Agent 1",1,18759,18759,131072,17,"pk_gemm(__half const*, __half const*, __half*, int, int, int)",128,8704,0,208,0,128,"SQ_WAIT_ANY",17688645642.000000,1940867607713,1940911562151
436,436,"Agent 1",1,18759,18759,131072,17,"pk_gemm(__half const*, __half const*, __half*, int, int, int)",128,8704,0,208,0,128,"SQ_WAVES",4096.000000,1940867607713,1940911562151
437,437,"Agent 1",1,18759,18759,131072,17,"pk_gemm(__half const*, __half const*, __half*, int, int, int)",128,8704,0,208,0,128,"GRBM_GUI_ACTIVE",91434378.000000,1940911595292,1940972702920
437,437,"Agent 1",1,18759,18759,131072,17,"pk_gemm(__half const*, __half const*, __half*, int, int, int)",128,8704,0,208,0,128,"SQ_BUSY_CYCLES",182527605.000000,1940911595292,1940972702920
437,437,"Agent 1",1,18759,18759,131072,17,"pk_gemm(__half const*, __half const*, __half*, int, int, int)",128,8704,0,208,0,128,"SQ_INSTS_LDS",83886080.000000,1940911595292,1940972702920
437,437,"Agent 1",1,18759,18759,131072,17,"pk_gemm(__half const*, __half const*, __half*, int, int, int)",128,8704,0,208,0,128,"SQ_INSTS_VALU",1189601280.000000,1940911595292,1940972702920
437,437,"Agent 1",1,18759,18759,131072,17,"pk_gemm(__half const*, __half const*, __half*, int, int, int)",128,8704,0,208,0,128,"SQ_WAIT_ANY",25641060976.000000,1940911595292,1940972702920
437,437,"Agent 1",1,18759,18759,131072,17,"pk_gemm(__half const*, __half const*, __half*, int, int, int)",128,8704,0,208,0,128,"SQ_WAVES",4096.000000,1940911595292,1940972702920
438,438,"Agent 1",1,18759,18759,131072,17,"pk_gemm(__half const*, __half const*, __half*, int, int, int)",128,8704,0,208,0,128,"GRBM_GUI_ACTIVE",83076302.000000,1940972733905,1941028167031
438,438,"Agent 1",1,18759,18759,131072,17,"pk_gemm(__half const*, __half const*, __half*, int, int, int)",128,8704,0,208,0,128,"SQ_BUSY_CYCLES",166096226.000000,1940972733905,1941028167031
438,438,"Agent 1",1,18759,18759,131072,17,"pk_gemm(__half const*, __half const*, __half*, int, int, int)",128,8704,0,208,0,128,"SQ_INSTS_LDS",83886080.000000,1940972733905,1941028167031
438,438,"Agent 1",1,18759,18759,131072,17,"pk_gemm(__half const*, __half const*, __half*, int, int, int)",128,8704,0,208,0,128,"SQ_INSTS_VALU",1189601280.000000,1940972733905,1941028167031
438,438,"Agent 1",1,18759,18759,131072,17,"pk_gemm(__half const*, __half const*, __half*, int, int, int)",128,8704,0,208,0,128,"SQ_WAIT_ANY",23464474984.000000,1940972733905,1941028167031
438,438,"Agent 1",1,18759,18759,131072,17,"pk_gemm(__half const*, __half const*, __half*, int, int, int)",128,8704,0,208,0,128,"SQ_WAVES",4096.000000,1940972733905,1941028167031
439,439,"Agent 1",1,18759,18759,131072,17,"pk_gemm(__half const*, __half const*, __half*, int, int, int)",128,8704,0,208,0,128,"GRBM_GUI_ACTIVE",85357101.000000,1941028200573,1941085198027
439,439,"Agent 1",1,18759,18759,131072,17,"pk_gemm(__half const*, __half const*, __half*, int, int, int)",128,8704,0,208,0,128,"SQ_BUSY_CYCLES",170681084.000000,1941028200573,1941085198027
439,439,"Agent 1",1,18759,18759,131072,17,"pk_gemm(__half const*, __half const*, __half*, int, int, int)",128,8704,0,208,0,128,"SQ_INSTS_LDS",83886080.000000,1941028200573,1941085198027
439,439,"Agent 1",1,18759,18759,131072,17,"pk_gemm(__half const*, __half const*, __half*, int, int, int)",128,8704,0,208,0,128,"SQ_INSTS_VALU",1189601280.000000,1941028200573,1941085198027
439,439,"Agent 1",1,18759,18759,131072,17,"pk_gemm(__half const*, __half const*, __half*, int, int, int)",128,8704,0,208,0,128,"SQ_WAIT_ANY",24016090248.000000,1941028200573,1941085198027
439,439,"Agent 1",1,18759,18759,131072,17,"pk_gemm(__half const*, __half const*, __half*, int, int, int)",128,8704,0,208,0,128,"SQ_WAVES",4096.000000,1941028200573,1941085198027
440,440,"Agent 1",1,18759,18759,131072,17,"pk_gemm(__half const*, __half const*, __half*, int, int, int)",128,8704,0,208,0,128,"GRBM_GUI_ACTIVE",60860458.000000,1941085229297,1941125860556
440,440,"Agent 1",1,18759,18759,131072,17,"pk_gemm(__half const*, __half const*, __half*, int, int, int)",128,8704,0,208,0,128,"SQ_BUSY_CYCLES",121684982.000000,1941085229297,1941125860556
440,440,"Agent 1",1,18759,18759,131072,17,"pk_gemm(__half const*, __half const*, __half*, int, int, int)",128,8704,0,208,0,128,"SQ_INSTS_LDS",83886080.000000,1941085229297,1941125860556
440,440,"Agent 1",1,18759,18759,131072,17,"pk_gemm(__half const*, __half const*, __half*, int, int, int)",128,8704,0,208,0,128,"SQ_INSTS_VALU",1189601280.000000,1941085229297,1941125860556
440,440,"Agent 1",1,18759,18759,131072,17,"pk_gemm(__half const*, __half const*, __half*, int, int, int)",128,8704,0,208,0,128,"SQ_WAIT_ANY",16219407097.000000,1941085229297,1941125860556
440,440,"Agent 1",1,18759,18759,131072,17,"pk_gemm(__half const*, __half const*, __half*, int, int, int)",128,8704,0,208,0,128,"SQ_WAVES",4096.000000,1941085229297,1941125860556
441,441,"Agent 1",1,18759,18759,131072,17,"pk_gemm(__half const*, __half const*, __half*, int, int, int)",128,8704,0,208,0,128,"GRBM_GUI_ACTIVE",90449626.000000,1941125893938,1941186298170
441,441,"Agent 1",1,18759,18759,131072,17,"pk_gemm(__half const*, __half const*, __half*, int, int, int)",128,8704,0,208,0,128,"SQ_BUSY_CYCLES",180716067.000000,1941125893938,1941186298170
441,441,"Agent 1",1,18759,18759,131072,17,"pk_gemm(__half const*, __half const*, __half*, int, int, int)",128,8704,0,208,0,128,"SQ_INSTS_LDS",83886080.000000,1941125893938,1941186298170
441,441,"Agent 1",1,18759,18759,131072,17,"pk_gemm(__half const*, __half const*, __half*, int, int, int)",128,8704,0,208,0,128,"SQ_INSTS_VALU",1189601280.000000,1941125893938,1941186298170
441,441,"Agent 1",1,18759,18759,131072,17,"pk_gemm(__half const*, __half const*, __half*, int, int, int)",128,8704,0,208,0,128,"SQ_WAIT_ANY",25700653877.000000,1941125893938,1941186298170
441,441,"Agent 1",1,18759,18759,131072,17,"pk_gemm(__half const*, __half const*, __half*, int, int, int)",128,8704,0,208,0,128,"SQ_WAVES",4096.000000,1941125893938,1941186298170
442,442,"Agent 1",1,18759,18759,131072,17,"pk_gemm(__half const*, __half const*, __half*, int, int, int)",128,8704,0,208,0,128,"GRBM_GUI_ACTIVE",60829263.000000,1941186326727,1941226959669
442,442,"Agent 1",1,18759,18759,131072,17,"pk_gemm(__half const*, __half const*, __half*, int, int, int)",128,8704,0,208,0,128,"SQ_BUSY_CYCLES",121504356.000000,1941186326727,1941226959669
442,442,"Agent 1",1,18759,18759,131072,17,"pk_gemm(__half const*, __half const*, __half*, int, int, int)",128,8704,0,208,0,128,"SQ_INSTS_LDS",83886080.000000,1941186326727,1941226959669
442,442,"Agent 1",1,18759,18759,131072,17,"pk_gemm(__half const*, __half const*, __half*, int, int, int)",128,8704,0,208,0,128,"SQ_INSTS_VALU",1189601280.000000,1941186326727,1941226959669
442,442,"Agent 1",1,18759,18759,131072,17,"pk_gemm(__half const*, __half const*, __half*, int, int, int)",128,8704,0,208,0,128,"SQ_WAIT_ANY",16658889059.000000,1941186326727,1941226959669
442,442,"Agent 1",1,18759,18759,131072,17,"pk_gemm(__half const*, __half const*, __half*, int, int, int)",128,8704,0,208,0,128,"SQ_WAVES",4096.000000,1941186326727,1941226959669
443,443,"Agent 1",1,18759,18759,131072,17,"pk_gemm(__half const*, __half const*, __half*, int, int, int)",128,8704,0,208,0,128,"GRBM_GUI_ACTIVE",68404358.000000,1941226991488,1941272666950
443,443,"Agent 1",1,18759,18759,131072,17,"pk_gemm(__half const*, __half const*, __half*, int, int, int)",128,8704,0,208,0,128,"SQ_BUSY_CYCLES",136781743.000000,1941226991488,1941272666950
443,443,"Agent 1",1,18759,18759,131072,17,"pk_gemm(__half const*, __half const*, __half*, int, int, int)",128,8704,0,208,0,128,"SQ_INSTS_LDS",83886080.000000,1941226991488,1941272666950
443,443,"Agent 1",1,18759,18759,131072,17,"pk_gemm(__half const*, __half const*, __half*, int, int, int)",128,8704,0,208,0,128,"SQ_INSTS_VALU",1189601280.000000,1941226991488,1941272666950
443,443,"Agent 1",1,18759,18759,131072,17,"pk_gemm(__half const*, __half const*, __half*, int, int, int)",128,8704,0,208,0,128,"SQ_WAIT_ANY",18786454894.000000,1941226991488,1941272666950
443,443,"Agent 1",1,18759,18759,131072,17,"pk_gemm(__half const*, __half const*, __half*, int, int, int)",128,8704,0,208,0,128,"SQ_WAVES",4096.000000,1941226991488,1941272666950
444,444,"Agent 1",1,18759,18759,131072,17,"pk_gemm(__half const*, __half const*, __half*, int, int, int)",128,8704,0,208,0,128,"GRBM_GUI_ACTIVE",58658268.000000,1941272697373,1941311867977
444,444,"Agent 1",1,18759,18759,131072,17,"pk_gemm(__half const*, __half const*, __half*, int, int, int)",128,8704,0,208,0,128,"SQ_BUSY_CYCLES",117262465.000000,1941272697373,1941311867977
444,444,"Agent 1",1,18759,18759,131072,17,"pk_gemm(__half const*, __half const*, __half*, int, int, int)",128,8704,0,208,0,128,"SQ_INSTS_LDS",83886080.000000,1941272697373,1941311867977
444,444,"Agent 1",1,18759,18759,131072,17,"pk_gemm(__half const*, __half const*, __half*, int, int, int)",128,8704,0,208,0,128,"SQ_INSTS_VALU",1189601280.000000,1941272697373,1941311867977
444,444,"Agent 1",1,18759,18759,131072,17,"pk_gemm(__half const*, __half const*, __half*, int, int, int)",128,8704,0,208,0,128,"SQ_WAIT_ANY",15775606171.000000,1941272697373,1941311867977
444,444,"Agent 1",1,18759,18759,131072,17,"pk_gemm(__half const*, __half const*, __half*, int, int, int)",128,8704,0,208,0,128,"SQ_WAVES",4096.000000,1941272697373,1941311867977
445,445,"Agent 1",1,18759,18759,131072,17,"pk_gemm(__half const*, __half const*, __half*, int, int, int)",128,8704,0,208,0,128,"GRBM_GUI_ACTIVE",68059200.000000,1941311901319,1941357366867
445,445,"Agent 1",1,18759,18759,131072,17,"pk_gemm(__half const*, __half const*, __half*, int, int, int)",128,8704,0,208,0,128,"SQ_BUSY_CYCLES",136024918.000000,1941311901319,1941357366867
445,445,"Agent 1",1,18759,18759,131072,17,"pk_gemm(__half const*, __half const*, __half*, int, int, int)",128,8704,0,208,0,128,"SQ_INSTS_LDS",83886080.000000,1941311901319,1941357366867
445,445,"Agent 1",1,18759,18759,131072,17,"pk_gemm(__half const*, __half const*, __half*, int, int, int)",128,8704,0,208,0,128,"SQ_INSTS_VALU",1189601280.000000,1941311901319,1941357366867
445,445,"Agent 1",1,18759,18759,131072,17,"pk_gemm(__half const*, __half const*, __half*, int, int, int)",128,8704,0,208,0,128,"SQ_WAIT_ANY",18737529974.000000,1941311901319,1941357366867
445,445,"Agent 1",1,18759,18759,131072,17,"pk_gemm(__half const*, __half const*, __half*, int, int, int)",128,8704,0,208,0,128,"SQ_WAVES",4096.000000,1941311901319,1941357366867
446,446,"Agent 1",1,18759,18759,131072,17,"pk_gemm(__half const*, __half const*, __half*, int, int, int)",128,8704,0,208,0,128,"GRBM_GUI_ACTIVE",68408966.000000,1941357395881,1941403072905
446,446,"Agent 1",1,18759,18759,131072,17,"pk_gemm(__half const*, __half const*, __half*, int, int, int)",128,8704,0,208,0,128,"SQ_BUSY_CYCLES",136790444.000000,1941357395881,1941403072905
446,446,"Agent 1",1,18759,18759,131072,17,"pk_gemm(__half const*, __half const*, __half*, int, int, int)",128,8704,0,208,0,128,"SQ_INSTS_LDS",83886080.000000,1941357395881,1941403072905
446,446,"Agent 1",1,18759,18759,131072,17,"pk_gemm(__half const*, __half const*, __half*, int, int, int)",128,8704,0,208,0,128,"SQ_INSTS_VALU",1189601280.000000,1941357395881,1941403072905
446,446,"Agent 1",1,18759,18759,131072,17,"pk_gemm(__half const*, __half const*, __half*, int, int, int)",128,8704,0,208,0,128,"SQ_WAIT_ANY",18844614599.000000,1941357395881,1941403072905
446,446,"Agent 1",1,18759,18759,131072,17,"pk_gemm(__half const*, __half const*, __half*, int, int, int)",128,8704,0,208,0,128,"SQ_WAVES",4096.000000,1941357395881,1941403072905
447,447,"Agent 1",1,18759,18759,131072,17,"pk_gemm(__half const*, __half const*, __half*, int, int, int)",128,8704,0,208,0,128,"GRBM_GUI_ACTIVE",73219046.000000,1941403104723,1941451972400
447,447,"Agent 1",1,18759,18759,131072,17,"pk_gemm(__half const*, __half const*, __half*, int, int, int)",128,8704,0,208,0,128,"SQ_BUSY_CYCLES",146267033.000000,1941403104723,1941451972400
447,447,"Agent 1",1,18759,18759,131072,17,"pk_gemm(__half const*, __half const*, __half*, int, int, int)",128,8704,0,208,0,128,"SQ_INSTS_LDS",83886080.000000,1941403104723,1941451972400
447,447,"Agent 1",1,18759,18759,131072,17,"pk_gemm(__half const*, __half const*, __half*, int, int, int)",128,8704,0,208,0,128,"SQ_INSTS_VALU",1189601280.000000,1941403104723,1941451972400
447,447,"Agent 1",1,18759,18759,131072,17,"pk_gemm(__half const*, __half const*, __half*, int, int, int)",128,8704,0,208,0,128,"SQ_WAIT_ANY",20204250282.000000,1941403104723,1941451972400
447,447,"Agent 1",1,18759,18759,131072,17,"pk_gemm(__half const*, __half const*, __half*, int, int, int)",128,8704,0,208,0,128,"SQ_WAVES",4096.000000,1941403104723,1941451972400
448,448,"Agent 1",1,18759,18759,131072,17,"pk_gemm(__half const*, __half const*, __half*, int, int, int)",128,8704,0,208,0,128,"GRBM_GUI_ACTIVE",89433952.000000,1941452002873,1941511750437
448,448,"Agent 1",1,18759,18759,131072,17,"pk_gemm(__half const*, __half const*, __half*, int, int, int)",128,8704,0,208,0,128,"SQ_BUSY_CYCLES",178742762.000000,1941452002873,1941511750437
448,448,"Agent 1",1,18759,18759,131072,17,"pk_gemm(__half const*, __half const*, __half*, int, int, int)",128,8704,0,208,0,128,"SQ_INSTS_LDS",83886080.000000,1941452002873,1941511750437
448,448,"Agent 1",1,18759,18759,131072,17,"pk_gemm(__half const*, __half const*, __half*, int, int, int)",128,8704,0,208,0,128,"SQ_INSTS_VALU",1189601280.000000,1941452002873,1941511750437
448,448,"Agent 1",1,18759,18759,131072,17,"pk_gemm(__half const*, __half const*, __half*, int, int, int)",128,8704,0,208,0,128,"SQ_WAIT_ANY",25557992155.000000,1941452002873,1941511750437
448,448,"Agent 1",1,18759,18759,131072,17,"pk_gemm(__half const*, __half const*, __half*, int, int, int)",128,8704,0,208,0,128,"SQ_WAVES",4096.000000,1941452002873,1941511750437
449,449,"Agent 1",1,18759,18759,131072,17,"pk_gemm(__half const*, __half const*, __half*, int, int, int)",128,8704,0,208,0,128,"GRBM_GUI_ACTIVE",78751706.000000,1941511781454,1941564360798
449,449,"Agent 1",1,18759,18759,131072,17,"pk_gemm(__half const*, __half const*, __half*, int, int, int)",128,8704,0,208,0,128,"SQ_BUSY_CYCLES",157352360.000000,1941511781454,1941564360798
449,449,"Agent 1",1,18759,18759,131072,17,"pk_gemm(__half const*, __half const*, __half*, int, int, int)",128,8704,0,208,0,128,"SQ_INSTS_LDS",83886080.000000,1941511781454,1941564360798
449,449,"Agent 1",1,18759,18759,131072,17,"pk_gemm(__half const*, __half const*, __half*, int, int, int)",128,8704,0,208,0,128,"SQ_INSTS_VALU",1189601280.000000,1941511781454,1941564360798
449,449,"Agent 1",1,18759,18759,131072,17,"pk_gemm(__half const*, __half const*, __half*, int, int, int)",128,8704,0,208,0,128,"SQ_WAIT_ANY",22056621783.000000,1941511781454,1941564360798
449,449,"Agent 1",1,18759,18759,131072,17,"pk_gemm(__half const*, __half const*, __half*, int, int, int)",128,8704,0,208,0,128,"SQ_WAVES",4096.000000,1941511781454,1941564360798
450,450,"Agent 1",1,18759,18759,131072,17,"pk_gemm(__half const*, __half const*, __half*, int, int, int)",128,8704,0,208,0,128,"GRBM_GUI_ACTIVE",65431626.000000,1941564390343,1941608081850
450,450,"Agent 1",1,18759,18759,131072,17,"pk_gemm(__half const*, __half const*, __half*, int, int, int)",128,8704,0,208,0,128,"SQ_BUSY_CYCLES",130824923.000000,1941564390343,1941608081850
450,450,"Agent 1",1,18759,18759,131072,17,"pk_gemm(__half const*, __half const*, __half*, int, int, int)",128,8704,0,208,0,128,"SQ_INSTS_LDS",83886080.000000,1941564390343,1941608081850
450,450,"Agent 1",1,18759,18759,131072,17,"pk_gemm(__half const*, __half const*, __half*, int, int, int)",128,8704,0,208,0,128,"SQ_INSTS_VALU",1189601280.000000,1941564390343,1941608081850
450,450,"Agent 1",1,18759,18759,131072,17,"pk_gemm(__half const*, __half const*, __half*, int, int, int)",128,8704,0,208,0,128,"SQ_WAIT_ANY",17593338459.000000,1941564390343,1941608081850
450,450,"Agent 1",1,18759,18759,131072,17,"pk_gemm(__half const*, __half const*, __half*, int, int, int)",128,8704,0,208,0,128,"SQ_WAVES",4096.000000,1941564390343,1941608081850
451,451,"Agent 1",1,18759,18759,131072,17,"pk_gemm(__half const*, __half const*, __half*, int, int, int)",128,8704,0,208,0,128,"GRBM_GUI_ACTIVE",75862237.000000,1941608113669,1941658782757
451,451,"Agent 1",1,18759,18759,131072,17,"pk_gemm(__half const*, __half const*, __half*, int, int, int)",128,8704,0,208,0,128,"SQ_BUSY_CYCLES",151686618.000000,1941608113669,1941658782757
451,451,"Agent 1",1,18759,18759,131072,17,"pk_gemm(__half const*, __half const*, __half*, int, int, int)",128,8704,0,208,0,128,"SQ_INSTS_LDS",83886080.000000,1941608113669,1941658782757
451,451,"Agent 1",1,18759,18759,131072,17,"pk_gemm(__half const*, __half const*, __half*, int, int, int)",128,8704,0,208,0,128,"SQ_INSTS_VALU",1189601280.000000,1941608113669,1941658782757
451,451,"Agent 1",1,18759,18759,131072,17,"pk_gemm(__half const*, __half const*, __half*, int, int, int)",128,8704,0,208,0,128,"SQ_WAIT_ANY",21202096265.000000,1941608113669,1941658782757
451,451,"Agent 1",1,18759,18759,131072,17,"pk_gemm(__half const*, __half const*, __half*, int, int, int)",128,8704,0,208,0,128,"SQ_WAVES",4096.000000,1941608113669,1941658782757
452,452,"Agent 1",1,18759,18759,131072,17,"pk_gemm(__half const*, __half const*, __half*, int, int, int)",128,8704,0,208,0,128,"GRBM_GUI_ACTIVE",67674602.000000,1941658813031,1941704020015
452,452,"Agent 1",1,18759,18759,131072,17,"pk_gemm(__half const*, __half const*, __half*, int, int, int)",128,8704,0,208,0,128,"SQ_BUSY_CYCLES",135294448.000000,1941658813031,1941704020015
452,452,"Agent 1",1,18759,18759,131072,17,"pk_gemm(__half const*, __half const*, __half*, int, int, int)",128,8704,0,208,0,128,"SQ_INSTS_LDS",83886080.000000,1941658813031,1941704020015
452,452,"Agent 1",1,18759,18759,131072,17,"pk_gemm(__half const*, __half const*, __half*, int, int, int)",128,8704,0,208,0,128,"SQ_INSTS_VALU",1189601280.000000,1941658813031,1941704020015
452,452,"Agent 1",1,18759,18759,131072,17,"pk_gemm(__half const*, __half const*, __half*, int, int, int)",128,8704,0,208,0,128,"SQ_WAIT_ANY",18658420049.000000,1941658813031,1941704020015
452,452,"Agent 1",1,18759,18759,131072,17,"pk_gemm(__half const*, __half const*, __half*, int, int, int)",128,8704,0,208,0,128,"SQ_WAVES",4096.000000,1941658813031,1941704020015
453,453,"Agent 1",1,18759,18759,131072,17,"pk_gemm(__half const*, __half const*, __half*, int, int, int)",128,8704,0,208,0,128,"GRBM_GUI_ACTIVE",95580601.000000,1941704051686,1941767851755
453,453,"Agent 1",1,18759,18759,131072,17,"pk_gemm(__half const*, __half const*, __half*, int, int, int)",128,8704,0,208,0,128,"SQ_BUSY_CYCLES",190916102.000000,1941704051686,1941767851755
453,453,"Agent 1",1,18759,18759,131072,17,"pk_gemm(__half const*, __half const*, __half*, int, int, int)",128,8704,0,208,0,128,"SQ_INSTS_LDS",83886080.000000,1941704051686,1941767851755
453,453,"Agent 1",1,18759,18759,131072,17,"pk_gemm(__half const*, __half const*, __half*, int, int, int)",128,8704,0,208,0,128,"SQ_INSTS_VALU",1189601280.000000,1941704051686,1941767851755
453,453,"Agent 1",1,18759,18759,131072,17,"pk_gemm(__half const*, __half const*, __half*, int, int, int)",128,8704,0,208,0,128,"SQ_WAIT_ANY",26867148014.000000,1941704051686,1941767851755
453,453,"Agent 1",1,18759,18759,131072,17,"pk_gemm(__half const*, __half const*, __half*, int, int, int)",128,8704,0,208,0,128,"SQ_WAVES",4096.000000,1941704051686,1941767851755
454,454,"Agent 1",1,18759,18759,131072,17,"pk_gemm(__half const*, __half const*, __half*, int, int, int)",128,8704,0,208,0,128,"GRBM_GUI_ACTIVE",90153852.000000,1941767914711,1941828121815
454,454,"Agent 1",1,18759,18759,131072,17,"pk_gemm(__half const*, __half const*, __half*, int, int, int)",128,8704,0,208,0,128,"SQ_BUSY_CYCLES",180211104.000000,1941767914711,1941828121815
454,454,"Agent 1",1,18759,18759,131072,17,"pk_gemm(__half const*, __half const*, __half*, int, int, int)",128,8704,0,208,0,128,"SQ_INSTS_LDS",83886080.000000,1941767914711,1941828121815
454,454,"Agent 1",1,18759,18759,131072,17,"pk_gemm(__half const*, __half const*, __half*, int, int, int)",128,8704,0,208,0,128,"SQ_INSTS_VALU",1189601280.000000,1941767914711,1941828121815
454,454,"Agent 1",1,18759,18759,131072,17,"pk_gemm(__half const*, __half const*, __half*, int, int, int)",128,8704,0,208,0,128,"SQ_WAIT_ANY",25539557080.000000,1941767914711,1941828121815
454,454,"Agent 1",1,18759,18759,131072,17,"pk_gemm(__half const*, __half const*, __half*, int, int, int)",128,8704,0,208,0,128,"SQ_WAVES",4096.000000,1941767914711,1941828121815
455,455,"Agent 1",1,18759,18759,131072,17,"pk_gemm(__half const*, __half const*, __half*, int, int, int)",128,8704,0,208,0,128,"GRBM_GUI_ACTIVE",96865535.000000,1941828156194,1941892852541
455,455,"Agent 1",1,18759,18759,131072,17,"pk_gemm(__half const*, __half const*, __half*, int, int, int)",128,8704,0,208,0,128,"SQ_BUSY_CYCLES",193714226.000000,1941828156194,1941892852541
455,455,"Agent 1",1,18759,18759,131072,17,"pk_gemm(__half const*, __half const*, __half*, int, int, int)",128,8704,0,208,0,128,"SQ_INSTS_LDS",83886080.000000,1941828156194,1941892852541
455,455,"Agent 1",1,18759,18759,131072,17,"pk_gemm(__half const*, __half const*, __half*, int, int, int)",128,8704,0,208,0,128,"SQ_INSTS_VALU",1189601280.000000,1941828156194,1941892852541
455,455,"Agent 1",1,18759,18759,131072,17,"pk_gemm(__half const*, __half const*, __half*, int, int, int)",128,8704,0,208,0,128,"SQ_WAIT_ANY",27238665759.000000,1941828156194,1941892852541
455,455,"Agent 1",1,18759,18759,131072,17,"pk_gemm(__half const*, __half const*, __half*, int, int, int)",128,8704,0,208,0,128,"SQ_WAVES",4096.000000,1941828156194,1941892852541
456,456,"Agent 1",1,18759,18759,131072,17,"pk_gemm(__half const*, __half const*, __half*, int, int, int)",128,8704,0,208,0,128,"GRBM_GUI_ACTIVE",75998651.000000,1941892890851,1941943614923
456,456,"Agent 1",1,18759,18759,131072,17,"pk_gemm(__half const*, __half const*, __half*, int, int, int)",128,8704,0,208,0,128,"SQ_BUSY_CYCLES",151862558.000000,1941892890851,1941943614923
456,456,"Agent 1",1,18759,18759,131072,17,"pk_gemm(__half const*, __half const*, __half*, int, int, int)",128,8704,0,208,0,128,"SQ_INSTS_LDS",83886080.000000,1941892890851,1941943614923
456,456,"Agent 1",1,18759,18759,131072,17,"pk_gemm(__half const*, __half const*, __half*, int, int, int)",128,8704,0,208,0,128,"SQ_INSTS_VALU",1189601280.000000,1941892890851,1941943614923
456,456,"Agent 1",1,18759,18759,131072,17,"pk_gemm(__half const*, __half const*, __half*, int, int, int)",128,8704,0,208,0,128,"SQ_WAIT_ANY",21113322208.000000,1941892890851,1941943614923
456,456,"Agent 1",1,18759,18759,131072,17,"pk_gemm(__half const*, __half const*, __half*, int, int, int)",128,8704,0,208,0,128,"SQ_WAVES",4096.000000,1941892890851,1941943614923
457,457,"Agent 1",1,18759,18759,131072,17,"pk_gemm(__half const*, __half const*, __half*, int, int, int)",128,8704,0,208,0,128,"GRBM_GUI_ACTIVE",62149135.000000,1941943649297,1941985168859
457,457,"Agent 1",1,18759,18759,131072,17,"pk_gemm(__half const*, __half const*, __half*, int, int, int)",128,8704,0,208,0,128,"SQ_BUSY_CYCLES",124183240.000000,1941943649297,1941985168859
457,457,"Agent 1",1,18759,18759,131072,17,"pk_gemm(__half const*, __half const*, __half*, int, int, int)",128,8704,0,208,0,128,"SQ_INSTS_LDS",83886080.000000,1941943649297,1941985168859
457,457,"Agent 1",1,18759,18759,131072,17,"pk_gemm(__half const*, __half const*, __half*, int, int, int)",128,8704,0,208,0,128,"SQ_INSTS_VALU",1189601280.000000,1941943649297,1941985168859
457,457,"Agent 1",1,18759,18759,131072,17,"pk_gemm(__half const*, __half const*, __half*, int, int, int)",128,8704,0,208,0,128,"SQ_WAIT_ANY",17095382426.000000,1941943649297,1941985168859
457,457,"Agent 1",1,18759,18759,131072,17,"pk_gemm(__half const*, __half const*, __half*, int, int, int)",128,8704,0,208,0,128,"SQ_WAVES",4096.000000,1941943649297,1941985168859
458,458,"Agent 1",1,18759,18759,131072,17,"pk_gemm(__half const*, __half const*, __half*, int, int, int)",128,8704,0,208,0,128,"GRBM_GUI_ACTIVE",62531849.000000,1941985206448,1942027014590
458,458,"Agent 1",1,18759,18759,131072,17,"pk_gemm(__half const*, __half const*, __half*, int, int, int)",128,8704,0,208,0,128,"SQ_BUSY_CYCLES",125037120.000000,1941985206448,1942027014590
458,458,"Agent 1",1,18759,18759,131072,17,"pk_gemm(__half const*, __half const*, __half*, int, int, int)",128,8704,0,208,0,128,"SQ_INSTS_LDS",83886080.000000,1941985206448,1942027014590
458,458,"Agent 1",1,18759,18759,131072,17,"pk_gemm(__half const*, __half const*, __half*, int, int, int)",128,8704,0,208,0,128,"SQ_INSTS_VALU",1189601280.000000,1941985206448,1942027014590
458,458,"Agent 1",1,18759,18759,131072,17,"pk_gemm(__half const*, __half const*, __half*, int, int, int)",128,8704,0,208,0,128,"SQ_WAIT_ANY",17213606915.000000,1941985206448,1942027014590
458,458,"Agent 1",1,18759,18759,131072,17,"pk_gemm(__half const*, __half const*, __half*, int, int, int)",128,8704,0,208,0,128,"SQ_WAVES",4096.000000,1941985206448,1942027014590
459,459,"Agent 1",1,18759,18759,131072,17,"pk_gemm(__half const*, __half const*, __half*, int, int, int)",128,8704,0,208,0,128,"GRBM_GUI_ACTIVE",62161668.000000,1942027047468,1942068605581
459,459,"Agent 1",1,18759,18759,131072,17,"pk_gemm(__half const*, __half const*, __half*, int, int, int)",128,8704,0,208,0,128,"SQ_BUSY_CYCLES",124288097.000000,1942027047468,1942068605581
459,459,"Agent 1",1,18759,18759,131072,17,"pk_gemm(__half const*, __half const*, __half*, int, int, int)",128,8704,0,208,0,128,"SQ_INSTS_LDS",83886080.000000,1942027047468,1942068605581
459,459,"Agent 1",1,18759,18759,131072,17,"pk_gemm(__half const*, __half const*, __half*, int, int, int)",128,8704,0,208,0,128,"SQ_INSTS_VALU",1189601280.000000,1942027047468,1942068605581
459,459,"Agent 1",1,18759,18759,131072,17,"pk_gemm(__half const*, __half const*, __half*, int, int, int)",128,8704,0,208,0,128,"SQ_WAIT_ANY",17008827068.000000,1942027047468,1942068605581
459,459,"Agent 1",1,18759,18759,131072,17,"pk_gemm(__half const*, __half const*, __half*, int, int, int)",128,8704,0,208,0,128,"SQ_WAVES",4096.000000,1942027047468,1942068605581
460,460,"Agent 1",1,18759,18759,131072,17,"pk_gemm(__half const*, __half const*, __half*, int, int, int)",128,8704,0,208,0,128,"GRBM_GUI_ACTIVE",52239527.000000,1942068641047,1942103537370
460,460,"Agent 1",1,18759,18759,131072,17,"pk_gemm(__half const*, __half const*, __half*, int, int, int)",128,8704,0,208,0,128,"SQ_BUSY_CYCLES",104459725.000000,1942068641047,1942103537370
460,460,"Agent 1",1,18759,18759,131072,17,"pk_gemm(__half const*, __half const*, __half*, int, int, int)",128,8704,0,208,0,128,"SQ_INSTS_LDS",83886080.000000,1942068641047,1942103537370
460,460,"Agent 1",1,18759,18759,131072,17,"pk_gemm(__half const*, __half const*, __half*, int, int, int)",128,8704,0,208,0,128,"SQ_INSTS_VALU",1189601280.000000,1942068641047,1942103537370
460,460,"Agent 1",1,18759,18759,131072,17,"pk_gemm(__half const*, __half const*, __half*, int, int, int)",128,8704,0,208,0,128,"SQ_WAIT_ANY",13582672943.000000,1942068641047,1942103537370
460,460,"Agent 1",1,18759,18759,131072,17,"pk_gemm(__half const*, __half const*, __half*, int, int, int)",128,8704,0,208,0,128,"SQ_WAVES",4096.000000,1942068641047,1942103537370
461,461,"Agent 1",1,18759,18759,131072,17,"pk_gemm(__half const*, __half const*, __half*, int, int, int)",128,8704,0,208,0,128,"GRBM_GUI_ACTIVE",84504542.000000,1942103569734,1942160002772
461,461,"Agent 1",1,18759,18759,131072,17,"pk_gemm(__half const*, __half const*, __half*, int, int, int)",128,8704,0,208,0,128,"SQ_BUSY_CYCLES",168956713.000000,1942103569734,1942160002772
461,461,"Agent 1",1,18759,18759,131072,17,"pk_gemm(__half const*, __half const*, __half*, int, int, int)",128,8704,0,208,0,128,"SQ_INSTS_LDS",83886080.000000,1942103569734,1942160002772
461,461,"Agent 1",1,18759,18759,131072,17,"pk_gemm(__half const*, __half const*, __half*, int, int, int)",128,8704,0,208,0,128,"SQ_INSTS_VALU",1189601280.000000,1942103569734,1942160002772
461,461,"Agent 1",1,18759,18759,131072,17,"pk_gemm(__half const*, __half const*, __half*, int, int, int)",128,8704,0,208,0,128,"SQ_WAIT_ANY",23875863835.000000,1942103569734,1942160002772
461,461,"Agent 1",1,18759,18759,131072,17,"pk_gemm(__half const*, __half const*, __half*, int, int, int)",128,8704,0,208,0,128,"SQ_WAVES",4096.000000,1942103569734,1942160002772
462,462,"Agent 1",1,18759,18759,131072,17,"pk_gemm(__half const*, __half const*, __half*, int, int, int)",128,8704,0,208,0,128,"GRBM_GUI_ACTIVE",76386969.000000,1942160038398,1942211035541
462,462,"Agent 1",1,18759,18759,131072,17,"pk_gemm(__half const*, __half const*, __half*, int, int, int)",128,8704,0,208,0,128,"SQ_BUSY_CYCLES",152738543.000000,1942160038398,1942211035541
462,462,"Agent 1",1,18759,18759,131072,17,"pk_gemm(__half const*, __half const*, __half*, int, int, int)",128,8704,0,208,0,128,"SQ_INSTS_LDS",83886080.000000,1942160038398,1942211035541
462,462,"Agent 1",1,18759,18759,131072,17,"pk_gemm(__half const*, __half const*, __half*, int, int, int)",128,8704,0,208,0,128,"SQ_INSTS_VALU",1189601280.000000,1942160038398,1942211035541
462,462,"Agent 1",1,18759,18759,131072,17,"pk_gemm(__half const*, __half const*, __half*, int, int, int)",128,8704,0,208,0,128,"SQ_WAIT_ANY",21440166052.000000,1942160038398,1942211035541
462,462,"Agent 1",1,18759,18759,131072,17,"pk_gemm(__half const*, __half const*, __half*, int, int, int)",128,8704,0,208,0,128,"SQ_WAVES",4096.000000,1942160038398,1942211035541
463,463,"Agent 1",1,18759,18759,131072,17,"pk_gemm(__half const*, __half const*, __half*, int, int, int)",128,8704,0,208,0,128,"GRBM_GUI_ACTIVE",89719273.000000,1942211068997,1942270988642
463,463,"Agent 1",1,18759,18759,131072,17,"pk_gemm(__half const*, __half const*, __half*, int, int, int)",128,8704,0,208,0,128,"SQ_BUSY_CYCLES",179339152.000000,1942211068997,1942270988642
463,463,"Agent 1",1,18759,18759,131072,17,"pk_gemm(__half const*, __half const*, __half*, int, int, int)",128,8704,0,208,0,128,"SQ_INSTS_LDS",83886080.000000,1942211068997,1942270988642
463,463,"Agent 1",1,18759,18759,131072,17,"pk_gemm(__half const*, __half const*, __half*, int, int, int)",128,8704,0,208,0,128,"SQ_INSTS_VALU",1189601280.000000,1942211068997,1942270988642
463,463,"Agent 1",1,18759,18759,131072,17,"pk_gemm(__half const*, __half const*, __half*, int, int, int)",128,8704,0,208,0,128,"SQ_WAIT_ANY",25469041758.000000,1942211068997,1942270988642
463,463,"Agent 1",1,18759,18759,131072,17,"pk_gemm(__half const*, __half const*, __half*, int, int, int)",128,8704,0,208,0,128,"SQ_WAVES",4096.000000,1942211068997,1942270988642
464,464,"Agent 1",1,18759,18759,131072,17,"pk_gemm(__half const*, __half const*, __half*, int, int, int)",128,8704,0,208,0,128,"GRBM_GUI_ACTIVE",91097057.000000,1942271026352,1942331837345
464,464,"Agent 1",1,18759,18759,131072,17,"pk_gemm(__half const*, __half const*, __half*, int, int, int)",128,8704,0,208,0,128,"SQ_BUSY_CYCLES",182006907.000000,1942271026352,1942331837345
464,464,"Agent 1",1,18759,18759,131072,17,"pk_gemm(__half const*, __half const*, __half*, int, int, int)",128,8704,0,208,0,128,"SQ_INSTS_LDS",83886080.000000,1942271026352,1942331837345
464,464,"Agent 1",1,18759,18759,131072,17,"pk_gemm(__half const*, __half const*, __half*, int, int, int)",128,8704,0,208,0,128,"SQ_INSTS_VALU",1189601280.000000,1942271026352,1942331837345
464,464,"Agent 1",1,18759,18759,131072,17,"pk_gemm(__half const*, __half const*, __half*, int, int, int)",128,8704,0,208,0,128,"SQ_WAIT_ANY",25717305555.000000,1942271026352,1942331837345
464,464,"Agent 1",1,18759,18759,131072,17,"pk_gemm(__half const*, __half const*, __half*, int, int, int)",128,8704,0,208,0,128,"SQ_WAVES",4096.000000,1942271026352,1942331837345
465,465,"Agent 1",1,18759,18759,131072,17,"pk_gemm(__half const*, __half const*, __half*, int, int, int)",128,8704,0,208,0,128,"GRBM_GUI_ACTIVE",71376801.000000,1942331869001,1942379517274
465,465,"Agent 1",1,18759,18759,131072,17,"pk_gemm(__half const*, __half const*, __half*, int, int, int)",128,8704,0,208,0,128,"SQ_BUSY_CYCLES",142696058.000000,1942331869001,1942379517274
465,465,"Agent 1",1,18759,18759,131072,17,"pk_gemm(__half const*, __half const*, __half*, int, int, int)",128,8704,0,208,0,128,"SQ_INSTS_LDS",83886080.000000,1942331869001,1942379517274
465,465,"Agent 1",1,18759,18759,131072,17,"pk_gemm(__half const*, __half const*, __half*, int, int, int)",128,8704,0,208,0,128,"SQ_INSTS_VALU",1189601280.000000,1942331869001,1942379517274
465,465,"Agent 1",1,18759,18759,131072,17,"pk_gemm(__half const*, __half const*, __half*, int, int, int)",128,8704,0,208,0,128,"SQ_WAIT_ANY",19886193274.000000,1942331869001,1942379517274
465,465,"Agent 1",1,18759,18759,131072,17,"pk_gemm(__half const*, __half const*, __half*, int, int, int)",128,8704,0,208,0,128,"SQ_WAVES",4096.000000,1942331869001,1942379517274
466,466,"Agent 1",1,18759,18759,131072,17,"pk_gemm(__half const*, __half const*, __half*, int, int, int)",128,8704,0,208,0,128,"GRBM_GUI_ACTIVE",62754680.000000,1942379552379,1942421451331
466,466,"Agent 1",1,18759,18759,131072,17,"pk_gemm(__half const*, __half const*, __half*, int, int, int)",128,8704,0,208,0,128,"SQ_BUSY_CYCLES",125477090.000000,1942379552379,1942421451331
466,466,"Agent 1",1,18759,18759,131072,17,"pk_gemm(__half const*, __half const*, __half*, int, int, int)",128,8704,0,208,0,128,"SQ_INSTS_LDS",83886080.000000,1942379552379,1942421451331
466,466,"Agent 1",1,18759,18759,131072,17,"pk_gemm(__half const*, __half const*, __half*, int, int, int)",128,8704,0,208,0,128,"SQ_INSTS_VALU",1189601280.000000,1942379552379,1942421451331
466,466,"Agent 1",1,18759,18759,131072,17,"pk_gemm(__half const*, __half const*, __half*, int, int, int)",128,8704,0,208,0,128,"SQ_WAIT_ANY",17102336828.000000,1942379552379,1942421451331
466,466,"Agent 1",1,18759,18759,131072,17,"pk_gemm(__half const*, __half const*, __half*, int, int, int)",128,8704,0,208,0,128,"SQ_WAVES",4096.000000,1942379552379,1942421451331
467,467,"Agent 1",1,18759,18759,131072,17,"pk_gemm(__half const*, __half const*, __half*, int, int, int)",128,8704,0,208,0,128,"GRBM_GUI_ACTIVE",51411820.000000,1942421483048,1942455816598
467,467,"Agent 1",1,18759,18759,131072,17,"pk_gemm(__half const*, __half const*, __half*, int, int, int)",128,8704,0,208,0,128,"SQ_BUSY_CYCLES",102808104.000000,1942421483048,1942455816598
467,467,"Agent 1",1,18759,18759,131072,17,"pk_gemm(__half const*, __half const*, __half*, int, int, int)",128,8704,0,208,0,128,"SQ_INSTS_LDS",83886080.000000,1942421483048,1942455816598
467,467,"Agent 1",1,18759,18759,131072,17,"pk_gemm(__half const*, __half const*, __half*, int, int, int)",128,8704,0,208,0,128,"SQ_INSTS_VALU",1189601280.000000,1942421483048,1942455816598
467,467,"Agent 1",1,18759,18759,131072,17,"pk_gemm(__half const*, __half const*, __half*, int, int, int)",128,8704,0,208,0,128,"SQ_WAIT_ANY",13788544430.000000,1942421483048,1942455816598
467,467,"Agent 1",1,18759,18759,131072,17,"pk_gemm(__half const*, __half const*, __half*, int, int, int)",128,8704,0,208,0,128,"SQ_WAVES",4096.000000,1942421483048,1942455816598
468,468,"Agent 1",1,18759,18759,131072,17,"pk_gemm(__half const*, __half const*, __half*, int, int, int)",128,8704,0,208,0,128,"GRBM_GUI_ACTIVE",99201455.000000,1942455851838,1942522056969
468,468,"Agent 1",1,18759,18759,131072,17,"pk_gemm(__half const*, __half const*, __half*, int, int, int)",128,8704,0,208,0,128,"SQ_BUSY_CYCLES",198312725.000000,1942455851838,1942522056969
468,468,"Agent 1",1,18759,18759,131072,17,"pk_gemm(__half const*, __half const*, __half*, int, int, int)",128,8704,0,208,0,128,"SQ_INSTS_LDS",83886080.000000,1942455851838,1942522056969
468,468,"Agent 1",1,18759,18759,131072,17,"pk_gemm(__half const*, __half const*, __half*, int, int, int)",128,8704,0,208,0,128,"SQ_INSTS_VALU",1189601280.000000,1942455851838,1942522056969
468,468,"Agent 1",1,18759,18759,131072,17,"pk_gemm(__half const*, __half const*, __half*, int, int, int)",128,8704,0,208,0,128,"SQ_WAIT_ANY",28291326180.000000,1942455851838,1942522056969
468,468,"Agent 1",1,18759,18759,131072,17,"pk_gemm(__half const*, __half const*, __half*, int, int, int)",128,8704,0,208,0,128,"SQ_WAVES",4096.000000,1942455851838,1942522056969
469,469,"Agent 1",1,18759,18759,131072,17,"pk_gemm(__half const*, __half const*, __half*, int, int, int)",128,8704,0,208,0,128,"GRBM_GUI_ACTIVE",69579724.000000,1942522090311,1942568554127
469,469,"Agent 1",1,18759,18759,131072,17,"pk_gemm(__half const*, __half const*, __half*, int, int, int)",128,8704,0,208,0,128,"SQ_BUSY_CYCLES",139051590.000000,1942522090311,1942568554127
469,469,"Agent 1",1,18759,18759,131072,17,"pk_gemm(__half const*, __half const*, __half*, int, int, int)",128,8704,0,208,0,128,"SQ_INSTS_LDS",83886080.000000,1942522090311,1942568554127
469,469,"Agent 1",1,18759,18759,131072,17,"pk_gemm(__half const*, __half const*, __half*, int, int, int)",128,8704,0,208,0,128,"SQ_INSTS_VALU",1189601280.000000,1942522090311,1942568554127
469,469,"Agent 1",1,18759,18759,131072,17,"pk_gemm(__half const*, __half const*, __half*, int, int, int)",128,8704,0,208,0,128,"SQ_WAIT_ANY",19044719021.000000,1942522090311,1942568554127
469,469,"Agent 1",1,18759,18759,131072,17,"pk_gemm(__half const*, __half const*, __half*, int, int, int)",128,8704,0,208,0,128,"SQ_WAVES",4096.000000,1942522090311,1942568554127
470,470,"Agent 1",1,18759,18759,131072,17,"pk_gemm(__half const*, __half const*, __half*, int, int, int)",128,8704,0,208,0,128,"GRBM_GUI_ACTIVE",99963866.000000,1942568589174,1942635357120
470,470,"Agent 1",1,18759,18759,131072,17,"pk_gemm(__half const*, __half const*, __half*, int, int, int)",128,8704,0,208,0,128,"SQ_BUSY_CYCLES",199896419.000000,1942568589174,1942635357120
470,470,"Agent 1",1,18759,18759,131072,17,"pk_gemm(__half const*, __half const*, __half*, int, int, int)",128,8704,0,208,0,128,"SQ_INSTS_LDS",83886080.000000,1942568589174,1942635357120
470,470,"Agent 1",1,18759,18759,131072,17,"pk_gemm(__half const*, __half const*, __half*, int, int, int)",128,8704,0,208,0,128,"SQ_INSTS_VALU",1189601280.000000,1942568589174,1942635357120
470,470,"Agent 1",1,18759,18759,131072,17,"pk_gemm(__half const*, __half const*, __half*, int, int, int)",128,8704,0,208,0,128,"SQ_WAIT_ANY",28424506461.000000,1942568589174,1942635357120
470,470,"Agent 1",1,18759,18759,131072,17,"pk_gemm(__half const*, __half const*, __half*, int, int, int)",128,8704,0,208,0,128,"SQ_WAVES",4096.000000,1942568589174,1942635357120
471,471,"Agent 1",1,18759,18759,131072,17,"pk_gemm(__half const*, __half const*, __half*, int, int, int)",128,8704,0,208,0,128,"GRBM_GUI_ACTIVE",68110752.000000,1942635390782,1942680903178
471,471,"Agent 1",1,18759,18759,131072,17,"pk_gemm(__half const*, __half const*, __half*, int, int, int)",128,8704,0,208,0,128,"SQ_BUSY_CYCLES",136075474.000000,1942635390782,1942680903178
471,471,"Agent 1",1,18759,18759,131072,17,"pk_gemm(__half const*, __half const*, __half*, int, int, int)",128,8704,0,208,0,128,"SQ_INSTS_LDS",83886080.000000,1942635390782,1942680903178
471,471,"Agent 1",1,18759,18759,131072,17,"pk_gemm(__half const*, __half const*, __half*, int, int, int)",128,8704,0,208,0,128,"SQ_INSTS_VALU",1189601280.000000,1942635390782,1942680903178
471,471,"Agent 1",1,18759,18759,131072,17,"pk_gemm(__half const*, __half const*, __half*, int, int, int)",128,8704,0,208,0,128,"SQ_WAIT_ANY",18935719952.000000,1942635390782,1942680903178
471,471,"Agent 1",1,18759,18759,131072,17,"pk_gemm(__half const*, __half const*, __half*, int, int, int)",128,8704,0,208,0,128,"SQ_WAVES",4096.000000,1942635390782,1942680903178
472,472,"Agent 1",1,18759,18759,131072,17,"pk_gemm(__half const*, __half const*, __half*, int, int, int)",128,8704,0,208,0,128,"GRBM_GUI_ACTIVE",66161002.000000,1942680935290,1942725105574
472,472,"Agent 1",1,18759,18759,131072,17,"pk_gemm(__half const*, __half const*, __half*, int, int, int)",128,8704,0,208,0,128,"SQ_BUSY_CYCLES",132304706.000000,1942680935290,1942725105574
472,472,"Agent 1",1,18759,18759,131072,17,"pk_gemm(__half const*, __half const*, __half*, int, int, int)",128,8704,0,208,0,128,"SQ_INSTS_LDS",83886080.000000,1942680935290,1942725105574
472,472,"Agent 1",1,18759,18759,131072,17,"pk_gemm(__half const*, __half const*, __half*, int, int, int)",128,8704,0,208,0,128,"SQ_INSTS_VALU",1189601280.000000,1942680935290,1942725105574
472,472,"Agent 1",1,18759,18759,131072,17,"pk_gemm(__half const*, __half const*, __half*, int, int, int)",128,8704,0,208,0,128,"SQ_WAIT_ANY",17715100499.000000,1942680935290,1942725105574
472,472,"Agent 1",1,18759,18759,131072,17,"pk_gemm(__half const*, __half const*, __half*, int, int, int)",128,8704,0,208,0,128,"SQ_WAVES",4096.000000,1942680935290,1942725105574
473,473,"Agent 1",1,18759,18759,131072,17,"pk_gemm(__half const*, __half const*, __half*, int, int, int)",128,8704,0,208,0,128,"GRBM_GUI_ACTIVE",64169160.000000,1942725140758,1942767987204
473,473,"Agent 1",1,18759,18759,131072,17,"pk_gemm(__half const*, __half const*, __half*, int, int, int)",128,8704,0,208,0,128,"SQ_BUSY_CYCLES",128165667.000000,1942725140758,1942767987204
473,473,"Agent 1",1,18759,18759,131072,17,"pk_gemm(__half const*, __half const*, __half*, int, int, int)",128,8704,0,208,0,128,"SQ_INSTS_LDS",83886080.000000,1942725140758,1942767987204
473,473,"Agent 1",1,18759,18759,131072,17,"pk_gemm(__half const*, __half const*, __half*, int, int, int)",128,8704,0,208,0,128,"SQ_INSTS_VALU",1189601280.000000,1942725140758,1942767987204
473,473,"Agent 1",1,18759,18759,131072,17,"pk_gemm(__half const*, __half const*, __half*, int, int, int)",128,8704,0,208,0,128,"SQ_WAIT_ANY",17428649969.000000,1942725140758,1942767987204
473,473,"Agent 1",1,18759,18759,131072,17,"pk_gemm(__half const*, __half const*, __half*, int, int, int)",128,8704,0,208,0,128,"SQ_WAVES",4096.000000,1942725140758,1942767987204
474,474,"Agent 1",1,18759,18759,131072,17,"pk_gemm(__half const*, __half const*, __half*, int, int, int)",128,8704,0,208,0,128,"GRBM_GUI_ACTIVE",82798758.000000,1942768017136,1942823316292
474,474,"Agent 1",1,18759,18759,131072,17,"pk_gemm(__half const*, __half const*, __half*, int, int, int)",128,8704,0,208,0,128,"SQ_BUSY_CYCLES",165555456.000000,1942768017136,1942823316292
474,474,"Agent 1",1,18759,18759,131072,17,"pk_gemm(__half const*, __half const*, __half*, int, int, int)",128,8704,0,208,0,128,"SQ_INSTS_LDS",83886080.000000,1942768017136,1942823316292
474,474,"Agent 1",1,18759,18759,131072,17,"pk_gemm(__half const*, __half const*, __half*, int, int, int)",128,8704,0,208,0,128,"SQ_INSTS_VALU",1189601280.000000,1942768017136,1942823316292
474,474,"Agent 1",1,18759,18759,131072,17,"pk_gemm(__half const*, __half const*, __half*, int, int, int)",128,8704,0,208,0,128,"SQ_WAIT_ANY",23117735466.000000,1942768017136,1942823316292
474,474,"Agent 1",1,18759,18759,131072,17,"pk_gemm(__half const*, __half const*, __half*, int, int, int)",128,8704,0,208,0,128,"SQ_WAVES",4096.000000,1942768017136,1942823316292
475,475,"Agent 1",1,18759,18759,131072,17,"pk_gemm(__half const*, __half const*, __half*, int, int, int)",128,8704,0,208,0,128,"GRBM_GUI_ACTIVE",74534466.000000,1942823349714,1942873124889
475,475,"Agent 1",1,18759,18759,131072,17,"pk_gemm(__half const*, __half const*, __half*, int, int, int)",128,8704,0,208,0,128,"SQ_BUSY_CYCLES",149002359.000000,1942823349714,1942873124889
475,475,"Agent 1",1,18759,18759,131072,17,"pk_gemm(__half const*, __half const*, __half*, int, int, int)",128,8704,0,208,0,128,"SQ_INSTS_LDS",83886080.000000,1942823349714,1942873124889
475,475,"Agent 1",1,18759,18759,131072,17,"pk_gemm(__half const*, __half const*, __half*, int, int, int)",128,8704,0,208,0,128,"SQ_INSTS_VALU",1189601280.000000,1942823349714,1942873124889
475,475,"Agent 1",1,18759,18759,131072,17,"pk_gemm(__half const*, __half const*, __half*, int, int, int)",128,8704,0,208,0,128,"SQ_WAIT_ANY",20744619358.000000,1942823349714,1942873124889
475,475,"Agent 1",1,18759,18759,131072,17,"pk_gemm(__half const*, __half const*, __half*, int, int, int)",128,8704,0,208,0,128,"SQ_WAVES",4096.000000,1942823349714,1942873124889
476,476,"Agent 1",1,18759,18759,131072,17,"pk_gemm(__half const*, __half const*, __half*, int, int, int)",128,8704,0,208,0,128,"GRBM_GUI_ACTIVE",89835789.000000,1942873156042,1942933111354
476,476,"Agent 1",1,18759,18759,131072,17,"pk_gemm(__half const*, __half const*, __half*, int, int, int)",128,8704,0,208,0,128,"SQ_BUSY_CYCLES",179529430.000000,1942873156042,1942933111354
476,476,"Agent 1",1,18759,18759,131072,17,"pk_gemm(__half const*, __half const*, __half*, int, int, int)",128,8704,0,208,0,128,"SQ_INSTS_LDS",83886080.000000,1942873156042,1942933111354
476,476,"Agent 1",1,18759,18759,131072,17,"pk_gemm(__half const*, __half const*, __half*, int, int, int)",128,8704,0,208,0,128,"SQ_INSTS_VALU",1189601280.000000,1942873156042,1942933111354
476,476,"Agent 1",1,18759,18759,131072,17,"pk_gemm(__half const*, __half const*, __half*, int, int, int)",128,8704,0,208,0,128,"SQ_WAIT_ANY",25461058838.000000,1942873156042,1942933111354
476,476,"Agent 1",1,18759,18759,131072,17,"pk_gemm(__half const*, __half const*, __half*, int, int, int)",128,8704,0,208,0,128,"SQ_WAVES",4096.000000,1942873156042,1942933111354
477,477,"Agent 1",1,18759,18759,131072,17,"pk_gemm(__half const*, __half const*, __half*, int, int, int)",128,8704,0,208,0,128,"GRBM_GUI_ACTIVE",57204857.000000,1942933144375,1942971364240
477,477,"Agent 1",1,18759,18759,131072,17,"pk_gemm(__half const*, __half const*, __half*, int, int, int)",128,8704,0,208,0,128,"SQ_BUSY_CYCLES",114381992.000000,1942933144375,1942971364240
477,477,"Agent 1",1,18759,18759,131072,17,"pk_gemm(__half const*, __half const*, __half*, int, int, int)",128,8704,0,208,0,128,"SQ_INSTS_LDS",83886080.000000,1942933144375,1942971364240
477,477,"Agent 1",1,18759,18759,131072,17,"pk_gemm(__half const*, __half const*, __half*, int, int, int)",128,8704,0,208,0,128,"SQ_INSTS_VALU",1189601280.000000,1942933144375,1942971364240
477,477,"Agent 1",1,18759,18759,131072,17,"pk_gemm(__half const*, __half const*, __half*, int, int, int)",128,8704,0,208,0,128,"SQ_WAIT_ANY",15439499401.000000,1942933144375,1942971364240
477,477,"Agent 1",1,18759,18759,131072,17,"pk_gemm(__half const*, __half const*, __half*, int, int, int)",128,8704,0,208,0,128,"SQ_WAVES",4096.000000,1942933144375,1942971364240
478,478,"Agent 1",1,18759,18759,131072,17,"pk_gemm(__half const*, __half const*, __half*, int, int, int)",128,8704,0,208,0,128,"GRBM_GUI_ACTIVE",94068495.000000,1942971394210,1943034177336
478,478,"Agent 1",1,18759,18759,131072,17,"pk_gemm(__half const*, __half const*, __half*, int, int, int)",128,8704,0,208,0,128,"SQ_BUSY_CYCLES",188082832.000000,1942971394210,1943034177336
478,478,"Agent 1",1,18759,18759,131072,17,"pk_gemm(__half const*, __half const*, __half*, int, int, int)",128,8704,0,208,0,128,"SQ_INSTS_LDS",83886080.000000,1942971394210,1943034177336
478,478,"Agent 1",1,18759,18759,131072,17,"pk_gemm(__half const*, __half const*, __half*, int, int, int)",128,8704,0,208,0,128,"SQ_INSTS_VALU",1189601280.000000,1942971394210,1943034177336
478,478,"Agent 1",1,18759,18759,131072,17,"pk_gemm(__half const*, __half const*, __half*, int, int, int)",128,8704,0,208,0,128,"SQ_WAIT_ANY",25384686683.000000,1942971394210,1943034177336
478,478,"Agent 1",1,18759,18759,131072,17,"pk_gemm(__half const*, __half const*, __half*, int, int, int)",128,8704,0,208,0,128,"SQ_WAVES",4096.000000,1942971394210,1943034177336
479,479,"Agent 1",1,18759,18759,131072,17,"pk_gemm(__half const*, __half const*, __half*, int, int, int)",128,8704,0,208,0,128,"GRBM_GUI_ACTIVE",97437907.000000,1943034209616,1943099280224
479,479,"Agent 1",1,18759,18759,131072,17,"pk_gemm(__half const*, __half const*, __half*, int, int, int)",128,8704,0,208,0,128,"SQ_BUSY_CYCLES",194717956.000000,1943034209616,1943099280224
479,479,"Agent 1",1,18759,18759,131072,17,"pk_gemm(__half const*, __half const*, __half*, int, int, int)",128,8704,0,208,0,128,"SQ_INSTS_LDS",83886080.000000,1943034209616,1943099280224
479,479,"Agent 1",1,18759,18759,131072,17,"pk_gemm(__half const*, __half const*, __half*, int, int, int)",128,8704,0,208,0,128,"SQ_INSTS_VALU",1189601280.000000,1943034209616,1943099280224
479,479,"Agent 1",1,18759,18759,131072,17,"pk_gemm(__half const*, __half const*, __half*, int, int, int)",128,8704,0,208,0,128,"SQ_WAIT_ANY",27058301063.000000,1943034209616,1943099280224
479,479,"Agent 1",1,18759,18759,131072,17,"pk_gemm(__half const*, __half const*, __half*, int, int, int)",128,8704,0,208,0,128,"SQ_WAVES",4096.000000,1943034209616,1943099280224
480,480,"Agent 1",1,18759,18759,131072,17,"pk_gemm(__half const*, __half const*, __half*, int, int, int)",128,8704,0,208,0,128,"GRBM_GUI_ACTIVE",71300568.000000,1943099312002,1943146947172
480,480,"Agent 1",1,18759,18759,131072,17,"pk_gemm(__half const*, __half const*, __half*, int, int, int)",128,8704,0,208,0,128,"SQ_BUSY_CYCLES",142568100.000000,1943099312002,1943146947172
480,480,"Agent 1",1,18759,18759,131072,17,"pk_gemm(__half const*, __half const*, __half*, int, int, int)",128,8704,0,208,0,128,"SQ_INSTS_LDS",83886080.000000,1943099312002,1943146947172
480,480,"Agent 1",1,18759,18759,131072,17,"pk_gemm(__half const*, __half const*, __half*, int, int, int)",128,8704,0,208,0,128,"SQ_INSTS_VALU",1189601280.000000,1943099312002,1943146947172
480,480,"Agent 1",1,18759,18759,131072,17,"pk_gemm(__half const*, __half const*, __half*, int, int, int)",128,8704,0,208,0,128,"SQ_WAIT_ANY",19659321835.000000,1943099312002,1943146947172
480,480,"Agent 1",1,18759,18759,131072,17,"pk_gemm(__half const*, __half const*, __half*, int, int, int)",128,8704,0,208,0,128,"SQ_WAVES",4096.000000,1943099312002,1943146947172
481,481,"Agent 1",1,18759,18759,131072,17,"pk_gemm(__half const*, __half const*, __half*, int, int, int)",128,8704,0,208,0,128,"GRBM_GUI_ACTIVE",80760832.000000,1943146978292,1943200902514
481,481,"Agent 1",1,18759,18759,131072,17,"pk_gemm(__half const*, __half const*, __half*, int, int, int)",128,8704,0,208,0,128,"SQ_BUSY_CYCLES",161504379.000000,1943146978292,1943200902514
481,481,"Agent 1",1,18759,18759,131072,17,"pk_gemm(__half const*, __half const*, __half*, int, int, int)",128,8704,0,208,0,128,"SQ_INSTS_LDS",83886080.000000,1943146978292,1943200902514
481,481,"Agent 1",1,18759,18759,131072,17,"pk_gemm(__half const*, __half const*, __half*, int, int, int)",128,8704,0,208,0,128,"SQ_INSTS_VALU",1189601280.000000,1943146978292,1943200902514
481,481,"Agent 1",1,18759,18759,131072,17,"pk_gemm(__half const*, __half const*, __half*, int, int, int)",128,8704,0,208,0,128,"SQ_WAIT_ANY",22566207979.000000,1943146978292,1943200902514
481,481,"Agent 1",1,18759,18759,131072,17,"pk_gemm(__half const*, __half const*, __half*, int, int, int)",128,8704,0,208,0,128,"SQ_WAVES",4096.000000,1943146978292,1943200902514
482,482,"Agent 1",1,18759,18759,131072,17,"pk_gemm(__half const*, __half const*, __half*, int, int, int)",128,8704,0,208,0,128,"GRBM_GUI_ACTIVE",75372833.000000,1943200934773,1943251273083
482,482,"Agent 1",1,18759,18759,131072,17,"pk_gemm(__half const*, __half const*, __half*, int, int, int)",128,8704,0,208,0,128,"SQ_BUSY_CYCLES",150710103.000000,1943200934773,1943251273083
482,482,"Agent 1",1,18759,18759,131072,17,"pk_gemm(__half const*, __half const*, __half*, int, int, int)",128,8704,0,208,0,128,"SQ_INSTS_LDS",83886080.000000,1943200934773,1943251273083
482,482,"Agent 1",1,18759,18759,131072,17,"pk_gemm(__half const*, __half const*, __half*, int, int, int)",128,8704,0,208,0,128,"SQ_INSTS_VALU",1189601280.000000,1943200934773,1943251273083
482,482,"Agent 1",1,18759,18759,131072,17,"pk_gemm(__half const*, __half const*, __half*, int, int, int)",128,8704,0,208,0,128,"SQ_WAIT_ANY",20773360083.000000,1943200934773,1943251273083
482,482,"Agent 1",1,18759,18759,131072,17,"pk_gemm(__half const*, __half const*, __half*, int, int, int)",128,8704,0,208,0,128,"SQ_WAVES",4096.000000,1943200934773,1943251273083
483,483,"Agent 1",1,18759,18759,131072,17,"pk_gemm(__half const*, __half const*, __half*, int, int, int)",128,8704,0,208,0,128,"GRBM_GUI_ACTIVE",97106034.000000,1943251303454,1943316144712
483,483,"Agent 1",1,18759,18759,131072,17,"pk_gemm(__half const*, __half const*, __half*, int, int, int)",128,8704,0,208,0,128,"SQ_BUSY_CYCLES",194191285.000000,1943251303454,1943316144712
483,483,"Agent 1",1,18759,18759,131072,17,"pk_gemm(__half const*, __half const*, __half*, int, int, int)",128,8704,0,208,0,128,"SQ_INSTS_LDS",83886080.000000,1943251303454,1943316144712
483,483,"Agent 1",1,18759,18759,131072,17,"pk_gemm(__half const*, __half const*, __half*, int, int, int)",128,8704,0,208,0,128,"SQ_INSTS_VALU",1189601280.000000,1943251303454,1943316144712
483,483,"Agent 1",1,18759,18759,131072,17,"pk_gemm(__half const*, __half const*, __half*, int, int, int)",128,8704,0,208,0,128,"SQ_WAIT_ANY",26698239532.000000,1943251303454,1943316144712
483,483,"Agent 1",1,18759,18759,131072,17,"pk_gemm(__half const*, __half const*, __half*, int, int, int)",128,8704,0,208,0,128,"SQ_WAVES",4096.000000,1943251303454,1943316144712
484,484,"Agent 1",1,18759,18759,131072,17,"pk_gemm(__half const*, __half const*, __half*, int, int, int)",128,8704,0,208,0,128,"GRBM_GUI_ACTIVE",77716678.000000,1943316209312,1943368112191
484,484,"Agent 1",1,18759,18759,131072,17,"pk_gemm(__half const*, __half const*, __half*, int, int, int)",128,8704,0,208,0,128,"SQ_BUSY_CYCLES",155397162.000000,1943316209312,1943368112191
484,484,"Agent 1",1,18759,18759,131072,17,"pk_gemm(__half const*, __half const*, __half*, int, int, int)",128,8704,0,208,0,128,"SQ_INSTS_LDS",83886080.000000,1943316209312,1943368112191
484,484,"Agent 1",1,18759,18759,131072,17,"pk_gemm(__half const*, __half const*, __half*, int, int, int)",128,8704,0,208,0,128,"SQ_INSTS_VALU",1189601280.000000,1943316209312,1943368112191
484,484,"Agent 1",1,18759,18759,131072,17,"pk_gemm(__half const*, __half const*, __half*, int, int, int)",128,8704,0,208,0,128,"SQ_WAIT_ANY",21735108966.000000,1943316209312,1943368112191
484,484,"Agent 1",1,18759,18759,131072,17,"pk_gemm(__half const*, __half const*, __half*, int, int, int)",128,8704,0,208,0,128,"SQ_WAVES",4096.000000,1943316209312,1943368112191
485,485,"Agent 1",1,18759,18759,131072,17,"pk_gemm(__half const*, __half const*, __half*, int, int, int)",128,8704,0,208,0,128,"GRBM_GUI_ACTIVE",71492199.000000,1943368146808,1943415883648
485,485,"Agent 1",1,18759,18759,131072,17,"pk_gemm(__half const*, __half const*, __half*, int, int, int)",128,8704,0,208,0,128,"SQ_BUSY_CYCLES",142893579.000000,1943368146808,1943415883648
485,485,"Agent 1",1,18759,18759,131072,17,"pk_gemm(__half const*, __half const*, __half*, int, int, int)",128,8704,0,208,0,128,"SQ_INSTS_LDS",83886080.000000,1943368146808,1943415883648
485,485,"Agent 1",1,18759,18759,131072,17,"pk_gemm(__half const*, __half const*, __half*, int, int, int)",128,8704,0,208,0,128,"SQ_INSTS_VALU",1189601280.000000,1943368146808,1943415883648
485,485,"Agent 1",1,18759,18759,131072,17,"pk_gemm(__half const*, __half const*, __half*, int, int, int)",128,8704,0,208,0,128,"SQ_WAIT_ANY",19367414285.000000,1943368146808,1943415883648
485,485,"Agent 1",1,18759,18759,131072,17,"pk_gemm(__half const*, __half const*, __half*, int, int, int)",128,8704,0,208,0,128,"SQ_WAVES",4096.000000,1943368146808,1943415883648
486,486,"Agent 1",1,18759,18759,131072,17,"pk_gemm(__half const*, __half const*, __half*, int, int, int)",128,8704,0,208,0,128,"GRBM_GUI_ACTIVE",74079093.000000,1943415918232,1943465424183
486,486,"Agent 1",1,18759,18759,131072,17,"pk_gemm(__half const*, __half const*, __half*, int, int, int)",128,8704,0,208,0,128,"SQ_BUSY_CYCLES",148120442.000000,1943415918232,1943465424183
486,486,"Agent 1",1,18759,18759,131072,17,"pk_gemm(__half const*, __half const*, __half*, int, int, int)",128,8704,0,208,0,128,"SQ_INSTS_LDS",83886080.000000,1943415918232,1943465424183
486,486,"Agent 1",1,18759,18759,131072,17,"pk_gemm(__half const*, __half const*, __half*, int, int, int)",128,8704,0,208,0,128,"SQ_INSTS_VALU",1189601280.000000,1943415918232,1943465424183
486,486,"Agent 1",1,18759,18759,131072,17,"pk_gemm(__half const*, __half const*, __half*, int, int, int)",128,8704,0,208,0,128,"SQ_WAIT_ANY",20753482105.000000,1943415918232,1943465424183
486,486,"Agent 1",1,18759,18759,131072,17,"pk_gemm(__half const*, __half const*, __half*, int, int, int)",128,8704,0,208,0,128,"SQ_WAVES",4096.000000,1943415918232,1943465424183
487,487,"Agent 1",1,18759,18759,131072,17,"pk_gemm(__half const*, __half const*, __half*, int, int, int)",128,8704,0,208,0,128,"GRBM_GUI_ACTIVE",54579954.000000,1943465460646,1943501916930
487,487,"Agent 1",1,18759,18759,131072,17,"pk_gemm(__half const*, __half const*, __half*, int, int, int)",128,8704,0,208,0,128,"SQ_BUSY_CYCLES",109090248.000000,1943465460646,1943501916930
487,487,"Agent 1",1,18759,18759,131072,17,"pk_gemm(__half const*, __half const*, __half*, int, int, int)",128,8704,0,208,0,128,"SQ_INSTS_LDS",83886080.000000,1943465460646,1943501916930
487,487,"Agent 1",1,18759,18759,131072,17,"pk_gemm(__half const*, __half const*, __half*, int, int, int)",128,8704,0,208,0,128,"SQ_INSTS_VALU",1189601280.000000,1943465460646,1943501916930
487,487,"Agent 1",1,18759,18759,131072,17,"pk_gemm(__half const*, __half const*, __half*, int, int, int)",128,8704,0,208,0,128,"SQ_WAIT_ANY",14682169438.000000,1943465460646,1943501916930
487,487,"Agent 1",1,18759,18759,131072,17,"pk_gemm(__half const*, __half const*, __half*, int, int, int)",128,8704,0,208,0,128,"SQ_WAVES",4096.000000,1943465460646,1943501916930
488,488,"Agent 1",1,18759,18759,131072,17,"pk_gemm(__half const*, __half const*, __half*, int, int, int)",128,8704,0,208,0,128,"GRBM_GUI_ACTIVE",69719546.000000,1943501953918,1943548531428
488,488,"Agent 1",1,18759,18759,131072,17,"pk_gemm(__half const*, __half const*, __half*, int, int, int)",128,8704,0,208,0,128,"SQ_BUSY_CYCLES",139362336.000000,1943501953918,1943548531428
488,488,"Agent 1",1,18759,18759,131072,17,"pk_gemm(__half const*, __half const*, __half*, int, int, int)",128,8704,0,208,0,128,"SQ_INSTS_LDS",83886080.000000,1943501953918,1943548531428
488,488,"Agent 1",1,18759,18759,131072,17,"pk_gemm(__half const*, __half const*, __half*, int, int, int)",128,8704,0,208,0,128,"SQ_INSTS_VALU",1189601280.000000,1943501953918,1943548531428
488,488,"Agent 1",1,18759,18759,131072,17,"pk_gemm(__half const*, __half const*, __half*, int, int, int)",128,8704,0,208,0,128,"SQ_WAIT_ANY",19008308728.000000,1943501953918,1943548531428
488,488,"Agent 1",1,18759,18759,131072,17,"pk_gemm(__half const*, __half const*, __half*, int, int, int)",128,8704,0,208,0,128,"SQ_WAVES",4096.000000,1943501953918,1943548531428
489,489,"Agent 1",1,18759,18759,131072,17,"pk_gemm(__half const*, __half const*, __half*, int, int, int)",128,8704,0,208,0,128,"GRBM_GUI_ACTIVE",59548182.000000,1943548565072,1943588324138
489,489,"Agent 1",1,18759,18759,131072,17,"pk_gemm(__half const*, __half const*, __half*, int, int, int)",128,8704,0,208,0,128,"SQ_BUSY_CYCLES",119042669.000000,1943548565072,1943588324138
489,489,"Agent 1",1,18759,18759,131072,17,"pk_gemm(__half const*, __half const*, __half*, int, int, int)",128,8704,0,208,0,128,"SQ_INSTS_LDS",83886080.000000,1943548565072,1943588324138
489,489,"Agent 1",1,18759,18759,131072,17,"pk_gemm(__half const*, __half const*, __half*, int, int, int)",128,8704,0,208,0,128,"SQ_INSTS_VALU",1189601280.000000,1943548565072,1943588324138
489,489,"Agent 1",1,18759,18759,131072,17,"pk_gemm(__half const*, __half const*, __half*, int, int, int)",128,8704,0,208,0,128,"SQ_WAIT_ANY",16106992472.000000,1943548565072,1943588324138
489,489,"Agent 1",1,18759,18759,131072,17,"pk_gemm(__half const*, __half const*, __half*, int, int, int)",128,8704,0,208,0,128,"SQ_WAVES",4096.000000,1943548565072,1943588324138
490,490,"Agent 1",1,18759,18759,131072,17,"pk_gemm(__half const*, __half const*, __half*, int, int, int)",128,8704,0,208,0,128,"GRBM_GUI_ACTIVE",99333912.000000,1943588361681,1943654691325
490,490,"Agent 1",1,18759,18759,131072,17,"pk_gemm(__half const*, __half const*, __half*, int, int, int)",128,8704,0,208,0,128,"SQ_BUSY_CYCLES",198174736.000000,1943588361681,1943654691325
490,490,"Agent 1",1,18759,18759,131072,17,"pk_gemm(__half const*, __half const*, __half*, int, int, int)",128,8704,0,208,0,128,"SQ_INSTS_LDS",83886080.000000,1943588361681,1943654691325
490,490,"Agent 1",1,18759,18759,131072,17,"pk_gemm(__half const*, __half const*, __half*, int, int, int)",128,8704,0,208,0,128,"SQ_INSTS_VALU",1189601280.000000,1943588361681,1943654691325
490,490,"Agent 1",1,18759,18759,131072,17,"pk_gemm(__half const*, __half const*, __half*, int, int, int)",128,8704,0,208,0,128,"SQ_WAIT_ANY",28320872136.000000,1943588361681,1943654691325
490,490,"Agent 1",1,18759,18759,131072,17,"pk_gemm(__half const*, __half const*, __half*, int, int, int)",128,8704,0,208,0,128,"SQ_WAVES",4096.000000,1943588361681,1943654691325
491,491,"Agent 1",1,18759,18759,131072,17,"pk_gemm(__half const*, __half const*, __half*, int, int, int)",128,8704,0,208,0,128,"GRBM_GUI_ACTIVE",62145979.000000,1943654726710,1943696238056
491,491,"Agent 1",1,18759,18759,131072,17,"pk_gemm(__half const*, __half const*, __half*, int, int, int)",128,8704,0,208,0,128,"SQ_BUSY_CYCLES",124274266.000000,1943654726710,1943696238056
491,491,"Agent 1",1,18759,18759,131072,17,"pk_gemm(__half const*, __half const*, __half*, int, int, int)",128,8704,0,208,0,128,"SQ_INSTS_LDS",83886080.000000,1943654726710,1943696238056
491,491,"Agent 1",1,18759,18759,131072,17,"pk_gemm(__half const*, __half const*, __half*, int, int, int)",128,8704,0,208,0,128,"SQ_INSTS_VALU",1189601280.000000,1943654726710,1943696238056
491,491,"Agent 1",1,18759,18759,131072,17,"pk_gemm(__half const*, __half const*, __half*, int, int, int)",128,8704,0,208,0,128,"SQ_WAIT_ANY",17047021245.000000,1943654726710,1943696238056
491,491,"Agent 1",1,18759,18759,131072,17,"pk_gemm(__half const*, __half const*, __half*, int, int, int)",128,8704,0,208,0,128,"SQ_WAVES",4096.000000,1943654726710,1943696238056
492,492,"Agent 1",1,18759,18759,131072,17,"pk_gemm(__half const*, __half const*, __half*, int, int, int)",128,8704,0,208,0,128,"GRBM_GUI_ACTIVE",79573184.000000,1943696270782,1943749430253
492,492,"Agent 1",1,18759,18759,131072,17,"pk_gemm(__half const*, __half const*, __half*, int, int, int)",128,8704,0,208,0,128,"SQ_BUSY_CYCLES",159052025.000000,1943696270782,1943749430253
492,492,"Agent 1",1,18759,18759,131072,17,"pk_gemm(__half const*, __half const*, __half*, int, int, int)",128,8704,0,208,0,128,"SQ_INSTS_LDS",83886080.000000,1943696270782,1943749430253
492,492,"Agent 1",1,18759,18759,131072,17,"pk_gemm(__half const*, __half const*, __half*, int, int, int)",128,8704,0,208,0,128,"SQ_INSTS_VALU",1189601280.000000,1943696270782,1943749430253
492,492,"Agent 1",1,18759,18759,131072,17,"pk_gemm(__half const*, __half const*, __half*, int, int, int)",128,8704,0,208,0,128,"SQ_WAIT_ANY",22243230202.000000,1943696270782,1943749430253
492,492,"Agent 1",1,18759,18759,131072,17,"pk_gemm(__half const*, __half const*, __half*, int, int, int)",128,8704,0,208,0,128,"SQ_WAVES",4096.000000,1943696270782,1943749430253
493,493,"Agent 1",1,18759,18759,131072,17,"pk_gemm(__half const*, __half const*, __half*, int, int, int)",128,8704,0,208,0,128,"GRBM_GUI_ACTIVE",78310593.000000,1943749463274,1943801686271
493,493,"Agent 1",1,18759,18759,131072,17,"pk_gemm(__half const*, __half const*, __half*, int, int, int)",128,8704,0,208,0,128,"SQ_BUSY_CYCLES",156442567.000000,1943749463274,1943801686271
493,493,"Agent 1",1,18759,18759,131072,17,"pk_gemm(__half const*, __half const*, __half*, int, int, int)",128,8704,0,208,0,128,"SQ_INSTS_LDS",83886080.000000,1943749463274,1943801686271
493,493,"Agent 1",1,18759,18759,131072,17,"pk_gemm(__half const*, __half const*, __half*, int, int, int)",128,8704,0,208,0,128,"SQ_INSTS_VALU",1189601280.000000,1943749463274,1943801686271
493,493,"Agent 1",1,18759,18759,131072,17,"pk_gemm(__half const*, __half const*, __half*, int, int, int)",128,8704,0,208,0,128,"SQ_WAIT_ANY",21396907813.000000,1943749463274,1943801686271
493,493,"Agent 1",1,18759,18759,131072,17,"pk_gemm(__half const*, __half const*, __half*, int, int, int)",128,8704,0,208,0,128,"SQ_WAVES",4096.000000,1943749463274,1943801686271
494,494,"Agent 1",1,18759,18759,131072,17,"pk_gemm(__half const*, __half const*, __half*, int, int, int)",128,8704,0,208,0,128,"GRBM_GUI_ACTIVE",63991921.000000,1943801718036,1943844475033
494,494,"Agent 1",1,18759,18759,131072,17,"pk_gemm(__half const*, __half const*, __half*, int, int, int)",128,8704,0,208,0,128,"SQ_BUSY_CYCLES",127895863.000000,1943801718036,1943844475033
494,494,"Agent 1",1,18759,18759,131072,17,"pk_gemm(__half const*, __half const*, __half*, int, int, int)",128,8704,0,208,0,128,"SQ_INSTS_LDS",83886080.000000,1943801718036,1943844475033
494,494,"Agent 1",1,18759,18759,131072,17,"pk_gemm(__half const*, __half const*, __half*, int, int, int)",128,8704,0,208,0,128,"SQ_INSTS_VALU",1189601280.000000,1943801718036,1943844475033
494,494,"Agent 1",1,18759,18759,131072,17,"pk_gemm(__half const*, __half const*, __half*, int, int, int)",128,8704,0,208,0,128,"SQ_WAIT_ANY",17549455380.000000,1943801718036,1943844475033
494,494,"Agent 1",1,18759,18759,131072,17,"pk_gemm(__half const*, __half const*, __half*, int, int, int)",128,8704,0,208,0,128,"SQ_WAVES",4096.000000,1943801718036,1943844475033
495,495,"Agent 1",1,18759,18759,131072,17,"pk_gemm(__half const*, __half const*, __half*, int, int, int)",128,8704,0,208,0,128,"GRBM_GUI_ACTIVE",93261031.000000,1943844507573,1943906769563
495,495,"Agent 1",1,18759,18759,131072,17,"pk_gemm(__half const*, __half const*, __half*, int, int, int)",128,8704,0,208,0,128,"SQ_BUSY_CYCLES",186410073.000000,1943844507573,1943906769563
495,495,"Agent 1",1,18759,18759,131072,17,"pk_gemm(__half const*, __half const*, __half*, int, int, int)",128,8704,0,208,0,128,"SQ_INSTS_LDS",83886080.000000,1943844507573,1943906769563
495,495,"Agent 1",1,18759,18759,131072,17,"pk_gemm(__half const*, __half const*, __half*, int, int, int)",128,8704,0,208,0,128,"SQ_INSTS_VALU",1189601280.000000,1943844507573,1943906769563
495,495,"Agent 1",1,18759,18759,131072,17,"pk_gemm(__half const*, __half const*, __half*, int, int, int)",128,8704,0,208,0,128,"SQ_WAIT_ANY",26078131378.000000,1943844507573,1943906769563
495,495,"Agent 1",1,18759,18759,131072,17,"pk_gemm(__half const*, __half const*, __half*, int, int, int)",128,8704,0,208,0,128,"SQ_WAVES",4096.000000,1943844507573,1943906769563
496,496,"Agent 1",1,18759,18759,131072,17,"pk_gemm(__half const*, __half const*, __half*, int, int, int)",128,8704,0,208,0,128,"GRBM_GUI_ACTIVE",70087557.000000,1943906800193,1943953615387
496,496,"Agent 1",1,18759,18759,131072,17,"pk_gemm(__half const*, __half const*, __half*, int, int, int)",128,8704,0,208,0,128,"SQ_BUSY_CYCLES",139943363.000000,1943906800193,1943953615387
496,496,"Agent 1",1,18759,18759,131072,17,"pk_gemm(__half const*, __half const*, __half*, int, int, int)",128,8704,0,208,0,128,"SQ_INSTS_LDS",83886080.000000,1943906800193,1943953615387
496,496,"Agent 1",1,18759,18759,131072,17,"pk_gemm(__half const*, __half const*, __half*, int, int, int)",128,8704,0,208,0,128,"SQ_INSTS_VALU",1189601280.000000,1943906800193,1943953615387
496,496,"Agent 1",1,18759,18759,131072,17,"pk_gemm(__half const*, __half const*, __half*, int, int, int)",128,8704,0,208,0,128,"SQ_WAIT_ANY",19338578268.000000,1943906800193,1943953615387
496,496,"Agent 1",1,18759,18759,131072,17,"pk_gemm(__half const*, __half const*, __half*, int, int, int)",128,8704,0,208,0,128,"SQ_WAVES",4096.000000,1943906800193,1943953615387
497,497,"Agent 1",1,18759,18759,131072,17,"pk_gemm(__half const*, __half const*, __half*, int, int, int)",128,8704,0,208,0,128,"GRBM_GUI_ACTIVE",84604775.000000,1943953647927,1944010105692
497,497,"Agent 1",1,18759,18759,131072,17,"pk_gemm(__half const*, __half const*, __half*, int, int, int)",128,8704,0,208,0,128,"SQ_BUSY_CYCLES",169179935.000000,1943953647927,1944010105692
497,497,"Agent 1",1,18759,18759,131072,17,"pk_gemm(__half const*, __half const*, __half*, int, int, int)",128,8704,0,208,0,128,"SQ_INSTS_LDS",83886080.000000,1943953647927,1944010105692
497,497,"Agent 1",1,18759,18759,131072,17,"pk_gemm(__half const*, __half const*, __half*, int, int, int)",128,8704,0,208,0,128,"SQ_INSTS_VALU",1189601280.000000,1943953647927,1944010105692
497,497,"Agent 1",1,18759,18759,131072,17,"pk_gemm(__half const*, __half const*, __half*, int, int, int)",128,8704,0,208,0,128,"SQ_WAIT_ANY",23541421774.000000,1943953647927,1944010105692
497,497,"Agent 1",1,18759,18759,131072,17,"pk_gemm(__half const*, __half const*, __half*, int, int, int)",128,8704,0,208,0,128,"SQ_WAVES",4096.000000,1943953647927,1944010105692
498,498,"Agent 1",1,18759,18759,131072,17,"pk_gemm(__half const*, __half const*, __half*, int, int, int)",128,8704,0,208,0,128,"GRBM_GUI_ACTIVE",93357467.000000,1944010136995,1944072437337
498,498,"Agent 1",1,18759,18759,131072,17,"pk_gemm(__half const*, __half const*, __half*, int, int, int)",128,8704,0,208,0,128,"SQ_BUSY_CYCLES",186684127.000000,1944010136995,1944072437337
498,498,"Agent 1",1,18759,18759,131072,17,"pk_gemm(__half const*, __half const*, __half*, int, int, int)",128,8704,0,208,0,128,"SQ_INSTS_LDS",83886080.000000,1944010136995,1944072437337
498,498,"Agent 1",1,18759,18759,131072,17,"pk_gemm(__half const*, __half const*, __half*, int, int, int)",128,8704,0,208,0,128,"SQ_INSTS_VALU",1189601280.000000,1944010136995,1944072437337
498,498,"Agent 1",1,18759,18759,131072,17,"pk_gemm(__half const*, __half const*, __half*, int, int, int)",128,8704,0,208,0,128,"SQ_WAIT_ANY",26317813252.000000,1944010136995,1944072437337
498,498,"Agent 1",1,18759,18759,131072,17,"pk_gemm(__half const*, __half const*, __half*, int, int, int)",128,8704,0,208,0,128,"SQ_WAVES",4096.000000,1944010136995,1944072437337
499,499,"Agent 1",1,18759,18759,131072,17,"pk_gemm(__half const*, __half const*, __half*, int, int, int)",128,8704,0,208,0,128,"GRBM_GUI_ACTIVE",88950179.000000,1944072472241,1944131864460
499,499,"Agent 1",1,18759,18759,131072,17,"pk_gemm(__half const*, __half const*, __half*, int, int, int)",128,8704,0,208,0,128,"SQ_BUSY_CYCLES",177854603.000000,1944072472241,1944131864460
499,499,"Agent 1",1,18759,18759,131072,17,"pk_gemm(__half const*, __half const*, __half*, int, int, int)",128,8704,0,208,0,128,"SQ_INSTS_LDS",83886080.000000,1944072472241,1944131864460
499,499,"Agent 1",1,18759,18759,131072,17,"pk_gemm(__half const*, __half const*, __half*, int, int, int)",128,8704,0,208,0,128,"SQ_INSTS_VALU",1189601280.000000,1944072472241,1944131864460
499,499,"Agent 1",1,18759,18759,131072,17,"pk_gemm(__half const*, __half const*, __half*, int, int, int)",128,8704,0,208,0,128,"SQ_WAIT_ANY",24795801423.000000,1944072472241,1944131864460
499,499,"Agent 1",1,18759,18759,131072,17,"pk_gemm(__half const*, __half const*, __half*, int, int, int)",128,8704,0,208,0,128,"SQ_WAVES",4096.000000,1944072472241,1944131864460
500,500,"Agent 1",1,18759,18759,131072,17,"pk_gemm(__half const*, __half const*, __half*, int, int, int)",128,8704,0,208,0,128,"GRBM_GUI_ACTIVE",59551008.000000,1944131895818,1944171675524
500,500,"Agent 1",1,18759,18759,131072,17,"pk_gemm(__half const*, __half const*, __half*, int, int, int)",128,8704,0,208,0,128,"SQ_BUSY_CYCLES",118900687.000000,1944131895818,1944171675524
500,500,"Agent 1",1,18759,18759,131072,17,"pk_gemm(__half const*, __half const*, __half*, int, int, int)",128,8704,0,208,0,128,"SQ_INSTS_LDS",83886080.000000,1944131895818,1944171675524
500,500,"Agent 1",1,18759,18759,131072,17,"pk_gemm(__half const*, __half const*, __half*, int, int, int)",128,8704,0,208,0,128,"SQ_INSTS_VALU",1189601280.000000,1944131895818,1944171675524
500,500,"Agent 1",1,18759,18759,131072,17,"pk_gemm(__half const*, __half const*, __half*, int, int, int)",128,8704,0,208,0,128,"SQ_WAIT_ANY",16256813584.000000,1944131895818,1944171675524
500,500,"Agent 1",1,18759,18759,131072,17,"pk_gemm(__half const*, __half const*, __half*, int, int, int)",128,8704,0,208,0,128,"SQ_WAVES",4096.000000,1944131895818,1944171675524
501,501,"Agent 1",1,18759,18759,131072,17,"pk_gemm(__half const*, __half const*, __half*, int, int, int)",128,8704,0,208,0,128,"GRBM_GUI_ACTIVE",78558741.000000,1944171708584,1944224154079
501,501,"Agent 1",1,18759,18759,131072,17,"pk_gemm(__half const*, __half const*, __half*, int, int, int)",128,8704,0,208,0,128,"SQ_BUSY_CYCLES",156396255.000000,1944171708584,1944224154079
501,501,"Agent 1",1,18759,18759,131072,17,"pk_gemm(__half const*, __half const*, __half*, int, int, int)",128,8704,0,208,0,128,"SQ_INSTS_LDS",83886080.000000,1944171708584,1944224154079
501,501,"Agent 1",1,18759,18759,131072,17,"pk_gemm(__half const*, __half const*, __half*, int, int, int)",128,8704,0,208,0,128,"SQ_INSTS_VALU",1189601280.000000,1944171708584,1944224154079
501,501,"Agent 1",1,18759,18759,131072,17,"pk_gemm(__half const*, __half const*, __half*, int, int, int)",128,8704,0,208,0,128,"SQ_WAIT_ANY",21758339206.000000,1944171708584,1944224154079
501,501,"Agent 1",1,18759,18759,131072,17,"pk_gemm(__half const*, __half const*, __half*, int, int, int)",128,8704,0,208,0,128,"SQ_WAVES",4096.000000,1944171708584,1944224154079
502,502,"Agent 1",1,18759,18759,131072,17,"pk_gemm(__half const*, __half const*, __half*, int, int, int)",128,8704,0,208,0,128,"GRBM_GUI_ACTIVE",65061406.000000,1944224186253,1944267629535
502,502,"Agent 1",1,18759,18759,131072,17,"pk_gemm(__half const*, __half const*, __half*, int, int, int)",128,8704,0,208,0,128,"SQ_BUSY_CYCLES",130097058.000000,1944224186253,1944267629535
502,502,"Agent 1",1,18759,18759,131072,17,"pk_gemm(__half const*, __half const*, __half*, int, int, int)",128,8704,0,208,0,128,"SQ_INSTS_LDS",83886080.000000,1944224186253,1944267629535
502,502,"Agent 1",1,18759,18759,131072,17,"pk_gemm(__half const*, __half const*, __half*, int, int, int)",128,8704,0,208,0,128,"SQ_INSTS_VALU",1189601280.000000,1944224186253,1944267629535
502,502,"Agent 1",1,18759,18759,131072,17,"pk_gemm(__half const*, __half const*, __half*, int, int, int)",128,8704,0,208,0,128,"SQ_WAIT_ANY",17373339356.000000,1944224186253,1944267629535
502,502,"Agent 1",1,18759,18759,131072,17,"pk_gemm(__half const*, __half const*, __half*, int, int, int)",128,8704,0,208,0,128,"SQ_WAVES",4096.000000,1944224186253,1944267629535
503,503,"Agent 1",1,18759,18759,131072,17,"pk_gemm(__half const*, __half const*, __half*, int, int, int)",128,8704,0,208,0,128,"GRBM_GUI_ACTIVE",62523679.000000,1944267661755,1944309411147
503,503,"Agent 1",1,18759,18759,131072,17,"pk_gemm(__half const*, __half const*, __half*, int, int, int)",128,8704,0,208,0,128,"SQ_BUSY_CYCLES",124927667.000000,1944267661755,1944309411147
503,503,"Agent 1",1,18759,18759,131072,17,"pk_gemm(__half const*, __half const*, __half*, int, int, int)",128,8704,0,208,0,128,"SQ_INSTS_LDS",83886080.000000,1944267661755,1944309411147
503,503,"Agent 1",1,18759,18759,131072,17,"pk_gemm(__half const*, __half const*, __half*, int, int, int)",128,8704,0,208,0,128,"SQ_INSTS_VALU",1189601280.000000,1944267661755,1944309411147
503,503,"Agent 1",1,18759,18759,131072,17,"pk_gemm(__half const*, __half const*, __half*, int, int, int)",128,8704,0,208,0,128,"SQ_WAIT_ANY",17039452478.000000,1944267661755,1944309411147
503,503,"Agent 1",1,18759,18759,131072,17,"pk_gemm(__half const*, __half const*, __half*, int, int, int)",128,8704,0,208,0,128,"SQ_WAVES",4096.000000,1944267661755,1944309411147
504,504,"Agent 1",1,18759,18759,131072,17,"pk_gemm(__half const*, __half const*, __half*, int, int, int)",128,8704,0,208,0,128,"GRBM_GUI_ACTIVE",77727616.000000,1944309440202,1944361342680
504,504,"Agent 1",1,18759,18759,131072,17,"pk_gemm(__half const*, __half const*, __half*, int, int, int)",128,8704,0,208,0,128,"SQ_BUSY_CYCLES",155303781.000000,1944309440202,1944361342680
504,504,"Agent 1",1,18759,18759,131072,17,"pk_gemm(__half const*, __half const*, __half*, int, int, int)",128,8704,0,208,0,128,"SQ_INSTS_LDS",83886080.000000,1944309440202,1944361342680
504,504,"Agent 1",1,18759,18759,131072,17,"pk_gemm(__half const*, __half const*, __half*, int, int, int)",128,8704,0,208,0,128,"SQ_INSTS_VALU",1189601280.000000,1944309440202,1944361342680
504,504,"Agent 1",1,18759,18759,131072,17,"pk_gemm(__half const*, __half const*, __half*, int, int, int)",128,8704,0,208,0,128,"SQ_WAIT_ANY",21474341131.000000,1944309440202,1944361342680
504,504,"Agent 1",1,18759,18759,131072,17,"pk_gemm(__half const*, __half const*, __half*, int, int, int)",128,8704,0,208,0,128,"SQ_WAVES",4096.000000,1944309440202,1944361342680
505,505,"Agent 1",1,18759,18759,131072,17,"pk_gemm(__half const*, __half const*, __half*, int, int, int)",128,8704,0,208,0,128,"GRBM_GUI_ACTIVE",65430618.000000,1944361375580,1944405084681
505,505,"Agent 1",1,18759,18759,131072,17,"pk_gemm(__half const*, __half const*, __half*, int, int, int)",128,8704,0,208,0,128,"SQ_BUSY_CYCLES",130791206.000000,1944361375580,1944405084681
505,505,"Agent 1",1,18759,18759,131072,17,"pk_gemm(__half const*, __half const*, __half*, int, int, int)",128,8704,0,208,0,128,"SQ_INSTS_LDS",83886080.000000,1944361375580,1944405084681
505,505,"Agent 1",1,18759,18759,131072,17,"pk_gemm(__half const*, __half const*, __half*, int, int, int)",128,8704,0,208,0,128,"SQ_INSTS_VALU",1189601280.000000,1944361375580,1944405084681
505,505,"Agent 1",1,18759,18759,131072,17,"pk_gemm(__half const*, __half const*, __half*, int, int, int)",128,8704,0,208,0,128,"SQ_WAIT_ANY",17936852125.000000,1944361375580,1944405084681
505,505,"Agent 1",1,18759,18759,131072,17,"pk_gemm(__half const*, __half const*, __half*, int, int, int)",128,8704,0,208,0,128,"SQ_WAVES",4096.000000,1944361375580,1944405084681
506,506,"Agent 1",1,18759,18759,131072,17,"pk_gemm(__half const*, __half const*, __half*, int, int, int)",128,8704,0,208,0,128,"GRBM_GUI_ACTIVE",57516658.000000,1944405114911,1944443523409
506,506,"Agent 1",1,18759,18759,131072,17,"pk_gemm(__half const*, __half const*, __half*, int, int, int)",128,8704,0,208,0,128,"SQ_BUSY_CYCLES",114969491.000000,1944405114911,1944443523409
506,506,"Agent 1",1,18759,18759,131072,17,"pk_gemm(__half const*, __half const*, __half*, int, int, int)",128,8704,0,208,0,128,"SQ_INSTS_LDS",83886080.000000,1944405114911,1944443523409
506,506,"Agent 1",1,18759,18759,131072,17,"pk_gemm(__half const*, __half const*, __half*, int, int, int)",128,8704,0,208,0,128,"SQ_INSTS_VALU",1189601280.000000,1944405114911,1944443523409
506,506,"Agent 1",1,18759,18759,131072,17,"pk_gemm(__half const*, __half const*, __half*, int, int, int)",128,8704,0,208,0,128,"SQ_WAIT_ANY",15590821019.000000,1944405114911,1944443523409
506,506,"Agent 1",1,18759,18759,131072,17,"pk_gemm(__half const*, __half const*, __half*, int, int, int)",128,8704,0,208,0,128,"SQ_WAVES",4096.000000,1944405114911,1944443523409
507,507,"Agent 1",1,18759,18759,131072,17,"pk_gemm(__half const*, __half const*, __half*, int, int, int)",128,8704,0,208,0,128,"GRBM_GUI_ACTIVE",67694227.000000,1944443556430,1944488740090
507,507,"Agent 1",1,18759,18759,131072,17,"pk_gemm(__half const*, __half const*, __half*, int, int, int)",128,8704,0,208,0,128,"SQ_BUSY_CYCLES",135358081.000000,1944443556430,1944488740090
507,507,"Agent 1",1,18759,18759,131072,17,"pk_gemm(__half const*, __half const*, __half*, int, int, int)",128,8704,0,208,0,128,"SQ_INSTS_LDS",83886080.000000,1944443556430,1944488740090
507,507,"Agent 1",1,18759,18759,131072,17,"pk_gemm(__half const*, __half const*, __half*, int, int, int)",128,8704,0,208,0,128,"SQ_INSTS_VALU",1189601280.000000,1944443556430,1944488740090
507,507,"Agent 1",1,18759,18759,131072,17,"pk_gemm(__half const*, __half const*, __half*, int, int, int)",128,8704,0,208,0,128,"SQ_WAIT_ANY",18318227748.000000,1944443556430,1944488740090
507,507,"Agent 1",1,18759,18759,131072,17,"pk_gemm(__half const*, __half const*, __half*, int, int, int)",128,8704,0,208,0,128,"SQ_WAVES",4096.000000,1944443556430,1944488740090
508,508,"Agent 1",1,18759,18759,131072,17,"pk_gemm(__half const*, __half const*, __half*, int, int, int)",128,8704,0,208,0,128,"GRBM_GUI_ACTIVE",76388004.000000,1944488769950,1944539769177
508,508,"Agent 1",1,18759,18759,131072,17,"pk_gemm(__half const*, __half const*, __half*, int, int, int)",128,8704,0,208,0,128,"SQ_BUSY_CYCLES",152666639.000000,1944488769950,1944539769177
508,508,"Agent 1",1,18759,18759,131072,17,"pk_gemm(__half const*, __half const*, __half*, int, int, int)",128,8704,0,208,0,128,"SQ_INSTS_LDS",83886080.000000,1944488769950,1944539769177
508,508,"Agent 1",1,18759,18759,131072,17,"pk_gemm(__half const*, __half const*, __half*, int, int, int)",128,8704,0,208,0,128,"SQ_INSTS_VALU",1189601280.000000,1944488769950,1944539769177
508,508,"Agent 1",1,18759,18759,131072,17,"pk_gemm(__half const*, __half const*, __half*, int, int, int)",128,8704,0,208,0,128,"SQ_WAIT_ANY",21328261923.000000,1944488769950,1944539769177
508,508,"Agent 1",1,18759,18759,131072,17,"pk_gemm(__half const*, __half const*, __half*, int, int, int)",128,8704,0,208,0,128,"SQ_WAVES",4096.000000,1944488769950,1944539769177
509,509,"Agent 1",1,18759,18759,131072,17,"pk_gemm(__half const*, __half const*, __half*, int, int, int)",128,8704,0,208,0,128,"GRBM_GUI_ACTIVE",84526873.000000,1944539800435,1944596243853
509,509,"Agent 1",1,18759,18759,131072,17,"pk_gemm(__half const*, __half const*, __half*, int, int, int)",128,8704,0,208,0,128,"SQ_BUSY_CYCLES",168984875.000000,1944539800435,1944596243853
509,509,"Agent 1",1,18759,18759,131072,17,"pk_gemm(__half const*, __half const*, __half*, int, int, int)",128,8704,0,208,0,128,"SQ_INSTS_LDS",83886080.000000,1944539800435,1944596243853
509,509,"Agent 1",1,18759,18759,131072,17,"pk_gemm(__half const*, __half const*, __half*, int, int, int)",128,8704,0,208,0,128,"SQ_INSTS_VALU",1189601280.000000,1944539800435,1944596243853
509,509,"Agent 1",1,18759,18759,131072,17,"pk_gemm(__half const*, __half const*, __half*, int, int, int)",128,8704,0,208,0,128,"SQ_WAIT_ANY",23493755172.000000,1944539800435,1944596243853
509,509,"Agent 1",1,18759,18759,131072,17,"pk_gemm(__half const*, __half const*, __half*, int, int, int)",128,8704,0,208,0,128,"SQ_WAVES",4096.000000,1944539800435,1944596243853
510,510,"Agent 1",1,18759,18759,131072,17,"pk_gemm(__half const*, __half const*, __half*, int, int, int)",128,8704,0,208,0,128,"GRBM_GUI_ACTIVE",57170594.000000,1944596274464,1944634446920
510,510,"Agent 1",1,18759,18759,131072,17,"pk_gemm(__half const*, __half const*, __half*, int, int, int)",128,8704,0,208,0,128,"SQ_BUSY_CYCLES",114276847.000000,1944596274464,1944634446920
510,510,"Agent 1",1,18759,18759,131072,17,"pk_gemm(__half const*, __half const*, __half*, int, int, int)",128,8704,0,208,0,128,"SQ_INSTS_LDS",83886080.000000,1944596274464,1944634446920
510,510,"Agent 1",1,18759,18759,131072,17,"pk_gemm(__half const*, __half const*, __half*, int, int, int)",128,8704,0,208,0,128,"SQ_INSTS_VALU",1189601280.000000,1944596274464,1944634446920
510,510,"Agent 1",1,18759,18759,131072,17,"pk_gemm(__half const*, __half const*, __half*, int, int, int)",128,8704,0,208,0,128,"SQ_WAIT_ANY",15208548632.000000,1944596274464,1944634446920
510,510,"Agent 1",1,18759,18759,131072,17,"pk_gemm(__half const*, __half const*, __half*, int, int, int)",128,8704,0,208,0,128,"SQ_WAVES",4096.000000,1944596274464,1944634446920
511,511,"Agent 1",1,18759,18759,131072,17,"pk_gemm(__half const*, __half const*, __half*, int, int, int)",128,8704,0,208,0,128,"GRBM_GUI_ACTIVE",79360551.000000,1944634479500,1944687450617
511,511,"Agent 1",1,18759,18759,131072,17,"pk_gemm(__half const*, __half const*, __half*, int, int, int)",128,8704,0,208,0,128,"SQ_BUSY_CYCLES",158703199.000000,1944634479500,1944687450617
511,511,"Agent 1",1,18759,18759,131072,17,"pk_gemm(__half const*, __half const*, __half*, int, int, int)",128,8704,0,208,0,128,"SQ_INSTS_LDS",83886080.000000,1944634479500,1944687450617
511,511,"Agent 1",1,18759,18759,131072,17,"pk_gemm(__half const*, __half const*, __half*, int, int, int)",128,8704,0,208,0,128,"SQ_INSTS_VALU",1189601280.000000,1944634479500,1944687450617
511,511,"Agent 1",1,18759,18759,131072,17,"pk_gemm(__half const*, __half const*, __half*, int, int, int)",128,8704,0,208,0,128,"SQ_WAIT_ANY",21809880326.000000,1944634479500,1944687450617
511,511,"Agent 1",1,18759,18759,131072,17,"pk_gemm(__half const*, __half const*, __half*, int, int, int)",128,8704,0,208,0,128,"SQ_WAVES",4096.000000,1944634479500,1944687450617
512,512,"Agent 1",1,18759,18759,131072,17,"pk_gemm(__half const*, __half const*, __half*, int, int, int)",128,8704,0,208,0,128,"GRBM_GUI_ACTIVE",79286330.000000,1944687481557,1944740403022
512,512,"Agent 1",1,18759,18759,131072,17,"pk_gemm(__half const*, __half const*, __half*, int, int, int)",128,8704,0,208,0,128,"SQ_BUSY_CYCLES",158527505.000000,1944687481557,1944740403022
512,512,"Agent 1",1,18759,18759,131072,17,"pk_gemm(__half const*, __half const*, __half*, int, int, int)",128,8704,0,208,0,128,"SQ_INSTS_LDS",83886080.000000,1944687481557,1944740403022
512,512,"Agent 1",1,18759,18759,131072,17,"pk_gemm(__half const*, __half const*, __half*, int, int, int)",128,8704,0,208,0,128,"SQ_INSTS_VALU",1189601280.000000,1944687481557,1944740403022
512,512,"Agent 1",1,18759,18759,131072,17,"pk_gemm(__half const*, __half const*, __half*, int, int, int)",128,8704,0,208,0,128,"SQ_WAIT_ANY",21923245690.000000,1944687481557,1944740403022
512,512,"Agent 1",1,18759,18759,131072,17,"pk_gemm(__half const*, __half const*, __half*, int, int, int)",128,8704,0,208,0,128,"SQ_WAVES",4096.000000,1944687481557,1944740403022
513,513,"Agent 1",1,18759,18759,131072,17,"pk_gemm(__half const*, __half const*, __half*, int, int, int)",128,8704,0,208,0,128,"GRBM_GUI_ACTIVE",76698027.000000,1944740436083,1944791667184
513,513,"Agent 1",1,18759,18759,131072,17,"pk_gemm(__half const*, __half const*, __half*, int, int, int)",128,8704,0,208,0,128,"SQ_BUSY_CYCLES",153356280.000000,1944740436083,1944791667184
513,513,"Agent 1",1,18759,18759,131072,17,"pk_gemm(__half const*, __half const*, __half*, int, int, int)",128,8704,0,208,0,128,"SQ_INSTS_LDS",83886080.000000,1944740436083,1944791667184
513,513,"Agent 1",1,18759,18759,131072,17,"pk_gemm(__half const*, __half const*, __half*, int, int, int)",128,8704,0,208,0,128,"SQ_INSTS_VALU",1189601280.000000,1944740436083,1944791667184
513,513,"Agent 1",1,18759,18759,131072,17,"pk_gemm(__half const*, __half const*, __half*, int, int, int)",128,8704,0,208,0,128,"SQ_WAIT_ANY",20769003841.000000,1944740436083,1944791667184
513,513,"Agent 1",1,18759,18759,131072,17,"pk_gemm(__half const*, __half const*, __half*, int, int, int)",128,8704,0,208,0,128,"SQ_WAVES",4096.000000,1944740436083,1944791667184
514,514,"Agent 1",1,18759,18759,524288,17,"pk_gemm(__half const*, __half const*, __half*, int, int, int)",128,8704,0,208,0,128,"GRBM_GUI_ACTIVE",666463117.000000,1946572478262,1947016708235
514,514,"Agent 1",1,18759,18759,524288,17,"pk_gemm(__half const*, __half const*, __half*, int, int, int)",128,8704,0,208,0,128,"SQ_BUSY_CYCLES",1332431406.000000,1946572478262,1947016708235
514,514,"Agent 1",1,18759,18759,524288,17,"pk_gemm(__half const*, __half const*, __half*, int, int, int)",128,8704,0,208,0,128,"SQ_INSTS_LDS",671088640.000000,1946572478262,1947016708235
514,514,"Agent 1",1,18759,18759,524288,17,"pk_gemm(__half const*, __half const*, __half*, int, int, int)",128,8704,0,208,0,128,"SQ_INSTS_VALU",9506357248.000000,1946572478262,1947016708235
514,514,"Agent 1",1,18759,18759,524288,17,"pk_gemm(__half const*, __half const*, __half*, int, int, int)",128,8704,0,208,0,128,"SQ_WAIT_ANY",186659107289.000000,1946572478262,1947016708235
514,514,"Agent 1",1,18759,18759,524288,17,"pk_gemm(__half const*, __half const*, __half*, int, int, int)",128,8704,0,208,0,128,"SQ_WAVES",16384.000000,1946572478262,1947016708235
515,515,"Agent 1",1,18759,18759,524288,17,"pk_gemm(__half const*, __half const*, __half*, int, int, int)",128,8704,0,208,0,128,"GRBM_GUI_ACTIVE",812371226.000000,1947016750334,1947558443387
515,515,"Agent 1",1,18759,18759,524288,17,"pk_gemm(__half const*, __half const*, __half*, int, int, int)",128,8704,0,208,0,128,"SQ_BUSY_CYCLES",1624595520.000000,1947016750334,1947558443387
515,515,"Agent 1",1,18759,18759,524288,17,"pk_gemm(__half const*, __half const*, __half*, int, int, int)",128,8704,0,208,0,128,"SQ_INSTS_LDS",671088640.000000,1947016750334,1947558443387
515,515,"Agent 1",1,18759,18759,524288,17,"pk_gemm(__half const*, __half const*, __half*, int, int, int)",128,8704,0,208,0,128,"SQ_INSTS_VALU",9506357248.000000,1947016750334,1947558443387
515,515,"Agent 1",1,18759,18759,524288,17,"pk_gemm(__half const*, __half const*, __half*, int, int, int)",128,8704,0,208,0,128,"SQ_WAIT_ANY",231630104671.000000,1947016750334,1947558443387
515,515,"Agent 1",1,18759,18759,524288,17,"pk_gemm(__half const*, __half const*, __half*, int, int, int)",128,8704,0,208,0,128,"SQ_WAVES",16384.000000,1947016750334,1947558443387
516,516,"Agent 1",1,18759,18759,524288,17,"pk_gemm(__half const*, __half const*, __half*, int, int, int)",128,8704,0,208,0,128,"GRBM_GUI_ACTIVE",818358358.000000,1947558485719,1948104016635
516,516,"Agent 1",1,18759,18759,524288,17,"pk_gemm(__half const*, __half const*, __half*, int, int, int)",128,8704,0,208,0,128,"SQ_BUSY_CYCLES",1636590393.000000,1947558485719,1948104016635
516,516,"Agent 1",1,18759,18759,524288,17,"pk_gemm(__half const*, __half const*, __half*, int, int, int)",128,8704,0,208,0,128,"SQ_INSTS_LDS",671088640.000000,1947558485719,1948104016635
516,516,"Agent 1",1,18759,18759,524288,17,"pk_gemm(__half const*, __half const*, __half*, int, int, int)",128,8704,0,208,0,128,"SQ_INSTS_VALU",9506357248.000000,1947558485719,1948104016635
516,516,"Agent 1",1,18759,18759,524288,17,"pk_gemm(__half const*, __half const*, __half*, int, int, int)",128,8704,0,208,0,128,"SQ_WAIT_ANY",230532220434.000000,1947558485719,1948104016635
516,516,"Agent 1",1,18759,18759,524288,17,"pk_gemm(__half const*, __half const*, __half*, int, int, int)",128,8704,0,208,0,128,"SQ_WAVES",16384.000000,1947558485719,1948104016635
517,517,"Agent 1",1,18759,18759,524288,17,"pk_gemm(__half const*, __half const*, __half*, int, int, int)",128,8704,0,208,0,128,"GRBM_GUI_ACTIVE",717105370.000000,1948104050773,1948582088870
517,517,"Agent 1",1,18759,18759,524288,17,"pk_gemm(__half const*, __half const*, __half*, int, int, int)",128,8704,0,208,0,128,"SQ_BUSY_CYCLES",1433795768.000000,1948104050773,1948582088870
517,517,"Agent 1",1,18759,18759,524288,17,"pk_gemm(__half const*, __half const*, __half*, int, int, int)",128,8704,0,208,0,128,"SQ_INSTS_LDS",671088640.000000,1948104050773,1948582088870
517,517,"Agent 1",1,18759,18759,524288,17,"pk_gemm(__half const*, __half const*, __half*, int, int, int)",128,8704,0,208,0,128,"SQ_INSTS_VALU",9506357248.000000,1948104050773,1948582088870
517,517,"Agent 1",1,18759,18759,524288,17,"pk_gemm(__half const*, __half const*, __half*, int, int, int)",128,8704,0,208,0,128,"SQ_WAIT_ANY",200580257780.000000,1948104050773,1948582088870
517,517,"Agent 1",1,18759,18759,524288,17,"pk_gemm(__half const*, __half const*, __half*, int, int, int)",128,8704,0,208,0,128,"SQ_WAVES",16384.000000,1948104050773,1948582088870
518,518,"Agent 1",1,18759,18759,524288,17,"pk_gemm(__half const*, __half const*, __half*, int, int, int)",128,8704,0,208,0,128,"GRBM_GUI_ACTIVE",560789395.000000,1948582123080,1948956020834
518,518,"Agent 1",1,18759,18759,524288,17,"pk_gemm(__half const*, __half const*, __half*, int, int, int)",128,8704,0,208,0,128,"SQ_BUSY_CYCLES",1121540402.000000,1948582123080,1948956020834
518,518,"Agent 1",1,18759,18759,524288,17,"pk_gemm(__half const*, __half const*, __half*, int, int, int)",128,8704,0,208,0,128,"SQ_INSTS_LDS",671088640.000000,1948582123080,1948956020834
518,518,"Agent 1",1,18759,18759,524288,17,"pk_gemm(__half const*, __half const*, __half*, int, int, int)",128,8704,0,208,0,128,"SQ_INSTS_VALU",9506357248.000000,1948582123080,1948956020834
518,518,"Agent 1",1,18759,18759,524288,17,"pk_gemm(__half const*, __half const*, __half*, int, int, int)",128,8704,0,208,0,128,"SQ_WAIT_ANY",157567563580.000000,1948582123080,1948956020834
518,518,"Agent 1",1,18759,18759,524288,17,"pk_gemm(__half const*, __half const*, __half*, int, int, int)",128,8704,0,208,0,128,"SQ_WAVES",16384.000000,1948582123080,1948956020834
519,519,"Agent 1",1,18759,18759,524288,17,"pk_gemm(__half const*, __half const*, __half*, int, int, int)",128,8704,0,208,0,128,"GRBM_GUI_ACTIVE",784314987.000000,1948956055834,1949478688691
519,519,"Agent 1",1,18759,18759,524288,17,"pk_gemm(__half const*, __half const*, __half*, int, int, int)",128,8704,0,208,0,128,"SQ_BUSY_CYCLES",1568144676.000000,1948956055834,1949478688691
519,519,"Agent 1",1,18759,18759,524288,17,"pk_gemm(__half const*, __half const*, __half*, int, int, int)",128,8704,0,208,0,128,"SQ_INSTS_LDS",671088640.000000,1948956055834,1949478688691
519,519,"Agent 1",1,18759,18759,524288,17,"pk_gemm(__half const*, __half const*, __half*, int, int, int)",128,8704,0,208,0,128,"SQ_INSTS_VALU",9506357248.000000,1948956055834,1949478688691
519,519,"Agent 1",1,18759,18759,524288,17,"pk_gemm(__half const*, __half const*, __half*, int, int, int)",128,8704,0,208,0,128,"SQ_WAIT_ANY",215055954613.000000,1948956055834,1949478688691
519,519,"Agent 1",1,18759,18759,524288,17,"pk_gemm(__half const*, __half const*, __half*, int, int, int)",128,8704,0,208,0,128,"SQ_WAVES",16384.000000,1948956055834,1949478688691
520,520,"Agent 1",1,18759,18759,524288,17,"pk_gemm(__half const*, __half const*, __half*, int, int, int)",128,8704,0,208,0,128,"GRBM_GUI_ACTIVE",640971127.000000,1949478723040,1949906076259
520,520,"Agent 1",1,18759,18759,524288,17,"pk_gemm(__half const*, __half const*, __half*, int, int, int)",128,8704,0,208,0,128,"SQ_BUSY_CYCLES",1281614913.000000,1949478723040,1949906076259
520,520,"Agent 1",1,18759,18759,524288,17,"pk_gemm(__half const*, __half const*, __half*, int, int, int)",128,8704,0,208,0,128,"SQ_INSTS_LDS",671088640.000000,1949478723040,1949906076259
520,520,"Agent 1",1,18759,18759,524288,17,"pk_gemm(__half const*, __half const*, __half*, int, int, int)",128,8704,0,208,0,128,"SQ_INSTS_VALU",9506357248.000000,1949478723040,1949906076259
520,520,"Agent 1",1,18759,18759,524288,17,"pk_gemm(__half const*, __half const*, __half*, int, int, int)",128,8704,0,208,0,128,"SQ_WAIT_ANY",178057813739.000000,1949478723040,1949906076259
520,520,"Agent 1",1,18759,18759,524288,17,"pk_gemm(__half const*, __half const*, __half*, int, int, int)",128,8704,0,208,0,128,"SQ_WAVES",16384.000000,1949478723040,1949906076259
521,521,"Agent 1",1,18759,18759,524288,17,"pk_gemm(__half const*, __half const*, __half*, int, int, int)",128,8704,0,208,0,128,"GRBM_GUI_ACTIVE",695279762.000000,1949906109094,1950369270905
521,521,"Agent 1",1,18759,18759,524288,17,"pk_gemm(__half const*, __half const*, __half*, int, int, int)",128,8704,0,208,0,128,"SQ_BUSY_CYCLES",1390315812.000000,1949906109094,1950369270905
521,521,"Agent 1",1,18759,18759,524288,17,"pk_gemm(__half const*, __half const*, __half*, int, int, int)",128,8704,0,208,0,128,"SQ_INSTS_LDS",671088640.000000,1949906109094,1950369270905
521,521,"Agent 1",1,18759,18759,524288,17,"pk_gemm(__half const*, __half const*, __half*, int, int, int)",128,8704,0,208,0,128,"SQ_INSTS_VALU",9506357248.000000,1949906109094,1950369270905
521,521,"Agent 1",1,18759,18759,524288,17,"pk_gemm(__half const*, __half const*, __half*, int, int, int)",128,8704,0,208,0,128,"SQ_WAIT_ANY",185495207519.000000,1949906109094,1950369270905
521,521,"Agent 1",1,18759,18759,524288,17,"pk_gemm(__half const*, __half const*, __half*, int, int, int)",128,8704,0,208,0,128,"SQ_WAVES",16384.000000,1949906109094,1950369270905
522,522,"Agent 1",1,18759,18759,524288,17,"pk_gemm(__half const*, __half const*, __half*, int, int, int)",128,8704,0,208,0,128,"GRBM_GUI_ACTIVE",792635717.000000,1950369361885,1950897679904
522,522,"Agent 1",1,18759,18759,524288,17,"pk_gemm(__half const*, __half const*, __half*, int, int, int)",128,8704,0,208,0,128,"SQ_BUSY_CYCLES",1585069502.000000,1950369361885,1950897679904
522,522,"Agent 1",1,18759,18759,524288,17,"pk_gemm(__half const*, __half const*, __half*, int, int, int)",128,8704,0,208,0,128,"SQ_INSTS_LDS",671088640.000000,1950369361885,1950897679904
522,522,"Agent 1",1,18759,18759,524288,17,"pk_gemm(__half const*, __half const*, __half*, int, int, int)",128,8704,0,208,0,128,"SQ_INSTS_VALU",9506357248.000000,1950369361885,1950897679904
522,522,"Agent 1",1,18759,18759,524288,17,"pk_gemm(__half const*, __half const*, __half*, int, int, int)",128,8704,0,208,0,128,"SQ_WAIT_ANY",225914810589.000000,1950369361885,1950897679904
522,522,"Agent 1",1,18759,18759,524288,17,"pk_gemm(__half const*, __half const*, __half*, int, int, int)",128,8704,0,208,0,128,"SQ_WAVES",16384.000000,1950369361885,1950897679904
523,523,"Agent 1",1,18759,18759,524288,17,"pk_gemm(__half const*, __half const*, __half*, int, int, int)",128,8704,0,208,0,128,"GRBM_GUI_ACTIVE",765544709.000000,1950897720095,1951408066714
523,523,"Agent 1",1,18759,18759,524288,17,"pk_gemm(__half const*, __half const*, __half*, int, int, int)",128,8704,0,208,0,128,"SQ_BUSY_CYCLES",1530914467.000000,1950897720095,1951408066714
523,523,"Agent 1",1,18759,18759,524288,17,"pk_gemm(__half const*, __half const*, __half*, int, int, int)",128,8704,0,208,0,128,"SQ_INSTS_LDS",671088640.000000,1950897720095,1951408066714
523,523,"Agent 1",1,18759,18759,524288,17,"pk_gemm(__half const*, __half const*, __half*, int, int, int)",128,8704,0,208,0,128,"SQ_INSTS_VALU",9506357248.000000,1950897720095,1951408066714
523,523,"Agent 1",1,18759,18759,524288,17,"pk_gemm(__half const*, __half const*, __half*, int, int, int)",128,8704,0,208,0,128,"SQ_WAIT_ANY",214837870937.000000,1950897720095,1951408066714
523,523,"Agent 1",1,18759,18759,524288,17,"pk_gemm(__half const*, __half const*, __half*, int, int, int)",128,8704,0,208,0,128,"SQ_WAVES",16384.000000,1950897720095,1951408066714
524,524,"Agent 1",1,18759,18759,524288,17,"pk_gemm(__half const*, __half const*, __half*, int, int, int)",128,8704,0,208,0,128,"GRBM_GUI_ACTIVE",778286008.000000,1951408103600,1951926643034
524,524,"Agent 1",1,18759,18759,524288,17,"pk_gemm(__half const*, __half const*, __half*, int, int, int)",128,8704,0,208,0,128,"SQ_BUSY_CYCLES",1556536098.000000,1951408103600,1951926643034
524,524,"Agent 1",1,18759,18759,524288,17,"pk_gemm(__half const*, __half const*, __half*, int, int, int)",128,8704,0,208,0,128,"SQ_INSTS_LDS",671088640.000000,1951408103600,1951926643034
524,524,"Agent 1",1,18759,18759,524288,17,"pk_gemm(__half const*, __half const*, __half*, int, int, int)",128,8704,0,208,0,128,"SQ_INSTS_VALU",9506357248.000000,1951408103600,1951926643034
524,524,"Agent 1",1,18759,18759,524288,17,"pk_gemm(__half const*, __half const*, __half*, int, int, int)",128,8704,0,208,0,128,"SQ_WAIT_ANY",213531230356.000000,1951408103600,1951926643034
524,524,"Agent 1",1,18759,18759,524288,17,"pk_gemm(__half const*, __half const*, __half*, int, int, int)",128,8704,0,208,0,128,"SQ_WAVES",16384.000000,1951408103600,1951926643034
525,525,"Agent 1",1,18759,18759,524288,17,"pk_gemm(__half const*, __half const*, __half*, int, int, int)",128,8704,0,208,0,128,"GRBM_GUI_ACTIVE",748350983.000000,1951926683110,1952425496701
525,525,"Agent 1",1,18759,18759,524288,17,"pk_gemm(__half const*, __half const*, __half*, int, int, int)",128,8704,0,208,0,128,"SQ_BUSY_CYCLES",1496328697.000000,1951926683110,1952425496701
525,525,"Agent 1",1,18759,18759,524288,17,"pk_gemm(__half const*, __half const*, __half*, int, int, int)",128,8704,0,208,0,128,"SQ_INSTS_LDS",671088640.000000,1951926683110,1952425496701
525,525,"Agent 1",1,18759,18759,524288,17,"pk_gemm(__half const*, __half const*, __half*, int, int, int)",128,8704,0,208,0,128,"SQ_INSTS_VALU",9506357248.000000,1951926683110,1952425496701
525,525,"Agent 1",1,18759,18759,524288,17,"pk_gemm(__half const*, __half const*, __half*, int, int, int)",128,8704,0,208,0,128,"SQ_WAIT_ANY",210465627233.000000,1951926683110,1952425496701
525,525,"Agent 1",1,18759,18759,524288,17,"pk_gemm(__half const*, __half const*, __half*, int, int, int)",128,8704,0,208,0,128,"SQ_WAVES",16384.000000,1951926683110,1952425496701
526,526,"Agent 1",1,18759,18759,524288,17,"pk_gemm(__half const*, __half const*, __half*, int, int, int)",128,8704,0,208,0,128,"GRBM_GUI_ACTIVE",657443602.000000,1952425533688,1952863852755
526,526,"Agent 1",1,18759,18759,524288,17,"pk_gemm(__half const*, __half const*, __half*, int, int, int)",128,8704,0,208,0,128,"SQ_BUSY_CYCLES",1314841150.000000,1952425533688,1952863852755
526,526,"Agent 1",1,18759,18759,524288,17,"pk_gemm(__half const*, __half const*, __half*, int, int, int)",128,8704,0,208,0,128,"SQ_INSTS_LDS",671088640.000000,1952425533688,1952863852755
526,526,"Agent 1",1,18759,18759,524288,17,"pk_gemm(__half const*, __half const*, __half*, int, int, int)",128,8704,0,208,0,128,"SQ_INSTS_VALU",9506357248.000000,1952425533688,1952863852755
526,526,"Agent 1",1,18759,18759,524288,17,"pk_gemm(__half const*, __half const*, __half*, int, int, int)",128,8704,0,208,0,128,"SQ_WAIT_ANY",183453606597.000000,1952425533688,1952863852755
526,526,"Agent 1",1,18759,18759,524288,17,"pk_gemm(__half const*, __half const*, __half*, int, int, int)",128,8704,0,208,0,128,"SQ_WAVES",16384.000000,1952425533688,1952863852755
527,527,"Agent 1",1,18759,18759,524288,17,"pk_gemm(__half const*, __half const*, __half*, int, int, int)",128,8704,0,208,0,128,"GRBM_GUI_ACTIVE",566722147.000000,1952863891919,1953241784673
527,527,"Agent 1",1,18759,18759,524288,17,"pk_gemm(__half const*, __half const*, __half*, int, int, int)",128,8704,0,208,0,128,"SQ_BUSY_CYCLES",1133189544.000000,1952863891919,1953241784673
527,527,"Agent 1",1,18759,18759,524288,17,"pk_gemm(__half const*, __half const*, __half*, int, int, int)",128,8704,0,208,0,128,"SQ_INSTS_LDS",671088640.000000,1952863891919,1953241784673
527,527,"Agent 1",1,18759,18759,524288,17,"pk_gemm(__half const*, __half const*, __half*, int, int, int)",128,8704,0,208,0,128,"SQ_INSTS_VALU",9506357248.000000,1952863891919,1953241784673
527,527,"Agent 1",1,18759,18759,524288,17,"pk_gemm(__half const*, __half const*, __half*, int, int, int)",128,8704,0,208,0,128,"SQ_WAIT_ANY",159333104203.000000,1952863891919,1953241784673
527,527,"Agent 1",1,18759,18759,524288,17,"pk_gemm(__half const*, __half const*, __half*, int, int, int)",128,8704,0,208,0,128,"SQ_WAVES",16384.000000,1952863891919,1953241784673
528,528,"Agent 1",1,18759,18759,524288,17,"pk_gemm(__half const*, __half const*, __half*, int, int, int)",128,8704,0,208,0,128,"GRBM_GUI_ACTIVE",559049495.000000,1953241821055,1953614503294
528,528,"Agent 1",1,18759,18759,524288,17,"pk_gemm(__half const*, __half const*, __half*, int, int, int)",128,8704,0,208,0,128,"SQ_BUSY_CYCLES",1118078219.000000,1953241821055,1953614503294
528,528,"Agent 1",1,18759,18759,524288,17,"pk_gemm(__half const*, __half const*, __half*, int, int, int)",128,8704,0,208,0,128,"SQ_INSTS_LDS",671088640.000000,1953241821055,1953614503294
528,528,"Agent 1",1,18759,18759,524288,17,"pk_gemm(__half const*, __half const*, __half*, int, int, int)",128,8704,0,208,0,128,"SQ_INSTS_VALU",9506357248.000000,1953241821055,1953614503294
528,528,"Agent 1",1,18759,18759,524288,17,"pk_gemm(__half const*, __half const*, __half*, int, int, int)",128,8704,0,208,0,128,"SQ_WAIT_ANY",154094818481.000000,1953241821055,1953614503294
528,528,"Agent 1",1,18759,18759,524288,17,"pk_gemm(__half const*, __half const*, __half*, int, int, int)",128,8704,0,208,0,128,"SQ_WAVES",16384.000000,1953241821055,1953614503294
529,529,"Agent 1",1,18759,18759,524288,17,"pk_gemm(__half const*, __half const*, __half*, int, int, int)",128,8704,0,208,0,128,"GRBM_GUI_ACTIVE",730477625.000000,1953614540606,1954101694049
529,529,"Agent 1",1,18759,18759,524288,17,"pk_gemm(__half const*, __half const*, __half*, int, int, int)",128,8704,0,208,0,128,"SQ_BUSY_CYCLES",1460887644.000000,1953614540606,1954101694049
529,529,"Agent 1",1,18759,18759,524288,17,"pk_gemm(__half const*, __half const*, __half*, int, int, int)",128,8704,0,208,0,128,"SQ_INSTS_LDS",671088640.000000,1953614540606,1954101694049
529,529,"Agent 1",1,18759,18759,524288,17,"pk_gemm(__half const*, __half const*, __half*, int, int, int)",128,8704,0,208,0,128,"SQ_INSTS_VALU",9506357248.000000,1953614540606,1954101694049
529,529,"Agent 1",1,18759,18759,524288,17,"pk_gemm(__half const*, __half const*, __half*, int, int, int)",128,8704,0,208,0,128,"SQ_WAIT_ANY",209834837288.000000,1953614540606,1954101694049
529,529,"Agent 1",1,18759,18759,524288,17,"pk_gemm(__half const*, __half const*, __half*, int, int, int)",128,8704,0,208,0,128,"SQ_WAVES",16384.000000,1953614540606,1954101694049
530,530,"Agent 1",1,18759,18759,524288,17,"pk_gemm(__half const*, __half const*, __half*, int, int, int)",128,8704,0,208,0,128,"GRBM_GUI_ACTIVE",636698140.000000,1954101730783,1954526261039
530,530,"Agent 1",1,18759,18759,524288,17,"pk_gemm(__half const*, __half const*, __half*, int, int, int)",128,8704,0,208,0,128,"SQ_BUSY_CYCLES",1273333031.000000,1954101730783,1954526261039
530,530,"Agent 1",1,18759,18759,524288,17,"pk_gemm(__half const*, __half const*, __half*, int, int, int)",128,8704,0,208,0,128,"SQ_INSTS_LDS",671088640.000000,1954101730783,1954526261039
530,530,"Agent 1",1,18759,18759,524288,17,"pk_gemm(__half const*, __half const*, __half*, int, int, int)",128,8704,0,208,0,128,"SQ_INSTS_VALU",9506357248.000000,1954101730783,1954526261039
530,530,"Agent 1",1,18759,18759,524288,17,"pk_gemm(__half const*, __half const*, __half*, int, int, int)",128,8704,0,208,0,128,"SQ_WAIT_ANY",180795749086.000000,1954101730783,1954526261039
530,530,"Agent 1",1,18759,18759,524288,17,"pk_gemm(__half const*, __half const*, __half*, int, int, int)",128,8704,0,208,0,128,"SQ_WAVES",16384.000000,1954101730783,1954526261039
531,531,"Agent 1",1,18759,18759,524288,17,"pk_gemm(__half const*, __half const*, __half*, int, int, int)",128,8704,0,208,0,128,"GRBM_GUI_ACTIVE",665194990.000000,1954526298175,1954969828398
531,531,"Agent 1",1,18759,18759,524288,17,"pk_gemm(__half const*, __half const*, __half*, int, int, int)",128,8704,0,208,0,128,"SQ_BUSY_CYCLES",1330326630.000000,1954526298175,1954969828398
531,531,"Agent 1",1,18759,18759,524288,17,"pk_gemm(__half const*, __half const*, __half*, int, int, int)",128,8704,0,208,0,128,"SQ_INSTS_LDS",671088640.000000,1954526298175,1954969828398
531,531,"Agent 1",1,18759,18759,524288,17,"pk_gemm(__half const*, __half const*, __half*, int, int, int)",128,8704,0,208,0,128,"SQ_INSTS_VALU",9506357248.000000,1954526298175,1954969828398
531,531,"Agent 1",1,18759,18759,524288,17,"pk_gemm(__half const*, __half const*, __half*, int, int, int)",128,8704,0,208,0,128,"SQ_WAIT_ANY",187312466232.000000,1954526298175,1954969828398
531,531,"Agent 1",1,18759,18759,524288,17,"pk_gemm(__half const*, __half const*, __half*, int, int, int)",128,8704,0,208,0,128,"SQ_WAVES",16384.000000,1954526298175,1954969828398
532,532,"Agent 1",1,18759,18759,524288,17,"pk_gemm(__half const*, __half const*, __half*, int, int, int)",128,8704,0,208,0,128,"GRBM_GUI_ACTIVE",735606874.000000,1954969862934,1955460067288
532,532,"Agent 1",1,18759,18759,524288,17,"pk_gemm(__half const*, __half const*, __half*, int, int, int)",128,8704,0,208,0,128,"SQ_BUSY_CYCLES",1462770976.000000,1954969862934,1955460067288
532,532,"Agent 1",1,18759,18759,524288,17,"pk_gemm(__half const*, __half const*, __half*, int, int, int)",128,8704,0,208,0,128,"SQ_INSTS_LDS",671088640.000000,1954969862934,1955460067288
532,532,"Agent 1",1,18759,18759,524288,17,"pk_gemm(__half const*, __half const*, __half*, int, int, int)",128,8704,0,208,0,128,"SQ_INSTS_VALU",9506357248.000000,1954969862934,1955460067288
532,532,"Agent 1",1,18759,18759,524288,17,"pk_gemm(__half const*, __half const*, __half*, int, int, int)",128,8704,0,208,0,128,"SQ_WAIT_ANY",201695928579.000000,1954969862934,1955460067288
532,532,"Agent 1",1,18759,18759,524288,17,"pk_gemm(__half const*, __half const*, __half*, int, int, int)",128,8704,0,208,0,128,"SQ_WAVES",16384.000000,1954969862934,1955460067288
533,533,"Agent 1",1,18759,18759,524288,17,"pk_gemm(__half const*, __half const*, __half*, int, int, int)",128,8704,0,208,0,128,"GRBM_GUI_ACTIVE",774846486.000000,1955460103751,1955976592787
533,533,"Agent 1",1,18759,18759,524288,17,"pk_gemm(__half const*, __half const*, __half*, int, int, int)",128,8704,0,208,0,128,"SQ_BUSY_CYCLES",1549646592.000000,1955460103751,1955976592787
533,533,"Agent 1",1,18759,18759,524288,17,"pk_gemm(__half const*, __half const*, __half*, int, int, int)",128,8704,0,208,0,128,"SQ_INSTS_LDS",671088640.000000,1955460103751,1955976592787
533,533,"Agent 1",1,18759,18759,524288,17,"pk_gemm(__half const*, __half const*, __half*, int, int, int)",128,8704,0,208,0,128,"SQ_INSTS_VALU",9506357248.000000,1955460103751,1955976592787
533,533,"Agent 1",1,18759,18759,524288,17,"pk_gemm(__half const*, __half const*, __half*, int, int, int)",128,8704,0,208,0,128,"SQ_WAIT_ANY",216828653865.000000,1955460103751,1955976592787
533,533,"Agent 1",1,18759,18759,524288,17,"pk_gemm(__half const*, __half const*, __half*, int, int, int)",128,8704,0,208,0,128,"SQ_WAVES",16384.000000,1955460103751,1955976592787
534,534,"Agent 1",1,18759,18759,524288,17,"pk_gemm(__half const*, __half const*, __half*, int, int, int)",128,8704,0,208,0,128,"GRBM_GUI_ACTIVE",570169961.000000,1955976628288,1956356743081
534,534,"Agent 1",1,18759,18759,524288,17,"pk_gemm(__half const*, __half const*, __half*, int, int, int)",128,8704,0,208,0,128,"SQ_BUSY_CYCLES",1140056133.000000,1955976628288,1956356743081
534,534,"Agent 1",1,18759,18759,524288,17,"pk_gemm(__half const*, __half const*, __half*, int, int, int)",128,8704,0,208,0,128,"SQ_INSTS_LDS",671088640.000000,1955976628288,1956356743081
534,534,"Agent 1",1,18759,18759,524288,17,"pk_gemm(__half const*, __half const*, __half*, int, int, int)",128,8704,0,208,0,128,"SQ_INSTS_VALU",9506357248.000000,1955976628288,1956356743081
534,534,"Agent 1",1,18759,18759,524288,17,"pk_gemm(__half const*, __half const*, __half*, int, int, int)",128,8704,0,208,0,128,"SQ_WAIT_ANY",156440541858.000000,1955976628288,1956356743081
534,534,"Agent 1",1,18759,18759,524288,17,"pk_gemm(__half const*, __half const*, __half*, int, int, int)",128,8704,0,208,0,128,"SQ_WAVES",16384.000000,1955976628288,1956356743081
535,535,"Agent 1",1,18759,18759,524288,17,"pk_gemm(__half const*, __half const*, __half*, int, int, int)",128,8704,0,208,0,128,"GRBM_GUI_ACTIVE",798643658.000000,1956356780637,1956889032061
535,535,"Agent 1",1,18759,18759,524288,17,"pk_gemm(__half const*, __half const*, __half*, int, int, int)",128,8704,0,208,0,128,"SQ_BUSY_CYCLES",1597199776.000000,1956356780637,1956889032061
535,535,"Agent 1",1,18759,18759,524288,17,"pk_gemm(__half const*, __half const*, __half*, int, int, int)",128,8704,0,208,0,128,"SQ_INSTS_LDS",671088640.000000,1956356780637,1956889032061
535,535,"Agent 1",1,18759,18759,524288,17,"pk_gemm(__half const*, __half const*, __half*, int, int, int)",128,8704,0,208,0,128,"SQ_INSTS_VALU",9506357248.000000,1956356780637,1956889032061
535,535,"Agent 1",1,18759,18759,524288,17,"pk_gemm(__half const*, __half const*, __half*, int, int, int)",128,8704,0,208,0,128,"SQ_WAIT_ANY",223880694513.000000,1956356780637,1956889032061
535,535,"Agent 1",1,18759,18759,524288,17,"pk_gemm(__half const*, __half const*, __half*, int, int, int)",128,8704,0,208,0,128,"SQ_WAVES",16384.000000,1956356780637,1956889032061
536,536,"Agent 1",1,18759,18759,524288,17,"pk_gemm(__half const*, __half const*, __half*, int, int, int)",128,8704,0,208,0,128,"GRBM_GUI_ACTIVE",774133246.000000,1956889069815,1957404926510
536,536,"Agent 1",1,18759,18759,524288,17,"pk_gemm(__half const*, __half const*, __half*, int, int, int)",128,8704,0,208,0,128,"SQ_BUSY_CYCLES",1548185606.000000,1956889069815,1957404926510
536,536,"Agent 1",1,18759,18759,524288,17,"pk_gemm(__half const*, __half const*, __half*, int, int, int)",128,8704,0,208,0,128,"SQ_INSTS_LDS",671088640.000000,1956889069815,1957404926510
536,536,"Agent 1",1,18759,18759,524288,17,"pk_gemm(__half const*, __half const*, __half*, int, int, int)",128,8704,0,208,0,128,"SQ_INSTS_VALU",9506357248.000000,1956889069815,1957404926510
536,536,"Agent 1",1,18759,18759,524288,17,"pk_gemm(__half const*, __half const*, __half*, int, int, int)",128,8704,0,208,0,128,"SQ_WAIT_ANY",214312341860.000000,1956889069815,1957404926510
536,536,"Agent 1",1,18759,18759,524288,17,"pk_gemm(__half const*, __half const*, __half*, int, int, int)",128,8704,0,208,0,128,"SQ_WAVES",16384.000000,1956889069815,1957404926510
537,537,"Agent 1",1,18759,18759,524288,17,"pk_gemm(__half const*, __half const*, __half*, int, int, int)",128,8704,0,208,0,128,"GRBM_GUI_ACTIVE",657791561.000000,1957404963560,1957843495508
537,537,"Agent 1",1,18759,18759,524288,17,"pk_gemm(__half const*, __half const*, __half*, int, int, int)",128,8704,0,208,0,128,"SQ_BUSY_CYCLES",1315559529.000000,1957404963560,1957843495508
537,537,"Agent 1",1,18759,18759,524288,17,"pk_gemm(__half const*, __half const*, __half*, int, int, int)",128,8704,0,208,0,128,"SQ_INSTS_LDS",671088640.000000,1957404963560,1957843495508
537,537,"Agent 1",1,18759,18759,524288,17,"pk_gemm(__half const*, __half const*, __half*, int, int, int)",128,8704,0,208,0,128,"SQ_INSTS_VALU",9506357248.000000,1957404963560,1957843495508
537,537,"Agent 1",1,18759,18759,524288,17,"pk_gemm(__half const*, __half const*, __half*, int, int, int)",128,8704,0,208,0,128,"SQ_WAIT_ANY",183503288488.000000,1957404963560,1957843495508
537,537,"Agent 1",1,18759,18759,524288,17,"pk_gemm(__half const*, __half const*, __half*, int, int, int)",128,8704,0,208,0,128,"SQ_WAVES",16384.000000,1957404963560,1957843495508
538,538,"Agent 1",1,18759,18759,524288,17,"pk_gemm(__half const*, __half const*, __half*, int, int, int)",128,8704,0,208,0,128,"GRBM_GUI_ACTIVE",821941476.000000,1957843532004,1958391584607
538,538,"Agent 1",1,18759,18759,524288,17,"pk_gemm(__half const*, __half const*, __half*, int, int, int)",128,8704,0,208,0,128,"SQ_BUSY_CYCLES",1643723676.000000,1957843532004,1958391584607
538,538,"Agent 1",1,18759,18759,524288,17,"pk_gemm(__half const*, __half const*, __half*, int, int, int)",128,8704,0,208,0,128,"SQ_INSTS_LDS",671088640.000000,1957843532004,1958391584607
538,538,"Agent 1",1,18759,18759,524288,17,"pk_gemm(__half const*, __half const*, __half*, int, int, int)",128,8704,0,208,0,128,"SQ_INSTS_VALU",9506357248.000000,1957843532004,1958391584607
538,538,"Agent 1",1,18759,18759,524288,17,"pk_gemm(__half const*, __half const*, __half*, int, int, int)",128,8704,0,208,0,128,"SQ_WAIT_ANY",233329086581.000000,1957843532004,1958391584607
538,538,"Agent 1",1,18759,18759,524288,17,"pk_gemm(__half const*, __half const*, __half*, int, int, int)",128,8704,0,208,0,128,"SQ_WAVES",16384.000000,1957843532004,1958391584607
539,539,"Agent 1",1,18759,18759,524288,17,"pk_gemm(__half const*, __half const*, __half*, int, int, int)",128,8704,0,208,0,128,"GRBM_GUI_ACTIVE",818241295.000000,1958391621129,1958936871086
539,539,"Agent 1",1,18759,18759,524288,17,"pk_gemm(__half const*, __half const*, __half*, int, int, int)",128,8704,0,208,0,128,"SQ_BUSY_CYCLES",1636366165.000000,1958391621129,1958936871086
539,539,"Agent 1",1,18759,18759,524288,17,"pk_gemm(__half const*, __half const*, __half*, int, int, int)",128,8704,0,208,0,128,"SQ_INSTS_LDS",671088640.000000,1958391621129,1958936871086
539,539,"Agent 1",1,18759,18759,524288,17,"pk_gemm(__half const*, __half const*, __half*, int, int, int)",128,8704,0,208,0,128,"SQ_INSTS_VALU",9506357248.000000,1958391621129,1958936871086
539,539,"Agent 1",1,18759,18759,524288,17,"pk_gemm(__half const*, __half const*, __half*, int, int, int)",128,8704,0,208,0,128,"SQ_WAIT_ANY",226718046090.000000,1958391621129,1958936871086
539,539,"Agent 1",1,18759,18759,524288,17,"pk_gemm(__half const*, __half const*, __half*, int, int, int)",128,8704,0,208,0,128,"SQ_WAVES",16384.000000,1958391621129,1958936871086
540,540,"Agent 1",1,18759,18759,524288,17,"pk_gemm(__half const*, __half const*, __half*, int, int, int)",128,8704,0,208,0,128,"GRBM_GUI_ACTIVE",770103393.000000,1958936908629,1959449991853
540,540,"Agent 1",1,18759,18759,524288,17,"pk_gemm(__half const*, __half const*, __half*, int, int, int)",128,8704,0,208,0,128,"SQ_BUSY_CYCLES",1539974628.000000,1958936908629,1959449991853
540,540,"Agent 1",1,18759,18759,524288,17,"pk_gemm(__half const*, __half const*, __half*, int, int, int)",128,8704,0,208,0,128,"SQ_INSTS_LDS",671088640.000000,1958936908629,1959449991853
540,540,"Agent 1",1,18759,18759,524288,17,"pk_gemm(__half const*, __half const*, __half*, int, int, int)",128,8704,0,208,0,128,"SQ_INSTS_VALU",9506357248.000000,1958936908629,1959449991853
540,540,"Agent 1",1,18759,18759,524288,17,"pk_gemm(__half const*, __half const*, __half*, int, int, int)",128,8704,0,208,0,128,"SQ_WAIT_ANY",208987650458.000000,1958936908629,1959449991853
540,540,"Agent 1",1,18759,18759,524288,17,"pk_gemm(__half const*, __half const*, __half*, int, int, int)",128,8704,0,208,0,128,"SQ_WAVES",16384.000000,1958936908629,1959449991853
541,541,"Agent 1",1,18759,18759,524288,17,"pk_gemm(__half const*, __half const*, __half*, int, int, int)",128,8704,0,208,0,128,"GRBM_GUI_ACTIVE",646337384.000000,1959450025929,1959881013433
541,541,"Agent 1",1,18759,18759,524288,17,"pk_gemm(__half const*, __half const*, __half*, int, int, int)",128,8704,0,208,0,128,"SQ_BUSY_CYCLES",1292589570.000000,1959450025929,1959881013433
541,541,"Agent 1",1,18759,18759,524288,17,"pk_gemm(__half const*, __half const*, __half*, int, int, int)",128,8704,0,208,0,128,"SQ_INSTS_LDS",671088640.000000,1959450025929,1959881013433
541,541,"Agent 1",1,18759,18759,524288,17,"pk_gemm(__half const*, __half const*, __half*, int, int, int)",128,8704,0,208,0,128,"SQ_INSTS_VALU",9506357248.000000,1959450025929,1959881013433
541,541,"Agent 1",1,18759,18759,524288,17,"pk_gemm(__half const*, __half const*, __half*, int, int, int)",128,8704,0,208,0,128,"SQ_WAIT_ANY",178206756987.000000,1959450025929,1959881013433
541,541,"Agent 1",1,18759,18759,524288,17,"pk_gemm(__half const*, __half const*, __half*, int, int, int)",128,8704,0,208,0,128,"SQ_WAVES",16384.000000,1959450025929,1959881013433
542,542,"Agent 1",1,18759,18759,524288,17,"pk_gemm(__half const*, __half const*, __half*, int, int, int)",128,8704,0,208,0,128,"GRBM_GUI_ACTIVE",789677084.000000,1959881047041,1960407466149
542,542,"Agent 1",1,18759,18759,524288,17,"pk_gemm(__half const*, __half const*, __half*, int, int, int)",128,8704,0,208,0,128,"SQ_BUSY_CYCLES",1578914847.000000,1959881047041,1960407466149
542,542,"Agent 1",1,18759,18759,524288,17,"pk_gemm(__half const*, __half const*, __half*, int, int, int)",128,8704,0,208,0,128,"SQ_INSTS_LDS",671088640.000000,1959881047041,1960407466149
542,542,"Agent 1",1,18759,18759,524288,17,"pk_gemm(__half const*, __half const*, __half*, int, int, int)",128,8704,0,208,0,128,"SQ_INSTS_VALU",9506357248.000000,1959881047041,1960407466149
542,542,"Agent 1",1,18759,18759,524288,17,"pk_gemm(__half const*, __half const*, __half*, int, int, int)",128,8704,0,208,0,128,"SQ_WAIT_ANY",223467769800.000000,1959881047041,1960407466149
542,542,"Agent 1",1,18759,18759,524288,17,"pk_gemm(__half const*, __half const*, __half*, int, int, int)",128,8704,0,208,0,128,"SQ_WAVES",16384.000000,1959881047041,1960407466149
543,543,"Agent 1",1,18759,18759,524288,17,"pk_gemm(__half const*, __half const*, __half*, int, int, int)",128,8704,0,208,0,128,"GRBM_GUI_ACTIVE",813896478.000000,1960407522846,1960950099239
543,543,"Agent 1",1,18759,18759,524288,17,"pk_gemm(__half const*, __half const*, __half*, int, int, int)",128,8704,0,208,0,128,"SQ_BUSY_CYCLES",1627777320.000000,1960407522846,1960950099239
543,543,"Agent 1",1,18759,18759,524288,17,"pk_gemm(__half const*, __half const*, __half*, int, int, int)",128,8704,0,208,0,128,"SQ_INSTS_LDS",671088640.000000,1960407522846,1960950099239
543,543,"Agent 1",1,18759,18759,524288,17,"pk_gemm(__half const*, __half const*, __half*, int, int, int)",128,8704,0,208,0,128,"SQ_INSTS_VALU",9506357248.000000,1960407522846,1960950099239
543,543,"Agent 1",1,18759,18759,524288,17,"pk_gemm(__half const*, __half const*, __half*, int, int, int)",128,8704,0,208,0,128,"SQ_WAIT_ANY",229330783867.000000,1960407522846,1960950099239
543,543,"Agent 1",1,18759,18759,524288,17,"pk_gemm(__half const*, __half const*, __half*, int, int, int)",128,8704,0,208,0,128,"SQ_WAVES",16384.000000,1960407522846,1960950099239
544,544,"Agent 1",1,18759,18759,524288,17,"pk_gemm(__half const*, __half const*, __half*, int, int, int)",128,8704,0,208,0,128,"GRBM_GUI_ACTIVE",694953994.000000,1960950137423,1961413121143
544,544,"Agent 1",1,18759,18759,524288,17,"pk_gemm(__half const*, __half const*, __half*, int, int, int)",128,8704,0,208,0,128,"SQ_BUSY_CYCLES",1389888858.000000,1960950137423,1961413121143
544,544,"Agent 1",1,18759,18759,524288,17,"pk_gemm(__half const*, __half const*, __half*, int, int, int)",128,8704,0,208,0,128,"SQ_INSTS_LDS",671088640.000000,1960950137423,1961413121143
544,544,"Agent 1",1,18759,18759,524288,17,"pk_gemm(__half const*, __half const*, __half*, int, int, int)",128,8704,0,208,0,128,"SQ_INSTS_VALU",9506357248.000000,1960950137423,1961413121143
544,544,"Agent 1",1,18759,18759,524288,17,"pk_gemm(__half const*, __half const*, __half*, int, int, int)",128,8704,0,208,0,128,"SQ_WAIT_ANY",190219360627.000000,1960950137423,1961413121143
544,544,"Agent 1",1,18759,18759,524288,17,"pk_gemm(__half const*, __half const*, __half*, int, int, int)",128,8704,0,208,0,128,"SQ_WAVES",16384.000000,1960950137423,1961413121143
545,545,"Agent 1",1,18759,18759,524288,17,"pk_gemm(__half const*, __half const*, __half*, int, int, int)",128,8704,0,208,0,128,"GRBM_GUI_ACTIVE",726581691.000000,1961413156734,1961897696486
545,545,"Agent 1",1,18759,18759,524288,17,"pk_gemm(__half const*, __half const*, __half*, int, int, int)",128,8704,0,208,0,128,"SQ_BUSY_CYCLES",1453147818.000000,1961413156734,1961897696486
545,545,"Agent 1",1,18759,18759,524288,17,"pk_gemm(__half const*, __half const*, __half*, int, int, int)",128,8704,0,208,0,128,"SQ_INSTS_LDS",671088640.000000,1961413156734,1961897696486
545,545,"Agent 1",1,18759,18759,524288,17,"pk_gemm(__half const*, __half const*, __half*, int, int, int)",128,8704,0,208,0,128,"SQ_INSTS_VALU",9506357248.000000,1961413156734,1961897696486
545,545,"Agent 1",1,18759,18759,524288,17,"pk_gemm(__half const*, __half const*, __half*, int, int, int)",128,8704,0,208,0,128,"SQ_WAIT_ANY",207184906025.000000,1961413156734,1961897696486
545,545,"Agent 1",1,18759,18759,524288,17,"pk_gemm(__half const*, __half const*, __half*, int, int, int)",128,8704,0,208,0,128,"SQ_WAVES",16384.000000,1961413156734,1961897696486
546,546,"Agent 1",1,18759,18759,524288,17,"pk_gemm(__half const*, __half const*, __half*, int, int, int)",128,8704,0,208,0,128,"GRBM_GUI_ACTIVE",801964816.000000,1961897732074,1962432112244
546,546,"Agent 1",1,18759,18759,524288,17,"pk_gemm(__half const*, __half const*, __half*, int, int, int)",128,8704,0,208,0,128,"SQ_BUSY_CYCLES",1603037913.000000,1961897732074,1962432112244
546,546,"Agent 1",1,18759,18759,524288,17,"pk_gemm(__half const*, __half const*, __half*, int, int, int)",128,8704,0,208,0,128,"SQ_INSTS_LDS",671088640.000000,1961897732074,1962432112244
546,546,"Agent 1",1,18759,18759,524288,17,"pk_gemm(__half const*, __half const*, __half*, int, int, int)",128,8704,0,208,0,128,"SQ_INSTS_VALU",9506357248.000000,1961897732074,1962432112244
546,546,"Agent 1",1,18759,18759,524288,17,"pk_gemm(__half const*, __half const*, __half*, int, int, int)",128,8704,0,208,0,128,"SQ_WAIT_ANY",223420317004.000000,1961897732074,1962432112244
546,546,"Agent 1",1,18759,18759,524288,17,"pk_gemm(__half const*, __half const*, __half*, int, int, int)",128,8704,0,208,0,128,"SQ_WAVES",16384.000000,1961897732074,1962432112244
547,547,"Agent 1",1,18759,18759,524288,17,"pk_gemm(__half const*, __half const*, __half*, int, int, int)",128,8704,0,208,0,128,"GRBM_GUI_ACTIVE",779183649.000000,1962432145959,1962951454235
547,547,"Agent 1",1,18759,18759,524288,17,"pk_gemm(__half const*, __half const*, __half*, int, int, int)",128,8704,0,208,0,128,"SQ_BUSY_CYCLES",1558250269.000000,1962432145959,1962951454235
547,547,"Agent 1",1,18759,18759,524288,17,"pk_gemm(__half const*, __half const*, __half*, int, int, int)",128,8704,0,208,0,128,"SQ_INSTS_LDS",671088640.000000,1962432145959,1962951454235
547,547,"Agent 1",1,18759,18759,524288,17,"pk_gemm(__half const*, __half const*, __half*, int, int, int)",128,8704,0,208,0,128,"SQ_INSTS_VALU",9506357248.000000,1962432145959,1962951454235
547,547,"Agent 1",1,18759,18759,524288,17,"pk_gemm(__half const*, __half const*, __half*, int, int, int)",128,8704,0,208,0,128,"SQ_WAIT_ANY",217288098890.000000,1962432145959,1962951454235
547,547,"Agent 1",1,18759,18759,524288,17,"pk_gemm(__half const*, __half const*, __half*, int, int, int)",128,8704,0,208,0,128,"SQ_WAVES",16384.000000,1962432145959,1962951454235
548,548,"Agent 1",1,18759,18759,524288,17,"pk_gemm(__half const*, __half const*, __half*, int, int, int)",128,8704,0,208,0,128,"GRBM_GUI_ACTIVE",787556311.000000,1962951489189,1963476633069
548,548,"Agent 1",1,18759,18759,524288,17,"pk_gemm(__half const*, __half const*, __half*, int, int, int)",128,8704,0,208,0,128,"SQ_BUSY_CYCLES",1575081108.000000,1962951489189,1963476633069
548,548,"Agent 1",1,18759,18759,524288,17,"pk_gemm(__half const*, __half const*, __half*, int, int, int)",128,8704,0,208,0,128,"SQ_INSTS_LDS",671088640.000000,1962951489189,1963476633069
548,548,"Agent 1",1,18759,18759,524288,17,"pk_gemm(__half const*, __half const*, __half*, int, int, int)",128,8704,0,208,0,128,"SQ_INSTS_VALU",9506357248.000000,1962951489189,1963476633069
548,548,"Agent 1",1,18759,18759,524288,17,"pk_gemm(__half const*, __half const*, __half*, int, int, int)",128,8704,0,208,0,128,"SQ_WAIT_ANY",224703174489.000000,1962951489189,1963476633069
548,548,"Agent 1",1,18759,18759,524288,17,"pk_gemm(__half const*, __half const*, __half*, int, int, int)",128,8704,0,208,0,128,"SQ_WAVES",16384.000000,1962951489189,1963476633069
549,549,"Agent 1",1,18759,18759,524288,17,"pk_gemm(__half const*, __half const*, __half*, int, int, int)",128,8704,0,208,0,128,"GRBM_GUI_ACTIVE",796574115.000000,1963476666504,1964007618898
549,549,"Agent 1",1,18759,18759,524288,17,"pk_gemm(__half const*, __half const*, __half*, int, int, int)",128,8704,0,208,0,128,"SQ_BUSY_CYCLES",1587717374.000000,1963476666504,1964007618898
549,549,"Agent 1",1,18759,18759,524288,17,"pk_gemm(__half const*, __half const*, __half*, int, int, int)",128,8704,0,208,0,128,"SQ_INSTS_LDS",671088640.000000,1963476666504,1964007618898
549,549,"Agent 1",1,18759,18759,524288,17,"pk_gemm(__half const*, __half const*, __half*, int, int, int)",128,8704,0,208,0,128,"SQ_INSTS_VALU",9506357248.000000,1963476666504,1964007618898
549,549,"Agent 1",1,18759,18759,524288,17,"pk_gemm(__half const*, __half const*, __half*, int, int, int)",128,8704,0,208,0,128,"SQ_WAIT_ANY",223992639241.000000,1963476666504,1964007618898
549,549,"Agent 1",1,18759,18759,524288,17,"pk_gemm(__half const*, __half const*, __half*, int, int, int)",128,8704,0,208,0,128,"SQ_WAVES",16384.000000,1963476666504,1964007618898
550,550,"Agent 1",1,18759,18759,524288,17,"pk_gemm(__half const*, __half const*, __half*, int, int, int)",128,8704,0,208,0,128,"GRBM_GUI_ACTIVE",502021267.000000,1964007654052,1964342624057
550,550,"Agent 1",1,18759,18759,524288,17,"pk_gemm(__half const*, __half const*, __half*, int, int, int)",128,8704,0,208,0,128,"SQ_BUSY_CYCLES",1003978977.000000,1964007654052,1964342624057
550,550,"Agent 1",1,18759,18759,524288,17,"pk_gemm(__half const*, __half const*, __half*, int, int, int)",128,8704,0,208,0,128,"SQ_INSTS_LDS",671088640.000000,1964007654052,1964342624057
550,550,"Agent 1",1,18759,18759,524288,17,"pk_gemm(__half const*, __half const*, __half*, int, int, int)",128,8704,0,208,0,128,"SQ_INSTS_VALU",9506357248.000000,1964007654052,1964342624057
550,550,"Agent 1",1,18759,18759,524288,17,"pk_gemm(__half const*, __half const*, __half*, int, int, int)",128,8704,0,208,0,128,"SQ_WAIT_ANY",140746169878.000000,1964007654052,1964342624057
550,550,"Agent 1",1,18759,18759,524288,17,"pk_gemm(__half const*, __half const*, __half*, int, int, int)",128,8704,0,208,0,128,"SQ_WAVES",16384.000000,1964007654052,1964342624057
551,551,"Agent 1",1,18759,18759,524288,17,"pk_gemm(__half const*, __half const*, __half*, int, int, int)",128,8704,0,208,0,128,"GRBM_GUI_ACTIVE",697889185.000000,1964342657134,1964807904171
551,551,"Agent 1",1,18759,18759,524288,17,"pk_gemm(__half const*, __half const*, __half*, int, int, int)",128,8704,0,208,0,128,"SQ_BUSY_CYCLES",1395349089.000000,1964342657134,1964807904171
551,551,"Agent 1",1,18759,18759,524288,17,"pk_gemm(__half const*, __half const*, __half*, int, int, int)",128,8704,0,208,0,128,"SQ_INSTS_LDS",671088640.000000,1964342657134,1964807904171
551,551,"Agent 1",1,18759,18759,524288,17,"pk_gemm(__half const*, __half const*, __half*, int, int, int)",128,8704,0,208,0,128,"SQ_INSTS_VALU",9506357248.000000,1964342657134,1964807904171
551,551,"Agent 1",1,18759,18759,524288,17,"pk_gemm(__half const*, __half const*, __half*, int, int, int)",128,8704,0,208,0,128,"SQ_WAIT_ANY",196692533332.000000,1964342657134,1964807904171
551,551,"Agent 1",1,18759,18759,524288,17,"pk_gemm(__half const*, __half const*, __half*, int, int, int)",128,8704,0,208,0,128,"SQ_WAVES",16384.000000,1964342657134,1964807904171
552,552,"Agent 1",1,18759,18759,524288,17,"pk_gemm(__half const*, __half const*, __half*, int, int, int)",128,8704,0,208,0,128,"GRBM_GUI_ACTIVE",799915088.000000,1964808014011,1965341365697
552,552,"Agent 1",1,18759,18759,524288,17,"pk_gemm(__half const*, __half const*, __half*, int, int, int)",128,8704,0,208,0,128,"SQ_BUSY_CYCLES",1599800069.000000,1964808014011,1965341365697
552,552,"Agent 1",1,18759,18759,524288,17,"pk_gemm(__half const*, __half const*, __half*, int, int, int)",128,8704,0,208,0,128,"SQ_INSTS_LDS",671088640.000000,1964808014011,1965341365697
552,552,"Agent 1",1,18759,18759,524288,17,"pk_gemm(__half const*, __half const*, __half*, int, int, int)",128,8704,0,208,0,128,"SQ_INSTS_VALU",9506357248.000000,1964808014011,1965341365697
552,552,"Agent 1",1,18759,18759,524288,17,"pk_gemm(__half const*, __half const*, __half*, int, int, int)",128,8704,0,208,0,128,"SQ_WAIT_ANY",227826130947.000000,1964808014011,1965341365697
552,552,"Agent 1",1,18759,18759,524288,17,"pk_gemm(__half const*, __half const*, __half*, int, int, int)",128,8704,0,208,0,128,"SQ_WAVES",16384.000000,1964808014011,1965341365697
553,553,"Agent 1",1,18759,18759,524288,17,"pk_gemm(__half const*, __half const*, __half*, int, int, int)",128,8704,0,208,0,128,"GRBM_GUI_ACTIVE",676471253.000000,1965341402165,1965792363540
553,553,"Agent 1",1,18759,18759,524288,17,"pk_gemm(__half const*, __half const*, __half*, int, int, int)",128,8704,0,208,0,128,"SQ_BUSY_CYCLES",1352849874.000000,1965341402165,1965792363540
553,553,"Agent 1",1,18759,18759,524288,17,"pk_gemm(__half const*, __half const*, __half*, int, int, int)",128,8704,0,208,0,128,"SQ_INSTS_LDS",671088640.000000,1965341402165,1965792363540
553,553,"Agent 1",1,18759,18759,524288,17,"pk_gemm(__half const*, __half const*, __half*, int, int, int)",128,8704,0,208,0,128,"SQ_INSTS_VALU",9506357248.000000,1965341402165,1965792363540
553,553,"Agent 1",1,18759,18759,524288,17,"pk_gemm(__half const*, __half const*, __half*, int, int, int)",128,8704,0,208,0,128,"SQ_WAIT_ANY",192243048267.000000,1965341402165,1965792363540
553,553,"Agent 1",1,18759,18759,524288,17,"pk_gemm(__half const*, __half const*, __half*, int, int, int)",128,8704,0,208,0,128,"SQ_WAVES",16384.000000,1965341402165,1965792363540
554,554,"Agent 1",1,18759,18759,524288,17,"pk_gemm(__half const*, __half const*, __half*, int, int, int)",128,8704,0,208,0,128,"GRBM_GUI_ACTIVE",779675699.000000,1965792402684,1966311960389
554,554,"Agent 1",1,18759,18759,524288,17,"pk_gemm(__half const*, __half const*, __half*, int, int, int)",128,8704,0,208,0,128,"SQ_BUSY_CYCLES",1559075790.000000,1965792402684,1966311960389
554,554,"Agent 1",1,18759,18759,524288,17,"pk_gemm(__half const*, __half const*, __half*, int, int, int)",128,8704,0,208,0,128,"SQ_INSTS_LDS",671088640.000000,1965792402684,1966311960389
554,554,"Agent 1",1,18759,18759,524288,17,"pk_gemm(__half const*, __half const*, __half*, int, int, int)",128,8704,0,208,0,128,"SQ_INSTS_VALU",9506357248.000000,1965792402684,1966311960389
554,554,"Agent 1",1,18759,18759,524288,17,"pk_gemm(__half const*, __half const*, __half*, int, int, int)",128,8704,0,208,0,128,"SQ_WAIT_ANY",219127413251.000000,1965792402684,1966311960389
554,554,"Agent 1",1,18759,18759,524288,17,"pk_gemm(__half const*, __half const*, __half*, int, int, int)",128,8704,0,208,0,128,"SQ_WAVES",16384.000000,1965792402684,1966311960389
555,555,"Agent 1",1,18759,18759,524288,17,"pk_gemm(__half const*, __half const*, __half*, int, int, int)",128,8704,0,208,0,128,"GRBM_GUI_ACTIVE",797082783.000000,1966311999425,1966843000429
555,555,"Agent 1",1,18759,18759,524288,17,"pk_gemm(__half const*, __half const*, __half*, int, int, int)",128,8704,0,208,0,128,"SQ_BUSY_CYCLES",1594050305.000000,1966311999425,1966843000429
555,555,"Agent 1",1,18759,18759,524288,17,"pk_gemm(__half const*, __half const*, __half*, int, int, int)",128,8704,0,208,0,128,"SQ_INSTS_LDS",671088640.000000,1966311999425,1966843000429
555,555,"Agent 1",1,18759,18759,524288,17,"pk_gemm(__half const*, __half const*, __half*, int, int, int)",128,8704,0,208,0,128,"SQ_INSTS_VALU",9506357248.000000,1966311999425,1966843000429
555,555,"Agent 1",1,18759,18759,524288,17,"pk_gemm(__half const*, __half const*, __half*, int, int, int)",128,8704,0,208,0,128,"SQ_WAIT_ANY",220441248630.000000,1966311999425,1966843000429
555,555,"Agent 1",1,18759,18759,524288,17,"pk_gemm(__half const*, __half const*, __half*, int, int, int)",128,8704,0,208,0,128,"SQ_WAVES",16384.000000,1966311999425,1966843000429
556,556,"Agent 1",1,18759,18759,524288,17,"pk_gemm(__half const*, __half const*, __half*, int, int, int)",128,8704,0,208,0,128,"GRBM_GUI_ACTIVE",783708759.000000,1966843039598,1967365416981
556,556,"Agent 1",1,18759,18759,524288,17,"pk_gemm(__half const*, __half const*, __half*, int, int, int)",128,8704,0,208,0,128,"SQ_BUSY_CYCLES",1567092760.000000,1966843039598,1967365416981
556,556,"Agent 1",1,18759,18759,524288,17,"pk_gemm(__half const*, __half const*, __half*, int, int, int)",128,8704,0,208,0,128,"SQ_INSTS_LDS",671088640.000000,1966843039598,1967365416981
556,556,"Agent 1",1,18759,18759,524288,17,"pk_gemm(__half const*, __half const*, __half*, int, int, int)",128,8704,0,208,0,128,"SQ_INSTS_VALU",9506357248.000000,1966843039598,1967365416981
556,556,"Agent 1",1,18759,18759,524288,17,"pk_gemm(__half const*, __half const*, __half*, int, int, int)",128,8704,0,208,0,128,"SQ_WAIT_ANY",223331947865.000000,1966843039598,1967365416981
556,556,"Agent 1",1,18759,18759,524288,17,"pk_gemm(__half const*, __half const*, __half*, int, int, int)",128,8704,0,208,0,128,"SQ_WAVES",16384.000000,1966843039598,1967365416981
557,557,"Agent 1",1,18759,18759,524288,17,"pk_gemm(__half const*, __half const*, __half*, int, int, int)",128,8704,0,208,0,128,"GRBM_GUI_ACTIVE",765493075.000000,1967365453289,1967875845676
557,557,"Agent 1",1,18759,18759,524288,17,"pk_gemm(__half const*, __half const*, __half*, int, int, int)",128,8704,0,208,0,128,"SQ_BUSY_CYCLES",1530350932.000000,1967365453289,1967875845676
557,557,"Agent 1",1,18759,18759,524288,17,"pk_gemm(__half const*, __half const*, __half*, int, int, int)",128,8704,0,208,0,128,"SQ_INSTS_LDS",671088640.000000,1967365453289,1967875845676
557,557,"Agent 1",1,18759,18759,524288,17,"pk_gemm(__half const*, __half const*, __half*, int, int, int)",128,8704,0,208,0,128,"SQ_INSTS_VALU",9506357248.000000,1967365453289,1967875845676
557,557,"Agent 1",1,18759,18759,524288,17,"pk_gemm(__half const*, __half const*, __half*, int, int, int)",128,8704,0,208,0,128,"SQ_WAIT_ANY",218651195750.000000,1967365453289,1967875845676
557,557,"Agent 1",1,18759,18759,524288,17,"pk_gemm(__half const*, __half const*, __half*, int, int, int)",128,8704,0,208,0,128,"SQ_WAVES",16384.000000,1967365453289,1967875845676
558,558,"Agent 1",1,18759,18759,524288,17,"pk_gemm(__half const*, __half const*, __half*, int, int, int)",128,8704,0,208,0,128,"GRBM_GUI_ACTIVE",783084430.000000,1967875884630,1968397548798
558,558,"Agent 1",1,18759,18759,524288,17,"pk_gemm(__half const*, __half const*, __half*, int, int, int)",128,8704,0,208,0,128,"SQ_BUSY_CYCLES",1566147390.000000,1967875884630,1968397548798
558,558,"Agent 1",1,18759,18759,524288,17,"pk_gemm(__half const*, __half const*, __half*, int, int, int)",128,8704,0,208,0,128,"SQ_INSTS_LDS",671088640.000000,1967875884630,1968397548798
558,558,"Agent 1",1,18759,18759,524288,17,"pk_gemm(__half const*, __half const*, __half*, int, int, int)",128,8704,0,208,0,128,"SQ_INSTS_VALU",9506357248.000000,1967875884630,1968397548798
558,558,"Agent 1",1,18759,18759,524288,17,"pk_gemm(__half const*, __half const*, __half*, int, int, int)",128,8704,0,208,0,128,"SQ_WAIT_ANY",216379031629.000000,1967875884630,1968397548798
558,558,"Agent 1",1,18759,18759,524288,17,"pk_gemm(__half const*, __half const*, __half*, int, int, int)",128,8704,0,208,0,128,"SQ_WAVES",16384.000000,1967875884630,1968397548798
559,559,"Agent 1",1,18759,18759,524288,17,"pk_gemm(__half const*, __half const*, __half*, int, int, int)",128,8704,0,208,0,128,"GRBM_GUI_ACTIVE",740325053.000000,1968397590181,1968891044300
559,559,"Agent 1",1,18759,18759,524288,17,"pk_gemm(__half const*, __half const*, __half*, int, int, int)",128,8704,0,208,0,128,"SQ_BUSY_CYCLES",1480519558.000000,1968397590181,1968891044300
559,559,"Agent 1",1,18759,18759,524288,17,"pk_gemm(__half const*, __half const*, __half*, int, int, int)",128,8704,0,208,0,128,"SQ_INSTS_LDS",671088640.000000,1968397590181,1968891044300
559,559,"Agent 1",1,18759,18759,524288,17,"pk_gemm(__half const*, __half const*, __half*, int, int, int)",128,8704,0,208,0,128,"SQ_INSTS_VALU",9506357248.000000,1968397590181,1968891044300
559,559,"Agent 1",1,18759,18759,524288,17,"pk_gemm(__half const*, __half const*, __half*, int, int, int)",128,8704,0,208,0,128,"SQ_WAIT_ANY",207674176698.000000,1968397590181,1968891044300
559,559,"Agent 1",1,18759,18759,524288,17,"pk_gemm(__half const*, __half const*, __half*, int, int, int)",128,8704,0,208,0,128,"SQ_WAVES",16384.000000,1968397590181,1968891044300
560,560,"Agent 1",1,18759,18759,524288,17,"pk_gemm(__half const*, __half const*, __half*, int, int, int)",128,8704,0,208,0,128,"GRBM_GUI_ACTIVE",782910629.000000,1968891080129,1969412416323
560,560,"Agent 1",1,18759,18759,524288,17,"pk_gemm(__half const*, __half const*, __half*, int, int, int)",128,8704,0,208,0,128,"SQ_BUSY_CYCLES",1565288279.000000,1968891080129,1969412416323
560,560,"Agent 1",1,18759,18759,524288,17,"pk_gemm(__half const*, __half const*, __half*, int, int, int)",128,8704,0,208,0,128,"SQ_INSTS_LDS",671088640.000000,1968891080129,1969412416323
560,560,"Agent 1",1,18759,18759,524288,17,"pk_gemm(__half const*, __half const*, __half*, int, int, int)",128,8704,0,208,0,128,"SQ_INSTS_VALU",9506357248.000000,1968891080129,1969412416323
560,560,"Agent 1",1,18759,18759,524288,17,"pk_gemm(__half const*, __half const*, __half*, int, int, int)",128,8704,0,208,0,128,"SQ_WAIT_ANY",211678704129.000000,1968891080129,1969412416323
560,560,"Agent 1",1,18759,18759,524288,17,"pk_gemm(__half const*, __half const*, __half*, int, int, int)",128,8704,0,208,0,128,"SQ_WAVES",16384.000000,1968891080129,1969412416323
561,561,"Agent 1",1,18759,18759,524288,17,"pk_gemm(__half const*, __half const*, __half*, int, int, int)",128,8704,0,208,0,128,"GRBM_GUI_ACTIVE",685866692.000000,1969412452760,1969869547617
561,561,"Agent 1",1,18759,18759,524288,17,"pk_gemm(__half const*, __half const*, __half*, int, int, int)",128,8704,0,208,0,128,"SQ_BUSY_CYCLES",1371517579.000000,1969412452760,1969869547617
561,561,"Agent 1",1,18759,18759,524288,17,"pk_gemm(__half const*, __half const*, __half*, int, int, int)",128,8704,0,208,0,128,"SQ_INSTS_LDS",671088640.000000,1969412452760,1969869547617
561,561,"Agent 1",1,18759,18759,524288,17,"pk_gemm(__half const*, __half const*, __half*, int, int, int)",128,8704,0,208,0,128,"SQ_INSTS_VALU",9506357248.000000,1969412452760,1969869547617
561,561,"Agent 1",1,18759,18759,524288,17,"pk_gemm(__half const*, __half const*, __half*, int, int, int)",128,8704,0,208,0,128,"SQ_WAIT_ANY",192063811410.000000,1969412452760,1969869547617
561,561,"Agent 1",1,18759,18759,524288,17,"pk_gemm(__half const*, __half const*, __half*, int, int, int)",128,8704,0,208,0,128,"SQ_WAVES",16384.000000,1969412452760,1969869547617
562,562,"Agent 1",1,18759,18759,524288,17,"pk_gemm(__half const*, __half const*, __half*, int, int, int)",128,8704,0,208,0,128,"GRBM_GUI_ACTIVE",795362359.000000,1969869586325,1970399800378
562,562,"Agent 1",1,18759,18759,524288,17,"pk_gemm(__half const*, __half const*, __half*, int, int, int)",128,8704,0,208,0,128,"SQ_BUSY_CYCLES",1590588318.000000,1969869586325,1970399800378
562,562,"Agent 1",1,18759,18759,524288,17,"pk_gemm(__half const*, __half const*, __half*, int, int, int)",128,8704,0,208,0,128,"SQ_INSTS_LDS",671088640.000000,1969869586325,1970399800378
562,562,"Agent 1",1,18759,18759,524288,17,"pk_gemm(__half const*, __half const*, __half*, int, int, int)",128,8704,0,208,0,128,"SQ_INSTS_VALU",9506357248.000000,1969869586325,1970399800378
562,562,"Agent 1",1,18759,18759,524288,17,"pk_gemm(__half const*, __half const*, __half*, int, int, int)",128,8704,0,208,0,128,"SQ_WAIT_ANY",229930741355.000000,1969869586325,1970399800378
562,562,"Agent 1",1,18759,18759,524288,17,"pk_gemm(__half const*, __half const*, __half*, int, int, int)",128,8704,0,208,0,128,"SQ_WAVES",16384.000000,1969869586325,1970399800378
563,563,"Agent 1",1,18759,18759,524288,17,"pk_gemm(__half const*, __half const*, __half*, int, int, int)",128,8704,0,208,0,128,"GRBM_GUI_ACTIVE",409145930.000000,1970399837817,1970672745205
563,563,"Agent 1",1,18759,18759,524288,17,"pk_gemm(__half const*, __half const*, __half*, int, int, int)",128,8704,0,208,0,128,"SQ_BUSY_CYCLES",818146328.000000,1970399837817,1970672745205
563,563,"Agent 1",1,18759,18759,524288,17,"pk_gemm(__half const*, __half const*, __half*, int, int, int)",128,8704,0,208,0,128,"SQ_INSTS_LDS",671088640.000000,1970399837817,1970672745205
563,563,"Agent 1",1,18759,18759,524288,17,"pk_gemm(__half const*, __half const*, __half*, int, int, int)",128,8704,0,208,0,128,"SQ_INSTS_VALU",9506357248.000000,1970399837817,1970672745205
563,563,"Agent 1",1,18759,18759,524288,17,"pk_gemm(__half const*, __half const*, __half*, int, int, int)",128,8704,0,208,0,128,"SQ_WAIT_ANY",111381207667.000000,1970399837817,1970672745205
563,563,"Agent 1",1,18759,18759,524288,17,"pk_gemm(__half const*, __half const*, __half*, int, int, int)",128,8704,0,208,0,128,"SQ_WAVES",16384.000000,1970399837817,1970672745205
564,564,"Agent 1",1,18759,18759,524288,17,"pk_gemm(__half const*, __half const*, __half*, int, int, int)",128,8704,0,208,0,128,"GRBM_GUI_ACTIVE",766650686.000000,1970672779613,1971183673338
564,564,"Agent 1",1,18759,18759,524288,17,"pk_gemm(__half const*, __half const*, __half*, int, int, int)",128,8704,0,208,0,128,"SQ_BUSY_CYCLES",1532927886.000000,1970672779613,1971183673338
564,564,"Agent 1",1,18759,18759,524288,17,"pk_gemm(__half const*, __half const*, __half*, int, int, int)",128,8704,0,208,0,128,"SQ_INSTS_LDS",671088640.000000,1970672779613,1971183673338
564,564,"Agent 1",1,18759,18759,524288,17,"pk_gemm(__half const*, __half const*, __half*, int, int, int)",128,8704,0,208,0,128,"SQ_INSTS_VALU",9506357248.000000,1970672779613,1971183673338
564,564,"Agent 1",1,18759,18759,524288,17,"pk_gemm(__half const*, __half const*, __half*, int, int, int)",128,8704,0,208,0,128,"SQ_WAIT_ANY",215322103332.000000,1970672779613,1971183673338
564,564,"Agent 1",1,18759,18759,524288,17,"pk_gemm(__half const*, __half const*, __half*, int, int, int)",128,8704,0,208,0,128,"SQ_WAVES",16384.000000,1970672779613,1971183673338
565,565,"Agent 1",1,18759,18759,524288,17,"pk_gemm(__half const*, __half const*, __half*, int, int, int)",128,8704,0,208,0,128,"GRBM_GUI_ACTIVE",643267911.000000,1971183709183,1971612569828
565,565,"Agent 1",1,18759,18759,524288,17,"pk_gemm(__half const*, __half const*, __half*, int, int, int)",128,8704,0,208,0,128,"SQ_BUSY_CYCLES",1286433976.000000,1971183709183,1971612569828
565,565,"Agent 1",1,18759,18759,524288,17,"pk_gemm(__half const*, __half const*, __half*, int, int, int)",128,8704,0,208,0,128,"SQ_INSTS_LDS",671088640.000000,1971183709183,1971612569828
565,565,"Agent 1",1,18759,18759,524288,17,"pk_gemm(__half const*, __half const*, __half*, int, int, int)",128,8704,0,208,0,128,"SQ_INSTS_VALU",9506357248.000000,1971183709183,1971612569828
565,565,"Agent 1",1,18759,18759,524288,17,"pk_gemm(__half const*, __half const*, __half*, int, int, int)",128,8704,0,208,0,128,"SQ_WAIT_ANY",182240847654.000000,1971183709183,1971612569828
565,565,"Agent 1",1,18759,18759,524288,17,"pk_gemm(__half const*, __half const*, __half*, int, int, int)",128,8704,0,208,0,128,"SQ_WAVES",16384.000000,1971183709183,1971612569828
566,566,"Agent 1",1,18759,18759,524288,17,"pk_gemm(__half const*, __half const*, __half*, int, int, int)",128,8704,0,208,0,128,"GRBM_GUI_ACTIVE",717872888.000000,1971612606010,1972091013083
566,566,"Agent 1",1,18759,18759,524288,17,"pk_gemm(__half const*, __half const*, __half*, int, int, int)",128,8704,0,208,0,128,"SQ_BUSY_CYCLES",1435729403.000000,1971612606010,1972091013083
566,566,"Agent 1",1,18759,18759,524288,17,"pk_gemm(__half const*, __half const*, __half*, int, int, int)",128,8704,0,208,0,128,"SQ_INSTS_LDS",671088640.000000,1971612606010,1972091013083
566,566,"Agent 1",1,18759,18759,524288,17,"pk_gemm(__half const*, __half const*, __half*, int, int, int)",128,8704,0,208,0,128,"SQ_INSTS_VALU",9506357248.000000,1971612606010,1972091013083
566,566,"Agent 1",1,18759,18759,524288,17,"pk_gemm(__half const*, __half const*, __half*, int, int, int)",128,8704,0,208,0,128,"SQ_WAIT_ANY",202041554351.000000,1971612606010,1972091013083
566,566,"Agent 1",1,18759,18759,524288,17,"pk_gemm(__half const*, __half const*, __half*, int, int, int)",128,8704,0,208,0,128,"SQ_WAVES",16384.000000,1971612606010,1972091013083
567,567,"Agent 1",1,18759,18759,524288,17,"pk_gemm(__half const*, __half const*, __half*, int, int, int)",128,8704,0,208,0,128,"GRBM_GUI_ACTIVE",669660239.000000,1972091051746,1972537735234
567,567,"Agent 1",1,18759,18759,524288,17,"pk_gemm(__half const*, __half const*, __half*, int, int, int)",128,8704,0,208,0,128,"SQ_BUSY_CYCLES",1339287569.000000,1972091051746,1972537735234
567,567,"Agent 1",1,18759,18759,524288,17,"pk_gemm(__half const*, __half const*, __half*, int, int, int)",128,8704,0,208,0,128,"SQ_INSTS_LDS",671088640.000000,1972091051746,1972537735234
567,567,"Agent 1",1,18759,18759,524288,17,"pk_gemm(__half const*, __half const*, __half*, int, int, int)",128,8704,0,208,0,128,"SQ_INSTS_VALU",9506357248.000000,1972091051746,1972537735234
567,567,"Agent 1",1,18759,18759,524288,17,"pk_gemm(__half const*, __half const*, __half*, int, int, int)",128,8704,0,208,0,128,"SQ_WAIT_ANY",189880348451.000000,1972091051746,1972537735234
567,567,"Agent 1",1,18759,18759,524288,17,"pk_gemm(__half const*, __half const*, __half*, int, int, int)",128,8704,0,208,0,128,"SQ_WAVES",16384.000000,1972091051746,1972537735234
568,568,"Agent 1",1,18759,18759,524288,17,"pk_gemm(__half const*, __half const*, __half*, int, int, int)",128,8704,0,208,0,128,"GRBM_GUI_ACTIVE",663348174.000000,1972537770784,1972979912329
568,568,"Agent 1",1,18759,18759,524288,17,"pk_gemm(__half const*, __half const*, __half*, int, int, int)",128,8704,0,208,0,128,"SQ_BUSY_CYCLES",1326614772.000000,1972537770784,1972979912329
568,568,"Agent 1",1,18759,18759,524288,17,"pk_gemm(__half const*, __half const*, __half*, int, int, int)",128,8704,0,208,0,128,"SQ_INSTS_LDS",671088640.000000,1972537770784,1972979912329
568,568,"Agent 1",1,18759,18759,524288,17,"pk_gemm(__half const*, __half const*, __half*, int, int, int)",128,8704,0,208,0,128,"SQ_INSTS_VALU",9506357248.000000,1972537770784,1972979912329
568,568,"Agent 1",1,18759,18759,524288,17,"pk_gemm(__half const*, __half const*, __half*, int, int, int)",128,8704,0,208,0,128,"SQ_WAIT_ANY",187687018661.000000,1972537770784,1972979912329
568,568,"Agent 1",1,18759,18759,524288,17,"pk_gemm(__half const*, __half const*, __half*, int, int, int)",128,8704,0,208,0,128,"SQ_WAVES",16384.000000,1972537770784,1972979912329
569,569,"Agent 1",1,18759,18759,524288,17,"pk_gemm(__half const*, __half const*, __half*, int, int, int)",128,8704,0,208,0,128,"GRBM_GUI_ACTIVE",717084245.000000,1972979948519,1973457783441
569,569,"Agent 1",1,18759,18759,524288,17,"pk_gemm(__half const*, __half const*, __half*, int, int, int)",128,8704,0,208,0,128,"SQ_BUSY_CYCLES",1434083244.000000,1972979948519,1973457783441
569,569,"Agent 1",1,18759,18759,524288,17,"pk_gemm(__half const*, __half const*, __half*, int, int, int)",128,8704,0,208,0,128,"SQ_INSTS_LDS",671088640.000000,1972979948519,1973457783441
569,569,"Agent 1",1,18759,18759,524288,17,"pk_gemm(__half const*, __half const*, __half*, int, int, int)",128,8704,0,208,0,128,"SQ_INSTS_VALU",9506357248.000000,1972979948519,1973457783441
569,569,"Agent 1",1,18759,18759,524288,17,"pk_gemm(__half const*, __half const*, __half*, int, int, int)",128,8704,0,208,0,128,"SQ_WAIT_ANY",200748453528.000000,1972979948519,1973457783441
569,569,"Agent 1",1,18759,18759,524288,17,"pk_gemm(__half const*, __half const*, __half*, int, int, int)",128,8704,0,208,0,128,"SQ_WAVES",16384.000000,1972979948519,1973457783441
570,570,"Agent 1",1,18759,18759,524288,17,"pk_gemm(__half const*, __half const*, __half*, int, int, int)",128,8704,0,208,0,128,"GRBM_GUI_ACTIVE",807335301.000000,1973457818325,1973995825005
570,570,"Agent 1",1,18759,18759,524288,17,"pk_gemm(__half const*, __half const*, __half*, int, int, int)",128,8704,0,208,0,128,"SQ_BUSY_CYCLES",1614378182.000000,1973457818325,1973995825005
570,570,"Agent 1",1,18759,18759,524288,17,"pk_gemm(__half const*, __half const*, __half*, int, int, int)",128,8704,0,208,0,128,"SQ_INSTS_LDS",671088640.000000,1973457818325,1973995825005
570,570,"Agent 1",1,18759,18759,524288,17,"pk_gemm(__half const*, __half const*, __half*, int, int, int)",128,8704,0,208,0,128,"SQ_INSTS_VALU",9506357248.000000,1973457818325,1973995825005
570,570,"Agent 1",1,18759,18759,524288,17,"pk_gemm(__half const*, __half const*, __half*, int, int, int)",128,8704,0,208,0,128,"SQ_WAIT_ANY",228565130970.000000,1973457818325,1973995825005
570,570,"Agent 1",1,18759,18759,524288,17,"pk_gemm(__half const*, __half const*, __half*, int, int, int)",128,8704,0,208,0,128,"SQ_WAVES",16384.000000,1973457818325,1973995825005
571,571,"Agent 1",1,18759,18759,524288,17,"pk_gemm(__half const*, __half const*, __half*, int, int, int)",128,8704,0,208,0,128,"GRBM_GUI_ACTIVE",756178495.000000,1973995860486,1974499814862
571,571,"Agent 1",1,18759,18759,524288,17,"pk_gemm(__half const*, __half const*, __half*, int, int, int)",128,8704,0,208,0,128,"SQ_BUSY_CYCLES",1512316093.000000,1973995860486,1974499814862
571,571,"Agent 1",1,18759,18759,524288,17,"pk_gemm(__half const*, __half const*, __half*, int, int, int)",128,8704,0,208,0,128,"SQ_INSTS_LDS",671088640.000000,1973995860486,1974499814862
571,571,"Agent 1",1,18759,18759,524288,17,"pk_gemm(__half const*, __half const*, __half*, int, int, int)",128,8704,0,208,0,128,"SQ_INSTS_VALU",9506357248.000000,1973995860486,1974499814862
571,571,"Agent 1",1,18759,18759,524288,17,"pk_gemm(__half const*, __half const*, __half*, int, int, int)",128,8704,0,208,0,128,"SQ_WAIT_ANY",214038877922.000000,1973995860486,1974499814862
571,571,"Agent 1",1,18759,18759,524288,17,"pk_gemm(__half const*, __half const*, __half*, int, int, int)",128,8704,0,208,0,128,"SQ_WAVES",16384.000000,1973995860486,1974499814862
572,572,"Agent 1",1,18759,18759,524288,17,"pk_gemm(__half const*, __half const*, __half*, int, int, int)",128,8704,0,208,0,128,"GRBM_GUI_ACTIVE",810967646.000000,1974499849828,1975040379791
572,572,"Agent 1",1,18759,18759,524288,17,"pk_gemm(__half const*, __half const*, __half*, int, int, int)",128,8704,0,208,0,128,"SQ_BUSY_CYCLES",1621903102.000000,1974499849828,1975040379791
572,572,"Agent 1",1,18759,18759,524288,17,"pk_gemm(__half const*, __half const*, __half*, int, int, int)",128,8704,0,208,0,128,"SQ_INSTS_LDS",671088640.000000,1974499849828,1975040379791
572,572,"Agent 1",1,18759,18759,524288,17,"pk_gemm(__half const*, __half const*, __half*, int, int, int)",128,8704,0,208,0,128,"SQ_INSTS_VALU",9506357248.000000,1974499849828,1975040379791
572,572,"Agent 1",1,18759,18759,524288,17,"pk_gemm(__half const*, __half const*, __half*, int, int, int)",128,8704,0,208,0,128,"SQ_WAIT_ANY",233123635602.000000,1974499849828,1975040379791
572,572,"Agent 1",1,18759,18759,524288,17,"pk_gemm(__half const*, __half const*, __half*, int, int, int)",128,8704,0,208,0,128,"SQ_WAVES",16384.000000,1974499849828,1975040379791
573,573,"Agent 1",1,18759,18759,524288,17,"pk_gemm(__half const*, __half const*, __half*, int, int, int)",128,8704,0,208,0,128,"GRBM_GUI_ACTIVE",705704304.000000,1975040413607,1975510841904
573,573,"Agent 1",1,18759,18759,524288,17,"pk_gemm(__half const*, __half const*, __half*, int, int, int)",128,8704,0,208,0,128,"SQ_BUSY_CYCLES",1411002792.000000,1975040413607,1975510841904
573,573,"Agent 1",1,18759,18759,524288,17,"pk_gemm(__half const*, __half const*, __half*, int, int, int)",128,8704,0,208,0,128,"SQ_INSTS_LDS",671088640.000000,1975040413607,1975510841904
573,573,"Agent 1",1,18759,18759,524288,17,"pk_gemm(__half const*, __half const*, __half*, int, int, int)",128,8704,0,208,0,128,"SQ_INSTS_VALU",9506357248.000000,1975040413607,1975510841904
573,573,"Agent 1",1,18759,18759,524288,17,"pk_gemm(__half const*, __half const*, __half*, int, int, int)",128,8704,0,208,0,128,"SQ_WAIT_ANY",199300673636.000000,1975040413607,1975510841904
573,573,"Agent 1",1,18759,18759,524288,17,"pk_gemm(__half const*, __half const*, __half*, int, int, int)",128,8704,0,208,0,128,"SQ_WAVES",16384.000000,1975040413607,1975510841904
574,574,"Agent 1",1,18759,18759,524288,17,"pk_gemm(__half const*, __half const*, __half*, int, int, int)",128,8704,0,208,0,128,"GRBM_GUI_ACTIVE",506995579.000000,1975510876338,1975848811575
574,574,"Agent 1",1,18759,18759,524288,17,"pk_gemm(__half const*, __half const*, __half*, int, int, int)",128,8704,0,208,0,128,"SQ_BUSY_CYCLES",1013770512.000000,1975510876338,1975848811575
574,574,"Agent 1",1,18759,18759,524288,17,"pk_gemm(__half const*, __half const*, __half*, int, int, int)",128,8704,0,208,0,128,"SQ_INSTS_LDS",671088640.000000,1975510876338,1975848811575
574,574,"Agent 1",1,18759,18759,524288,17,"pk_gemm(__half const*, __half const*, __half*, int, int, int)",128,8704,0,208,0,128,"SQ_INSTS_VALU",9506357248.000000,1975510876338,1975848811575
574,574,"Agent 1",1,18759,18759,524288,17,"pk_gemm(__half const*, __half const*, __half*, int, int, int)",128,8704,0,208,0,128,"SQ_WAIT_ANY",138423008478.000000,1975510876338,1975848811575
574,574,"Agent 1",1,18759,18759,524288,17,"pk_gemm(__half const*, __half const*, __half*, int, int, int)",128,8704,0,208,0,128,"SQ_WAVES",16384.000000,1975510876338,1975848811575
575,575,"Agent 1",1,18759,18759,524288,17,"pk_gemm(__half const*, __half const*, __half*, int, int, int)",128,8704,0,208,0,128,"GRBM_GUI_ACTIVE",482265357.000000,1975848845603,1976170474596
575,575,"Agent 1",1,18759,18759,524288,17,"pk_gemm(__half const*, __half const*, __half*, int, int, int)",128,8704,0,208,0,128,"SQ_BUSY_CYCLES",963735170.000000,1975848845603,1976170474596
575,575,"Agent 1",1,18759,18759,524288,17,"pk_gemm(__half const*, __half const*, __half*, int, int, int)",128,8704,0,208,0,128,"SQ_INSTS_LDS",671088640.000000,1975848845603,1976170474596
575,575,"Agent 1",1,18759,18759,524288,17,"pk_gemm(__half const*, __half const*, __half*, int, int, int)",128,8704,0,208,0,128,"SQ_INSTS_VALU",9506357248.000000,1975848845603,1976170474596
575,575,"Agent 1",1,18759,18759,524288,17,"pk_gemm(__half const*, __half const*, __half*, int, int, int)",128,8704,0,208,0,128,"SQ_WAIT_ANY",133561844380.000000,1975848845603,1976170474596
575,575,"Agent 1",1,18759,18759,524288,17,"pk_gemm(__half const*, __half const*, __half*, int, int, int)",128,8704,0,208,0,128,"SQ_WAVES",16384.000000,1975848845603,1976170474596
576,576,"Agent 1",1,18759,18759,524288,17,"pk_gemm(__half const*, __half const*, __half*, int, int, int)",128,8704,0,208,0,128,"GRBM_GUI_ACTIVE",780766550.000000,1976170505704,1976690655677
576,576,"Agent 1",1,18759,18759,524288,17,"pk_gemm(__half const*, __half const*, __half*, int, int, int)",128,8704,0,208,0,128,"SQ_BUSY_CYCLES",1561357905.000000,1976170505704,1976690655677
576,576,"Agent 1",1,18759,18759,524288,17,"pk_gemm(__half const*, __half const*, __half*, int, int, int)",128,8704,0,208,0,128,"SQ_INSTS_LDS",671088640.000000,1976170505704,1976690655677
576,576,"Agent 1",1,18759,18759,524288,17,"pk_gemm(__half const*, __half const*, __half*, int, int, int)",128,8704,0,208,0,128,"SQ_INSTS_VALU",9506357248.000000,1976170505704,1976690655677
576,576,"Agent 1",1,18759,18759,524288,17,"pk_gemm(__half const*, __half const*, __half*, int, int, int)",128,8704,0,208,0,128,"SQ_WAIT_ANY",220463313417.000000,1976170505704,1976690655677
576,576,"Agent 1",1,18759,18759,524288,17,"pk_gemm(__half const*, __half const*, __half*, int, int, int)",128,8704,0,208,0,128,"SQ_WAVES",16384.000000,1976170505704,1976690655677
577,577,"Agent 1",1,18759,18759,524288,17,"pk_gemm(__half const*, __half const*, __half*, int, int, int)",128,8704,0,208,0,128,"GRBM_GUI_ACTIVE",792406651.000000,1976690689832,1977218822148
577,577,"Agent 1",1,18759,18759,524288,17,"pk_gemm(__half const*, __half const*, __half*, int, int, int)",128,8704,0,208,0,128,"SQ_BUSY_CYCLES",1583981232.000000,1976690689832,1977218822148
577,577,"Agent 1",1,18759,18759,524288,17,"pk_gemm(__half const*, __half const*, __half*, int, int, int)",128,8704,0,208,0,128,"SQ_INSTS_LDS",671088640.000000,1976690689832,1977218822148
577,577,"Agent 1",1,18759,18759,524288,17,"pk_gemm(__half const*, __half const*, __half*, int, int, int)",128,8704,0,208,0,128,"SQ_INSTS_VALU",9506357248.000000,1976690689832,1977218822148
577,577,"Agent 1",1,18759,18759,524288,17,"pk_gemm(__half const*, __half const*, __half*, int, int, int)",128,8704,0,208,0,128,"SQ_WAIT_ANY",222447043760.000000,1976690689832,1977218822148
577,577,"Agent 1",1,18759,18759,524288,17,"pk_gemm(__half const*, __half const*, __half*, int, int, int)",128,8704,0,208,0,128,"SQ_WAVES",16384.000000,1976690689832,1977218822148
578,578,"Agent 1",1,18759,18759,524288,17,"pk_gemm(__half const*, __half const*, __half*, int, int, int)",128,8704,0,208,0,128,"GRBM_GUI_ACTIVE",618261173.000000,1977218856055,1977630956485
578,578,"Agent 1",1,18759,18759,524288,17,"pk_gemm(__half const*, __half const*, __half*, int, int, int)",128,8704,0,208,0,128,"SQ_BUSY_CYCLES",1236488404.000000,1977218856055,1977630956485
578,578,"Agent 1",1,18759,18759,524288,17,"pk_gemm(__half const*, __half const*, __half*, int, int, int)",128,8704,0,208,0,128,"SQ_INSTS_LDS",671088640.000000,1977218856055,1977630956485
578,578,"Agent 1",1,18759,18759,524288,17,"pk_gemm(__half const*, __half const*, __half*, int, int, int)",128,8704,0,208,0,128,"SQ_INSTS_VALU",9506357248.000000,1977218856055,1977630956485
578,578,"Agent 1",1,18759,18759,524288,17,"pk_gemm(__half const*, __half const*, __half*, int, int, int)",128,8704,0,208,0,128,"SQ_WAIT_ANY",172181890740.000000,1977218856055,1977630956485
578,578,"Agent 1",1,18759,18759,524288,17,"pk_gemm(__half const*, __half const*, __half*, int, int, int)",128,8704,0,208,0,128,"SQ_WAVES",16384.000000,1977218856055,1977630956485
579,579,"Agent 1",1,18759,18759,524288,17,"pk_gemm(__half const*, __half const*, __half*, int, int, int)",128,8704,0,208,0,128,"GRBM_GUI_ACTIVE",772426630.000000,1977630989018,1978146097914
579,579,"Agent 1",1,18759,18759,524288,17,"pk_gemm(__half const*, __half const*, __half*, int, int, int)",128,8704,0,208,0,128,"SQ_BUSY_CYCLES",1544754728.000000,1977630989018,1978146097914
579,579,"Agent 1",1,18759,18759,524288,17,"pk_gemm(__half const*, __half const*, __half*, int, int, int)",128,8704,0,208,0,128,"SQ_INSTS_LDS",671088640.000000,1977630989018,1978146097914
579,579,"Agent 1",1,18759,18759,524288,17,"pk_gemm(__half const*, __half const*, __half*, int, int, int)",128,8704,0,208,0,128,"SQ_INSTS_VALU",9506357248.000000,1977630989018,1978146097914
579,579,"Agent 1",1,18759,18759,524288,17,"pk_gemm(__half const*, __half const*, __half*, int, int, int)",128,8704,0,208,0,128,"SQ_WAIT_ANY",221856256844.000000,1977630989018,1978146097914
579,579,"Agent 1",1,18759,18759,524288,17,"pk_gemm(__half const*, __half const*, __half*, int, int, int)",128,8704,0,208,0,128,"SQ_WAVES",16384.000000,1977630989018,1978146097914
580,580,"Agent 1",1,18759,18759,524288,17,"pk_gemm(__half const*, __half const*, __half*, int, int, int)",128,8704,0,208,0,128,"GRBM_GUI_ACTIVE",667956343.000000,1978146130708,1978591417822
580,580,"Agent 1",1,18759,18759,524288,17,"pk_gemm(__half const*, __half const*, __half*, int, int, int)",128,8704,0,208,0,128,"SQ_BUSY_CYCLES",1335668416.000000,1978146130708,1978591417822
580,580,"Agent 1",1,18759,18759,524288,17,"pk_gemm(__half const*, __half const*, __half*, int, int, int)",128,8704,0,208,0,128,"SQ_INSTS_LDS",671088640.000000,1978146130708,1978591417822
580,580,"Agent 1",1,18759,18759,524288,17,"pk_gemm(__half const*, __half const*, __half*, int, int, int)",128,8704,0,208,0,128,"SQ_INSTS_VALU",9506357248.000000,1978146130708,1978591417822
580,580,"Agent 1",1,18759,18759,524288,17,"pk_gemm(__half const*, __half const*, __half*, int, int, int)",128,8704,0,208,0,128,"SQ_WAIT_ANY",189015247219.000000,1978146130708,1978591417822
580,580,"Agent 1",1,18759,18759,524288,17,"pk_gemm(__half const*, __half const*, __half*, int, int, int)",128,8704,0,208,0,128,"SQ_WAVES",16384.000000,1978146130708,1978591417822
581,581,"Agent 1",1,18759,18759,524288,17,"pk_gemm(__half const*, __half const*, __half*, int, int, int)",128,8704,0,208,0,128,"GRBM_GUI_ACTIVE",676083258.000000,1978591451054,1979042115434
581,581,"Agent 1",1,18759,18759,524288,17,"pk_gemm(__half const*, __half const*, __half*, int, int, int)",128,8704,0,208,0,128,"SQ_BUSY_CYCLES",1351992669.000000,1978591451054,1979042115434
581,581,"Agent 1",1,18759,18759,524288,17,"pk_gemm(__half const*, __half const*, __half*, int, int, int)",128,8704,0,208,0,128,"SQ_INSTS_LDS",671088640.000000,1978591451054,1979042115434
581,581,"Agent 1",1,18759,18759,524288,17,"pk_gemm(__half const*, __half const*, __half*, int, int, int)",128,8704,0,208,0,128,"SQ_INSTS_VALU",9506357248.000000,1978591451054,1979042115434
581,581,"Agent 1",1,18759,18759,524288,17,"pk_gemm(__half const*, __half const*, __half*, int, int, int)",128,8704,0,208,0,128,"SQ_WAIT_ANY",192003171931.000000,1978591451054,1979042115434
581,581,"Agent 1",1,18759,18759,524288,17,"pk_gemm(__half const*, __half const*, __half*, int, int, int)",128,8704,0,208,0,128,"SQ_WAVES",16384.000000,1978591451054,1979042115434
582,582,"Agent 1",1,18759,18759,524288,17,"pk_gemm(__half const*, __half const*, __half*, int, int, int)",128,8704,0,208,0,128,"GRBM_GUI_ACTIVE",782024018.000000,1979042222620,1979563448407
582,582,"Agent 1",1,18759,18759,524288,17,"pk_gemm(__half const*, __half const*, __half*, int, int, int)",128,8704,0,208,0,128,"SQ_BUSY_CYCLES",1563621331.000000,1979042222620,1979563448407
582,582,"Agent 1",1,18759,18759,524288,17,"pk_gemm(__half const*, __half const*, __half*, int, int, int)",128,8704,0,208,0,128,"SQ_INSTS_LDS",671088640.000000,1979042222620,1979563448407
582,582,"Agent 1",1,18759,18759,524288,17,"pk_gemm(__half const*, __half const*, __half*, int, int, int)",128,8704,0,208,0,128,"SQ_INSTS_VALU",9506357248.000000,1979042222620,1979563448407
582,582,"Agent 1",1,18759,18759,524288,17,"pk_gemm(__half const*, __half const*, __half*, int, int, int)",128,8704,0,208,0,128,"SQ_WAIT_ANY",220741396754.000000,1979042222620,1979563448407
582,582,"Agent 1",1,18759,18759,524288,17,"pk_gemm(__half const*, __half const*, __half*, int, int, int)",128,8704,0,208,0,128,"SQ_WAVES",16384.000000,1979042222620,1979563448407
583,583,"Agent 1",1,18759,18759,524288,17,"pk_gemm(__half const*, __half const*, __half*, int, int, int)",128,8704,0,208,0,128,"GRBM_GUI_ACTIVE",809478663.000000,1979563486615,1980103332779
583,583,"Agent 1",1,18759,18759,524288,17,"pk_gemm(__half const*, __half const*, __half*, int, int, int)",128,8704,0,208,0,128,"SQ_BUSY_CYCLES",1618696281.000000,1979563486615,1980103332779
583,583,"Agent 1",1,18759,18759,524288,17,"pk_gemm(__half const*, __half const*, __half*, int, int, int)",128,8704,0,208,0,128,"SQ_INSTS_LDS",671088640.000000,1979563486615,1980103332779
583,583,"Agent 1",1,18759,18759,524288,17,"pk_gemm(__half const*, __half const*, __half*, int, int, int)",128,8704,0,208,0,128,"SQ_INSTS_VALU",9506357248.000000,1979563486615,1980103332779
583,583,"Agent 1",1,18759,18759,524288,17,"pk_gemm(__half const*, __half const*, __half*, int, int, int)",128,8704,0,208,0,128,"SQ_WAIT_ANY",232167243191.000000,1979563486615,1980103332779
583,583,"Agent 1",1,18759,18759,524288,17,"pk_gemm(__half const*, __half const*, __half*, int, int, int)",128,8704,0,208,0,128,"SQ_WAVES",16384.000000,1979563486615,1980103332779
584,584,"Agent 1",1,18759,18759,524288,17,"pk_gemm(__half const*, __half const*, __half*, int, int, int)",128,8704,0,208,0,128,"GRBM_GUI_ACTIVE",577306666.000000,1980103372588,1980488264967
584,584,"Agent 1",1,18759,18759,524288,17,"pk_gemm(__half const*, __half const*, __half*, int, int, int)",128,8704,0,208,0,128,"SQ_BUSY_CYCLES",1154561004.000000,1980103372588,1980488264967
584,584,"Agent 1",1,18759,18759,524288,17,"pk_gemm(__half const*, __half const*, __half*, int, int, int)",128,8704,0,208,0,128,"SQ_INSTS_LDS",671088640.000000,1980103372588,1980488264967
584,584,"Agent 1",1,18759,18759,524288,17,"pk_gemm(__half const*, __half const*, __half*, int, int, int)",128,8704,0,208,0,128,"SQ_INSTS_VALU",9506357248.000000,1980103372588,1980488264967
584,584,"Agent 1",1,18759,18759,524288,17,"pk_gemm(__half const*, __half const*, __half*, int, int, int)",128,8704,0,208,0,128,"SQ_WAIT_ANY",161434683687.000000,1980103372588,1980488264967
584,584,"Agent 1",1,18759,18759,524288,17,"pk_gemm(__half const*, __half const*, __half*, int, int, int)",128,8704,0,208,0,128,"SQ_WAVES",16384.000000,1980103372588,1980488264967
585,585,"Agent 1",1,18759,18759,524288,17,"pk_gemm(__half const*, __half const*, __half*, int, int, int)",128,8704,0,208,0,128,"GRBM_GUI_ACTIVE",820395220.000000,1980488303439,1981035185213
585,585,"Agent 1",1,18759,18759,524288,17,"pk_gemm(__half const*, __half const*, __half*, int, int, int)",128,8704,0,208,0,128,"SQ_BUSY_CYCLES",1640705460.000000,1980488303439,1981035185213
585,585,"Agent 1",1,18759,18759,524288,17,"pk_gemm(__half const*, __half const*, __half*, int, int, int)",128,8704,0,208,0,128,"SQ_INSTS_LDS",671088640.000000,1980488303439,1981035185213
585,585,"Agent 1",1,18759,18759,524288,17,"pk_gemm(__half const*, __half const*, __half*, int, int, int)",128,8704,0,208,0,128,"SQ_INSTS_VALU",9506357248.000000,1980488303439,1981035185213
585,585,"Agent 1",1,18759,18759,524288,17,"pk_gemm(__half const*, __half const*, __half*, int, int, int)",128,8704,0,208,0,128,"SQ_WAIT_ANY",234585419983.000000,1980488303439,1981035185213
585,585,"Agent 1",1,18759,18759,524288,17,"pk_gemm(__half const*, __half const*, __half*, int, int, int)",128,8704,0,208,0,128,"SQ_WAVES",16384.000000,1980488303439,1981035185213
586,586,"Agent 1",1,18759,18759,524288,17,"pk_gemm(__half const*, __half const*, __half*, int, int, int)",128,8704,0,208,0,128,"GRBM_GUI_ACTIVE",727460140.000000,1981035224696,1981520410699
586,586,"Agent 1",1,18759,18759,524288,17,"pk_gemm(__half const*, __half const*, __half*, int, int, int)",128,8704,0,208,0,128,"SQ_BUSY_CYCLES",1454573951.000000,1981035224696,1981520410699
586,586,"Agent 1",1,18759,18759,524288,17,"pk_gemm(__half const*, __half const*, __half*, int, int, int)",128,8704,0,208,0,128,"SQ_INSTS_LDS",671088640.000000,1981035224696,1981520410699
586,586,"Agent 1",1,18759,18759,524288,17,"pk_gemm(__half const*, __half const*, __half*, int, int, int)",128,8704,0,208,0,128,"SQ_INSTS_VALU",9506357248.000000,1981035224696,1981520410699
586,586,"Agent 1",1,18759,18759,524288,17,"pk_gemm(__half const*, __half const*, __half*, int, int, int)",128,8704,0,208,0,128,"SQ_WAIT_ANY",209423892194.000000,1981035224696,1981520410699
586,586,"Agent 1",1,18759,18759,524288,17,"pk_gemm(__half const*, __half const*, __half*, int, int, int)",128,8704,0,208,0,128,"SQ_WAVES",16384.000000,1981035224696,1981520410699
587,587,"Agent 1",1,18759,18759,524288,17,"pk_gemm(__half const*, __half const*, __half*, int, int, int)",128,8704,0,208,0,128,"GRBM_GUI_ACTIVE",494414941.000000,1981520468201,1981850176839
587,587,"Agent 1",1,18759,18759,524288,17,"pk_gemm(__half const*, __half const*, __half*, int, int, int)",128,8704,0,208,0,128,"SQ_BUSY_CYCLES",988551042.000000,1981520468201,1981850176839
587,587,"Agent 1",1,18759,18759,524288,17,"pk_gemm(__half const*, __half const*, __half*, int, int, int)",128,8704,0,208,0,128,"SQ_INSTS_LDS",671088640.000000,1981520468201,1981850176839
587,587,"Agent 1",1,18759,18759,524288,17,"pk_gemm(__half const*, __half const*, __half*, int, int, int)",128,8704,0,208,0,128,"SQ_INSTS_VALU",9506357248.000000,1981520468201,1981850176839
587,587,"Agent 1",1,18759,18759,524288,17,"pk_gemm(__half const*, __half const*, __half*, int, int, int)",128,8704,0,208,0,128,"SQ_WAIT_ANY",134128387600.000000,1981520468201,1981850176839
587,587,"Agent 1",1,18759,18759,524288,17,"pk_gemm(__half const*, __half const*, __half*, int, int, int)",128,8704,0,208,0,128,"SQ_WAVES",16384.000000,1981520468201,1981850176839
588,588,"Agent 1",1,18759,18759,524288,17,"pk_gemm(__half const*, __half const*, __half*, int, int, int)",128,8704,0,208,0,128,"GRBM_GUI_ACTIVE",596480612.000000,1981850213840,1982247926538
588,588,"Agent 1",1,18759,18759,524288,17,"pk_gemm(__half const*, __half const*, __half*, int, int, int)",128,8704,0,208,0,128,"SQ_BUSY_CYCLES",1192321743.000000,1981850213840,1982247926538
588,588,"Agent 1",1,18759,18759,524288,17,"pk_gemm(__half const*, __half const*, __half*, int, int, int)",128,8704,0,208,0,128,"SQ_INSTS_LDS",671088640.000000,1981850213840,1982247926538
588,588,"Agent 1",1,18759,18759,524288,17,"pk_gemm(__half const*, __half const*, __half*, int, int, int)",128,8704,0,208,0,128,"SQ_INSTS_VALU",9506357248.000000,1981850213840,1982247926538
588,588,"Agent 1",1,18759,18759,524288,17,"pk_gemm(__half const*, __half const*, __half*, int, int, int)",128,8704,0,208,0,128,"SQ_WAIT_ANY",168121519476.000000,1981850213840,1982247926538
588,588,"Agent 1",1,18759,18759,524288,17,"pk_gemm(__half const*, __half const*, __half*, int, int, int)",128,8704,0,208,0,128,"SQ_WAVES",16384.000000,1981850213840,1982247926538
589,589,"Agent 1",1,18759,18759,524288,17,"pk_gemm(__half const*, __half const*, __half*, int, int, int)",128,8704,0,208,0,128,"GRBM_GUI_ACTIVE",778211377.000000,1982247963867,1982766290588
589,589,"Agent 1",1,18759,18759,524288,17,"pk_gemm(__half const*, __half const*, __half*, int, int, int)",128,8704,0,208,0,128,"SQ_BUSY_CYCLES",1550438294.000000,1982247963867,1982766290588
589,589,"Agent 1",1,18759,18759,524288,17,"pk_gemm(__half const*, __half const*, __half*, int, int, int)",128,8704,0,208,0,128,"SQ_INSTS_LDS",671088640.000000,1982247963867,1982766290588
589,589,"Agent 1",1,18759,18759,524288,17,"pk_gemm(__half const*, __half const*, __half*, int, int, int)",128,8704,0,208,0,128,"SQ_INSTS_VALU",9506357248.000000,1982247963867,1982766290588
589,589,"Agent 1",1,18759,18759,524288,17,"pk_gemm(__half const*, __half const*, __half*, int, int, int)",128,8704,0,208,0,128,"SQ_WAIT_ANY",210468653905.000000,1982247963867,1982766290588
589,589,"Agent 1",1,18759,18759,524288,17,"pk_gemm(__half const*, __half const*, __half*, int, int, int)",128,8704,0,208,0,128,"SQ_WAVES",16384.000000,1982247963867,1982766290588
590,590,"Agent 1",1,18759,18759,524288,17,"pk_gemm(__half const*, __half const*, __half*, int, int, int)",128,8704,0,208,0,128,"GRBM_GUI_ACTIVE",804635194.000000,1982766329811,1983302532514
590,590,"Agent 1",1,18759,18759,524288,17,"pk_gemm(__half const*, __half const*, __half*, int, int, int)",128,8704,0,208,0,128,"SQ_BUSY_CYCLES",1608703042.000000,1982766329811,1983302532514
590,590,"Agent 1",1,18759,18759,524288,17,"pk_gemm(__half const*, __half const*, __half*, int, int, int)",128,8704,0,208,0,128,"SQ_INSTS_LDS",671088640.000000,1982766329811,1983302532514
590,590,"Agent 1",1,18759,18759,524288,17,"pk_gemm(__half const*, __half const*, __half*, int, int, int)",128,8704,0,208,0,128,"SQ_INSTS_VALU",9506357248.000000,1982766329811,1983302532514
590,590,"Agent 1",1,18759,18759,524288,17,"pk_gemm(__half const*, __half const*, __half*, int, int, int)",128,8704,0,208,0,128,"SQ_WAIT_ANY",227258878269.000000,1982766329811,1983302532514
590,590,"Agent 1",1,18759,18759,524288,17,"pk_gemm(__half const*, __half const*, __half*, int, int, int)",128,8704,0,208,0,128,"SQ_WAVES",16384.000000,1982766329811,1983302532514
591,591,"Agent 1",1,18759,18759,524288,17,"pk_gemm(__half const*, __half const*, __half*, int, int, int)",128,8704,0,208,0,128,"GRBM_GUI_ACTIVE",549118673.000000,1983302576984,1983668673526
591,591,"Agent 1",1,18759,18759,524288,17,"pk_gemm(__half const*, __half const*, __half*, int, int, int)",128,8704,0,208,0,128,"SQ_BUSY_CYCLES",1097939922.000000,1983302576984,1983668673526
591,591,"Agent 1",1,18759,18759,524288,17,"pk_gemm(__half const*, __half const*, __half*, int, int, int)",128,8704,0,208,0,128,"SQ_INSTS_LDS",671088640.000000,1983302576984,1983668673526
591,591,"Agent 1",1,18759,18759,524288,17,"pk_gemm(__half const*, __half const*, __half*, int, int, int)",128,8704,0,208,0,128,"SQ_INSTS_VALU",9506357248.000000,1983302576984,1983668673526
591,591,"Agent 1",1,18759,18759,524288,17,"pk_gemm(__half const*, __half const*, __half*, int, int, int)",128,8704,0,208,0,128,"SQ_WAIT_ANY",152002666366.000000,1983302576984,1983668673526
591,591,"Agent 1",1,18759,18759,524288,17,"pk_gemm(__half const*, __half const*, __half*, int, int, int)",128,8704,0,208,0,128,"SQ_WAVES",16384.000000,1983302576984,1983668673526
592,592,"Agent 1",1,18759,18759,524288,17,"pk_gemm(__half const*, __half const*, __half*, int, int, int)",128,8704,0,208,0,128,"GRBM_GUI_ACTIVE",841309821.000000,1983668713108,1984229624946
592,592,"Agent 1",1,18759,18759,524288,17,"pk_gemm(__half const*, __half const*, __half*, int, int, int)",128,8704,0,208,0,128,"SQ_BUSY_CYCLES",1682600226.000000,1983668713108,1984229624946
592,592,"Agent 1",1,18759,18759,524288,17,"pk_gemm(__half const*, __half const*, __half*, int, int, int)",128,8704,0,208,0,128,"SQ_INSTS_LDS",671088640.000000,1983668713108,1984229624946
592,592,"Agent 1",1,18759,18759,524288,17,"pk_gemm(__half const*, __half const*, __half*, int, int, int)",128,8704,0,208,0,128,"SQ_INSTS_VALU",9506357248.000000,1983668713108,1984229624946
592,592,"Agent 1",1,18759,18759,524288,17,"pk_gemm(__half const*, __half const*, __half*, int, int, int)",128,8704,0,208,0,128,"SQ_WAIT_ANY",241515628916.000000,1983668713108,1984229624946
592,592,"Agent 1",1,18759,18759,524288,17,"pk_gemm(__half const*, __half const*, __half*, int, int, int)",128,8704,0,208,0,128,"SQ_WAVES",16384.000000,1983668713108,1984229624946
593,593,"Agent 1",1,18759,18759,524288,17,"pk_gemm(__half const*, __half const*, __half*, int, int, int)",128,8704,0,208,0,128,"GRBM_GUI_ACTIVE",802515126.000000,1984229665263,1984764707795
593,593,"Agent 1",1,18759,18759,524288,17,"pk_gemm(__half const*, __half const*, __half*, int, int, int)",128,8704,0,208,0,128,"SQ_BUSY_CYCLES",1605014956.000000,1984229665263,1984764707795
593,593,"Agent 1",1,18759,18759,524288,17,"pk_gemm(__half const*, __half const*, __half*, int, int, int)",128,8704,0,208,0,128,"SQ_INSTS_LDS",671088640.000000,1984229665263,1984764707795
593,593,"Agent 1",1,18759,18759,524288,17,"pk_gemm(__half const*, __half const*, __half*, int, int, int)",128,8704,0,208,0,128,"SQ_INSTS_VALU",9506357248.000000,1984229665263,1984764707795
593,593,"Agent 1",1,18759,18759,524288,17,"pk_gemm(__half const*, __half const*, __half*, int, int, int)",128,8704,0,208,0,128,"SQ_WAIT_ANY",228197184701.000000,1984229665263,1984764707795
593,593,"Agent 1",1,18759,18759,524288,17,"pk_gemm(__half const*, __half const*, __half*, int, int, int)",128,8704,0,208,0,128,"SQ_WAVES",16384.000000,1984229665263,1984764707795
594,594,"Agent 1",1,18759,18759,524288,17,"pk_gemm(__half const*, __half const*, __half*, int, int, int)",128,8704,0,208,0,128,"GRBM_GUI_ACTIVE",758844989.000000,1984764747121,1985270474456
594,594,"Agent 1",1,18759,18759,524288,17,"pk_gemm(__half const*, __half const*, __half*, int, int, int)",128,8704,0,208,0,128,"SQ_BUSY_CYCLES",1517666738.000000,1984764747121,1985270474456
594,594,"Agent 1",1,18759,18759,524288,17,"pk_gemm(__half const*, __half const*, __half*, int, int, int)",128,8704,0,208,0,128,"SQ_INSTS_LDS",671088640.000000,1984764747121,1985270474456
594,594,"Agent 1",1,18759,18759,524288,17,"pk_gemm(__half const*, __half const*, __half*, int, int, int)",128,8704,0,208,0,128,"SQ_INSTS_VALU",9506357248.000000,1984764747121,1985270474456
594,594,"Agent 1",1,18759,18759,524288,17,"pk_gemm(__half const*, __half const*, __half*, int, int, int)",128,8704,0,208,0,128,"SQ_WAIT_ANY",210807651741.000000,1984764747121,1985270474456
594,594,"Agent 1",1,18759,18759,524288,17,"pk_gemm(__half const*, __half const*, __half*, int, int, int)",128,8704,0,208,0,128,"SQ_WAVES",16384.000000,1984764747121,1985270474456
595,595,"Agent 1",1,18759,18759,524288,17,"pk_gemm(__half const*, __half const*, __half*, int, int, int)",128,8704,0,208,0,128,"GRBM_GUI_ACTIVE",826469153.000000,1985270513872,1985821590378
595,595,"Agent 1",1,18759,18759,524288,17,"pk_gemm(__half const*, __half const*, __half*, int, int, int)",128,8704,0,208,0,128,"SQ_BUSY_CYCLES",1652892073.000000,1985270513872,1985821590378
595,595,"Agent 1",1,18759,18759,524288,17,"pk_gemm(__half const*, __half const*, __half*, int, int, int)",128,8704,0,208,0,128,"SQ_INSTS_LDS",671088640.000000,1985270513872,1985821590378
595,595,"Agent 1",1,18759,18759,524288,17,"pk_gemm(__half const*, __half const*, __half*, int, int, int)",128,8704,0,208,0,128,"SQ_INSTS_VALU",9506357248.000000,1985270513872,1985821590378
595,595,"Agent 1",1,18759,18759,524288,17,"pk_gemm(__half const*, __half const*, __half*, int, int, int)",128,8704,0,208,0,128,"SQ_WAIT_ANY",235108414024.000000,1985270513872,1985821590378
595,595,"Agent 1",1,18759,18759,524288,17,"pk_gemm(__half const*, __half const*, __half*, int, int, int)",128,8704,0,208,0,128,"SQ_WAVES",16384.000000,1985270513872,1985821590378
596,596,"Agent 1",1,18759,18759,524288,17,"pk_gemm(__half const*, __half const*, __half*, int, int, int)",128,8704,0,208,0,128,"GRBM_GUI_ACTIVE",785528401.000000,1985821629062,1986345596823
596,596,"Agent 1",1,18759,18759,524288,17,"pk_gemm(__half const*, __half const*, __half*, int, int, int)",128,8704,0,208,0,128,"SQ_BUSY_CYCLES",1570873661.000000,1985821629062,1986345596823
596,596,"Agent 1",1,18759,18759,524288,17,"pk_gemm(__half const*, __half const*, __half*, int, int, int)",128,8704,0,208,0,128,"SQ_INSTS_LDS",671088640.000000,1985821629062,1986345596823
596,596,"Agent 1",1,18759,18759,524288,17,"pk_gemm(__half const*, __half const*, __half*, int, int, int)",128,8704,0,208,0,128,"SQ_INSTS_VALU",9506357248.000000,1985821629062,1986345596823
596,596,"Agent 1",1,18759,18759,524288,17,"pk_gemm(__half const*, __half const*, __half*, int, int, int)",128,8704,0,208,0,128,"SQ_WAIT_ANY",224997916825.000000,1985821629062,1986345596823
596,596,"Agent 1",1,18759,18759,524288,17,"pk_gemm(__half const*, __half const*, __half*, int, int, int)",128,8704,0,208,0,128,"SQ_WAVES",16384.000000,1985821629062,1986345596823
597,597,"Agent 1",1,18759,18759,524288,17,"pk_gemm(__half const*, __half const*, __half*, int, int, int)",128,8704,0,208,0,128,"GRBM_GUI_ACTIVE",673128769.000000,1986345633782,1986794618258
597,597,"Agent 1",1,18759,18759,524288,17,"pk_gemm(__half const*, __half const*, __half*, int, int, int)",128,8704,0,208,0,128,"SQ_BUSY_CYCLES",1346023205.000000,1986345633782,1986794618258
597,597,"Agent 1",1,18759,18759,524288,17,"pk_gemm(__half const*, __half const*, __half*, int, int, int)",128,8704,0,208,0,128,"SQ_INSTS_LDS",671088640.000000,1986345633782,1986794618258
597,597,"Agent 1",1,18759,18759,524288,17,"pk_gemm(__half const*, __half const*, __half*, int, int, int)",128,8704,0,208,0,128,"SQ_INSTS_VALU",9506357248.000000,1986345633782,1986794618258
597,597,"Agent 1",1,18759,18759,524288,17,"pk_gemm(__half const*, __half const*, __half*, int, int, int)",128,8704,0,208,0,128,"SQ_WAIT_ANY",191880630336.000000,1986345633782,1986794618258
597,597,"Agent 1",1,18759,18759,524288,17,"pk_gemm(__half const*, __half const*, __half*, int, int, int)",128,8704,0,208,0,128,"SQ_WAVES",16384.000000,1986345633782,1986794618258
598,598,"Agent 1",1,18759,18759,524288,17,"pk_gemm(__half const*, __half const*, __half*, int, int, int)",128,8704,0,208,0,128,"GRBM_GUI_ACTIVE",802325792.000000,1986794656293,1987329531712
598,598,"Agent 1",1,18759,18759,524288,17,"pk_gemm(__half const*, __half const*, __half*, int, int, int)",128,8704,0,208,0,128,"SQ_BUSY_CYCLES",1604533836.000000,1986794656293,1987329531712
598,598,"Agent 1",1,18759,18759,524288,17,"pk_gemm(__half const*, __half const*, __half*, int, int, int)",128,8704,0,208,0,128,"SQ_INSTS_LDS",671088640.000000,1986794656293,1987329531712
598,598,"Agent 1",1,18759,18759,524288,17,"pk_gemm(__half const*, __half const*, __half*, int, int, int)",128,8704,0,208,0,128,"SQ_INSTS_VALU",9506357248.000000,1986794656293,1987329531712
598,598,"Agent 1",1,18759,18759,524288,17,"pk_gemm(__half const*, __half const*, __half*, int, int, int)",128,8704,0,208,0,128,"SQ_WAIT_ANY",225562453357.000000,1986794656293,1987329531712
598,598,"Agent 1",1,18759,18759,524288,17,"pk_gemm(__half const*, __half const*, __half*, int, int, int)",128,8704,0,208,0,128,"SQ_WAVES",16384.000000,1986794656293,1987329531712
599,599,"Agent 1",1,18759,18759,524288,17,"pk_gemm(__half const*, __half const*, __half*, int, int, int)",128,8704,0,208,0,128,"GRBM_GUI_ACTIVE",771553064.000000,1987329568719,1987844043870
599,599,"Agent 1",1,18759,18759,524288,17,"pk_gemm(__half const*, __half const*, __half*, int, int, int)",128,8704,0,208,0,128,"SQ_BUSY_CYCLES",1543089291.000000,1987329568719,1987844043870
599,599,"Agent 1",1,18759,18759,524288,17,"pk_gemm(__half const*, __half const*, __half*, int, int, int)",128,8704,0,208,0,128,"SQ_INSTS_LDS",671088640.000000,1987329568719,1987844043870
599,599,"Agent 1",1,18759,18759,524288,17,"pk_gemm(__half const*, __half const*, __half*, int, int, int)",128,8704,0,208,0,128,"SQ_INSTS_VALU",9506357248.000000,1987329568719,1987844043870
599,599,"Agent 1",1,18759,18759,524288,17,"pk_gemm(__half const*, __half const*, __half*, int, int, int)",128,8704,0,208,0,128,"SQ_WAIT_ANY",217424180563.000000,1987329568719,1987844043870
599,599,"Agent 1",1,18759,18759,524288,17,"pk_gemm(__half const*, __half const*, __half*, int, int, int)",128,8704,0,208,0,128,"SQ_WAVES",16384.000000,1987329568719,1987844043870
600,600,"Agent 1",1,18759,18759,524288,17,"pk_gemm(__half const*, __half const*, __half*, int, int, int)",128,8704,0,208,0,128,"GRBM_GUI_ACTIVE",671480825.000000,1987844081892,1988291756956
600,600,"Agent 1",1,18759,18759,524288,17,"pk_gemm(__half const*, __half const*, __half*, int, int, int)",128,8704,0,208,0,128,"SQ_BUSY_CYCLES",1342889223.000000,1987844081892,1988291756956
600,600,"Agent 1",1,18759,18759,524288,17,"pk_gemm(__half const*, __half const*, __half*, int, int, int)",128,8704,0,208,0,128,"SQ_INSTS_LDS",671088640.000000,1987844081892,1988291756956
600,600,"Agent 1",1,18759,18759,524288,17,"pk_gemm(__half const*, __half const*, __half*, int, int, int)",128,8704,0,208,0,128,"SQ_INSTS_VALU",9506357248.000000,1987844081892,1988291756956
600,600,"Agent 1",1,18759,18759,524288,17,"pk_gemm(__half const*, __half const*, __half*, int, int, int)",128,8704,0,208,0,128,"SQ_WAIT_ANY",188847672292.000000,1987844081892,1988291756956
600,600,"Agent 1",1,18759,18759,524288,17,"pk_gemm(__half const*, __half const*, __half*, int, int, int)",128,8704,0,208,0,128,"SQ_WAVES",16384.000000,1987844081892,1988291756956
601,601,"Agent 1",1,18759,18759,524288,17,"pk_gemm(__half const*, __half const*, __half*, int, int, int)",128,8704,0,208,0,128,"GRBM_GUI_ACTIVE",778432711.000000,1988291793439,1988810787769
601,601,"Agent 1",1,18759,18759,524288,17,"pk_gemm(__half const*, __half const*, __half*, int, int, int)",128,8704,0,208,0,128,"SQ_BUSY_CYCLES",1556454966.000000,1988291793439,1988810787769
601,601,"Agent 1",1,18759,18759,524288,17,"pk_gemm(__half const*, __half const*, __half*, int, int, int)",128,8704,0,208,0,128,"SQ_INSTS_LDS",671088640.000000,1988291793439,1988810787769
601,601,"Agent 1",1,18759,18759,524288,17,"pk_gemm(__half const*, __half const*, __half*, int, int, int)",128,8704,0,208,0,128,"SQ_INSTS_VALU",9506357248.000000,1988291793439,1988810787769
601,601,"Agent 1",1,18759,18759,524288,17,"pk_gemm(__half const*, __half const*, __half*, int, int, int)",128,8704,0,208,0,128,"SQ_WAIT_ANY",224973775872.000000,1988291793439,1988810787769
601,601,"Agent 1",1,18759,18759,524288,17,"pk_gemm(__half const*, __half const*, __half*, int, int, int)",128,8704,0,208,0,128,"SQ_WAVES",16384.000000,1988291793439,1988810787769
602,602,"Agent 1",1,18759,18759,524288,17,"pk_gemm(__half const*, __half const*, __half*, int, int, int)",128,8704,0,208,0,128,"GRBM_GUI_ACTIVE",810736024.000000,1988810822687,1989351229701
602,602,"Agent 1",1,18759,18759,524288,17,"pk_gemm(__half const*, __half const*, __half*, int, int, int)",128,8704,0,208,0,128,"SQ_BUSY_CYCLES",1620936405.000000,1988810822687,1989351229701
602,602,"Agent 1",1,18759,18759,524288,17,"pk_gemm(__half const*, __half const*, __half*, int, int, int)",128,8704,0,208,0,128,"SQ_INSTS_LDS",671088640.000000,1988810822687,1989351229701
602,602,"Agent 1",1,18759,18759,524288,17,"pk_gemm(__half const*, __half const*, __half*, int, int, int)",128,8704,0,208,0,128,"SQ_INSTS_VALU",9506357248.000000,1988810822687,1989351229701
602,602,"Agent 1",1,18759,18759,524288,17,"pk_gemm(__half const*, __half const*, __half*, int, int, int)",128,8704,0,208,0,128,"SQ_WAIT_ANY",228203025621.000000,1988810822687,1989351229701
602,602,"Agent 1",1,18759,18759,524288,17,"pk_gemm(__half const*, __half const*, __half*, int, int, int)",128,8704,0,208,0,128,"SQ_WAVES",16384.000000,1988810822687,1989351229701
603,603,"Agent 1",1,18759,18759,524288,17,"pk_gemm(__half const*, __half const*, __half*, int, int, int)",128,8704,0,208,0,128,"GRBM_GUI_ACTIVE",669494158.000000,1989351264235,1989797721500
603,603,"Agent 1",1,18759,18759,524288,17,"pk_gemm(__half const*, __half const*, __half*, int, int, int)",128,8704,0,208,0,128,"SQ_BUSY_CYCLES",1338523106.000000,1989351264235,1989797721500
603,603,"Agent 1",1,18759,18759,524288,17,"pk_gemm(__half const*, __half const*, __half*, int, int, int)",128,8704,0,208,0,128,"SQ_INSTS_LDS",671088640.000000,1989351264235,1989797721500
603,603,"Agent 1",1,18759,18759,524288,17,"pk_gemm(__half const*, __half const*, __half*, int, int, int)",128,8704,0,208,0,128,"SQ_INSTS_VALU",9506357248.000000,1989351264235,1989797721500
603,603,"Agent 1",1,18759,18759,524288,17,"pk_gemm(__half const*, __half const*, __half*, int, int, int)",128,8704,0,208,0,128,"SQ_WAIT_ANY",188653016771.000000,1989351264235,1989797721500
603,603,"Agent 1",1,18759,18759,524288,17,"pk_gemm(__half const*, __half const*, __half*, int, int, int)",128,8704,0,208,0,128,"SQ_WAVES",16384.000000,1989351264235,1989797721500
604,604,"Agent 1",1,18759,18759,524288,17,"pk_gemm(__half const*, __half const*, __half*, int, int, int)",128,8704,0,208,0,128,"GRBM_GUI_ACTIVE",479945861.000000,1989797758138,1990117785293
604,604,"Agent 1",1,18759,18759,524288,17,"pk_gemm(__half const*, __half const*, __half*, int, int, int)",128,8704,0,208,0,128,"SQ_BUSY_CYCLES",959856481.000000,1989797758138,1990117785293
604,604,"Agent 1",1,18759,18759,524288,17,"pk_gemm(__half const*, __half const*, __half*, int, int, int)",128,8704,0,208,0,128,"SQ_INSTS_LDS",671088640.000000,1989797758138,1990117785293
604,604,"Agent 1",1,18759,18759,524288,17,"pk_gemm(__half const*, __half const*, __half*, int, int, int)",128,8704,0,208,0,128,"SQ_INSTS_VALU",9506357248.000000,1989797758138,1990117785293
604,604,"Agent 1",1,18759,18759,524288,17,"pk_gemm(__half const*, __half const*, __half*, int, int, int)",128,8704,0,208,0,128,"SQ_WAIT_ANY",132747108573.000000,1989797758138,1990117785293
604,604,"Agent 1",1,18759,18759,524288,17,"pk_gemm(__half const*, __half const*, __half*, int, int, int)",128,8704,0,208,0,128,"SQ_WAVES",16384.000000,1989797758138,1990117785293
605,605,"Agent 1",1,18759,18759,524288,17,"pk_gemm(__half const*, __half const*, __half*, int, int, int)",128,8704,0,208,0,128,"GRBM_GUI_ACTIVE",797298205.000000,1990117820171,1990649467668
605,605,"Agent 1",1,18759,18759,524288,17,"pk_gemm(__half const*, __half const*, __half*, int, int, int)",128,8704,0,208,0,128,"SQ_BUSY_CYCLES",1593957844.000000,1990117820171,1990649467668
605,605,"Agent 1",1,18759,18759,524288,17,"pk_gemm(__half const*, __half const*, __half*, int, int, int)",128,8704,0,208,0,128,"SQ_INSTS_LDS",671088640.000000,1990117820171,1990649467668
605,605,"Agent 1",1,18759,18759,524288,17,"pk_gemm(__half const*, __half const*, __half*, int, int, int)",128,8704,0,208,0,128,"SQ_INSTS_VALU",9506357248.000000,1990117820171,1990649467668
605,605,"Agent 1",1,18759,18759,524288,17,"pk_gemm(__half const*, __half const*, __half*, int, int, int)",128,8704,0,208,0,128,"SQ_WAIT_ANY",226909913132.000000,1990117820171,1990649467668
605,605,"Agent 1",1,18759,18759,524288,17,"pk_gemm(__half const*, __half const*, __half*, int, int, int)",128,8704,0,208,0,128,"SQ_WAVES",16384.000000,1990117820171,1990649467668
606,606,"Agent 1",1,18759,18759,524288,17,"pk_gemm(__half const*, __half const*, __half*, int, int, int)",128,8704,0,208,0,128,"GRBM_GUI_ACTIVE",690924752.000000,1990649502224,1991110166244
606,606,"Agent 1",1,18759,18759,524288,17,"pk_gemm(__half const*, __half const*, __half*, int, int, int)",128,8704,0,208,0,128,"SQ_BUSY_CYCLES",1381649856.000000,1990649502224,1991110166244
606,606,"Agent 1",1,18759,18759,524288,17,"pk_gemm(__half const*, __half const*, __half*, int, int, int)",128,8704,0,208,0,128,"SQ_INSTS_LDS",671088640.000000,1990649502224,1991110166244
606,606,"Agent 1",1,18759,18759,524288,17,"pk_gemm(__half const*, __half const*, __half*, int, int, int)",128,8704,0,208,0,128,"SQ_INSTS_VALU",9506357248.000000,1990649502224,1991110166244
606,606,"Agent 1",1,18759,18759,524288,17,"pk_gemm(__half const*, __half const*, __half*, int, int, int)",128,8704,0,208,0,128,"SQ_WAIT_ANY",193097594830.000000,1990649502224,1991110166244
606,606,"Agent 1",1,18759,18759,524288,17,"pk_gemm(__half const*, __half const*, __half*, int, int, int)",128,8704,0,208,0,128,"SQ_WAVES",16384.000000,1990649502224,1991110166244
607,607,"Agent 1",1,18759,18759,524288,17,"pk_gemm(__half const*, __half const*, __half*, int, int, int)",128,8704,0,208,0,128,"GRBM_GUI_ACTIVE",810138267.000000,1991110218963,1991650231398
607,607,"Agent 1",1,18759,18759,524288,17,"pk_gemm(__half const*, __half const*, __half*, int, int, int)",128,8704,0,208,0,128,"SQ_BUSY_CYCLES",1620257360.000000,1991110218963,1991650231398
607,607,"Agent 1",1,18759,18759,524288,17,"pk_gemm(__half const*, __half const*, __half*, int, int, int)",128,8704,0,208,0,128,"SQ_INSTS_LDS",671088640.000000,1991110218963,1991650231398
607,607,"Agent 1",1,18759,18759,524288,17,"pk_gemm(__half const*, __half const*, __half*, int, int, int)",128,8704,0,208,0,128,"SQ_INSTS_VALU",9506357248.000000,1991110218963,1991650231398
607,607,"Agent 1",1,18759,18759,524288,17,"pk_gemm(__half const*, __half const*, __half*, int, int, int)",128,8704,0,208,0,128,"SQ_WAIT_ANY",228835425045.000000,1991110218963,1991650231398
607,607,"Agent 1",1,18759,18759,524288,17,"pk_gemm(__half const*, __half const*, __half*, int, int, int)",128,8704,0,208,0,128,"SQ_WAVES",16384.000000,1991110218963,1991650231398
608,608,"Agent 1",1,18759,18759,524288,17,"pk_gemm(__half const*, __half const*, __half*, int, int, int)",128,8704,0,208,0,128,"GRBM_GUI_ACTIVE",583590667.000000,1991650270684,1992039433136
608,608,"Agent 1",1,18759,18759,524288,17,"pk_gemm(__half const*, __half const*, __half*, int, int, int)",128,8704,0,208,0,128,"SQ_BUSY_CYCLES",1166969401.000000,1991650270684,1992039433136
608,608,"Agent 1",1,18759,18759,524288,17,"pk_gemm(__half const*, __half const*, __half*, int, int, int)",128,8704,0,208,0,128,"SQ_INSTS_LDS",671088640.000000,1991650270684,1992039433136
608,608,"Agent 1",1,18759,18759,524288,17,"pk_gemm(__half const*, __half const*, __half*, int, int, int)",128,8704,0,208,0,128,"SQ_INSTS_VALU",9506357248.000000,1991650270684,1992039433136
608,608,"Agent 1",1,18759,18759,524288,17,"pk_gemm(__half const*, __half const*, __half*, int, int, int)",128,8704,0,208,0,128,"SQ_WAIT_ANY",162457596467.000000,1991650270684,1992039433136
608,608,"Agent 1",1,18759,18759,524288,17,"pk_gemm(__half const*, __half const*, __half*, int, int, int)",128,8704,0,208,0,128,"SQ_WAVES",16384.000000,1991650270684,1992039433136
609,609,"Agent 1",1,18759,18759,524288,17,"pk_gemm(__half const*, __half const*, __half*, int, int, int)",128,8704,0,208,0,128,"GRBM_GUI_ACTIVE",789577462.000000,1992039466748,1992565512919
609,609,"Agent 1",1,18759,18759,524288,17,"pk_gemm(__half const*, __half const*, __half*, int, int, int)",128,8704,0,208,0,128,"SQ_BUSY_CYCLES",1579099409.000000,1992039466748,1992565512919
609,609,"Agent 1",1,18759,18759,524288,17,"pk_gemm(__half const*, __half const*, __half*, int, int, int)",128,8704,0,208,0,128,"SQ_INSTS_LDS",671088640.000000,1992039466748,1992565512919
609,609,"Agent 1",1,18759,18759,524288,17,"pk_gemm(__half const*, __half const*, __half*, int, int, int)",128,8704,0,208,0,128,"SQ_INSTS_VALU",9506357248.000000,1992039466748,1992565512919
609,609,"Agent 1",1,18759,18759,524288,17,"pk_gemm(__half const*, __half const*, __half*, int, int, int)",128,8704,0,208,0,128,"SQ_WAIT_ANY",216114060496.000000,1992039466748,1992565512919
609,609,"Agent 1",1,18759,18759,524288,17,"pk_gemm(__half const*, __half const*, __half*, int, int, int)",128,8704,0,208,0,128,"SQ_WAVES",16384.000000,1992039466748,1992565512919
610,610,"Agent 1",1,18759,18759,524288,17,"pk_gemm(__half const*, __half const*, __half*, int, int, int)",128,8704,0,208,0,128,"GRBM_GUI_ACTIVE",774305930.000000,1992565549030,1993081714826
610,610,"Agent 1",1,18759,18759,524288,17,"pk_gemm(__half const*, __half const*, __half*, int, int, int)",128,8704,0,208,0,128,"SQ_BUSY_CYCLES",1548301789.000000,1992565549030,1993081714826
610,610,"Agent 1",1,18759,18759,524288,17,"pk_gemm(__half const*, __half const*, __half*, int, int, int)",128,8704,0,208,0,128,"SQ_INSTS_LDS",671088640.000000,1992565549030,1993081714826
610,610,"Agent 1",1,18759,18759,524288,17,"pk_gemm(__half const*, __half const*, __half*, int, int, int)",128,8704,0,208,0,128,"SQ_INSTS_VALU",9506357248.000000,1992565549030,1993081714826
610,610,"Agent 1",1,18759,18759,524288,17,"pk_gemm(__half const*, __half const*, __half*, int, int, int)",128,8704,0,208,0,128,"SQ_WAIT_ANY",221259934051.000000,1992565549030,1993081714826
610,610,"Agent 1",1,18759,18759,524288,17,"pk_gemm(__half const*, __half const*, __half*, int, int, int)",128,8704,0,208,0,128,"SQ_WAVES",16384.000000,1992565549030,1993081714826
611,611,"Agent 1",1,18759,18759,524288,17,"pk_gemm(__half const*, __half const*, __half*, int, int, int)",128,8704,0,208,0,128,"GRBM_GUI_ACTIVE",808072416.000000,1993081749491,1993620092761
611,611,"Agent 1",1,18759,18759,524288,17,"pk_gemm(__half const*, __half const*, __half*, int, int, int)",128,8704,0,208,0,128,"SQ_BUSY_CYCLES",1616030306.000000,1993081749491,1993620092761
611,611,"Agent 1",1,18759,18759,524288,17,"pk_gemm(__half const*, __half const*, __half*, int, int, int)",128,8704,0,208,0,128,"SQ_INSTS_LDS",671088640.000000,1993081749491,1993620092761
611,611,"Agent 1",1,18759,18759,524288,17,"pk_gemm(__half const*, __half const*, __half*, int, int, int)",128,8704,0,208,0,128,"SQ_INSTS_VALU",9506357248.000000,1993081749491,1993620092761
611,611,"Agent 1",1,18759,18759,524288,17,"pk_gemm(__half const*, __half const*, __half*, int, int, int)",128,8704,0,208,0,128,"SQ_WAIT_ANY",221902604267.000000,1993081749491,1993620092761
611,611,"Agent 1",1,18759,18759,524288,17,"pk_gemm(__half const*, __half const*, __half*, int, int, int)",128,8704,0,208,0,128,"SQ_WAVES",16384.000000,1993081749491,1993620092761
612,612,"Agent 1",1,18759,18759,524288,17,"pk_gemm(__half const*, __half const*, __half*, int, int, int)",128,8704,0,208,0,128,"GRBM_GUI_ACTIVE",771710044.000000,1993620204752,1994134399618
612,612,"Agent 1",1,18759,18759,524288,17,"pk_gemm(__half const*, __half const*, __half*, int, int, int)",128,8704,0,208,0,128,"SQ_BUSY_CYCLES",1542971579.000000,1993620204752,1994134399618
612,612,"Agent 1",1,18759,18759,524288,17,"pk_gemm(__half const*, __half const*, __half*, int, int, int)",128,8704,0,208,0,128,"SQ_INSTS_LDS",671088640.000000,1993620204752,1994134399618
612,612,"Agent 1",1,18759,18759,524288,17,"pk_gemm(__half const*, __half const*, __half*, int, int, int)",128,8704,0,208,0,128,"SQ_INSTS_VALU",9506357248.000000,1993620204752,1994134399618
612,612,"Agent 1",1,18759,18759,524288,17,"pk_gemm(__half const*, __half const*, __half*, int, int, int)",128,8704,0,208,0,128,"SQ_WAIT_ANY",212522291548.000000,1993620204752,1994134399618
612,612,"Agent 1",1,18759,18759,524288,17,"pk_gemm(__half const*, __half const*, __half*, int, int, int)",128,8704,0,208,0,128,"SQ_WAVES",16384.000000,1993620204752,1994134399618
613,613,"Agent 1",1,18759,18759,524288,17,"pk_gemm(__half const*, __half const*, __half*, int, int, int)",128,8704,0,208,0,128,"GRBM_GUI_ACTIVE",722116831.000000,1994134436080,1994615663834
613,613,"Agent 1",1,18759,18759,524288,17,"pk_gemm(__half const*, __half const*, __half*, int, int, int)",128,8704,0,208,0,128,"SQ_BUSY_CYCLES",1444205281.000000,1994134436080,1994615663834
613,613,"Agent 1",1,18759,18759,524288,17,"pk_gemm(__half const*, __half const*, __half*, int, int, int)",128,8704,0,208,0,128,"SQ_INSTS_LDS",671088640.000000,1994134436080,1994615663834
613,613,"Agent 1",1,18759,18759,524288,17,"pk_gemm(__half const*, __half const*, __half*, int, int, int)",128,8704,0,208,0,128,"SQ_INSTS_VALU",9506357248.000000,1994134436080,1994615663834
613,613,"Agent 1",1,18759,18759,524288,17,"pk_gemm(__half const*, __half const*, __half*, int, int, int)",128,8704,0,208,0,128,"SQ_WAIT_ANY",200097120637.000000,1994134436080,1994615663834
613,613,"Agent 1",1,18759,18759,524288,17,"pk_gemm(__half const*, __half const*, __half*, int, int, int)",128,8704,0,208,0,128,"SQ_WAVES",16384.000000,1994134436080,1994615663834
614,614,"Agent 1",1,18759,18759,524288,17,"pk_gemm(__half const*, __half const*, __half*, int, int, int)",128,8704,0,208,0,128,"GRBM_GUI_ACTIVE",804941674.000000,1994615703889,1995152425924
614,614,"Agent 1",1,18759,18759,524288,17,"pk_gemm(__half const*, __half const*, __half*, int, int, int)",128,8704,0,208,0,128,"SQ_BUSY_CYCLES",1609298512.000000,1994615703889,1995152425924
614,614,"Agent 1",1,18759,18759,524288,17,"pk_gemm(__half const*, __half const*, __half*, int, int, int)",128,8704,0,208,0,128,"SQ_INSTS_LDS",671088640.000000,1994615703889,1995152425924
614,614,"Agent 1",1,18759,18759,524288,17,"pk_gemm(__half const*, __half const*, __half*, int, int, int)",128,8704,0,208,0,128,"SQ_INSTS_VALU",9506357248.000000,1994615703889,1995152425924
614,614,"Agent 1",1,18759,18759,524288,17,"pk_gemm(__half const*, __half const*, __half*, int, int, int)",128,8704,0,208,0,128,"SQ_WAIT_ANY",231337354284.000000,1994615703889,1995152425924
614,614,"Agent 1",1,18759,18759,524288,17,"pk_gemm(__half const*, __half const*, __half*, int, int, int)",128,8704,0,208,0,128,"SQ_WAVES",16384.000000,1994615703889,1995152425924
615,615,"Agent 1",1,18759,18759,524288,17,"pk_gemm(__half const*, __half const*, __half*, int, int, int)",128,8704,0,208,0,128,"GRBM_GUI_ACTIVE",786793256.000000,1995152463958,1995676799006
615,615,"Agent 1",1,18759,18759,524288,17,"pk_gemm(__half const*, __half const*, __half*, int, int, int)",128,8704,0,208,0,128,"SQ_BUSY_CYCLES",1573414146.000000,1995152463958,1995676799006
615,615,"Agent 1",1,18759,18759,524288,17,"pk_gemm(__half const*, __half const*, __half*, int, int, int)",128,8704,0,208,0,128,"SQ_INSTS_LDS",671088640.000000,1995152463958,1995676799006
615,615,"Agent 1",1,18759,18759,524288,17,"pk_gemm(__half const*, __half const*, __half*, int, int, int)",128,8704,0,208,0,128,"SQ_INSTS_VALU",9506357248.000000,1995152463958,1995676799006
615,615,"Agent 1",1,18759,18759,524288,17,"pk_gemm(__half const*, __half const*, __half*, int, int, int)",128,8704,0,208,0,128,"SQ_WAIT_ANY",219236339898.000000,1995152463958,1995676799006
615,615,"Agent 1",1,18759,18759,524288,17,"pk_gemm(__half const*, __half const*, __half*, int, int, int)",128,8704,0,208,0,128,"SQ_WAVES",16384.000000,1995152463958,1995676799006
616,616,"Agent 1",1,18759,18759,524288,17,"pk_gemm(__half const*, __half const*, __half*, int, int, int)",128,8704,0,208,0,128,"GRBM_GUI_ACTIVE",547579819.000000,1995676839021,1996041890539
616,616,"Agent 1",1,18759,18759,524288,17,"pk_gemm(__half const*, __half const*, __half*, int, int, int)",128,8704,0,208,0,128,"SQ_BUSY_CYCLES",1095063992.000000,1995676839021,1996041890539
616,616,"Agent 1",1,18759,18759,524288,17,"pk_gemm(__half const*, __half const*, __half*, int, int, int)",128,8704,0,208,0,128,"SQ_INSTS_LDS",671088640.000000,1995676839021,1996041890539
616,616,"Agent 1",1,18759,18759,524288,17,"pk_gemm(__half const*, __half const*, __half*, int, int, int)",128,8704,0,208,0,128,"SQ_INSTS_VALU",9506357248.000000,1995676839021,1996041890539
616,616,"Agent 1",1,18759,18759,524288,17,"pk_gemm(__half const*, __half const*, __half*, int, int, int)",128,8704,0,208,0,128,"SQ_WAIT_ANY",150503087771.000000,1995676839021,1996041890539
616,616,"Agent 1",1,18759,18759,524288,17,"pk_gemm(__half const*, __half const*, __half*, int, int, int)",128,8704,0,208,0,128,"SQ_WAVES",16384.000000,1995676839021,1996041890539
617,617,"Agent 1",1,18759,18759,524288,17,"pk_gemm(__half const*, __half const*, __half*, int, int, int)",128,8704,0,208,0,128,"GRBM_GUI_ACTIVE",777064393.000000,1996041941828,1996559987303
617,617,"Agent 1",1,18759,18759,524288,17,"pk_gemm(__half const*, __half const*, __half*, int, int, int)",128,8704,0,208,0,128,"SQ_BUSY_CYCLES",1554097623.000000,1996041941828,1996559987303
617,617,"Agent 1",1,18759,18759,524288,17,"pk_gemm(__half const*, __half const*, __half*, int, int, int)",128,8704,0,208,0,128,"SQ_INSTS_LDS",671088640.000000,1996041941828,1996559987303
617,617,"Agent 1",1,18759,18759,524288,17,"pk_gemm(__half const*, __half const*, __half*, int, int, int)",128,8704,0,208,0,128,"SQ_INSTS_VALU",9506357248.000000,1996041941828,1996559987303
617,617,"Agent 1",1,18759,18759,524288,17,"pk_gemm(__half const*, __half const*, __half*, int, int, int)",128,8704,0,208,0,128,"SQ_WAIT_ANY",221114123516.000000,1996041941828,1996559987303
617,617,"Agent 1",1,18759,18759,524288,17,"pk_gemm(__half const*, __half const*, __half*, int, int, int)",128,8704,0,208,0,128,"SQ_WAVES",16384.000000,1996041941828,1996559987303
618,618,"Agent 1",1,18759,18759,524288,17,"pk_gemm(__half const*, __half const*, __half*, int, int, int)",128,8704,0,208,0,128,"GRBM_GUI_ACTIVE",791336577.000000,1996560023760,1997087327124
618,618,"Agent 1",1,18759,18759,524288,17,"pk_gemm(__half const*, __half const*, __half*, int, int, int)",128,8704,0,208,0,128,"SQ_BUSY_CYCLES",1582543856.000000,1996560023760,1997087327124
618,618,"Agent 1",1,18759,18759,524288,17,"pk_gemm(__half const*, __half const*, __half*, int, int, int)",128,8704,0,208,0,128,"SQ_INSTS_LDS",671088640.000000,1996560023760,1997087327124
618,618,"Agent 1",1,18759,18759,524288,17,"pk_gemm(__half const*, __half const*, __half*, int, int, int)",128,8704,0,208,0,128,"SQ_INSTS_VALU",9506357248.000000,1996560023760,1997087327124
618,618,"Agent 1",1,18759,18759,524288,17,"pk_gemm(__half const*, __half const*, __half*, int, int, int)",128,8704,0,208,0,128,"SQ_WAIT_ANY",220163887376.000000,1996560023760,1997087327124
618,618,"Agent 1",1,18759,18759,524288,17,"pk_gemm(__half const*, __half const*, __half*, int, int, int)",128,8704,0,208,0,128,"SQ_WAVES",16384.000000,1996560023760,1997087327124
619,619,"Agent 1",1,18759,18759,524288,17,"pk_gemm(__half const*, __half const*, __half*, int, int, int)",128,8704,0,208,0,128,"GRBM_GUI_ACTIVE",784561204.000000,1997087365487,1997610109918
619,619,"Agent 1",1,18759,18759,524288,17,"pk_gemm(__half const*, __half const*, __half*, int, int, int)",128,8704,0,208,0,128,"SQ_BUSY_CYCLES",1569082695.000000,1997087365487,1997610109918
619,619,"Agent 1",1,18759,18759,524288,17,"pk_gemm(__half const*, __half const*, __half*, int, int, int)",128,8704,0,208,0,128,"SQ_INSTS_LDS",671088640.000000,1997087365487,1997610109918
619,619,"Agent 1",1,18759,18759,524288,17,"pk_gemm(__half const*, __half const*, __half*, int, int, int)",128,8704,0,208,0,128,"SQ_INSTS_VALU",9506357248.000000,1997087365487,1997610109918
619,619,"Agent 1",1,18759,18759,524288,17,"pk_gemm(__half const*, __half const*, __half*, int, int, int)",128,8704,0,208,0,128,"SQ_WAIT_ANY",213185111595.000000,1997087365487,1997610109918
619,619,"Agent 1",1,18759,18759,524288,17,"pk_gemm(__half const*, __half const*, __half*, int, int, int)",128,8704,0,208,0,128,"SQ_WAVES",16384.000000,1997087365487,1997610109918
620,620,"Agent 1",1,18759,18759,524288,17,"pk_gemm(__half const*, __half const*, __half*, int, int, int)",128,8704,0,208,0,128,"GRBM_GUI_ACTIVE",786282240.000000,1997610147208,1998134373133
620,620,"Agent 1",1,18759,18759,524288,17,"pk_gemm(__half const*, __half const*, __half*, int, int, int)",128,8704,0,208,0,128,"SQ_BUSY_CYCLES",1572541866.000000,1997610147208,1998134373133
620,620,"Agent 1",1,18759,18759,524288,17,"pk_gemm(__half const*, __half const*, __half*, int, int, int)",128,8704,0,208,0,128,"SQ_INSTS_LDS",671088640.000000,1997610147208,1998134373133
620,620,"Agent 1",1,18759,18759,524288,17,"pk_gemm(__half const*, __half const*, __half*, int, int, int)",128,8704,0,208,0,128,"SQ_INSTS_VALU",9506357248.000000,1997610147208,1998134373133
620,620,"Agent 1",1,18759,18759,524288,17,"pk_gemm(__half const*, __half const*, __half*, int, int, int)",128,8704,0,208,0,128,"SQ_WAIT_ANY",226662496529.000000,1997610147208,1998134373133
620,620,"Agent 1",1,18759,18759,524288,17,"pk_gemm(__half const*, __half const*, __half*, int, int, int)",128,8704,0,208,0,128,"SQ_WAVES",16384.000000,1997610147208,1998134373133
621,621,"Agent 1",1,18759,18759,524288,17,"pk_gemm(__half const*, __half const*, __half*, int, int, int)",128,8704,0,208,0,128,"GRBM_GUI_ACTIVE",825252383.000000,1998134411348,1998684801209
621,621,"Agent 1",1,18759,18759,524288,17,"pk_gemm(__half const*, __half const*, __half*, int, int, int)",128,8704,0,208,0,128,"SQ_BUSY_CYCLES",1650406621.000000,1998134411348,1998684801209
621,621,"Agent 1",1,18759,18759,524288,17,"pk_gemm(__half const*, __half const*, __half*, int, int, int)",128,8704,0,208,0,128,"SQ_INSTS_LDS",671088640.000000,1998134411348,1998684801209
621,621,"Agent 1",1,18759,18759,524288,17,"pk_gemm(__half const*, __half const*, __half*, int, int, int)",128,8704,0,208,0,128,"SQ_INSTS_VALU",9506357248.000000,1998134411348,1998684801209
621,621,"Agent 1",1,18759,18759,524288,17,"pk_gemm(__half const*, __half const*, __half*, int, int, int)",128,8704,0,208,0,128,"SQ_WAIT_ANY",239116019364.000000,1998134411348,1998684801209
621,621,"Agent 1",1,18759,18759,524288,17,"pk_gemm(__half const*, __half const*, __half*, int, int, int)",128,8704,0,208,0,128,"SQ_WAVES",16384.000000,1998134411348,1998684801209
622,622,"Agent 1",1,18759,18759,524288,17,"pk_gemm(__half const*, __half const*, __half*, int, int, int)",128,8704,0,208,0,128,"GRBM_GUI_ACTIVE",803765582.000000,1998684841336,1999220419510
622,622,"Agent 1",1,18759,18759,524288,17,"pk_gemm(__half const*, __half const*, __half*, int, int, int)",128,8704,0,208,0,128,"SQ_BUSY_CYCLES",1607224722.000000,1998684841336,1999220419510
622,622,"Agent 1",1,18759,18759,524288,17,"pk_gemm(__half const*, __half const*, __half*, int, int, int)",128,8704,0,208,0,128,"SQ_INSTS_LDS",671088640.000000,1998684841336,1999220419510
622,622,"Agent 1",1,18759,18759,524288,17,"pk_gemm(__half const*, __half const*, __half*, int, int, int)",128,8704,0,208,0,128,"SQ_INSTS_VALU",9506357248.000000,1998684841336,1999220419510
622,622,"Agent 1",1,18759,18759,524288,17,"pk_gemm(__half const*, __half const*, __half*, int, int, int)",128,8704,0,208,0,128,"SQ_WAIT_ANY",226024061935.000000,1998684841336,1999220419510
622,622,"Agent 1",1,18759,18759,524288,17,"pk_gemm(__half const*, __half const*, __half*, int, int, int)",128,8704,0,208,0,128,"SQ_WAVES",16384.000000,1998684841336,1999220419510
623,623,"Agent 1",1,18759,18759,524288,17,"pk_gemm(__half const*, __half const*, __half*, int, int, int)",128,8704,0,208,0,128,"GRBM_GUI_ACTIVE",633895403.000000,1999220459045,1999643215424
623,623,"Agent 1",1,18759,18759,524288,17,"pk_gemm(__half const*, __half const*, __half*, int, int, int)",128,8704,0,208,0,128,"SQ_BUSY_CYCLES",1267641817.000000,1999220459045,1999643215424
623,623,"Agent 1",1,18759,18759,524288,17,"pk_gemm(__half const*, __half const*, __half*, int, int, int)",128,8704,0,208,0,128,"SQ_INSTS_LDS",671088640.000000,1999220459045,1999643215424
623,623,"Agent 1",1,18759,18759,524288,17,"pk_gemm(__half const*, __half const*, __half*, int, int, int)",128,8704,0,208,0,128,"SQ_INSTS_VALU",9506357248.000000,1999220459045,1999643215424
623,623,"Agent 1",1,18759,18759,524288,17,"pk_gemm(__half const*, __half const*, __half*, int, int, int)",128,8704,0,208,0,128,"SQ_WAIT_ANY",179873277651.000000,1999220459045,1999643215424
623,623,"Agent 1",1,18759,18759,524288,17,"pk_gemm(__half const*, __half const*, __half*, int, int, int)",128,8704,0,208,0,128,"SQ_WAVES",16384.000000,1999220459045,1999643215424
624,624,"Agent 1",1,18759,18759,524288,17,"pk_gemm(__half const*, __half const*, __half*, int, int, int)",128,8704,0,208,0,128,"GRBM_GUI_ACTIVE",621677081.000000,1999643249885,2000057848472
624,624,"Agent 1",1,18759,18759,524288,17,"pk_gemm(__half const*, __half const*, __half*, int, int, int)",128,8704,0,208,0,128,"SQ_BUSY_CYCLES",1243233146.000000,1999643249885,2000057848472
624,624,"Agent 1",1,18759,18759,524288,17,"pk_gemm(__half const*, __half const*, __half*, int, int, int)",128,8704,0,208,0,128,"SQ_INSTS_LDS",671088640.000000,1999643249885,2000057848472
624,624,"Agent 1",1,18759,18759,524288,17,"pk_gemm(__half const*, __half const*, __half*, int, int, int)",128,8704,0,208,0,128,"SQ_INSTS_VALU",9506357248.000000,1999643249885,2000057848472
624,624,"Agent 1",1,18759,18759,524288,17,"pk_gemm(__half const*, __half const*, __half*, int, int, int)",128,8704,0,208,0,128,"SQ_WAIT_ANY",176683428599.000000,1999643249885,2000057848472
624,624,"Agent 1",1,18759,18759,524288,17,"pk_gemm(__half const*, __half const*, __half*, int, int, int)",128,8704,0,208,0,128,"SQ_WAVES",16384.000000,1999643249885,2000057848472
625,625,"Agent 1",1,18759,18759,524288,17,"pk_gemm(__half const*, __half const*, __half*, int, int, int)",128,8704,0,208,0,128,"GRBM_GUI_ACTIVE",807690255.000000,2000057885874,2000596147392
625,625,"Agent 1",1,18759,18759,524288,17,"pk_gemm(__half const*, __half const*, __half*, int, int, int)",128,8704,0,208,0,128,"SQ_BUSY_CYCLES",1615272909.000000,2000057885874,2000596147392
625,625,"Agent 1",1,18759,18759,524288,17,"pk_gemm(__half const*, __half const*, __half*, int, int, int)",128,8704,0,208,0,128,"SQ_INSTS_LDS",671088640.000000,2000057885874,2000596147392
625,625,"Agent 1",1,18759,18759,524288,17,"pk_gemm(__half const*, __half const*, __half*, int, int, int)",128,8704,0,208,0,128,"SQ_INSTS_VALU",9506357248.000000,2000057885874,2000596147392
625,625,"Agent 1",1,18759,18759,524288,17,"pk_gemm(__half const*, __half const*, __half*, int, int, int)",128,8704,0,208,0,128,"SQ_WAIT_ANY",225040087773.000000,2000057885874,2000596147392
625,625,"Agent 1",1,18759,18759,524288,17,"pk_gemm(__half const*, __half const*, __half*, int, int, int)",128,8704,0,208,0,128,"SQ_WAVES",16384.000000,2000057885874,2000596147392
626,626,"Agent 1",1,18759,18759,524288,17,"pk_gemm(__half const*, __half const*, __half*, int, int, int)",128,8704,0,208,0,128,"GRBM_GUI_ACTIVE",800209083.000000,2000596183493,2001129691793
626,626,"Agent 1",1,18759,18759,524288,17,"pk_gemm(__half const*, __half const*, __half*, int, int, int)",128,8704,0,208,0,128,"SQ_BUSY_CYCLES",1600193583.000000,2000596183493,2001129691793
626,626,"Agent 1",1,18759,18759,524288,17,"pk_gemm(__half const*, __half const*, __half*, int, int, int)",128,8704,0,208,0,128,"SQ_INSTS_LDS",671088640.000000,2000596183493,2001129691793
626,626,"Agent 1",1,18759,18759,524288,17,"pk_gemm(__half const*, __half const*, __half*, int, int, int)",128,8704,0,208,0,128,"SQ_INSTS_VALU",9506357248.000000,2000596183493,2001129691793
626,626,"Agent 1",1,18759,18759,524288,17,"pk_gemm(__half const*, __half const*, __half*, int, int, int)",128,8704,0,208,0,128,"SQ_WAIT_ANY",227733744134.000000,2000596183493,2001129691793
626,626,"Agent 1",1,18759,18759,524288,17,"pk_gemm(__half const*, __half const*, __half*, int, int, int)",128,8704,0,208,0,128,"SQ_WAVES",16384.000000,2000596183493,2001129691793
627,627,"Agent 1",1,18759,18759,524288,17,"pk_gemm(__half const*, __half const*, __half*, int, int, int)",128,8704,0,208,0,128,"GRBM_GUI_ACTIVE",820844450.000000,2001129726679,2001677009364
627,627,"Agent 1",1,18759,18759,524288,17,"pk_gemm(__half const*, __half const*, __half*, int, int, int)",128,8704,0,208,0,128,"SQ_BUSY_CYCLES",1641576275.000000,2001129726679,2001677009364
627,627,"Agent 1",1,18759,18759,524288,17,"pk_gemm(__half const*, __half const*, __half*, int, int, int)",128,8704,0,208,0,128,"SQ_INSTS_LDS",671088640.000000,2001129726679,2001677009364
627,627,"Agent 1",1,18759,18759,524288,17,"pk_gemm(__half const*, __half const*, __half*, int, int, int)",128,8704,0,208,0,128,"SQ_INSTS_VALU",9506357248.000000,2001129726679,2001677009364
627,627,"Agent 1",1,18759,18759,524288,17,"pk_gemm(__half const*, __half const*, __half*, int, int, int)",128,8704,0,208,0,128,"SQ_WAIT_ANY",234399104459.000000,2001129726679,2001677009364
627,627,"Agent 1",1,18759,18759,524288,17,"pk_gemm(__half const*, __half const*, __half*, int, int, int)",128,8704,0,208,0,128,"SQ_WAVES",16384.000000,2001129726679,2001677009364
628,628,"Agent 1",1,18759,18759,524288,17,"pk_gemm(__half const*, __half const*, __half*, int, int, int)",128,8704,0,208,0,128,"GRBM_GUI_ACTIVE",777892090.000000,2001677066783,2002195675071
628,628,"Agent 1",1,18759,18759,524288,17,"pk_gemm(__half const*, __half const*, __half*, int, int, int)",128,8704,0,208,0,128,"SQ_BUSY_CYCLES",1555181324.000000,2001677066783,2002195675071
628,628,"Agent 1",1,18759,18759,524288,17,"pk_gemm(__half const*, __half const*, __half*, int, int, int)",128,8704,0,208,0,128,"SQ_INSTS_LDS",671088640.000000,2001677066783,2002195675071
628,628,"Agent 1",1,18759,18759,524288,17,"pk_gemm(__half const*, __half const*, __half*, int, int, int)",128,8704,0,208,0,128,"SQ_INSTS_VALU",9506357248.000000,2001677066783,2002195675071
628,628,"Agent 1",1,18759,18759,524288,17,"pk_gemm(__half const*, __half const*, __half*, int, int, int)",128,8704,0,208,0,128,"SQ_WAIT_ANY",222869686833.000000,2001677066783,2002195675071
628,628,"Agent 1",1,18759,18759,524288,17,"pk_gemm(__half const*, __half const*, __half*, int, int, int)",128,8704,0,208,0,128,"SQ_WAVES",16384.000000,2001677066783,2002195675071
629,629,"Agent 1",1,18759,18759,524288,17,"pk_gemm(__half const*, __half const*, __half*, int, int, int)",128,8704,0,208,0,128,"GRBM_GUI_ACTIVE",768319457.000000,2002195713405,2002707690039
629,629,"Agent 1",1,18759,18759,524288,17,"pk_gemm(__half const*, __half const*, __half*, int, int, int)",128,8704,0,208,0,128,"SQ_BUSY_CYCLES",1528281113.000000,2002195713405,2002707690039
629,629,"Agent 1",1,18759,18759,524288,17,"pk_gemm(__half const*, __half const*, __half*, int, int, int)",128,8704,0,208,0,128,"SQ_INSTS_LDS",671088640.000000,2002195713405,2002707690039
629,629,"Agent 1",1,18759,18759,524288,17,"pk_gemm(__half const*, __half const*, __half*, int, int, int)",128,8704,0,208,0,128,"SQ_INSTS_VALU",9506357248.000000,2002195713405,2002707690039
629,629,"Agent 1",1,18759,18759,524288,17,"pk_gemm(__half const*, __half const*, __half*, int, int, int)",128,8704,0,208,0,128,"SQ_WAIT_ANY",212221149778.000000,2002195713405,2002707690039
629,629,"Agent 1",1,18759,18759,524288,17,"pk_gemm(__half const*, __half const*, __half*, int, int, int)",128,8704,0,208,0,128,"SQ_WAVES",16384.000000,2002195713405,2002707690039
630,630,"Agent 1",1,18759,18759,524288,17,"pk_gemm(__half const*, __half const*, __half*, int, int, int)",128,8704,0,208,0,128,"GRBM_GUI_ACTIVE",667902263.000000,2002707726475,2003152900619
630,630,"Agent 1",1,18759,18759,524288,17,"pk_gemm(__half const*, __half const*, __half*, int, int, int)",128,8704,0,208,0,128,"SQ_BUSY_CYCLES",1335736354.000000,2002707726475,2003152900619
630,630,"Agent 1",1,18759,18759,524288,17,"pk_gemm(__half const*, __half const*, __half*, int, int, int)",128,8704,0,208,0,128,"SQ_INSTS_LDS",671088640.000000,2002707726475,2003152900619
630,630,"Agent 1",1,18759,18759,524288,17,"pk_gemm(__half const*, __half const*, __half*, int, int, int)",128,8704,0,208,0,128,"SQ_INSTS_VALU",9506357248.000000,2002707726475,2003152900619
630,630,"Agent 1",1,18759,18759,524288,17,"pk_gemm(__half const*, __half const*, __half*, int, int, int)",128,8704,0,208,0,128,"SQ_WAIT_ANY",186248485487.000000,2002707726475,2003152900619
630,630,"Agent 1",1,18759,18759,524288,17,"pk_gemm(__half const*, __half const*, __half*, int, int, int)",128,8704,0,208,0,128,"SQ_WAVES",16384.000000,2002707726475,2003152900619
631,631,"Agent 1",1,18759,18759,524288,17,"pk_gemm(__half const*, __half const*, __half*, int, int, int)",128,8704,0,208,0,128,"GRBM_GUI_ACTIVE",788920597.000000,2003152937157,2003678714505
631,631,"Agent 1",1,18759,18759,524288,17,"pk_gemm(__half const*, __half const*, __half*, int, int, int)",128,8704,0,208,0,128,"SQ_BUSY_CYCLES",1576993082.000000,2003152937157,2003678714505
631,631,"Agent 1",1,18759,18759,524288,17,"pk_gemm(__half const*, __half const*, __half*, int, int, int)",128,8704,0,208,0,128,"SQ_INSTS_LDS",671088640.000000,2003152937157,2003678714505
631,631,"Agent 1",1,18759,18759,524288,17,"pk_gemm(__half const*, __half const*, __half*, int, int, int)",128,8704,0,208,0,128,"SQ_INSTS_VALU",9506357248.000000,2003152937157,2003678714505
631,631,"Agent 1",1,18759,18759,524288,17,"pk_gemm(__half const*, __half const*, __half*, int, int, int)",128,8704,0,208,0,128,"SQ_WAIT_ANY",219405042475.000000,2003152937157,2003678714505
631,631,"Agent 1",1,18759,18759,524288,17,"pk_gemm(__half const*, __half const*, __half*, int, int, int)",128,8704,0,208,0,128,"SQ_WAVES",16384.000000,2003152937157,2003678714505
632,632,"Agent 1",1,18759,18759,524288,17,"pk_gemm(__half const*, __half const*, __half*, int, int, int)",128,8704,0,208,0,128,"GRBM_GUI_ACTIVE",770794118.000000,2003678750137,2004192747754
632,632,"Agent 1",1,18759,18759,524288,17,"pk_gemm(__half const*, __half const*, __half*, int, int, int)",128,8704,0,208,0,128,"SQ_BUSY_CYCLES",1541556711.000000,2003678750137,2004192747754
632,632,"Agent 1",1,18759,18759,524288,17,"pk_gemm(__half const*, __half const*, __half*, int, int, int)",128,8704,0,208,0,128,"SQ_INSTS_LDS",671088640.000000,2003678750137,2004192747754
632,632,"Agent 1",1,18759,18759,524288,17,"pk_gemm(__half const*, __half const*, __half*, int, int, int)",128,8704,0,208,0,128,"SQ_INSTS_VALU",9506357248.000000,2003678750137,2004192747754
632,632,"Agent 1",1,18759,18759,524288,17,"pk_gemm(__half const*, __half const*, __half*, int, int, int)",128,8704,0,208,0,128,"SQ_WAIT_ANY",218203910345.000000,2003678750137,2004192747754
632,632,"Agent 1",1,18759,18759,524288,17,"pk_gemm(__half const*, __half const*, __half*, int, int, int)",128,8704,0,208,0,128,"SQ_WAVES",16384.000000,2003678750137,2004192747754
633,633,"Agent 1",1,18759,18759,524288,17,"pk_gemm(__half const*, __half const*, __half*, int, int, int)",128,8704,0,208,0,128,"GRBM_GUI_ACTIVE",783094667.000000,2004192787216,2004714421849
633,633,"Agent 1",1,18759,18759,524288,17,"pk_gemm(__half const*, __half const*, __half*, int, int, int)",128,8704,0,208,0,128,"SQ_BUSY_CYCLES",1566143098.000000,2004192787216,2004714421849
633,633,"Agent 1",1,18759,18759,524288,17,"pk_gemm(__half const*, __half const*, __half*, int, int, int)",128,8704,0,208,0,128,"SQ_INSTS_LDS",671088640.000000,2004192787216,2004714421849
633,633,"Agent 1",1,18759,18759,524288,17,"pk_gemm(__half const*, __half const*, __half*, int, int, int)",128,8704,0,208,0,128,"SQ_INSTS_VALU",9506357248.000000,2004192787216,2004714421849
633,633,"Agent 1",1,18759,18759,524288,17,"pk_gemm(__half const*, __half const*, __half*, int, int, int)",128,8704,0,208,0,128,"SQ_WAIT_ANY",215157719137.000000,2004192787216,2004714421849
633,633,"Agent 1",1,18759,18759,524288,17,"pk_gemm(__half const*, __half const*, __half*, int, int, int)",128,8704,0,208,0,128,"SQ_WAVES",16384.000000,2004192787216,2004714421849
634,634,"Agent 1",1,18759,18759,524288,17,"pk_gemm(__half const*, __half const*, __half*, int, int, int)",128,8704,0,208,0,128,"GRBM_GUI_ACTIVE",678716967.000000,2004714458693,2005166872108
634,634,"Agent 1",1,18759,18759,524288,17,"pk_gemm(__half const*, __half const*, __half*, int, int, int)",128,8704,0,208,0,128,"SQ_BUSY_CYCLES",1357211464.000000,2004714458693,2005166872108
634,634,"Agent 1",1,18759,18759,524288,17,"pk_gemm(__half const*, __half const*, __half*, int, int, int)",128,8704,0,208,0,128,"SQ_INSTS_LDS",671088640.000000,2004714458693,2005166872108
634,634,"Agent 1",1,18759,18759,524288,17,"pk_gemm(__half const*, __half const*, __half*, int, int, int)",128,8704,0,208,0,128,"SQ_INSTS_VALU",9506357248.000000,2004714458693,2005166872108
634,634,"Agent 1",1,18759,18759,524288,17,"pk_gemm(__half const*, __half const*, __half*, int, int, int)",128,8704,0,208,0,128,"SQ_WAIT_ANY",186691753534.000000,2004714458693,2005166872108
634,634,"Agent 1",1,18759,18759,524288,17,"pk_gemm(__half const*, __half const*, __half*, int, int, int)",128,8704,0,208,0,128,"SQ_WAVES",16384.000000,2004714458693,2005166872108
635,635,"Agent 1",1,18759,18759,524288,17,"pk_gemm(__half const*, __half const*, __half*, int, int, int)",128,8704,0,208,0,128,"GRBM_GUI_ACTIVE",794455321.000000,2005166909669,2005696447737
635,635,"Agent 1",1,18759,18759,524288,17,"pk_gemm(__half const*, __half const*, __half*, int, int, int)",128,8704,0,208,0,128,"SQ_BUSY_CYCLES",1588087682.000000,2005166909669,2005696447737
635,635,"Agent 1",1,18759,18759,524288,17,"pk_gemm(__half const*, __half const*, __half*, int, int, int)",128,8704,0,208,0,128,"SQ_INSTS_LDS",671088640.000000,2005166909669,2005696447737
635,635,"Agent 1",1,18759,18759,524288,17,"pk_gemm(__half const*, __half const*, __half*, int, int, int)",128,8704,0,208,0,128,"SQ_INSTS_VALU",9506357248.000000,2005166909669,2005696447737
635,635,"Agent 1",1,18759,18759,524288,17,"pk_gemm(__half const*, __half const*, __half*, int, int, int)",128,8704,0,208,0,128,"SQ_WAIT_ANY",221178288114.000000,2005166909669,2005696447737
635,635,"Agent 1",1,18759,18759,524288,17,"pk_gemm(__half const*, __half const*, __half*, int, int, int)",128,8704,0,208,0,128,"SQ_WAVES",16384.000000,2005166909669,2005696447737
636,636,"Agent 1",1,18759,18759,524288,17,"pk_gemm(__half const*, __half const*, __half*, int, int, int)",128,8704,0,208,0,128,"GRBM_GUI_ACTIVE",669132809.000000,2005696482823,2006142480027
636,636,"Agent 1",1,18759,18759,524288,17,"pk_gemm(__half const*, __half const*, __half*, int, int, int)",128,8704,0,208,0,128,"SQ_BUSY_CYCLES",1337095323.000000,2005696482823,2006142480027
636,636,"Agent 1",1,18759,18759,524288,17,"pk_gemm(__half const*, __half const*, __half*, int, int, int)",128,8704,0,208,0,128,"SQ_INSTS_LDS",671088640.000000,2005696482823,2006142480027
636,636,"Agent 1",1,18759,18759,524288,17,"pk_gemm(__half const*, __half const*, __half*, int, int, int)",128,8704,0,208,0,128,"SQ_INSTS_VALU",9506357248.000000,2005696482823,2006142480027
636,636,"Agent 1",1,18759,18759,524288,17,"pk_gemm(__half const*, __half const*, __half*, int, int, int)",128,8704,0,208,0,128,"SQ_WAIT_ANY",188438223240.000000,2005696482823,2006142480027
636,636,"Agent 1",1,18759,18759,524288,17,"pk_gemm(__half const*, __half const*, __half*, int, int, int)",128,8704,0,208,0,128,"SQ_WAVES",16384.000000,2005696482823,2006142480027
637,637,"Agent 1",1,18759,18759,524288,17,"pk_gemm(__half const*, __half const*, __half*, int, int, int)",128,8704,0,208,0,128,"GRBM_GUI_ACTIVE",821340157.000000,2006142513267,2006690203916
637,637,"Agent 1",1,18759,18759,524288,17,"pk_gemm(__half const*, __half const*, __half*, int, int, int)",128,8704,0,208,0,128,"SQ_BUSY_CYCLES",1642533854.000000,2006142513267,2006690203916
637,637,"Agent 1",1,18759,18759,524288,17,"pk_gemm(__half const*, __half const*, __half*, int, int, int)",128,8704,0,208,0,128,"SQ_INSTS_LDS",671088640.000000,2006142513267,2006690203916
637,637,"Agent 1",1,18759,18759,524288,17,"pk_gemm(__half const*, __half const*, __half*, int, int, int)",128,8704,0,208,0,128,"SQ_INSTS_VALU",9506357248.000000,2006142513267,2006690203916
637,637,"Agent 1",1,18759,18759,524288,17,"pk_gemm(__half const*, __half const*, __half*, int, int, int)",128,8704,0,208,0,128,"SQ_WAIT_ANY",232682115676.000000,2006142513267,2006690203916
637,637,"Agent 1",1,18759,18759,524288,17,"pk_gemm(__half const*, __half const*, __half*, int, int, int)",128,8704,0,208,0,128,"SQ_WAVES",16384.000000,2006142513267,2006690203916
638,638,"Agent 1",1,18759,18759,524288,17,"pk_gemm(__half const*, __half const*, __half*, int, int, int)",128,8704,0,208,0,128,"GRBM_GUI_ACTIVE",763969785.000000,2006690240576,2007199491548
638,638,"Agent 1",1,18759,18759,524288,17,"pk_gemm(__half const*, __half const*, __half*, int, int, int)",128,8704,0,208,0,128,"SQ_BUSY_CYCLES",1527704925.000000,2006690240576,2007199491548
638,638,"Agent 1",1,18759,18759,524288,17,"pk_gemm(__half const*, __half const*, __half*, int, int, int)",128,8704,0,208,0,128,"SQ_INSTS_LDS",671088640.000000,2006690240576,2007199491548
638,638,"Agent 1",1,18759,18759,524288,17,"pk_gemm(__half const*, __half const*, __half*, int, int, int)",128,8704,0,208,0,128,"SQ_INSTS_VALU",9506357248.000000,2006690240576,2007199491548
638,638,"Agent 1",1,18759,18759,524288,17,"pk_gemm(__half const*, __half const*, __half*, int, int, int)",128,8704,0,208,0,128,"SQ_WAIT_ANY",215260986212.000000,2006690240576,2007199491548
638,638,"Agent 1",1,18759,18759,524288,17,"pk_gemm(__half const*, __half const*, __half*, int, int, int)",128,8704,0,208,0,128,"SQ_WAVES",16384.000000,2006690240576,2007199491548
639,639,"Agent 1",1,18759,18759,524288,17,"pk_gemm(__half const*, __half const*, __half*, int, int, int)",128,8704,0,208,0,128,"GRBM_GUI_ACTIVE",743987543.000000,2007199528419,2007695383554
639,639,"Agent 1",1,18759,18759,524288,17,"pk_gemm(__half const*, __half const*, __half*, int, int, int)",128,8704,0,208,0,128,"SQ_BUSY_CYCLES",1487916453.000000,2007199528419,2007695383554
639,639,"Agent 1",1,18759,18759,524288,17,"pk_gemm(__half const*, __half const*, __half*, int, int, int)",128,8704,0,208,0,128,"SQ_INSTS_LDS",671088640.000000,2007199528419,2007695383554
639,639,"Agent 1",1,18759,18759,524288,17,"pk_gemm(__half const*, __half const*, __half*, int, int, int)",128,8704,0,208,0,128,"SQ_INSTS_VALU",9506357248.000000,2007199528419,2007695383554
639,639,"Agent 1",1,18759,18759,524288,17,"pk_gemm(__half const*, __half const*, __half*, int, int, int)",128,8704,0,208,0,128,"SQ_WAIT_ANY",208845024596.000000,2007199528419,2007695383554
639,639,"Agent 1",1,18759,18759,524288,17,"pk_gemm(__half const*, __half const*, __half*, int, int, int)",128,8704,0,208,0,128,"SQ_WAVES",16384.000000,2007199528419,2007695383554
640,640,"Agent 1",1,18759,18759,524288,17,"pk_gemm(__half const*, __half const*, __half*, int, int, int)",128,8704,0,208,0,128,"GRBM_GUI_ACTIVE",720320612.000000,2007695419050,2008175643205
640,640,"Agent 1",1,18759,18759,524288,17,"pk_gemm(__half const*, __half const*, __half*, int, int, int)",128,8704,0,208,0,128,"SQ_BUSY_CYCLES",1440188267.000000,2007695419050,2008175643205
640,640,"Agent 1",1,18759,18759,524288,17,"pk_gemm(__half const*, __half const*, __half*, int, int, int)",128,8704,0,208,0,128,"SQ_INSTS_LDS",671088640.000000,2007695419050,2008175643205
640,640,"Agent 1",1,18759,18759,524288,17,"pk_gemm(__half const*, __half const*, __half*, int, int, int)",128,8704,0,208,0,128,"SQ_INSTS_VALU",9506357248.000000,2007695419050,2008175643205
640,640,"Agent 1",1,18759,18759,524288,17,"pk_gemm(__half const*, __half const*, __half*, int, int, int)",128,8704,0,208,0,128,"SQ_WAIT_ANY",203573964277.000000,2007695419050,2008175643205
640,640,"Agent 1",1,18759,18759,524288,17,"pk_gemm(__half const*, __half const*, __half*, int, int, int)",128,8704,0,208,0,128,"SQ_WAVES",16384.000000,2007695419050,2008175643205
641,641,"Agent 1",1,18759,18759,524288,17,"pk_gemm(__half const*, __half const*, __half*, int, int, int)",128,8704,0,208,0,128,"GRBM_GUI_ACTIVE",708913327.000000,2008175678766,2008648180626
641,641,"Agent 1",1,18759,18759,524288,17,"pk_gemm(__half const*, __half const*, __half*, int, int, int)",128,8704,0,208,0,128,"SQ_BUSY_CYCLES",1417755818.000000,2008175678766,2008648180626
641,641,"Agent 1",1,18759,18759,524288,17,"pk_gemm(__half const*, __half const*, __half*, int, int, int)",128,8704,0,208,0,128,"SQ_INSTS_LDS",671088640.000000,2008175678766,2008648180626
641,641,"Agent 1",1,18759,18759,524288,17,"pk_gemm(__half const*, __half const*, __half*, int, int, int)",128,8704,0,208,0,128,"SQ_INSTS_VALU",9506357248.000000,2008175678766,2008648180626
641,641,"Agent 1",1,18759,18759,524288,17,"pk_gemm(__half const*, __half const*, __half*, int, int, int)",128,8704,0,208,0,128,"SQ_WAIT_ANY",197550002981.000000,2008175678766,2008648180626
641,641,"Agent 1",1,18759,18759,524288,17,"pk_gemm(__half const*, __half const*, __half*, int, int, int)",128,8704,0,208,0,128,"SQ_WAVES",16384.000000,2008175678766,2008648180626
