"Correlation_Id","Dispatch_Id","Agent_Id","Queue_Id","Process_Id","Thread_Id","Grid_Size","Kernel_Id","Kernel_Name","Workgroup_Size","LDS_Block_Size","Scratch_Size","VGPR_Count","Accum_VGPR_Count","SGPR_Count","Counter_Name","Counter_Value","Start_Timestamp","End_Timestamp"
1,1,"Agent 1",1,22407,22407,1280,5,"c_f32(float*, long long*, int)",32,0,0,24,0,128,"SQ_INSTS_SALU",20920.000000,2909216195288,2909216249309
1,1,"Agent 1",1,22407,22407,1280,5,"c_f32(float*, long long*, int)",32,0,0,24,0,128,"SQ_INSTS_VALU",1311640.000000,2909216195288,2909216249309
1,1,"Agent 1",1,22407,22407,1280,5,"c_f32(float*, long long*, int)",32,0,0,24,0,128,"SQ_WAVES",40.000000,2909216195288,2909216249309
2,2,"Agent 1",1,22407,22407,1280,5,"c_f32(float*, long long*, int)",32,0,0,24,0,128,"SQ_INSTS_SALU",20920.000000,2909216343364,2909216397425
2,2,"Agent 1",1,22407,22407,1280,5,"c_f32(float*, long long*, int)",32,0,0,24,0,128,"SQ_INSTS_VALU",1311640.000000,2909216343364,2909216397425
2,2,"Agent 1",1,22407,22407,1280,5,"c_f32(float*, long long*, int)",32,0,0,24,0,128,"SQ_WAVES",40.000000,2909216343364,2909216397425
3,3,"Agent 1",1,22407,22407,1280,5,"c_f32(float*, long long*, int)",32,0,0,24,0,128,"SQ_INSTS_SALU",20920.000000,2909216492243,2909216524623
3,3,"Agent 1",1,22407,22407,1280,5,"c_f32(float*, long long*, int)",32,0,0,24,0,128,"SQ_INSTS_VALU",1311640.000000,2909216492243,2909216524623
3,3,"Agent 1",1,22407,22407,1280,5,"c_f32(float*, long long*, int)",32,0,0,24,0,128,"SQ_WAVES",40.000000,2909216492243,2909216524623
4,4,"Agent 1",1,22407,22407,1280,5,"c_f32(float*, long long*, int)",32,0,0,24,0,128,"SQ_INSTS_SALU",20920.000000,2909216661760,2909216715541
4,4,"Agent 1",1,22407,22407,1280,5,"c_f32(float*, long long*, int)",32,0,0,24,0,128,"SQ_INSTS_VALU",1311640.000000,2909216661760,2909216715541
4,4,"Agent 1",1,22407,22407,1280,5,"c_f32(float*, long long*, int)",32,0,0,24,0,128,"SQ_WAVES",40.000000,2909216661760,2909216715541
5,5,"Agent 1",1,22407,22407,1280,5,"c_f32(float*, long long*, int)",32,0,0,24,0,128,"SQ_INSTS_SALU",20920.000000,2909216798096,2909216851395
5,5,"Agent 1",1,22407,22407,1280,5,"c_f32(float*, long long*, int)",32,0,0,24,0,128,"SQ_INSTS_VALU",1311640.000000,2909216798096,2909216851395
5,5,"Agent 1",1,22407,22407,1280,5,"c_f32(float*, long long*, int)",32,0,0,24,0,128,"SQ_WAVES",40.000000,2909216798096,2909216851395
6,6,"Agent 1",1,22407,22407,1280,5,"c_f32(float*, long long*, int)",32,0,0,24,0,128,"SQ_INSTS_SALU",20920.000000,2909216969296,2909217022756
6,6,"Agent 1",1,22407,22407,1280,5,"c_f32(float*, long long*, int)",32,0,0,24,0,128,"SQ_INSTS_VALU",1311640.000000,2909216969296,2909217022756
6,6,"Agent 1",1,22407,22407,1280,5,"c_f32(float*, long long*, int)",32,0,0,24,0,128,"SQ_WAVES",40.000000,2909216969296,2909217022756
7,7,"Agent 1",1,22407,22407,1280,5,"c_f32(float*, long long*, int)",32,0,0,24,0,128,"SQ_INSTS_SALU",21798.000000,2909217085794,2909217169511
7,7,"Agent 1",1,22407,22407,1280,5,"c_f32(float*, long long*, int)",32,0,0,24,0,128,"SQ_INSTS_VALU",1311720.000000,2909217085794,2909217169511
7,7,"Agent 1",1,22407,22407,1280,5,"c_f32(float*, long long*, int)",32,0,0,24,0,128,"SQ_WAVES",42.000000,2909217085794,2909217169511
8,8,"Agent 1",1,22407,22407,1280,5,"c_f32(float*, long long*, int)",32,0,0,24,0,128,"SQ_INSTS_SALU",21359.000000,2909217258157,2909217341433
8,8,"Agent 1",1,22407,22407,1280,5,"c_f32(float*, long long*, int)",32,0,0,24,0,128,"SQ_INSTS_VALU",1311680.000000,2909217258157,2909217341433
8,8,"Agent 1",1,22407,22407,1280,5,"c_f32(float*, long long*, int)",32,0,0,24,0,128,"SQ_WAVES",41.000000,2909217258157,2909217341433
9,9,"Agent 1",1,22407,22407,1280,5,"c_f32(float*, long long*, int)",32,0,0,24,0,128,"SQ_INSTS_SALU",20920.000000,2909217368364,2909217399862
9,9,"Agent 1",1,22407,22407,1280,5,"c_f32(float*, long long*, int)",32,0,0,24,0,128,"SQ_INSTS_VALU",1311640.000000,2909217368364,2909217399862
9,9,"Agent 1",1,22407,22407,1280,5,"c_f32(float*, long long*, int)",32,0,0,24,0,128,"SQ_WAVES",40.000000,2909217368364,2909217399862
10,10,"Agent 1",1,22407,22407,1280,5,"c_f32(float*, long long*, int)",32,0,0,24,0,128,"SQ_INSTS_SALU",20920.000000,2909217480213,2909217532311
10,10,"Agent 1",1,22407,22407,1280,5,"c_f32(float*, long long*, int)",32,0,0,24,0,128,"SQ_INSTS_VALU",1311640.000000,2909217480213,2909217532311
10,10,"Agent 1",1,22407,22407,1280,5,"c_f32(float*, long long*, int)",32,0,0,24,0,128,"SQ_WAVES",40.000000,2909217480213,2909217532311
11,11,"Agent 1",1,22407,22407,1280,5,"c_f32(float*, long long*, int)",32,0,0,24,0,128,"SQ_INSTS_SALU",20920.000000,2909217619634,2909217672092
11,11,"Agent 1",1,22407,22407,1280,5,"c_f32(float*, long long*, int)",32,0,0,24,0,128,"SQ_INSTS_VALU",1311640.000000,2909217619634,2909217672092
11,11,"Agent 1",1,22407,22407,1280,5,"c_f32(float*, long long*, int)",32,0,0,24,0,128,"SQ_WAVES",40.000000,2909217619634,2909217672092
12,12,"Agent 1",1,22407,22407,1280,5,"c_f32(float*, long long*, int)",32,0,0,24,0,128,"SQ_INSTS_SALU",20920.000000,2909217723989,2909217776007
12,12,"Agent 1",1,22407,22407,1280,5,"c_f32(float*, long long*, int)",32,0,0,24,0,128,"SQ_INSTS_VALU",1311640.000000,2909217723989,2909217776007
12,12,"Agent 1",1,22407,22407,1280,5,"c_f32(float*, long long*, int)",32,0,0,24,0,128,"SQ_WAVES",40.000000,2909217723989,2909217776007
13,13,"Agent 1",1,22407,22407,1280,5,"c_f32(float*, long long*, int)",32,0,0,24,0,128,"SQ_INSTS_SALU",20920.000000,2909217799892,2909217850106
13,13,"Agent 1",1,22407,22407,1280,5,"c_f32(float*, long long*, int)",32,0,0,24,0,128,"SQ_INSTS_VALU",1311640.000000,2909217799892,2909217850106
13,13,"Agent 1",1,22407,22407,1280,5,"c_f32(float*, long long*, int)",32,0,0,24,0,128,"SQ_WAVES",40.000000,2909217799892,2909217850106
14,14,"Agent 1",1,22407,22407,1280,5,"c_f32(float*, long long*, int)",32,0,0,24,0,128,"SQ_INSTS_SALU",20920.000000,2909217874431,2909217924485
14,14,"Agent 1",1,22407,22407,1280,5,"c_f32(float*, long long*, int)",32,0,0,24,0,128,"SQ_INSTS_VALU",1311640.000000,2909217874431,2909217924485
14,14,"Agent 1",1,22407,22407,1280,5,"c_f32(float*, long long*, int)",32,0,0,24,0,128,"SQ_WAVES",40.000000,2909217874431,2909217924485
15,15,"Agent 1",1,22407,22407,1280,5,"c_f32(float*, long long*, int)",32,0,0,24,0,128,"SQ_INSTS_SALU",20920.000000,2909217948610,2909217977023
15,15,"Agent 1",1,22407,22407,1280,5,"c_f32(float*, long long*, int)",32,0,0,24,0,128,"SQ_INSTS_VALU",1311640.000000,2909217948610,2909217977023
15,15,"Agent 1",1,22407,22407,1280,5,"c_f32(float*, long long*, int)",32,0,0,24,0,128,"SQ_WAVES",40.000000,2909217948610,2909217977023
16,16,"Agent 1",1,22407,22407,1280,5,"c_f32(float*, long long*, int)",32,0,0,24,0,128,"SQ_INSTS_SALU",20920.000000,2909218001309,2909218051403
16,16,"Agent 1",1,22407,22407,1280,5,"c_f32(float*, long long*, int)",32,0,0,24,0,128,"SQ_INSTS_VALU",1311640.000000,2909218001309,2909218051403
16,16,"Agent 1",1,22407,22407,1280,5,"c_f32(float*, long long*, int)",32,0,0,24,0,128,"SQ_WAVES",40.000000,2909218001309,2909218051403
17,17,"Agent 1",1,22407,22407,1280,5,"c_f32(float*, long long*, int)",32,0,0,24,0,128,"SQ_INSTS_SALU",20920.000000,2909218076129,2909218126303
17,17,"Agent 1",1,22407,22407,1280,5,"c_f32(float*, long long*, int)",32,0,0,24,0,128,"SQ_INSTS_VALU",1311640.000000,2909218076129,2909218126303
17,17,"Agent 1",1,22407,22407,1280,5,"c_f32(float*, long long*, int)",32,0,0,24,0,128,"SQ_WAVES",40.000000,2909218076129,2909218126303
18,18,"Agent 1",1,22407,22407,1280,5,"c_f32(float*, long long*, int)",32,0,0,24,0,128,"SQ_INSTS_SALU",20920.000000,2909218150909,2909218200883
18,18,"Agent 1",1,22407,22407,1280,5,"c_f32(float*, long long*, int)",32,0,0,24,0,128,"SQ_INSTS_VALU",1311640.000000,2909218150909,2909218200883
18,18,"Agent 1",1,22407,22407,1280,5,"c_f32(float*, long long*, int)",32,0,0,24,0,128,"SQ_WAVES",40.000000,2909218150909,2909218200883
19,19,"Agent 1",1,22407,22407,1280,5,"c_f32(float*, long long*, int)",32,0,0,24,0,128,"SQ_INSTS_SALU",20920.000000,2909218226370,2909218254784
19,19,"Agent 1",1,22407,22407,1280,5,"c_f32(float*, long long*, int)",32,0,0,24,0,128,"SQ_INSTS_VALU",1311640.000000,2909218226370,2909218254784
19,19,"Agent 1",1,22407,22407,1280,5,"c_f32(float*, long long*, int)",32,0,0,24,0,128,"SQ_WAVES",40.000000,2909218226370,2909218254784
20,20,"Agent 1",1,22407,22407,1280,5,"c_f32(float*, long long*, int)",32,0,0,24,0,128,"SQ_INSTS_SALU",20920.000000,2909218280071,2909218330125
20,20,"Agent 1",1,22407,22407,1280,5,"c_f32(float*, long long*, int)",32,0,0,24,0,128,"SQ_INSTS_VALU",1311640.000000,2909218280071,2909218330125
20,20,"Agent 1",1,22407,22407,1280,5,"c_f32(float*, long long*, int)",32,0,0,24,0,128,"SQ_WAVES",40.000000,2909218280071,2909218330125
21,21,"Agent 1",1,22407,22407,1280,5,"c_f32(float*, long long*, int)",32,0,0,24,0,128,"SQ_INSTS_SALU",20920.000000,2909218383464,2909218433478
21,21,"Agent 1",1,22407,22407,1280,5,"c_f32(float*, long long*, int)",32,0,0,24,0,128,"SQ_INSTS_VALU",1311640.000000,2909218383464,2909218433478
21,21,"Agent 1",1,22407,22407,1280,5,"c_f32(float*, long long*, int)",32,0,0,24,0,128,"SQ_WAVES",40.000000,2909218383464,2909218433478
22,22,"Agent 1",1,22407,22407,1280,5,"c_f32(float*, long long*, int)",32,0,0,24,0,128,"SQ_INSTS_SALU",20920.000000,2909218459126,2909218509180
22,22,"Agent 1",1,22407,22407,1280,5,"c_f32(float*, long long*, int)",32,0,0,24,0,128,"SQ_INSTS_VALU",1311640.000000,2909218459126,2909218509180
22,22,"Agent 1",1,22407,22407,1280,5,"c_f32(float*, long long*, int)",32,0,0,24,0,128,"SQ_WAVES",40.000000,2909218459126,2909218509180
23,23,"Agent 1",1,22407,22407,1280,5,"c_f32(float*, long long*, int)",32,0,0,24,0,128,"SQ_INSTS_SALU",20920.000000,2909218533986,2909218584200
23,23,"Agent 1",1,22407,22407,1280,5,"c_f32(float*, long long*, int)",32,0,0,24,0,128,"SQ_INSTS_VALU",1311640.000000,2909218533986,2909218584200
23,23,"Agent 1",1,22407,22407,1280,5,"c_f32(float*, long long*, int)",32,0,0,24,0,128,"SQ_WAVES",40.000000,2909218533986,2909218584200
24,24,"Agent 1",1,22407,22407,1280,5,"c_f32(float*, long long*, int)",32,0,0,24,0,128,"SQ_INSTS_SALU",20920.000000,2909218608085,2909218658219
24,24,"Agent 1",1,22407,22407,1280,5,"c_f32(float*, long long*, int)",32,0,0,24,0,128,"SQ_INSTS_VALU",1311640.000000,2909218608085,2909218658219
24,24,"Agent 1",1,22407,22407,1280,5,"c_f32(float*, long long*, int)",32,0,0,24,0,128,"SQ_WAVES",40.000000,2909218608085,2909218658219
25,25,"Agent 1",1,22407,22407,512,11,"__amd_rocclr_copyBuffer",512,0,0,16,0,128,"SQ_INSTS_SALU",148.000000,2909218708273,2909218710958
25,25,"Agent 1",1,22407,22407,512,11,"__amd_rocclr_copyBuffer",512,0,0,16,0,128,"SQ_INSTS_VALU",142.000000,2909218708273,2909218710958
25,25,"Agent 1",1,22407,22407,512,11,"__amd_rocclr_copyBuffer",512,0,0,16,0,128,"SQ_WAVES",16.000000,2909218708273,2909218710958
26,26,"Agent 1",1,22407,22407,1280,4,"c_f16(float*, long long*, int)",32,0,0,24,0,128,"SQ_INSTS_SALU",20880.000000,2909218780568,2909218831984
26,26,"Agent 1",1,22407,22407,1280,4,"c_f16(float*, long long*, int)",32,0,0,24,0,128,"SQ_INSTS_VALU",1311720.000000,2909218780568,2909218831984
26,26,"Agent 1",1,22407,22407,1280,4,"c_f16(float*, long long*, int)",32,0,0,24,0,128,"SQ_WAVES",40.000000,2909218780568,2909218831984
27,27,"Agent 1",1,22407,22407,1280,4,"c_f16(float*, long long*, int)",32,0,0,24,0,128,"SQ_INSTS_SALU",20880.000000,2909218875947,2909218928806
27,27,"Agent 1",1,22407,22407,1280,4,"c_f16(float*, long long*, int)",32,0,0,24,0,128,"SQ_INSTS_VALU",1311720.000000,2909218875947,2909218928806
27,27,"Agent 1",1,22407,22407,1280,4,"c_f16(float*, long long*, int)",32,0,0,24,0,128,"SQ_WAVES",40.000000,2909218875947,2909218928806
28,28,"Agent 1",1,22407,22407,1280,4,"c_f16(float*, long long*, int)",32,0,0,24,0,128,"SQ_INSTS_SALU",20880.000000,2909218976896,2909219030156
28,28,"Agent 1",1,22407,22407,1280,4,"c_f16(float*, long long*, int)",32,0,0,24,0,128,"SQ_INSTS_VALU",1311720.000000,2909218976896,2909219030156
28,28,"Agent 1",1,22407,22407,1280,4,"c_f16(float*, long long*, int)",32,0,0,24,0,128,"SQ_WAVES",40.000000,2909218976896,2909219030156
29,29,"Agent 1",1,22407,22407,1280,4,"c_f16(float*, long long*, int)",32,0,0,24,0,128,"SQ_INSTS_SALU",20880.000000,2909219139641,2909219170859
29,29,"Agent 1",1,22407,22407,1280,4,"c_f16(float*, long long*, int)",32,0,0,24,0,128,"SQ_INSTS_VALU",1311720.000000,2909219139641,2909219170859
29,29,"Agent 1",1,22407,22407,1280,4,"c_f16(float*, long long*, int)",32,0,0,24,0,128,"SQ_WAVES",40.000000,2909219139641,2909219170859
30,30,"Agent 1",1,22407,22407,1280,4,"c_f16(float*, long long*, int)",32,0,0,24,0,128,"SQ_INSTS_SALU",21758.000000,2909219258223,2909219342060
30,30,"Agent 1",1,22407,22407,1280,4,"c_f16(float*, long long*, int)",32,0,0,24,0,128,"SQ_INSTS_VALU",1311800.000000,2909219258223,2909219342060
30,30,"Agent 1",1,22407,22407,1280,4,"c_f16(float*, long long*, int)",32,0,0,24,0,128,"SQ_WAVES",42.000000,2909219258223,2909219342060
31,31,"Agent 1",1,22407,22407,1280,4,"c_f16(float*, long long*, int)",32,0,0,24,0,128,"SQ_INSTS_SALU",22197.000000,2909219371916,2909219454831
31,31,"Agent 1",1,22407,22407,1280,4,"c_f16(float*, long long*, int)",32,0,0,24,0,128,"SQ_INSTS_VALU",1311840.000000,2909219371916,2909219454831
31,31,"Agent 1",1,22407,22407,1280,4,"c_f16(float*, long long*, int)",32,0,0,24,0,128,"SQ_WAVES",43.000000,2909219371916,2909219454831
32,32,"Agent 1",1,22407,22407,1280,4,"c_f16(float*, long long*, int)",32,0,0,24,0,128,"SQ_INSTS_SALU",20880.000000,2909219500837,2909219533057
32,32,"Agent 1",1,22407,22407,1280,4,"c_f16(float*, long long*, int)",32,0,0,24,0,128,"SQ_INSTS_VALU",1311720.000000,2909219500837,2909219533057
32,32,"Agent 1",1,22407,22407,1280,4,"c_f16(float*, long long*, int)",32,0,0,24,0,128,"SQ_WAVES",40.000000,2909219500837,2909219533057
33,33,"Agent 1",1,22407,22407,1280,4,"c_f16(float*, long long*, int)",32,0,0,24,0,128,"SQ_INSTS_SALU",20880.000000,2909219666066,2909219718124
33,33,"Agent 1",1,22407,22407,1280,4,"c_f16(float*, long long*, int)",32,0,0,24,0,128,"SQ_INSTS_VALU",1311720.000000,2909219666066,2909219718124
33,33,"Agent 1",1,22407,22407,1280,4,"c_f16(float*, long long*, int)",32,0,0,24,0,128,"SQ_WAVES",40.000000,2909219666066,2909219718124
34,34,"Agent 1",1,22407,22407,1280,4,"c_f16(float*, long long*, int)",32,0,0,24,0,128,"SQ_INSTS_SALU",20880.000000,2909219744774,2909219795308
34,34,"Agent 1",1,22407,22407,1280,4,"c_f16(float*, long long*, int)",32,0,0,24,0,128,"SQ_INSTS_VALU",1311720.000000,2909219744774,2909219795308
34,34,"Agent 1",1,22407,22407,1280,4,"c_f16(float*, long long*, int)",32,0,0,24,0,128,"SQ_WAVES",40.000000,2909219744774,2909219795308
35,35,"Agent 1",1,22407,22407,1280,4,"c_f16(float*, long long*, int)",32,0,0,24,0,128,"SQ_INSTS_SALU",20880.000000,2909219822159,2909219872453
35,35,"Agent 1",1,22407,22407,1280,4,"c_f16(float*, long long*, int)",32,0,0,24,0,128,"SQ_INSTS_VALU",1311720.000000,2909219822159,2909219872453
35,35,"Agent 1",1,22407,22407,1280,4,"c_f16(float*, long long*, int)",32,0,0,24,0,128,"SQ_WAVES",40.000000,2909219822159,2909219872453
36,36,"Agent 1",1,22407,22407,1280,4,"c_f16(float*, long long*, int)",32,0,0,24,0,128,"SQ_INSTS_SALU",20880.000000,2909219897660,2909219948115
36,36,"Agent 1",1,22407,22407,1280,4,"c_f16(float*, long long*, int)",32,0,0,24,0,128,"SQ_INSTS_VALU",1311720.000000,2909219897660,2909219948115
36,36,"Agent 1",1,22407,22407,1280,4,"c_f16(float*, long long*, int)",32,0,0,24,0,128,"SQ_WAVES",40.000000,2909219897660,2909219948115
37,37,"Agent 1",1,22407,22407,1280,4,"c_f16(float*, long long*, int)",32,0,0,24,0,128,"SQ_INSTS_SALU",20880.000000,2909219974364,2909220024618
37,37,"Agent 1",1,22407,22407,1280,4,"c_f16(float*, long long*, int)",32,0,0,24,0,128,"SQ_INSTS_VALU",1311720.000000,2909219974364,2909220024618
37,37,"Agent 1",1,22407,22407,1280,4,"c_f16(float*, long long*, int)",32,0,0,24,0,128,"SQ_WAVES",40.000000,2909219974364,2909220024618
38,38,"Agent 1",1,22407,22407,1280,4,"c_f16(float*, long long*, int)",32,0,0,24,0,128,"SQ_INSTS_SALU",20880.000000,2909220052751,2909220103325
38,38,"Agent 1",1,22407,22407,1280,4,"c_f16(float*, long long*, int)",32,0,0,24,0,128,"SQ_INSTS_VALU",1311720.000000,2909220052751,2909220103325
38,38,"Agent 1",1,22407,22407,1280,4,"c_f16(float*, long long*, int)",32,0,0,24,0,128,"SQ_WAVES",40.000000,2909220052751,2909220103325
39,39,"Agent 1",1,22407,22407,1280,4,"c_f16(float*, long long*, int)",32,0,0,24,0,128,"SQ_INSTS_SALU",20880.000000,2909220127250,2909220177584
39,39,"Agent 1",1,22407,22407,1280,4,"c_f16(float*, long long*, int)",32,0,0,24,0,128,"SQ_INSTS_VALU",1311720.000000,2909220127250,2909220177584
39,39,"Agent 1",1,22407,22407,1280,4,"c_f16(float*, long long*, int)",32,0,0,24,0,128,"SQ_WAVES",40.000000,2909220127250,2909220177584
40,40,"Agent 1",1,22407,22407,1280,4,"c_f16(float*, long long*, int)",32,0,0,24,0,128,"SQ_INSTS_SALU",20880.000000,2909220201790,2909220252004
40,40,"Agent 1",1,22407,22407,1280,4,"c_f16(float*, long long*, int)",32,0,0,24,0,128,"SQ_INSTS_VALU",1311720.000000,2909220201790,2909220252004
40,40,"Agent 1",1,22407,22407,1280,4,"c_f16(float*, long long*, int)",32,0,0,24,0,128,"SQ_WAVES",40.000000,2909220201790,2909220252004
41,41,"Agent 1",1,22407,22407,1280,4,"c_f16(float*, long long*, int)",32,0,0,24,0,128,"SQ_INSTS_SALU",20880.000000,2909220277972,2909220328186
41,41,"Agent 1",1,22407,22407,1280,4,"c_f16(float*, long long*, int)",32,0,0,24,0,128,"SQ_INSTS_VALU",1311720.000000,2909220277972,2909220328186
41,41,"Agent 1",1,22407,22407,1280,4,"c_f16(float*, long long*, int)",32,0,0,24,0,128,"SQ_WAVES",40.000000,2909220277972,2909220328186
42,42,"Agent 1",1,22407,22407,1280,4,"c_f16(float*, long long*, int)",32,0,0,24,0,128,"SQ_INSTS_SALU",20880.000000,2909220353634,2909220404048
42,42,"Agent 1",1,22407,22407,1280,4,"c_f16(float*, long long*, int)",32,0,0,24,0,128,"SQ_INSTS_VALU",1311720.000000,2909220353634,2909220404048
42,42,"Agent 1",1,22407,22407,1280,4,"c_f16(float*, long long*, int)",32,0,0,24,0,128,"SQ_WAVES",40.000000,2909220353634,2909220404048
43,43,"Agent 1",1,22407,22407,1280,4,"c_f16(float*, long long*, int)",32,0,0,24,0,128,"SQ_INSTS_SALU",20880.000000,2909220428775,2909220479029
43,43,"Agent 1",1,22407,22407,1280,4,"c_f16(float*, long long*, int)",32,0,0,24,0,128,"SQ_INSTS_VALU",1311720.000000,2909220428775,2909220479029
43,43,"Agent 1",1,22407,22407,1280,4,"c_f16(float*, long long*, int)",32,0,0,24,0,128,"SQ_WAVES",40.000000,2909220428775,2909220479029
44,44,"Agent 1",1,22407,22407,1280,4,"c_f16(float*, long long*, int)",32,0,0,24,0,128,"SQ_INSTS_SALU",20880.000000,2909220504597,2909220533331
44,44,"Agent 1",1,22407,22407,1280,4,"c_f16(float*, long long*, int)",32,0,0,24,0,128,"SQ_INSTS_VALU",1311720.000000,2909220504597,2909220533331
44,44,"Agent 1",1,22407,22407,1280,4,"c_f16(float*, long long*, int)",32,0,0,24,0,128,"SQ_WAVES",40.000000,2909220504597,2909220533331
45,45,"Agent 1",1,22407,22407,1280,4,"c_f16(float*, long long*, int)",32,0,0,24,0,128,"SQ_INSTS_SALU",20880.000000,2909220558979,2909220609193
45,45,"Agent 1",1,22407,22407,1280,4,"c_f16(float*, long long*, int)",32,0,0,24,0,128,"SQ_INSTS_VALU",1311720.000000,2909220558979,2909220609193
45,45,"Agent 1",1,22407,22407,1280,4,"c_f16(float*, long long*, int)",32,0,0,24,0,128,"SQ_WAVES",40.000000,2909220558979,2909220609193
46,46,"Agent 1",1,22407,22407,1280,4,"c_f16(float*, long long*, int)",32,0,0,24,0,128,"SQ_INSTS_SALU",20880.000000,2909220657243,2909220707577
46,46,"Agent 1",1,22407,22407,1280,4,"c_f16(float*, long long*, int)",32,0,0,24,0,128,"SQ_INSTS_VALU",1311720.000000,2909220657243,2909220707577
46,46,"Agent 1",1,22407,22407,1280,4,"c_f16(float*, long long*, int)",32,0,0,24,0,128,"SQ_WAVES",40.000000,2909220657243,2909220707577
47,47,"Agent 1",1,22407,22407,1280,4,"c_f16(float*, long long*, int)",32,0,0,24,0,128,"SQ_INSTS_SALU",20880.000000,2909220733385,2909220783760
47,47,"Agent 1",1,22407,22407,1280,4,"c_f16(float*, long long*, int)",32,0,0,24,0,128,"SQ_INSTS_VALU",1311720.000000,2909220733385,2909220783760
47,47,"Agent 1",1,22407,22407,1280,4,"c_f16(float*, long long*, int)",32,0,0,24,0,128,"SQ_WAVES",40.000000,2909220733385,2909220783760
48,48,"Agent 1",1,22407,22407,1280,4,"c_f16(float*, long long*, int)",32,0,0,24,0,128,"SQ_INSTS_SALU",20880.000000,2909220809808,2909220860463
48,48,"Agent 1",1,22407,22407,1280,4,"c_f16(float*, long long*, int)",32,0,0,24,0,128,"SQ_INSTS_VALU",1311720.000000,2909220809808,2909220860463
48,48,"Agent 1",1,22407,22407,1280,4,"c_f16(float*, long long*, int)",32,0,0,24,0,128,"SQ_WAVES",40.000000,2909220809808,2909220860463
49,49,"Agent 1",1,22407,22407,1280,4,"c_f16(float*, long long*, int)",32,0,0,24,0,128,"SQ_INSTS_SALU",20880.000000,2909220884628,2909220934842
49,49,"Agent 1",1,22407,22407,1280,4,"c_f16(float*, long long*, int)",32,0,0,24,0,128,"SQ_INSTS_VALU",1311720.000000,2909220884628,2909220934842
49,49,"Agent 1",1,22407,22407,1280,4,"c_f16(float*, long long*, int)",32,0,0,24,0,128,"SQ_WAVES",40.000000,2909220884628,2909220934842
50,50,"Agent 1",1,22407,22407,512,11,"__amd_rocclr_copyBuffer",512,0,0,16,0,128,"SQ_INSTS_SALU",148.000000,2909220972593,2909220975358
50,50,"Agent 1",1,22407,22407,512,11,"__amd_rocclr_copyBuffer",512,0,0,16,0,128,"SQ_INSTS_VALU",142.000000,2909220972593,2909220975358
50,50,"Agent 1",1,22407,22407,512,11,"__amd_rocclr_copyBuffer",512,0,0,16,0,128,"SQ_WAVES",16.000000,2909220972593,2909220975358
51,51,"Agent 1",1,22407,22407,1280,3,"c_f16x2(float*, long long*, int)",32,0,0,24,0,128,"SQ_INSTS_SALU",20880.000000,2909221028498,2909221079954
51,51,"Agent 1",1,22407,22407,1280,3,"c_f16x2(float*, long long*, int)",32,0,0,24,0,128,"SQ_INSTS_VALU",1311720.000000,2909221028498,2909221079954
51,51,"Agent 1",1,22407,22407,1280,3,"c_f16x2(float*, long long*, int)",32,0,0,24,0,128,"SQ_WAVES",40.000000,2909221028498,2909221079954
52,52,"Agent 1",1,22407,22407,1280,3,"c_f16x2(float*, long long*, int)",32,0,0,24,0,128,"SQ_INSTS_SALU",20880.000000,2909221106845,2909221158101
52,52,"Agent 1",1,22407,22407,1280,3,"c_f16x2(float*, long long*, int)",32,0,0,24,0,128,"SQ_INSTS_VALU",1311720.000000,2909221106845,2909221158101
52,52,"Agent 1",1,22407,22407,1280,3,"c_f16x2(float*, long long*, int)",32,0,0,24,0,128,"SQ_WAVES",40.000000,2909221106845,2909221158101
53,53,"Agent 1",1,22407,22407,1280,3,"c_f16x2(float*, long long*, int)",32,0,0,24,0,128,"SQ_INSTS_SALU",20880.000000,2909221220738,2909221274599
53,53,"Agent 1",1,22407,22407,1280,3,"c_f16x2(float*, long long*, int)",32,0,0,24,0,128,"SQ_INSTS_VALU",1311720.000000,2909221220738,2909221274599
53,53,"Agent 1",1,22407,22407,1280,3,"c_f16x2(float*, long long*, int)",32,0,0,24,0,128,"SQ_WAVES",40.000000,2909221220738,2909221274599
54,54,"Agent 1",1,22407,22407,1280,3,"c_f16x2(float*, long long*, int)",32,0,0,24,0,128,"SQ_INSTS_SALU",20880.000000,2909221374386,2909221426603
54,54,"Agent 1",1,22407,22407,1280,3,"c_f16x2(float*, long long*, int)",32,0,0,24,0,128,"SQ_INSTS_VALU",1311720.000000,2909221374386,2909221426603
54,54,"Agent 1",1,22407,22407,1280,3,"c_f16x2(float*, long long*, int)",32,0,0,24,0,128,"SQ_WAVES",40.000000,2909221374386,2909221426603
55,55,"Agent 1",1,22407,22407,1280,3,"c_f16x2(float*, long long*, int)",32,0,0,24,0,128,"SQ_INSTS_SALU",20880.000000,2909221453574,2909221504109
55,55,"Agent 1",1,22407,22407,1280,3,"c_f16x2(float*, long long*, int)",32,0,0,24,0,128,"SQ_INSTS_VALU",1311720.000000,2909221453574,2909221504109
55,55,"Agent 1",1,22407,22407,1280,3,"c_f16x2(float*, long long*, int)",32,0,0,24,0,128,"SQ_WAVES",40.000000,2909221453574,2909221504109
56,56,"Agent 1",1,22407,22407,1280,3,"c_f16x2(float*, long long*, int)",32,0,0,24,0,128,"SQ_INSTS_SALU",20880.000000,2909221531840,2909221582055
56,56,"Agent 1",1,22407,22407,1280,3,"c_f16x2(float*, long long*, int)",32,0,0,24,0,128,"SQ_INSTS_VALU",1311720.000000,2909221531840,2909221582055
56,56,"Agent 1",1,22407,22407,1280,3,"c_f16x2(float*, long long*, int)",32,0,0,24,0,128,"SQ_WAVES",40.000000,2909221531840,2909221582055
57,57,"Agent 1",1,22407,22407,1280,3,"c_f16x2(float*, long long*, int)",32,0,0,24,0,128,"SQ_INSTS_SALU",20880.000000,2909221608704,2909221659039
57,57,"Agent 1",1,22407,22407,1280,3,"c_f16x2(float*, long long*, int)",32,0,0,24,0,128,"SQ_INSTS_VALU",1311720.000000,2909221608704,2909221659039
57,57,"Agent 1",1,22407,22407,1280,3,"c_f16x2(float*, long long*, int)",32,0,0,24,0,128,"SQ_WAVES",40.000000,2909221608704,2909221659039
58,58,"Agent 1",1,22407,22407,1280,3,"c_f16x2(float*, long long*, int)",32,0,0,24,0,128,"SQ_INSTS_SALU",20880.000000,2909221685007,2909221735261
58,58,"Agent 1",1,22407,22407,1280,3,"c_f16x2(float*, long long*, int)",32,0,0,24,0,128,"SQ_INSTS_VALU",1311720.000000,2909221685007,2909221735261
58,58,"Agent 1",1,22407,22407,1280,3,"c_f16x2(float*, long long*, int)",32,0,0,24,0,128,"SQ_WAVES",40.000000,2909221685007,2909221735261
59,59,"Agent 1",1,22407,22407,1280,3,"c_f16x2(float*, long long*, int)",32,0,0,24,0,128,"SQ_INSTS_SALU",20880.000000,2909221760308,2909221810683
59,59,"Agent 1",1,22407,22407,1280,3,"c_f16x2(float*, long long*, int)",32,0,0,24,0,128,"SQ_INSTS_VALU",1311720.000000,2909221760308,2909221810683
59,59,"Agent 1",1,22407,22407,1280,3,"c_f16x2(float*, long long*, int)",32,0,0,24,0,128,"SQ_WAVES",40.000000,2909221760308,2909221810683
60,60,"Agent 1",1,22407,22407,1280,3,"c_f16x2(float*, long long*, int)",32,0,0,24,0,128,"SQ_INSTS_SALU",20880.000000,2909221836731,2909221886986
60,60,"Agent 1",1,22407,22407,1280,3,"c_f16x2(float*, long long*, int)",32,0,0,24,0,128,"SQ_INSTS_VALU",1311720.000000,2909221836731,2909221886986
60,60,"Agent 1",1,22407,22407,1280,3,"c_f16x2(float*, long long*, int)",32,0,0,24,0,128,"SQ_WAVES",40.000000,2909221836731,2909221886986
61,61,"Agent 1",1,22407,22407,1280,3,"c_f16x2(float*, long long*, int)",32,0,0,24,0,128,"SQ_INSTS_SALU",20880.000000,2909221913074,2909221963489
61,61,"Agent 1",1,22407,22407,1280,3,"c_f16x2(float*, long long*, int)",32,0,0,24,0,128,"SQ_INSTS_VALU",1311720.000000,2909221913074,2909221963489
61,61,"Agent 1",1,22407,22407,1280,3,"c_f16x2(float*, long long*, int)",32,0,0,24,0,128,"SQ_WAVES",40.000000,2909221913074,2909221963489
62,62,"Agent 1",1,22407,22407,1280,3,"c_f16x2(float*, long long*, int)",32,0,0,24,0,128,"SQ_INSTS_SALU",20880.000000,2909221989377,2909222039631
62,62,"Agent 1",1,22407,22407,1280,3,"c_f16x2(float*, long long*, int)",32,0,0,24,0,128,"SQ_INSTS_VALU",1311720.000000,2909221989377,2909222039631
62,62,"Agent 1",1,22407,22407,1280,3,"c_f16x2(float*, long long*, int)",32,0,0,24,0,128,"SQ_WAVES",40.000000,2909221989377,2909222039631
63,63,"Agent 1",1,22407,22407,1280,3,"c_f16x2(float*, long long*, int)",32,0,0,24,0,128,"SQ_INSTS_SALU",20880.000000,2909222066121,2909222116576
63,63,"Agent 1",1,22407,22407,1280,3,"c_f16x2(float*, long long*, int)",32,0,0,24,0,128,"SQ_INSTS_VALU",1311720.000000,2909222066121,2909222116576
63,63,"Agent 1",1,22407,22407,1280,3,"c_f16x2(float*, long long*, int)",32,0,0,24,0,128,"SQ_WAVES",40.000000,2909222066121,2909222116576
64,64,"Agent 1",1,22407,22407,1280,3,"c_f16x2(float*, long long*, int)",32,0,0,24,0,128,"SQ_INSTS_SALU",20880.000000,2909222141302,2909222191556
64,64,"Agent 1",1,22407,22407,1280,3,"c_f16x2(float*, long long*, int)",32,0,0,24,0,128,"SQ_INSTS_VALU",1311720.000000,2909222141302,2909222191556
64,64,"Agent 1",1,22407,22407,1280,3,"c_f16x2(float*, long long*, int)",32,0,0,24,0,128,"SQ_WAVES",40.000000,2909222141302,2909222191556
65,65,"Agent 1",1,22407,22407,1280,3,"c_f16x2(float*, long long*, int)",32,0,0,24,0,128,"SQ_INSTS_SALU",20880.000000,2909222215801,2909222265975
65,65,"Agent 1",1,22407,22407,1280,3,"c_f16x2(float*, long long*, int)",32,0,0,24,0,128,"SQ_INSTS_VALU",1311720.000000,2909222215801,2909222265975
65,65,"Agent 1",1,22407,22407,1280,3,"c_f16x2(float*, long long*, int)",32,0,0,24,0,128,"SQ_WAVES",40.000000,2909222215801,2909222265975
66,66,"Agent 1",1,22407,22407,1280,3,"c_f16x2(float*, long long*, int)",32,0,0,24,0,128,"SQ_INSTS_SALU",20880.000000,2909222290822,2909222341076
66,66,"Agent 1",1,22407,22407,1280,3,"c_f16x2(float*, long long*, int)",32,0,0,24,0,128,"SQ_INSTS_VALU",1311720.000000,2909222290822,2909222341076
66,66,"Agent 1",1,22407,22407,1280,3,"c_f16x2(float*, long long*, int)",32,0,0,24,0,128,"SQ_WAVES",40.000000,2909222290822,2909222341076
67,67,"Agent 1",1,22407,22407,1280,3,"c_f16x2(float*, long long*, int)",32,0,0,24,0,128,"SQ_INSTS_SALU",20880.000000,2909222366564,2909222416978
67,67,"Agent 1",1,22407,22407,1280,3,"c_f16x2(float*, long long*, int)",32,0,0,24,0,128,"SQ_INSTS_VALU",1311720.000000,2909222366564,2909222416978
67,67,"Agent 1",1,22407,22407,1280,3,"c_f16x2(float*, long long*, int)",32,0,0,24,0,128,"SQ_WAVES",40.000000,2909222366564,2909222416978
68,68,"Agent 1",1,22407,22407,1280,3,"c_f16x2(float*, long long*, int)",32,0,0,24,0,128,"SQ_INSTS_SALU",20880.000000,2909222441744,2909222492039
68,68,"Agent 1",1,22407,22407,1280,3,"c_f16x2(float*, long long*, int)",32,0,0,24,0,128,"SQ_INSTS_VALU",1311720.000000,2909222441744,2909222492039
68,68,"Agent 1",1,22407,22407,1280,3,"c_f16x2(float*, long long*, int)",32,0,0,24,0,128,"SQ_WAVES",40.000000,2909222441744,2909222492039
69,69,"Agent 1",1,22407,22407,1280,3,"c_f16x2(float*, long long*, int)",32,0,0,24,0,128,"SQ_INSTS_SALU",20880.000000,2909222517486,2909222567780
69,69,"Agent 1",1,22407,22407,1280,3,"c_f16x2(float*, long long*, int)",32,0,0,24,0,128,"SQ_INSTS_VALU",1311720.000000,2909222517486,2909222567780
69,69,"Agent 1",1,22407,22407,1280,3,"c_f16x2(float*, long long*, int)",32,0,0,24,0,128,"SQ_WAVES",40.000000,2909222517486,2909222567780
70,70,"Agent 1",1,22407,22407,1280,3,"c_f16x2(float*, long long*, int)",32,0,0,24,0,128,"SQ_INSTS_SALU",20880.000000,2909222591866,2909222642160
70,70,"Agent 1",1,22407,22407,1280,3,"c_f16x2(float*, long long*, int)",32,0,0,24,0,128,"SQ_INSTS_VALU",1311720.000000,2909222591866,2909222642160
70,70,"Agent 1",1,22407,22407,1280,3,"c_f16x2(float*, long long*, int)",32,0,0,24,0,128,"SQ_WAVES",40.000000,2909222591866,2909222642160
71,71,"Agent 1",1,22407,22407,1280,3,"c_f16x2(float*, long long*, int)",32,0,0,24,0,128,"SQ_INSTS_SALU",20880.000000,2909222686282,2909222736617
71,71,"Agent 1",1,22407,22407,1280,3,"c_f16x2(float*, long long*, int)",32,0,0,24,0,128,"SQ_INSTS_VALU",1311720.000000,2909222686282,2909222736617
71,71,"Agent 1",1,22407,22407,1280,3,"c_f16x2(float*, long long*, int)",32,0,0,24,0,128,"SQ_WAVES",40.000000,2909222686282,2909222736617
72,72,"Agent 1",1,22407,22407,1280,3,"c_f16x2(float*, long long*, int)",32,0,0,24,0,128,"SQ_INSTS_SALU",20880.000000,2909222761744,2909222812198
72,72,"Agent 1",1,22407,22407,1280,3,"c_f16x2(float*, long long*, int)",32,0,0,24,0,128,"SQ_INSTS_VALU",1311720.000000,2909222761744,2909222812198
72,72,"Agent 1",1,22407,22407,1280,3,"c_f16x2(float*, long long*, int)",32,0,0,24,0,128,"SQ_WAVES",40.000000,2909222761744,2909222812198
73,73,"Agent 1",1,22407,22407,1280,3,"c_f16x2(float*, long long*, int)",32,0,0,24,0,128,"SQ_INSTS_SALU",20880.000000,2909222837285,2909222887820
73,73,"Agent 1",1,22407,22407,1280,3,"c_f16x2(float*, long long*, int)",32,0,0,24,0,128,"SQ_INSTS_VALU",1311720.000000,2909222837285,2909222887820
73,73,"Agent 1",1,22407,22407,1280,3,"c_f16x2(float*, long long*, int)",32,0,0,24,0,128,"SQ_WAVES",40.000000,2909222837285,2909222887820
74,74,"Agent 1",1,22407,22407,1280,3,"c_f16x2(float*, long long*, int)",32,0,0,24,0,128,"SQ_INSTS_SALU",20880.000000,2909222911945,2909222962319
74,74,"Agent 1",1,22407,22407,1280,3,"c_f16x2(float*, long long*, int)",32,0,0,24,0,128,"SQ_INSTS_VALU",1311720.000000,2909222911945,2909222962319
74,74,"Agent 1",1,22407,22407,1280,3,"c_f16x2(float*, long long*, int)",32,0,0,24,0,128,"SQ_WAVES",40.000000,2909222911945,2909222962319
75,75,"Agent 1",1,22407,22407,512,11,"__amd_rocclr_copyBuffer",512,0,0,16,0,128,"SQ_INSTS_SALU",148.000000,2909223000270,2909223002915
75,75,"Agent 1",1,22407,22407,512,11,"__amd_rocclr_copyBuffer",512,0,0,16,0,128,"SQ_INSTS_VALU",142.000000,2909223000270,2909223002915
75,75,"Agent 1",1,22407,22407,512,11,"__amd_rocclr_copyBuffer",512,0,0,16,0,128,"SQ_WAVES",16.000000,2909223000270,2909223002915
76,76,"Agent 1",1,22407,22407,1280,1,"c_dp4a(float*, long long*, int)",32,0,0,8,0,128,"SQ_INSTS_SALU",15928540.000000,2909223050044,2909223712725
76,76,"Agent 1",1,22407,22407,1280,1,"c_dp4a(float*, long long*, int)",32,0,0,8,0,128,"SQ_INSTS_VALU",872.000000,2909223050044,2909223712725
76,76,"Agent 1",1,22407,22407,1280,1,"c_dp4a(float*, long long*, int)",32,0,0,8,0,128,"SQ_WAVES",124.000000,2909223050044,2909223712725
77,77,"Agent 1",1,22407,22407,1280,1,"c_dp4a(float*, long long*, int)",32,0,0,8,0,128,"SQ_INSTS_SALU",15893680.000000,2909223839201,2909224165813
77,77,"Agent 1",1,22407,22407,1280,1,"c_dp4a(float*, long long*, int)",32,0,0,8,0,128,"SQ_INSTS_VALU",200.000000,2909223839201,2909224165813
77,77,"Agent 1",1,22407,22407,1280,1,"c_dp4a(float*, long long*, int)",32,0,0,8,0,128,"SQ_WAVES",40.000000,2909223839201,2909224165813
78,78,"Agent 1",1,22407,22407,1280,1,"c_dp4a(float*, long long*, int)",32,0,0,8,0,128,"SQ_INSTS_SALU",15893680.000000,2909224192623,2909224517111
78,78,"Agent 1",1,22407,22407,1280,1,"c_dp4a(float*, long long*, int)",32,0,0,8,0,128,"SQ_INSTS_VALU",200.000000,2909224192623,2909224517111
78,78,"Agent 1",1,22407,22407,1280,1,"c_dp4a(float*, long long*, int)",32,0,0,8,0,128,"SQ_WAVES",40.000000,2909224192623,2909224517111
79,79,"Agent 1",1,22407,22407,1280,1,"c_dp4a(float*, long long*, int)",32,0,0,8,0,128,"SQ_INSTS_SALU",15893680.000000,2909224544362,2909225146610
79,79,"Agent 1",1,22407,22407,1280,1,"c_dp4a(float*, long long*, int)",32,0,0,8,0,128,"SQ_INSTS_VALU",200.000000,2909224544362,2909225146610
79,79,"Agent 1",1,22407,22407,1280,1,"c_dp4a(float*, long long*, int)",32,0,0,8,0,128,"SQ_WAVES",40.000000,2909224544362,2909225146610
80,80,"Agent 1",1,22407,22407,1280,1,"c_dp4a(float*, long long*, int)",32,0,0,8,0,128,"SQ_INSTS_SALU",15893680.000000,2909225174863,2909225777391
80,80,"Agent 1",1,22407,22407,1280,1,"c_dp4a(float*, long long*, int)",32,0,0,8,0,128,"SQ_INSTS_VALU",200.000000,2909225174863,2909225777391
80,80,"Agent 1",1,22407,22407,1280,1,"c_dp4a(float*, long long*, int)",32,0,0,8,0,128,"SQ_WAVES",40.000000,2909225174863,2909225777391
81,81,"Agent 1",1,22407,22407,1280,1,"c_dp4a(float*, long long*, int)",32,0,0,8,0,128,"SQ_INSTS_SALU",15893680.000000,2909225802759,2909226405087
81,81,"Agent 1",1,22407,22407,1280,1,"c_dp4a(float*, long long*, int)",32,0,0,8,0,128,"SQ_INSTS_VALU",200.000000,2909225802759,2909226405087
81,81,"Agent 1",1,22407,22407,1280,1,"c_dp4a(float*, long long*, int)",32,0,0,8,0,128,"SQ_WAVES",40.000000,2909225802759,2909226405087
82,82,"Agent 1",1,22407,22407,1280,1,"c_dp4a(float*, long long*, int)",32,0,0,8,0,128,"SQ_INSTS_SALU",15893680.000000,2909226430534,2909227032902
82,82,"Agent 1",1,22407,22407,1280,1,"c_dp4a(float*, long long*, int)",32,0,0,8,0,128,"SQ_INSTS_VALU",200.000000,2909226430534,2909227032902
82,82,"Agent 1",1,22407,22407,1280,1,"c_dp4a(float*, long long*, int)",32,0,0,8,0,128,"SQ_WAVES",40.000000,2909226430534,2909227032902
83,83,"Agent 1",1,22407,22407,1280,1,"c_dp4a(float*, long long*, int)",32,0,0,8,0,128,"SQ_INSTS_SALU",15893680.000000,2909227058390,2909227382878
83,83,"Agent 1",1,22407,22407,1280,1,"c_dp4a(float*, long long*, int)",32,0,0,8,0,128,"SQ_INSTS_VALU",200.000000,2909227058390,2909227382878
83,83,"Agent 1",1,22407,22407,1280,1,"c_dp4a(float*, long long*, int)",32,0,0,8,0,128,"SQ_WAVES",40.000000,2909227058390,2909227382878
84,84,"Agent 1",1,22407,22407,1280,1,"c_dp4a(float*, long long*, int)",32,0,0,8,0,128,"SQ_INSTS_SALU",15893680.000000,2909227407564,2909228010253
84,84,"Agent 1",1,22407,22407,1280,1,"c_dp4a(float*, long long*, int)",32,0,0,8,0,128,"SQ_INSTS_VALU",200.000000,2909227407564,2909228010253
84,84,"Agent 1",1,22407,22407,1280,1,"c_dp4a(float*, long long*, int)",32,0,0,8,0,128,"SQ_WAVES",40.000000,2909227407564,2909228010253
85,85,"Agent 1",1,22407,22407,1280,1,"c_dp4a(float*, long long*, int)",32,0,0,8,0,128,"SQ_INSTS_SALU",15893680.000000,2909228036542,2909228638790
85,85,"Agent 1",1,22407,22407,1280,1,"c_dp4a(float*, long long*, int)",32,0,0,8,0,128,"SQ_INSTS_VALU",200.000000,2909228036542,2909228638790
85,85,"Agent 1",1,22407,22407,1280,1,"c_dp4a(float*, long long*, int)",32,0,0,8,0,128,"SQ_WAVES",40.000000,2909228036542,2909228638790
86,86,"Agent 1",1,22407,22407,1280,1,"c_dp4a(float*, long long*, int)",32,0,0,8,0,128,"SQ_INSTS_SALU",15893680.000000,2909228664117,2909229266365
86,86,"Agent 1",1,22407,22407,1280,1,"c_dp4a(float*, long long*, int)",32,0,0,8,0,128,"SQ_INSTS_VALU",200.000000,2909228664117,2909229266365
86,86,"Agent 1",1,22407,22407,1280,1,"c_dp4a(float*, long long*, int)",32,0,0,8,0,128,"SQ_WAVES",40.000000,2909228664117,2909229266365
87,87,"Agent 1",1,22407,22407,1280,1,"c_dp4a(float*, long long*, int)",32,0,0,8,0,128,"SQ_INSTS_SALU",15893680.000000,2909229293175,2909229895704
87,87,"Agent 1",1,22407,22407,1280,1,"c_dp4a(float*, long long*, int)",32,0,0,8,0,128,"SQ_INSTS_VALU",200.000000,2909229293175,2909229895704
87,87,"Agent 1",1,22407,22407,1280,1,"c_dp4a(float*, long long*, int)",32,0,0,8,0,128,"SQ_WAVES",40.000000,2909229293175,2909229895704
88,88,"Agent 1",1,22407,22407,1280,1,"c_dp4a(float*, long long*, int)",32,0,0,8,0,128,"SQ_INSTS_SALU",15893680.000000,2909229921953,2909230524561
88,88,"Agent 1",1,22407,22407,1280,1,"c_dp4a(float*, long long*, int)",32,0,0,8,0,128,"SQ_INSTS_VALU",200.000000,2909229921953,2909230524561
88,88,"Agent 1",1,22407,22407,1280,1,"c_dp4a(float*, long long*, int)",32,0,0,8,0,128,"SQ_WAVES",40.000000,2909229921953,2909230524561
89,89,"Agent 1",1,22407,22407,1280,1,"c_dp4a(float*, long long*, int)",32,0,0,8,0,128,"SQ_INSTS_SALU",15893680.000000,2909230550289,2909231152617
89,89,"Agent 1",1,22407,22407,1280,1,"c_dp4a(float*, long long*, int)",32,0,0,8,0,128,"SQ_INSTS_VALU",200.000000,2909230550289,2909231152617
89,89,"Agent 1",1,22407,22407,1280,1,"c_dp4a(float*, long long*, int)",32,0,0,8,0,128,"SQ_WAVES",40.000000,2909230550289,2909231152617
90,90,"Agent 1",1,22407,22407,1280,1,"c_dp4a(float*, long long*, int)",32,0,0,8,0,128,"SQ_INSTS_SALU",15893680.000000,2909231176662,2909231503795
90,90,"Agent 1",1,22407,22407,1280,1,"c_dp4a(float*, long long*, int)",32,0,0,8,0,128,"SQ_INSTS_VALU",200.000000,2909231176662,2909231503795
90,90,"Agent 1",1,22407,22407,1280,1,"c_dp4a(float*, long long*, int)",32,0,0,8,0,128,"SQ_WAVES",40.000000,2909231176662,2909231503795
91,91,"Agent 1",1,22407,22407,1280,1,"c_dp4a(float*, long long*, int)",32,0,0,8,0,128,"SQ_INSTS_SALU",15893680.000000,2909231529643,2909231854091
91,91,"Agent 1",1,22407,22407,1280,1,"c_dp4a(float*, long long*, int)",32,0,0,8,0,128,"SQ_INSTS_VALU",200.000000,2909231529643,2909231854091
91,91,"Agent 1",1,22407,22407,1280,1,"c_dp4a(float*, long long*, int)",32,0,0,8,0,128,"SQ_WAVES",40.000000,2909231529643,2909231854091
92,92,"Agent 1",1,22407,22407,1280,1,"c_dp4a(float*, long long*, int)",32,0,0,8,0,128,"SQ_INSTS_SALU",15893680.000000,2909231879779,2909232482307
92,92,"Agent 1",1,22407,22407,1280,1,"c_dp4a(float*, long long*, int)",32,0,0,8,0,128,"SQ_INSTS_VALU",200.000000,2909231879779,2909232482307
92,92,"Agent 1",1,22407,22407,1280,1,"c_dp4a(float*, long long*, int)",32,0,0,8,0,128,"SQ_WAVES",40.000000,2909231879779,2909232482307
93,93,"Agent 1",1,22407,22407,1280,1,"c_dp4a(float*, long long*, int)",32,0,0,8,0,128,"SQ_INSTS_SALU",15893680.000000,2909232506914,2909233109161
93,93,"Agent 1",1,22407,22407,1280,1,"c_dp4a(float*, long long*, int)",32,0,0,8,0,128,"SQ_INSTS_VALU",200.000000,2909232506914,2909233109161
93,93,"Agent 1",1,22407,22407,1280,1,"c_dp4a(float*, long long*, int)",32,0,0,8,0,128,"SQ_WAVES",40.000000,2909232506914,2909233109161
94,94,"Agent 1",1,22407,22407,1280,1,"c_dp4a(float*, long long*, int)",32,0,0,8,0,128,"SQ_INSTS_SALU",15893680.000000,2909233134489,2909233736777
94,94,"Agent 1",1,22407,22407,1280,1,"c_dp4a(float*, long long*, int)",32,0,0,8,0,128,"SQ_INSTS_VALU",200.000000,2909233134489,2909233736777
94,94,"Agent 1",1,22407,22407,1280,1,"c_dp4a(float*, long long*, int)",32,0,0,8,0,128,"SQ_WAVES",40.000000,2909233134489,2909233736777
95,95,"Agent 1",1,22407,22407,1280,1,"c_dp4a(float*, long long*, int)",32,0,0,8,0,128,"SQ_INSTS_SALU",15893680.000000,2909233761263,2909234363510
95,95,"Agent 1",1,22407,22407,1280,1,"c_dp4a(float*, long long*, int)",32,0,0,8,0,128,"SQ_INSTS_VALU",200.000000,2909233761263,2909234363510
95,95,"Agent 1",1,22407,22407,1280,1,"c_dp4a(float*, long long*, int)",32,0,0,8,0,128,"SQ_WAVES",40.000000,2909233761263,2909234363510
96,96,"Agent 1",1,22407,22407,1280,1,"c_dp4a(float*, long long*, int)",32,0,0,8,0,128,"SQ_INSTS_SALU",15893680.000000,2909234411520,2909235013848
96,96,"Agent 1",1,22407,22407,1280,1,"c_dp4a(float*, long long*, int)",32,0,0,8,0,128,"SQ_INSTS_VALU",200.000000,2909234411520,2909235013848
96,96,"Agent 1",1,22407,22407,1280,1,"c_dp4a(float*, long long*, int)",32,0,0,8,0,128,"SQ_WAVES",40.000000,2909234411520,2909235013848
97,97,"Agent 1",1,22407,22407,1280,1,"c_dp4a(float*, long long*, int)",32,0,0,8,0,128,"SQ_INSTS_SALU",15893680.000000,2909235038775,2909235364625
97,97,"Agent 1",1,22407,22407,1280,1,"c_dp4a(float*, long long*, int)",32,0,0,8,0,128,"SQ_INSTS_VALU",200.000000,2909235038775,2909235364625
97,97,"Agent 1",1,22407,22407,1280,1,"c_dp4a(float*, long long*, int)",32,0,0,8,0,128,"SQ_WAVES",40.000000,2909235038775,2909235364625
98,98,"Agent 1",1,22407,22407,1280,1,"c_dp4a(float*, long long*, int)",32,0,0,8,0,128,"SQ_INSTS_SALU",15893680.000000,2909235389071,2909235991559
98,98,"Agent 1",1,22407,22407,1280,1,"c_dp4a(float*, long long*, int)",32,0,0,8,0,128,"SQ_INSTS_VALU",200.000000,2909235389071,2909235991559
98,98,"Agent 1",1,22407,22407,1280,1,"c_dp4a(float*, long long*, int)",32,0,0,8,0,128,"SQ_WAVES",40.000000,2909235389071,2909235991559
99,99,"Agent 1",1,22407,22407,1280,1,"c_dp4a(float*, long long*, int)",32,0,0,8,0,128,"SQ_INSTS_SALU",15893680.000000,2909236016887,2909236619215
99,99,"Agent 1",1,22407,22407,1280,1,"c_dp4a(float*, long long*, int)",32,0,0,8,0,128,"SQ_INSTS_VALU",200.000000,2909236016887,2909236619215
99,99,"Agent 1",1,22407,22407,1280,1,"c_dp4a(float*, long long*, int)",32,0,0,8,0,128,"SQ_WAVES",40.000000,2909236016887,2909236619215
100,100,"Agent 1",1,22407,22407,512,11,"__amd_rocclr_copyBuffer",512,0,0,16,0,128,"SQ_INSTS_SALU",148.000000,2909236657687,2909236660372
100,100,"Agent 1",1,22407,22407,512,11,"__amd_rocclr_copyBuffer",512,0,0,16,0,128,"SQ_INSTS_VALU",142.000000,2909236657687,2909236660372
100,100,"Agent 1",1,22407,22407,512,11,"__amd_rocclr_copyBuffer",512,0,0,16,0,128,"SQ_WAVES",16.000000,2909236657687,2909236660372
101,101,"Agent 1",1,22407,22407,5120,5,"c_f32(float*, long long*, int)",32,0,0,24,0,128,"SQ_INSTS_SALU",83680.000000,2909236708061,2909236781278
101,101,"Agent 1",1,22407,22407,5120,5,"c_f32(float*, long long*, int)",32,0,0,24,0,128,"SQ_INSTS_VALU",5246560.000000,2909236708061,2909236781278
101,101,"Agent 1",1,22407,22407,5120,5,"c_f32(float*, long long*, int)",32,0,0,24,0,128,"SQ_WAVES",160.000000,2909236708061,2909236781278
102,102,"Agent 1",1,22407,22407,5120,5,"c_f32(float*, long long*, int)",32,0,0,24,0,128,"SQ_INSTS_SALU",83680.000000,2909236807648,2909236879422
102,102,"Agent 1",1,22407,22407,5120,5,"c_f32(float*, long long*, int)",32,0,0,24,0,128,"SQ_INSTS_VALU",5246560.000000,2909236807648,2909236879422
102,102,"Agent 1",1,22407,22407,5120,5,"c_f32(float*, long long*, int)",32,0,0,24,0,128,"SQ_WAVES",160.000000,2909236807648,2909236879422
103,103,"Agent 1",1,22407,22407,5120,5,"c_f32(float*, long long*, int)",32,0,0,24,0,128,"SQ_INSTS_SALU",83680.000000,2909236906593,2909236978367
103,103,"Agent 1",1,22407,22407,5120,5,"c_f32(float*, long long*, int)",32,0,0,24,0,128,"SQ_INSTS_VALU",5246560.000000,2909236906593,2909236978367
103,103,"Agent 1",1,22407,22407,5120,5,"c_f32(float*, long long*, int)",32,0,0,24,0,128,"SQ_WAVES",160.000000,2909236906593,2909236978367
104,104,"Agent 1",1,22407,22407,5120,5,"c_f32(float*, long long*, int)",32,0,0,24,0,128,"SQ_INSTS_SALU",83680.000000,2909237005618,2909237077433
104,104,"Agent 1",1,22407,22407,5120,5,"c_f32(float*, long long*, int)",32,0,0,24,0,128,"SQ_INSTS_VALU",5246560.000000,2909237005618,2909237077433
104,104,"Agent 1",1,22407,22407,5120,5,"c_f32(float*, long long*, int)",32,0,0,24,0,128,"SQ_WAVES",160.000000,2909237005618,2909237077433
105,105,"Agent 1",1,22407,22407,5120,5,"c_f32(float*, long long*, int)",32,0,0,24,0,128,"SQ_INSTS_SALU",83680.000000,2909237105445,2909237177500
105,105,"Agent 1",1,22407,22407,5120,5,"c_f32(float*, long long*, int)",32,0,0,24,0,128,"SQ_INSTS_VALU",5246560.000000,2909237105445,2909237177500
105,105,"Agent 1",1,22407,22407,5120,5,"c_f32(float*, long long*, int)",32,0,0,24,0,128,"SQ_WAVES",160.000000,2909237105445,2909237177500
106,106,"Agent 1",1,22407,22407,5120,5,"c_f32(float*, long long*, int)",32,0,0,24,0,128,"SQ_INSTS_SALU",83680.000000,2909237204912,2909237276766
106,106,"Agent 1",1,22407,22407,5120,5,"c_f32(float*, long long*, int)",32,0,0,24,0,128,"SQ_INSTS_VALU",5246560.000000,2909237204912,2909237276766
106,106,"Agent 1",1,22407,22407,5120,5,"c_f32(float*, long long*, int)",32,0,0,24,0,128,"SQ_WAVES",160.000000,2909237204912,2909237276766
107,107,"Agent 1",1,22407,22407,5120,5,"c_f32(float*, long long*, int)",32,0,0,24,0,128,"SQ_INSTS_SALU",83680.000000,2909237302655,2909237374509
107,107,"Agent 1",1,22407,22407,5120,5,"c_f32(float*, long long*, int)",32,0,0,24,0,128,"SQ_INSTS_VALU",5246560.000000,2909237302655,2909237374509
107,107,"Agent 1",1,22407,22407,5120,5,"c_f32(float*, long long*, int)",32,0,0,24,0,128,"SQ_WAVES",160.000000,2909237302655,2909237374509
108,108,"Agent 1",1,22407,22407,5120,5,"c_f32(float*, long long*, int)",32,0,0,24,0,128,"SQ_INSTS_SALU",83680.000000,2909237400959,2909237472813
108,108,"Agent 1",1,22407,22407,5120,5,"c_f32(float*, long long*, int)",32,0,0,24,0,128,"SQ_INSTS_VALU",5246560.000000,2909237400959,2909237472813
108,108,"Agent 1",1,22407,22407,5120,5,"c_f32(float*, long long*, int)",32,0,0,24,0,128,"SQ_WAVES",160.000000,2909237400959,2909237472813
109,109,"Agent 1",1,22407,22407,5120,5,"c_f32(float*, long long*, int)",32,0,0,24,0,128,"SQ_INSTS_SALU",83680.000000,2909237497059,2909237569073
109,109,"Agent 1",1,22407,22407,5120,5,"c_f32(float*, long long*, int)",32,0,0,24,0,128,"SQ_INSTS_VALU",5246560.000000,2909237497059,2909237569073
109,109,"Agent 1",1,22407,22407,5120,5,"c_f32(float*, long long*, int)",32,0,0,24,0,128,"SQ_WAVES",160.000000,2909237497059,2909237569073
110,110,"Agent 1",1,22407,22407,5120,5,"c_f32(float*, long long*, int)",32,0,0,24,0,128,"SQ_INSTS_SALU",83680.000000,2909237594401,2909237666215
110,110,"Agent 1",1,22407,22407,5120,5,"c_f32(float*, long long*, int)",32,0,0,24,0,128,"SQ_INSTS_VALU",5246560.000000,2909237594401,2909237666215
110,110,"Agent 1",1,22407,22407,5120,5,"c_f32(float*, long long*, int)",32,0,0,24,0,128,"SQ_WAVES",160.000000,2909237594401,2909237666215
111,111,"Agent 1",1,22407,22407,5120,5,"c_f32(float*, long long*, int)",32,0,0,24,0,128,"SQ_INSTS_SALU",83680.000000,2909237692545,2909237764359
111,111,"Agent 1",1,22407,22407,5120,5,"c_f32(float*, long long*, int)",32,0,0,24,0,128,"SQ_INSTS_VALU",5246560.000000,2909237692545,2909237764359
111,111,"Agent 1",1,22407,22407,5120,5,"c_f32(float*, long long*, int)",32,0,0,24,0,128,"SQ_WAVES",160.000000,2909237692545,2909237764359
112,112,"Agent 1",1,22407,22407,5120,5,"c_f32(float*, long long*, int)",32,0,0,24,0,128,"SQ_INSTS_SALU",83680.000000,2909237789326,2909237861140
112,112,"Agent 1",1,22407,22407,5120,5,"c_f32(float*, long long*, int)",32,0,0,24,0,128,"SQ_INSTS_VALU",5246560.000000,2909237789326,2909237861140
112,112,"Agent 1",1,22407,22407,5120,5,"c_f32(float*, long long*, int)",32,0,0,24,0,128,"SQ_WAVES",160.000000,2909237789326,2909237861140
113,113,"Agent 1",1,22407,22407,5120,5,"c_f32(float*, long long*, int)",32,0,0,24,0,128,"SQ_INSTS_SALU",83680.000000,2909237886668,2909237958803
113,113,"Agent 1",1,22407,22407,5120,5,"c_f32(float*, long long*, int)",32,0,0,24,0,128,"SQ_INSTS_VALU",5246560.000000,2909237886668,2909237958803
113,113,"Agent 1",1,22407,22407,5120,5,"c_f32(float*, long long*, int)",32,0,0,24,0,128,"SQ_WAVES",160.000000,2909237886668,2909237958803
114,114,"Agent 1",1,22407,22407,5120,5,"c_f32(float*, long long*, int)",32,0,0,24,0,128,"SQ_INSTS_SALU",83680.000000,2909237982969,2909238054823
114,114,"Agent 1",1,22407,22407,5120,5,"c_f32(float*, long long*, int)",32,0,0,24,0,128,"SQ_INSTS_VALU",5246560.000000,2909237982969,2909238054823
114,114,"Agent 1",1,22407,22407,5120,5,"c_f32(float*, long long*, int)",32,0,0,24,0,128,"SQ_WAVES",160.000000,2909237982969,2909238054823
115,115,"Agent 1",1,22407,22407,5120,5,"c_f32(float*, long long*, int)",32,0,0,24,0,128,"SQ_INSTS_SALU",83680.000000,2909238080351,2909238152165
115,115,"Agent 1",1,22407,22407,5120,5,"c_f32(float*, long long*, int)",32,0,0,24,0,128,"SQ_INSTS_VALU",5246560.000000,2909238080351,2909238152165
115,115,"Agent 1",1,22407,22407,5120,5,"c_f32(float*, long long*, int)",32,0,0,24,0,128,"SQ_WAVES",160.000000,2909238080351,2909238152165
116,116,"Agent 1",1,22407,22407,5120,5,"c_f32(float*, long long*, int)",32,0,0,24,0,128,"SQ_INSTS_SALU",83680.000000,2909238176932,2909238248746
116,116,"Agent 1",1,22407,22407,5120,5,"c_f32(float*, long long*, int)",32,0,0,24,0,128,"SQ_INSTS_VALU",5246560.000000,2909238176932,2909238248746
116,116,"Agent 1",1,22407,22407,5120,5,"c_f32(float*, long long*, int)",32,0,0,24,0,128,"SQ_WAVES",160.000000,2909238176932,2909238248746
117,117,"Agent 1",1,22407,22407,5120,5,"c_f32(float*, long long*, int)",32,0,0,24,0,128,"SQ_INSTS_SALU",83680.000000,2909238272912,2909238344886
117,117,"Agent 1",1,22407,22407,5120,5,"c_f32(float*, long long*, int)",32,0,0,24,0,128,"SQ_INSTS_VALU",5246560.000000,2909238272912,2909238344886
117,117,"Agent 1",1,22407,22407,5120,5,"c_f32(float*, long long*, int)",32,0,0,24,0,128,"SQ_WAVES",160.000000,2909238272912,2909238344886
118,118,"Agent 1",1,22407,22407,5120,5,"c_f32(float*, long long*, int)",32,0,0,24,0,128,"SQ_INSTS_SALU",83680.000000,2909238368370,2909238440145
118,118,"Agent 1",1,22407,22407,5120,5,"c_f32(float*, long long*, int)",32,0,0,24,0,128,"SQ_INSTS_VALU",5246560.000000,2909238368370,2909238440145
118,118,"Agent 1",1,22407,22407,5120,5,"c_f32(float*, long long*, int)",32,0,0,24,0,128,"SQ_WAVES",160.000000,2909238368370,2909238440145
119,119,"Agent 1",1,22407,22407,5120,5,"c_f32(float*, long long*, int)",32,0,0,24,0,128,"SQ_INSTS_SALU",83680.000000,2909238463829,2909238535724
119,119,"Agent 1",1,22407,22407,5120,5,"c_f32(float*, long long*, int)",32,0,0,24,0,128,"SQ_INSTS_VALU",5246560.000000,2909238463829,2909238535724
119,119,"Agent 1",1,22407,22407,5120,5,"c_f32(float*, long long*, int)",32,0,0,24,0,128,"SQ_WAVES",160.000000,2909238463829,2909238535724
120,120,"Agent 1",1,22407,22407,5120,5,"c_f32(float*, long long*, int)",32,0,0,24,0,128,"SQ_INSTS_SALU",83680.000000,2909238560931,2909238632705
120,120,"Agent 1",1,22407,22407,5120,5,"c_f32(float*, long long*, int)",32,0,0,24,0,128,"SQ_INSTS_VALU",5246560.000000,2909238560931,2909238632705
120,120,"Agent 1",1,22407,22407,5120,5,"c_f32(float*, long long*, int)",32,0,0,24,0,128,"SQ_WAVES",160.000000,2909238560931,2909238632705
121,121,"Agent 1",1,22407,22407,5120,5,"c_f32(float*, long long*, int)",32,0,0,24,0,128,"SQ_INSTS_SALU",83680.000000,2909238673502,2909238745316
121,121,"Agent 1",1,22407,22407,5120,5,"c_f32(float*, long long*, int)",32,0,0,24,0,128,"SQ_INSTS_VALU",5246560.000000,2909238673502,2909238745316
121,121,"Agent 1",1,22407,22407,5120,5,"c_f32(float*, long long*, int)",32,0,0,24,0,128,"SQ_WAVES",160.000000,2909238673502,2909238745316
122,122,"Agent 1",1,22407,22407,5120,5,"c_f32(float*, long long*, int)",32,0,0,24,0,128,"SQ_INSTS_SALU",83680.000000,2909238770083,2909238841897
122,122,"Agent 1",1,22407,22407,5120,5,"c_f32(float*, long long*, int)",32,0,0,24,0,128,"SQ_INSTS_VALU",5246560.000000,2909238770083,2909238841897
122,122,"Agent 1",1,22407,22407,5120,5,"c_f32(float*, long long*, int)",32,0,0,24,0,128,"SQ_WAVES",160.000000,2909238770083,2909238841897
123,123,"Agent 1",1,22407,22407,5120,5,"c_f32(float*, long long*, int)",32,0,0,24,0,128,"SQ_INSTS_SALU",83680.000000,2909238865421,2909238937396
123,123,"Agent 1",1,22407,22407,5120,5,"c_f32(float*, long long*, int)",32,0,0,24,0,128,"SQ_INSTS_VALU",5246560.000000,2909238865421,2909238937396
123,123,"Agent 1",1,22407,22407,5120,5,"c_f32(float*, long long*, int)",32,0,0,24,0,128,"SQ_WAVES",160.000000,2909238865421,2909238937396
124,124,"Agent 1",1,22407,22407,5120,5,"c_f32(float*, long long*, int)",32,0,0,24,0,128,"SQ_INSTS_SALU",83680.000000,2909238961641,2909239033536
124,124,"Agent 1",1,22407,22407,5120,5,"c_f32(float*, long long*, int)",32,0,0,24,0,128,"SQ_INSTS_VALU",5246560.000000,2909238961641,2909239033536
124,124,"Agent 1",1,22407,22407,5120,5,"c_f32(float*, long long*, int)",32,0,0,24,0,128,"SQ_WAVES",160.000000,2909238961641,2909239033536
125,125,"Agent 1",1,22407,22407,512,11,"__amd_rocclr_copyBuffer",512,0,0,16,0,128,"SQ_INSTS_SALU",156.000000,2909239070445,2909239072930
125,125,"Agent 1",1,22407,22407,512,11,"__amd_rocclr_copyBuffer",512,0,0,16,0,128,"SQ_INSTS_VALU",170.000000,2909239070445,2909239072930
125,125,"Agent 1",1,22407,22407,512,11,"__amd_rocclr_copyBuffer",512,0,0,16,0,128,"SQ_WAVES",16.000000,2909239070445,2909239072930
126,126,"Agent 1",1,22407,22407,5120,4,"c_f16(float*, long long*, int)",32,0,0,24,0,128,"SQ_INSTS_SALU",83520.000000,2909239118655,2909239191873
126,126,"Agent 1",1,22407,22407,5120,4,"c_f16(float*, long long*, int)",32,0,0,24,0,128,"SQ_INSTS_VALU",5246880.000000,2909239118655,2909239191873
126,126,"Agent 1",1,22407,22407,5120,4,"c_f16(float*, long long*, int)",32,0,0,24,0,128,"SQ_WAVES",160.000000,2909239118655,2909239191873
127,127,"Agent 1",1,22407,22407,5120,4,"c_f16(float*, long long*, int)",32,0,0,24,0,128,"SQ_INSTS_SALU",83520.000000,2909239219564,2909239291699
127,127,"Agent 1",1,22407,22407,5120,4,"c_f16(float*, long long*, int)",32,0,0,24,0,128,"SQ_INSTS_VALU",5246880.000000,2909239219564,2909239291699
127,127,"Agent 1",1,22407,22407,5120,4,"c_f16(float*, long long*, int)",32,0,0,24,0,128,"SQ_WAVES",160.000000,2909239219564,2909239291699
128,128,"Agent 1",1,22407,22407,5120,4,"c_f16(float*, long long*, int)",32,0,0,24,0,128,"SQ_INSTS_SALU",83520.000000,2909239319431,2909239391446
128,128,"Agent 1",1,22407,22407,5120,4,"c_f16(float*, long long*, int)",32,0,0,24,0,128,"SQ_INSTS_VALU",5246880.000000,2909239319431,2909239391446
128,128,"Agent 1",1,22407,22407,5120,4,"c_f16(float*, long long*, int)",32,0,0,24,0,128,"SQ_WAVES",160.000000,2909239319431,2909239391446
129,129,"Agent 1",1,22407,22407,5120,4,"c_f16(float*, long long*, int)",32,0,0,24,0,128,"SQ_INSTS_SALU",83520.000000,2909239418697,2909239490672
129,129,"Agent 1",1,22407,22407,5120,4,"c_f16(float*, long long*, int)",32,0,0,24,0,128,"SQ_INSTS_VALU",5246880.000000,2909239418697,2909239490672
129,129,"Agent 1",1,22407,22407,5120,4,"c_f16(float*, long long*, int)",32,0,0,24,0,128,"SQ_WAVES",160.000000,2909239418697,2909239490672
130,130,"Agent 1",1,22407,22407,5120,4,"c_f16(float*, long long*, int)",32,0,0,24,0,128,"SQ_INSTS_SALU",83520.000000,2909239517402,2909239589778
130,130,"Agent 1",1,22407,22407,5120,4,"c_f16(float*, long long*, int)",32,0,0,24,0,128,"SQ_INSTS_VALU",5246880.000000,2909239517402,2909239589778
130,130,"Agent 1",1,22407,22407,5120,4,"c_f16(float*, long long*, int)",32,0,0,24,0,128,"SQ_WAVES",160.000000,2909239517402,2909239589778
131,131,"Agent 1",1,22407,22407,5120,4,"c_f16(float*, long long*, int)",32,0,0,24,0,128,"SQ_INSTS_SALU",83520.000000,2909239616428,2909239688483
131,131,"Agent 1",1,22407,22407,5120,4,"c_f16(float*, long long*, int)",32,0,0,24,0,128,"SQ_INSTS_VALU",5246880.000000,2909239616428,2909239688483
131,131,"Agent 1",1,22407,22407,5120,4,"c_f16(float*, long long*, int)",32,0,0,24,0,128,"SQ_WAVES",160.000000,2909239616428,2909239688483
132,132,"Agent 1",1,22407,22407,5120,4,"c_f16(float*, long long*, int)",32,0,0,24,0,128,"SQ_INSTS_SALU",83520.000000,2909239714611,2909239786586
132,132,"Agent 1",1,22407,22407,5120,4,"c_f16(float*, long long*, int)",32,0,0,24,0,128,"SQ_INSTS_VALU",5246880.000000,2909239714611,2909239786586
132,132,"Agent 1",1,22407,22407,5120,4,"c_f16(float*, long long*, int)",32,0,0,24,0,128,"SQ_WAVES",160.000000,2909239714611,2909239786586
133,133,"Agent 1",1,22407,22407,5120,4,"c_f16(float*, long long*, int)",32,0,0,24,0,128,"SQ_INSTS_SALU",83520.000000,2909239813276,2909239885211
133,133,"Agent 1",1,22407,22407,5120,4,"c_f16(float*, long long*, int)",32,0,0,24,0,128,"SQ_INSTS_VALU",5246880.000000,2909239813276,2909239885211
133,133,"Agent 1",1,22407,22407,5120,4,"c_f16(float*, long long*, int)",32,0,0,24,0,128,"SQ_WAVES",160.000000,2909239813276,2909239885211
134,134,"Agent 1",1,22407,22407,5120,4,"c_f16(float*, long long*, int)",32,0,0,24,0,128,"SQ_INSTS_SALU",83520.000000,2909239909697,2909239982193
134,134,"Agent 1",1,22407,22407,5120,4,"c_f16(float*, long long*, int)",32,0,0,24,0,128,"SQ_INSTS_VALU",5246880.000000,2909239909697,2909239982193
134,134,"Agent 1",1,22407,22407,5120,4,"c_f16(float*, long long*, int)",32,0,0,24,0,128,"SQ_WAVES",160.000000,2909239909697,2909239982193
135,135,"Agent 1",1,22407,22407,5120,4,"c_f16(float*, long long*, int)",32,0,0,24,0,128,"SQ_INSTS_SALU",83520.000000,2909240011247,2909240083262
135,135,"Agent 1",1,22407,22407,5120,4,"c_f16(float*, long long*, int)",32,0,0,24,0,128,"SQ_INSTS_VALU",5246880.000000,2909240011247,2909240083262
135,135,"Agent 1",1,22407,22407,5120,4,"c_f16(float*, long long*, int)",32,0,0,24,0,128,"SQ_WAVES",160.000000,2909240011247,2909240083262
136,136,"Agent 1",1,22407,22407,5120,4,"c_f16(float*, long long*, int)",32,0,0,24,0,128,"SQ_INSTS_SALU",83520.000000,2909240107708,2909240179642
136,136,"Agent 1",1,22407,22407,5120,4,"c_f16(float*, long long*, int)",32,0,0,24,0,128,"SQ_INSTS_VALU",5246880.000000,2909240107708,2909240179642
136,136,"Agent 1",1,22407,22407,5120,4,"c_f16(float*, long long*, int)",32,0,0,24,0,128,"SQ_WAVES",160.000000,2909240107708,2909240179642
137,137,"Agent 1",1,22407,22407,5120,4,"c_f16(float*, long long*, int)",32,0,0,24,0,128,"SQ_INSTS_SALU",83520.000000,2909240204449,2909240276584
137,137,"Agent 1",1,22407,22407,5120,4,"c_f16(float*, long long*, int)",32,0,0,24,0,128,"SQ_INSTS_VALU",5246880.000000,2909240204449,2909240276584
137,137,"Agent 1",1,22407,22407,5120,4,"c_f16(float*, long long*, int)",32,0,0,24,0,128,"SQ_WAVES",160.000000,2909240204449,2909240276584
138,138,"Agent 1",1,22407,22407,5120,4,"c_f16(float*, long long*, int)",32,0,0,24,0,128,"SQ_INSTS_SALU",83520.000000,2909240301310,2909240373445
138,138,"Agent 1",1,22407,22407,5120,4,"c_f16(float*, long long*, int)",32,0,0,24,0,128,"SQ_INSTS_VALU",5246880.000000,2909240301310,2909240373445
138,138,"Agent 1",1,22407,22407,5120,4,"c_f16(float*, long long*, int)",32,0,0,24,0,128,"SQ_WAVES",160.000000,2909240301310,2909240373445
139,139,"Agent 1",1,22407,22407,5120,4,"c_f16(float*, long long*, int)",32,0,0,24,0,128,"SQ_INSTS_SALU",83520.000000,2909240398011,2909240470066
139,139,"Agent 1",1,22407,22407,5120,4,"c_f16(float*, long long*, int)",32,0,0,24,0,128,"SQ_INSTS_VALU",5246880.000000,2909240398011,2909240470066
139,139,"Agent 1",1,22407,22407,5120,4,"c_f16(float*, long long*, int)",32,0,0,24,0,128,"SQ_WAVES",160.000000,2909240398011,2909240470066
140,140,"Agent 1",1,22407,22407,5120,4,"c_f16(float*, long long*, int)",32,0,0,24,0,128,"SQ_INSTS_SALU",83520.000000,2909240494712,2909240566687
140,140,"Agent 1",1,22407,22407,5120,4,"c_f16(float*, long long*, int)",32,0,0,24,0,128,"SQ_INSTS_VALU",5246880.000000,2909240494712,2909240566687
140,140,"Agent 1",1,22407,22407,5120,4,"c_f16(float*, long long*, int)",32,0,0,24,0,128,"SQ_WAVES",160.000000,2909240494712,2909240566687
141,141,"Agent 1",1,22407,22407,5120,4,"c_f16(float*, long long*, int)",32,0,0,24,0,128,"SQ_INSTS_SALU",83520.000000,2909240590812,2909240663028
141,141,"Agent 1",1,22407,22407,5120,4,"c_f16(float*, long long*, int)",32,0,0,24,0,128,"SQ_INSTS_VALU",5246880.000000,2909240590812,2909240663028
141,141,"Agent 1",1,22407,22407,5120,4,"c_f16(float*, long long*, int)",32,0,0,24,0,128,"SQ_WAVES",160.000000,2909240590812,2909240663028
142,142,"Agent 1",1,22407,22407,5120,4,"c_f16(float*, long long*, int)",32,0,0,24,0,128,"SQ_INSTS_SALU",83520.000000,2909240687193,2909240759408
142,142,"Agent 1",1,22407,22407,5120,4,"c_f16(float*, long long*, int)",32,0,0,24,0,128,"SQ_INSTS_VALU",5246880.000000,2909240687193,2909240759408
142,142,"Agent 1",1,22407,22407,5120,4,"c_f16(float*, long long*, int)",32,0,0,24,0,128,"SQ_WAVES",160.000000,2909240687193,2909240759408
143,143,"Agent 1",1,22407,22407,5120,4,"c_f16(float*, long long*, int)",32,0,0,24,0,128,"SQ_INSTS_SALU",83520.000000,2909240783814,2909240855789
143,143,"Agent 1",1,22407,22407,5120,4,"c_f16(float*, long long*, int)",32,0,0,24,0,128,"SQ_INSTS_VALU",5246880.000000,2909240783814,2909240855789
143,143,"Agent 1",1,22407,22407,5120,4,"c_f16(float*, long long*, int)",32,0,0,24,0,128,"SQ_WAVES",160.000000,2909240783814,2909240855789
144,144,"Agent 1",1,22407,22407,5120,4,"c_f16(float*, long long*, int)",32,0,0,24,0,128,"SQ_INSTS_SALU",83520.000000,2909240879954,2909240952169
144,144,"Agent 1",1,22407,22407,5120,4,"c_f16(float*, long long*, int)",32,0,0,24,0,128,"SQ_INSTS_VALU",5246880.000000,2909240879954,2909240952169
144,144,"Agent 1",1,22407,22407,5120,4,"c_f16(float*, long long*, int)",32,0,0,24,0,128,"SQ_WAVES",160.000000,2909240879954,2909240952169
145,145,"Agent 1",1,22407,22407,5120,4,"c_f16(float*, long long*, int)",32,0,0,24,0,128,"SQ_INSTS_SALU",83520.000000,2909240977577,2909241049471
145,145,"Agent 1",1,22407,22407,5120,4,"c_f16(float*, long long*, int)",32,0,0,24,0,128,"SQ_INSTS_VALU",5246880.000000,2909240977577,2909241049471
145,145,"Agent 1",1,22407,22407,5120,4,"c_f16(float*, long long*, int)",32,0,0,24,0,128,"SQ_WAVES",160.000000,2909240977577,2909241049471
146,146,"Agent 1",1,22407,22407,5120,4,"c_f16(float*, long long*, int)",32,0,0,24,0,128,"SQ_INSTS_SALU",83520.000000,2909241092432,2909241164447
146,146,"Agent 1",1,22407,22407,5120,4,"c_f16(float*, long long*, int)",32,0,0,24,0,128,"SQ_INSTS_VALU",5246880.000000,2909241092432,2909241164447
146,146,"Agent 1",1,22407,22407,5120,4,"c_f16(float*, long long*, int)",32,0,0,24,0,128,"SQ_WAVES",160.000000,2909241092432,2909241164447
147,147,"Agent 1",1,22407,22407,5120,4,"c_f16(float*, long long*, int)",32,0,0,24,0,128,"SQ_INSTS_SALU",83520.000000,2909241188892,2909241260867
147,147,"Agent 1",1,22407,22407,5120,4,"c_f16(float*, long long*, int)",32,0,0,24,0,128,"SQ_INSTS_VALU",5246880.000000,2909241188892,2909241260867
147,147,"Agent 1",1,22407,22407,5120,4,"c_f16(float*, long long*, int)",32,0,0,24,0,128,"SQ_WAVES",160.000000,2909241188892,2909241260867
148,148,"Agent 1",1,22407,22407,5120,4,"c_f16(float*, long long*, int)",32,0,0,24,0,128,"SQ_INSTS_SALU",83520.000000,2909241285674,2909241358049
148,148,"Agent 1",1,22407,22407,5120,4,"c_f16(float*, long long*, int)",32,0,0,24,0,128,"SQ_INSTS_VALU",5246880.000000,2909241285674,2909241358049
148,148,"Agent 1",1,22407,22407,5120,4,"c_f16(float*, long long*, int)",32,0,0,24,0,128,"SQ_WAVES",160.000000,2909241285674,2909241358049
149,149,"Agent 1",1,22407,22407,5120,4,"c_f16(float*, long long*, int)",32,0,0,24,0,128,"SQ_INSTS_SALU",83520.000000,2909241382214,2909241454309
149,149,"Agent 1",1,22407,22407,5120,4,"c_f16(float*, long long*, int)",32,0,0,24,0,128,"SQ_INSTS_VALU",5246880.000000,2909241382214,2909241454309
149,149,"Agent 1",1,22407,22407,5120,4,"c_f16(float*, long long*, int)",32,0,0,24,0,128,"SQ_WAVES",160.000000,2909241382214,2909241454309
150,150,"Agent 1",1,22407,22407,512,11,"__amd_rocclr_copyBuffer",512,0,0,16,0,128,"SQ_INSTS_SALU",156.000000,2909241489535,2909241491940
150,150,"Agent 1",1,22407,22407,512,11,"__amd_rocclr_copyBuffer",512,0,0,16,0,128,"SQ_INSTS_VALU",170.000000,2909241489535,2909241491940
150,150,"Agent 1",1,22407,22407,512,11,"__amd_rocclr_copyBuffer",512,0,0,16,0,128,"SQ_WAVES",16.000000,2909241489535,2909241491940
151,151,"Agent 1",1,22407,22407,5120,3,"c_f16x2(float*, long long*, int)",32,0,0,24,0,128,"SQ_INSTS_SALU",83520.000000,2909241534259,2909241607316
151,151,"Agent 1",1,22407,22407,5120,3,"c_f16x2(float*, long long*, int)",32,0,0,24,0,128,"SQ_INSTS_VALU",5246880.000000,2909241534259,2909241607316
151,151,"Agent 1",1,22407,22407,5120,3,"c_f16x2(float*, long long*, int)",32,0,0,24,0,128,"SQ_WAVES",160.000000,2909241534259,2909241607316
152,152,"Agent 1",1,22407,22407,5120,3,"c_f16x2(float*, long long*, int)",32,0,0,24,0,128,"SQ_INSTS_SALU",83520.000000,2909241634807,2909241706983
152,152,"Agent 1",1,22407,22407,5120,3,"c_f16x2(float*, long long*, int)",32,0,0,24,0,128,"SQ_INSTS_VALU",5246880.000000,2909241634807,2909241706983
152,152,"Agent 1",1,22407,22407,5120,3,"c_f16x2(float*, long long*, int)",32,0,0,24,0,128,"SQ_WAVES",160.000000,2909241634807,2909241706983
153,153,"Agent 1",1,22407,22407,5120,3,"c_f16x2(float*, long long*, int)",32,0,0,24,0,128,"SQ_INSTS_SALU",83520.000000,2909241734033,2909241806088
153,153,"Agent 1",1,22407,22407,5120,3,"c_f16x2(float*, long long*, int)",32,0,0,24,0,128,"SQ_INSTS_VALU",5246880.000000,2909241734033,2909241806088
153,153,"Agent 1",1,22407,22407,5120,3,"c_f16x2(float*, long long*, int)",32,0,0,24,0,128,"SQ_WAVES",160.000000,2909241734033,2909241806088
154,154,"Agent 1",1,22407,22407,5120,3,"c_f16x2(float*, long long*, int)",32,0,0,24,0,128,"SQ_INSTS_SALU",83520.000000,2909241833339,2909241905434
154,154,"Agent 1",1,22407,22407,5120,3,"c_f16x2(float*, long long*, int)",32,0,0,24,0,128,"SQ_INSTS_VALU",5246880.000000,2909241833339,2909241905434
154,154,"Agent 1",1,22407,22407,5120,3,"c_f16x2(float*, long long*, int)",32,0,0,24,0,128,"SQ_WAVES",160.000000,2909241833339,2909241905434
155,155,"Agent 1",1,22407,22407,5120,3,"c_f16x2(float*, long long*, int)",32,0,0,24,0,128,"SQ_INSTS_SALU",83520.000000,2909241932685,2909242005061
155,155,"Agent 1",1,22407,22407,5120,3,"c_f16x2(float*, long long*, int)",32,0,0,24,0,128,"SQ_INSTS_VALU",5246880.000000,2909241932685,2909242005061
155,155,"Agent 1",1,22407,22407,5120,3,"c_f16x2(float*, long long*, int)",32,0,0,24,0,128,"SQ_WAVES",160.000000,2909241932685,2909242005061
156,156,"Agent 1",1,22407,22407,5120,3,"c_f16x2(float*, long long*, int)",32,0,0,24,0,128,"SQ_INSTS_SALU",83520.000000,2909242032472,2909242104687
156,156,"Agent 1",1,22407,22407,5120,3,"c_f16x2(float*, long long*, int)",32,0,0,24,0,128,"SQ_INSTS_VALU",5246880.000000,2909242032472,2909242104687
156,156,"Agent 1",1,22407,22407,5120,3,"c_f16x2(float*, long long*, int)",32,0,0,24,0,128,"SQ_WAVES",160.000000,2909242032472,2909242104687
157,157,"Agent 1",1,22407,22407,5120,3,"c_f16x2(float*, long long*, int)",32,0,0,24,0,128,"SQ_INSTS_SALU",83520.000000,2909242129975,2909242201990
157,157,"Agent 1",1,22407,22407,5120,3,"c_f16x2(float*, long long*, int)",32,0,0,24,0,128,"SQ_INSTS_VALU",5246880.000000,2909242129975,2909242201990
157,157,"Agent 1",1,22407,22407,5120,3,"c_f16x2(float*, long long*, int)",32,0,0,24,0,128,"SQ_WAVES",160.000000,2909242129975,2909242201990
158,158,"Agent 1",1,22407,22407,5120,3,"c_f16x2(float*, long long*, int)",32,0,0,24,0,128,"SQ_INSTS_SALU",83520.000000,2909242229441,2909242301496
158,158,"Agent 1",1,22407,22407,5120,3,"c_f16x2(float*, long long*, int)",32,0,0,24,0,128,"SQ_INSTS_VALU",5246880.000000,2909242229441,2909242301496
158,158,"Agent 1",1,22407,22407,5120,3,"c_f16x2(float*, long long*, int)",32,0,0,24,0,128,"SQ_WAVES",160.000000,2909242229441,2909242301496
159,159,"Agent 1",1,22407,22407,5120,3,"c_f16x2(float*, long long*, int)",32,0,0,24,0,128,"SQ_INSTS_SALU",83520.000000,2909242327986,2909242400401
159,159,"Agent 1",1,22407,22407,5120,3,"c_f16x2(float*, long long*, int)",32,0,0,24,0,128,"SQ_INSTS_VALU",5246880.000000,2909242327986,2909242400401
159,159,"Agent 1",1,22407,22407,5120,3,"c_f16x2(float*, long long*, int)",32,0,0,24,0,128,"SQ_WAVES",160.000000,2909242327986,2909242400401
160,160,"Agent 1",1,22407,22407,5120,3,"c_f16x2(float*, long long*, int)",32,0,0,24,0,128,"SQ_INSTS_SALU",83520.000000,2909242424727,2909242496742
160,160,"Agent 1",1,22407,22407,5120,3,"c_f16x2(float*, long long*, int)",32,0,0,24,0,128,"SQ_INSTS_VALU",5246880.000000,2909242424727,2909242496742
160,160,"Agent 1",1,22407,22407,5120,3,"c_f16x2(float*, long long*, int)",32,0,0,24,0,128,"SQ_WAVES",160.000000,2909242424727,2909242496742
161,161,"Agent 1",1,22407,22407,5120,3,"c_f16x2(float*, long long*, int)",32,0,0,24,0,128,"SQ_INSTS_SALU",83520.000000,2909242523351,2909242595406
161,161,"Agent 1",1,22407,22407,5120,3,"c_f16x2(float*, long long*, int)",32,0,0,24,0,128,"SQ_INSTS_VALU",5246880.000000,2909242523351,2909242595406
161,161,"Agent 1",1,22407,22407,5120,3,"c_f16x2(float*, long long*, int)",32,0,0,24,0,128,"SQ_WAVES",160.000000,2909242523351,2909242595406
162,162,"Agent 1",1,22407,22407,5120,3,"c_f16x2(float*, long long*, int)",32,0,0,24,0,128,"SQ_INSTS_SALU",83520.000000,2909242620493,2909242692588
162,162,"Agent 1",1,22407,22407,5120,3,"c_f16x2(float*, long long*, int)",32,0,0,24,0,128,"SQ_INSTS_VALU",5246880.000000,2909242620493,2909242692588
162,162,"Agent 1",1,22407,22407,5120,3,"c_f16x2(float*, long long*, int)",32,0,0,24,0,128,"SQ_WAVES",160.000000,2909242620493,2909242692588
163,163,"Agent 1",1,22407,22407,5120,3,"c_f16x2(float*, long long*, int)",32,0,0,24,0,128,"SQ_INSTS_SALU",83520.000000,2909242717515,2909242789971
163,163,"Agent 1",1,22407,22407,5120,3,"c_f16x2(float*, long long*, int)",32,0,0,24,0,128,"SQ_INSTS_VALU",5246880.000000,2909242717515,2909242789971
163,163,"Agent 1",1,22407,22407,5120,3,"c_f16x2(float*, long long*, int)",32,0,0,24,0,128,"SQ_WAVES",160.000000,2909242717515,2909242789971
164,164,"Agent 1",1,22407,22407,5120,3,"c_f16x2(float*, long long*, int)",32,0,0,24,0,128,"SQ_INSTS_SALU",83520.000000,2909242814296,2909242886431
164,164,"Agent 1",1,22407,22407,5120,3,"c_f16x2(float*, long long*, int)",32,0,0,24,0,128,"SQ_INSTS_VALU",5246880.000000,2909242814296,2909242886431
164,164,"Agent 1",1,22407,22407,5120,3,"c_f16x2(float*, long long*, int)",32,0,0,24,0,128,"SQ_WAVES",160.000000,2909242814296,2909242886431
165,165,"Agent 1",1,22407,22407,5120,3,"c_f16x2(float*, long long*, int)",32,0,0,24,0,128,"SQ_INSTS_SALU",83520.000000,2909242910476,2909242982571
165,165,"Agent 1",1,22407,22407,5120,3,"c_f16x2(float*, long long*, int)",32,0,0,24,0,128,"SQ_INSTS_VALU",5246880.000000,2909242910476,2909242982571
165,165,"Agent 1",1,22407,22407,5120,3,"c_f16x2(float*, long long*, int)",32,0,0,24,0,128,"SQ_WAVES",160.000000,2909242910476,2909242982571
166,166,"Agent 1",1,22407,22407,5120,3,"c_f16x2(float*, long long*, int)",32,0,0,24,0,128,"SQ_INSTS_SALU",83520.000000,2909243009462,2909243081717
166,166,"Agent 1",1,22407,22407,5120,3,"c_f16x2(float*, long long*, int)",32,0,0,24,0,128,"SQ_INSTS_VALU",5246880.000000,2909243009462,2909243081717
166,166,"Agent 1",1,22407,22407,5120,3,"c_f16x2(float*, long long*, int)",32,0,0,24,0,128,"SQ_WAVES",160.000000,2909243009462,2909243081717
167,167,"Agent 1",1,22407,22407,5120,3,"c_f16x2(float*, long long*, int)",32,0,0,24,0,128,"SQ_INSTS_SALU",83520.000000,2909243105522,2909243177737
167,167,"Agent 1",1,22407,22407,5120,3,"c_f16x2(float*, long long*, int)",32,0,0,24,0,128,"SQ_INSTS_VALU",5246880.000000,2909243105522,2909243177737
167,167,"Agent 1",1,22407,22407,5120,3,"c_f16x2(float*, long long*, int)",32,0,0,24,0,128,"SQ_WAVES",160.000000,2909243105522,2909243177737
168,168,"Agent 1",1,22407,22407,5120,3,"c_f16x2(float*, long long*, int)",32,0,0,24,0,128,"SQ_INSTS_SALU",83520.000000,2909243203585,2909243275680
168,168,"Agent 1",1,22407,22407,5120,3,"c_f16x2(float*, long long*, int)",32,0,0,24,0,128,"SQ_INSTS_VALU",5246880.000000,2909243203585,2909243275680
168,168,"Agent 1",1,22407,22407,5120,3,"c_f16x2(float*, long long*, int)",32,0,0,24,0,128,"SQ_WAVES",160.000000,2909243203585,2909243275680
169,169,"Agent 1",1,22407,22407,5120,3,"c_f16x2(float*, long long*, int)",32,0,0,24,0,128,"SQ_INSTS_SALU",83520.000000,2909243300006,2909243372061
169,169,"Agent 1",1,22407,22407,5120,3,"c_f16x2(float*, long long*, int)",32,0,0,24,0,128,"SQ_INSTS_VALU",5246880.000000,2909243300006,2909243372061
169,169,"Agent 1",1,22407,22407,5120,3,"c_f16x2(float*, long long*, int)",32,0,0,24,0,128,"SQ_WAVES",160.000000,2909243300006,2909243372061
170,170,"Agent 1",1,22407,22407,5120,3,"c_f16x2(float*, long long*, int)",32,0,0,24,0,128,"SQ_INSTS_SALU",83520.000000,2909243397068,2909243469203
170,170,"Agent 1",1,22407,22407,5120,3,"c_f16x2(float*, long long*, int)",32,0,0,24,0,128,"SQ_INSTS_VALU",5246880.000000,2909243397068,2909243469203
170,170,"Agent 1",1,22407,22407,5120,3,"c_f16x2(float*, long long*, int)",32,0,0,24,0,128,"SQ_WAVES",160.000000,2909243397068,2909243469203
171,171,"Agent 1",1,22407,22407,5120,3,"c_f16x2(float*, long long*, int)",32,0,0,24,0,128,"SQ_INSTS_SALU",83520.000000,2909243511843,2909243583938
171,171,"Agent 1",1,22407,22407,5120,3,"c_f16x2(float*, long long*, int)",32,0,0,24,0,128,"SQ_INSTS_VALU",5246880.000000,2909243511843,2909243583938
171,171,"Agent 1",1,22407,22407,5120,3,"c_f16x2(float*, long long*, int)",32,0,0,24,0,128,"SQ_WAVES",160.000000,2909243511843,2909243583938
172,172,"Agent 1",1,22407,22407,5120,3,"c_f16x2(float*, long long*, int)",32,0,0,24,0,128,"SQ_INSTS_SALU",83520.000000,2909243607983,2909243680078
172,172,"Agent 1",1,22407,22407,5120,3,"c_f16x2(float*, long long*, int)",32,0,0,24,0,128,"SQ_INSTS_VALU",5246880.000000,2909243607983,2909243680078
172,172,"Agent 1",1,22407,22407,5120,3,"c_f16x2(float*, long long*, int)",32,0,0,24,0,128,"SQ_WAVES",160.000000,2909243607983,2909243680078
173,173,"Agent 1",1,22407,22407,5120,3,"c_f16x2(float*, long long*, int)",32,0,0,24,0,128,"SQ_INSTS_SALU",83520.000000,2909243703882,2909243776418
173,173,"Agent 1",1,22407,22407,5120,3,"c_f16x2(float*, long long*, int)",32,0,0,24,0,128,"SQ_INSTS_VALU",5246880.000000,2909243703882,2909243776418
173,173,"Agent 1",1,22407,22407,5120,3,"c_f16x2(float*, long long*, int)",32,0,0,24,0,128,"SQ_WAVES",160.000000,2909243703882,2909243776418
174,174,"Agent 1",1,22407,22407,5120,3,"c_f16x2(float*, long long*, int)",32,0,0,24,0,128,"SQ_INSTS_SALU",83520.000000,2909243801265,2909243873400
174,174,"Agent 1",1,22407,22407,5120,3,"c_f16x2(float*, long long*, int)",32,0,0,24,0,128,"SQ_INSTS_VALU",5246880.000000,2909243801265,2909243873400
174,174,"Agent 1",1,22407,22407,5120,3,"c_f16x2(float*, long long*, int)",32,0,0,24,0,128,"SQ_WAVES",160.000000,2909243801265,2909243873400
175,175,"Agent 1",1,22407,22407,512,11,"__amd_rocclr_copyBuffer",512,0,0,16,0,128,"SQ_INSTS_SALU",156.000000,2909243909066,2909243911431
175,175,"Agent 1",1,22407,22407,512,11,"__amd_rocclr_copyBuffer",512,0,0,16,0,128,"SQ_INSTS_VALU",170.000000,2909243909066,2909243911431
175,175,"Agent 1",1,22407,22407,512,11,"__amd_rocclr_copyBuffer",512,0,0,16,0,128,"SQ_WAVES",16.000000,2909243909066,2909243911431
176,176,"Agent 1",1,22407,22407,5120,1,"c_dp4a(float*, long long*, int)",32,0,0,8,0,128,"SQ_INSTS_SALU",63574720.000000,2909243956074,2909244841933
176,176,"Agent 1",1,22407,22407,5120,1,"c_dp4a(float*, long long*, int)",32,0,0,8,0,128,"SQ_INSTS_VALU",800.000000,2909243956074,2909244841933
176,176,"Agent 1",1,22407,22407,5120,1,"c_dp4a(float*, long long*, int)",32,0,0,8,0,128,"SQ_WAVES",160.000000,2909243956074,2909244841933
177,177,"Agent 1",1,22407,22407,5120,1,"c_dp4a(float*, long long*, int)",32,0,0,8,0,128,"SQ_INSTS_SALU",63574720.000000,2909244869505,2909245755164
177,177,"Agent 1",1,22407,22407,5120,1,"c_dp4a(float*, long long*, int)",32,0,0,8,0,128,"SQ_INSTS_VALU",800.000000,2909244869505,2909245755164
177,177,"Agent 1",1,22407,22407,5120,1,"c_dp4a(float*, long long*, int)",32,0,0,8,0,128,"SQ_WAVES",160.000000,2909244869505,2909245755164
178,178,"Agent 1",1,22407,22407,5120,1,"c_dp4a(float*, long long*, int)",32,0,0,8,0,128,"SQ_INSTS_SALU",63574720.000000,2909245782094,2909246667753
178,178,"Agent 1",1,22407,22407,5120,1,"c_dp4a(float*, long long*, int)",32,0,0,8,0,128,"SQ_INSTS_VALU",800.000000,2909245782094,2909246667753
178,178,"Agent 1",1,22407,22407,5120,1,"c_dp4a(float*, long long*, int)",32,0,0,8,0,128,"SQ_WAVES",160.000000,2909245782094,2909246667753
179,179,"Agent 1",1,22407,22407,5120,1,"c_dp4a(float*, long long*, int)",32,0,0,8,0,128,"SQ_INSTS_SALU",63574720.000000,2909246694523,2909247580141
179,179,"Agent 1",1,22407,22407,5120,1,"c_dp4a(float*, long long*, int)",32,0,0,8,0,128,"SQ_INSTS_VALU",800.000000,2909246694523,2909247580141
179,179,"Agent 1",1,22407,22407,5120,1,"c_dp4a(float*, long long*, int)",32,0,0,8,0,128,"SQ_WAVES",160.000000,2909246694523,2909247580141
180,180,"Agent 1",1,22407,22407,5120,1,"c_dp4a(float*, long long*, int)",32,0,0,8,0,128,"SQ_INSTS_SALU",63574720.000000,2909247605549,2909248491408
180,180,"Agent 1",1,22407,22407,5120,1,"c_dp4a(float*, long long*, int)",32,0,0,8,0,128,"SQ_INSTS_VALU",800.000000,2909247605549,2909248491408
180,180,"Agent 1",1,22407,22407,5120,1,"c_dp4a(float*, long long*, int)",32,0,0,8,0,128,"SQ_WAVES",160.000000,2909247605549,2909248491408
181,181,"Agent 1",1,22407,22407,5120,1,"c_dp4a(float*, long long*, int)",32,0,0,8,0,128,"SQ_INSTS_SALU",63574720.000000,2909248517096,2909249402955
181,181,"Agent 1",1,22407,22407,5120,1,"c_dp4a(float*, long long*, int)",32,0,0,8,0,128,"SQ_INSTS_VALU",800.000000,2909248517096,2909249402955
181,181,"Agent 1",1,22407,22407,5120,1,"c_dp4a(float*, long long*, int)",32,0,0,8,0,128,"SQ_WAVES",160.000000,2909248517096,2909249402955
182,182,"Agent 1",1,22407,22407,5120,1,"c_dp4a(float*, long long*, int)",32,0,0,8,0,128,"SQ_INSTS_SALU",63574720.000000,2909249428883,2909250314662
182,182,"Agent 1",1,22407,22407,5120,1,"c_dp4a(float*, long long*, int)",32,0,0,8,0,128,"SQ_INSTS_VALU",800.000000,2909249428883,2909250314662
182,182,"Agent 1",1,22407,22407,5120,1,"c_dp4a(float*, long long*, int)",32,0,0,8,0,128,"SQ_WAVES",160.000000,2909249428883,2909250314662
183,183,"Agent 1",1,22407,22407,5120,1,"c_dp4a(float*, long long*, int)",32,0,0,8,0,128,"SQ_INSTS_SALU",63574720.000000,2909250340350,2909251226129
183,183,"Agent 1",1,22407,22407,5120,1,"c_dp4a(float*, long long*, int)",32,0,0,8,0,128,"SQ_INSTS_VALU",800.000000,2909250340350,2909251226129
183,183,"Agent 1",1,22407,22407,5120,1,"c_dp4a(float*, long long*, int)",32,0,0,8,0,128,"SQ_WAVES",160.000000,2909250340350,2909251226129
184,184,"Agent 1",1,22407,22407,5120,1,"c_dp4a(float*, long long*, int)",32,0,0,8,0,128,"SQ_INSTS_SALU",63574720.000000,2909251250625,2909252136403
184,184,"Agent 1",1,22407,22407,5120,1,"c_dp4a(float*, long long*, int)",32,0,0,8,0,128,"SQ_INSTS_VALU",800.000000,2909251250625,2909252136403
184,184,"Agent 1",1,22407,22407,5120,1,"c_dp4a(float*, long long*, int)",32,0,0,8,0,128,"SQ_WAVES",160.000000,2909251250625,2909252136403
185,185,"Agent 1",1,22407,22407,5120,1,"c_dp4a(float*, long long*, int)",32,0,0,8,0,128,"SQ_INSTS_SALU",63574720.000000,2909252163974,2909253049792
185,185,"Agent 1",1,22407,22407,5120,1,"c_dp4a(float*, long long*, int)",32,0,0,8,0,128,"SQ_INSTS_VALU",800.000000,2909252163974,2909253049792
185,185,"Agent 1",1,22407,22407,5120,1,"c_dp4a(float*, long long*, int)",32,0,0,8,0,128,"SQ_WAVES",160.000000,2909252163974,2909253049792
186,186,"Agent 1",1,22407,22407,5120,1,"c_dp4a(float*, long long*, int)",32,0,0,8,0,128,"SQ_INSTS_SALU",63574720.000000,2909253076362,2909253962100
186,186,"Agent 1",1,22407,22407,5120,1,"c_dp4a(float*, long long*, int)",32,0,0,8,0,128,"SQ_INSTS_VALU",800.000000,2909253076362,2909253962100
186,186,"Agent 1",1,22407,22407,5120,1,"c_dp4a(float*, long long*, int)",32,0,0,8,0,128,"SQ_WAVES",160.000000,2909253076362,2909253962100
187,187,"Agent 1",1,22407,22407,5120,1,"c_dp4a(float*, long long*, int)",32,0,0,8,0,128,"SQ_INSTS_SALU",63574720.000000,2909253988109,2909254873887
187,187,"Agent 1",1,22407,22407,5120,1,"c_dp4a(float*, long long*, int)",32,0,0,8,0,128,"SQ_INSTS_VALU",800.000000,2909253988109,2909254873887
187,187,"Agent 1",1,22407,22407,5120,1,"c_dp4a(float*, long long*, int)",32,0,0,8,0,128,"SQ_WAVES",160.000000,2909253988109,2909254873887
188,188,"Agent 1",1,22407,22407,5120,1,"c_dp4a(float*, long long*, int)",32,0,0,8,0,128,"SQ_INSTS_SALU",63574720.000000,2909254899815,2909255785633
188,188,"Agent 1",1,22407,22407,5120,1,"c_dp4a(float*, long long*, int)",32,0,0,8,0,128,"SQ_INSTS_VALU",800.000000,2909254899815,2909255785633
188,188,"Agent 1",1,22407,22407,5120,1,"c_dp4a(float*, long long*, int)",32,0,0,8,0,128,"SQ_WAVES",160.000000,2909254899815,2909255785633
189,189,"Agent 1",1,22407,22407,5120,1,"c_dp4a(float*, long long*, int)",32,0,0,8,0,128,"SQ_INSTS_SALU",63574720.000000,2909255809638,2909256695376
189,189,"Agent 1",1,22407,22407,5120,1,"c_dp4a(float*, long long*, int)",32,0,0,8,0,128,"SQ_INSTS_VALU",800.000000,2909255809638,2909256695376
189,189,"Agent 1",1,22407,22407,5120,1,"c_dp4a(float*, long long*, int)",32,0,0,8,0,128,"SQ_WAVES",160.000000,2909255809638,2909256695376
190,190,"Agent 1",1,22407,22407,5120,1,"c_dp4a(float*, long long*, int)",32,0,0,8,0,128,"SQ_INSTS_SALU",63574720.000000,2909256719822,2909257605600
190,190,"Agent 1",1,22407,22407,5120,1,"c_dp4a(float*, long long*, int)",32,0,0,8,0,128,"SQ_INSTS_VALU",800.000000,2909256719822,2909257605600
190,190,"Agent 1",1,22407,22407,5120,1,"c_dp4a(float*, long long*, int)",32,0,0,8,0,128,"SQ_WAVES",160.000000,2909256719822,2909257605600
191,191,"Agent 1",1,22407,22407,5120,1,"c_dp4a(float*, long long*, int)",32,0,0,8,0,128,"SQ_INSTS_SALU",63574720.000000,2909257630487,2909258516265
191,191,"Agent 1",1,22407,22407,5120,1,"c_dp4a(float*, long long*, int)",32,0,0,8,0,128,"SQ_INSTS_VALU",800.000000,2909257630487,2909258516265
191,191,"Agent 1",1,22407,22407,5120,1,"c_dp4a(float*, long long*, int)",32,0,0,8,0,128,"SQ_WAVES",160.000000,2909257630487,2909258516265
192,192,"Agent 1",1,22407,22407,5120,1,"c_dp4a(float*, long long*, int)",32,0,0,8,0,128,"SQ_INSTS_SALU",63574720.000000,2909258541672,2909259427490
192,192,"Agent 1",1,22407,22407,5120,1,"c_dp4a(float*, long long*, int)",32,0,0,8,0,128,"SQ_INSTS_VALU",800.000000,2909258541672,2909259427490
192,192,"Agent 1",1,22407,22407,5120,1,"c_dp4a(float*, long long*, int)",32,0,0,8,0,128,"SQ_WAVES",160.000000,2909258541672,2909259427490
193,193,"Agent 1",1,22407,22407,5120,1,"c_dp4a(float*, long long*, int)",32,0,0,8,0,128,"SQ_INSTS_SALU",63574720.000000,2909259452337,2909260337955
193,193,"Agent 1",1,22407,22407,5120,1,"c_dp4a(float*, long long*, int)",32,0,0,8,0,128,"SQ_INSTS_VALU",800.000000,2909259452337,2909260337955
193,193,"Agent 1",1,22407,22407,5120,1,"c_dp4a(float*, long long*, int)",32,0,0,8,0,128,"SQ_WAVES",160.000000,2909259452337,2909260337955
194,194,"Agent 1",1,22407,22407,5120,1,"c_dp4a(float*, long long*, int)",32,0,0,8,0,128,"SQ_INSTS_SALU",63574720.000000,2909260362200,2909261247858
194,194,"Agent 1",1,22407,22407,5120,1,"c_dp4a(float*, long long*, int)",32,0,0,8,0,128,"SQ_INSTS_VALU",800.000000,2909260362200,2909261247858
194,194,"Agent 1",1,22407,22407,5120,1,"c_dp4a(float*, long long*, int)",32,0,0,8,0,128,"SQ_WAVES",160.000000,2909260362200,2909261247858
195,195,"Agent 1",1,22407,22407,5120,1,"c_dp4a(float*, long long*, int)",32,0,0,8,0,128,"SQ_INSTS_SALU",63574720.000000,2909261272704,2909262158442
195,195,"Agent 1",1,22407,22407,5120,1,"c_dp4a(float*, long long*, int)",32,0,0,8,0,128,"SQ_INSTS_VALU",800.000000,2909261272704,2909262158442
195,195,"Agent 1",1,22407,22407,5120,1,"c_dp4a(float*, long long*, int)",32,0,0,8,0,128,"SQ_WAVES",160.000000,2909261272704,2909262158442
196,196,"Agent 1",1,22407,22407,5120,1,"c_dp4a(float*, long long*, int)",32,0,0,8,0,128,"SQ_INSTS_SALU",63574720.000000,2909262202084,2909263087902
196,196,"Agent 1",1,22407,22407,5120,1,"c_dp4a(float*, long long*, int)",32,0,0,8,0,128,"SQ_INSTS_VALU",800.000000,2909262202084,2909263087902
196,196,"Agent 1",1,22407,22407,5120,1,"c_dp4a(float*, long long*, int)",32,0,0,8,0,128,"SQ_WAVES",160.000000,2909262202084,2909263087902
197,197,"Agent 1",1,22407,22407,5120,1,"c_dp4a(float*, long long*, int)",32,0,0,8,0,128,"SQ_INSTS_SALU",63574720.000000,2909263113310,2909263999088
197,197,"Agent 1",1,22407,22407,5120,1,"c_dp4a(float*, long long*, int)",32,0,0,8,0,128,"SQ_INSTS_VALU",800.000000,2909263113310,2909263999088
197,197,"Agent 1",1,22407,22407,5120,1,"c_dp4a(float*, long long*, int)",32,0,0,8,0,128,"SQ_WAVES",160.000000,2909263113310,2909263999088
198,198,"Agent 1",1,22407,22407,5120,1,"c_dp4a(float*, long long*, int)",32,0,0,8,0,128,"SQ_INSTS_SALU",63574720.000000,2909264025698,2909264911836
198,198,"Agent 1",1,22407,22407,5120,1,"c_dp4a(float*, long long*, int)",32,0,0,8,0,128,"SQ_INSTS_VALU",800.000000,2909264025698,2909264911836
198,198,"Agent 1",1,22407,22407,5120,1,"c_dp4a(float*, long long*, int)",32,0,0,8,0,128,"SQ_WAVES",160.000000,2909264025698,2909264911836
199,199,"Agent 1",1,22407,22407,5120,1,"c_dp4a(float*, long long*, int)",32,0,0,8,0,128,"SQ_INSTS_SALU",63574720.000000,2909264936362,2909265822341
199,199,"Agent 1",1,22407,22407,5120,1,"c_dp4a(float*, long long*, int)",32,0,0,8,0,128,"SQ_INSTS_VALU",800.000000,2909264936362,2909265822341
199,199,"Agent 1",1,22407,22407,5120,1,"c_dp4a(float*, long long*, int)",32,0,0,8,0,128,"SQ_WAVES",160.000000,2909264936362,2909265822341
200,200,"Agent 1",1,22407,22407,512,11,"__amd_rocclr_copyBuffer",512,0,0,16,0,128,"SQ_INSTS_SALU",156.000000,2909265859210,2909265861574
200,200,"Agent 1",1,22407,22407,512,11,"__amd_rocclr_copyBuffer",512,0,0,16,0,128,"SQ_INSTS_VALU",170.000000,2909265859210,2909265861574
200,200,"Agent 1",1,22407,22407,512,11,"__amd_rocclr_copyBuffer",512,0,0,16,0,128,"SQ_WAVES",16.000000,2909265859210,2909265861574
201,201,"Agent 1",1,22407,22407,20480,5,"c_f32(float*, long long*, int)",32,0,0,24,0,128,"SQ_INSTS_SALU",334720.000000,2909265906218,2909266109518
201,201,"Agent 1",1,22407,22407,20480,5,"c_f32(float*, long long*, int)",32,0,0,24,0,128,"SQ_INSTS_VALU",20986240.000000,2909265906218,2909266109518
201,201,"Agent 1",1,22407,22407,20480,5,"c_f32(float*, long long*, int)",32,0,0,24,0,128,"SQ_WAVES",640.000000,2909265906218,2909266109518
202,202,"Agent 1",1,22407,22407,20480,5,"c_f32(float*, long long*, int)",32,0,0,24,0,128,"SQ_INSTS_SALU",334720.000000,2909266136689,2909266339789
202,202,"Agent 1",1,22407,22407,20480,5,"c_f32(float*, long long*, int)",32,0,0,24,0,128,"SQ_INSTS_VALU",20986240.000000,2909266136689,2909266339789
202,202,"Agent 1",1,22407,22407,20480,5,"c_f32(float*, long long*, int)",32,0,0,24,0,128,"SQ_WAVES",640.000000,2909266136689,2909266339789
203,203,"Agent 1",1,22407,22407,20480,5,"c_f32(float*, long long*, int)",32,0,0,24,0,128,"SQ_INSTS_SALU",334720.000000,2909266366519,2909266569660
203,203,"Agent 1",1,22407,22407,20480,5,"c_f32(float*, long long*, int)",32,0,0,24,0,128,"SQ_INSTS_VALU",20986240.000000,2909266366519,2909266569660
203,203,"Agent 1",1,22407,22407,20480,5,"c_f32(float*, long long*, int)",32,0,0,24,0,128,"SQ_WAVES",640.000000,2909266366519,2909266569660
204,204,"Agent 1",1,22407,22407,20480,5,"c_f32(float*, long long*, int)",32,0,0,24,0,128,"SQ_INSTS_SALU",334720.000000,2909266597231,2909266800371
204,204,"Agent 1",1,22407,22407,20480,5,"c_f32(float*, long long*, int)",32,0,0,24,0,128,"SQ_INSTS_VALU",20986240.000000,2909266597231,2909266800371
204,204,"Agent 1",1,22407,22407,20480,5,"c_f32(float*, long long*, int)",32,0,0,24,0,128,"SQ_WAVES",640.000000,2909266597231,2909266800371
205,205,"Agent 1",1,22407,22407,20480,5,"c_f32(float*, long long*, int)",32,0,0,24,0,128,"SQ_INSTS_SALU",334720.000000,2909266826941,2909267030202
205,205,"Agent 1",1,22407,22407,20480,5,"c_f32(float*, long long*, int)",32,0,0,24,0,128,"SQ_INSTS_VALU",20986240.000000,2909266826941,2909267030202
205,205,"Agent 1",1,22407,22407,20480,5,"c_f32(float*, long long*, int)",32,0,0,24,0,128,"SQ_WAVES",640.000000,2909266826941,2909267030202
206,206,"Agent 1",1,22407,22407,20480,5,"c_f32(float*, long long*, int)",32,0,0,24,0,128,"SQ_INSTS_SALU",334720.000000,2909267055769,2909267258910
206,206,"Agent 1",1,22407,22407,20480,5,"c_f32(float*, long long*, int)",32,0,0,24,0,128,"SQ_INSTS_VALU",20986240.000000,2909267055769,2909267258910
206,206,"Agent 1",1,22407,22407,20480,5,"c_f32(float*, long long*, int)",32,0,0,24,0,128,"SQ_WAVES",640.000000,2909267055769,2909267258910
207,207,"Agent 1",1,22407,22407,20480,5,"c_f32(float*, long long*, int)",32,0,0,24,0,128,"SQ_INSTS_SALU",334720.000000,2909267284077,2909267487337
207,207,"Agent 1",1,22407,22407,20480,5,"c_f32(float*, long long*, int)",32,0,0,24,0,128,"SQ_INSTS_VALU",20986240.000000,2909267284077,2909267487337
207,207,"Agent 1",1,22407,22407,20480,5,"c_f32(float*, long long*, int)",32,0,0,24,0,128,"SQ_WAVES",640.000000,2909267284077,2909267487337
208,208,"Agent 1",1,22407,22407,20480,5,"c_f32(float*, long long*, int)",32,0,0,24,0,128,"SQ_INSTS_SALU",334720.000000,2909267512825,2909267715925
208,208,"Agent 1",1,22407,22407,20480,5,"c_f32(float*, long long*, int)",32,0,0,24,0,128,"SQ_INSTS_VALU",20986240.000000,2909267512825,2909267715925
208,208,"Agent 1",1,22407,22407,20480,5,"c_f32(float*, long long*, int)",32,0,0,24,0,128,"SQ_WAVES",640.000000,2909267512825,2909267715925
209,209,"Agent 1",1,22407,22407,20480,5,"c_f32(float*, long long*, int)",32,0,0,24,0,128,"SQ_INSTS_SALU",334720.000000,2909267741814,2909267945074
209,209,"Agent 1",1,22407,22407,20480,5,"c_f32(float*, long long*, int)",32,0,0,24,0,128,"SQ_INSTS_VALU",20986240.000000,2909267741814,2909267945074
209,209,"Agent 1",1,22407,22407,20480,5,"c_f32(float*, long long*, int)",32,0,0,24,0,128,"SQ_WAVES",640.000000,2909267741814,2909267945074
210,210,"Agent 1",1,22407,22407,20480,5,"c_f32(float*, long long*, int)",32,0,0,24,0,128,"SQ_INSTS_SALU",334720.000000,2909267971043,2909268174143
210,210,"Agent 1",1,22407,22407,20480,5,"c_f32(float*, long long*, int)",32,0,0,24,0,128,"SQ_INSTS_VALU",20986240.000000,2909267971043,2909268174143
210,210,"Agent 1",1,22407,22407,20480,5,"c_f32(float*, long long*, int)",32,0,0,24,0,128,"SQ_WAVES",640.000000,2909267971043,2909268174143
211,211,"Agent 1",1,22407,22407,20480,5,"c_f32(float*, long long*, int)",32,0,0,24,0,128,"SQ_INSTS_SALU",334720.000000,2909268198709,2909268401809
211,211,"Agent 1",1,22407,22407,20480,5,"c_f32(float*, long long*, int)",32,0,0,24,0,128,"SQ_INSTS_VALU",20986240.000000,2909268198709,2909268401809
211,211,"Agent 1",1,22407,22407,20480,5,"c_f32(float*, long long*, int)",32,0,0,24,0,128,"SQ_WAVES",640.000000,2909268198709,2909268401809
212,212,"Agent 1",1,22407,22407,20480,5,"c_f32(float*, long long*, int)",32,0,0,24,0,128,"SQ_INSTS_SALU",334720.000000,2909268426054,2909268629155
212,212,"Agent 1",1,22407,22407,20480,5,"c_f32(float*, long long*, int)",32,0,0,24,0,128,"SQ_INSTS_VALU",20986240.000000,2909268426054,2909268629155
212,212,"Agent 1",1,22407,22407,20480,5,"c_f32(float*, long long*, int)",32,0,0,24,0,128,"SQ_WAVES",640.000000,2909268426054,2909268629155
213,213,"Agent 1",1,22407,22407,20480,5,"c_f32(float*, long long*, int)",32,0,0,24,0,128,"SQ_INSTS_SALU",334720.000000,2909268655444,2909268858905
213,213,"Agent 1",1,22407,22407,20480,5,"c_f32(float*, long long*, int)",32,0,0,24,0,128,"SQ_INSTS_VALU",20986240.000000,2909268655444,2909268858905
213,213,"Agent 1",1,22407,22407,20480,5,"c_f32(float*, long long*, int)",32,0,0,24,0,128,"SQ_WAVES",640.000000,2909268655444,2909268858905
214,214,"Agent 1",1,22407,22407,20480,5,"c_f32(float*, long long*, int)",32,0,0,24,0,128,"SQ_INSTS_SALU",334720.000000,2909268884192,2909269087292
214,214,"Agent 1",1,22407,22407,20480,5,"c_f32(float*, long long*, int)",32,0,0,24,0,128,"SQ_INSTS_VALU",20986240.000000,2909268884192,2909269087292
214,214,"Agent 1",1,22407,22407,20480,5,"c_f32(float*, long long*, int)",32,0,0,24,0,128,"SQ_WAVES",640.000000,2909268884192,2909269087292
215,215,"Agent 1",1,22407,22407,20480,5,"c_f32(float*, long long*, int)",32,0,0,24,0,128,"SQ_INSTS_SALU",334720.000000,2909269112539,2909269315600
215,215,"Agent 1",1,22407,22407,20480,5,"c_f32(float*, long long*, int)",32,0,0,24,0,128,"SQ_INSTS_VALU",20986240.000000,2909269112539,2909269315600
215,215,"Agent 1",1,22407,22407,20480,5,"c_f32(float*, long long*, int)",32,0,0,24,0,128,"SQ_WAVES",640.000000,2909269112539,2909269315600
216,216,"Agent 1",1,22407,22407,20480,5,"c_f32(float*, long long*, int)",32,0,0,24,0,128,"SQ_INSTS_SALU",334720.000000,2909269340486,2909269543626
216,216,"Agent 1",1,22407,22407,20480,5,"c_f32(float*, long long*, int)",32,0,0,24,0,128,"SQ_INSTS_VALU",20986240.000000,2909269340486,2909269543626
216,216,"Agent 1",1,22407,22407,20480,5,"c_f32(float*, long long*, int)",32,0,0,24,0,128,"SQ_WAVES",640.000000,2909269340486,2909269543626
217,217,"Agent 1",1,22407,22407,20480,5,"c_f32(float*, long long*, int)",32,0,0,24,0,128,"SQ_INSTS_SALU",334720.000000,2909269569154,2909269772535
217,217,"Agent 1",1,22407,22407,20480,5,"c_f32(float*, long long*, int)",32,0,0,24,0,128,"SQ_INSTS_VALU",20986240.000000,2909269569154,2909269772535
217,217,"Agent 1",1,22407,22407,20480,5,"c_f32(float*, long long*, int)",32,0,0,24,0,128,"SQ_WAVES",640.000000,2909269569154,2909269772535
218,218,"Agent 1",1,22407,22407,20480,5,"c_f32(float*, long long*, int)",32,0,0,24,0,128,"SQ_INSTS_SALU",334720.000000,2909269796059,2909269999159
218,218,"Agent 1",1,22407,22407,20480,5,"c_f32(float*, long long*, int)",32,0,0,24,0,128,"SQ_INSTS_VALU",20986240.000000,2909269796059,2909269999159
218,218,"Agent 1",1,22407,22407,20480,5,"c_f32(float*, long long*, int)",32,0,0,24,0,128,"SQ_WAVES",640.000000,2909269796059,2909269999159
219,219,"Agent 1",1,22407,22407,20480,5,"c_f32(float*, long long*, int)",32,0,0,24,0,128,"SQ_INSTS_SALU",334720.000000,2909270027332,2909270230432
219,219,"Agent 1",1,22407,22407,20480,5,"c_f32(float*, long long*, int)",32,0,0,24,0,128,"SQ_INSTS_VALU",20986240.000000,2909270027332,2909270230432
219,219,"Agent 1",1,22407,22407,20480,5,"c_f32(float*, long long*, int)",32,0,0,24,0,128,"SQ_WAVES",640.000000,2909270027332,2909270230432
220,220,"Agent 1",1,22407,22407,20480,5,"c_f32(float*, long long*, int)",32,0,0,24,0,128,"SQ_INSTS_SALU",334720.000000,2909270255038,2909270458178
220,220,"Agent 1",1,22407,22407,20480,5,"c_f32(float*, long long*, int)",32,0,0,24,0,128,"SQ_INSTS_VALU",20986240.000000,2909270255038,2909270458178
220,220,"Agent 1",1,22407,22407,20480,5,"c_f32(float*, long long*, int)",32,0,0,24,0,128,"SQ_WAVES",640.000000,2909270255038,2909270458178
221,221,"Agent 1",1,22407,22407,20480,5,"c_f32(float*, long long*, int)",32,0,0,24,0,128,"SQ_INSTS_SALU",334720.000000,2909270500858,2909270704039
221,221,"Agent 1",1,22407,22407,20480,5,"c_f32(float*, long long*, int)",32,0,0,24,0,128,"SQ_INSTS_VALU",20986240.000000,2909270500858,2909270704039
221,221,"Agent 1",1,22407,22407,20480,5,"c_f32(float*, long long*, int)",32,0,0,24,0,128,"SQ_WAVES",640.000000,2909270500858,2909270704039
222,222,"Agent 1",1,22407,22407,20480,5,"c_f32(float*, long long*, int)",32,0,0,24,0,128,"SQ_INSTS_SALU",334720.000000,2909270728965,2909270932105
222,222,"Agent 1",1,22407,22407,20480,5,"c_f32(float*, long long*, int)",32,0,0,24,0,128,"SQ_INSTS_VALU",20986240.000000,2909270728965,2909270932105
222,222,"Agent 1",1,22407,22407,20480,5,"c_f32(float*, long long*, int)",32,0,0,24,0,128,"SQ_WAVES",640.000000,2909270728965,2909270932105
223,223,"Agent 1",1,22407,22407,20480,5,"c_f32(float*, long long*, int)",32,0,0,24,0,128,"SQ_INSTS_SALU",334720.000000,2909270957914,2909271161134
223,223,"Agent 1",1,22407,22407,20480,5,"c_f32(float*, long long*, int)",32,0,0,24,0,128,"SQ_INSTS_VALU",20986240.000000,2909270957914,2909271161134
223,223,"Agent 1",1,22407,22407,20480,5,"c_f32(float*, long long*, int)",32,0,0,24,0,128,"SQ_WAVES",640.000000,2909270957914,2909271161134
224,224,"Agent 1",1,22407,22407,20480,5,"c_f32(float*, long long*, int)",32,0,0,24,0,128,"SQ_INSTS_SALU",334720.000000,2909271185500,2909271388600
224,224,"Agent 1",1,22407,22407,20480,5,"c_f32(float*, long long*, int)",32,0,0,24,0,128,"SQ_INSTS_VALU",20986240.000000,2909271185500,2909271388600
224,224,"Agent 1",1,22407,22407,20480,5,"c_f32(float*, long long*, int)",32,0,0,24,0,128,"SQ_WAVES",640.000000,2909271185500,2909271388600
225,225,"Agent 1",1,22407,22407,512,11,"__amd_rocclr_copyBuffer",512,0,0,16,0,128,"SQ_INSTS_SALU",184.000000,2909271425910,2909271428635
225,225,"Agent 1",1,22407,22407,512,11,"__amd_rocclr_copyBuffer",512,0,0,16,0,128,"SQ_INSTS_VALU",268.000000,2909271425910,2909271428635
225,225,"Agent 1",1,22407,22407,512,11,"__amd_rocclr_copyBuffer",512,0,0,16,0,128,"SQ_WAVES",16.000000,2909271425910,2909271428635
226,226,"Agent 1",1,22407,22407,20480,4,"c_f16(float*, long long*, int)",32,0,0,24,0,128,"SQ_INSTS_SALU",334080.000000,2909271486623,2909271690124
226,226,"Agent 1",1,22407,22407,20480,4,"c_f16(float*, long long*, int)",32,0,0,24,0,128,"SQ_INSTS_VALU",20987520.000000,2909271486623,2909271690124
226,226,"Agent 1",1,22407,22407,20480,4,"c_f16(float*, long long*, int)",32,0,0,24,0,128,"SQ_WAVES",640.000000,2909271486623,2909271690124
227,227,"Agent 1",1,22407,22407,20480,4,"c_f16(float*, long long*, int)",32,0,0,24,0,128,"SQ_INSTS_SALU",334080.000000,2909271718297,2909271921678
227,227,"Agent 1",1,22407,22407,20480,4,"c_f16(float*, long long*, int)",32,0,0,24,0,128,"SQ_INSTS_VALU",20987520.000000,2909271718297,2909271921678
227,227,"Agent 1",1,22407,22407,20480,4,"c_f16(float*, long long*, int)",32,0,0,24,0,128,"SQ_WAVES",640.000000,2909271718297,2909271921678
228,228,"Agent 1",1,22407,22407,20480,4,"c_f16(float*, long long*, int)",32,0,0,24,0,128,"SQ_INSTS_SALU",334080.000000,2909271947686,2909272151067
228,228,"Agent 1",1,22407,22407,20480,4,"c_f16(float*, long long*, int)",32,0,0,24,0,128,"SQ_INSTS_VALU",20987520.000000,2909271947686,2909272151067
228,228,"Agent 1",1,22407,22407,20480,4,"c_f16(float*, long long*, int)",32,0,0,24,0,128,"SQ_WAVES",640.000000,2909271947686,2909272151067
229,229,"Agent 1",1,22407,22407,20480,4,"c_f16(float*, long long*, int)",32,0,0,24,0,128,"SQ_INSTS_SALU",334080.000000,2909272179721,2909272383142
229,229,"Agent 1",1,22407,22407,20480,4,"c_f16(float*, long long*, int)",32,0,0,24,0,128,"SQ_INSTS_VALU",20987520.000000,2909272179721,2909272383142
229,229,"Agent 1",1,22407,22407,20480,4,"c_f16(float*, long long*, int)",32,0,0,24,0,128,"SQ_WAVES",640.000000,2909272179721,2909272383142
230,230,"Agent 1",1,22407,22407,20480,4,"c_f16(float*, long long*, int)",32,0,0,24,0,128,"SQ_INSTS_SALU",334080.000000,2909272410873,2909272614535
230,230,"Agent 1",1,22407,22407,20480,4,"c_f16(float*, long long*, int)",32,0,0,24,0,128,"SQ_INSTS_VALU",20987520.000000,2909272410873,2909272614535
230,230,"Agent 1",1,22407,22407,20480,4,"c_f16(float*, long long*, int)",32,0,0,24,0,128,"SQ_WAVES",640.000000,2909272410873,2909272614535
231,231,"Agent 1",1,22407,22407,20480,4,"c_f16(float*, long long*, int)",32,0,0,24,0,128,"SQ_INSTS_SALU",334080.000000,2909272639261,2909272842642
231,231,"Agent 1",1,22407,22407,20480,4,"c_f16(float*, long long*, int)",32,0,0,24,0,128,"SQ_INSTS_VALU",20987520.000000,2909272639261,2909272842642
231,231,"Agent 1",1,22407,22407,20480,4,"c_f16(float*, long long*, int)",32,0,0,24,0,128,"SQ_WAVES",640.000000,2909272639261,2909272842642
232,232,"Agent 1",1,22407,22407,20480,4,"c_f16(float*, long long*, int)",32,0,0,24,0,128,"SQ_INSTS_SALU",334080.000000,2909272870854,2909273074235
232,232,"Agent 1",1,22407,22407,20480,4,"c_f16(float*, long long*, int)",32,0,0,24,0,128,"SQ_INSTS_VALU",20987520.000000,2909272870854,2909273074235
232,232,"Agent 1",1,22407,22407,20480,4,"c_f16(float*, long long*, int)",32,0,0,24,0,128,"SQ_WAVES",640.000000,2909272870854,2909273074235
233,233,"Agent 1",1,22407,22407,20480,4,"c_f16(float*, long long*, int)",32,0,0,24,0,128,"SQ_INSTS_SALU",334080.000000,2909273099643,2909273303064
233,233,"Agent 1",1,22407,22407,20480,4,"c_f16(float*, long long*, int)",32,0,0,24,0,128,"SQ_INSTS_VALU",20987520.000000,2909273099643,2909273303064
233,233,"Agent 1",1,22407,22407,20480,4,"c_f16(float*, long long*, int)",32,0,0,24,0,128,"SQ_WAVES",640.000000,2909273099643,2909273303064
234,234,"Agent 1",1,22407,22407,20480,4,"c_f16(float*, long long*, int)",32,0,0,24,0,128,"SQ_INSTS_SALU",334080.000000,2909273328030,2909273531611
234,234,"Agent 1",1,22407,22407,20480,4,"c_f16(float*, long long*, int)",32,0,0,24,0,128,"SQ_INSTS_VALU",20987520.000000,2909273328030,2909273531611
234,234,"Agent 1",1,22407,22407,20480,4,"c_f16(float*, long long*, int)",32,0,0,24,0,128,"SQ_WAVES",640.000000,2909273328030,2909273531611
235,235,"Agent 1",1,22407,22407,20480,4,"c_f16(float*, long long*, int)",32,0,0,24,0,128,"SQ_INSTS_SALU",334080.000000,2909273556578,2909273759999
235,235,"Agent 1",1,22407,22407,20480,4,"c_f16(float*, long long*, int)",32,0,0,24,0,128,"SQ_INSTS_VALU",20987520.000000,2909273556578,2909273759999
235,235,"Agent 1",1,22407,22407,20480,4,"c_f16(float*, long long*, int)",32,0,0,24,0,128,"SQ_WAVES",640.000000,2909273556578,2909273759999
236,236,"Agent 1",1,22407,22407,20480,4,"c_f16(float*, long long*, int)",32,0,0,24,0,128,"SQ_INSTS_SALU",334080.000000,2909273784445,2909273987865
236,236,"Agent 1",1,22407,22407,20480,4,"c_f16(float*, long long*, int)",32,0,0,24,0,128,"SQ_INSTS_VALU",20987520.000000,2909273784445,2909273987865
236,236,"Agent 1",1,22407,22407,20480,4,"c_f16(float*, long long*, int)",32,0,0,24,0,128,"SQ_WAVES",640.000000,2909273784445,2909273987865
237,237,"Agent 1",1,22407,22407,20480,4,"c_f16(float*, long long*, int)",32,0,0,24,0,128,"SQ_INSTS_SALU",334080.000000,2909274014595,2909274218016
237,237,"Agent 1",1,22407,22407,20480,4,"c_f16(float*, long long*, int)",32,0,0,24,0,128,"SQ_INSTS_VALU",20987520.000000,2909274014595,2909274218016
237,237,"Agent 1",1,22407,22407,20480,4,"c_f16(float*, long long*, int)",32,0,0,24,0,128,"SQ_WAVES",640.000000,2909274014595,2909274218016
238,238,"Agent 1",1,22407,22407,20480,4,"c_f16(float*, long long*, int)",32,0,0,24,0,128,"SQ_INSTS_SALU",334080.000000,2909274242662,2909274446283
238,238,"Agent 1",1,22407,22407,20480,4,"c_f16(float*, long long*, int)",32,0,0,24,0,128,"SQ_INSTS_VALU",20987520.000000,2909274242662,2909274446283
238,238,"Agent 1",1,22407,22407,20480,4,"c_f16(float*, long long*, int)",32,0,0,24,0,128,"SQ_WAVES",640.000000,2909274242662,2909274446283
239,239,"Agent 1",1,22407,22407,20480,4,"c_f16(float*, long long*, int)",32,0,0,24,0,128,"SQ_INSTS_SALU",334080.000000,2909274470970,2909274674350
239,239,"Agent 1",1,22407,22407,20480,4,"c_f16(float*, long long*, int)",32,0,0,24,0,128,"SQ_INSTS_VALU",20987520.000000,2909274470970,2909274674350
239,239,"Agent 1",1,22407,22407,20480,4,"c_f16(float*, long long*, int)",32,0,0,24,0,128,"SQ_WAVES",640.000000,2909274470970,2909274674350
240,240,"Agent 1",1,22407,22407,20480,4,"c_f16(float*, long long*, int)",32,0,0,24,0,128,"SQ_INSTS_SALU",334080.000000,2909274698876,2909274902337
240,240,"Agent 1",1,22407,22407,20480,4,"c_f16(float*, long long*, int)",32,0,0,24,0,128,"SQ_INSTS_VALU",20987520.000000,2909274698876,2909274902337
240,240,"Agent 1",1,22407,22407,20480,4,"c_f16(float*, long long*, int)",32,0,0,24,0,128,"SQ_WAVES",640.000000,2909274698876,2909274902337
241,241,"Agent 1",1,22407,22407,20480,4,"c_f16(float*, long long*, int)",32,0,0,24,0,128,"SQ_INSTS_SALU",334080.000000,2909274929067,2909275132568
241,241,"Agent 1",1,22407,22407,20480,4,"c_f16(float*, long long*, int)",32,0,0,24,0,128,"SQ_INSTS_VALU",20987520.000000,2909274929067,2909275132568
241,241,"Agent 1",1,22407,22407,20480,4,"c_f16(float*, long long*, int)",32,0,0,24,0,128,"SQ_WAVES",640.000000,2909274929067,2909275132568
242,242,"Agent 1",1,22407,22407,20480,4,"c_f16(float*, long long*, int)",32,0,0,24,0,128,"SQ_INSTS_SALU",334080.000000,2909275158296,2909275361877
242,242,"Agent 1",1,22407,22407,20480,4,"c_f16(float*, long long*, int)",32,0,0,24,0,128,"SQ_INSTS_VALU",20987520.000000,2909275158296,2909275361877
242,242,"Agent 1",1,22407,22407,20480,4,"c_f16(float*, long long*, int)",32,0,0,24,0,128,"SQ_WAVES",640.000000,2909275158296,2909275361877
243,243,"Agent 1",1,22407,22407,20480,4,"c_f16(float*, long long*, int)",32,0,0,24,0,128,"SQ_INSTS_SALU",334080.000000,2909275386323,2909275589784
243,243,"Agent 1",1,22407,22407,20480,4,"c_f16(float*, long long*, int)",32,0,0,24,0,128,"SQ_INSTS_VALU",20987520.000000,2909275386323,2909275589784
243,243,"Agent 1",1,22407,22407,20480,4,"c_f16(float*, long long*, int)",32,0,0,24,0,128,"SQ_WAVES",640.000000,2909275386323,2909275589784
244,244,"Agent 1",1,22407,22407,20480,4,"c_f16(float*, long long*, int)",32,0,0,24,0,128,"SQ_INSTS_SALU",334080.000000,2909275614029,2909275817450
244,244,"Agent 1",1,22407,22407,20480,4,"c_f16(float*, long long*, int)",32,0,0,24,0,128,"SQ_INSTS_VALU",20987520.000000,2909275614029,2909275817450
244,244,"Agent 1",1,22407,22407,20480,4,"c_f16(float*, long long*, int)",32,0,0,24,0,128,"SQ_WAVES",640.000000,2909275614029,2909275817450
245,245,"Agent 1",1,22407,22407,20480,4,"c_f16(float*, long long*, int)",32,0,0,24,0,128,"SQ_INSTS_SALU",334080.000000,2909275843058,2909276046479
245,245,"Agent 1",1,22407,22407,20480,4,"c_f16(float*, long long*, int)",32,0,0,24,0,128,"SQ_INSTS_VALU",20987520.000000,2909275843058,2909276046479
245,245,"Agent 1",1,22407,22407,20480,4,"c_f16(float*, long long*, int)",32,0,0,24,0,128,"SQ_WAVES",640.000000,2909275843058,2909276046479
246,246,"Agent 1",1,22407,22407,20480,4,"c_f16(float*, long long*, int)",32,0,0,24,0,128,"SQ_INSTS_SALU",334080.000000,2909276088157,2909276291738
246,246,"Agent 1",1,22407,22407,20480,4,"c_f16(float*, long long*, int)",32,0,0,24,0,128,"SQ_INSTS_VALU",20987520.000000,2909276088157,2909276291738
246,246,"Agent 1",1,22407,22407,20480,4,"c_f16(float*, long long*, int)",32,0,0,24,0,128,"SQ_WAVES",640.000000,2909276088157,2909276291738
247,247,"Agent 1",1,22407,22407,20480,4,"c_f16(float*, long long*, int)",32,0,0,24,0,128,"SQ_INSTS_SALU",334080.000000,2909276316865,2909276520246
247,247,"Agent 1",1,22407,22407,20480,4,"c_f16(float*, long long*, int)",32,0,0,24,0,128,"SQ_INSTS_VALU",20987520.000000,2909276316865,2909276520246
247,247,"Agent 1",1,22407,22407,20480,4,"c_f16(float*, long long*, int)",32,0,0,24,0,128,"SQ_WAVES",640.000000,2909276316865,2909276520246
248,248,"Agent 1",1,22407,22407,20480,4,"c_f16(float*, long long*, int)",32,0,0,24,0,128,"SQ_INSTS_SALU",334080.000000,2909276545453,2909276749114
248,248,"Agent 1",1,22407,22407,20480,4,"c_f16(float*, long long*, int)",32,0,0,24,0,128,"SQ_INSTS_VALU",20987520.000000,2909276545453,2909276749114
248,248,"Agent 1",1,22407,22407,20480,4,"c_f16(float*, long long*, int)",32,0,0,24,0,128,"SQ_WAVES",640.000000,2909276545453,2909276749114
249,249,"Agent 1",1,22407,22407,20480,4,"c_f16(float*, long long*, int)",32,0,0,24,0,128,"SQ_INSTS_SALU",334080.000000,2909276773760,2909276977181
249,249,"Agent 1",1,22407,22407,20480,4,"c_f16(float*, long long*, int)",32,0,0,24,0,128,"SQ_INSTS_VALU",20987520.000000,2909276773760,2909276977181
249,249,"Agent 1",1,22407,22407,20480,4,"c_f16(float*, long long*, int)",32,0,0,24,0,128,"SQ_WAVES",640.000000,2909276773760,2909276977181
250,250,"Agent 1",1,22407,22407,512,11,"__amd_rocclr_copyBuffer",512,0,0,16,0,128,"SQ_INSTS_SALU",184.000000,2909277016374,2909277018819
250,250,"Agent 1",1,22407,22407,512,11,"__amd_rocclr_copyBuffer",512,0,0,16,0,128,"SQ_INSTS_VALU",268.000000,2909277016374,2909277018819
250,250,"Agent 1",1,22407,22407,512,11,"__amd_rocclr_copyBuffer",512,0,0,16,0,128,"SQ_WAVES",16.000000,2909277016374,2909277018819
251,251,"Agent 1",1,22407,22407,20480,3,"c_f16x2(float*, long long*, int)",32,0,0,24,0,128,"SQ_INSTS_SALU",334080.000000,2909277075645,2909277279427
251,251,"Agent 1",1,22407,22407,20480,3,"c_f16x2(float*, long long*, int)",32,0,0,24,0,128,"SQ_INSTS_VALU",20987520.000000,2909277075645,2909277279427
251,251,"Agent 1",1,22407,22407,20480,3,"c_f16x2(float*, long long*, int)",32,0,0,24,0,128,"SQ_WAVES",640.000000,2909277075645,2909277279427
252,252,"Agent 1",1,22407,22407,20480,3,"c_f16x2(float*, long long*, int)",32,0,0,24,0,128,"SQ_INSTS_SALU",334080.000000,2909277308040,2909277511742
252,252,"Agent 1",1,22407,22407,20480,3,"c_f16x2(float*, long long*, int)",32,0,0,24,0,128,"SQ_INSTS_VALU",20987520.000000,2909277308040,2909277511742
252,252,"Agent 1",1,22407,22407,20480,3,"c_f16x2(float*, long long*, int)",32,0,0,24,0,128,"SQ_WAVES",640.000000,2909277308040,2909277511742
253,253,"Agent 1",1,22407,22407,20480,3,"c_f16x2(float*, long long*, int)",32,0,0,24,0,128,"SQ_INSTS_SALU",334080.000000,2909277538231,2909277741852
253,253,"Agent 1",1,22407,22407,20480,3,"c_f16x2(float*, long long*, int)",32,0,0,24,0,128,"SQ_INSTS_VALU",20987520.000000,2909277538231,2909277741852
253,253,"Agent 1",1,22407,22407,20480,3,"c_f16x2(float*, long long*, int)",32,0,0,24,0,128,"SQ_WAVES",640.000000,2909277538231,2909277741852
254,254,"Agent 1",1,22407,22407,20480,3,"c_f16x2(float*, long long*, int)",32,0,0,24,0,128,"SQ_INSTS_SALU",334080.000000,2909277768101,2909277971723
254,254,"Agent 1",1,22407,22407,20480,3,"c_f16x2(float*, long long*, int)",32,0,0,24,0,128,"SQ_INSTS_VALU",20987520.000000,2909277768101,2909277971723
254,254,"Agent 1",1,22407,22407,20480,3,"c_f16x2(float*, long long*, int)",32,0,0,24,0,128,"SQ_WAVES",640.000000,2909277768101,2909277971723
255,255,"Agent 1",1,22407,22407,20480,3,"c_f16x2(float*, long long*, int)",32,0,0,24,0,128,"SQ_INSTS_SALU",334080.000000,2909277997411,2909278201192
255,255,"Agent 1",1,22407,22407,20480,3,"c_f16x2(float*, long long*, int)",32,0,0,24,0,128,"SQ_INSTS_VALU",20987520.000000,2909277997411,2909278201192
255,255,"Agent 1",1,22407,22407,20480,3,"c_f16x2(float*, long long*, int)",32,0,0,24,0,128,"SQ_WAVES",640.000000,2909277997411,2909278201192
256,256,"Agent 1",1,22407,22407,20480,3,"c_f16x2(float*, long long*, int)",32,0,0,24,0,128,"SQ_INSTS_SALU",334080.000000,2909278228844,2909278432465
256,256,"Agent 1",1,22407,22407,20480,3,"c_f16x2(float*, long long*, int)",32,0,0,24,0,128,"SQ_INSTS_VALU",20987520.000000,2909278228844,2909278432465
256,256,"Agent 1",1,22407,22407,20480,3,"c_f16x2(float*, long long*, int)",32,0,0,24,0,128,"SQ_WAVES",640.000000,2909278228844,2909278432465
257,257,"Agent 1",1,22407,22407,20480,3,"c_f16x2(float*, long long*, int)",32,0,0,24,0,128,"SQ_INSTS_SALU",334080.000000,2909278458634,2909278662335
257,257,"Agent 1",1,22407,22407,20480,3,"c_f16x2(float*, long long*, int)",32,0,0,24,0,128,"SQ_INSTS_VALU",20987520.000000,2909278458634,2909278662335
257,257,"Agent 1",1,22407,22407,20480,3,"c_f16x2(float*, long long*, int)",32,0,0,24,0,128,"SQ_WAVES",640.000000,2909278458634,2909278662335
258,258,"Agent 1",1,22407,22407,20480,3,"c_f16x2(float*, long long*, int)",32,0,0,24,0,128,"SQ_INSTS_SALU",334080.000000,2909278689065,2909278892646
258,258,"Agent 1",1,22407,22407,20480,3,"c_f16x2(float*, long long*, int)",32,0,0,24,0,128,"SQ_INSTS_VALU",20987520.000000,2909278689065,2909278892646
258,258,"Agent 1",1,22407,22407,20480,3,"c_f16x2(float*, long long*, int)",32,0,0,24,0,128,"SQ_WAVES",640.000000,2909278689065,2909278892646
259,259,"Agent 1",1,22407,22407,20480,3,"c_f16x2(float*, long long*, int)",32,0,0,24,0,128,"SQ_INSTS_SALU",334080.000000,2909278916852,2909279120633
259,259,"Agent 1",1,22407,22407,20480,3,"c_f16x2(float*, long long*, int)",32,0,0,24,0,128,"SQ_INSTS_VALU",20987520.000000,2909278916852,2909279120633
259,259,"Agent 1",1,22407,22407,20480,3,"c_f16x2(float*, long long*, int)",32,0,0,24,0,128,"SQ_WAVES",640.000000,2909278916852,2909279120633
260,260,"Agent 1",1,22407,22407,20480,3,"c_f16x2(float*, long long*, int)",32,0,0,24,0,128,"SQ_INSTS_SALU",334080.000000,2909279144999,2909279348620
260,260,"Agent 1",1,22407,22407,20480,3,"c_f16x2(float*, long long*, int)",32,0,0,24,0,128,"SQ_INSTS_VALU",20987520.000000,2909279144999,2909279348620
260,260,"Agent 1",1,22407,22407,20480,3,"c_f16x2(float*, long long*, int)",32,0,0,24,0,128,"SQ_WAVES",640.000000,2909279144999,2909279348620
261,261,"Agent 1",1,22407,22407,20480,3,"c_f16x2(float*, long long*, int)",32,0,0,24,0,128,"SQ_INSTS_SALU",334080.000000,2909279374068,2909279577729
261,261,"Agent 1",1,22407,22407,20480,3,"c_f16x2(float*, long long*, int)",32,0,0,24,0,128,"SQ_INSTS_VALU",20987520.000000,2909279374068,2909279577729
261,261,"Agent 1",1,22407,22407,20480,3,"c_f16x2(float*, long long*, int)",32,0,0,24,0,128,"SQ_WAVES",640.000000,2909279374068,2909279577729
262,262,"Agent 1",1,22407,22407,20480,3,"c_f16x2(float*, long long*, int)",32,0,0,24,0,128,"SQ_INSTS_SALU",334080.000000,2909279603457,2909279807038
262,262,"Agent 1",1,22407,22407,20480,3,"c_f16x2(float*, long long*, int)",32,0,0,24,0,128,"SQ_INSTS_VALU",20987520.000000,2909279603457,2909279807038
262,262,"Agent 1",1,22407,22407,20480,3,"c_f16x2(float*, long long*, int)",32,0,0,24,0,128,"SQ_WAVES",640.000000,2909279603457,2909279807038
263,263,"Agent 1",1,22407,22407,20480,3,"c_f16x2(float*, long long*, int)",32,0,0,24,0,128,"SQ_INSTS_SALU",334080.000000,2909279832927,2909280036828
263,263,"Agent 1",1,22407,22407,20480,3,"c_f16x2(float*, long long*, int)",32,0,0,24,0,128,"SQ_INSTS_VALU",20987520.000000,2909279832927,2909280036828
263,263,"Agent 1",1,22407,22407,20480,3,"c_f16x2(float*, long long*, int)",32,0,0,24,0,128,"SQ_WAVES",640.000000,2909279832927,2909280036828
264,264,"Agent 1",1,22407,22407,20480,3,"c_f16x2(float*, long long*, int)",32,0,0,24,0,128,"SQ_INSTS_SALU",334080.000000,2909280062516,2909280266177
264,264,"Agent 1",1,22407,22407,20480,3,"c_f16x2(float*, long long*, int)",32,0,0,24,0,128,"SQ_INSTS_VALU",20987520.000000,2909280062516,2909280266177
264,264,"Agent 1",1,22407,22407,20480,3,"c_f16x2(float*, long long*, int)",32,0,0,24,0,128,"SQ_WAVES",640.000000,2909280062516,2909280266177
265,265,"Agent 1",1,22407,22407,20480,3,"c_f16x2(float*, long long*, int)",32,0,0,24,0,128,"SQ_INSTS_SALU",334080.000000,2909280290463,2909280494084
265,265,"Agent 1",1,22407,22407,20480,3,"c_f16x2(float*, long long*, int)",32,0,0,24,0,128,"SQ_INSTS_VALU",20987520.000000,2909280290463,2909280494084
265,265,"Agent 1",1,22407,22407,20480,3,"c_f16x2(float*, long long*, int)",32,0,0,24,0,128,"SQ_WAVES",640.000000,2909280290463,2909280494084
266,266,"Agent 1",1,22407,22407,20480,3,"c_f16x2(float*, long long*, int)",32,0,0,24,0,128,"SQ_INSTS_SALU",334080.000000,2909280518650,2909280722311
266,266,"Agent 1",1,22407,22407,20480,3,"c_f16x2(float*, long long*, int)",32,0,0,24,0,128,"SQ_INSTS_VALU",20987520.000000,2909280518650,2909280722311
266,266,"Agent 1",1,22407,22407,20480,3,"c_f16x2(float*, long long*, int)",32,0,0,24,0,128,"SQ_WAVES",640.000000,2909280518650,2909280722311
267,267,"Agent 1",1,22407,22407,20480,3,"c_f16x2(float*, long long*, int)",32,0,0,24,0,128,"SQ_INSTS_SALU",334080.000000,2909280746757,2909280950539
267,267,"Agent 1",1,22407,22407,20480,3,"c_f16x2(float*, long long*, int)",32,0,0,24,0,128,"SQ_INSTS_VALU",20987520.000000,2909280746757,2909280950539
267,267,"Agent 1",1,22407,22407,20480,3,"c_f16x2(float*, long long*, int)",32,0,0,24,0,128,"SQ_WAVES",640.000000,2909280746757,2909280950539
268,268,"Agent 1",1,22407,22407,20480,3,"c_f16x2(float*, long long*, int)",32,0,0,24,0,128,"SQ_INSTS_SALU",334080.000000,2909280974824,2909281178445
268,268,"Agent 1",1,22407,22407,20480,3,"c_f16x2(float*, long long*, int)",32,0,0,24,0,128,"SQ_INSTS_VALU",20987520.000000,2909280974824,2909281178445
268,268,"Agent 1",1,22407,22407,20480,3,"c_f16x2(float*, long long*, int)",32,0,0,24,0,128,"SQ_WAVES",640.000000,2909280974824,2909281178445
269,269,"Agent 1",1,22407,22407,20480,3,"c_f16x2(float*, long long*, int)",32,0,0,24,0,128,"SQ_INSTS_SALU",334080.000000,2909281204574,2909281408275
269,269,"Agent 1",1,22407,22407,20480,3,"c_f16x2(float*, long long*, int)",32,0,0,24,0,128,"SQ_INSTS_VALU",20987520.000000,2909281204574,2909281408275
269,269,"Agent 1",1,22407,22407,20480,3,"c_f16x2(float*, long long*, int)",32,0,0,24,0,128,"SQ_WAVES",640.000000,2909281204574,2909281408275
270,270,"Agent 1",1,22407,22407,20480,3,"c_f16x2(float*, long long*, int)",32,0,0,24,0,128,"SQ_INSTS_SALU",334080.000000,2909281433362,2909281637024
270,270,"Agent 1",1,22407,22407,20480,3,"c_f16x2(float*, long long*, int)",32,0,0,24,0,128,"SQ_INSTS_VALU",20987520.000000,2909281433362,2909281637024
270,270,"Agent 1",1,22407,22407,20480,3,"c_f16x2(float*, long long*, int)",32,0,0,24,0,128,"SQ_WAVES",640.000000,2909281433362,2909281637024
271,271,"Agent 1",1,22407,22407,20480,3,"c_f16x2(float*, long long*, int)",32,0,0,24,0,128,"SQ_INSTS_SALU",334080.000000,2909281679263,2909281882924
271,271,"Agent 1",1,22407,22407,20480,3,"c_f16x2(float*, long long*, int)",32,0,0,24,0,128,"SQ_INSTS_VALU",20987520.000000,2909281679263,2909281882924
271,271,"Agent 1",1,22407,22407,20480,3,"c_f16x2(float*, long long*, int)",32,0,0,24,0,128,"SQ_WAVES",640.000000,2909281679263,2909281882924
272,272,"Agent 1",1,22407,22407,20480,3,"c_f16x2(float*, long long*, int)",32,0,0,24,0,128,"SQ_INSTS_SALU",334080.000000,2909281908331,2909282111993
272,272,"Agent 1",1,22407,22407,20480,3,"c_f16x2(float*, long long*, int)",32,0,0,24,0,128,"SQ_INSTS_VALU",20987520.000000,2909281908331,2909282111993
272,272,"Agent 1",1,22407,22407,20480,3,"c_f16x2(float*, long long*, int)",32,0,0,24,0,128,"SQ_WAVES",640.000000,2909281908331,2909282111993
273,273,"Agent 1",1,22407,22407,20480,3,"c_f16x2(float*, long long*, int)",32,0,0,24,0,128,"SQ_INSTS_SALU",334080.000000,2909282136639,2909282340420
273,273,"Agent 1",1,22407,22407,20480,3,"c_f16x2(float*, long long*, int)",32,0,0,24,0,128,"SQ_INSTS_VALU",20987520.000000,2909282136639,2909282340420
273,273,"Agent 1",1,22407,22407,20480,3,"c_f16x2(float*, long long*, int)",32,0,0,24,0,128,"SQ_WAVES",640.000000,2909282136639,2909282340420
274,274,"Agent 1",1,22407,22407,20480,3,"c_f16x2(float*, long long*, int)",32,0,0,24,0,128,"SQ_INSTS_SALU",334080.000000,2909282365427,2909282569048
274,274,"Agent 1",1,22407,22407,20480,3,"c_f16x2(float*, long long*, int)",32,0,0,24,0,128,"SQ_INSTS_VALU",20987520.000000,2909282365427,2909282569048
274,274,"Agent 1",1,22407,22407,20480,3,"c_f16x2(float*, long long*, int)",32,0,0,24,0,128,"SQ_WAVES",640.000000,2909282365427,2909282569048
275,275,"Agent 1",1,22407,22407,512,11,"__amd_rocclr_copyBuffer",512,0,0,16,0,128,"SQ_INSTS_SALU",184.000000,2909282607680,2909282610125
275,275,"Agent 1",1,22407,22407,512,11,"__amd_rocclr_copyBuffer",512,0,0,16,0,128,"SQ_INSTS_VALU",268.000000,2909282607680,2909282610125
275,275,"Agent 1",1,22407,22407,512,11,"__amd_rocclr_copyBuffer",512,0,0,16,0,128,"SQ_WAVES",16.000000,2909282607680,2909282610125
276,276,"Agent 1",1,22407,22407,20480,1,"c_dp4a(float*, long long*, int)",32,0,0,8,0,128,"SQ_INSTS_SALU",254298880.000000,2909282666310,2909285248744
276,276,"Agent 1",1,22407,22407,20480,1,"c_dp4a(float*, long long*, int)",32,0,0,8,0,128,"SQ_INSTS_VALU",3200.000000,2909282666310,2909285248744
276,276,"Agent 1",1,22407,22407,20480,1,"c_dp4a(float*, long long*, int)",32,0,0,8,0,128,"SQ_WAVES",640.000000,2909282666310,2909285248744
277,277,"Agent 1",1,22407,22407,20480,1,"c_dp4a(float*, long long*, int)",32,0,0,8,0,128,"SQ_INSTS_SALU",254298880.000000,2909285275194,2909287857227
277,277,"Agent 1",1,22407,22407,20480,1,"c_dp4a(float*, long long*, int)",32,0,0,8,0,128,"SQ_INSTS_VALU",3200.000000,2909285275194,2909287857227
277,277,"Agent 1",1,22407,22407,20480,1,"c_dp4a(float*, long long*, int)",32,0,0,8,0,128,"SQ_WAVES",640.000000,2909285275194,2909287857227
278,278,"Agent 1",1,22407,22407,20480,1,"c_dp4a(float*, long long*, int)",32,0,0,8,0,128,"SQ_INSTS_SALU",254298880.000000,2909287885520,2909290467553
278,278,"Agent 1",1,22407,22407,20480,1,"c_dp4a(float*, long long*, int)",32,0,0,8,0,128,"SQ_INSTS_VALU",3200.000000,2909287885520,2909290467553
278,278,"Agent 1",1,22407,22407,20480,1,"c_dp4a(float*, long long*, int)",32,0,0,8,0,128,"SQ_WAVES",640.000000,2909287885520,2909290467553
279,279,"Agent 1",1,22407,22407,20480,1,"c_dp4a(float*, long long*, int)",32,0,0,8,0,128,"SQ_INSTS_SALU",254298880.000000,2909290493922,2909293076356
279,279,"Agent 1",1,22407,22407,20480,1,"c_dp4a(float*, long long*, int)",32,0,0,8,0,128,"SQ_INSTS_VALU",3200.000000,2909290493922,2909293076356
279,279,"Agent 1",1,22407,22407,20480,1,"c_dp4a(float*, long long*, int)",32,0,0,8,0,128,"SQ_WAVES",640.000000,2909290493922,2909293076356
280,280,"Agent 1",1,22407,22407,20480,1,"c_dp4a(float*, long long*, int)",32,0,0,8,0,128,"SQ_INSTS_SALU",254298880.000000,2909293103728,2909295686562
280,280,"Agent 1",1,22407,22407,20480,1,"c_dp4a(float*, long long*, int)",32,0,0,8,0,128,"SQ_INSTS_VALU",3200.000000,2909293103728,2909295686562
280,280,"Agent 1",1,22407,22407,20480,1,"c_dp4a(float*, long long*, int)",32,0,0,8,0,128,"SQ_WAVES",640.000000,2909293103728,2909295686562
281,281,"Agent 1",1,22407,22407,20480,1,"c_dp4a(float*, long long*, int)",32,0,0,8,0,128,"SQ_INSTS_SALU",254298880.000000,2909295713262,2909298295616
281,281,"Agent 1",1,22407,22407,20480,1,"c_dp4a(float*, long long*, int)",32,0,0,8,0,128,"SQ_INSTS_VALU",3200.000000,2909295713262,2909298295616
281,281,"Agent 1",1,22407,22407,20480,1,"c_dp4a(float*, long long*, int)",32,0,0,8,0,128,"SQ_WAVES",640.000000,2909295713262,2909298295616
282,282,"Agent 1",1,22407,22407,20480,1,"c_dp4a(float*, long long*, int)",32,0,0,8,0,128,"SQ_INSTS_SALU",254298880.000000,2909298324990,2909300907585
282,282,"Agent 1",1,22407,22407,20480,1,"c_dp4a(float*, long long*, int)",32,0,0,8,0,128,"SQ_INSTS_VALU",3200.000000,2909298324990,2909300907585
282,282,"Agent 1",1,22407,22407,20480,1,"c_dp4a(float*, long long*, int)",32,0,0,8,0,128,"SQ_WAVES",640.000000,2909298324990,2909300907585
283,283,"Agent 1",1,22407,22407,20480,1,"c_dp4a(float*, long long*, int)",32,0,0,8,0,128,"SQ_INSTS_SALU",254298880.000000,2909300934235,2909303516509
283,283,"Agent 1",1,22407,22407,20480,1,"c_dp4a(float*, long long*, int)",32,0,0,8,0,128,"SQ_INSTS_VALU",3200.000000,2909300934235,2909303516509
283,283,"Agent 1",1,22407,22407,20480,1,"c_dp4a(float*, long long*, int)",32,0,0,8,0,128,"SQ_WAVES",640.000000,2909300934235,2909303516509
284,284,"Agent 1",1,22407,22407,20480,1,"c_dp4a(float*, long long*, int)",32,0,0,8,0,128,"SQ_INSTS_SALU",254298880.000000,2909303544241,2909306126836
284,284,"Agent 1",1,22407,22407,20480,1,"c_dp4a(float*, long long*, int)",32,0,0,8,0,128,"SQ_INSTS_VALU",3200.000000,2909303544241,2909306126836
284,284,"Agent 1",1,22407,22407,20480,1,"c_dp4a(float*, long long*, int)",32,0,0,8,0,128,"SQ_WAVES",640.000000,2909303544241,2909306126836
285,285,"Agent 1",1,22407,22407,20480,1,"c_dp4a(float*, long long*, int)",32,0,0,8,0,128,"SQ_INSTS_SALU",254298880.000000,2909306153205,2909308735679
285,285,"Agent 1",1,22407,22407,20480,1,"c_dp4a(float*, long long*, int)",32,0,0,8,0,128,"SQ_INSTS_VALU",3200.000000,2909306153205,2909308735679
285,285,"Agent 1",1,22407,22407,20480,1,"c_dp4a(float*, long long*, int)",32,0,0,8,0,128,"SQ_WAVES",640.000000,2909306153205,2909308735679
286,286,"Agent 1",1,22407,22407,20480,1,"c_dp4a(float*, long long*, int)",32,0,0,8,0,128,"SQ_INSTS_SALU",254298880.000000,2909308761728,2909311344043
286,286,"Agent 1",1,22407,22407,20480,1,"c_dp4a(float*, long long*, int)",32,0,0,8,0,128,"SQ_INSTS_VALU",3200.000000,2909308761728,2909311344043
286,286,"Agent 1",1,22407,22407,20480,1,"c_dp4a(float*, long long*, int)",32,0,0,8,0,128,"SQ_WAVES",640.000000,2909308761728,2909311344043
287,287,"Agent 1",1,22407,22407,20480,1,"c_dp4a(float*, long long*, int)",32,0,0,8,0,128,"SQ_INSTS_SALU",254298880.000000,2909311369170,2909313951524
287,287,"Agent 1",1,22407,22407,20480,1,"c_dp4a(float*, long long*, int)",32,0,0,8,0,128,"SQ_INSTS_VALU",3200.000000,2909311369170,2909313951524
287,287,"Agent 1",1,22407,22407,20480,1,"c_dp4a(float*, long long*, int)",32,0,0,8,0,128,"SQ_WAVES",640.000000,2909311369170,2909313951524
288,288,"Agent 1",1,22407,22407,20480,1,"c_dp4a(float*, long long*, int)",32,0,0,8,0,128,"SQ_INSTS_SALU",254298880.000000,2909313977212,2909316559927
288,288,"Agent 1",1,22407,22407,20480,1,"c_dp4a(float*, long long*, int)",32,0,0,8,0,128,"SQ_INSTS_VALU",3200.000000,2909313977212,2909316559927
288,288,"Agent 1",1,22407,22407,20480,1,"c_dp4a(float*, long long*, int)",32,0,0,8,0,128,"SQ_WAVES",640.000000,2909313977212,2909316559927
289,289,"Agent 1",1,22407,22407,20480,1,"c_dp4a(float*, long long*, int)",32,0,0,8,0,128,"SQ_INSTS_SALU",254298880.000000,2909316585174,2909319167809
289,289,"Agent 1",1,22407,22407,20480,1,"c_dp4a(float*, long long*, int)",32,0,0,8,0,128,"SQ_INSTS_VALU",3200.000000,2909316585174,2909319167809
289,289,"Agent 1",1,22407,22407,20480,1,"c_dp4a(float*, long long*, int)",32,0,0,8,0,128,"SQ_WAVES",640.000000,2909316585174,2909319167809
290,290,"Agent 1",1,22407,22407,20480,1,"c_dp4a(float*, long long*, int)",32,0,0,8,0,128,"SQ_INSTS_SALU",254298880.000000,2909319193257,2909321775772
290,290,"Agent 1",1,22407,22407,20480,1,"c_dp4a(float*, long long*, int)",32,0,0,8,0,128,"SQ_INSTS_VALU",3200.000000,2909319193257,2909321775772
290,290,"Agent 1",1,22407,22407,20480,1,"c_dp4a(float*, long long*, int)",32,0,0,8,0,128,"SQ_WAVES",640.000000,2909319193257,2909321775772
291,291,"Agent 1",1,22407,22407,20480,1,"c_dp4a(float*, long long*, int)",32,0,0,8,0,128,"SQ_INSTS_SALU",254298880.000000,2909321800418,2909324383053
291,291,"Agent 1",1,22407,22407,20480,1,"c_dp4a(float*, long long*, int)",32,0,0,8,0,128,"SQ_INSTS_VALU",3200.000000,2909321800418,2909324383053
291,291,"Agent 1",1,22407,22407,20480,1,"c_dp4a(float*, long long*, int)",32,0,0,8,0,128,"SQ_WAVES",640.000000,2909321800418,2909324383053
292,292,"Agent 1",1,22407,22407,20480,1,"c_dp4a(float*, long long*, int)",32,0,0,8,0,128,"SQ_INSTS_SALU",254298880.000000,2909324410464,2909326993299
292,292,"Agent 1",1,22407,22407,20480,1,"c_dp4a(float*, long long*, int)",32,0,0,8,0,128,"SQ_INSTS_VALU",3200.000000,2909324410464,2909326993299
292,292,"Agent 1",1,22407,22407,20480,1,"c_dp4a(float*, long long*, int)",32,0,0,8,0,128,"SQ_WAVES",640.000000,2909324410464,2909326993299
293,293,"Agent 1",1,22407,22407,20480,1,"c_dp4a(float*, long long*, int)",32,0,0,8,0,128,"SQ_INSTS_SALU",254298880.000000,2909327019468,2909329601863
293,293,"Agent 1",1,22407,22407,20480,1,"c_dp4a(float*, long long*, int)",32,0,0,8,0,128,"SQ_INSTS_VALU",3200.000000,2909327019468,2909329601863
293,293,"Agent 1",1,22407,22407,20480,1,"c_dp4a(float*, long long*, int)",32,0,0,8,0,128,"SQ_WAVES",640.000000,2909327019468,2909329601863
294,294,"Agent 1",1,22407,22407,20480,1,"c_dp4a(float*, long long*, int)",32,0,0,8,0,128,"SQ_INSTS_SALU",254298880.000000,2909329627030,2909332209584
294,294,"Agent 1",1,22407,22407,20480,1,"c_dp4a(float*, long long*, int)",32,0,0,8,0,128,"SQ_INSTS_VALU",3200.000000,2909329627030,2909332209584
294,294,"Agent 1",1,22407,22407,20480,1,"c_dp4a(float*, long long*, int)",32,0,0,8,0,128,"SQ_WAVES",640.000000,2909329627030,2909332209584
295,295,"Agent 1",1,22407,22407,20480,1,"c_dp4a(float*, long long*, int)",32,0,0,8,0,128,"SQ_INSTS_SALU",254298880.000000,2909332233990,2909334816465
295,295,"Agent 1",1,22407,22407,20480,1,"c_dp4a(float*, long long*, int)",32,0,0,8,0,128,"SQ_INSTS_VALU",3200.000000,2909332233990,2909334816465
295,295,"Agent 1",1,22407,22407,20480,1,"c_dp4a(float*, long long*, int)",32,0,0,8,0,128,"SQ_WAVES",640.000000,2909332233990,2909334816465
296,296,"Agent 1",1,22407,22407,20480,1,"c_dp4a(float*, long long*, int)",32,0,0,8,0,128,"SQ_INSTS_SALU",254298880.000000,2909334860427,2909337442661
296,296,"Agent 1",1,22407,22407,20480,1,"c_dp4a(float*, long long*, int)",32,0,0,8,0,128,"SQ_INSTS_VALU",3200.000000,2909334860427,2909337442661
296,296,"Agent 1",1,22407,22407,20480,1,"c_dp4a(float*, long long*, int)",32,0,0,8,0,128,"SQ_WAVES",640.000000,2909334860427,2909337442661
297,297,"Agent 1",1,22407,22407,20480,1,"c_dp4a(float*, long long*, int)",32,0,0,8,0,128,"SQ_INSTS_SALU",254298880.000000,2909337469431,2909340051545
297,297,"Agent 1",1,22407,22407,20480,1,"c_dp4a(float*, long long*, int)",32,0,0,8,0,128,"SQ_INSTS_VALU",3200.000000,2909337469431,2909340051545
297,297,"Agent 1",1,22407,22407,20480,1,"c_dp4a(float*, long long*, int)",32,0,0,8,0,128,"SQ_WAVES",640.000000,2909337469431,2909340051545
298,298,"Agent 1",1,22407,22407,20480,1,"c_dp4a(float*, long long*, int)",32,0,0,8,0,128,"SQ_INSTS_SALU",254298880.000000,2909340076792,2909342658946
298,298,"Agent 1",1,22407,22407,20480,1,"c_dp4a(float*, long long*, int)",32,0,0,8,0,128,"SQ_INSTS_VALU",3200.000000,2909340076792,2909342658946
298,298,"Agent 1",1,22407,22407,20480,1,"c_dp4a(float*, long long*, int)",32,0,0,8,0,128,"SQ_WAVES",640.000000,2909340076792,2909342658946
299,299,"Agent 1",1,22407,22407,20480,1,"c_dp4a(float*, long long*, int)",32,0,0,8,0,128,"SQ_INSTS_SALU",254298880.000000,2909342684995,2909345266829
299,299,"Agent 1",1,22407,22407,20480,1,"c_dp4a(float*, long long*, int)",32,0,0,8,0,128,"SQ_INSTS_VALU",3200.000000,2909342684995,2909345266829
299,299,"Agent 1",1,22407,22407,20480,1,"c_dp4a(float*, long long*, int)",32,0,0,8,0,128,"SQ_WAVES",640.000000,2909342684995,2909345266829
300,300,"Agent 1",1,22407,22407,512,11,"__amd_rocclr_copyBuffer",512,0,0,16,0,128,"SQ_INSTS_SALU",184.000000,2909345304459,2909345307024
300,300,"Agent 1",1,22407,22407,512,11,"__amd_rocclr_copyBuffer",512,0,0,16,0,128,"SQ_INSTS_VALU",268.000000,2909345304459,2909345307024
300,300,"Agent 1",1,22407,22407,512,11,"__amd_rocclr_copyBuffer",512,0,0,16,0,128,"SQ_WAVES",16.000000,2909345304459,2909345307024
