[    0.104020] RDSEED is not reliable on this platform; disabling.
[    0.001371] RDSEED is not reliable on this platform; disabling.
[    0.001371] RDSEED is not reliable on this platform; disabling.
[    0.001371] RDSEED is not reliable on this platform; disabling.
[    0.001371] RDSEED is not reliable on this platform; disabling.
[    0.001371] RDSEED is not reliable on this platform; disabling.
[    0.001371] RDSEED is not reliable on this platform; disabling.
[    0.001371] RDSEED is not reliable on this platform; disabling.
[    0.001371] RDSEED is not reliable on this platform; disabling.
[    0.001371] RDSEED is not reliable on this platform; disabling.
[    0.001371] RDSEED is not reliable on this platform; disabling.
[    0.001371] RDSEED is not reliable on this platform; disabling.
[   28.204569] netconsole armed
[   28.973600] MARK-g1_rl3_alt0
[  179.605449] MARK-g1_rl1_alt0
[  189.364603] gmc_v10_0_process_interrupt: 22 callbacks suppressed
[  189.364611] amdgpu 0000:01:00.0: [gfxhub] page fault (src_id:0 ring:24 vmid:8 pasid:26)
[  189.364621] amdgpu 0000:01:00.0:  Process test-backend-op pid 4456 thread test-backend-op pid 4456
[  189.364625] amdgpu 0000:01:00.0:   in page starting at address 0x00007f2ee9c00000 from client 0x1b (UTCL2)
[  189.364628] amdgpu 0000:01:00.0: GCVM_L2_PROTECTION_FAULT_STATUS:0x00801031
[  189.364631] amdgpu 0000:01:00.0: 	 Faulty UTCL2 client ID: TCP (0x8)
[  189.364633] amdgpu 0000:01:00.0: 	 MORE_FAULTS: 0x1
[  189.364635] amdgpu 0000:01:00.0: 	 WALKER_ERROR: 0x0
[  189.364637] amdgpu 0000:01:00.0: 	 PERMISSION_FAULTS: 0x3
[  189.364639] amdgpu 0000:01:00.0: 	 MAPPING_ERROR: 0x0
[  189.364641] amdgpu 0000:01:00.0: 	 RW: 0x0
[  189.364645] amdgpu 0000:01:00.0: [gfxhub] page fault (src_id:0 ring:24 vmid:8 pasid:26)
[  189.364649] amdgpu 0000:01:00.0:  Process test-backend-op pid 4456 thread test-backend-op pid 4456
[  189.364652] amdgpu 0000:01:00.0:   in page starting at address 0x00007f2ee9c0a000 from client 0x1b (UTCL2)
[  189.364655] amdgpu 0000:01:00.0: GCVM_L2_PROTECTION_FAULT_STATUS:0x00801031
[  189.364657] amdgpu 0000:01:00.0: 	 Faulty UTCL2 client ID: TCP (0x8)
[  189.364659] amdgpu 0000:01:00.0: 	 MORE_FAULTS: 0x1
[  189.364661] amdgpu 0000:01:00.0: 	 WALKER_ERROR: 0x0
[  189.364663] amdgpu 0000:01:00.0: 	 PERMISSION_FAULTS: 0x3
[  189.364665] amdgpu 0000:01:00.0: 	 MAPPING_ERROR: 0x0
[  189.364667] amdgpu 0000:01:00.0: 	 RW: 0x0
[  189.364671] amdgpu 0000:01:00.0: [gfxhub] page fault (src_id:0 ring:24 vmid:8 pasid:26)
[  189.364674] amdgpu 0000:01:00.0:  Process test-backend-op pid 4456 thread test-backend-op pid 4456
[  189.364677] amdgpu 0000:01:00.0:   in page starting at address 0x00007f2ee9c09000 from client 0x1b (UTCL2)
[  189.364682] amdgpu 0000:01:00.0: [gfxhub] page fault (src_id:0 ring:24 vmid:8 pasid:26)
[  189.364685] amdgpu 0000:01:00.0:  Process test-backend-op pid 4456 thread test-backend-op pid 4456
[  189.364688] amdgpu 0000:01:00.0:   in page starting at address 0x00007f2ee9c08000 from client 0x1b (UTCL2)
[  189.364693] amdgpu 0000:01:00.0: [gfxhub] page fault (src_id:0 ring:24 vmid:8 pasid:26)
[  189.364696] amdgpu 0000:01:00.0:  Process test-backend-op pid 4456 thread test-backend-op pid 4456
[  189.364699] amdgpu 0000:01:00.0:   in page starting at address 0x00007f2ee9c03000 from client 0x1b (UTCL2)
[  189.364704] amdgpu 0000:01:00.0: [gfxhub] page fault (src_id:0 ring:24 vmid:8 pasid:26)
[  189.364706] amdgpu 0000:01:00.0:  Process test-backend-op pid 4456 thread test-backend-op pid 4456
[  189.364709] amdgpu 0000:01:00.0:   in page starting at address 0x00007f2ee9c06000 from client 0x1b (UTCL2)
[  189.364714] amdgpu 0000:01:00.0: [gfxhub] page fault (src_id:0 ring:24 vmid:8 pasid:26)
[  189.364717] amdgpu 0000:01:00.0:  Process test-backend-op pid 4456 thread test-backend-op pid 4456
[  189.364720] amdgpu 0000:01:00.0:   in page starting at address 0x00007f2ee9c00000 from client 0x1b (UTCL2)
[  189.364725] amdgpu 0000:01:00.0: [gfxhub] page fault (src_id:0 ring:24 vmid:8 pasid:26)
[  189.364727] amdgpu 0000:01:00.0:  Process test-backend-op pid 4456 thread test-backend-op pid 4456
[  189.364730] amdgpu 0000:01:00.0:   in page starting at address 0x00007f2ee9c07000 from client 0x1b (UTCL2)
[  189.364735] amdgpu 0000:01:00.0: [gfxhub] page fault (src_id:0 ring:24 vmid:8 pasid:26)
[  189.364738] amdgpu 0000:01:00.0:  Process test-backend-op pid 4456 thread test-backend-op pid 4456
[  189.364741] amdgpu 0000:01:00.0:   in page starting at address 0x00007f2ee9c06000 from client 0x1b (UTCL2)
[  189.364746] amdgpu 0000:01:00.0: [gfxhub] page fault (src_id:0 ring:24 vmid:8 pasid:26)
[  189.364748] amdgpu 0000:01:00.0:  Process test-backend-op pid 4456 thread test-backend-op pid 4456
[  189.364751] amdgpu 0000:01:00.0:   in page starting at address 0x00007f2ee9c01000 from client 0x1b (UTCL2)
[  193.416226] EXT4-fs (nvme0n1p2): unmounting filesystem 24906ea3-66db-45a5-9082-24d815d9ca9e.
[  193.535363] watchdog: watchdog0: watchdog did not stop!
[  193.539890] systemd-shutdown[1]: Using hardware watchdog /dev/watchdog0: 'SP5100 TCO timer', version 0.
[  193.539909] systemd-shutdown[1]: Watchdog running with a hardware timeout of 10min.
[  193.552212] systemd-shutdown[1]: Syncing filesystems and block devices.
[  193.593993] systemd-shutdown[1]: Sending SIGTERM to remaining processes...
[  193.604675] systemd-journald[593]: Received SIGTERM from PID 1 (systemd-shutdow).
[  193.659315] systemd-shutdown[1]: Sending SIGKILL to remaining processes...
[  193.670787] systemd-shutdown[1]: Unmounting file systems.
[  193.671692] (sd-umount)[5007]: Unmounting '/run/credentials/systemd-journald.service'.
[  193.672461] (sd-remount)[5008]: Remounting '/' read-only with options 'seclabel,compress=zstd:1,ssd,discard=async,space_cache=v2,subvolid=256,subvol=/root'.
[  193.686659] systemd-shutdown[1]: All filesystems unmounted.
[  193.686669] systemd-shutdown[1]: Deactivating swaps.
[  193.686684] systemd-shutdown[1]: All swaps deactivated.
[  193.686689] systemd-shutdown[1]: Detaching loop devices.
[  193.687400] systemd-shutdown[1]: All loop devices detached.
[  193.687407] systemd-shutdown[1]: Stopping MD devices.
[  193.687458] systemd-shutdown[1]: All MD devices stopped.
[  193.687463] systemd-shutdown[1]: Detaching DM devices.
[  193.687505] systemd-shutdown[1]: All DM devices detached.
[  193.687511] systemd-shutdown[1]: All filesystems, swaps, loop devices, MD devices and DM devices detached.
[  193.687517] watchdog: watchdog0: watchdog did not stop!
[  193.747852] systemd-shutdown[1]: Syncing filesystems and block devices.
[  193.748192] systemd-shutdown[1]: Rebooting.
[    0.104081] RDSEED is not reliable on this platform; disabling.
[    0.001370] RDSEED is not reliable on this platform; disabling.
[    0.001370] RDSEED is not reliable on this platform; disabling.
[    0.001370] RDSEED is not reliable on this platform; disabling.
[    0.001370] RDSEED is not reliable on this platform; disabling.
[    0.001370] RDSEED is not reliable on this platform; disabling.
[    0.001370] RDSEED is not reliable on this platform; disabling.
[    0.001370] RDSEED is not reliable on this platform; disabling.
[    0.001370] RDSEED is not reliable on this platform; disabling.
[    0.001370] RDSEED is not reliable on this platform; disabling.
[    0.001370] RDSEED is not reliable on this platform; disabling.
[    0.001370] RDSEED is not reliable on this platform; disabling.
[   28.464061] netconsole armed
[   29.227900] MARK-g2_rl3_alt6
[   29.452752] amdgpu 0000:01:00.0: BC250TLBALT mode=6 site=2 calls=1 nomatch=1 ackmiss=0 err=0 last: matched=0x0000 acked=0x0000 r=0
[   29.555388] amdgpu 0000:01:00.0: BC250TLBALT mode=6 site=2 calls=10 nomatch=10 ackmiss=0 err=0 last: matched=0x0000 acked=0x0000 r=0
[   40.369111] gmc_v10_0_process_interrupt: 23 callbacks suppressed
[   40.369120] amdgpu 0000:01:00.0: [gfxhub] page fault (src_id:0 ring:24 vmid:8 pasid:23)
[   40.369130] amdgpu 0000:01:00.0:  Process test-backend-op pid 1619 thread test-backend-op pid 1619
[   40.369134] amdgpu 0000:01:00.0:   in page starting at address 0x00007fc2b3602000 from client 0x1b (UTCL2)
[   40.369138] amdgpu 0000:01:00.0: GCVM_L2_PROTECTION_FAULT_STATUS:0x00801031
[   40.369141] amdgpu 0000:01:00.0: 	 Faulty UTCL2 client ID: TCP (0x8)
[   40.369143] amdgpu 0000:01:00.0: 	 MORE_FAULTS: 0x1
[   40.369145] amdgpu 0000:01:00.0: 	 WALKER_ERROR: 0x0
[   40.369147] amdgpu 0000:01:00.0: 	 PERMISSION_FAULTS: 0x3
[   40.369148] amdgpu 0000:01:00.0: 	 MAPPING_ERROR: 0x0
[   40.369151] amdgpu 0000:01:00.0: 	 RW: 0x0
[   40.369157] amdgpu 0000:01:00.0: [gfxhub] page fault (src_id:0 ring:24 vmid:8 pasid:23)
[   40.369160] amdgpu 0000:01:00.0:  Process test-backend-op pid 1619 thread test-backend-op pid 1619
[   40.369163] amdgpu 0000:01:00.0:   in page starting at address 0x00007fc2b3603000 from client 0x1b (UTCL2)
[   40.369166] amdgpu 0000:01:00.0: GCVM_L2_PROTECTION_FAULT_STATUS:0x00801031
[   40.369169] amdgpu 0000:01:00.0: 	 Faulty UTCL2 client ID: TCP (0x8)
[   40.369171] amdgpu 0000:01:00.0: 	 MORE_FAULTS: 0x1
[   40.369172] amdgpu 0000:01:00.0: 	 WALKER_ERROR: 0x0
[   40.369174] amdgpu 0000:01:00.0: 	 PERMISSION_FAULTS: 0x3
[   40.369176] amdgpu 0000:01:00.0: 	 MAPPING_ERROR: 0x0
[   40.369178] amdgpu 0000:01:00.0: 	 RW: 0x0
[   40.369182] amdgpu 0000:01:00.0: [gfxhub] page fault (src_id:0 ring:24 vmid:8 pasid:23)
[   40.369185] amdgpu 0000:01:00.0:  Process test-backend-op pid 1619 thread test-backend-op pid 1619
[   40.369188] amdgpu 0000:01:00.0:   in page starting at address 0x00007fc2b3601000 from client 0x1b (UTCL2)
[   40.369193] amdgpu 0000:01:00.0: [gfxhub] page fault (src_id:0 ring:24 vmid:8 pasid:23)
[   40.369195] amdgpu 0000:01:00.0:  Process test-backend-op pid 1619 thread test-backend-op pid 1619
[   40.369198] amdgpu 0000:01:00.0:   in page starting at address 0x00007fc2b3606000 from client 0x1b (UTCL2)
[   40.369203] amdgpu 0000:01:00.0: [gfxhub] page fault (src_id:0 ring:24 vmid:8 pasid:23)
[   40.369206] amdgpu 0000:01:00.0:  Process test-backend-op pid 1619 thread test-backend-op pid 1619
[   40.369209] amdgpu 0000:01:00.0:   in page starting at address 0x00007fc2b3604000 from client 0x1b (UTCL2)
[   40.369214] amdgpu 0000:01:00.0: [gfxhub] page fault (src_id:0 ring:24 vmid:8 pasid:23)
[   40.369216] amdgpu 0000:01:00.0:  Process test-backend-op pid 1619 thread test-backend-op pid 1619
[   40.369219] amdgpu 0000:01:00.0:   in page starting at address 0x00007fc2b3602000 from client 0x1b (UTCL2)
[   40.369224] amdgpu 0000:01:00.0: [gfxhub] page fault (src_id:0 ring:24 vmid:8 pasid:23)
[   40.369227] amdgpu 0000:01:00.0:  Process test-backend-op pid 1619 thread test-backend-op pid 1619
[   40.369230] amdgpu 0000:01:00.0:   in page starting at address 0x00007fc2b3605000 from client 0x1b (UTCL2)
[   40.369235] amdgpu 0000:01:00.0: [gfxhub] page fault (src_id:0 ring:24 vmid:8 pasid:23)
[   40.369237] amdgpu 0000:01:00.0:  Process test-backend-op pid 1619 thread test-backend-op pid 1619
[   40.369240] amdgpu 0000:01:00.0:   in page starting at address 0x00007fc2b3603000 from client 0x1b (UTCL2)
[   40.369245] amdgpu 0000:01:00.0: [gfxhub] page fault (src_id:0 ring:24 vmid:8 pasid:23)
[   40.369248] amdgpu 0000:01:00.0:  Process test-backend-op pid 1619 thread test-backend-op pid 1619
[   40.369251] amdgpu 0000:01:00.0:   in page starting at address 0x00007fc2b3605000 from client 0x1b (UTCL2)
[   40.369256] amdgpu 0000:01:00.0: [gfxhub] page fault (src_id:0 ring:24 vmid:8 pasid:23)
[   40.369258] amdgpu 0000:01:00.0:  Process test-backend-op pid 1619 thread test-backend-op pid 1619
[   40.369261] amdgpu 0000:01:00.0:   in page starting at address 0x00007fc2b3607000 from client 0x1b (UTCL2)
[   44.370996] EXT4-fs (nvme0n1p2): unmounting filesystem 24906ea3-66db-45a5-9082-24d815d9ca9e.
[   44.463034] watchdog: watchdog0: watchdog did not stop!
[   44.467508] systemd-shutdown[1]: Using hardware watchdog /dev/watchdog0: 'SP5100 TCO timer', version 0.
[   44.467527] systemd-shutdown[1]: Watchdog running with a hardware timeout of 10min.
[   44.476188] systemd-shutdown[1]: Syncing filesystems and block devices.
[   44.513298] systemd-shutdown[1]: Sending SIGTERM to remaining processes...
[   44.523060] systemd-journald[588]: Received SIGTERM from PID 1 (systemd-shutdow).
[   44.581302] systemd-shutdown[1]: Sending SIGKILL to remaining processes...
[   44.592340] systemd-shutdown[1]: Unmounting file systems.
[   44.593160] (sd-umount)[2072]: Unmounting '/run/credentials/systemd-journald.service'.
[   44.594004] (sd-remount)[2073]: Remounting '/' read-only with options 'seclabel,compress=zstd:1,ssd,discard=async,space_cache=v2,subvolid=256,subvol=/root'.
[   44.608082] systemd-shutdown[1]: All filesystems unmounted.
[   44.608100] systemd-shutdown[1]: Deactivating swaps.
[   44.608129] systemd-shutdown[1]: All swaps deactivated.
[   44.608138] systemd-shutdown[1]: Detaching loop devices.
[   44.609198] systemd-shutdown[1]: All loop devices detached.
[   44.609204] systemd-shutdown[1]: Stopping MD devices.
[   44.609257] systemd-shutdown[1]: All MD devices stopped.
[   44.609261] systemd-shutdown[1]: Detaching DM devices.
[   44.609306] systemd-shutdown[1]: All DM devices detached.
[   44.609312] systemd-shutdown[1]: All filesystems, swaps, loop devices, MD devices and DM devices detached.
[   44.609317] watchdog: watchdog0: watchdog did not stop!
[   44.667917] systemd-shutdown[1]: Syncing filesystems and block devices.
[   44.668271] systemd-shutdown[1]: Rebooting.
[    0.108724] RDSEED is not reliable on this platform; disabling.
[    0.001366] RDSEED is not reliable on this platform; disabling.
[    0.001366] RDSEED is not reliable on this platform; disabling.
[    0.001366] RDSEED is not reliable on this platform; disabling.
[    0.001366] RDSEED is not reliable on this platform; disabling.
[    0.001366] RDSEED is not reliable on this platform; disabling.
[    0.001366] RDSEED is not reliable on this platform; disabling.
[    0.001366] RDSEED is not reliable on this platform; disabling.
[    0.001366] RDSEED is not reliable on this platform; disabling.
[    0.001366] RDSEED is not reliable on this platform; disabling.
[    0.001366] RDSEED is not reliable on this platform; disabling.
[    0.001366] RDSEED is not reliable on this platform; disabling.
[   24.401911] netconsole armed
[   25.156734] MARK-g3_rl3_alt7
[   25.386486] amdgpu 0000:01:00.0: BC250TLBALT mode=7 site=2 calls=1 nomatch=1 ackmiss=0 err=0 last: matched=0x0000 acked=0x0000 r=0
[   25.489150] amdgpu 0000:01:00.0: BC250TLBALT mode=7 site=2 calls=10 nomatch=10 ackmiss=0 err=0 last: matched=0x0000 acked=0x0000 r=0
[   36.237571] gmc_v10_0_process_interrupt: 22 callbacks suppressed
[   36.237578] amdgpu 0000:01:00.0: [gfxhub] page fault (src_id:0 ring:24 vmid:8 pasid:23)
[   36.237588] amdgpu 0000:01:00.0:  Process test-backend-op pid 1625 thread test-backend-op pid 1625
[   36.237592] amdgpu 0000:01:00.0:   in page starting at address 0x00007ff8fe205000 from client 0x1b (UTCL2)
[   36.237596] amdgpu 0000:01:00.0: GCVM_L2_PROTECTION_FAULT_STATUS:0x00801031
[   36.237598] amdgpu 0000:01:00.0: 	 Faulty UTCL2 client ID: TCP (0x8)
[   36.237600] amdgpu 0000:01:00.0: 	 MORE_FAULTS: 0x1
[   36.237602] amdgpu 0000:01:00.0: 	 WALKER_ERROR: 0x0
[   36.237604] amdgpu 0000:01:00.0: 	 PERMISSION_FAULTS: 0x3
[   36.237606] amdgpu 0000:01:00.0: 	 MAPPING_ERROR: 0x0
[   36.237609] amdgpu 0000:01:00.0: 	 RW: 0x0
[   36.237616] amdgpu 0000:01:00.0: [gfxhub] page fault (src_id:0 ring:24 vmid:8 pasid:23)
[   36.237620] amdgpu 0000:01:00.0:  Process test-backend-op pid 1625 thread test-backend-op pid 1625
[   36.237623] amdgpu 0000:01:00.0:   in page starting at address 0x00007ff8fe203000 from client 0x1b (UTCL2)
[   36.237628] amdgpu 0000:01:00.0: GCVM_L2_PROTECTION_FAULT_STATUS:0x00801031
[   36.237631] amdgpu 0000:01:00.0: 	 Faulty UTCL2 client ID: TCP (0x8)
[   36.237634] amdgpu 0000:01:00.0: 	 MORE_FAULTS: 0x1
[   36.237636] amdgpu 0000:01:00.0: 	 WALKER_ERROR: 0x0
[   36.237639] amdgpu 0000:01:00.0: 	 PERMISSION_FAULTS: 0x3
[   36.237642] amdgpu 0000:01:00.0: 	 MAPPING_ERROR: 0x0
[   36.237644] amdgpu 0000:01:00.0: 	 RW: 0x0
[   36.237649] amdgpu 0000:01:00.0: [gfxhub] page fault (src_id:0 ring:24 vmid:8 pasid:23)
[   36.237653] amdgpu 0000:01:00.0:  Process test-backend-op pid 1625 thread test-backend-op pid 1625
[   36.237657] amdgpu 0000:01:00.0:   in page starting at address 0x00007ff8fe200000 from client 0x1b (UTCL2)
[   36.237667] amdgpu 0000:01:00.0: [gfxhub] page fault (src_id:0 ring:24 vmid:8 pasid:23)
[   36.237677] amdgpu 0000:01:00.0:  Process test-backend-op pid 1625 thread test-backend-op pid 1625
[   36.237688] amdgpu 0000:01:00.0:   in page starting at address 0x00007ff8fe201000 from client 0x1b (UTCL2)
[   36.237701] amdgpu 0000:01:00.0: [gfxhub] page fault (src_id:0 ring:24 vmid:8 pasid:23)
[   36.237709] amdgpu 0000:01:00.0:  Process test-backend-op pid 1625 thread test-backend-op pid 1625
[   36.237720] amdgpu 0000:01:00.0:   in page starting at address 0x00007ff8fe209000 from client 0x1b (UTCL2)
[   36.237733] amdgpu 0000:01:00.0: [gfxhub] page fault (src_id:0 ring:24 vmid:8 pasid:23)
[   36.237742] amdgpu 0000:01:00.0:  Process test-backend-op pid 1625 thread test-backend-op pid 1625
[   36.237748] amdgpu 0000:01:00.0:   in page starting at address 0x00007ff8fe20a000 from client 0x1b (UTCL2)
[   36.237758] amdgpu 0000:01:00.0: [gfxhub] page fault (src_id:0 ring:24 vmid:8 pasid:23)
[   36.237767] amdgpu 0000:01:00.0:  Process test-backend-op pid 1625 thread test-backend-op pid 1625
[   36.237773] amdgpu 0000:01:00.0:   in page starting at address 0x00007ff8fe20b000 from client 0x1b (UTCL2)
[   36.237783] amdgpu 0000:01:00.0: [gfxhub] page fault (src_id:0 ring:24 vmid:8 pasid:23)
[   36.237791] amdgpu 0000:01:00.0:  Process test-backend-op pid 1625 thread test-backend-op pid 1625
[   36.237798] amdgpu 0000:01:00.0:   in page starting at address 0x00007ff8fe204000 from client 0x1b (UTCL2)
[   36.237808] amdgpu 0000:01:00.0: [gfxhub] page fault (src_id:0 ring:24 vmid:8 pasid:23)
[   36.237816] amdgpu 0000:01:00.0:  Process test-backend-op pid 1625 thread test-backend-op pid 1625
[   36.237822] amdgpu 0000:01:00.0:   in page starting at address 0x00007ff8fe205000 from client 0x1b (UTCL2)
[   36.237832] amdgpu 0000:01:00.0: [gfxhub] page fault (src_id:0 ring:24 vmid:8 pasid:23)
[   36.237842] amdgpu 0000:01:00.0:  Process test-backend-op pid 1625 thread test-backend-op pid 1625
[   36.237849] amdgpu 0000:01:00.0:   in page starting at address 0x00007ff8fe201000 from client 0x1b (UTCL2)
[   40.372148] EXT4-fs (nvme0n1p2): unmounting filesystem 24906ea3-66db-45a5-9082-24d815d9ca9e.
[   40.461318] watchdog: watchdog0: watchdog did not stop!
[   40.465630] systemd-shutdown[1]: Using hardware watchdog /dev/watchdog0: 'SP5100 TCO timer', version 0.
[   40.465649] systemd-shutdown[1]: Watchdog running with a hardware timeout of 10min.
[   40.471639] systemd-shutdown[1]: Syncing filesystems and block devices.
[   40.500249] systemd-shutdown[1]: Sending SIGTERM to remaining processes...
[   40.515931] systemd-journald[592]: Received SIGTERM from PID 1 (systemd-shutdow).
[   40.562514] systemd-shutdown[1]: Sending SIGKILL to remaining processes...
[   40.574097] systemd-shutdown[1]: Unmounting file systems.
[   40.574976] (sd-umount)[2166]: Unmounting '/run/credentials/systemd-journald.service'.
[   40.575889] (sd-remount)[2167]: Remounting '/' read-only with options 'seclabel,compress=zstd:1,ssd,discard=async,space_cache=v2,subvolid=256,subvol=/root'.
[   40.588965] systemd-shutdown[1]: All filesystems unmounted.
[   40.588974] systemd-shutdown[1]: Deactivating swaps.
[   40.588989] systemd-shutdown[1]: All swaps deactivated.
[   40.588992] systemd-shutdown[1]: Detaching loop devices.
[   40.589628] systemd-shutdown[1]: All loop devices detached.
[   40.589635] systemd-shutdown[1]: Stopping MD devices.
[   40.589686] systemd-shutdown[1]: All MD devices stopped.
[   40.589690] systemd-shutdown[1]: Detaching DM devices.
[   40.589734] systemd-shutdown[1]: All DM devices detached.
[   40.589740] systemd-shutdown[1]: All filesystems, swaps, loop devices, MD devices and DM devices detached.
[   40.589744] watchdog: watchdog0: watchdog did not stop!
[   40.647729] systemd-shutdown[1]: Syncing filesystems and block devices.
[   40.648121] systemd-shutdown[1]: Rebooting.
[    0.104651] RDSEED is not reliable on this platform; disabling.
[    0.001384] RDSEED is not reliable on this platform; disabling.
[    0.001384] RDSEED is not reliable on this platform; disabling.
[    0.001384] RDSEED is not reliable on this platform; disabling.
[    0.001384] RDSEED is not reliable on this platform; disabling.
[    0.001384] RDSEED is not reliable on this platform; disabling.
[    0.001384] RDSEED is not reliable on this platform; disabling.
[    0.001384] RDSEED is not reliable on this platform; disabling.
[    0.001384] RDSEED is not reliable on this platform; disabling.
[    0.001384] RDSEED is not reliable on this platform; disabling.
[    0.001384] RDSEED is not reliable on this platform; disabling.
[    0.001384] RDSEED is not reliable on this platform; disabling.
[   24.531212] netconsole armed
[   25.277093] MARK-g4_rl3_alt9_f4
[   25.494761] amdgpu 0000:01:00.0: BC250TLBALT mode=9 site=2 calls=1 nomatch=1 ackmiss=0 err=0 last: matched=0x0000 acked=0x0000 r=0
[   25.598437] amdgpu 0000:01:00.0: BC250TLBALT mode=9 site=2 calls=10 nomatch=10 ackmiss=0 err=0 last: matched=0x0000 acked=0x0000 r=0
[   30.964488] amdgpu 0000:01:00.0: BC250INV eng=17 vmid=8 wrote=0x00fa0100 req_readback=0x00fa0100 ack_before=0x00000001 ack_after=0x00000000 sem_ok=-1 polls=2000
[   30.979718] amdgpu 0000:01:00.0: BC250INV eng=17 vmid=8 wrote=0x00fa0100 req_readback=0x00fa0100 ack_before=0x00000000 ack_after=0x00000000 sem_ok=-1 polls=2000
[   30.984234] amdgpu 0000:01:00.0: BC250INV eng=17 vmid=8 wrote=0x00fa0100 req_readback=0x00fa0100 ack_before=0x00000000 ack_after=0x00000000 sem_ok=-1 polls=2000
[   30.988548] amdgpu 0000:01:00.0: BC250INV eng=17 vmid=8 wrote=0x00fa0100 req_readback=0x00fa0100 ack_before=0x00000000 ack_after=0x00000000 sem_ok=-1 polls=2000
[   30.993039] amdgpu 0000:01:00.0: BC250INV eng=17 vmid=8 wrote=0x00fa0100 req_readback=0x00fa0100 ack_before=0x00000000 ack_after=0x00000000 sem_ok=-1 polls=2000
[   30.997389] amdgpu 0000:01:00.0: BC250INV eng=17 vmid=8 wrote=0x00fa0100 req_readback=0x00fa0100 ack_before=0x00000000 ack_after=0x00000000 sem_ok=-1 polls=2000
[   31.001707] amdgpu 0000:01:00.0: BC250INV eng=17 vmid=8 wrote=0x00fa0100 req_readback=0x00fa0100 ack_before=0x00000000 ack_after=0x00000000 sem_ok=-1 polls=2000
[   31.008388] amdgpu 0000:01:00.0: BC250INV eng=17 vmid=8 wrote=0x00fa0100 req_readback=0x00fa0100 ack_before=0x00000000 ack_after=0x00000000 sem_ok=-1 polls=2000
[   40.008893] amdgpu 0000:01:00.0: qcm fence wait loop timeout expired
[   40.008909] amdgpu 0000:01:00.0: The cp might be in an unrecoverable state due to an unsuccessful queues preemption
[   40.008914] amdgpu 0000:01:00.0: GPU recovery disabled.
[   40.008919] amdgpu: process pid 1517 DQM create queue type 0 failed. ret -62
[   40.013191] amdgpu 0000:01:00.0: BC250INV eng=17 vmid=8 wrote=0x00fa0100 req_readback=0x00fa0100 ack_before=0x00000000 ack_after=0x00000000 sem_ok=-1 polls=2000
[   40.017487] amdgpu 0000:01:00.0: BC250INV eng=17 vmid=8 wrote=0x00fa0100 req_readback=0x00fa0100 ack_before=0x00000000 ack_after=0x00000000 sem_ok=-1 polls=2000
[   40.022470] amdgpu 0000:01:00.0: BC250INV eng=17 vmid=8 wrote=0x00fa0100 req_readback=0x00fa0100 ack_before=0x00000000 ack_after=0x00000000 sem_ok=-1 polls=2000
[   40.026782] amdgpu 0000:01:00.0: BC250INV eng=17 vmid=8 wrote=0x00fa0100 req_readback=0x00fa0100 ack_before=0x00000000 ack_after=0x00000000 sem_ok=-1 polls=2000
[   40.031088] amdgpu 0000:01:00.0: BC250INV eng=17 vmid=8 wrote=0x00fa0100 req_readback=0x00fa0100 ack_before=0x00000000 ack_after=0x00000000 sem_ok=-1 polls=2000
[   40.035412] amdgpu 0000:01:00.0: BC250INV eng=17 vmid=8 wrote=0x00fa0100 req_readback=0x00fa0100 ack_before=0x00000000 ack_after=0x00000000 sem_ok=-1 polls=2000
[   40.039778] amdgpu 0000:01:00.0: BC250INV eng=17 vmid=8 wrote=0x00fa0100 req_readback=0x00fa0100 ack_before=0x00000000 ack_after=0x00000000 sem_ok=-1 polls=2000
[   40.044054] amdgpu 0000:01:00.0: BC250INV eng=17 vmid=8 wrote=0x00fa0100 req_readback=0x00fa0100 ack_before=0x00000000 ack_after=0x00000000 sem_ok=-1 polls=2000
[   40.048329] amdgpu 0000:01:00.0: BC250INV eng=17 vmid=8 wrote=0x00fa0100 req_readback=0x00fa0100 ack_before=0x00000000 ack_after=0x00000000 sem_ok=-1 polls=2000
[   40.055227] amdgpu 0000:01:00.0: BC250INV eng=17 vmid=8 wrote=0x00fa0100 req_readback=0x00fa0100 ack_before=0x00000000 ack_after=0x00000000 sem_ok=-1 polls=2000
[   49.055840] amdgpu 0000:01:00.0: qcm fence wait loop timeout expired
[   49.055855] amdgpu 0000:01:00.0: The cp might be in an unrecoverable state due to an unsuccessful queues preemption
[   49.055860] amdgpu 0000:01:00.0: GPU recovery disabled.
[   49.055866] amdgpu: process pid 1517 DQM create queue type 0 failed. ret -62
[   49.060137] amdgpu 0000:01:00.0: BC250INV eng=17 vmid=8 wrote=0x00fa0100 req_readback=0x00fa0100 ack_before=0x00000000 ack_after=0x00000000 sem_ok=-1 polls=2000
[   49.064456] amdgpu 0000:01:00.0: BC250INV eng=17 vmid=8 wrote=0x00fa0100 req_readback=0x00fa0100 ack_before=0x00000000 ack_after=0x00000000 sem_ok=-1 polls=2000
[   49.069409] amdgpu 0000:01:00.0: BC250INV eng=17 vmid=8 wrote=0x00fa0100 req_readback=0x00fa0100 ack_before=0x00000000 ack_after=0x00000000 sem_ok=-1 polls=2000
[   49.073712] amdgpu 0000:01:00.0: BC250INV eng=17 vmid=8 wrote=0x00fa0100 req_readback=0x00fa0100 ack_before=0x00000000 ack_after=0x00000000 sem_ok=-1 polls=2000
[   49.077994] amdgpu 0000:01:00.0: BC250INV eng=17 vmid=8 wrote=0x00fa0100 req_readback=0x00fa0100 ack_before=0x00000000 ack_after=0x00000000 sem_ok=-1 polls=2000
[   49.082325] amdgpu 0000:01:00.0: BC250INV eng=17 vmid=8 wrote=0x00fa0100 req_readback=0x00fa0100 ack_before=0x00000000 ack_after=0x00000000 sem_ok=-1 polls=2000
[   49.086646] amdgpu 0000:01:00.0: BC250INV eng=17 vmid=8 wrote=0x00fa0100 req_readback=0x00fa0100 ack_before=0x00000000 ack_after=0x00000000 sem_ok=-1 polls=2000
[   49.090910] amdgpu 0000:01:00.0: BC250INV eng=17 vmid=8 wrote=0x00fa0100 req_readback=0x00fa0100 ack_before=0x00000000 ack_after=0x00000000 sem_ok=-1 polls=2000
[   49.095172] amdgpu 0000:01:00.0: BC250INV eng=17 vmid=8 wrote=0x00fa0100 req_readback=0x00fa0100 ack_before=0x00000000 ack_after=0x00000000 sem_ok=-1 polls=2000
[   49.102063] amdgpu 0000:01:00.0: BC250INV eng=17 vmid=8 wrote=0x00fa0100 req_readback=0x00fa0100 ack_before=0x00000000 ack_after=0x00000000 sem_ok=-1 polls=2000
[   58.102782] amdgpu 0000:01:00.0: qcm fence wait loop timeout expired
[   58.102793] amdgpu 0000:01:00.0: The cp might be in an unrecoverable state due to an unsuccessful queues preemption
[   58.102798] amdgpu 0000:01:00.0: GPU recovery disabled.
[   58.102802] amdgpu: process pid 1517 DQM create queue type 0 failed. ret -62
[   58.107079] amdgpu 0000:01:00.0: BC250INV eng=17 vmid=8 wrote=0x00fa0100 req_readback=0x00fa0100 ack_before=0x00000000 ack_after=0x00000000 sem_ok=-1 polls=2000
[   58.111379] amdgpu 0000:01:00.0: BC250INV eng=17 vmid=8 wrote=0x00fa0100 req_readback=0x00fa0100 ack_before=0x00000000 ack_after=0x00000000 sem_ok=-1 polls=2000
[   58.116422] amdgpu 0000:01:00.0: BC250INV eng=17 vmid=8 wrote=0x00fa0100 req_readback=0x00fa0100 ack_before=0x00000000 ack_after=0x00000000 sem_ok=-1 polls=2000
[   58.120704] amdgpu 0000:01:00.0: BC250INV eng=17 vmid=8 wrote=0x00fa0100 req_readback=0x00fa0100 ack_before=0x00000000 ack_after=0x00000000 sem_ok=-1 polls=2000
[   58.124983] amdgpu 0000:01:00.0: BC250INV eng=17 vmid=8 wrote=0x00fa0100 req_readback=0x00fa0100 ack_before=0x00000000 ack_after=0x00000000 sem_ok=-1 polls=2000
[   58.129299] amdgpu 0000:01:00.0: BC250INV eng=17 vmid=8 wrote=0x00fa0100 req_readback=0x00fa0100 ack_before=0x00000000 ack_after=0x00000000 sem_ok=-1 polls=2000
[   58.133580] amdgpu 0000:01:00.0: BC250INV eng=17 vmid=8 wrote=0x00fa0100 req_readback=0x00fa0100 ack_before=0x00000000 ack_after=0x00000000 sem_ok=-1 polls=2000
[   58.137838] amdgpu 0000:01:00.0: BC250INV eng=17 vmid=8 wrote=0x00fa0100 req_readback=0x00fa0100 ack_before=0x00000000 ack_after=0x00000000 sem_ok=-1 polls=2000
[   58.142123] amdgpu 0000:01:00.0: BC250INV eng=17 vmid=8 wrote=0x00fa0100 req_readback=0x00fa0100 ack_before=0x00000000 ack_after=0x00000000 sem_ok=-1 polls=2000
[   58.149060] amdgpu 0000:01:00.0: BC250INV eng=17 vmid=8 wrote=0x00fa0100 req_readback=0x00fa0100 ack_before=0x00000000 ack_after=0x00000000 sem_ok=-1 polls=2000
[   67.149734] amdgpu 0000:01:00.0: qcm fence wait loop timeout expired
[   67.149749] amdgpu 0000:01:00.0: The cp might be in an unrecoverable state due to an unsuccessful queues preemption
[   67.149754] amdgpu 0000:01:00.0: GPU recovery disabled.
[   67.149759] amdgpu: process pid 1517 DQM create queue type 0 failed. ret -62
[   67.154023] amdgpu 0000:01:00.0: BC250INV eng=17 vmid=8 wrote=0x00fa0100 req_readback=0x00fa0100 ack_before=0x00000000 ack_after=0x00000000 sem_ok=-1 polls=2000
[   67.158326] amdgpu 0000:01:00.0: BC250INV eng=17 vmid=8 wrote=0x00fa0100 req_readback=0x00fa0100 ack_before=0x00000000 ack_after=0x00000000 sem_ok=-1 polls=2000
[   67.163385] amdgpu 0000:01:00.0: BC250INV eng=17 vmid=8 wrote=0x00fa0100 req_readback=0x00fa0100 ack_before=0x00000000 ack_after=0x00000000 sem_ok=-1 polls=2000
[   67.167672] amdgpu 0000:01:00.0: BC250INV eng=17 vmid=8 wrote=0x00fa0100 req_readback=0x00fa0100 ack_before=0x00000000 ack_after=0x00000000 sem_ok=-1 polls=2000
[   67.171935] amdgpu 0000:01:00.0: BC250INV eng=17 vmid=8 wrote=0x00fa0100 req_readback=0x00fa0100 ack_before=0x00000000 ack_after=0x00000000 sem_ok=-1 polls=2000
[   67.176265] amdgpu 0000:01:00.0: BC250INV eng=17 vmid=8 wrote=0x00fa0100 req_readback=0x00fa0100 ack_before=0x00000000 ack_after=0x00000000 sem_ok=-1 polls=2000
[   67.180547] amdgpu 0000:01:00.0: BC250INV eng=17 vmid=8 wrote=0x00fa0100 req_readback=0x00fa0100 ack_before=0x00000000 ack_after=0x00000000 sem_ok=-1 polls=2000
[   67.184814] amdgpu 0000:01:00.0: BC250INV eng=17 vmid=8 wrote=0x00fa0100 req_readback=0x00fa0100 ack_before=0x00000000 ack_after=0x00000000 sem_ok=-1 polls=2000
[   67.189076] amdgpu 0000:01:00.0: BC250INV eng=17 vmid=8 wrote=0x00fa0100 req_readback=0x00fa0100 ack_before=0x00000000 ack_after=0x00000000 sem_ok=-1 polls=2000
[   67.196316] amdgpu 0000:01:00.0: BC250INV eng=17 vmid=8 wrote=0x00fa0100 req_readback=0x00fa0100 ack_before=0x00000000 ack_after=0x00000000 sem_ok=-1 polls=2000
[   76.196664] amdgpu 0000:01:00.0: qcm fence wait loop timeout expired
[   76.196678] amdgpu 0000:01:00.0: The cp might be in an unrecoverable state due to an unsuccessful queues preemption
[   76.196683] amdgpu 0000:01:00.0: GPU recovery disabled.
[   76.196688] amdgpu: process pid 1517 DQM create queue type 0 failed. ret -62
[   76.200950] amdgpu 0000:01:00.0: BC250INV eng=17 vmid=8 wrote=0x00fa0100 req_readback=0x00fa0100 ack_before=0x00000000 ack_after=0x00000000 sem_ok=-1 polls=2000
[   76.205246] amdgpu 0000:01:00.0: BC250INV eng=17 vmid=8 wrote=0x00fa0100 req_readback=0x00fa0100 ack_before=0x00000000 ack_after=0x00000000 sem_ok=-1 polls=2000
[   76.210367] amdgpu 0000:01:00.0: BC250INV eng=17 vmid=8 wrote=0x00fa0100 req_readback=0x00fa0100 ack_before=0x00000000 ack_after=0x00000000 sem_ok=-1 polls=2000
[   76.214679] amdgpu 0000:01:00.0: BC250INV eng=17 vmid=8 wrote=0x00fa0100 req_readback=0x00fa0100 ack_before=0x00000000 ack_after=0x00000000 sem_ok=-1 polls=2000
[   76.218947] amdgpu 0000:01:00.0: BC250INV eng=17 vmid=8 wrote=0x00fa0100 req_readback=0x00fa0100 ack_before=0x00000000 ack_after=0x00000000 sem_ok=-1 polls=2000
[   76.223263] amdgpu 0000:01:00.0: BC250INV eng=17 vmid=8 wrote=0x00fa0100 req_readback=0x00fa0100 ack_before=0x00000000 ack_after=0x00000000 sem_ok=-1 polls=2000
[   76.227527] amdgpu 0000:01:00.0: BC250INV eng=17 vmid=8 wrote=0x00fa0100 req_readback=0x00fa0100 ack_before=0x00000000 ack_after=0x00000000 sem_ok=-1 polls=2000
[   76.231796] amdgpu 0000:01:00.0: BC250INV eng=17 vmid=8 wrote=0x00fa0100 req_readback=0x00fa0100 ack_before=0x00000000 ack_after=0x00000000 sem_ok=-1 polls=2000
[   76.236062] amdgpu 0000:01:00.0: BC250INV eng=17 vmid=8 wrote=0x00fa0100 req_readback=0x00fa0100 ack_before=0x00000000 ack_after=0x00000000 sem_ok=-1 polls=2000
[   76.243446] amdgpu 0000:01:00.0: BC250INV eng=17 vmid=8 wrote=0x00fa0100 req_readback=0x00fa0100 ack_before=0x00000000 ack_after=0x00000000 sem_ok=-1 polls=2000
[   85.243615] amdgpu 0000:01:00.0: qcm fence wait loop timeout expired
[   85.243628] amdgpu 0000:01:00.0: The cp might be in an unrecoverable state due to an unsuccessful queues preemption
[   85.243632] amdgpu 0000:01:00.0: GPU recovery disabled.
[   85.243637] amdgpu: process pid 1517 DQM create queue type 0 failed. ret -62
[   85.247898] amdgpu 0000:01:00.0: BC250INV eng=17 vmid=8 wrote=0x00fa0100 req_readback=0x00fa0100 ack_before=0x00000000 ack_after=0x00000000 sem_ok=-1 polls=2000
[   85.252207] amdgpu 0000:01:00.0: BC250INV eng=17 vmid=8 wrote=0x00fa0100 req_readback=0x00fa0100 ack_before=0x00000000 ack_after=0x00000000 sem_ok=-1 polls=2000
[   85.257394] amdgpu 0000:01:00.0: BC250INV eng=17 vmid=8 wrote=0x00fa0100 req_readback=0x00fa0100 ack_before=0x00000000 ack_after=0x00000000 sem_ok=-1 polls=2000
[   85.261688] amdgpu 0000:01:00.0: BC250INV eng=17 vmid=8 wrote=0x00fa0100 req_readback=0x00fa0100 ack_before=0x00000000 ack_after=0x00000000 sem_ok=-1 polls=2000
[   85.265958] amdgpu 0000:01:00.0: BC250INV eng=17 vmid=8 wrote=0x00fa0100 req_readback=0x00fa0100 ack_before=0x00000000 ack_after=0x00000000 sem_ok=-1 polls=2000
[   85.270279] amdgpu 0000:01:00.0: BC250INV eng=17 vmid=8 wrote=0x00fa0100 req_readback=0x00fa0100 ack_before=0x00000000 ack_after=0x00000000 sem_ok=-1 polls=2000
[   85.274539] amdgpu 0000:01:00.0: BC250INV eng=17 vmid=8 wrote=0x00fa0100 req_readback=0x00fa0100 ack_before=0x00000000 ack_after=0x00000000 sem_ok=-1 polls=2000
[   85.278822] amdgpu 0000:01:00.0: BC250INV eng=17 vmid=8 wrote=0x00fa0100 req_readback=0x00fa0100 ack_before=0x00000000 ack_after=0x00000000 sem_ok=-1 polls=2000
[   85.283115] amdgpu 0000:01:00.0: BC250INV eng=17 vmid=8 wrote=0x00fa0100 req_readback=0x00fa0100 ack_before=0x00000000 ack_after=0x00000000 sem_ok=-1 polls=2000
[   85.290214] amdgpu 0000:01:00.0: BC250INV eng=17 vmid=8 wrote=0x00fa0100 req_readback=0x00fa0100 ack_before=0x00000000 ack_after=0x00000000 sem_ok=-1 polls=2000
[   94.290584] amdgpu 0000:01:00.0: qcm fence wait loop timeout expired
[   94.290593] amdgpu 0000:01:00.0: The cp might be in an unrecoverable state due to an unsuccessful queues preemption
[   94.290599] amdgpu 0000:01:00.0: GPU recovery disabled.
[   94.290603] amdgpu: process pid 1517 DQM create queue type 0 failed. ret -62
[   94.294859] amdgpu 0000:01:00.0: BC250INV eng=17 vmid=8 wrote=0x00fa0100 req_readback=0x00fa0100 ack_before=0x00000000 ack_after=0x00000000 sem_ok=-1 polls=2000
[   94.299155] amdgpu 0000:01:00.0: BC250INV eng=17 vmid=8 wrote=0x00fa0100 req_readback=0x00fa0100 ack_before=0x00000000 ack_after=0x00000000 sem_ok=-1 polls=2000
[   94.304296] amdgpu 0000:01:00.0: BC250INV eng=17 vmid=8 wrote=0x00fa0100 req_readback=0x00fa0100 ack_before=0x00000000 ack_after=0x00000000 sem_ok=-1 polls=2000
[   94.308593] amdgpu 0000:01:00.0: BC250INV eng=17 vmid=8 wrote=0x00fa0100 req_readback=0x00fa0100 ack_before=0x00000000 ack_after=0x00000000 sem_ok=-1 polls=2000
[   94.312850] amdgpu 0000:01:00.0: BC250INV eng=17 vmid=8 wrote=0x00fa0100 req_readback=0x00fa0100 ack_before=0x00000000 ack_after=0x00000000 sem_ok=-1 polls=2000
[   94.317165] amdgpu 0000:01:00.0: BC250INV eng=17 vmid=8 wrote=0x00fa0100 req_readback=0x00fa0100 ack_before=0x00000000 ack_after=0x00000000 sem_ok=-1 polls=2000
[   94.321427] amdgpu 0000:01:00.0: BC250INV eng=17 vmid=8 wrote=0x00fa0100 req_readback=0x00fa0100 ack_before=0x00000000 ack_after=0x00000000 sem_ok=-1 polls=2000
[   94.325695] amdgpu 0000:01:00.0: BC250INV eng=17 vmid=8 wrote=0x00fa0100 req_readback=0x00fa0100 ack_before=0x00000000 ack_after=0x00000000 sem_ok=-1 polls=2000
[   94.329952] amdgpu 0000:01:00.0: BC250INV eng=17 vmid=8 wrote=0x00fa0100 req_readback=0x00fa0100 ack_before=0x00000000 ack_after=0x00000000 sem_ok=-1 polls=2000
[   94.337055] amdgpu 0000:01:00.0: BC250INV eng=17 vmid=8 wrote=0x00fa0100 req_readback=0x00fa0100 ack_before=0x00000000 ack_after=0x00000000 sem_ok=-1 polls=2000
[  103.337547] amdgpu 0000:01:00.0: qcm fence wait loop timeout expired
[  103.337562] amdgpu 0000:01:00.0: The cp might be in an unrecoverable state due to an unsuccessful queues preemption
[  103.337567] amdgpu 0000:01:00.0: GPU recovery disabled.
[  103.337572] amdgpu: process pid 1517 DQM create queue type 0 failed. ret -62
[  103.341849] amdgpu 0000:01:00.0: BC250INV eng=17 vmid=8 wrote=0x00fa0100 req_readback=0x00fa0100 ack_before=0x00000000 ack_after=0x00000000 sem_ok=-1 polls=2000
[  103.346146] amdgpu 0000:01:00.0: BC250INV eng=17 vmid=8 wrote=0x00fa0100 req_readback=0x00fa0100 ack_before=0x00000000 ack_after=0x00000000 sem_ok=-1 polls=2000
[  103.351299] amdgpu 0000:01:00.0: BC250INV eng=17 vmid=8 wrote=0x00fa0100 req_readback=0x00fa0100 ack_before=0x00000000 ack_after=0x00000000 sem_ok=-1 polls=2000
[  103.355594] amdgpu 0000:01:00.0: BC250INV eng=17 vmid=8 wrote=0x00fa0100 req_readback=0x00fa0100 ack_before=0x00000000 ack_after=0x00000000 sem_ok=-1 polls=2000
[  103.359862] amdgpu 0000:01:00.0: BC250INV eng=17 vmid=8 wrote=0x00fa0100 req_readback=0x00fa0100 ack_before=0x00000000 ack_after=0x00000000 sem_ok=-1 polls=2000
[  103.364181] amdgpu 0000:01:00.0: BC250INV eng=17 vmid=8 wrote=0x00fa0100 req_readback=0x00fa0100 ack_before=0x00000000 ack_after=0x00000000 sem_ok=-1 polls=2000
[  103.364189] amdgpu 0000:01:00.0: BC250TLBALT mode=9 site=2 calls=100 nomatch=16 ackmiss=84 err=0 last: matched=0x0100 acked=0x0000 r=0
[  103.368441] amdgpu 0000:01:00.0: BC250INV eng=17 vmid=8 wrote=0x00fa0100 req_readback=0x00fa0100 ack_before=0x00000000 ack_after=0x00000000 sem_ok=-1 polls=2000
[  103.372765] amdgpu 0000:01:00.0: BC250INV eng=17 vmid=8 wrote=0x00fa0100 req_readback=0x00fa0100 ack_before=0x00000000 ack_after=0x00000000 sem_ok=-1 polls=2000
[  103.377022] amdgpu 0000:01:00.0: BC250INV eng=17 vmid=8 wrote=0x00fa0100 req_readback=0x00fa0100 ack_before=0x00000000 ack_after=0x00000000 sem_ok=-1 polls=2000
[  103.384145] amdgpu 0000:01:00.0: BC250INV eng=17 vmid=8 wrote=0x00fa0100 req_readback=0x00fa0100 ack_before=0x00000000 ack_after=0x00000000 sem_ok=-1 polls=2000
[  112.384511] amdgpu 0000:01:00.0: qcm fence wait loop timeout expired
[  112.384519] amdgpu 0000:01:00.0: The cp might be in an unrecoverable state due to an unsuccessful queues preemption
[  112.384526] amdgpu 0000:01:00.0: GPU recovery disabled.
[  112.384530] amdgpu: process pid 1517 DQM create queue type 0 failed. ret -62
[  112.388785] amdgpu 0000:01:00.0: BC250INV eng=17 vmid=8 wrote=0x00fa0100 req_readback=0x00fa0100 ack_before=0x00000000 ack_after=0x00000000 sem_ok=-1 polls=2000
[  112.393089] amdgpu 0000:01:00.0: BC250INV eng=17 vmid=8 wrote=0x00fa0100 req_readback=0x00fa0100 ack_before=0x00000000 ack_after=0x00000000 sem_ok=-1 polls=2000
[  112.398187] amdgpu 0000:01:00.0: BC250INV eng=17 vmid=8 wrote=0x00fa0100 req_readback=0x00fa0100 ack_before=0x00000000 ack_after=0x00000000 sem_ok=-1 polls=2000
[  112.402478] amdgpu 0000:01:00.0: BC250INV eng=17 vmid=8 wrote=0x00fa0100 req_readback=0x00fa0100 ack_before=0x00000000 ack_after=0x00000000 sem_ok=-1 polls=2000
[  112.406733] amdgpu 0000:01:00.0: BC250INV eng=17 vmid=8 wrote=0x00fa0100 req_readback=0x00fa0100 ack_before=0x00000000 ack_after=0x00000000 sem_ok=-1 polls=2000
[  112.411090] amdgpu 0000:01:00.0: BC250INV eng=17 vmid=8 wrote=0x00fa0100 req_readback=0x00fa0100 ack_before=0x00000000 ack_after=0x00000000 sem_ok=-1 polls=2000
[  112.415571] amdgpu 0000:01:00.0: BC250INV eng=17 vmid=8 wrote=0x00fa0100 req_readback=0x00fa0100 ack_before=0x00000000 ack_after=0x00000000 sem_ok=-1 polls=2000
[  112.419903] amdgpu 0000:01:00.0: BC250INV eng=17 vmid=8 wrote=0x00fa0100 req_readback=0x00fa0100 ack_before=0x00000000 ack_after=0x00000000 sem_ok=-1 polls=2000
[  112.424180] amdgpu 0000:01:00.0: BC250INV eng=17 vmid=8 wrote=0x00fa0100 req_readback=0x00fa0100 ack_before=0x00000000 ack_after=0x00000000 sem_ok=-1 polls=2000
[  112.431349] amdgpu 0000:01:00.0: BC250INV eng=17 vmid=8 wrote=0x00fa0100 req_readback=0x00fa0100 ack_before=0x00000000 ack_after=0x00000000 sem_ok=-1 polls=2000
[  121.431480] amdgpu 0000:01:00.0: qcm fence wait loop timeout expired
[  121.431491] amdgpu 0000:01:00.0: The cp might be in an unrecoverable state due to an unsuccessful queues preemption
[  121.431499] amdgpu 0000:01:00.0: GPU recovery disabled.
[  121.431503] amdgpu: process pid 1517 DQM create queue type 0 failed. ret -62
[  121.435766] amdgpu 0000:01:00.0: BC250INV eng=17 vmid=8 wrote=0x00fa0100 req_readback=0x00fa0100 ack_before=0x00000000 ack_after=0x00000000 sem_ok=-1 polls=2000
[  121.440064] amdgpu 0000:01:00.0: BC250INV eng=17 vmid=8 wrote=0x00fa0100 req_readback=0x00fa0100 ack_before=0x00000000 ack_after=0x00000000 sem_ok=-1 polls=2000
[  121.445219] amdgpu 0000:01:00.0: BC250INV eng=17 vmid=8 wrote=0x00fa0100 req_readback=0x00fa0100 ack_before=0x00000000 ack_after=0x00000000 sem_ok=-1 polls=2000
[  121.449522] amdgpu 0000:01:00.0: BC250INV eng=17 vmid=8 wrote=0x00fa0100 req_readback=0x00fa0100 ack_before=0x00000000 ack_after=0x00000000 sem_ok=-1 polls=2000
[  121.453827] amdgpu 0000:01:00.0: BC250INV eng=17 vmid=8 wrote=0x00fa0100 req_readback=0x00fa0100 ack_before=0x00000000 ack_after=0x00000000 sem_ok=-1 polls=2000
[  121.458145] amdgpu 0000:01:00.0: BC250INV eng=17 vmid=8 wrote=0x00fa0100 req_readback=0x00fa0100 ack_before=0x00000000 ack_after=0x00000000 sem_ok=-1 polls=2000
[  121.462516] amdgpu 0000:01:00.0: BC250INV eng=17 vmid=8 wrote=0x00fa0100 req_readback=0x00fa0100 ack_before=0x00000000 ack_after=0x00000000 sem_ok=-1 polls=2000
[  121.466798] amdgpu 0000:01:00.0: BC250INV eng=17 vmid=8 wrote=0x00fa0100 req_readback=0x00fa0100 ack_before=0x00000000 ack_after=0x00000000 sem_ok=-1 polls=2000
[  121.471067] amdgpu 0000:01:00.0: BC250INV eng=17 vmid=8 wrote=0x00fa0100 req_readback=0x00fa0100 ack_before=0x00000000 ack_after=0x00000000 sem_ok=-1 polls=2000
[  121.478187] amdgpu 0000:01:00.0: BC250INV eng=17 vmid=8 wrote=0x00fa0100 req_readback=0x00fa0100 ack_before=0x00000000 ack_after=0x00000000 sem_ok=-1 polls=2000
[  130.478450] amdgpu 0000:01:00.0: qcm fence wait loop timeout expired
[  130.478465] amdgpu 0000:01:00.0: The cp might be in an unrecoverable state due to an unsuccessful queues preemption
[  130.478470] amdgpu 0000:01:00.0: GPU recovery disabled.
[  130.478475] amdgpu: process pid 1517 DQM create queue type 0 failed. ret -62
[  130.482743] amdgpu 0000:01:00.0: BC250INV eng=17 vmid=8 wrote=0x00fa0100 req_readback=0x00fa0100 ack_before=0x00000000 ack_after=0x00000000 sem_ok=-1 polls=2000
[  130.487047] amdgpu 0000:01:00.0: BC250INV eng=17 vmid=8 wrote=0x00fa0100 req_readback=0x00fa0100 ack_before=0x00000000 ack_after=0x00000000 sem_ok=-1 polls=2000
[  130.492306] amdgpu 0000:01:00.0: BC250INV eng=17 vmid=8 wrote=0x00fa0100 req_readback=0x00fa0100 ack_before=0x00000000 ack_after=0x00000000 sem_ok=-1 polls=2000
[  130.496601] amdgpu 0000:01:00.0: BC250INV eng=17 vmid=8 wrote=0x00fa0100 req_readback=0x00fa0100 ack_before=0x00000000 ack_after=0x00000000 sem_ok=-1 polls=2000
[  130.500894] amdgpu 0000:01:00.0: BC250INV eng=17 vmid=8 wrote=0x00fa0100 req_readback=0x00fa0100 ack_before=0x00000000 ack_after=0x00000000 sem_ok=-1 polls=2000
[  130.505221] amdgpu 0000:01:00.0: BC250INV eng=17 vmid=8 wrote=0x00fa0100 req_readback=0x00fa0100 ack_before=0x00000000 ack_after=0x00000000 sem_ok=-1 polls=2000
[  130.509533] amdgpu 0000:01:00.0: BC250INV eng=17 vmid=8 wrote=0x00fa0100 req_readback=0x00fa0100 ack_before=0x00000000 ack_after=0x00000000 sem_ok=-1 polls=2000
[  130.513807] amdgpu 0000:01:00.0: BC250INV eng=17 vmid=8 wrote=0x00fa0100 req_readback=0x00fa0100 ack_before=0x00000000 ack_after=0x00000000 sem_ok=-1 polls=2000
[  130.518073] amdgpu 0000:01:00.0: BC250INV eng=17 vmid=8 wrote=0x00fa0100 req_readback=0x00fa0100 ack_before=0x00000000 ack_after=0x00000000 sem_ok=-1 polls=2000
[  130.525390] amdgpu 0000:01:00.0: BC250INV eng=17 vmid=8 wrote=0x00fa0100 req_readback=0x00fa0100 ack_before=0x00000000 ack_after=0x00000000 sem_ok=-1 polls=2000
[  139.525428] amdgpu 0000:01:00.0: qcm fence wait loop timeout expired
[  139.525443] amdgpu 0000:01:00.0: The cp might be in an unrecoverable state due to an unsuccessful queues preemption
[  139.525449] amdgpu 0000:01:00.0: GPU recovery disabled.
[  139.525454] amdgpu: process pid 1517 DQM create queue type 0 failed. ret -62
[  139.529726] amdgpu 0000:01:00.0: BC250INV eng=17 vmid=8 wrote=0x00fa0100 req_readback=0x00fa0100 ack_before=0x00000000 ack_after=0x00000000 sem_ok=-1 polls=2000
[  139.534026] amdgpu 0000:01:00.0: BC250INV eng=17 vmid=8 wrote=0x00fa0100 req_readback=0x00fa0100 ack_before=0x00000000 ack_after=0x00000000 sem_ok=-1 polls=2000
[  139.539237] amdgpu 0000:01:00.0: BC250INV eng=17 vmid=8 wrote=0x00fa0100 req_readback=0x00fa0100 ack_before=0x00000000 ack_after=0x00000000 sem_ok=-1 polls=2000
[  139.543525] amdgpu 0000:01:00.0: BC250INV eng=17 vmid=8 wrote=0x00fa0100 req_readback=0x00fa0100 ack_before=0x00000000 ack_after=0x00000000 sem_ok=-1 polls=2000
[  139.547794] amdgpu 0000:01:00.0: BC250INV eng=17 vmid=8 wrote=0x00fa0100 req_readback=0x00fa0100 ack_before=0x00000000 ack_after=0x00000000 sem_ok=-1 polls=2000
[  139.552121] amdgpu 0000:01:00.0: BC250INV eng=17 vmid=8 wrote=0x00fa0100 req_readback=0x00fa0100 ack_before=0x00000000 ack_after=0x00000000 sem_ok=-1 polls=2000
[  139.556402] amdgpu 0000:01:00.0: BC250INV eng=17 vmid=8 wrote=0x00fa0100 req_readback=0x00fa0100 ack_before=0x00000000 ack_after=0x00000000 sem_ok=-1 polls=2000
[  139.560665] amdgpu 0000:01:00.0: BC250INV eng=17 vmid=8 wrote=0x00fa0100 req_readback=0x00fa0100 ack_before=0x00000000 ack_after=0x00000000 sem_ok=-1 polls=2000
[  139.564928] amdgpu 0000:01:00.0: BC250INV eng=17 vmid=8 wrote=0x00fa0100 req_readback=0x00fa0100 ack_before=0x00000000 ack_after=0x00000000 sem_ok=-1 polls=2000
[  139.572303] amdgpu 0000:01:00.0: BC250INV eng=17 vmid=8 wrote=0x00fa0100 req_readback=0x00fa0100 ack_before=0x00000000 ack_after=0x00000000 sem_ok=-1 polls=2000
[  148.572396] amdgpu 0000:01:00.0: qcm fence wait loop timeout expired
[  148.572409] amdgpu 0000:01:00.0: The cp might be in an unrecoverable state due to an unsuccessful queues preemption
[  148.572414] amdgpu 0000:01:00.0: GPU recovery disabled.
[  148.572419] amdgpu: process pid 1517 DQM create queue type 0 failed. ret -62
[  148.576691] amdgpu 0000:01:00.0: BC250INV eng=17 vmid=8 wrote=0x00fa0100 req_readback=0x00fa0100 ack_before=0x00000000 ack_after=0x00000000 sem_ok=-1 polls=2000
[  148.580982] amdgpu 0000:01:00.0: BC250INV eng=17 vmid=8 wrote=0x00fa0100 req_readback=0x00fa0100 ack_before=0x00000000 ack_after=0x00000000 sem_ok=-1 polls=2000
[  148.586208] amdgpu 0000:01:00.0: BC250INV eng=17 vmid=8 wrote=0x00fa0100 req_readback=0x00fa0100 ack_before=0x00000000 ack_after=0x00000000 sem_ok=-1 polls=2000
[  148.590515] amdgpu 0000:01:00.0: BC250INV eng=17 vmid=8 wrote=0x00fa0100 req_readback=0x00fa0100 ack_before=0x00000000 ack_after=0x00000000 sem_ok=-1 polls=2000
[  148.594777] amdgpu 0000:01:00.0: BC250INV eng=17 vmid=8 wrote=0x00fa0100 req_readback=0x00fa0100 ack_before=0x00000000 ack_after=0x00000000 sem_ok=-1 polls=2000
[  148.599093] amdgpu 0000:01:00.0: BC250INV eng=17 vmid=8 wrote=0x00fa0100 req_readback=0x00fa0100 ack_before=0x00000000 ack_after=0x00000000 sem_ok=-1 polls=2000
[  148.603358] amdgpu 0000:01:00.0: BC250INV eng=17 vmid=8 wrote=0x00fa0100 req_readback=0x00fa0100 ack_before=0x00000000 ack_after=0x00000000 sem_ok=-1 polls=2000
[  148.607625] amdgpu 0000:01:00.0: BC250INV eng=17 vmid=8 wrote=0x00fa0100 req_readback=0x00fa0100 ack_before=0x00000000 ack_after=0x00000000 sem_ok=-1 polls=2000
[  148.611881] amdgpu 0000:01:00.0: BC250INV eng=17 vmid=8 wrote=0x00fa0100 req_readback=0x00fa0100 ack_before=0x00000000 ack_after=0x00000000 sem_ok=-1 polls=2000
[  148.619211] amdgpu 0000:01:00.0: BC250INV eng=17 vmid=8 wrote=0x00fa0100 req_readback=0x00fa0100 ack_before=0x00000000 ack_after=0x00000000 sem_ok=-1 polls=2000
[  157.619001] amdgpu 0000:01:00.0: qcm fence wait loop timeout expired
[  157.619015] amdgpu 0000:01:00.0: The cp might be in an unrecoverable state due to an unsuccessful queues preemption
[  157.619019] amdgpu 0000:01:00.0: GPU recovery disabled.
[  157.619025] amdgpu: process pid 1517 DQM create queue type 0 failed. ret -62
[  157.623295] amdgpu 0000:01:00.0: BC250INV eng=17 vmid=8 wrote=0x00fa0100 req_readback=0x00fa0100 ack_before=0x00000000 ack_after=0x00000000 sem_ok=-1 polls=2000
[  157.627603] amdgpu 0000:01:00.0: BC250INV eng=17 vmid=8 wrote=0x00fa0100 req_readback=0x00fa0100 ack_before=0x00000000 ack_after=0x00000000 sem_ok=-1 polls=2000
[  157.632982] amdgpu 0000:01:00.0: BC250INV eng=17 vmid=8 wrote=0x00fa0100 req_readback=0x00fa0100 ack_before=0x00000000 ack_after=0x00000000 sem_ok=-1 polls=2000
[  157.637279] amdgpu 0000:01:00.0: BC250INV eng=17 vmid=8 wrote=0x00fa0100 req_readback=0x00fa0100 ack_before=0x00000000 ack_after=0x00000000 sem_ok=-1 polls=2000
[  157.641540] amdgpu 0000:01:00.0: BC250INV eng=17 vmid=8 wrote=0x00fa0100 req_readback=0x00fa0100 ack_before=0x00000000 ack_after=0x00000000 sem_ok=-1 polls=2000
[  157.645875] amdgpu 0000:01:00.0: BC250INV eng=17 vmid=8 wrote=0x00fa0100 req_readback=0x00fa0100 ack_before=0x00000000 ack_after=0x00000000 sem_ok=-1 polls=2000
[  157.650144] amdgpu 0000:01:00.0: BC250INV eng=17 vmid=8 wrote=0x00fa0100 req_readback=0x00fa0100 ack_before=0x00000000 ack_after=0x00000000 sem_ok=-1 polls=2000
[  157.654406] amdgpu 0000:01:00.0: BC250INV eng=17 vmid=8 wrote=0x00fa0100 req_readback=0x00fa0100 ack_before=0x00000000 ack_after=0x00000000 sem_ok=-1 polls=2000
[  157.658662] amdgpu 0000:01:00.0: BC250INV eng=17 vmid=8 wrote=0x00fa0100 req_readback=0x00fa0100 ack_before=0x00000000 ack_after=0x00000000 sem_ok=-1 polls=2000
[  157.666015] amdgpu 0000:01:00.0: BC250INV eng=17 vmid=8 wrote=0x00fa0100 req_readback=0x00fa0100 ack_before=0x00000000 ack_after=0x00000000 sem_ok=-1 polls=2000
[  166.666525] amdgpu 0000:01:00.0: qcm fence wait loop timeout expired
[  166.666540] amdgpu 0000:01:00.0: The cp might be in an unrecoverable state due to an unsuccessful queues preemption
[  166.666545] amdgpu 0000:01:00.0: GPU recovery disabled.
[  166.666550] amdgpu: process pid 1517 DQM create queue type 0 failed. ret -62
[  166.670862] amdgpu 0000:01:00.0: BC250INV eng=17 vmid=8 wrote=0x00fa0100 req_readback=0x00fa0100 ack_before=0x00000000 ack_after=0x00000000 sem_ok=-1 polls=2000
[  166.675163] amdgpu 0000:01:00.0: BC250INV eng=17 vmid=8 wrote=0x00fa0100 req_readback=0x00fa0100 ack_before=0x00000000 ack_after=0x00000000 sem_ok=-1 polls=2000
[  166.680443] amdgpu 0000:01:00.0: BC250INV eng=17 vmid=8 wrote=0x00fa0100 req_readback=0x00fa0100 ack_before=0x00000000 ack_after=0x00000000 sem_ok=-1 polls=2000
[  166.684729] amdgpu 0000:01:00.0: BC250INV eng=17 vmid=8 wrote=0x00fa0100 req_readback=0x00fa0100 ack_before=0x00000000 ack_after=0x00000000 sem_ok=-1 polls=2000
[  166.688981] amdgpu 0000:01:00.0: BC250INV eng=17 vmid=8 wrote=0x00fa0100 req_readback=0x00fa0100 ack_before=0x00000000 ack_after=0x00000000 sem_ok=-1 polls=2000
[  166.693309] amdgpu 0000:01:00.0: BC250INV eng=17 vmid=8 wrote=0x00fa0100 req_readback=0x00fa0100 ack_before=0x00000000 ack_after=0x00000000 sem_ok=-1 polls=2000
[  166.697566] amdgpu 0000:01:00.0: BC250INV eng=17 vmid=8 wrote=0x00fa0100 req_readback=0x00fa0100 ack_before=0x00000000 ack_after=0x00000000 sem_ok=-1 polls=2000
[  166.701823] amdgpu 0000:01:00.0: BC250INV eng=17 vmid=8 wrote=0x00fa0100 req_readback=0x00fa0100 ack_before=0x00000000 ack_after=0x00000000 sem_ok=-1 polls=2000
[  166.706076] amdgpu 0000:01:00.0: BC250INV eng=17 vmid=8 wrote=0x00fa0100 req_readback=0x00fa0100 ack_before=0x00000000 ack_after=0x00000000 sem_ok=-1 polls=2000
[  166.713493] amdgpu 0000:01:00.0: BC250INV eng=17 vmid=8 wrote=0x00fa0100 req_readback=0x00fa0100 ack_before=0x00000000 ack_after=0x00000000 sem_ok=-1 polls=2000
[  175.714396] amdgpu 0000:01:00.0: qcm fence wait loop timeout expired
[  175.714407] amdgpu 0000:01:00.0: The cp might be in an unrecoverable state due to an unsuccessful queues preemption
[  175.714411] amdgpu 0000:01:00.0: GPU recovery disabled.
[  175.714415] amdgpu: process pid 1517 DQM create queue type 0 failed. ret -62
[  184.715351] amdgpu 0000:01:00.0: qcm fence wait loop timeout expired
[  184.715359] amdgpu 0000:01:00.0: The cp might be in an unrecoverable state due to an unsuccessful queues preemption
[  184.715366] amdgpu 0000:01:00.0: GPU recovery disabled.
[  184.715369] amdgpu 0000:01:00.0: Failed to evict process queues
[  184.715371] amdgpu: Failed to quiesce KFD
[  193.716298] amdgpu 0000:01:00.0: qcm fence wait loop timeout expired
[  193.716312] amdgpu 0000:01:00.0: The cp might be in an unrecoverable state due to an unsuccessful queues preemption
[  193.716323] amdgpu 0000:01:00.0: GPU recovery disabled.
[  193.716326] amdgpu: Resetting wave fronts (cpsch) on dev 00000000bbbf19e8
[  193.716334] amdgpu 0000:01:00.0: Didn't find vmid for process pid 1517
[  194.008181] kauditd_printk_skb: 22 callbacks suppressed
[  194.008206] audit: type=1305 audit(1789449813.080:814): op=set audit_pid=0 old=794 auid=4294967295 ses=4294967295 subj=system_u:system_r:auditd_t:s0 res=1
[  194.010527] audit: type=1131 audit(1789449813.083:815): pid=1 uid=0 auid=4294967295 ses=4294967295 subj=system_u:system_r:init_t:s0 msg='unit=auditd comm="systemd" exe="/usr/lib/systemd/systemd" hostname=? addr=? terminal=? res=success'
[  194.010903] audit: type=1131 audit(1789449813.083:816): pid=1 uid=0 auid=4294967295 ses=4294967295 subj=system_u:system_r:init_t:s0 msg='unit=systemd-tmpfiles-setup comm="systemd" exe="/usr/lib/systemd/systemd" hostname=? addr=? terminal=? res=success'
[  194.036947] audit: type=1131 audit(1789449813.109:817): pid=1 uid=0 auid=4294967295 ses=4294967295 subj=system_u:system_r:init_t:s0 msg='unit=systemd-fsck@dev-disk-by\x2duuid-3E81\x2d060D comm="systemd" exe="/usr/lib/systemd/systemd" hostname=? addr=? terminal=? res=success'
[  194.043471] EXT4-fs (nvme0n1p2): unmounting filesystem 24906ea3-66db-45a5-9082-24d815d9ca9e.
[  194.061610] audit: type=1131 audit(1789449813.134:818): pid=1 uid=0 auid=4294967295 ses=4294967295 subj=system_u:system_r:init_t:s0 msg='unit=systemd-fsck@dev-disk-by\x2duuid-24906ea3\x2d66db\x2d45a5\x2d9082\x2d24d815d9ca9e comm="systemd" exe="/usr/lib/systemd/systemd" hostname=? addr=? terminal=? res=success'
[  194.063081] audit: type=1131 audit(1789449813.135:819): pid=1 uid=0 auid=4294967295 ses=4294967295 subj=system_u:system_r:init_t:s0 msg='unit=systemd-remount-fs comm="systemd" exe="/usr/lib/systemd/systemd" hostname=? addr=? terminal=? res=success'
[  194.063196] audit: type=1131 audit(1789449813.135:820): pid=1 uid=0 auid=4294967295 ses=4294967295 subj=system_u:system_r:init_t:s0 msg='unit=systemd-tmpfiles-setup-dev comm="systemd" exe="/usr/lib/systemd/systemd" hostname=? addr=? terminal=? res=success'
[  194.063298] audit: type=1131 audit(1789449813.135:821): pid=1 uid=0 auid=4294967295 ses=4294967295 subj=system_u:system_r:init_t:s0 msg='unit=systemd-tmpfiles-setup-dev-early comm="systemd" exe="/usr/lib/systemd/systemd" hostname=? addr=? terminal=? res=success'
[  194.111772] audit: type=1131 audit(1789449813.184:822): pid=1 uid=0 auid=4294967295 ses=4294967295 subj=system_u:system_r:init_t:s0 msg='unit=lvm2-monitor comm="systemd" exe="/usr/lib/systemd/systemd" hostname=? addr=? terminal=? res=success'
[  194.112623] audit: type=1130 audit(1789449813.185:823): pid=1 uid=0 auid=4294967295 ses=4294967295 subj=system_u:system_r:init_t:s0 msg='unit=systemd-reboot comm="systemd" exe="/usr/lib/systemd/systemd" hostname=? addr=? terminal=? res=success'
[  194.162891] watchdog: watchdog0: watchdog did not stop!
[  194.167843] systemd-shutdown[1]: Using hardware watchdog /dev/watchdog0: 'SP5100 TCO timer', version 0.
[  194.167864] systemd-shutdown[1]: Watchdog running with a hardware timeout of 10min.
[  194.176032] systemd-shutdown[1]: Syncing filesystems and block devices.
[  194.206646] systemd-shutdown[1]: Sending SIGTERM to remaining processes...
[  194.214385] systemd-journald[590]: Received SIGTERM from PID 1 (systemd-shutdow).
[  194.283331] systemd-shutdown[1]: Sending SIGKILL to remaining processes...
[  194.294052] systemd-shutdown[1]: Unmounting file systems.
[  194.294903] (sd-umount)[2378]: Unmounting '/run/credentials/systemd-journald.service'.
[  194.295757] (sd-remount)[2379]: Remounting '/' read-only with options 'seclabel,compress=zstd:1,ssd,discard=async,space_cache=v2,subvolid=256,subvol=/root'.
[  194.309149] systemd-shutdown[1]: All filesystems unmounted.
[  194.309168] systemd-shutdown[1]: Deactivating swaps.
[  194.309198] systemd-shutdown[1]: All swaps deactivated.
[  194.309207] systemd-shutdown[1]: Detaching loop devices.
[  194.310131] systemd-shutdown[1]: All loop devices detached.
[  194.310139] systemd-shutdown[1]: Stopping MD devices.
[  194.310194] systemd-shutdown[1]: All MD devices stopped.
[  194.310199] systemd-shutdown[1]: Detaching DM devices.
[  194.310244] systemd-shutdown[1]: All DM devices detached.
[  194.310250] systemd-shutdown[1]: All filesystems, swaps, loop devices, MD devices and DM devices detached.
[  194.310255] watchdog: watchdog0: watchdog did not stop!
[  194.370670] systemd-shutdown[1]: Syncing filesystems and block devices.
[  194.371060] systemd-shutdown[1]: Rebooting.
[    0.104227] RDSEED is not reliable on this platform; disabling.
[    0.001358] RDSEED is not reliable on this platform; disabling.
[    0.001358] RDSEED is not reliable on this platform; disabling.
[    0.001358] RDSEED is not reliable on this platform; disabling.
[    0.001358] RDSEED is not reliable on this platform; disabling.
[    0.001358] RDSEED is not reliable on this platform; disabling.
[    0.001358] RDSEED is not reliable on this platform; disabling.
[    0.001358] RDSEED is not reliable on this platform; disabling.
[    0.001358] RDSEED is not reliable on this platform; disabling.
[    0.001358] RDSEED is not reliable on this platform; disabling.
[    0.001358] RDSEED is not reliable on this platform; disabling.
[    0.001358] RDSEED is not reliable on this platform; disabling.
[   22.064066] netconsole armed
[   22.827513] MARK-g5_rl3_alt9_f5
[   23.048102] amdgpu 0000:01:00.0: BC250TLBALT mode=9 site=2 calls=1 nomatch=1 ackmiss=0 err=0 last: matched=0x0000 acked=0x0000 r=0
[   23.150401] amdgpu 0000:01:00.0: BC250TLBALT mode=9 site=2 calls=10 nomatch=10 ackmiss=0 err=0 last: matched=0x0000 acked=0x0000 r=0
[   28.564803] amdgpu 0000:01:00.0: BC250INV eng=17 vmid=8 wrote=0x00fa0100 req_readback=0x00fa0100 ack_before=0x00000001 ack_after=0x00000000 sem_ok=-1 polls=2000
[   28.579910] amdgpu 0000:01:00.0: BC250INV eng=17 vmid=8 wrote=0x00fa0100 req_readback=0x00fa0100 ack_before=0x00000000 ack_after=0x00000000 sem_ok=-1 polls=2000
[   28.584415] amdgpu 0000:01:00.0: BC250INV eng=17 vmid=8 wrote=0x00fa0100 req_readback=0x00fa0100 ack_before=0x00000000 ack_after=0x00000000 sem_ok=-1 polls=2000
[   28.588717] amdgpu 0000:01:00.0: BC250INV eng=17 vmid=8 wrote=0x00fa0100 req_readback=0x00fa0100 ack_before=0x00000000 ack_after=0x00000000 sem_ok=-1 polls=2000
[   28.593230] amdgpu 0000:01:00.0: BC250INV eng=17 vmid=8 wrote=0x00fa0100 req_readback=0x00fa0100 ack_before=0x00000000 ack_after=0x00000000 sem_ok=-1 polls=2000
[   28.597541] amdgpu 0000:01:00.0: BC250INV eng=17 vmid=8 wrote=0x00fa0100 req_readback=0x00fa0100 ack_before=0x00000000 ack_after=0x00000000 sem_ok=-1 polls=2000
[   28.601838] amdgpu 0000:01:00.0: BC250INV eng=17 vmid=8 wrote=0x00fa0100 req_readback=0x00fa0100 ack_before=0x00000000 ack_after=0x00000000 sem_ok=-1 polls=2000
[   28.608631] amdgpu 0000:01:00.0: BC250INV eng=17 vmid=8 wrote=0x00fa0100 req_readback=0x00fa0100 ack_before=0x00000000 ack_after=0x00000000 sem_ok=-1 polls=2000
[   37.609393] amdgpu 0000:01:00.0: qcm fence wait loop timeout expired
[   37.609408] amdgpu 0000:01:00.0: The cp might be in an unrecoverable state due to an unsuccessful queues preemption
[   37.609413] amdgpu 0000:01:00.0: GPU recovery disabled.
[   37.609419] amdgpu: process pid 1512 DQM create queue type 0 failed. ret -62
[   37.613705] amdgpu 0000:01:00.0: BC250INV eng=17 vmid=8 wrote=0x00fa0100 req_readback=0x00fa0100 ack_before=0x00000000 ack_after=0x00000000 sem_ok=-1 polls=2000
[   37.618002] amdgpu 0000:01:00.0: BC250INV eng=17 vmid=8 wrote=0x00fa0100 req_readback=0x00fa0100 ack_before=0x00000000 ack_after=0x00000000 sem_ok=-1 polls=2000
[   37.623021] amdgpu 0000:01:00.0: BC250INV eng=17 vmid=8 wrote=0x00fa0100 req_readback=0x00fa0100 ack_before=0x00000000 ack_after=0x00000000 sem_ok=-1 polls=2000
[   37.627345] amdgpu 0000:01:00.0: BC250INV eng=17 vmid=8 wrote=0x00fa0100 req_readback=0x00fa0100 ack_before=0x00000000 ack_after=0x00000000 sem_ok=-1 polls=2000
[   37.631663] amdgpu 0000:01:00.0: BC250INV eng=17 vmid=8 wrote=0x00fa0100 req_readback=0x00fa0100 ack_before=0x00000000 ack_after=0x00000000 sem_ok=-1 polls=2000
[   37.635990] amdgpu 0000:01:00.0: BC250INV eng=17 vmid=8 wrote=0x00fa0100 req_readback=0x00fa0100 ack_before=0x00000000 ack_after=0x00000000 sem_ok=-1 polls=2000
[   37.640347] amdgpu 0000:01:00.0: BC250INV eng=17 vmid=8 wrote=0x00fa0100 req_readback=0x00fa0100 ack_before=0x00000000 ack_after=0x00000000 sem_ok=-1 polls=2000
[   37.644632] amdgpu 0000:01:00.0: BC250INV eng=17 vmid=8 wrote=0x00fa0100 req_readback=0x00fa0100 ack_before=0x00000000 ack_after=0x00000000 sem_ok=-1 polls=2000
[   37.648892] amdgpu 0000:01:00.0: BC250INV eng=17 vmid=8 wrote=0x00fa0100 req_readback=0x00fa0100 ack_before=0x00000000 ack_after=0x00000000 sem_ok=-1 polls=2000
[   37.655646] amdgpu 0000:01:00.0: BC250INV eng=17 vmid=8 wrote=0x00fa0100 req_readback=0x00fa0100 ack_before=0x00000000 ack_after=0x00000000 sem_ok=-1 polls=2000
[   46.656348] amdgpu 0000:01:00.0: qcm fence wait loop timeout expired
[   46.656364] amdgpu 0000:01:00.0: The cp might be in an unrecoverable state due to an unsuccessful queues preemption
[   46.656369] amdgpu 0000:01:00.0: GPU recovery disabled.
[   46.656374] amdgpu: process pid 1512 DQM create queue type 0 failed. ret -62
[   46.660646] amdgpu 0000:01:00.0: BC250INV eng=17 vmid=8 wrote=0x00fa0100 req_readback=0x00fa0100 ack_before=0x00000000 ack_after=0x00000000 sem_ok=-1 polls=2000
[   46.664964] amdgpu 0000:01:00.0: BC250INV eng=17 vmid=8 wrote=0x00fa0100 req_readback=0x00fa0100 ack_before=0x00000000 ack_after=0x00000000 sem_ok=-1 polls=2000
[   46.669963] amdgpu 0000:01:00.0: BC250INV eng=17 vmid=8 wrote=0x00fa0100 req_readback=0x00fa0100 ack_before=0x00000000 ack_after=0x00000000 sem_ok=-1 polls=2000
[   46.674247] amdgpu 0000:01:00.0: BC250INV eng=17 vmid=8 wrote=0x00fa0100 req_readback=0x00fa0100 ack_before=0x00000000 ack_after=0x00000000 sem_ok=-1 polls=2000
[   46.678522] amdgpu 0000:01:00.0: BC250INV eng=17 vmid=8 wrote=0x00fa0100 req_readback=0x00fa0100 ack_before=0x00000000 ack_after=0x00000000 sem_ok=-1 polls=2000
[   46.682833] amdgpu 0000:01:00.0: BC250INV eng=17 vmid=8 wrote=0x00fa0100 req_readback=0x00fa0100 ack_before=0x00000000 ack_after=0x00000000 sem_ok=-1 polls=2000
[   46.687150] amdgpu 0000:01:00.0: BC250INV eng=17 vmid=8 wrote=0x00fa0100 req_readback=0x00fa0100 ack_before=0x00000000 ack_after=0x00000000 sem_ok=-1 polls=2000
[   46.691417] amdgpu 0000:01:00.0: BC250INV eng=17 vmid=8 wrote=0x00fa0100 req_readback=0x00fa0100 ack_before=0x00000000 ack_after=0x00000000 sem_ok=-1 polls=2000
[   46.695675] amdgpu 0000:01:00.0: BC250INV eng=17 vmid=8 wrote=0x00fa0100 req_readback=0x00fa0100 ack_before=0x00000000 ack_after=0x00000000 sem_ok=-1 polls=2000
[   46.702652] amdgpu 0000:01:00.0: BC250INV eng=17 vmid=8 wrote=0x00fa0100 req_readback=0x00fa0100 ack_before=0x00000000 ack_after=0x00000000 sem_ok=-1 polls=2000
[   55.703314] amdgpu 0000:01:00.0: qcm fence wait loop timeout expired
[   55.703329] amdgpu 0000:01:00.0: The cp might be in an unrecoverable state due to an unsuccessful queues preemption
[   55.703333] amdgpu 0000:01:00.0: GPU recovery disabled.
[   55.703339] amdgpu: process pid 1512 DQM create queue type 0 failed. ret -62
[   55.707604] amdgpu 0000:01:00.0: BC250INV eng=17 vmid=8 wrote=0x00fa0100 req_readback=0x00fa0100 ack_before=0x00000000 ack_after=0x00000000 sem_ok=-1 polls=2000
[   55.711907] amdgpu 0000:01:00.0: BC250INV eng=17 vmid=8 wrote=0x00fa0100 req_readback=0x00fa0100 ack_before=0x00000000 ack_after=0x00000000 sem_ok=-1 polls=2000
[   55.716947] amdgpu 0000:01:00.0: BC250INV eng=17 vmid=8 wrote=0x00fa0100 req_readback=0x00fa0100 ack_before=0x00000000 ack_after=0x00000000 sem_ok=-1 polls=2000
[   55.721233] amdgpu 0000:01:00.0: BC250INV eng=17 vmid=8 wrote=0x00fa0100 req_readback=0x00fa0100 ack_before=0x00000000 ack_after=0x00000000 sem_ok=-1 polls=2000
[   55.725500] amdgpu 0000:01:00.0: BC250INV eng=17 vmid=8 wrote=0x00fa0100 req_readback=0x00fa0100 ack_before=0x00000000 ack_after=0x00000000 sem_ok=-1 polls=2000
[   55.729809] amdgpu 0000:01:00.0: BC250INV eng=17 vmid=8 wrote=0x00fa0100 req_readback=0x00fa0100 ack_before=0x00000000 ack_after=0x00000000 sem_ok=-1 polls=2000
[   55.734096] amdgpu 0000:01:00.0: BC250INV eng=17 vmid=8 wrote=0x00fa0100 req_readback=0x00fa0100 ack_before=0x00000000 ack_after=0x00000000 sem_ok=-1 polls=2000
[   55.738362] amdgpu 0000:01:00.0: BC250INV eng=17 vmid=8 wrote=0x00fa0100 req_readback=0x00fa0100 ack_before=0x00000000 ack_after=0x00000000 sem_ok=-1 polls=2000
[   55.742613] amdgpu 0000:01:00.0: BC250INV eng=17 vmid=8 wrote=0x00fa0100 req_readback=0x00fa0100 ack_before=0x00000000 ack_after=0x00000000 sem_ok=-1 polls=2000
[   55.749525] amdgpu 0000:01:00.0: BC250INV eng=17 vmid=8 wrote=0x00fa0100 req_readback=0x00fa0100 ack_before=0x00000000 ack_after=0x00000000 sem_ok=-1 polls=2000
[   64.750259] amdgpu 0000:01:00.0: qcm fence wait loop timeout expired
[   64.750271] amdgpu 0000:01:00.0: The cp might be in an unrecoverable state due to an unsuccessful queues preemption
[   64.750275] amdgpu 0000:01:00.0: GPU recovery disabled.
[   64.750280] amdgpu: process pid 1512 DQM create queue type 0 failed. ret -62
[   64.754540] amdgpu 0000:01:00.0: BC250INV eng=17 vmid=8 wrote=0x00fa0100 req_readback=0x00fa0100 ack_before=0x00000000 ack_after=0x00000000 sem_ok=-1 polls=2000
[   64.758848] amdgpu 0000:01:00.0: BC250INV eng=17 vmid=8 wrote=0x00fa0100 req_readback=0x00fa0100 ack_before=0x00000000 ack_after=0x00000000 sem_ok=-1 polls=2000
[   64.763897] amdgpu 0000:01:00.0: BC250INV eng=17 vmid=8 wrote=0x00fa0100 req_readback=0x00fa0100 ack_before=0x00000000 ack_after=0x00000000 sem_ok=-1 polls=2000
[   64.768177] amdgpu 0000:01:00.0: BC250INV eng=17 vmid=8 wrote=0x00fa0100 req_readback=0x00fa0100 ack_before=0x00000000 ack_after=0x00000000 sem_ok=-1 polls=2000
[   64.772440] amdgpu 0000:01:00.0: BC250INV eng=17 vmid=8 wrote=0x00fa0100 req_readback=0x00fa0100 ack_before=0x00000000 ack_after=0x00000000 sem_ok=-1 polls=2000
[   64.776774] amdgpu 0000:01:00.0: BC250INV eng=17 vmid=8 wrote=0x00fa0100 req_readback=0x00fa0100 ack_before=0x00000000 ack_after=0x00000000 sem_ok=-1 polls=2000
[   64.781064] amdgpu 0000:01:00.0: BC250INV eng=17 vmid=8 wrote=0x00fa0100 req_readback=0x00fa0100 ack_before=0x00000000 ack_after=0x00000000 sem_ok=-1 polls=2000
[   64.785331] amdgpu 0000:01:00.0: BC250INV eng=17 vmid=8 wrote=0x00fa0100 req_readback=0x00fa0100 ack_before=0x00000000 ack_after=0x00000000 sem_ok=-1 polls=2000
[   64.789588] amdgpu 0000:01:00.0: BC250INV eng=17 vmid=8 wrote=0x00fa0100 req_readback=0x00fa0100 ack_before=0x00000000 ack_after=0x00000000 sem_ok=-1 polls=2000
[   64.796465] amdgpu 0000:01:00.0: BC250INV eng=17 vmid=8 wrote=0x00fa0100 req_readback=0x00fa0100 ack_before=0x00000000 ack_after=0x00000000 sem_ok=-1 polls=2000
[   73.797214] amdgpu 0000:01:00.0: qcm fence wait loop timeout expired
[   73.797231] amdgpu 0000:01:00.0: The cp might be in an unrecoverable state due to an unsuccessful queues preemption
[   73.797236] amdgpu 0000:01:00.0: GPU recovery disabled.
[   73.797241] amdgpu: process pid 1512 DQM create queue type 0 failed. ret -62
[   73.801559] amdgpu 0000:01:00.0: BC250INV eng=17 vmid=8 wrote=0x00fa0100 req_readback=0x00fa0100 ack_before=0x00000000 ack_after=0x00000000 sem_ok=-1 polls=2000
[   73.805861] amdgpu 0000:01:00.0: BC250INV eng=17 vmid=8 wrote=0x00fa0100 req_readback=0x00fa0100 ack_before=0x00000000 ack_after=0x00000000 sem_ok=-1 polls=2000
[   73.811018] amdgpu 0000:01:00.0: BC250INV eng=17 vmid=8 wrote=0x00fa0100 req_readback=0x00fa0100 ack_before=0x00000000 ack_after=0x00000000 sem_ok=-1 polls=2000
[   73.815305] amdgpu 0000:01:00.0: BC250INV eng=17 vmid=8 wrote=0x00fa0100 req_readback=0x00fa0100 ack_before=0x00000000 ack_after=0x00000000 sem_ok=-1 polls=2000
[   73.819566] amdgpu 0000:01:00.0: BC250INV eng=17 vmid=8 wrote=0x00fa0100 req_readback=0x00fa0100 ack_before=0x00000000 ack_after=0x00000000 sem_ok=-1 polls=2000
[   73.823878] amdgpu 0000:01:00.0: BC250INV eng=17 vmid=8 wrote=0x00fa0100 req_readback=0x00fa0100 ack_before=0x00000000 ack_after=0x00000000 sem_ok=-1 polls=2000
[   73.828147] amdgpu 0000:01:00.0: BC250INV eng=17 vmid=8 wrote=0x00fa0100 req_readback=0x00fa0100 ack_before=0x00000000 ack_after=0x00000000 sem_ok=-1 polls=2000
[   73.832433] amdgpu 0000:01:00.0: BC250INV eng=17 vmid=8 wrote=0x00fa0100 req_readback=0x00fa0100 ack_before=0x00000000 ack_after=0x00000000 sem_ok=-1 polls=2000
[   73.836687] amdgpu 0000:01:00.0: BC250INV eng=17 vmid=8 wrote=0x00fa0100 req_readback=0x00fa0100 ack_before=0x00000000 ack_after=0x00000000 sem_ok=-1 polls=2000
[   73.843843] amdgpu 0000:01:00.0: BC250INV eng=17 vmid=8 wrote=0x00fa0100 req_readback=0x00fa0100 ack_before=0x00000000 ack_after=0x00000000 sem_ok=-1 polls=2000
[   82.844180] amdgpu 0000:01:00.0: qcm fence wait loop timeout expired
[   82.844192] amdgpu 0000:01:00.0: The cp might be in an unrecoverable state due to an unsuccessful queues preemption
[   82.844196] amdgpu 0000:01:00.0: GPU recovery disabled.
[   82.844201] amdgpu: process pid 1512 DQM create queue type 0 failed. ret -62
[   82.848471] amdgpu 0000:01:00.0: BC250INV eng=17 vmid=8 wrote=0x00fa0100 req_readback=0x00fa0100 ack_before=0x00000000 ack_after=0x00000000 sem_ok=-1 polls=2000
[   82.852768] amdgpu 0000:01:00.0: BC250INV eng=17 vmid=8 wrote=0x00fa0100 req_readback=0x00fa0100 ack_before=0x00000000 ack_after=0x00000000 sem_ok=-1 polls=2000
[   82.857887] amdgpu 0000:01:00.0: BC250INV eng=17 vmid=8 wrote=0x00fa0100 req_readback=0x00fa0100 ack_before=0x00000000 ack_after=0x00000000 sem_ok=-1 polls=2000
[   82.862169] amdgpu 0000:01:00.0: BC250INV eng=17 vmid=8 wrote=0x00fa0100 req_readback=0x00fa0100 ack_before=0x00000000 ack_after=0x00000000 sem_ok=-1 polls=2000
[   82.866438] amdgpu 0000:01:00.0: BC250INV eng=17 vmid=8 wrote=0x00fa0100 req_readback=0x00fa0100 ack_before=0x00000000 ack_after=0x00000000 sem_ok=-1 polls=2000
[   82.870744] amdgpu 0000:01:00.0: BC250INV eng=17 vmid=8 wrote=0x00fa0100 req_readback=0x00fa0100 ack_before=0x00000000 ack_after=0x00000000 sem_ok=-1 polls=2000
[   82.875000] amdgpu 0000:01:00.0: BC250INV eng=17 vmid=8 wrote=0x00fa0100 req_readback=0x00fa0100 ack_before=0x00000000 ack_after=0x00000000 sem_ok=-1 polls=2000
[   82.879253] amdgpu 0000:01:00.0: BC250INV eng=17 vmid=8 wrote=0x00fa0100 req_readback=0x00fa0100 ack_before=0x00000000 ack_after=0x00000000 sem_ok=-1 polls=2000
[   82.883515] amdgpu 0000:01:00.0: BC250INV eng=17 vmid=8 wrote=0x00fa0100 req_readback=0x00fa0100 ack_before=0x00000000 ack_after=0x00000000 sem_ok=-1 polls=2000
[   82.890591] amdgpu 0000:01:00.0: BC250INV eng=17 vmid=8 wrote=0x00fa0100 req_readback=0x00fa0100 ack_before=0x00000000 ack_after=0x00000000 sem_ok=-1 polls=2000
[   91.890356] amdgpu 0000:01:00.0: qcm fence wait loop timeout expired
[   91.890369] amdgpu 0000:01:00.0: The cp might be in an unrecoverable state due to an unsuccessful queues preemption
[   91.890374] amdgpu 0000:01:00.0: GPU recovery disabled.
[   91.890379] amdgpu: process pid 1512 DQM create queue type 0 failed. ret -62
[   91.894640] amdgpu 0000:01:00.0: BC250INV eng=17 vmid=8 wrote=0x00fa0100 req_readback=0x00fa0100 ack_before=0x00000000 ack_after=0x00000000 sem_ok=-1 polls=2000
[   91.898949] amdgpu 0000:01:00.0: BC250INV eng=17 vmid=8 wrote=0x00fa0100 req_readback=0x00fa0100 ack_before=0x00000000 ack_after=0x00000000 sem_ok=-1 polls=2000
[   91.904085] amdgpu 0000:01:00.0: BC250INV eng=17 vmid=8 wrote=0x00fa0100 req_readback=0x00fa0100 ack_before=0x00000000 ack_after=0x00000000 sem_ok=-1 polls=2000
[   91.908381] amdgpu 0000:01:00.0: BC250INV eng=17 vmid=8 wrote=0x00fa0100 req_readback=0x00fa0100 ack_before=0x00000000 ack_after=0x00000000 sem_ok=-1 polls=2000
[   91.912641] amdgpu 0000:01:00.0: BC250INV eng=17 vmid=8 wrote=0x00fa0100 req_readback=0x00fa0100 ack_before=0x00000000 ack_after=0x00000000 sem_ok=-1 polls=2000
[   91.916967] amdgpu 0000:01:00.0: BC250INV eng=17 vmid=8 wrote=0x00fa0100 req_readback=0x00fa0100 ack_before=0x00000000 ack_after=0x00000000 sem_ok=-1 polls=2000
[   91.921224] amdgpu 0000:01:00.0: BC250INV eng=17 vmid=8 wrote=0x00fa0100 req_readback=0x00fa0100 ack_before=0x00000000 ack_after=0x00000000 sem_ok=-1 polls=2000
[   91.925481] amdgpu 0000:01:00.0: BC250INV eng=17 vmid=8 wrote=0x00fa0100 req_readback=0x00fa0100 ack_before=0x00000000 ack_after=0x00000000 sem_ok=-1 polls=2000
[   91.929746] amdgpu 0000:01:00.0: BC250INV eng=17 vmid=8 wrote=0x00fa0100 req_readback=0x00fa0100 ack_before=0x00000000 ack_after=0x00000000 sem_ok=-1 polls=2000
[   91.936864] amdgpu 0000:01:00.0: BC250INV eng=17 vmid=8 wrote=0x00fa0100 req_readback=0x00fa0100 ack_before=0x00000000 ack_after=0x00000000 sem_ok=-1 polls=2000
[  100.937267] amdgpu 0000:01:00.0: qcm fence wait loop timeout expired
[  100.937283] amdgpu 0000:01:00.0: The cp might be in an unrecoverable state due to an unsuccessful queues preemption
[  100.937287] amdgpu 0000:01:00.0: GPU recovery disabled.
[  100.937293] amdgpu: process pid 1512 DQM create queue type 0 failed. ret -62
[  100.941565] amdgpu 0000:01:00.0: BC250INV eng=17 vmid=8 wrote=0x00fa0100 req_readback=0x00fa0100 ack_before=0x00000000 ack_after=0x00000000 sem_ok=-1 polls=2000
[  100.945868] amdgpu 0000:01:00.0: BC250INV eng=17 vmid=8 wrote=0x00fa0100 req_readback=0x00fa0100 ack_before=0x00000000 ack_after=0x00000000 sem_ok=-1 polls=2000
[  100.951005] amdgpu 0000:01:00.0: BC250INV eng=17 vmid=8 wrote=0x00fa0100 req_readback=0x00fa0100 ack_before=0x00000000 ack_after=0x00000000 sem_ok=-1 polls=2000
[  100.955304] amdgpu 0000:01:00.0: BC250INV eng=17 vmid=8 wrote=0x00fa0100 req_readback=0x00fa0100 ack_before=0x00000000 ack_after=0x00000000 sem_ok=-1 polls=2000
[  100.959559] amdgpu 0000:01:00.0: BC250INV eng=17 vmid=8 wrote=0x00fa0100 req_readback=0x00fa0100 ack_before=0x00000000 ack_after=0x00000000 sem_ok=-1 polls=2000
[  100.963870] amdgpu 0000:01:00.0: BC250INV eng=17 vmid=8 wrote=0x00fa0100 req_readback=0x00fa0100 ack_before=0x00000000 ack_after=0x00000000 sem_ok=-1 polls=2000
[  100.963877] amdgpu 0000:01:00.0: BC250TLBALT mode=9 site=2 calls=100 nomatch=16 ackmiss=84 err=0 last: matched=0x0100 acked=0x0000 r=0
[  100.968139] amdgpu 0000:01:00.0: BC250INV eng=17 vmid=8 wrote=0x00fa0100 req_readback=0x00fa0100 ack_before=0x00000000 ack_after=0x00000000 sem_ok=-1 polls=2000
[  100.972389] amdgpu 0000:01:00.0: BC250INV eng=17 vmid=8 wrote=0x00fa0100 req_readback=0x00fa0100 ack_before=0x00000000 ack_after=0x00000000 sem_ok=-1 polls=2000
[  100.976641] amdgpu 0000:01:00.0: BC250INV eng=17 vmid=8 wrote=0x00fa0100 req_readback=0x00fa0100 ack_before=0x00000000 ack_after=0x00000000 sem_ok=-1 polls=2000
[  100.983780] amdgpu 0000:01:00.0: BC250INV eng=17 vmid=8 wrote=0x00fa0100 req_readback=0x00fa0100 ack_before=0x00000000 ack_after=0x00000000 sem_ok=-1 polls=2000
[  109.984166] amdgpu 0000:01:00.0: qcm fence wait loop timeout expired
[  109.984180] amdgpu 0000:01:00.0: The cp might be in an unrecoverable state due to an unsuccessful queues preemption
[  109.984184] amdgpu 0000:01:00.0: GPU recovery disabled.
[  109.984189] amdgpu: process pid 1512 DQM create queue type 0 failed. ret -62
[  109.988444] amdgpu 0000:01:00.0: BC250INV eng=17 vmid=8 wrote=0x00fa0100 req_readback=0x00fa0100 ack_before=0x00000000 ack_after=0x00000000 sem_ok=-1 polls=2000
[  109.992737] amdgpu 0000:01:00.0: BC250INV eng=17 vmid=8 wrote=0x00fa0100 req_readback=0x00fa0100 ack_before=0x00000000 ack_after=0x00000000 sem_ok=-1 polls=2000
[  109.998003] amdgpu 0000:01:00.0: BC250INV eng=17 vmid=8 wrote=0x00fa0100 req_readback=0x00fa0100 ack_before=0x00000000 ack_after=0x00000000 sem_ok=-1 polls=2000
[  110.002297] amdgpu 0000:01:00.0: BC250INV eng=17 vmid=8 wrote=0x00fa0100 req_readback=0x00fa0100 ack_before=0x00000000 ack_after=0x00000000 sem_ok=-1 polls=2000
[  110.006559] amdgpu 0000:01:00.0: BC250INV eng=17 vmid=8 wrote=0x00fa0100 req_readback=0x00fa0100 ack_before=0x00000000 ack_after=0x00000000 sem_ok=-1 polls=2000
[  110.010886] amdgpu 0000:01:00.0: BC250INV eng=17 vmid=8 wrote=0x00fa0100 req_readback=0x00fa0100 ack_before=0x00000000 ack_after=0x00000000 sem_ok=-1 polls=2000
[  110.015347] amdgpu 0000:01:00.0: BC250INV eng=17 vmid=8 wrote=0x00fa0100 req_readback=0x00fa0100 ack_before=0x00000000 ack_after=0x00000000 sem_ok=-1 polls=2000
[  110.019659] amdgpu 0000:01:00.0: BC250INV eng=17 vmid=8 wrote=0x00fa0100 req_readback=0x00fa0100 ack_before=0x00000000 ack_after=0x00000000 sem_ok=-1 polls=2000
[  110.023934] amdgpu 0000:01:00.0: BC250INV eng=17 vmid=8 wrote=0x00fa0100 req_readback=0x00fa0100 ack_before=0x00000000 ack_after=0x00000000 sem_ok=-1 polls=2000
[  110.031195] amdgpu 0000:01:00.0: BC250INV eng=17 vmid=8 wrote=0x00fa0100 req_readback=0x00fa0100 ack_before=0x00000000 ack_after=0x00000000 sem_ok=-1 polls=2000
[  119.032076] amdgpu 0000:01:00.0: qcm fence wait loop timeout expired
[  119.032090] amdgpu 0000:01:00.0: The cp might be in an unrecoverable state due to an unsuccessful queues preemption
[  119.032095] amdgpu 0000:01:00.0: GPU recovery disabled.
[  119.032099] amdgpu: process pid 1512 DQM create queue type 0 failed. ret -62
[  119.036356] amdgpu 0000:01:00.0: BC250INV eng=17 vmid=8 wrote=0x00fa0100 req_readback=0x00fa0100 ack_before=0x00000000 ack_after=0x00000000 sem_ok=-1 polls=2000
[  119.040654] amdgpu 0000:01:00.0: BC250INV eng=17 vmid=8 wrote=0x00fa0100 req_readback=0x00fa0100 ack_before=0x00000000 ack_after=0x00000000 sem_ok=-1 polls=2000
[  119.045789] amdgpu 0000:01:00.0: BC250INV eng=17 vmid=8 wrote=0x00fa0100 req_readback=0x00fa0100 ack_before=0x00000000 ack_after=0x00000000 sem_ok=-1 polls=2000
[  119.050092] amdgpu 0000:01:00.0: BC250INV eng=17 vmid=8 wrote=0x00fa0100 req_readback=0x00fa0100 ack_before=0x00000000 ack_after=0x00000000 sem_ok=-1 polls=2000
[  119.054423] amdgpu 0000:01:00.0: BC250INV eng=17 vmid=8 wrote=0x00fa0100 req_readback=0x00fa0100 ack_before=0x00000000 ack_after=0x00000000 sem_ok=-1 polls=2000
[  119.058732] amdgpu 0000:01:00.0: BC250INV eng=17 vmid=8 wrote=0x00fa0100 req_readback=0x00fa0100 ack_before=0x00000000 ack_after=0x00000000 sem_ok=-1 polls=2000
[  119.063095] amdgpu 0000:01:00.0: BC250INV eng=17 vmid=8 wrote=0x00fa0100 req_readback=0x00fa0100 ack_before=0x00000000 ack_after=0x00000000 sem_ok=-1 polls=2000
[  119.067365] amdgpu 0000:01:00.0: BC250INV eng=17 vmid=8 wrote=0x00fa0100 req_readback=0x00fa0100 ack_before=0x00000000 ack_after=0x00000000 sem_ok=-1 polls=2000
[  119.071619] amdgpu 0000:01:00.0: BC250INV eng=17 vmid=8 wrote=0x00fa0100 req_readback=0x00fa0100 ack_before=0x00000000 ack_after=0x00000000 sem_ok=-1 polls=2000
[  119.078860] amdgpu 0000:01:00.0: BC250INV eng=17 vmid=8 wrote=0x00fa0100 req_readback=0x00fa0100 ack_before=0x00000000 ack_after=0x00000000 sem_ok=-1 polls=2000
[  128.078997] amdgpu 0000:01:00.0: qcm fence wait loop timeout expired
[  128.079012] amdgpu 0000:01:00.0: The cp might be in an unrecoverable state due to an unsuccessful queues preemption
[  128.079017] amdgpu 0000:01:00.0: GPU recovery disabled.
[  128.079022] amdgpu: process pid 1512 DQM create queue type 0 failed. ret -62
[  128.083295] amdgpu 0000:01:00.0: BC250INV eng=17 vmid=8 wrote=0x00fa0100 req_readback=0x00fa0100 ack_before=0x00000000 ack_after=0x00000000 sem_ok=-1 polls=2000
[  128.087592] amdgpu 0000:01:00.0: BC250INV eng=17 vmid=8 wrote=0x00fa0100 req_readback=0x00fa0100 ack_before=0x00000000 ack_after=0x00000000 sem_ok=-1 polls=2000
[  128.092898] amdgpu 0000:01:00.0: BC250INV eng=17 vmid=8 wrote=0x00fa0100 req_readback=0x00fa0100 ack_before=0x00000000 ack_after=0x00000000 sem_ok=-1 polls=2000
[  128.097200] amdgpu 0000:01:00.0: BC250INV eng=17 vmid=8 wrote=0x00fa0100 req_readback=0x00fa0100 ack_before=0x00000000 ack_after=0x00000000 sem_ok=-1 polls=2000
[  128.101481] amdgpu 0000:01:00.0: BC250INV eng=17 vmid=8 wrote=0x00fa0100 req_readback=0x00fa0100 ack_before=0x00000000 ack_after=0x00000000 sem_ok=-1 polls=2000
[  128.105791] amdgpu 0000:01:00.0: BC250INV eng=17 vmid=8 wrote=0x00fa0100 req_readback=0x00fa0100 ack_before=0x00000000 ack_after=0x00000000 sem_ok=-1 polls=2000
[  128.110100] amdgpu 0000:01:00.0: BC250INV eng=17 vmid=8 wrote=0x00fa0100 req_readback=0x00fa0100 ack_before=0x00000000 ack_after=0x00000000 sem_ok=-1 polls=2000
[  128.114369] amdgpu 0000:01:00.0: BC250INV eng=17 vmid=8 wrote=0x00fa0100 req_readback=0x00fa0100 ack_before=0x00000000 ack_after=0x00000000 sem_ok=-1 polls=2000
[  128.118621] amdgpu 0000:01:00.0: BC250INV eng=17 vmid=8 wrote=0x00fa0100 req_readback=0x00fa0100 ack_before=0x00000000 ack_after=0x00000000 sem_ok=-1 polls=2000
[  128.125957] amdgpu 0000:01:00.0: BC250INV eng=17 vmid=8 wrote=0x00fa0100 req_readback=0x00fa0100 ack_before=0x00000000 ack_after=0x00000000 sem_ok=-1 polls=2000
[  137.126907] amdgpu 0000:01:00.0: qcm fence wait loop timeout expired
[  137.126922] amdgpu 0000:01:00.0: The cp might be in an unrecoverable state due to an unsuccessful queues preemption
[  137.126927] amdgpu 0000:01:00.0: GPU recovery disabled.
[  137.126933] amdgpu: process pid 1512 DQM create queue type 0 failed. ret -62
[  137.131210] amdgpu 0000:01:00.0: BC250INV eng=17 vmid=8 wrote=0x00fa0100 req_readback=0x00fa0100 ack_before=0x00000000 ack_after=0x00000000 sem_ok=-1 polls=2000
[  137.135516] amdgpu 0000:01:00.0: BC250INV eng=17 vmid=8 wrote=0x00fa0100 req_readback=0x00fa0100 ack_before=0x00000000 ack_after=0x00000000 sem_ok=-1 polls=2000
[  137.140883] amdgpu 0000:01:00.0: BC250INV eng=17 vmid=8 wrote=0x00fa0100 req_readback=0x00fa0100 ack_before=0x00000000 ack_after=0x00000000 sem_ok=-1 polls=2000
[  137.145187] amdgpu 0000:01:00.0: BC250INV eng=17 vmid=8 wrote=0x00fa0100 req_readback=0x00fa0100 ack_before=0x00000000 ack_after=0x00000000 sem_ok=-1 polls=2000
[  137.149454] amdgpu 0000:01:00.0: BC250INV eng=17 vmid=8 wrote=0x00fa0100 req_readback=0x00fa0100 ack_before=0x00000000 ack_after=0x00000000 sem_ok=-1 polls=2000
[  137.153781] amdgpu 0000:01:00.0: BC250INV eng=17 vmid=8 wrote=0x00fa0100 req_readback=0x00fa0100 ack_before=0x00000000 ack_after=0x00000000 sem_ok=-1 polls=2000
[  137.158090] amdgpu 0000:01:00.0: BC250INV eng=17 vmid=8 wrote=0x00fa0100 req_readback=0x00fa0100 ack_before=0x00000000 ack_after=0x00000000 sem_ok=-1 polls=2000
[  137.162356] amdgpu 0000:01:00.0: BC250INV eng=17 vmid=8 wrote=0x00fa0100 req_readback=0x00fa0100 ack_before=0x00000000 ack_after=0x00000000 sem_ok=-1 polls=2000
[  137.166623] amdgpu 0000:01:00.0: BC250INV eng=17 vmid=8 wrote=0x00fa0100 req_readback=0x00fa0100 ack_before=0x00000000 ack_after=0x00000000 sem_ok=-1 polls=2000
[  137.174048] amdgpu 0000:01:00.0: BC250INV eng=17 vmid=8 wrote=0x00fa0100 req_readback=0x00fa0100 ack_before=0x00000000 ack_after=0x00000000 sem_ok=-1 polls=2000
[  146.174807] amdgpu 0000:01:00.0: qcm fence wait loop timeout expired
[  146.174821] amdgpu 0000:01:00.0: The cp might be in an unrecoverable state due to an unsuccessful queues preemption
[  146.174826] amdgpu 0000:01:00.0: GPU recovery disabled.
[  146.174835] amdgpu: process pid 1512 DQM create queue type 0 failed. ret -62
[  146.179128] amdgpu 0000:01:00.0: BC250INV eng=17 vmid=8 wrote=0x00fa0100 req_readback=0x00fa0100 ack_before=0x00000000 ack_after=0x00000000 sem_ok=-1 polls=2000
[  146.183446] amdgpu 0000:01:00.0: BC250INV eng=17 vmid=8 wrote=0x00fa0100 req_readback=0x00fa0100 ack_before=0x00000000 ack_after=0x00000000 sem_ok=-1 polls=2000
[  146.188709] amdgpu 0000:01:00.0: BC250INV eng=17 vmid=8 wrote=0x00fa0100 req_readback=0x00fa0100 ack_before=0x00000000 ack_after=0x00000000 sem_ok=-1 polls=2000
[  146.193017] amdgpu 0000:01:00.0: BC250INV eng=17 vmid=8 wrote=0x00fa0100 req_readback=0x00fa0100 ack_before=0x00000000 ack_after=0x00000000 sem_ok=-1 polls=2000
[  146.197291] amdgpu 0000:01:00.0: BC250INV eng=17 vmid=8 wrote=0x00fa0100 req_readback=0x00fa0100 ack_before=0x00000000 ack_after=0x00000000 sem_ok=-1 polls=2000
[  146.201607] amdgpu 0000:01:00.0: BC250INV eng=17 vmid=8 wrote=0x00fa0100 req_readback=0x00fa0100 ack_before=0x00000000 ack_after=0x00000000 sem_ok=-1 polls=2000
[  146.205880] amdgpu 0000:01:00.0: BC250INV eng=17 vmid=8 wrote=0x00fa0100 req_readback=0x00fa0100 ack_before=0x00000000 ack_after=0x00000000 sem_ok=-1 polls=2000
[  146.210152] amdgpu 0000:01:00.0: BC250INV eng=17 vmid=8 wrote=0x00fa0100 req_readback=0x00fa0100 ack_before=0x00000000 ack_after=0x00000000 sem_ok=-1 polls=2000
[  146.214412] amdgpu 0000:01:00.0: BC250INV eng=17 vmid=8 wrote=0x00fa0100 req_readback=0x00fa0100 ack_before=0x00000000 ack_after=0x00000000 sem_ok=-1 polls=2000
[  146.221784] amdgpu 0000:01:00.0: BC250INV eng=17 vmid=8 wrote=0x00fa0100 req_readback=0x00fa0100 ack_before=0x00000000 ack_after=0x00000000 sem_ok=-1 polls=2000
[  155.222723] amdgpu 0000:01:00.0: qcm fence wait loop timeout expired
[  155.222737] amdgpu 0000:01:00.0: The cp might be in an unrecoverable state due to an unsuccessful queues preemption
[  155.222741] amdgpu 0000:01:00.0: GPU recovery disabled.
[  155.222746] amdgpu: process pid 1512 DQM create queue type 0 failed. ret -62
[  155.227026] amdgpu 0000:01:00.0: BC250INV eng=17 vmid=8 wrote=0x00fa0100 req_readback=0x00fa0100 ack_before=0x00000000 ack_after=0x00000000 sem_ok=-1 polls=2000
[  155.231344] amdgpu 0000:01:00.0: BC250INV eng=17 vmid=8 wrote=0x00fa0100 req_readback=0x00fa0100 ack_before=0x00000000 ack_after=0x00000000 sem_ok=-1 polls=2000
[  155.236627] amdgpu 0000:01:00.0: BC250INV eng=17 vmid=8 wrote=0x00fa0100 req_readback=0x00fa0100 ack_before=0x00000000 ack_after=0x00000000 sem_ok=-1 polls=2000
[  155.240933] amdgpu 0000:01:00.0: BC250INV eng=17 vmid=8 wrote=0x00fa0100 req_readback=0x00fa0100 ack_before=0x00000000 ack_after=0x00000000 sem_ok=-1 polls=2000
[  155.245198] amdgpu 0000:01:00.0: BC250INV eng=17 vmid=8 wrote=0x00fa0100 req_readback=0x00fa0100 ack_before=0x00000000 ack_after=0x00000000 sem_ok=-1 polls=2000
[  155.249521] amdgpu 0000:01:00.0: BC250INV eng=17 vmid=8 wrote=0x00fa0100 req_readback=0x00fa0100 ack_before=0x00000000 ack_after=0x00000000 sem_ok=-1 polls=2000
[  155.253787] amdgpu 0000:01:00.0: BC250INV eng=17 vmid=8 wrote=0x00fa0100 req_readback=0x00fa0100 ack_before=0x00000000 ack_after=0x00000000 sem_ok=-1 polls=2000
[  155.258043] amdgpu 0000:01:00.0: BC250INV eng=17 vmid=8 wrote=0x00fa0100 req_readback=0x00fa0100 ack_before=0x00000000 ack_after=0x00000000 sem_ok=-1 polls=2000
[  155.262301] amdgpu 0000:01:00.0: BC250INV eng=17 vmid=8 wrote=0x00fa0100 req_readback=0x00fa0100 ack_before=0x00000000 ack_after=0x00000000 sem_ok=-1 polls=2000
[  155.269718] amdgpu 0000:01:00.0: BC250INV eng=17 vmid=8 wrote=0x00fa0100 req_readback=0x00fa0100 ack_before=0x00000000 ack_after=0x00000000 sem_ok=-1 polls=2000
[  164.270624] amdgpu 0000:01:00.0: qcm fence wait loop timeout expired
[  164.270640] amdgpu 0000:01:00.0: The cp might be in an unrecoverable state due to an unsuccessful queues preemption
[  164.270645] amdgpu 0000:01:00.0: GPU recovery disabled.
[  164.270653] amdgpu: process pid 1512 DQM create queue type 0 failed. ret -62
[  164.274975] amdgpu 0000:01:00.0: BC250INV eng=17 vmid=8 wrote=0x00fa0100 req_readback=0x00fa0100 ack_before=0x00000000 ack_after=0x00000000 sem_ok=-1 polls=2000
[  164.279286] amdgpu 0000:01:00.0: BC250INV eng=17 vmid=8 wrote=0x00fa0100 req_readback=0x00fa0100 ack_before=0x00000000 ack_after=0x00000000 sem_ok=-1 polls=2000
[  164.284638] amdgpu 0000:01:00.0: BC250INV eng=17 vmid=8 wrote=0x00fa0100 req_readback=0x00fa0100 ack_before=0x00000000 ack_after=0x00000000 sem_ok=-1 polls=2000
[  164.288935] amdgpu 0000:01:00.0: BC250INV eng=17 vmid=8 wrote=0x00fa0100 req_readback=0x00fa0100 ack_before=0x00000000 ack_after=0x00000000 sem_ok=-1 polls=2000
[  164.293201] amdgpu 0000:01:00.0: BC250INV eng=17 vmid=8 wrote=0x00fa0100 req_readback=0x00fa0100 ack_before=0x00000000 ack_after=0x00000000 sem_ok=-1 polls=2000
[  164.297524] amdgpu 0000:01:00.0: BC250INV eng=17 vmid=8 wrote=0x00fa0100 req_readback=0x00fa0100 ack_before=0x00000000 ack_after=0x00000000 sem_ok=-1 polls=2000
[  164.301796] amdgpu 0000:01:00.0: BC250INV eng=17 vmid=8 wrote=0x00fa0100 req_readback=0x00fa0100 ack_before=0x00000000 ack_after=0x00000000 sem_ok=-1 polls=2000
[  164.306054] amdgpu 0000:01:00.0: BC250INV eng=17 vmid=8 wrote=0x00fa0100 req_readback=0x00fa0100 ack_before=0x00000000 ack_after=0x00000000 sem_ok=-1 polls=2000
[  164.310315] amdgpu 0000:01:00.0: BC250INV eng=17 vmid=8 wrote=0x00fa0100 req_readback=0x00fa0100 ack_before=0x00000000 ack_after=0x00000000 sem_ok=-1 polls=2000
[  164.317730] amdgpu 0000:01:00.0: BC250INV eng=17 vmid=8 wrote=0x00fa0100 req_readback=0x00fa0100 ack_before=0x00000000 ack_after=0x00000000 sem_ok=-1 polls=2000
[  173.318514] amdgpu 0000:01:00.0: qcm fence wait loop timeout expired
[  173.318530] amdgpu 0000:01:00.0: The cp might be in an unrecoverable state due to an unsuccessful queues preemption
[  173.318534] amdgpu 0000:01:00.0: GPU recovery disabled.
[  173.318542] amdgpu: process pid 1512 DQM create queue type 0 failed. ret -62
[  182.319417] amdgpu 0000:01:00.0: qcm fence wait loop timeout expired
[  182.319431] amdgpu 0000:01:00.0: The cp might be in an unrecoverable state due to an unsuccessful queues preemption
[  182.319435] amdgpu 0000:01:00.0: GPU recovery disabled.
[  182.319438] amdgpu 0000:01:00.0: Failed to evict process queues
[  182.319446] amdgpu: Failed to quiesce KFD
[  191.320317] amdgpu 0000:01:00.0: qcm fence wait loop timeout expired
[  191.320332] amdgpu 0000:01:00.0: The cp might be in an unrecoverable state due to an unsuccessful queues preemption
[  191.320336] amdgpu 0000:01:00.0: GPU recovery disabled.
[  191.320338] amdgpu: Resetting wave fronts (cpsch) on dev 000000005cc9bcda
[  191.320346] amdgpu 0000:01:00.0: Didn't find vmid for process pid 1512
[  191.611035] kauditd_printk_skb: 22 callbacks suppressed
[  191.611059] audit: type=1305 audit(1789450232.519:843): op=set audit_pid=0 old=790 auid=4294967295 ses=4294967295 subj=system_u:system_r:auditd_t:s0 res=1
[  191.613106] audit: type=1131 audit(1789450232.521:844): pid=1 uid=0 auid=4294967295 ses=4294967295 subj=system_u:system_r:init_t:s0 msg='unit=auditd comm="systemd" exe="/usr/lib/systemd/systemd" hostname=? addr=? terminal=? res=success'
[  191.613481] audit: type=1131 audit(1789450232.522:845): pid=1 uid=0 auid=4294967295 ses=4294967295 subj=system_u:system_r:init_t:s0 msg='unit=systemd-tmpfiles-setup comm="systemd" exe="/usr/lib/systemd/systemd" hostname=? addr=? terminal=? res=success'
[  191.638919] audit: type=1131 audit(1789450232.547:846): pid=1 uid=0 auid=4294967295 ses=4294967295 subj=system_u:system_r:init_t:s0 msg='unit=systemd-fsck@dev-disk-by\x2duuid-3E81\x2d060D comm="systemd" exe="/usr/lib/systemd/systemd" hostname=? addr=? terminal=? res=success'
[  191.645580] EXT4-fs (nvme0n1p2): unmounting filesystem 24906ea3-66db-45a5-9082-24d815d9ca9e.
[  191.664438] audit: type=1131 audit(1789450232.573:847): pid=1 uid=0 auid=4294967295 ses=4294967295 subj=system_u:system_r:init_t:s0 msg='unit=systemd-fsck@dev-disk-by\x2duuid-24906ea3\x2d66db\x2d45a5\x2d9082\x2d24d815d9ca9e comm="systemd" exe="/usr/lib/systemd/systemd" hostname=? addr=? terminal=? res=success'
[  191.666045] audit: type=1131 audit(1789450232.574:848): pid=1 uid=0 auid=4294967295 ses=4294967295 subj=system_u:system_r:init_t:s0 msg='unit=systemd-remount-fs comm="systemd" exe="/usr/lib/systemd/systemd" hostname=? addr=? terminal=? res=success'
[  191.666191] audit: type=1131 audit(1789450232.574:849): pid=1 uid=0 auid=4294967295 ses=4294967295 subj=system_u:system_r:init_t:s0 msg='unit=systemd-tmpfiles-setup-dev comm="systemd" exe="/usr/lib/systemd/systemd" hostname=? addr=? terminal=? res=success'
[  191.666303] audit: type=1131 audit(1789450232.574:850): pid=1 uid=0 auid=4294967295 ses=4294967295 subj=system_u:system_r:init_t:s0 msg='unit=systemd-tmpfiles-setup-dev-early comm="systemd" exe="/usr/lib/systemd/systemd" hostname=? addr=? terminal=? res=success'
[  191.699456] audit: type=1131 audit(1789450232.608:851): pid=1 uid=0 auid=4294967295 ses=4294967295 subj=system_u:system_r:init_t:s0 msg='unit=lvm2-monitor comm="systemd" exe="/usr/lib/systemd/systemd" hostname=? addr=? terminal=? res=success'
[  191.699838] audit: type=1130 audit(1789450232.608:852): pid=1 uid=0 auid=4294967295 ses=4294967295 subj=system_u:system_r:init_t:s0 msg='unit=systemd-reboot comm="systemd" exe="/usr/lib/systemd/systemd" hostname=? addr=? terminal=? res=success'
[  191.736599] watchdog: watchdog0: watchdog did not stop!
[  191.741205] systemd-shutdown[1]: Using hardware watchdog /dev/watchdog0: 'SP5100 TCO timer', version 0.
[  191.741226] systemd-shutdown[1]: Watchdog running with a hardware timeout of 10min.
[  191.750882] systemd-shutdown[1]: Syncing filesystems and block devices.
[  191.857285] systemd-shutdown[1]: Sending SIGKILL to remaining processes...
[  191.868142] systemd-shutdown[1]: Unmounting file systems.
[  191.869020] (sd-umount)[2478]: Unmounting '/run/credentials/systemd-journald.service'.
[  191.869720] (sd-remount)[2479]: Remounting '/' read-only with options 'seclabel,compress=zstd:1,ssd,discard=async,space_cache=v2,subvolid=256,subvol=/root'.
[  191.884600] systemd-shutdown[1]: All filesystems unmounted.
[  191.884610] systemd-shutdown[1]: Deactivating swaps.
[  191.884624] systemd-shutdown[1]: All swaps deactivated.
[  191.884629] systemd-shutdown[1]: Detaching loop devices.
[  191.885227] systemd-shutdown[1]: All loop devices detached.
[  191.885235] systemd-shutdown[1]: Stopping MD devices.
[  191.885284] systemd-shutdown[1]: All MD devices stopped.
[  191.885289] systemd-shutdown[1]: Detaching DM devices.
[  191.885338] systemd-shutdown[1]: All DM devices detached.
[  191.885344] systemd-shutdown[1]: All filesystems, swaps, loop devices, MD devices and DM devices detached.
[  191.885349] watchdog: watchdog0: watchdog did not stop!
[  191.946628] systemd-shutdown[1]: Syncing filesystems and block devices.
[  191.946969] systemd-shutdown[1]: Rebooting.
[    0.109151] RDSEED is not reliable on this platform; disabling.
[    0.001370] RDSEED is not reliable on this platform; disabling.
[    0.001370] RDSEED is not reliable on this platform; disabling.
[    0.001370] RDSEED is not reliable on this platform; disabling.
[    0.001370] RDSEED is not reliable on this platform; disabling.
[    0.001370] RDSEED is not reliable on this platform; disabling.
[    0.001370] RDSEED is not reliable on this platform; disabling.
[    0.001370] RDSEED is not reliable on this platform; disabling.
[    0.001370] RDSEED is not reliable on this platform; disabling.
[    0.001370] RDSEED is not reliable on this platform; disabling.
[    0.001370] RDSEED is not reliable on this platform; disabling.
[    0.001370] RDSEED is not reliable on this platform; disabling.
[   15.754690] netconsole armed
[   16.500511] MARK-g6_rl3_alt9_f6
[   16.720589] amdgpu 0000:01:00.0: BC250TLBALT mode=9 site=2 calls=1 nomatch=1 ackmiss=0 err=0 last: matched=0x0000 acked=0x0000 r=0
[   16.822854] amdgpu 0000:01:00.0: BC250TLBALT mode=9 site=2 calls=10 nomatch=10 ackmiss=0 err=0 last: matched=0x0000 acked=0x0000 r=0
[   22.229912] amdgpu 0000:01:00.0: BC250INV eng=17 vmid=8 wrote=0x00fa0100 req_readback=0x00fa0100 ack_before=0x00010001 ack_after=0x00010000 sem_ok=1 polls=2000
[   22.245043] amdgpu 0000:01:00.0: BC250INV eng=17 vmid=8 wrote=0x00fa0100 req_readback=0x00fa0100 ack_before=0x00010000 ack_after=0x00010000 sem_ok=1 polls=2000
[   22.249582] amdgpu 0000:01:00.0: BC250INV eng=17 vmid=8 wrote=0x00fa0100 req_readback=0x00fa0100 ack_before=0x00010000 ack_after=0x00010000 sem_ok=1 polls=2000
[   22.253884] amdgpu 0000:01:00.0: BC250INV eng=17 vmid=8 wrote=0x00fa0100 req_readback=0x00fa0100 ack_before=0x00010000 ack_after=0x00010000 sem_ok=1 polls=2000
[   22.258386] amdgpu 0000:01:00.0: BC250INV eng=17 vmid=8 wrote=0x00fa0100 req_readback=0x00fa0100 ack_before=0x00010000 ack_after=0x00010000 sem_ok=1 polls=2000
[   22.262722] amdgpu 0000:01:00.0: BC250INV eng=17 vmid=8 wrote=0x00fa0100 req_readback=0x00fa0100 ack_before=0x00010000 ack_after=0x00010000 sem_ok=1 polls=2000
[   22.267022] amdgpu 0000:01:00.0: BC250INV eng=17 vmid=8 wrote=0x00fa0100 req_readback=0x00fa0100 ack_before=0x00010000 ack_after=0x00010000 sem_ok=1 polls=2000
[   22.273859] amdgpu 0000:01:00.0: BC250INV eng=17 vmid=8 wrote=0x00fa0100 req_readback=0x00fa0100 ack_before=0x00010000 ack_after=0x00010000 sem_ok=1 polls=2000
[   31.269670] amdgpu 0000:01:00.0: qcm fence wait loop timeout expired
[   31.269685] amdgpu 0000:01:00.0: The cp might be in an unrecoverable state due to an unsuccessful queues preemption
[   31.269690] amdgpu 0000:01:00.0: GPU recovery disabled.
[   31.269695] amdgpu: process pid 1487 DQM create queue type 0 failed. ret -62
[   31.273937] amdgpu 0000:01:00.0: BC250INV eng=17 vmid=8 wrote=0x00fa0100 req_readback=0x00fa0100 ack_before=0x00010000 ack_after=0x00010000 sem_ok=1 polls=2000
[   31.278219] amdgpu 0000:01:00.0: BC250INV eng=17 vmid=8 wrote=0x00fa0100 req_readback=0x00fa0100 ack_before=0x00010000 ack_after=0x00010000 sem_ok=1 polls=2000
[   31.283090] amdgpu 0000:01:00.0: BC250INV eng=17 vmid=8 wrote=0x00fa0100 req_readback=0x00fa0100 ack_before=0x00010000 ack_after=0x00010000 sem_ok=1 polls=2000
[   31.287391] amdgpu 0000:01:00.0: BC250INV eng=17 vmid=8 wrote=0x00fa0100 req_readback=0x00fa0100 ack_before=0x00010000 ack_after=0x00010000 sem_ok=1 polls=2000
[   31.291664] amdgpu 0000:01:00.0: BC250INV eng=17 vmid=8 wrote=0x00fa0100 req_readback=0x00fa0100 ack_before=0x00010000 ack_after=0x00010000 sem_ok=1 polls=2000
[   31.295967] amdgpu 0000:01:00.0: BC250INV eng=17 vmid=8 wrote=0x00fa0100 req_readback=0x00fa0100 ack_before=0x00010000 ack_after=0x00010000 sem_ok=1 polls=2000
[   31.300292] amdgpu 0000:01:00.0: BC250INV eng=17 vmid=8 wrote=0x00fa0100 req_readback=0x00fa0100 ack_before=0x00010000 ack_after=0x00010000 sem_ok=1 polls=2000
[   31.304555] amdgpu 0000:01:00.0: BC250INV eng=17 vmid=8 wrote=0x00fa0100 req_readback=0x00fa0100 ack_before=0x00010000 ack_after=0x00010000 sem_ok=1 polls=2000
[   31.308792] amdgpu 0000:01:00.0: BC250INV eng=17 vmid=8 wrote=0x00fa0100 req_readback=0x00fa0100 ack_before=0x00010000 ack_after=0x00010000 sem_ok=1 polls=2000
[   31.315268] amdgpu 0000:01:00.0: BC250INV eng=17 vmid=8 wrote=0x00fa0100 req_readback=0x00fa0100 ack_before=0x00010000 ack_after=0x00010000 sem_ok=1 polls=2000
[   40.317425] amdgpu 0000:01:00.0: qcm fence wait loop timeout expired
[   40.317440] amdgpu 0000:01:00.0: The cp might be in an unrecoverable state due to an unsuccessful queues preemption
[   40.317444] amdgpu 0000:01:00.0: GPU recovery disabled.
[   40.317450] amdgpu: process pid 1487 DQM create queue type 0 failed. ret -62
[   40.321694] amdgpu 0000:01:00.0: BC250INV eng=17 vmid=8 wrote=0x00fa0100 req_readback=0x00fa0100 ack_before=0x00010000 ack_after=0x00010000 sem_ok=1 polls=2000
[   40.325973] amdgpu 0000:01:00.0: BC250INV eng=17 vmid=8 wrote=0x00fa0100 req_readback=0x00fa0100 ack_before=0x00010000 ack_after=0x00010000 sem_ok=1 polls=2000
[   40.330938] amdgpu 0000:01:00.0: BC250INV eng=17 vmid=8 wrote=0x00fa0100 req_readback=0x00fa0100 ack_before=0x00010000 ack_after=0x00010000 sem_ok=1 polls=2000
[   40.335211] amdgpu 0000:01:00.0: BC250INV eng=17 vmid=8 wrote=0x00fa0100 req_readback=0x00fa0100 ack_before=0x00010000 ack_after=0x00010000 sem_ok=1 polls=2000
[   40.339461] amdgpu 0000:01:00.0: BC250INV eng=17 vmid=8 wrote=0x00fa0100 req_readback=0x00fa0100 ack_before=0x00010000 ack_after=0x00010000 sem_ok=1 polls=2000
[   40.343765] amdgpu 0000:01:00.0: BC250INV eng=17 vmid=8 wrote=0x00fa0100 req_readback=0x00fa0100 ack_before=0x00010000 ack_after=0x00010000 sem_ok=1 polls=2000
[   40.348061] amdgpu 0000:01:00.0: BC250INV eng=17 vmid=8 wrote=0x00fa0100 req_readback=0x00fa0100 ack_before=0x00010000 ack_after=0x00010000 sem_ok=1 polls=2000
[   40.352307] amdgpu 0000:01:00.0: BC250INV eng=17 vmid=8 wrote=0x00fa0100 req_readback=0x00fa0100 ack_before=0x00010000 ack_after=0x00010000 sem_ok=1 polls=2000
[   40.356557] amdgpu 0000:01:00.0: BC250INV eng=17 vmid=8 wrote=0x00fa0100 req_readback=0x00fa0100 ack_before=0x00010000 ack_after=0x00010000 sem_ok=1 polls=2000
[   40.363664] amdgpu 0000:01:00.0: BC250INV eng=17 vmid=8 wrote=0x00fa0100 req_readback=0x00fa0100 ack_before=0x00010000 ack_after=0x00010000 sem_ok=1 polls=2000
[   49.365856] amdgpu 0000:01:00.0: qcm fence wait loop timeout expired
[   49.365872] amdgpu 0000:01:00.0: The cp might be in an unrecoverable state due to an unsuccessful queues preemption
[   49.365877] amdgpu 0000:01:00.0: GPU recovery disabled.
[   49.365883] amdgpu: process pid 1487 DQM create queue type 0 failed. ret -62
[   49.370187] amdgpu 0000:01:00.0: BC250INV eng=17 vmid=8 wrote=0x00fa0100 req_readback=0x00fa0100 ack_before=0x00010000 ack_after=0x00010000 sem_ok=1 polls=2000
[   49.374468] amdgpu 0000:01:00.0: BC250INV eng=17 vmid=8 wrote=0x00fa0100 req_readback=0x00fa0100 ack_before=0x00010000 ack_after=0x00010000 sem_ok=1 polls=2000
[   49.379533] amdgpu 0000:01:00.0: BC250INV eng=17 vmid=8 wrote=0x00fa0100 req_readback=0x00fa0100 ack_before=0x00010000 ack_after=0x00010000 sem_ok=1 polls=2000
[   49.383802] amdgpu 0000:01:00.0: BC250INV eng=17 vmid=8 wrote=0x00fa0100 req_readback=0x00fa0100 ack_before=0x00010000 ack_after=0x00010000 sem_ok=1 polls=2000
[   49.388047] amdgpu 0000:01:00.0: BC250INV eng=17 vmid=8 wrote=0x00fa0100 req_readback=0x00fa0100 ack_before=0x00010000 ack_after=0x00010000 sem_ok=1 polls=2000
[   49.392349] amdgpu 0000:01:00.0: BC250INV eng=17 vmid=8 wrote=0x00fa0100 req_readback=0x00fa0100 ack_before=0x00010000 ack_after=0x00010000 sem_ok=1 polls=2000
[   49.396604] amdgpu 0000:01:00.0: BC250INV eng=17 vmid=8 wrote=0x00fa0100 req_readback=0x00fa0100 ack_before=0x00010000 ack_after=0x00010000 sem_ok=1 polls=2000
[   49.400845] amdgpu 0000:01:00.0: BC250INV eng=17 vmid=8 wrote=0x00fa0100 req_readback=0x00fa0100 ack_before=0x00010000 ack_after=0x00010000 sem_ok=1 polls=2000
[   49.405080] amdgpu 0000:01:00.0: BC250INV eng=17 vmid=8 wrote=0x00fa0100 req_readback=0x00fa0100 ack_before=0x00010000 ack_after=0x00010000 sem_ok=1 polls=2000
[   49.412302] amdgpu 0000:01:00.0: BC250INV eng=17 vmid=8 wrote=0x00fa0100 req_readback=0x00fa0100 ack_before=0x00010000 ack_after=0x00010000 sem_ok=1 polls=2000
[   58.412754] amdgpu 0000:01:00.0: qcm fence wait loop timeout expired
[   58.412764] amdgpu 0000:01:00.0: The cp might be in an unrecoverable state due to an unsuccessful queues preemption
[   58.412773] amdgpu 0000:01:00.0: GPU recovery disabled.
[   58.412777] amdgpu: process pid 1487 DQM create queue type 0 failed. ret -62
[   58.417010] amdgpu 0000:01:00.0: BC250INV eng=17 vmid=8 wrote=0x00fa0100 req_readback=0x00fa0100 ack_before=0x00010000 ack_after=0x00010000 sem_ok=1 polls=2000
[   58.421291] amdgpu 0000:01:00.0: BC250INV eng=17 vmid=8 wrote=0x00fa0100 req_readback=0x00fa0100 ack_before=0x00010000 ack_after=0x00010000 sem_ok=1 polls=2000
[   58.426322] amdgpu 0000:01:00.0: BC250INV eng=17 vmid=8 wrote=0x00fa0100 req_readback=0x00fa0100 ack_before=0x00010000 ack_after=0x00010000 sem_ok=1 polls=2000
[   58.430601] amdgpu 0000:01:00.0: BC250INV eng=17 vmid=8 wrote=0x00fa0100 req_readback=0x00fa0100 ack_before=0x00010000 ack_after=0x00010000 sem_ok=1 polls=2000
[   58.434845] amdgpu 0000:01:00.0: BC250INV eng=17 vmid=8 wrote=0x00fa0100 req_readback=0x00fa0100 ack_before=0x00010000 ack_after=0x00010000 sem_ok=1 polls=2000
[   58.439142] amdgpu 0000:01:00.0: BC250INV eng=17 vmid=8 wrote=0x00fa0100 req_readback=0x00fa0100 ack_before=0x00010000 ack_after=0x00010000 sem_ok=1 polls=2000
[   58.443415] amdgpu 0000:01:00.0: BC250INV eng=17 vmid=8 wrote=0x00fa0100 req_readback=0x00fa0100 ack_before=0x00010000 ack_after=0x00010000 sem_ok=1 polls=2000
[   58.447668] amdgpu 0000:01:00.0: BC250INV eng=17 vmid=8 wrote=0x00fa0100 req_readback=0x00fa0100 ack_before=0x00010000 ack_after=0x00010000 sem_ok=1 polls=2000
[   58.451906] amdgpu 0000:01:00.0: BC250INV eng=17 vmid=8 wrote=0x00fa0100 req_readback=0x00fa0100 ack_before=0x00010000 ack_after=0x00010000 sem_ok=1 polls=2000
[   58.458928] amdgpu 0000:01:00.0: BC250INV eng=17 vmid=8 wrote=0x00fa0100 req_readback=0x00fa0100 ack_before=0x00010000 ack_after=0x00010000 sem_ok=1 polls=2000
[   67.459647] amdgpu 0000:01:00.0: qcm fence wait loop timeout expired
[   67.459662] amdgpu 0000:01:00.0: The cp might be in an unrecoverable state due to an unsuccessful queues preemption
[   67.459667] amdgpu 0000:01:00.0: GPU recovery disabled.
[   67.459672] amdgpu: process pid 1487 DQM create queue type 0 failed. ret -62
[   67.463918] amdgpu 0000:01:00.0: BC250INV eng=17 vmid=8 wrote=0x00fa0100 req_readback=0x00fa0100 ack_before=0x00010000 ack_after=0x00010000 sem_ok=1 polls=2000
[   67.468191] amdgpu 0000:01:00.0: BC250INV eng=17 vmid=8 wrote=0x00fa0100 req_readback=0x00fa0100 ack_before=0x00010000 ack_after=0x00010000 sem_ok=1 polls=2000
[   67.473289] amdgpu 0000:01:00.0: BC250INV eng=17 vmid=8 wrote=0x00fa0100 req_readback=0x00fa0100 ack_before=0x00010000 ack_after=0x00010000 sem_ok=1 polls=2000
[   67.477572] amdgpu 0000:01:00.0: BC250INV eng=17 vmid=8 wrote=0x00fa0100 req_readback=0x00fa0100 ack_before=0x00010000 ack_after=0x00010000 sem_ok=1 polls=2000
[   67.481816] amdgpu 0000:01:00.0: BC250INV eng=17 vmid=8 wrote=0x00fa0100 req_readback=0x00fa0100 ack_before=0x00010000 ack_after=0x00010000 sem_ok=1 polls=2000
[   67.486103] amdgpu 0000:01:00.0: BC250INV eng=17 vmid=8 wrote=0x00fa0100 req_readback=0x00fa0100 ack_before=0x00010000 ack_after=0x00010000 sem_ok=1 polls=2000
[   67.490335] amdgpu 0000:01:00.0: BC250INV eng=17 vmid=8 wrote=0x00fa0100 req_readback=0x00fa0100 ack_before=0x00010000 ack_after=0x00010000 sem_ok=1 polls=2000
[   67.494567] amdgpu 0000:01:00.0: BC250INV eng=17 vmid=8 wrote=0x00fa0100 req_readback=0x00fa0100 ack_before=0x00010000 ack_after=0x00010000 sem_ok=1 polls=2000
[   67.498801] amdgpu 0000:01:00.0: BC250INV eng=17 vmid=8 wrote=0x00fa0100 req_readback=0x00fa0100 ack_before=0x00010000 ack_after=0x00010000 sem_ok=1 polls=2000
[   67.505871] amdgpu 0000:01:00.0: BC250INV eng=17 vmid=8 wrote=0x00fa0100 req_readback=0x00fa0100 ack_before=0x00010000 ack_after=0x00010000 sem_ok=1 polls=2000
[   76.506556] amdgpu 0000:01:00.0: qcm fence wait loop timeout expired
[   76.506571] amdgpu 0000:01:00.0: The cp might be in an unrecoverable state due to an unsuccessful queues preemption
[   76.506577] amdgpu 0000:01:00.0: GPU recovery disabled.
[   76.506584] amdgpu: process pid 1487 DQM create queue type 0 failed. ret -62
[   76.510831] amdgpu 0000:01:00.0: BC250INV eng=17 vmid=8 wrote=0x00fa0100 req_readback=0x00fa0100 ack_before=0x00010000 ack_after=0x00010000 sem_ok=1 polls=2000
[   76.515109] amdgpu 0000:01:00.0: BC250INV eng=17 vmid=8 wrote=0x00fa0100 req_readback=0x00fa0100 ack_before=0x00010000 ack_after=0x00010000 sem_ok=1 polls=2000
[   76.520229] amdgpu 0000:01:00.0: BC250INV eng=17 vmid=8 wrote=0x00fa0100 req_readback=0x00fa0100 ack_before=0x00010000 ack_after=0x00010000 sem_ok=1 polls=2000
[   76.524499] amdgpu 0000:01:00.0: BC250INV eng=17 vmid=8 wrote=0x00fa0100 req_readback=0x00fa0100 ack_before=0x00010000 ack_after=0x00010000 sem_ok=1 polls=2000
[   76.528737] amdgpu 0000:01:00.0: BC250INV eng=17 vmid=8 wrote=0x00fa0100 req_readback=0x00fa0100 ack_before=0x00010000 ack_after=0x00010000 sem_ok=1 polls=2000
[   76.533034] amdgpu 0000:01:00.0: BC250INV eng=17 vmid=8 wrote=0x00fa0100 req_readback=0x00fa0100 ack_before=0x00010000 ack_after=0x00010000 sem_ok=1 polls=2000
[   76.537276] amdgpu 0000:01:00.0: BC250INV eng=17 vmid=8 wrote=0x00fa0100 req_readback=0x00fa0100 ack_before=0x00010000 ack_after=0x00010000 sem_ok=1 polls=2000
[   76.541506] amdgpu 0000:01:00.0: BC250INV eng=17 vmid=8 wrote=0x00fa0100 req_readback=0x00fa0100 ack_before=0x00010000 ack_after=0x00010000 sem_ok=1 polls=2000
[   76.545748] amdgpu 0000:01:00.0: BC250INV eng=17 vmid=8 wrote=0x00fa0100 req_readback=0x00fa0100 ack_before=0x00010000 ack_after=0x00010000 sem_ok=1 polls=2000
[   76.553048] amdgpu 0000:01:00.0: BC250INV eng=17 vmid=8 wrote=0x00fa0100 req_readback=0x00fa0100 ack_before=0x00010000 ack_after=0x00010000 sem_ok=1 polls=2000
[   85.553456] amdgpu 0000:01:00.0: qcm fence wait loop timeout expired
[   85.553468] amdgpu 0000:01:00.0: The cp might be in an unrecoverable state due to an unsuccessful queues preemption
[   85.553473] amdgpu 0000:01:00.0: GPU recovery disabled.
[   85.553479] amdgpu: process pid 1487 DQM create queue type 0 failed. ret -62
[   85.557723] amdgpu 0000:01:00.0: BC250INV eng=17 vmid=8 wrote=0x00fa0100 req_readback=0x00fa0100 ack_before=0x00010000 ack_after=0x00010000 sem_ok=1 polls=2000
[   85.561998] amdgpu 0000:01:00.0: BC250INV eng=17 vmid=8 wrote=0x00fa0100 req_readback=0x00fa0100 ack_before=0x00010000 ack_after=0x00010000 sem_ok=1 polls=2000
[   85.567168] amdgpu 0000:01:00.0: BC250INV eng=17 vmid=8 wrote=0x00fa0100 req_readback=0x00fa0100 ack_before=0x00010000 ack_after=0x00010000 sem_ok=1 polls=2000
[   85.571434] amdgpu 0000:01:00.0: BC250INV eng=17 vmid=8 wrote=0x00fa0100 req_readback=0x00fa0100 ack_before=0x00010000 ack_after=0x00010000 sem_ok=1 polls=2000
[   85.575674] amdgpu 0000:01:00.0: BC250INV eng=17 vmid=8 wrote=0x00fa0100 req_readback=0x00fa0100 ack_before=0x00010000 ack_after=0x00010000 sem_ok=1 polls=2000
[   85.579981] amdgpu 0000:01:00.0: BC250INV eng=17 vmid=8 wrote=0x00fa0100 req_readback=0x00fa0100 ack_before=0x00010000 ack_after=0x00010000 sem_ok=1 polls=2000
[   85.584223] amdgpu 0000:01:00.0: BC250INV eng=17 vmid=8 wrote=0x00fa0100 req_readback=0x00fa0100 ack_before=0x00010000 ack_after=0x00010000 sem_ok=1 polls=2000
[   85.588457] amdgpu 0000:01:00.0: BC250INV eng=17 vmid=8 wrote=0x00fa0100 req_readback=0x00fa0100 ack_before=0x00010000 ack_after=0x00010000 sem_ok=1 polls=2000
[   85.592712] amdgpu 0000:01:00.0: BC250INV eng=17 vmid=8 wrote=0x00fa0100 req_readback=0x00fa0100 ack_before=0x00010000 ack_after=0x00010000 sem_ok=1 polls=2000
[   85.600123] amdgpu 0000:01:00.0: BC250INV eng=17 vmid=8 wrote=0x00fa0100 req_readback=0x00fa0100 ack_before=0x00010000 ack_after=0x00010000 sem_ok=1 polls=2000
[   94.603142] amdgpu 0000:01:00.0: qcm fence wait loop timeout expired
[   94.603151] amdgpu 0000:01:00.0: The cp might be in an unrecoverable state due to an unsuccessful queues preemption
[   94.603158] amdgpu 0000:01:00.0: GPU recovery disabled.
[   94.603162] amdgpu: process pid 1487 DQM create queue type 0 failed. ret -62
[   94.607389] amdgpu 0000:01:00.0: BC250INV eng=17 vmid=8 wrote=0x00fa0100 req_readback=0x00fa0100 ack_before=0x00010000 ack_after=0x00010000 sem_ok=1 polls=2000
[   94.611665] amdgpu 0000:01:00.0: BC250INV eng=17 vmid=8 wrote=0x00fa0100 req_readback=0x00fa0100 ack_before=0x00010000 ack_after=0x00010000 sem_ok=1 polls=2000
[   94.616886] amdgpu 0000:01:00.0: BC250INV eng=17 vmid=8 wrote=0x00fa0100 req_readback=0x00fa0100 ack_before=0x00010000 ack_after=0x00010000 sem_ok=1 polls=2000
[   94.621174] amdgpu 0000:01:00.0: BC250INV eng=17 vmid=8 wrote=0x00fa0100 req_readback=0x00fa0100 ack_before=0x00010000 ack_after=0x00010000 sem_ok=1 polls=2000
[   94.625469] amdgpu 0000:01:00.0: BC250INV eng=17 vmid=8 wrote=0x00fa0100 req_readback=0x00fa0100 ack_before=0x00010000 ack_after=0x00010000 sem_ok=1 polls=2000
[   94.629770] amdgpu 0000:01:00.0: BC250INV eng=17 vmid=8 wrote=0x00fa0100 req_readback=0x00fa0100 ack_before=0x00010000 ack_after=0x00010000 sem_ok=1 polls=2000
[   94.629778] amdgpu 0000:01:00.0: BC250TLBALT mode=9 site=2 calls=100 nomatch=16 ackmiss=84 err=0 last: matched=0x0100 acked=0x0000 r=0
[   94.634022] amdgpu 0000:01:00.0: BC250INV eng=17 vmid=8 wrote=0x00fa0100 req_readback=0x00fa0100 ack_before=0x00010000 ack_after=0x00010000 sem_ok=1 polls=2000
[   94.638268] amdgpu 0000:01:00.0: BC250INV eng=17 vmid=8 wrote=0x00fa0100 req_readback=0x00fa0100 ack_before=0x00010000 ack_after=0x00010000 sem_ok=1 polls=2000
[   94.642512] amdgpu 0000:01:00.0: BC250INV eng=17 vmid=8 wrote=0x00fa0100 req_readback=0x00fa0100 ack_before=0x00010000 ack_after=0x00010000 sem_ok=1 polls=2000
[   94.649721] amdgpu 0000:01:00.0: BC250INV eng=17 vmid=8 wrote=0x00fa0100 req_readback=0x00fa0100 ack_before=0x00010000 ack_after=0x00010000 sem_ok=1 polls=2000
[  103.652020] amdgpu 0000:01:00.0: qcm fence wait loop timeout expired
[  103.652034] amdgpu 0000:01:00.0: The cp might be in an unrecoverable state due to an unsuccessful queues preemption
[  103.652038] amdgpu 0000:01:00.0: GPU recovery disabled.
[  103.652044] amdgpu: process pid 1487 DQM create queue type 0 failed. ret -62
[  103.656293] amdgpu 0000:01:00.0: BC250INV eng=17 vmid=8 wrote=0x00fa0100 req_readback=0x00fa0100 ack_before=0x00010000 ack_after=0x00010000 sem_ok=1 polls=2000
[  103.660713] amdgpu 0000:01:00.0: BC250INV eng=17 vmid=8 wrote=0x00fa0100 req_readback=0x00fa0100 ack_before=0x00010000 ack_after=0x00010000 sem_ok=1 polls=2000
[  103.665841] amdgpu 0000:01:00.0: BC250INV eng=17 vmid=8 wrote=0x00fa0100 req_readback=0x00fa0100 ack_before=0x00010000 ack_after=0x00010000 sem_ok=1 polls=2000
[  103.670116] amdgpu 0000:01:00.0: BC250INV eng=17 vmid=8 wrote=0x00fa0100 req_readback=0x00fa0100 ack_before=0x00010000 ack_after=0x00010000 sem_ok=1 polls=2000
[  103.674358] amdgpu 0000:01:00.0: BC250INV eng=17 vmid=8 wrote=0x00fa0100 req_readback=0x00fa0100 ack_before=0x00010000 ack_after=0x00010000 sem_ok=1 polls=2000
[  103.678679] amdgpu 0000:01:00.0: BC250INV eng=17 vmid=8 wrote=0x00fa0100 req_readback=0x00fa0100 ack_before=0x00010000 ack_after=0x00010000 sem_ok=1 polls=2000
[  103.683124] amdgpu 0000:01:00.0: BC250INV eng=17 vmid=8 wrote=0x00fa0100 req_readback=0x00fa0100 ack_before=0x00010000 ack_after=0x00010000 sem_ok=1 polls=2000
[  103.687410] amdgpu 0000:01:00.0: BC250INV eng=17 vmid=8 wrote=0x00fa0100 req_readback=0x00fa0100 ack_before=0x00010000 ack_after=0x00010000 sem_ok=1 polls=2000
[  103.691644] amdgpu 0000:01:00.0: BC250INV eng=17 vmid=8 wrote=0x00fa0100 req_readback=0x00fa0100 ack_before=0x00010000 ack_after=0x00010000 sem_ok=1 polls=2000
[  103.698922] amdgpu 0000:01:00.0: BC250INV eng=17 vmid=8 wrote=0x00fa0100 req_readback=0x00fa0100 ack_before=0x00010000 ack_after=0x00010000 sem_ok=1 polls=2000
[  112.698927] amdgpu 0000:01:00.0: qcm fence wait loop timeout expired
[  112.698940] amdgpu 0000:01:00.0: The cp might be in an unrecoverable state due to an unsuccessful queues preemption
[  112.698945] amdgpu 0000:01:00.0: GPU recovery disabled.
[  112.698950] amdgpu: process pid 1487 DQM create queue type 0 failed. ret -62
[  112.703194] amdgpu 0000:01:00.0: BC250INV eng=17 vmid=8 wrote=0x00fa0100 req_readback=0x00fa0100 ack_before=0x00010000 ack_after=0x00010000 sem_ok=1 polls=2000
[  112.707468] amdgpu 0000:01:00.0: BC250INV eng=17 vmid=8 wrote=0x00fa0100 req_readback=0x00fa0100 ack_before=0x00010000 ack_after=0x00010000 sem_ok=1 polls=2000
[  112.712684] amdgpu 0000:01:00.0: BC250INV eng=17 vmid=8 wrote=0x00fa0100 req_readback=0x00fa0100 ack_before=0x00010000 ack_after=0x00010000 sem_ok=1 polls=2000
[  112.716953] amdgpu 0000:01:00.0: BC250INV eng=17 vmid=8 wrote=0x00fa0100 req_readback=0x00fa0100 ack_before=0x00010000 ack_after=0x00010000 sem_ok=1 polls=2000
[  112.721236] amdgpu 0000:01:00.0: BC250INV eng=17 vmid=8 wrote=0x00fa0100 req_readback=0x00fa0100 ack_before=0x00010000 ack_after=0x00010000 sem_ok=1 polls=2000
[  112.725535] amdgpu 0000:01:00.0: BC250INV eng=17 vmid=8 wrote=0x00fa0100 req_readback=0x00fa0100 ack_before=0x00010000 ack_after=0x00010000 sem_ok=1 polls=2000
[  112.729875] amdgpu 0000:01:00.0: BC250INV eng=17 vmid=8 wrote=0x00fa0100 req_readback=0x00fa0100 ack_before=0x00010000 ack_after=0x00010000 sem_ok=1 polls=2000
[  112.734133] amdgpu 0000:01:00.0: BC250INV eng=17 vmid=8 wrote=0x00fa0100 req_readback=0x00fa0100 ack_before=0x00010000 ack_after=0x00010000 sem_ok=1 polls=2000
[  112.738365] amdgpu 0000:01:00.0: BC250INV eng=17 vmid=8 wrote=0x00fa0100 req_readback=0x00fa0100 ack_before=0x00010000 ack_after=0x00010000 sem_ok=1 polls=2000
[  112.745708] amdgpu 0000:01:00.0: BC250INV eng=17 vmid=8 wrote=0x00fa0100 req_readback=0x00fa0100 ack_before=0x00010000 ack_after=0x00010000 sem_ok=1 polls=2000
[  121.745853] amdgpu 0000:01:00.0: qcm fence wait loop timeout expired
[  121.745860] amdgpu 0000:01:00.0: The cp might be in an unrecoverable state due to an unsuccessful queues preemption
[  121.745867] amdgpu 0000:01:00.0: GPU recovery disabled.
[  121.745871] amdgpu: process pid 1487 DQM create queue type 0 failed. ret -62
[  121.750112] amdgpu 0000:01:00.0: BC250INV eng=17 vmid=8 wrote=0x00fa0100 req_readback=0x00fa0100 ack_before=0x00010000 ack_after=0x00010000 sem_ok=1 polls=2000
[  121.754382] amdgpu 0000:01:00.0: BC250INV eng=17 vmid=8 wrote=0x00fa0100 req_readback=0x00fa0100 ack_before=0x00010000 ack_after=0x00010000 sem_ok=1 polls=2000
[  121.759299] amdgpu 0000:01:00.0: BC250INV eng=17 vmid=8 wrote=0x00fa0100 req_readback=0x00fa0100 ack_before=0x00010000 ack_after=0x00010000 sem_ok=1 polls=2000
[  121.763568] amdgpu 0000:01:00.0: BC250INV eng=17 vmid=8 wrote=0x00fa0100 req_readback=0x00fa0100 ack_before=0x00010000 ack_after=0x00010000 sem_ok=1 polls=2000
[  121.767823] amdgpu 0000:01:00.0: BC250INV eng=17 vmid=8 wrote=0x00fa0100 req_readback=0x00fa0100 ack_before=0x00010000 ack_after=0x00010000 sem_ok=1 polls=2000
[  121.772128] amdgpu 0000:01:00.0: BC250INV eng=17 vmid=8 wrote=0x00fa0100 req_readback=0x00fa0100 ack_before=0x00010000 ack_after=0x00010000 sem_ok=1 polls=2000
[  121.776411] amdgpu 0000:01:00.0: BC250INV eng=17 vmid=8 wrote=0x00fa0100 req_readback=0x00fa0100 ack_before=0x00010000 ack_after=0x00010000 sem_ok=1 polls=2000
[  121.780658] amdgpu 0000:01:00.0: BC250INV eng=17 vmid=8 wrote=0x00fa0100 req_readback=0x00fa0100 ack_before=0x00010000 ack_after=0x00010000 sem_ok=1 polls=2000
[  121.784888] amdgpu 0000:01:00.0: BC250INV eng=17 vmid=8 wrote=0x00fa0100 req_readback=0x00fa0100 ack_before=0x00010000 ack_after=0x00010000 sem_ok=1 polls=2000
[  121.792066] amdgpu 0000:01:00.0: BC250INV eng=17 vmid=8 wrote=0x00fa0100 req_readback=0x00fa0100 ack_before=0x00010000 ack_after=0x00010000 sem_ok=1 polls=2000
[  130.792775] amdgpu 0000:01:00.0: qcm fence wait loop timeout expired
[  130.792788] amdgpu 0000:01:00.0: The cp might be in an unrecoverable state due to an unsuccessful queues preemption
[  130.792794] amdgpu 0000:01:00.0: GPU recovery disabled.
[  130.792799] amdgpu: process pid 1487 DQM create queue type 0 failed. ret -62
[  130.797040] amdgpu 0000:01:00.0: BC250INV eng=17 vmid=8 wrote=0x00fa0100 req_readback=0x00fa0100 ack_before=0x00010000 ack_after=0x00010000 sem_ok=1 polls=2000
[  130.801310] amdgpu 0000:01:00.0: BC250INV eng=17 vmid=8 wrote=0x00fa0100 req_readback=0x00fa0100 ack_before=0x00010000 ack_after=0x00010000 sem_ok=1 polls=2000
[  130.806511] amdgpu 0000:01:00.0: BC250INV eng=17 vmid=8 wrote=0x00fa0100 req_readback=0x00fa0100 ack_before=0x00010000 ack_after=0x00010000 sem_ok=1 polls=2000
[  130.810776] amdgpu 0000:01:00.0: BC250INV eng=17 vmid=8 wrote=0x00fa0100 req_readback=0x00fa0100 ack_before=0x00010000 ack_after=0x00010000 sem_ok=1 polls=2000
[  130.815022] amdgpu 0000:01:00.0: BC250INV eng=17 vmid=8 wrote=0x00fa0100 req_readback=0x00fa0100 ack_before=0x00010000 ack_after=0x00010000 sem_ok=1 polls=2000
[  130.819318] amdgpu 0000:01:00.0: BC250INV eng=17 vmid=8 wrote=0x00fa0100 req_readback=0x00fa0100 ack_before=0x00010000 ack_after=0x00010000 sem_ok=1 polls=2000
[  130.823589] amdgpu 0000:01:00.0: BC250INV eng=17 vmid=8 wrote=0x00fa0100 req_readback=0x00fa0100 ack_before=0x00010000 ack_after=0x00010000 sem_ok=1 polls=2000
[  130.827834] amdgpu 0000:01:00.0: BC250INV eng=17 vmid=8 wrote=0x00fa0100 req_readback=0x00fa0100 ack_before=0x00010000 ack_after=0x00010000 sem_ok=1 polls=2000
[  130.832066] amdgpu 0000:01:00.0: BC250INV eng=17 vmid=8 wrote=0x00fa0100 req_readback=0x00fa0100 ack_before=0x00010000 ack_after=0x00010000 sem_ok=1 polls=2000
[  130.839361] amdgpu 0000:01:00.0: BC250INV eng=17 vmid=8 wrote=0x00fa0100 req_readback=0x00fa0100 ack_before=0x00010000 ack_after=0x00010000 sem_ok=1 polls=2000
[  139.839684] amdgpu 0000:01:00.0: qcm fence wait loop timeout expired
[  139.839699] amdgpu 0000:01:00.0: The cp might be in an unrecoverable state due to an unsuccessful queues preemption
[  139.839703] amdgpu 0000:01:00.0: GPU recovery disabled.
[  139.839709] amdgpu: process pid 1487 DQM create queue type 0 failed. ret -62
[  139.843960] amdgpu 0000:01:00.0: BC250INV eng=17 vmid=8 wrote=0x00fa0100 req_readback=0x00fa0100 ack_before=0x00010000 ack_after=0x00010000 sem_ok=1 polls=2000
[  139.848237] amdgpu 0000:01:00.0: BC250INV eng=17 vmid=8 wrote=0x00fa0100 req_readback=0x00fa0100 ack_before=0x00010000 ack_after=0x00010000 sem_ok=1 polls=2000
[  139.853562] amdgpu 0000:01:00.0: BC250INV eng=17 vmid=8 wrote=0x00fa0100 req_readback=0x00fa0100 ack_before=0x00010000 ack_after=0x00010000 sem_ok=1 polls=2000
[  139.857842] amdgpu 0000:01:00.0: BC250INV eng=17 vmid=8 wrote=0x00fa0100 req_readback=0x00fa0100 ack_before=0x00010000 ack_after=0x00010000 sem_ok=1 polls=2000
[  139.862082] amdgpu 0000:01:00.0: BC250INV eng=17 vmid=8 wrote=0x00fa0100 req_readback=0x00fa0100 ack_before=0x00010000 ack_after=0x00010000 sem_ok=1 polls=2000
[  139.866378] amdgpu 0000:01:00.0: BC250INV eng=17 vmid=8 wrote=0x00fa0100 req_readback=0x00fa0100 ack_before=0x00010000 ack_after=0x00010000 sem_ok=1 polls=2000
[  139.870622] amdgpu 0000:01:00.0: BC250INV eng=17 vmid=8 wrote=0x00fa0100 req_readback=0x00fa0100 ack_before=0x00010000 ack_after=0x00010000 sem_ok=1 polls=2000
[  139.874876] amdgpu 0000:01:00.0: BC250INV eng=17 vmid=8 wrote=0x00fa0100 req_readback=0x00fa0100 ack_before=0x00010000 ack_after=0x00010000 sem_ok=1 polls=2000
[  139.879105] amdgpu 0000:01:00.0: BC250INV eng=17 vmid=8 wrote=0x00fa0100 req_readback=0x00fa0100 ack_before=0x00010000 ack_after=0x00010000 sem_ok=1 polls=2000
[  139.886487] amdgpu 0000:01:00.0: BC250INV eng=17 vmid=8 wrote=0x00fa0100 req_readback=0x00fa0100 ack_before=0x00010000 ack_after=0x00010000 sem_ok=1 polls=2000
[  148.886612] amdgpu 0000:01:00.0: qcm fence wait loop timeout expired
[  148.886623] amdgpu 0000:01:00.0: The cp might be in an unrecoverable state due to an unsuccessful queues preemption
[  148.886631] amdgpu 0000:01:00.0: GPU recovery disabled.
[  148.886636] amdgpu: process pid 1487 DQM create queue type 0 failed. ret -62
[  148.890875] amdgpu 0000:01:00.0: BC250INV eng=17 vmid=8 wrote=0x00fa0100 req_readback=0x00fa0100 ack_before=0x00010000 ack_after=0x00010000 sem_ok=1 polls=2000
[  148.895185] amdgpu 0000:01:00.0: BC250INV eng=17 vmid=8 wrote=0x00fa0100 req_readback=0x00fa0100 ack_before=0x00010000 ack_after=0x00010000 sem_ok=1 polls=2000
[  148.900511] amdgpu 0000:01:00.0: BC250INV eng=17 vmid=8 wrote=0x00fa0100 req_readback=0x00fa0100 ack_before=0x00010000 ack_after=0x00010000 sem_ok=1 polls=2000
[  148.904784] amdgpu 0000:01:00.0: BC250INV eng=17 vmid=8 wrote=0x00fa0100 req_readback=0x00fa0100 ack_before=0x00010000 ack_after=0x00010000 sem_ok=1 polls=2000
[  148.909023] amdgpu 0000:01:00.0: BC250INV eng=17 vmid=8 wrote=0x00fa0100 req_readback=0x00fa0100 ack_before=0x00010000 ack_after=0x00010000 sem_ok=1 polls=2000
[  148.913328] amdgpu 0000:01:00.0: BC250INV eng=17 vmid=8 wrote=0x00fa0100 req_readback=0x00fa0100 ack_before=0x00010000 ack_after=0x00010000 sem_ok=1 polls=2000
[  148.917559] amdgpu 0000:01:00.0: BC250INV eng=17 vmid=8 wrote=0x00fa0100 req_readback=0x00fa0100 ack_before=0x00010000 ack_after=0x00010000 sem_ok=1 polls=2000
[  148.921842] amdgpu 0000:01:00.0: BC250INV eng=17 vmid=8 wrote=0x00fa0100 req_readback=0x00fa0100 ack_before=0x00010000 ack_after=0x00010000 sem_ok=1 polls=2000
[  148.926089] amdgpu 0000:01:00.0: BC250INV eng=17 vmid=8 wrote=0x00fa0100 req_readback=0x00fa0100 ack_before=0x00010000 ack_after=0x00010000 sem_ok=1 polls=2000
[  148.933387] amdgpu 0000:01:00.0: BC250INV eng=17 vmid=8 wrote=0x00fa0100 req_readback=0x00fa0100 ack_before=0x00010000 ack_after=0x00010000 sem_ok=1 polls=2000
[  157.933536] amdgpu 0000:01:00.0: qcm fence wait loop timeout expired
[  157.933547] amdgpu 0000:01:00.0: The cp might be in an unrecoverable state due to an unsuccessful queues preemption
[  157.933551] amdgpu 0000:01:00.0: GPU recovery disabled.
[  157.933556] amdgpu: process pid 1487 DQM create queue type 0 failed. ret -62
[  157.937789] amdgpu 0000:01:00.0: BC250INV eng=17 vmid=8 wrote=0x00fa0100 req_readback=0x00fa0100 ack_before=0x00010000 ack_after=0x00010000 sem_ok=1 polls=2000
[  157.942060] amdgpu 0000:01:00.0: BC250INV eng=17 vmid=8 wrote=0x00fa0100 req_readback=0x00fa0100 ack_before=0x00010000 ack_after=0x00010000 sem_ok=1 polls=2000
[  157.947240] amdgpu 0000:01:00.0: BC250INV eng=17 vmid=8 wrote=0x00fa0100 req_readback=0x00fa0100 ack_before=0x00010000 ack_after=0x00010000 sem_ok=1 polls=2000
[  157.951515] amdgpu 0000:01:00.0: BC250INV eng=17 vmid=8 wrote=0x00fa0100 req_readback=0x00fa0100 ack_before=0x00010000 ack_after=0x00010000 sem_ok=1 polls=2000
[  157.955752] amdgpu 0000:01:00.0: BC250INV eng=17 vmid=8 wrote=0x00fa0100 req_readback=0x00fa0100 ack_before=0x00010000 ack_after=0x00010000 sem_ok=1 polls=2000
[  157.960038] amdgpu 0000:01:00.0: BC250INV eng=17 vmid=8 wrote=0x00fa0100 req_readback=0x00fa0100 ack_before=0x00010000 ack_after=0x00010000 sem_ok=1 polls=2000
[  157.964268] amdgpu 0000:01:00.0: BC250INV eng=17 vmid=8 wrote=0x00fa0100 req_readback=0x00fa0100 ack_before=0x00010000 ack_after=0x00010000 sem_ok=1 polls=2000
[  157.968503] amdgpu 0000:01:00.0: BC250INV eng=17 vmid=8 wrote=0x00fa0100 req_readback=0x00fa0100 ack_before=0x00010000 ack_after=0x00010000 sem_ok=1 polls=2000
[  157.972745] amdgpu 0000:01:00.0: BC250INV eng=17 vmid=8 wrote=0x00fa0100 req_readback=0x00fa0100 ack_before=0x00010000 ack_after=0x00010000 sem_ok=1 polls=2000
[  157.980063] amdgpu 0000:01:00.0: BC250INV eng=17 vmid=8 wrote=0x00fa0100 req_readback=0x00fa0100 ack_before=0x00010000 ack_after=0x00010000 sem_ok=1 polls=2000
[  166.980463] amdgpu 0000:01:00.0: qcm fence wait loop timeout expired
[  166.980478] amdgpu 0000:01:00.0: The cp might be in an unrecoverable state due to an unsuccessful queues preemption
[  166.980483] amdgpu 0000:01:00.0: GPU recovery disabled.
[  166.980488] amdgpu: process pid 1487 DQM create queue type 0 failed. ret -62
[  175.981388] amdgpu 0000:01:00.0: qcm fence wait loop timeout expired
[  175.981397] amdgpu 0000:01:00.0: The cp might be in an unrecoverable state due to an unsuccessful queues preemption
[  175.981403] amdgpu 0000:01:00.0: GPU recovery disabled.
[  175.981406] amdgpu 0000:01:00.0: Failed to evict process queues
[  175.981409] amdgpu: Failed to quiesce KFD
[  184.982305] amdgpu 0000:01:00.0: qcm fence wait loop timeout expired
[  184.982319] amdgpu 0000:01:00.0: The cp might be in an unrecoverable state due to an unsuccessful queues preemption
[  184.982327] amdgpu 0000:01:00.0: GPU recovery disabled.
[  184.982330] amdgpu: Resetting wave fronts (cpsch) on dev 0000000027db39fb
[  184.982338] amdgpu 0000:01:00.0: Didn't find vmid for process pid 1487
[  185.265838] kauditd_printk_skb: 22 callbacks suppressed
[  185.265864] audit: type=1305 audit(1789450438.824:791): op=set audit_pid=0 old=792 auid=4294967295 ses=4294967295 subj=system_u:system_r:auditd_t:s0 res=1
[  185.267995] audit: type=1131 audit(1789450438.826:792): pid=1 uid=0 auid=4294967295 ses=4294967295 subj=system_u:system_r:init_t:s0 msg='unit=auditd comm="systemd" exe="/usr/lib/systemd/systemd" hostname=? addr=? terminal=? res=success'
[  185.268628] audit: type=1131 audit(1789450438.827:793): pid=1 uid=0 auid=4294967295 ses=4294967295 subj=system_u:system_r:init_t:s0 msg='unit=systemd-tmpfiles-setup comm="systemd" exe="/usr/lib/systemd/systemd" hostname=? addr=? terminal=? res=success'
[  185.293162] audit: type=1131 audit(1789450438.851:794): pid=1 uid=0 auid=4294967295 ses=4294967295 subj=system_u:system_r:init_t:s0 msg='unit=systemd-fsck@dev-disk-by\x2duuid-3E81\x2d060D comm="systemd" exe="/usr/lib/systemd/systemd" hostname=? addr=? terminal=? res=success'
[  185.299696] EXT4-fs (nvme0n1p2): unmounting filesystem 24906ea3-66db-45a5-9082-24d815d9ca9e.
[  185.317833] audit: type=1131 audit(1789450438.876:795): pid=1 uid=0 auid=4294967295 ses=4294967295 subj=system_u:system_r:init_t:s0 msg='unit=systemd-fsck@dev-disk-by\x2duuid-24906ea3\x2d66db\x2d45a5\x2d9082\x2d24d815d9ca9e comm="systemd" exe="/usr/lib/systemd/systemd" hostname=? addr=? terminal=? res=success'
[  185.319245] audit: type=1131 audit(1789450438.877:796): pid=1 uid=0 auid=4294967295 ses=4294967295 subj=system_u:system_r:init_t:s0 msg='unit=systemd-remount-fs comm="systemd" exe="/usr/lib/systemd/systemd" hostname=? addr=? terminal=? res=success'
[  185.319367] audit: type=1131 audit(1789450438.878:797): pid=1 uid=0 auid=4294967295 ses=4294967295 subj=system_u:system_r:init_t:s0 msg='unit=systemd-tmpfiles-setup-dev comm="systemd" exe="/usr/lib/systemd/systemd" hostname=? addr=? terminal=? res=success'
[  185.319462] audit: type=1131 audit(1789450438.878:798): pid=1 uid=0 auid=4294967295 ses=4294967295 subj=system_u:system_r:init_t:s0 msg='unit=systemd-tmpfiles-setup-dev-early comm="systemd" exe="/usr/lib/systemd/systemd" hostname=? addr=? terminal=? res=success'
[  185.366678] audit: type=1131 audit(1789450438.925:799): pid=1 uid=0 auid=4294967295 ses=4294967295 subj=system_u:system_r:init_t:s0 msg='unit=lvm2-monitor comm="systemd" exe="/usr/lib/systemd/systemd" hostname=? addr=? terminal=? res=success'
[  185.367859] audit: type=1130 audit(1789450438.926:800): pid=1 uid=0 auid=4294967295 ses=4294967295 subj=system_u:system_r:init_t:s0 msg='unit=systemd-reboot comm="systemd" exe="/usr/lib/systemd/systemd" hostname=? addr=? terminal=? res=success'
[  185.408849] watchdog: watchdog0: watchdog did not stop!
[  185.413537] systemd-shutdown[1]: Using hardware watchdog /dev/watchdog0: 'SP5100 TCO timer', version 0.
[  185.413558] systemd-shutdown[1]: Watchdog running with a hardware timeout of 10min.
[  185.421906] systemd-shutdown[1]: Syncing filesystems and block devices.
[  185.453741] systemd-shutdown[1]: Sending SIGTERM to remaining processes...
[  185.466101] systemd-journald[587]: Received SIGTERM from PID 1 (systemd-shutdow).
[  185.602175] systemd-shutdown[1]: Sending SIGKILL to remaining processes...
[  185.613872] systemd-shutdown[1]: Unmounting file systems.
[  185.614707] (sd-umount)[2322]: Unmounting '/run/credentials/systemd-journald.service'.
[  185.615487] (sd-remount)[2323]: Remounting '/' read-only with options 'seclabel,compress=zstd:1,ssd,discard=async,space_cache=v2,subvolid=256,subvol=/root'.
[  185.631726] systemd-shutdown[1]: All filesystems unmounted.
[  185.631745] systemd-shutdown[1]: Deactivating swaps.
[  185.631781] systemd-shutdown[1]: All swaps deactivated.
[  185.631792] systemd-shutdown[1]: Detaching loop devices.
[  185.632728] systemd-shutdown[1]: All loop devices detached.
[  185.632736] systemd-shutdown[1]: Stopping MD devices.
[  185.632803] systemd-shutdown[1]: All MD devices stopped.
[  185.632808] systemd-shutdown[1]: Detaching DM devices.
[  185.632857] systemd-shutdown[1]: All DM devices detached.
[  185.632864] systemd-shutdown[1]: All filesystems, swaps, loop devices, MD devices and DM devices detached.
[  185.632872] watchdog: watchdog0: watchdog did not stop!
[  185.692828] systemd-shutdown[1]: Syncing filesystems and block devices.
[  185.693171] systemd-shutdown[1]: Rebooting.
[    0.104445] RDSEED is not reliable on this platform; disabling.
[    0.001373] RDSEED is not reliable on this platform; disabling.
[    0.001373] RDSEED is not reliable on this platform; disabling.
[    0.001373] RDSEED is not reliable on this platform; disabling.
[    0.001373] RDSEED is not reliable on this platform; disabling.
[    0.001373] RDSEED is not reliable on this platform; disabling.
[    0.001373] RDSEED is not reliable on this platform; disabling.
[    0.001373] RDSEED is not reliable on this platform; disabling.
[    0.001373] RDSEED is not reliable on this platform; disabling.
[    0.001373] RDSEED is not reliable on this platform; disabling.
[    0.001373] RDSEED is not reliable on this platform; disabling.
[    0.001373] RDSEED is not reliable on this platform; disabling.
[   15.797858] netconsole armed
[   16.575050] MARK-g7_rl3_alt9_f4_e15
[   16.796271] amdgpu 0000:01:00.0: BC250TLBALT mode=9 site=2 calls=1 nomatch=1 ackmiss=0 err=0 last: matched=0x0000 acked=0x0000 r=0
[   16.899737] amdgpu 0000:01:00.0: BC250TLBALT mode=9 site=2 calls=10 nomatch=10 ackmiss=0 err=0 last: matched=0x0000 acked=0x0000 r=0
[   22.464337] amdgpu 0000:01:00.0: BC250INV eng=15 vmid=8 wrote=0x00fa0100 req_readback=0x00fa0100 ack_before=0x00000000 ack_after=0x00000000 sem_ok=-1 polls=2000
[   22.479447] amdgpu 0000:01:00.0: BC250INV eng=15 vmid=8 wrote=0x00fa0100 req_readback=0x00fa0100 ack_before=0x00000000 ack_after=0x00000000 sem_ok=-1 polls=2000
[   22.483989] amdgpu 0000:01:00.0: BC250INV eng=15 vmid=8 wrote=0x00fa0100 req_readback=0x00fa0100 ack_before=0x00000000 ack_after=0x00000000 sem_ok=-1 polls=2000
[   22.488287] amdgpu 0000:01:00.0: BC250INV eng=15 vmid=8 wrote=0x00fa0100 req_readback=0x00fa0100 ack_before=0x00000000 ack_after=0x00000000 sem_ok=-1 polls=2000
[   22.492769] amdgpu 0000:01:00.0: BC250INV eng=15 vmid=8 wrote=0x00fa0100 req_readback=0x00fa0100 ack_before=0x00000000 ack_after=0x00000000 sem_ok=-1 polls=2000
[   22.497107] amdgpu 0000:01:00.0: BC250INV eng=15 vmid=8 wrote=0x00fa0100 req_readback=0x00fa0100 ack_before=0x00000000 ack_after=0x00000000 sem_ok=-1 polls=2000
[   22.501409] amdgpu 0000:01:00.0: BC250INV eng=15 vmid=8 wrote=0x00fa0100 req_readback=0x00fa0100 ack_before=0x00000000 ack_after=0x00000000 sem_ok=-1 polls=2000
[   22.508123] amdgpu 0000:01:00.0: BC250INV eng=15 vmid=8 wrote=0x00fa0100 req_readback=0x00fa0100 ack_before=0x00000000 ack_after=0x00000000 sem_ok=-1 polls=2000
[   31.422429] amdgpu 0000:01:00.0: qcm fence wait loop timeout expired
[   31.422443] amdgpu 0000:01:00.0: The cp might be in an unrecoverable state due to an unsuccessful queues preemption
[   31.422448] amdgpu 0000:01:00.0: GPU recovery disabled.
[   31.422454] amdgpu: process pid 1473 DQM create queue type 0 failed. ret -62
[   31.426743] amdgpu 0000:01:00.0: BC250INV eng=15 vmid=8 wrote=0x00fa0100 req_readback=0x00fa0100 ack_before=0x00000000 ack_after=0x00000000 sem_ok=-1 polls=2000
[   31.431018] amdgpu 0000:01:00.0: BC250INV eng=15 vmid=8 wrote=0x00fa0100 req_readback=0x00fa0100 ack_before=0x00000000 ack_after=0x00000000 sem_ok=-1 polls=2000
[   31.435912] amdgpu 0000:01:00.0: BC250INV eng=15 vmid=8 wrote=0x00fa0100 req_readback=0x00fa0100 ack_before=0x00000000 ack_after=0x00000000 sem_ok=-1 polls=2000
[   31.440198] amdgpu 0000:01:00.0: BC250INV eng=15 vmid=8 wrote=0x00fa0100 req_readback=0x00fa0100 ack_before=0x00000000 ack_after=0x00000000 sem_ok=-1 polls=2000
[   31.444484] amdgpu 0000:01:00.0: BC250INV eng=15 vmid=8 wrote=0x00fa0100 req_readback=0x00fa0100 ack_before=0x00000000 ack_after=0x00000000 sem_ok=-1 polls=2000
[   31.448782] amdgpu 0000:01:00.0: BC250INV eng=15 vmid=8 wrote=0x00fa0100 req_readback=0x00fa0100 ack_before=0x00000000 ack_after=0x00000000 sem_ok=-1 polls=2000
[   31.453125] amdgpu 0000:01:00.0: BC250INV eng=15 vmid=8 wrote=0x00fa0100 req_readback=0x00fa0100 ack_before=0x00000000 ack_after=0x00000000 sem_ok=-1 polls=2000
[   31.457387] amdgpu 0000:01:00.0: BC250INV eng=15 vmid=8 wrote=0x00fa0100 req_readback=0x00fa0100 ack_before=0x00000000 ack_after=0x00000000 sem_ok=-1 polls=2000
[   31.461628] amdgpu 0000:01:00.0: BC250INV eng=15 vmid=8 wrote=0x00fa0100 req_readback=0x00fa0100 ack_before=0x00000000 ack_after=0x00000000 sem_ok=-1 polls=2000
[   31.468384] amdgpu 0000:01:00.0: BC250INV eng=15 vmid=8 wrote=0x00fa0100 req_readback=0x00fa0100 ack_before=0x00000000 ack_after=0x00000000 sem_ok=-1 polls=2000
[   40.469342] amdgpu 0000:01:00.0: qcm fence wait loop timeout expired
[   40.469357] amdgpu 0000:01:00.0: The cp might be in an unrecoverable state due to an unsuccessful queues preemption
[   40.469362] amdgpu 0000:01:00.0: GPU recovery disabled.
[   40.469367] amdgpu: process pid 1473 DQM create queue type 0 failed. ret -62
[   40.473609] amdgpu 0000:01:00.0: BC250INV eng=15 vmid=8 wrote=0x00fa0100 req_readback=0x00fa0100 ack_before=0x00000000 ack_after=0x00000000 sem_ok=-1 polls=2000
[   40.477854] amdgpu 0000:01:00.0: BC250INV eng=15 vmid=8 wrote=0x00fa0100 req_readback=0x00fa0100 ack_before=0x00000000 ack_after=0x00000000 sem_ok=-1 polls=2000
[   40.482814] amdgpu 0000:01:00.0: BC250INV eng=15 vmid=8 wrote=0x00fa0100 req_readback=0x00fa0100 ack_before=0x00000000 ack_after=0x00000000 sem_ok=-1 polls=2000
[   40.487105] amdgpu 0000:01:00.0: BC250INV eng=15 vmid=8 wrote=0x00fa0100 req_readback=0x00fa0100 ack_before=0x00000000 ack_after=0x00000000 sem_ok=-1 polls=2000
[   40.491369] amdgpu 0000:01:00.0: BC250INV eng=15 vmid=8 wrote=0x00fa0100 req_readback=0x00fa0100 ack_before=0x00000000 ack_after=0x00000000 sem_ok=-1 polls=2000
[   40.495686] amdgpu 0000:01:00.0: BC250INV eng=15 vmid=8 wrote=0x00fa0100 req_readback=0x00fa0100 ack_before=0x00000000 ack_after=0x00000000 sem_ok=-1 polls=2000
[   40.500015] amdgpu 0000:01:00.0: BC250INV eng=15 vmid=8 wrote=0x00fa0100 req_readback=0x00fa0100 ack_before=0x00000000 ack_after=0x00000000 sem_ok=-1 polls=2000
[   40.504269] amdgpu 0000:01:00.0: BC250INV eng=15 vmid=8 wrote=0x00fa0100 req_readback=0x00fa0100 ack_before=0x00000000 ack_after=0x00000000 sem_ok=-1 polls=2000
[   40.508533] amdgpu 0000:01:00.0: BC250INV eng=15 vmid=8 wrote=0x00fa0100 req_readback=0x00fa0100 ack_before=0x00000000 ack_after=0x00000000 sem_ok=-1 polls=2000
[   40.515016] amdgpu 0000:01:00.0: BC250INV eng=15 vmid=8 wrote=0x00fa0100 req_readback=0x00fa0100 ack_before=0x00000000 ack_after=0x00000000 sem_ok=-1 polls=2000
[   49.515270] amdgpu 0000:01:00.0: qcm fence wait loop timeout expired
[   49.515285] amdgpu 0000:01:00.0: The cp might be in an unrecoverable state due to an unsuccessful queues preemption
[   49.515293] amdgpu 0000:01:00.0: GPU recovery disabled.
[   49.515299] amdgpu: process pid 1473 DQM create queue type 0 failed. ret -62
[   49.519542] amdgpu 0000:01:00.0: BC250INV eng=15 vmid=8 wrote=0x00fa0100 req_readback=0x00fa0100 ack_before=0x00000000 ack_after=0x00000000 sem_ok=-1 polls=2000
[   49.523819] amdgpu 0000:01:00.0: BC250INV eng=15 vmid=8 wrote=0x00fa0100 req_readback=0x00fa0100 ack_before=0x00000000 ack_after=0x00000000 sem_ok=-1 polls=2000
[   49.528676] amdgpu 0000:01:00.0: BC250INV eng=15 vmid=8 wrote=0x00fa0100 req_readback=0x00fa0100 ack_before=0x00000000 ack_after=0x00000000 sem_ok=-1 polls=2000
[   49.532946] amdgpu 0000:01:00.0: BC250INV eng=15 vmid=8 wrote=0x00fa0100 req_readback=0x00fa0100 ack_before=0x00000000 ack_after=0x00000000 sem_ok=-1 polls=2000
[   49.537201] amdgpu 0000:01:00.0: BC250INV eng=15 vmid=8 wrote=0x00fa0100 req_readback=0x00fa0100 ack_before=0x00000000 ack_after=0x00000000 sem_ok=-1 polls=2000
[   49.541494] amdgpu 0000:01:00.0: BC250INV eng=15 vmid=8 wrote=0x00fa0100 req_readback=0x00fa0100 ack_before=0x00000000 ack_after=0x00000000 sem_ok=-1 polls=2000
[   49.545752] amdgpu 0000:01:00.0: BC250INV eng=15 vmid=8 wrote=0x00fa0100 req_readback=0x00fa0100 ack_before=0x00000000 ack_after=0x00000000 sem_ok=-1 polls=2000
[   49.549981] amdgpu 0000:01:00.0: BC250INV eng=15 vmid=8 wrote=0x00fa0100 req_readback=0x00fa0100 ack_before=0x00000000 ack_after=0x00000000 sem_ok=-1 polls=2000
[   49.554219] amdgpu 0000:01:00.0: BC250INV eng=15 vmid=8 wrote=0x00fa0100 req_readback=0x00fa0100 ack_before=0x00000000 ack_after=0x00000000 sem_ok=-1 polls=2000
[   49.560896] amdgpu 0000:01:00.0: BC250INV eng=15 vmid=8 wrote=0x00fa0100 req_readback=0x00fa0100 ack_before=0x00000000 ack_after=0x00000000 sem_ok=-1 polls=2000
[   58.561190] amdgpu 0000:01:00.0: qcm fence wait loop timeout expired
[   58.561206] amdgpu 0000:01:00.0: The cp might be in an unrecoverable state due to an unsuccessful queues preemption
[   58.561211] amdgpu 0000:01:00.0: GPU recovery disabled.
[   58.561217] amdgpu: process pid 1473 DQM create queue type 0 failed. ret -62
[   58.565469] amdgpu 0000:01:00.0: BC250INV eng=15 vmid=8 wrote=0x00fa0100 req_readback=0x00fa0100 ack_before=0x00000000 ack_after=0x00000000 sem_ok=-1 polls=2000
[   58.569742] amdgpu 0000:01:00.0: BC250INV eng=15 vmid=8 wrote=0x00fa0100 req_readback=0x00fa0100 ack_before=0x00000000 ack_after=0x00000000 sem_ok=-1 polls=2000
[   58.574560] amdgpu 0000:01:00.0: BC250INV eng=15 vmid=8 wrote=0x00fa0100 req_readback=0x00fa0100 ack_before=0x00000000 ack_after=0x00000000 sem_ok=-1 polls=2000
[   58.578831] amdgpu 0000:01:00.0: BC250INV eng=15 vmid=8 wrote=0x00fa0100 req_readback=0x00fa0100 ack_before=0x00000000 ack_after=0x00000000 sem_ok=-1 polls=2000
[   58.583071] amdgpu 0000:01:00.0: BC250INV eng=15 vmid=8 wrote=0x00fa0100 req_readback=0x00fa0100 ack_before=0x00000000 ack_after=0x00000000 sem_ok=-1 polls=2000
[   58.587362] amdgpu 0000:01:00.0: BC250INV eng=15 vmid=8 wrote=0x00fa0100 req_readback=0x00fa0100 ack_before=0x00000000 ack_after=0x00000000 sem_ok=-1 polls=2000
[   58.591619] amdgpu 0000:01:00.0: BC250INV eng=15 vmid=8 wrote=0x00fa0100 req_readback=0x00fa0100 ack_before=0x00000000 ack_after=0x00000000 sem_ok=-1 polls=2000
[   58.595908] amdgpu 0000:01:00.0: BC250INV eng=15 vmid=8 wrote=0x00fa0100 req_readback=0x00fa0100 ack_before=0x00000000 ack_after=0x00000000 sem_ok=-1 polls=2000
[   58.600142] amdgpu 0000:01:00.0: BC250INV eng=15 vmid=8 wrote=0x00fa0100 req_readback=0x00fa0100 ack_before=0x00000000 ack_after=0x00000000 sem_ok=-1 polls=2000
[   58.607088] amdgpu 0000:01:00.0: BC250INV eng=15 vmid=8 wrote=0x00fa0100 req_readback=0x00fa0100 ack_before=0x00000000 ack_after=0x00000000 sem_ok=-1 polls=2000
[   67.607097] amdgpu 0000:01:00.0: qcm fence wait loop timeout expired
[   67.607106] amdgpu 0000:01:00.0: The cp might be in an unrecoverable state due to an unsuccessful queues preemption
[   67.607115] amdgpu 0000:01:00.0: GPU recovery disabled.
[   67.607119] amdgpu: process pid 1473 DQM create queue type 0 failed. ret -62
[   67.611346] amdgpu 0000:01:00.0: BC250INV eng=15 vmid=8 wrote=0x00fa0100 req_readback=0x00fa0100 ack_before=0x00000000 ack_after=0x00000000 sem_ok=-1 polls=2000
[   67.615617] amdgpu 0000:01:00.0: BC250INV eng=15 vmid=8 wrote=0x00fa0100 req_readback=0x00fa0100 ack_before=0x00000000 ack_after=0x00000000 sem_ok=-1 polls=2000
[   67.620625] amdgpu 0000:01:00.0: BC250INV eng=15 vmid=8 wrote=0x00fa0100 req_readback=0x00fa0100 ack_before=0x00000000 ack_after=0x00000000 sem_ok=-1 polls=2000
[   67.624900] amdgpu 0000:01:00.0: BC250INV eng=15 vmid=8 wrote=0x00fa0100 req_readback=0x00fa0100 ack_before=0x00000000 ack_after=0x00000000 sem_ok=-1 polls=2000
[   67.629249] amdgpu 0000:01:00.0: BC250INV eng=15 vmid=8 wrote=0x00fa0100 req_readback=0x00fa0100 ack_before=0x00000000 ack_after=0x00000000 sem_ok=-1 polls=2000
[   67.633534] amdgpu 0000:01:00.0: BC250INV eng=15 vmid=8 wrote=0x00fa0100 req_readback=0x00fa0100 ack_before=0x00000000 ack_after=0x00000000 sem_ok=-1 polls=2000
[   67.637774] amdgpu 0000:01:00.0: BC250INV eng=15 vmid=8 wrote=0x00fa0100 req_readback=0x00fa0100 ack_before=0x00000000 ack_after=0x00000000 sem_ok=-1 polls=2000
[   67.642008] amdgpu 0000:01:00.0: BC250INV eng=15 vmid=8 wrote=0x00fa0100 req_readback=0x00fa0100 ack_before=0x00000000 ack_after=0x00000000 sem_ok=-1 polls=2000
[   67.646242] amdgpu 0000:01:00.0: BC250INV eng=15 vmid=8 wrote=0x00fa0100 req_readback=0x00fa0100 ack_before=0x00000000 ack_after=0x00000000 sem_ok=-1 polls=2000
[   67.653471] amdgpu 0000:01:00.0: BC250INV eng=15 vmid=8 wrote=0x00fa0100 req_readback=0x00fa0100 ack_before=0x00000000 ack_after=0x00000000 sem_ok=-1 polls=2000
[   76.654031] amdgpu 0000:01:00.0: qcm fence wait loop timeout expired
[   76.654045] amdgpu 0000:01:00.0: The cp might be in an unrecoverable state due to an unsuccessful queues preemption
[   76.654050] amdgpu 0000:01:00.0: GPU recovery disabled.
[   76.654055] amdgpu: process pid 1473 DQM create queue type 0 failed. ret -62
[   76.658312] amdgpu 0000:01:00.0: BC250INV eng=15 vmid=8 wrote=0x00fa0100 req_readback=0x00fa0100 ack_before=0x00000000 ack_after=0x00000000 sem_ok=-1 polls=2000
[   76.662597] amdgpu 0000:01:00.0: BC250INV eng=15 vmid=8 wrote=0x00fa0100 req_readback=0x00fa0100 ack_before=0x00000000 ack_after=0x00000000 sem_ok=-1 polls=2000
[   76.667749] amdgpu 0000:01:00.0: BC250INV eng=15 vmid=8 wrote=0x00fa0100 req_readback=0x00fa0100 ack_before=0x00000000 ack_after=0x00000000 sem_ok=-1 polls=2000
[   76.672019] amdgpu 0000:01:00.0: BC250INV eng=15 vmid=8 wrote=0x00fa0100 req_readback=0x00fa0100 ack_before=0x00000000 ack_after=0x00000000 sem_ok=-1 polls=2000
[   76.676265] amdgpu 0000:01:00.0: BC250INV eng=15 vmid=8 wrote=0x00fa0100 req_readback=0x00fa0100 ack_before=0x00000000 ack_after=0x00000000 sem_ok=-1 polls=2000
[   76.680557] amdgpu 0000:01:00.0: BC250INV eng=15 vmid=8 wrote=0x00fa0100 req_readback=0x00fa0100 ack_before=0x00000000 ack_after=0x00000000 sem_ok=-1 polls=2000
[   76.684789] amdgpu 0000:01:00.0: BC250INV eng=15 vmid=8 wrote=0x00fa0100 req_readback=0x00fa0100 ack_before=0x00000000 ack_after=0x00000000 sem_ok=-1 polls=2000
[   76.689024] amdgpu 0000:01:00.0: BC250INV eng=15 vmid=8 wrote=0x00fa0100 req_readback=0x00fa0100 ack_before=0x00000000 ack_after=0x00000000 sem_ok=-1 polls=2000
[   76.693270] amdgpu 0000:01:00.0: BC250INV eng=15 vmid=8 wrote=0x00fa0100 req_readback=0x00fa0100 ack_before=0x00000000 ack_after=0x00000000 sem_ok=-1 polls=2000
[   76.700549] amdgpu 0000:01:00.0: BC250INV eng=15 vmid=8 wrote=0x00fa0100 req_readback=0x00fa0100 ack_before=0x00000000 ack_after=0x00000000 sem_ok=-1 polls=2000
[   85.700957] amdgpu 0000:01:00.0: qcm fence wait loop timeout expired
[   85.700970] amdgpu 0000:01:00.0: The cp might be in an unrecoverable state due to an unsuccessful queues preemption
[   85.700975] amdgpu 0000:01:00.0: GPU recovery disabled.
[   85.700981] amdgpu: process pid 1473 DQM create queue type 0 failed. ret -62
[   85.705225] amdgpu 0000:01:00.0: BC250INV eng=15 vmid=8 wrote=0x00fa0100 req_readback=0x00fa0100 ack_before=0x00000000 ack_after=0x00000000 sem_ok=-1 polls=2000
[   85.709497] amdgpu 0000:01:00.0: BC250INV eng=15 vmid=8 wrote=0x00fa0100 req_readback=0x00fa0100 ack_before=0x00000000 ack_after=0x00000000 sem_ok=-1 polls=2000
[   85.714723] amdgpu 0000:01:00.0: BC250INV eng=15 vmid=8 wrote=0x00fa0100 req_readback=0x00fa0100 ack_before=0x00000000 ack_after=0x00000000 sem_ok=-1 polls=2000
[   85.718999] amdgpu 0000:01:00.0: BC250INV eng=15 vmid=8 wrote=0x00fa0100 req_readback=0x00fa0100 ack_before=0x00000000 ack_after=0x00000000 sem_ok=-1 polls=2000
[   85.723233] amdgpu 0000:01:00.0: BC250INV eng=15 vmid=8 wrote=0x00fa0100 req_readback=0x00fa0100 ack_before=0x00000000 ack_after=0x00000000 sem_ok=-1 polls=2000
[   85.727519] amdgpu 0000:01:00.0: BC250INV eng=15 vmid=8 wrote=0x00fa0100 req_readback=0x00fa0100 ack_before=0x00000000 ack_after=0x00000000 sem_ok=-1 polls=2000
[   85.731754] amdgpu 0000:01:00.0: BC250INV eng=15 vmid=8 wrote=0x00fa0100 req_readback=0x00fa0100 ack_before=0x00000000 ack_after=0x00000000 sem_ok=-1 polls=2000
[   85.735987] amdgpu 0000:01:00.0: BC250INV eng=15 vmid=8 wrote=0x00fa0100 req_readback=0x00fa0100 ack_before=0x00000000 ack_after=0x00000000 sem_ok=-1 polls=2000
[   85.740215] amdgpu 0000:01:00.0: BC250INV eng=15 vmid=8 wrote=0x00fa0100 req_readback=0x00fa0100 ack_before=0x00000000 ack_after=0x00000000 sem_ok=-1 polls=2000
[   85.747457] amdgpu 0000:01:00.0: BC250INV eng=15 vmid=8 wrote=0x00fa0100 req_readback=0x00fa0100 ack_before=0x00000000 ack_after=0x00000000 sem_ok=-1 polls=2000
[   94.747898] amdgpu 0000:01:00.0: qcm fence wait loop timeout expired
[   94.747912] amdgpu 0000:01:00.0: The cp might be in an unrecoverable state due to an unsuccessful queues preemption
[   94.747917] amdgpu 0000:01:00.0: GPU recovery disabled.
[   94.747922] amdgpu: process pid 1473 DQM create queue type 0 failed. ret -62
[   94.752207] amdgpu 0000:01:00.0: BC250INV eng=15 vmid=8 wrote=0x00fa0100 req_readback=0x00fa0100 ack_before=0x00000000 ack_after=0x00000000 sem_ok=-1 polls=2000
[   94.756492] amdgpu 0000:01:00.0: BC250INV eng=15 vmid=8 wrote=0x00fa0100 req_readback=0x00fa0100 ack_before=0x00000000 ack_after=0x00000000 sem_ok=-1 polls=2000
[   94.761800] amdgpu 0000:01:00.0: BC250INV eng=15 vmid=8 wrote=0x00fa0100 req_readback=0x00fa0100 ack_before=0x00000000 ack_after=0x00000000 sem_ok=-1 polls=2000
[   94.766092] amdgpu 0000:01:00.0: BC250INV eng=15 vmid=8 wrote=0x00fa0100 req_readback=0x00fa0100 ack_before=0x00000000 ack_after=0x00000000 sem_ok=-1 polls=2000
[   94.770328] amdgpu 0000:01:00.0: BC250INV eng=15 vmid=8 wrote=0x00fa0100 req_readback=0x00fa0100 ack_before=0x00000000 ack_after=0x00000000 sem_ok=-1 polls=2000
[   94.774622] amdgpu 0000:01:00.0: BC250INV eng=15 vmid=8 wrote=0x00fa0100 req_readback=0x00fa0100 ack_before=0x00000000 ack_after=0x00000000 sem_ok=-1 polls=2000
[   94.774631] amdgpu 0000:01:00.0: BC250TLBALT mode=9 site=2 calls=100 nomatch=16 ackmiss=84 err=0 last: matched=0x0100 acked=0x0000 r=0
[   94.778862] amdgpu 0000:01:00.0: BC250INV eng=15 vmid=8 wrote=0x00fa0100 req_readback=0x00fa0100 ack_before=0x00000000 ack_after=0x00000000 sem_ok=-1 polls=2000
[   94.783109] amdgpu 0000:01:00.0: BC250INV eng=15 vmid=8 wrote=0x00fa0100 req_readback=0x00fa0100 ack_before=0x00000000 ack_after=0x00000000 sem_ok=-1 polls=2000
[   94.787345] amdgpu 0000:01:00.0: BC250INV eng=15 vmid=8 wrote=0x00fa0100 req_readback=0x00fa0100 ack_before=0x00000000 ack_after=0x00000000 sem_ok=-1 polls=2000
[   94.794703] amdgpu 0000:01:00.0: BC250INV eng=15 vmid=8 wrote=0x00fa0100 req_readback=0x00fa0100 ack_before=0x00000000 ack_after=0x00000000 sem_ok=-1 polls=2000
[  103.794840] amdgpu 0000:01:00.0: qcm fence wait loop timeout expired
[  103.794856] amdgpu 0000:01:00.0: The cp might be in an unrecoverable state due to an unsuccessful queues preemption
[  103.794861] amdgpu 0000:01:00.0: GPU recovery disabled.
[  103.794867] amdgpu: process pid 1473 DQM create queue type 0 failed. ret -62
[  103.799112] amdgpu 0000:01:00.0: BC250INV eng=15 vmid=8 wrote=0x00fa0100 req_readback=0x00fa0100 ack_before=0x00000000 ack_after=0x00000000 sem_ok=-1 polls=2000
[  103.803398] amdgpu 0000:01:00.0: BC250INV eng=15 vmid=8 wrote=0x00fa0100 req_readback=0x00fa0100 ack_before=0x00000000 ack_after=0x00000000 sem_ok=-1 polls=2000
[  103.808691] amdgpu 0000:01:00.0: BC250INV eng=15 vmid=8 wrote=0x00fa0100 req_readback=0x00fa0100 ack_before=0x00000000 ack_after=0x00000000 sem_ok=-1 polls=2000
[  103.812970] amdgpu 0000:01:00.0: BC250INV eng=15 vmid=8 wrote=0x00fa0100 req_readback=0x00fa0100 ack_before=0x00000000 ack_after=0x00000000 sem_ok=-1 polls=2000
[  103.817199] amdgpu 0000:01:00.0: BC250INV eng=15 vmid=8 wrote=0x00fa0100 req_readback=0x00fa0100 ack_before=0x00000000 ack_after=0x00000000 sem_ok=-1 polls=2000
[  103.821502] amdgpu 0000:01:00.0: BC250INV eng=15 vmid=8 wrote=0x00fa0100 req_readback=0x00fa0100 ack_before=0x00000000 ack_after=0x00000000 sem_ok=-1 polls=2000
[  103.825941] amdgpu 0000:01:00.0: BC250INV eng=15 vmid=8 wrote=0x00fa0100 req_readback=0x00fa0100 ack_before=0x00000000 ack_after=0x00000000 sem_ok=-1 polls=2000
[  103.830221] amdgpu 0000:01:00.0: BC250INV eng=15 vmid=8 wrote=0x00fa0100 req_readback=0x00fa0100 ack_before=0x00000000 ack_after=0x00000000 sem_ok=-1 polls=2000
[  103.834459] amdgpu 0000:01:00.0: BC250INV eng=15 vmid=8 wrote=0x00fa0100 req_readback=0x00fa0100 ack_before=0x00000000 ack_after=0x00000000 sem_ok=-1 polls=2000
[  103.841748] amdgpu 0000:01:00.0: BC250INV eng=15 vmid=8 wrote=0x00fa0100 req_readback=0x00fa0100 ack_before=0x00000000 ack_after=0x00000000 sem_ok=-1 polls=2000
[  112.841777] amdgpu 0000:01:00.0: qcm fence wait loop timeout expired
[  112.841786] amdgpu 0000:01:00.0: The cp might be in an unrecoverable state due to an unsuccessful queues preemption
[  112.841791] amdgpu 0000:01:00.0: GPU recovery disabled.
[  112.841795] amdgpu: process pid 1473 DQM create queue type 0 failed. ret -62
[  112.846025] amdgpu 0000:01:00.0: BC250INV eng=15 vmid=8 wrote=0x00fa0100 req_readback=0x00fa0100 ack_before=0x00000000 ack_after=0x00000000 sem_ok=-1 polls=2000
[  112.850300] amdgpu 0000:01:00.0: BC250INV eng=15 vmid=8 wrote=0x00fa0100 req_readback=0x00fa0100 ack_before=0x00000000 ack_after=0x00000000 sem_ok=-1 polls=2000
[  112.855386] amdgpu 0000:01:00.0: BC250INV eng=15 vmid=8 wrote=0x00fa0100 req_readback=0x00fa0100 ack_before=0x00000000 ack_after=0x00000000 sem_ok=-1 polls=2000
[  112.859657] amdgpu 0000:01:00.0: BC250INV eng=15 vmid=8 wrote=0x00fa0100 req_readback=0x00fa0100 ack_before=0x00000000 ack_after=0x00000000 sem_ok=-1 polls=2000
[  112.864009] amdgpu 0000:01:00.0: BC250INV eng=15 vmid=8 wrote=0x00fa0100 req_readback=0x00fa0100 ack_before=0x00000000 ack_after=0x00000000 sem_ok=-1 polls=2000
[  112.868301] amdgpu 0000:01:00.0: BC250INV eng=15 vmid=8 wrote=0x00fa0100 req_readback=0x00fa0100 ack_before=0x00000000 ack_after=0x00000000 sem_ok=-1 polls=2000
[  112.872644] amdgpu 0000:01:00.0: BC250INV eng=15 vmid=8 wrote=0x00fa0100 req_readback=0x00fa0100 ack_before=0x00000000 ack_after=0x00000000 sem_ok=-1 polls=2000
[  112.876899] amdgpu 0000:01:00.0: BC250INV eng=15 vmid=8 wrote=0x00fa0100 req_readback=0x00fa0100 ack_before=0x00000000 ack_after=0x00000000 sem_ok=-1 polls=2000
[  112.881130] amdgpu 0000:01:00.0: BC250INV eng=15 vmid=8 wrote=0x00fa0100 req_readback=0x00fa0100 ack_before=0x00000000 ack_after=0x00000000 sem_ok=-1 polls=2000
[  112.888572] amdgpu 0000:01:00.0: BC250INV eng=15 vmid=8 wrote=0x00fa0100 req_readback=0x00fa0100 ack_before=0x00000000 ack_after=0x00000000 sem_ok=-1 polls=2000
[  121.888708] amdgpu 0000:01:00.0: qcm fence wait loop timeout expired
[  121.888724] amdgpu 0000:01:00.0: The cp might be in an unrecoverable state due to an unsuccessful queues preemption
[  121.888729] amdgpu 0000:01:00.0: GPU recovery disabled.
[  121.888735] amdgpu: process pid 1473 DQM create queue type 0 failed. ret -62
[  121.892975] amdgpu 0000:01:00.0: BC250INV eng=15 vmid=8 wrote=0x00fa0100 req_readback=0x00fa0100 ack_before=0x00000000 ack_after=0x00000000 sem_ok=-1 polls=2000
[  121.897250] amdgpu 0000:01:00.0: BC250INV eng=15 vmid=8 wrote=0x00fa0100 req_readback=0x00fa0100 ack_before=0x00000000 ack_after=0x00000000 sem_ok=-1 polls=2000
[  121.902582] amdgpu 0000:01:00.0: BC250INV eng=15 vmid=8 wrote=0x00fa0100 req_readback=0x00fa0100 ack_before=0x00000000 ack_after=0x00000000 sem_ok=-1 polls=2000
[  121.906853] amdgpu 0000:01:00.0: BC250INV eng=15 vmid=8 wrote=0x00fa0100 req_readback=0x00fa0100 ack_before=0x00000000 ack_after=0x00000000 sem_ok=-1 polls=2000
[  121.911120] amdgpu 0000:01:00.0: BC250INV eng=15 vmid=8 wrote=0x00fa0100 req_readback=0x00fa0100 ack_before=0x00000000 ack_after=0x00000000 sem_ok=-1 polls=2000
[  121.915415] amdgpu 0000:01:00.0: BC250INV eng=15 vmid=8 wrote=0x00fa0100 req_readback=0x00fa0100 ack_before=0x00000000 ack_after=0x00000000 sem_ok=-1 polls=2000
[  121.919702] amdgpu 0000:01:00.0: BC250INV eng=15 vmid=8 wrote=0x00fa0100 req_readback=0x00fa0100 ack_before=0x00000000 ack_after=0x00000000 sem_ok=-1 polls=2000
[  121.923954] amdgpu 0000:01:00.0: BC250INV eng=15 vmid=8 wrote=0x00fa0100 req_readback=0x00fa0100 ack_before=0x00000000 ack_after=0x00000000 sem_ok=-1 polls=2000
[  121.928195] amdgpu 0000:01:00.0: BC250INV eng=15 vmid=8 wrote=0x00fa0100 req_readback=0x00fa0100 ack_before=0x00000000 ack_after=0x00000000 sem_ok=-1 polls=2000
[  121.935486] amdgpu 0000:01:00.0: BC250INV eng=15 vmid=8 wrote=0x00fa0100 req_readback=0x00fa0100 ack_before=0x00000000 ack_after=0x00000000 sem_ok=-1 polls=2000
[  130.935658] amdgpu 0000:01:00.0: qcm fence wait loop timeout expired
[  130.935666] amdgpu 0000:01:00.0: The cp might be in an unrecoverable state due to an unsuccessful queues preemption
[  130.935673] amdgpu 0000:01:00.0: GPU recovery disabled.
[  130.935677] amdgpu: process pid 1473 DQM create queue type 0 failed. ret -62
[  130.939904] amdgpu 0000:01:00.0: BC250INV eng=15 vmid=8 wrote=0x00fa0100 req_readback=0x00fa0100 ack_before=0x00000000 ack_after=0x00000000 sem_ok=-1 polls=2000
[  130.944171] amdgpu 0000:01:00.0: BC250INV eng=15 vmid=8 wrote=0x00fa0100 req_readback=0x00fa0100 ack_before=0x00000000 ack_after=0x00000000 sem_ok=-1 polls=2000
[  130.949230] amdgpu 0000:01:00.0: BC250INV eng=15 vmid=8 wrote=0x00fa0100 req_readback=0x00fa0100 ack_before=0x00000000 ack_after=0x00000000 sem_ok=-1 polls=2000
[  130.953512] amdgpu 0000:01:00.0: BC250INV eng=15 vmid=8 wrote=0x00fa0100 req_readback=0x00fa0100 ack_before=0x00000000 ack_after=0x00000000 sem_ok=-1 polls=2000
[  130.957759] amdgpu 0000:01:00.0: BC250INV eng=15 vmid=8 wrote=0x00fa0100 req_readback=0x00fa0100 ack_before=0x00000000 ack_after=0x00000000 sem_ok=-1 polls=2000
[  130.962046] amdgpu 0000:01:00.0: BC250INV eng=15 vmid=8 wrote=0x00fa0100 req_readback=0x00fa0100 ack_before=0x00000000 ack_after=0x00000000 sem_ok=-1 polls=2000
[  130.966305] amdgpu 0000:01:00.0: BC250INV eng=15 vmid=8 wrote=0x00fa0100 req_readback=0x00fa0100 ack_before=0x00000000 ack_after=0x00000000 sem_ok=-1 polls=2000
[  130.970552] amdgpu 0000:01:00.0: BC250INV eng=15 vmid=8 wrote=0x00fa0100 req_readback=0x00fa0100 ack_before=0x00000000 ack_after=0x00000000 sem_ok=-1 polls=2000
[  130.974780] amdgpu 0000:01:00.0: BC250INV eng=15 vmid=8 wrote=0x00fa0100 req_readback=0x00fa0100 ack_before=0x00000000 ack_after=0x00000000 sem_ok=-1 polls=2000
[  130.982191] amdgpu 0000:01:00.0: BC250INV eng=15 vmid=8 wrote=0x00fa0100 req_readback=0x00fa0100 ack_before=0x00000000 ack_after=0x00000000 sem_ok=-1 polls=2000
[  139.982599] amdgpu 0000:01:00.0: qcm fence wait loop timeout expired
[  139.982614] amdgpu 0000:01:00.0: The cp might be in an unrecoverable state due to an unsuccessful queues preemption
[  139.982619] amdgpu 0000:01:00.0: GPU recovery disabled.
[  139.982625] amdgpu: process pid 1473 DQM create queue type 0 failed. ret -62
[  139.986874] amdgpu 0000:01:00.0: BC250INV eng=15 vmid=8 wrote=0x00fa0100 req_readback=0x00fa0100 ack_before=0x00000000 ack_after=0x00000000 sem_ok=-1 polls=2000
[  139.991147] amdgpu 0000:01:00.0: BC250INV eng=15 vmid=8 wrote=0x00fa0100 req_readback=0x00fa0100 ack_before=0x00000000 ack_after=0x00000000 sem_ok=-1 polls=2000
[  139.996455] amdgpu 0000:01:00.0: BC250INV eng=15 vmid=8 wrote=0x00fa0100 req_readback=0x00fa0100 ack_before=0x00000000 ack_after=0x00000000 sem_ok=-1 polls=2000
[  140.000749] amdgpu 0000:01:00.0: BC250INV eng=15 vmid=8 wrote=0x00fa0100 req_readback=0x00fa0100 ack_before=0x00000000 ack_after=0x00000000 sem_ok=-1 polls=2000
[  140.005000] amdgpu 0000:01:00.0: BC250INV eng=15 vmid=8 wrote=0x00fa0100 req_readback=0x00fa0100 ack_before=0x00000000 ack_after=0x00000000 sem_ok=-1 polls=2000
[  140.009289] amdgpu 0000:01:00.0: BC250INV eng=15 vmid=8 wrote=0x00fa0100 req_readback=0x00fa0100 ack_before=0x00000000 ack_after=0x00000000 sem_ok=-1 polls=2000
[  140.013531] amdgpu 0000:01:00.0: BC250INV eng=15 vmid=8 wrote=0x00fa0100 req_readback=0x00fa0100 ack_before=0x00000000 ack_after=0x00000000 sem_ok=-1 polls=2000
[  140.017766] amdgpu 0000:01:00.0: BC250INV eng=15 vmid=8 wrote=0x00fa0100 req_readback=0x00fa0100 ack_before=0x00000000 ack_after=0x00000000 sem_ok=-1 polls=2000
[  140.021996] amdgpu 0000:01:00.0: BC250INV eng=15 vmid=8 wrote=0x00fa0100 req_readback=0x00fa0100 ack_before=0x00000000 ack_after=0x00000000 sem_ok=-1 polls=2000
[  140.029362] amdgpu 0000:01:00.0: BC250INV eng=15 vmid=8 wrote=0x00fa0100 req_readback=0x00fa0100 ack_before=0x00000000 ack_after=0x00000000 sem_ok=-1 polls=2000
[  149.029528] amdgpu 0000:01:00.0: qcm fence wait loop timeout expired
[  149.029543] amdgpu 0000:01:00.0: The cp might be in an unrecoverable state due to an unsuccessful queues preemption
[  149.029547] amdgpu 0000:01:00.0: GPU recovery disabled.
[  149.029552] amdgpu: process pid 1473 DQM create queue type 0 failed. ret -62
[  149.033797] amdgpu 0000:01:00.0: BC250INV eng=15 vmid=8 wrote=0x00fa0100 req_readback=0x00fa0100 ack_before=0x00000000 ack_after=0x00000000 sem_ok=-1 polls=2000
[  149.038068] amdgpu 0000:01:00.0: BC250INV eng=15 vmid=8 wrote=0x00fa0100 req_readback=0x00fa0100 ack_before=0x00000000 ack_after=0x00000000 sem_ok=-1 polls=2000
[  149.043372] amdgpu 0000:01:00.0: BC250INV eng=15 vmid=8 wrote=0x00fa0100 req_readback=0x00fa0100 ack_before=0x00000000 ack_after=0x00000000 sem_ok=-1 polls=2000
[  149.047661] amdgpu 0000:01:00.0: BC250INV eng=15 vmid=8 wrote=0x00fa0100 req_readback=0x00fa0100 ack_before=0x00000000 ack_after=0x00000000 sem_ok=-1 polls=2000
[  149.051916] amdgpu 0000:01:00.0: BC250INV eng=15 vmid=8 wrote=0x00fa0100 req_readback=0x00fa0100 ack_before=0x00000000 ack_after=0x00000000 sem_ok=-1 polls=2000
[  149.056227] amdgpu 0000:01:00.0: BC250INV eng=15 vmid=8 wrote=0x00fa0100 req_readback=0x00fa0100 ack_before=0x00000000 ack_after=0x00000000 sem_ok=-1 polls=2000
[  149.060472] amdgpu 0000:01:00.0: BC250INV eng=15 vmid=8 wrote=0x00fa0100 req_readback=0x00fa0100 ack_before=0x00000000 ack_after=0x00000000 sem_ok=-1 polls=2000
[  149.064713] amdgpu 0000:01:00.0: BC250INV eng=15 vmid=8 wrote=0x00fa0100 req_readback=0x00fa0100 ack_before=0x00000000 ack_after=0x00000000 sem_ok=-1 polls=2000
[  149.068949] amdgpu 0000:01:00.0: BC250INV eng=15 vmid=8 wrote=0x00fa0100 req_readback=0x00fa0100 ack_before=0x00000000 ack_after=0x00000000 sem_ok=-1 polls=2000
[  149.076339] amdgpu 0000:01:00.0: BC250INV eng=15 vmid=8 wrote=0x00fa0100 req_readback=0x00fa0100 ack_before=0x00000000 ack_after=0x00000000 sem_ok=-1 polls=2000
[  158.076504] amdgpu 0000:01:00.0: qcm fence wait loop timeout expired
[  158.076513] amdgpu 0000:01:00.0: The cp might be in an unrecoverable state due to an unsuccessful queues preemption
[  158.076518] amdgpu 0000:01:00.0: GPU recovery disabled.
[  158.076522] amdgpu: process pid 1473 DQM create queue type 0 failed. ret -62
[  158.080757] amdgpu 0000:01:00.0: BC250INV eng=15 vmid=8 wrote=0x00fa0100 req_readback=0x00fa0100 ack_before=0x00000000 ack_after=0x00000000 sem_ok=-1 polls=2000
[  158.085030] amdgpu 0000:01:00.0: BC250INV eng=15 vmid=8 wrote=0x00fa0100 req_readback=0x00fa0100 ack_before=0x00000000 ack_after=0x00000000 sem_ok=-1 polls=2000
[  158.090165] amdgpu 0000:01:00.0: BC250INV eng=15 vmid=8 wrote=0x00fa0100 req_readback=0x00fa0100 ack_before=0x00000000 ack_after=0x00000000 sem_ok=-1 polls=2000
[  158.094432] amdgpu 0000:01:00.0: BC250INV eng=15 vmid=8 wrote=0x00fa0100 req_readback=0x00fa0100 ack_before=0x00000000 ack_after=0x00000000 sem_ok=-1 polls=2000
[  158.098685] amdgpu 0000:01:00.0: BC250INV eng=15 vmid=8 wrote=0x00fa0100 req_readback=0x00fa0100 ack_before=0x00000000 ack_after=0x00000000 sem_ok=-1 polls=2000
[  158.102971] amdgpu 0000:01:00.0: BC250INV eng=15 vmid=8 wrote=0x00fa0100 req_readback=0x00fa0100 ack_before=0x00000000 ack_after=0x00000000 sem_ok=-1 polls=2000
[  158.107204] amdgpu 0000:01:00.0: BC250INV eng=15 vmid=8 wrote=0x00fa0100 req_readback=0x00fa0100 ack_before=0x00000000 ack_after=0x00000000 sem_ok=-1 polls=2000
[  158.111432] amdgpu 0000:01:00.0: BC250INV eng=15 vmid=8 wrote=0x00fa0100 req_readback=0x00fa0100 ack_before=0x00000000 ack_after=0x00000000 sem_ok=-1 polls=2000
[  158.115673] amdgpu 0000:01:00.0: BC250INV eng=15 vmid=8 wrote=0x00fa0100 req_readback=0x00fa0100 ack_before=0x00000000 ack_after=0x00000000 sem_ok=-1 polls=2000
[  158.122979] amdgpu 0000:01:00.0: BC250INV eng=15 vmid=8 wrote=0x00fa0100 req_readback=0x00fa0100 ack_before=0x00000000 ack_after=0x00000000 sem_ok=-1 polls=2000
[  167.123474] amdgpu 0000:01:00.0: qcm fence wait loop timeout expired
[  167.123488] amdgpu 0000:01:00.0: The cp might be in an unrecoverable state due to an unsuccessful queues preemption
[  167.123493] amdgpu 0000:01:00.0: GPU recovery disabled.
[  167.123498] amdgpu: process pid 1473 DQM create queue type 0 failed. ret -62
[  176.124443] amdgpu 0000:01:00.0: qcm fence wait loop timeout expired
[  176.124460] amdgpu 0000:01:00.0: The cp might be in an unrecoverable state due to an unsuccessful queues preemption
[  176.124465] amdgpu 0000:01:00.0: GPU recovery disabled.
[  176.124469] amdgpu 0000:01:00.0: Failed to evict process queues
[  176.124472] amdgpu: Failed to quiesce KFD
[  185.125379] amdgpu 0000:01:00.0: qcm fence wait loop timeout expired
[  185.125393] amdgpu 0000:01:00.0: The cp might be in an unrecoverable state due to an unsuccessful queues preemption
[  185.125398] amdgpu 0000:01:00.0: GPU recovery disabled.
[  185.125401] amdgpu: Resetting wave fronts (cpsch) on dev 00000000156a8d76
[  185.125409] amdgpu 0000:01:00.0: Didn't find vmid for process pid 1473
[  185.687487] systemd-shutdown[1]: Sending SIGKILL to remaining processes...
[  185.698454] systemd-shutdown[1]: Unmounting file systems.
[  185.699298] (sd-umount)[2530]: Unmounting '/run/credentials/systemd-journald.service'.
[  185.700204] (sd-remount)[2531]: Remounting '/' read-only with options 'seclabel,compress=zstd:1,ssd,discard=async,space_cache=v2,subvolid=256,subvol=/root'.
[  185.715058] systemd-shutdown[1]: All filesystems unmounted.
[  185.715074] systemd-shutdown[1]: Deactivating swaps.
[  185.715106] systemd-shutdown[1]: All swaps deactivated.
[  185.715114] systemd-shutdown[1]: Detaching loop devices.
[  185.716136] systemd-shutdown[1]: All loop devices detached.
[  185.716143] systemd-shutdown[1]: Stopping MD devices.
[  185.716194] systemd-shutdown[1]: All MD devices stopped.
[  185.716199] systemd-shutdown[1]: Detaching DM devices.
[  185.716242] systemd-shutdown[1]: All DM devices detached.
[  185.716248] systemd-shutdown[1]: All filesystems, swaps, loop devices, MD devices and DM devices detached.
[  185.716254] watchdog: watchdog0: watchdog did not stop!
[  185.775576] systemd-shutdown[1]: Syncing filesystems and block devices.
[  185.776059] systemd-shutdown[1]: Rebooting.
[    0.108710] RDSEED is not reliable on this platform; disabling.
[    0.001375] RDSEED is not reliable on this platform; disabling.
[    0.001375] RDSEED is not reliable on this platform; disabling.
[    0.001375] RDSEED is not reliable on this platform; disabling.
[    0.001375] RDSEED is not reliable on this platform; disabling.
[    0.001375] RDSEED is not reliable on this platform; disabling.
[    0.001375] RDSEED is not reliable on this platform; disabling.
[    0.001375] RDSEED is not reliable on this platform; disabling.
[    0.001375] RDSEED is not reliable on this platform; disabling.
[    0.001375] RDSEED is not reliable on this platform; disabling.
[    0.001375] RDSEED is not reliable on this platform; disabling.
[    0.001375] RDSEED is not reliable on this platform; disabling.
[   15.311564] netconsole armed
[   16.081796] MARK-g8_rl3_alt8_f4
[   16.299542] amdgpu 0000:01:00.0: BC250TLBALT mode=8 site=2 calls=1 nomatch=1 ackmiss=0 err=0 last: matched=0x0000 acked=0x0000 r=0
[   16.403772] amdgpu 0000:01:00.0: BC250TLBALT mode=8 site=2 calls=10 nomatch=10 ackmiss=0 err=0 last: matched=0x0000 acked=0x0000 r=0
[   21.972792] amdgpu 0000:01:00.0: BC250INV eng=17 vmid=8 wrote=0x00fa0100 req_readback=0x00fa0100 ack_before=0x00000001 ack_after=0x00000000 sem_ok=-1 polls=2000
[   21.988120] amdgpu 0000:01:00.0: BC250INV eng=17 vmid=8 wrote=0x00fa0100 req_readback=0x00fa0100 ack_before=0x00000000 ack_after=0x00000000 sem_ok=-1 polls=2000
[   21.992671] amdgpu 0000:01:00.0: BC250INV eng=17 vmid=8 wrote=0x00fa0100 req_readback=0x00fa0100 ack_before=0x00000000 ack_after=0x00000000 sem_ok=-1 polls=2000
[   21.997003] amdgpu 0000:01:00.0: BC250INV eng=17 vmid=8 wrote=0x00fa0100 req_readback=0x00fa0100 ack_before=0x00000000 ack_after=0x00000000 sem_ok=-1 polls=2000
[   22.001537] amdgpu 0000:01:00.0: BC250INV eng=17 vmid=8 wrote=0x00fa0100 req_readback=0x00fa0100 ack_before=0x00000000 ack_after=0x00000000 sem_ok=-1 polls=2000
[   22.005890] amdgpu 0000:01:00.0: BC250INV eng=17 vmid=8 wrote=0x00fa0100 req_readback=0x00fa0100 ack_before=0x00000000 ack_after=0x00000000 sem_ok=-1 polls=2000
[   22.010229] amdgpu 0000:01:00.0: BC250INV eng=17 vmid=8 wrote=0x00fa0100 req_readback=0x00fa0100 ack_before=0x00000000 ack_after=0x00000000 sem_ok=-1 polls=2000
[   22.017138] amdgpu 0000:01:00.0: BC250INV eng=17 vmid=8 wrote=0x00fa0100 req_readback=0x00fa0100 ack_before=0x00000000 ack_after=0x00000000 sem_ok=-1 polls=2000
[   31.016630] amdgpu 0000:01:00.0: qcm fence wait loop timeout expired
[   31.016645] amdgpu 0000:01:00.0: The cp might be in an unrecoverable state due to an unsuccessful queues preemption
[   31.016651] amdgpu 0000:01:00.0: GPU recovery disabled.
[   31.016657] amdgpu: process pid 1474 DQM create queue type 0 failed. ret -62
[   31.020946] amdgpu 0000:01:00.0: BC250INV eng=17 vmid=8 wrote=0x00fa0100 req_readback=0x00fa0100 ack_before=0x00000000 ack_after=0x00000000 sem_ok=-1 polls=2000
[   31.025258] amdgpu 0000:01:00.0: BC250INV eng=17 vmid=8 wrote=0x00fa0100 req_readback=0x00fa0100 ack_before=0x00000000 ack_after=0x00000000 sem_ok=-1 polls=2000
[   31.030136] amdgpu 0000:01:00.0: BC250INV eng=17 vmid=8 wrote=0x00fa0100 req_readback=0x00fa0100 ack_before=0x00000000 ack_after=0x00000000 sem_ok=-1 polls=2000
[   31.034475] amdgpu 0000:01:00.0: BC250INV eng=17 vmid=8 wrote=0x00fa0100 req_readback=0x00fa0100 ack_before=0x00000000 ack_after=0x00000000 sem_ok=-1 polls=2000
[   31.038784] amdgpu 0000:01:00.0: BC250INV eng=17 vmid=8 wrote=0x00fa0100 req_readback=0x00fa0100 ack_before=0x00000000 ack_after=0x00000000 sem_ok=-1 polls=2000
[   31.043114] amdgpu 0000:01:00.0: BC250INV eng=17 vmid=8 wrote=0x00fa0100 req_readback=0x00fa0100 ack_before=0x00000000 ack_after=0x00000000 sem_ok=-1 polls=2000
[   31.047484] amdgpu 0000:01:00.0: BC250INV eng=17 vmid=8 wrote=0x00fa0100 req_readback=0x00fa0100 ack_before=0x00000000 ack_after=0x00000000 sem_ok=-1 polls=2000
[   31.051765] amdgpu 0000:01:00.0: BC250INV eng=17 vmid=8 wrote=0x00fa0100 req_readback=0x00fa0100 ack_before=0x00000000 ack_after=0x00000000 sem_ok=-1 polls=2000
[   31.056032] amdgpu 0000:01:00.0: BC250INV eng=17 vmid=8 wrote=0x00fa0100 req_readback=0x00fa0100 ack_before=0x00000000 ack_after=0x00000000 sem_ok=-1 polls=2000
[   31.062780] amdgpu 0000:01:00.0: BC250INV eng=17 vmid=8 wrote=0x00fa0100 req_readback=0x00fa0100 ack_before=0x00000000 ack_after=0x00000000 sem_ok=-1 polls=2000
[   40.063551] amdgpu 0000:01:00.0: qcm fence wait loop timeout expired
[   40.063566] amdgpu 0000:01:00.0: The cp might be in an unrecoverable state due to an unsuccessful queues preemption
[   40.063574] amdgpu 0000:01:00.0: GPU recovery disabled.
[   40.063579] amdgpu: process pid 1474 DQM create queue type 0 failed. ret -62
[   40.067913] amdgpu 0000:01:00.0: BC250INV eng=17 vmid=8 wrote=0x00fa0100 req_readback=0x00fa0100 ack_before=0x00000000 ack_after=0x00000000 sem_ok=-1 polls=2000
[   40.072227] amdgpu 0000:01:00.0: BC250INV eng=17 vmid=8 wrote=0x00fa0100 req_readback=0x00fa0100 ack_before=0x00000000 ack_after=0x00000000 sem_ok=-1 polls=2000
[   40.077315] amdgpu 0000:01:00.0: BC250INV eng=17 vmid=8 wrote=0x00fa0100 req_readback=0x00fa0100 ack_before=0x00000000 ack_after=0x00000000 sem_ok=-1 polls=2000
[   40.081628] amdgpu 0000:01:00.0: BC250INV eng=17 vmid=8 wrote=0x00fa0100 req_readback=0x00fa0100 ack_before=0x00000000 ack_after=0x00000000 sem_ok=-1 polls=2000
[   40.085938] amdgpu 0000:01:00.0: BC250INV eng=17 vmid=8 wrote=0x00fa0100 req_readback=0x00fa0100 ack_before=0x00000000 ack_after=0x00000000 sem_ok=-1 polls=2000
[   40.090266] amdgpu 0000:01:00.0: BC250INV eng=17 vmid=8 wrote=0x00fa0100 req_readback=0x00fa0100 ack_before=0x00000000 ack_after=0x00000000 sem_ok=-1 polls=2000
[   40.094590] amdgpu 0000:01:00.0: BC250INV eng=17 vmid=8 wrote=0x00fa0100 req_readback=0x00fa0100 ack_before=0x00000000 ack_after=0x00000000 sem_ok=-1 polls=2000
[   40.098872] amdgpu 0000:01:00.0: BC250INV eng=17 vmid=8 wrote=0x00fa0100 req_readback=0x00fa0100 ack_before=0x00000000 ack_after=0x00000000 sem_ok=-1 polls=2000
[   40.103141] amdgpu 0000:01:00.0: BC250INV eng=17 vmid=8 wrote=0x00fa0100 req_readback=0x00fa0100 ack_before=0x00000000 ack_after=0x00000000 sem_ok=-1 polls=2000
[   40.110102] amdgpu 0000:01:00.0: BC250INV eng=17 vmid=8 wrote=0x00fa0100 req_readback=0x00fa0100 ack_before=0x00000000 ack_after=0x00000000 sem_ok=-1 polls=2000
[   49.110482] amdgpu 0000:01:00.0: qcm fence wait loop timeout expired
[   49.110497] amdgpu 0000:01:00.0: The cp might be in an unrecoverable state due to an unsuccessful queues preemption
[   49.110502] amdgpu 0000:01:00.0: GPU recovery disabled.
[   49.110507] amdgpu: process pid 1474 DQM create queue type 0 failed. ret -62
[   49.114790] amdgpu 0000:01:00.0: BC250INV eng=17 vmid=8 wrote=0x00fa0100 req_readback=0x00fa0100 ack_before=0x00000000 ack_after=0x00000000 sem_ok=-1 polls=2000
[   49.119107] amdgpu 0000:01:00.0: BC250INV eng=17 vmid=8 wrote=0x00fa0100 req_readback=0x00fa0100 ack_before=0x00000000 ack_after=0x00000000 sem_ok=-1 polls=2000
[   49.124194] amdgpu 0000:01:00.0: BC250INV eng=17 vmid=8 wrote=0x00fa0100 req_readback=0x00fa0100 ack_before=0x00000000 ack_after=0x00000000 sem_ok=-1 polls=2000
[   49.128519] amdgpu 0000:01:00.0: BC250INV eng=17 vmid=8 wrote=0x00fa0100 req_readback=0x00fa0100 ack_before=0x00000000 ack_after=0x00000000 sem_ok=-1 polls=2000
[   49.132807] amdgpu 0000:01:00.0: BC250INV eng=17 vmid=8 wrote=0x00fa0100 req_readback=0x00fa0100 ack_before=0x00000000 ack_after=0x00000000 sem_ok=-1 polls=2000
[   49.137126] amdgpu 0000:01:00.0: BC250INV eng=17 vmid=8 wrote=0x00fa0100 req_readback=0x00fa0100 ack_before=0x00000000 ack_after=0x00000000 sem_ok=-1 polls=2000
[   49.141412] amdgpu 0000:01:00.0: BC250INV eng=17 vmid=8 wrote=0x00fa0100 req_readback=0x00fa0100 ack_before=0x00000000 ack_after=0x00000000 sem_ok=-1 polls=2000
[   49.145678] amdgpu 0000:01:00.0: BC250INV eng=17 vmid=8 wrote=0x00fa0100 req_readback=0x00fa0100 ack_before=0x00000000 ack_after=0x00000000 sem_ok=-1 polls=2000
[   49.149947] amdgpu 0000:01:00.0: BC250INV eng=17 vmid=8 wrote=0x00fa0100 req_readback=0x00fa0100 ack_before=0x00000000 ack_after=0x00000000 sem_ok=-1 polls=2000
[   49.157237] amdgpu 0000:01:00.0: BC250INV eng=17 vmid=8 wrote=0x00fa0100 req_readback=0x00fa0100 ack_before=0x00000000 ack_after=0x00000000 sem_ok=-1 polls=2000
[   58.157424] amdgpu 0000:01:00.0: qcm fence wait loop timeout expired
[   58.157436] amdgpu 0000:01:00.0: The cp might be in an unrecoverable state due to an unsuccessful queues preemption
[   58.157440] amdgpu 0000:01:00.0: GPU recovery disabled.
[   58.157445] amdgpu: process pid 1474 DQM create queue type 0 failed. ret -62
[   58.161715] amdgpu 0000:01:00.0: BC250INV eng=17 vmid=8 wrote=0x00fa0100 req_readback=0x00fa0100 ack_before=0x00000000 ack_after=0x00000000 sem_ok=-1 polls=2000
[   58.166023] amdgpu 0000:01:00.0: BC250INV eng=17 vmid=8 wrote=0x00fa0100 req_readback=0x00fa0100 ack_before=0x00000000 ack_after=0x00000000 sem_ok=-1 polls=2000
[   58.171221] amdgpu 0000:01:00.0: BC250INV eng=17 vmid=8 wrote=0x00fa0100 req_readback=0x00fa0100 ack_before=0x00000000 ack_after=0x00000000 sem_ok=-1 polls=2000
[   58.175534] amdgpu 0000:01:00.0: BC250INV eng=17 vmid=8 wrote=0x00fa0100 req_readback=0x00fa0100 ack_before=0x00000000 ack_after=0x00000000 sem_ok=-1 polls=2000
[   58.179819] amdgpu 0000:01:00.0: BC250INV eng=17 vmid=8 wrote=0x00fa0100 req_readback=0x00fa0100 ack_before=0x00000000 ack_after=0x00000000 sem_ok=-1 polls=2000
[   58.184134] amdgpu 0000:01:00.0: BC250INV eng=17 vmid=8 wrote=0x00fa0100 req_readback=0x00fa0100 ack_before=0x00000000 ack_after=0x00000000 sem_ok=-1 polls=2000
[   58.188409] amdgpu 0000:01:00.0: BC250INV eng=17 vmid=8 wrote=0x00fa0100 req_readback=0x00fa0100 ack_before=0x00000000 ack_after=0x00000000 sem_ok=-1 polls=2000
[   58.192701] amdgpu 0000:01:00.0: BC250INV eng=17 vmid=8 wrote=0x00fa0100 req_readback=0x00fa0100 ack_before=0x00000000 ack_after=0x00000000 sem_ok=-1 polls=2000
[   58.196970] amdgpu 0000:01:00.0: BC250INV eng=17 vmid=8 wrote=0x00fa0100 req_readback=0x00fa0100 ack_before=0x00000000 ack_after=0x00000000 sem_ok=-1 polls=2000
[   58.204150] amdgpu 0000:01:00.0: BC250INV eng=17 vmid=8 wrote=0x00fa0100 req_readback=0x00fa0100 ack_before=0x00000000 ack_after=0x00000000 sem_ok=-1 polls=2000
[   67.204345] amdgpu 0000:01:00.0: qcm fence wait loop timeout expired
[   67.204356] amdgpu 0000:01:00.0: The cp might be in an unrecoverable state due to an unsuccessful queues preemption
[   67.204360] amdgpu 0000:01:00.0: GPU recovery disabled.
[   67.204365] amdgpu: process pid 1474 DQM create queue type 0 failed. ret -62
[   67.208628] amdgpu 0000:01:00.0: BC250INV eng=17 vmid=8 wrote=0x00fa0100 req_readback=0x00fa0100 ack_before=0x00000000 ack_after=0x00000000 sem_ok=-1 polls=2000
[   67.212947] amdgpu 0000:01:00.0: BC250INV eng=17 vmid=8 wrote=0x00fa0100 req_readback=0x00fa0100 ack_before=0x00000000 ack_after=0x00000000 sem_ok=-1 polls=2000
[   67.218117] amdgpu 0000:01:00.0: BC250INV eng=17 vmid=8 wrote=0x00fa0100 req_readback=0x00fa0100 ack_before=0x00000000 ack_after=0x00000000 sem_ok=-1 polls=2000
[   67.222421] amdgpu 0000:01:00.0: BC250INV eng=17 vmid=8 wrote=0x00fa0100 req_readback=0x00fa0100 ack_before=0x00000000 ack_after=0x00000000 sem_ok=-1 polls=2000
[   67.226689] amdgpu 0000:01:00.0: BC250INV eng=17 vmid=8 wrote=0x00fa0100 req_readback=0x00fa0100 ack_before=0x00000000 ack_after=0x00000000 sem_ok=-1 polls=2000
[   67.231023] amdgpu 0000:01:00.0: BC250INV eng=17 vmid=8 wrote=0x00fa0100 req_readback=0x00fa0100 ack_before=0x00000000 ack_after=0x00000000 sem_ok=-1 polls=2000
[   67.235295] amdgpu 0000:01:00.0: BC250INV eng=17 vmid=8 wrote=0x00fa0100 req_readback=0x00fa0100 ack_before=0x00000000 ack_after=0x00000000 sem_ok=-1 polls=2000
[   67.239582] amdgpu 0000:01:00.0: BC250INV eng=17 vmid=8 wrote=0x00fa0100 req_readback=0x00fa0100 ack_before=0x00000000 ack_after=0x00000000 sem_ok=-1 polls=2000
[   67.243845] amdgpu 0000:01:00.0: BC250INV eng=17 vmid=8 wrote=0x00fa0100 req_readback=0x00fa0100 ack_before=0x00000000 ack_after=0x00000000 sem_ok=-1 polls=2000
[   67.251090] amdgpu 0000:01:00.0: BC250INV eng=17 vmid=8 wrote=0x00fa0100 req_readback=0x00fa0100 ack_before=0x00000000 ack_after=0x00000000 sem_ok=-1 polls=2000
[   76.251276] amdgpu 0000:01:00.0: qcm fence wait loop timeout expired
[   76.251292] amdgpu 0000:01:00.0: The cp might be in an unrecoverable state due to an unsuccessful queues preemption
[   76.251297] amdgpu 0000:01:00.0: GPU recovery disabled.
[   76.251302] amdgpu: process pid 1474 DQM create queue type 0 failed. ret -62
[   76.255585] amdgpu 0000:01:00.0: BC250INV eng=17 vmid=8 wrote=0x00fa0100 req_readback=0x00fa0100 ack_before=0x00000000 ack_after=0x00000000 sem_ok=-1 polls=2000
[   76.259906] amdgpu 0000:01:00.0: BC250INV eng=17 vmid=8 wrote=0x00fa0100 req_readback=0x00fa0100 ack_before=0x00000000 ack_after=0x00000000 sem_ok=-1 polls=2000
[   76.265063] amdgpu 0000:01:00.0: BC250INV eng=17 vmid=8 wrote=0x00fa0100 req_readback=0x00fa0100 ack_before=0x00000000 ack_after=0x00000000 sem_ok=-1 polls=2000
[   76.269374] amdgpu 0000:01:00.0: BC250INV eng=17 vmid=8 wrote=0x00fa0100 req_readback=0x00fa0100 ack_before=0x00000000 ack_after=0x00000000 sem_ok=-1 polls=2000
[   76.273642] amdgpu 0000:01:00.0: BC250INV eng=17 vmid=8 wrote=0x00fa0100 req_readback=0x00fa0100 ack_before=0x00000000 ack_after=0x00000000 sem_ok=-1 polls=2000
[   76.277966] amdgpu 0000:01:00.0: BC250INV eng=17 vmid=8 wrote=0x00fa0100 req_readback=0x00fa0100 ack_before=0x00000000 ack_after=0x00000000 sem_ok=-1 polls=2000
[   76.282234] amdgpu 0000:01:00.0: BC250INV eng=17 vmid=8 wrote=0x00fa0100 req_readback=0x00fa0100 ack_before=0x00000000 ack_after=0x00000000 sem_ok=-1 polls=2000
[   76.286502] amdgpu 0000:01:00.0: BC250INV eng=17 vmid=8 wrote=0x00fa0100 req_readback=0x00fa0100 ack_before=0x00000000 ack_after=0x00000000 sem_ok=-1 polls=2000
[   76.290768] amdgpu 0000:01:00.0: BC250INV eng=17 vmid=8 wrote=0x00fa0100 req_readback=0x00fa0100 ack_before=0x00000000 ack_after=0x00000000 sem_ok=-1 polls=2000
[   76.297887] amdgpu 0000:01:00.0: BC250INV eng=17 vmid=8 wrote=0x00fa0100 req_readback=0x00fa0100 ack_before=0x00000000 ack_after=0x00000000 sem_ok=-1 polls=2000
[   85.298212] amdgpu 0000:01:00.0: qcm fence wait loop timeout expired
[   85.298226] amdgpu 0000:01:00.0: The cp might be in an unrecoverable state due to an unsuccessful queues preemption
[   85.298231] amdgpu 0000:01:00.0: GPU recovery disabled.
[   85.298236] amdgpu: process pid 1474 DQM create queue type 0 failed. ret -62
[   85.302507] amdgpu 0000:01:00.0: BC250INV eng=17 vmid=8 wrote=0x00fa0100 req_readback=0x00fa0100 ack_before=0x00000000 ack_after=0x00000000 sem_ok=-1 polls=2000
[   85.306842] amdgpu 0000:01:00.0: BC250INV eng=17 vmid=8 wrote=0x00fa0100 req_readback=0x00fa0100 ack_before=0x00000000 ack_after=0x00000000 sem_ok=-1 polls=2000
[   85.312101] amdgpu 0000:01:00.0: BC250INV eng=17 vmid=8 wrote=0x00fa0100 req_readback=0x00fa0100 ack_before=0x00000000 ack_after=0x00000000 sem_ok=-1 polls=2000
[   85.316411] amdgpu 0000:01:00.0: BC250INV eng=17 vmid=8 wrote=0x00fa0100 req_readback=0x00fa0100 ack_before=0x00000000 ack_after=0x00000000 sem_ok=-1 polls=2000
[   85.320687] amdgpu 0000:01:00.0: BC250INV eng=17 vmid=8 wrote=0x00fa0100 req_readback=0x00fa0100 ack_before=0x00000000 ack_after=0x00000000 sem_ok=-1 polls=2000
[   85.325018] amdgpu 0000:01:00.0: BC250INV eng=17 vmid=8 wrote=0x00fa0100 req_readback=0x00fa0100 ack_before=0x00000000 ack_after=0x00000000 sem_ok=-1 polls=2000
[   85.329283] amdgpu 0000:01:00.0: BC250INV eng=17 vmid=8 wrote=0x00fa0100 req_readback=0x00fa0100 ack_before=0x00000000 ack_after=0x00000000 sem_ok=-1 polls=2000
[   85.333548] amdgpu 0000:01:00.0: BC250INV eng=17 vmid=8 wrote=0x00fa0100 req_readback=0x00fa0100 ack_before=0x00000000 ack_after=0x00000000 sem_ok=-1 polls=2000
[   85.337820] amdgpu 0000:01:00.0: BC250INV eng=17 vmid=8 wrote=0x00fa0100 req_readback=0x00fa0100 ack_before=0x00000000 ack_after=0x00000000 sem_ok=-1 polls=2000
[   85.345121] amdgpu 0000:01:00.0: BC250INV eng=17 vmid=8 wrote=0x00fa0100 req_readback=0x00fa0100 ack_before=0x00000000 ack_after=0x00000000 sem_ok=-1 polls=2000
[   94.344935] amdgpu 0000:01:00.0: qcm fence wait loop timeout expired
[   94.344949] amdgpu 0000:01:00.0: The cp might be in an unrecoverable state due to an unsuccessful queues preemption
[   94.344954] amdgpu 0000:01:00.0: GPU recovery disabled.
[   94.344958] amdgpu: process pid 1474 DQM create queue type 0 failed. ret -62
[   94.349237] amdgpu 0000:01:00.0: BC250INV eng=17 vmid=8 wrote=0x00fa0100 req_readback=0x00fa0100 ack_before=0x00000000 ack_after=0x00000000 sem_ok=-1 polls=2000
[   94.353536] amdgpu 0000:01:00.0: BC250INV eng=17 vmid=8 wrote=0x00fa0100 req_readback=0x00fa0100 ack_before=0x00000000 ack_after=0x00000000 sem_ok=-1 polls=2000
[   94.358792] amdgpu 0000:01:00.0: BC250INV eng=17 vmid=8 wrote=0x00fa0100 req_readback=0x00fa0100 ack_before=0x00000000 ack_after=0x00000000 sem_ok=-1 polls=2000
[   94.363097] amdgpu 0000:01:00.0: BC250INV eng=17 vmid=8 wrote=0x00fa0100 req_readback=0x00fa0100 ack_before=0x00000000 ack_after=0x00000000 sem_ok=-1 polls=2000
[   94.367370] amdgpu 0000:01:00.0: BC250INV eng=17 vmid=8 wrote=0x00fa0100 req_readback=0x00fa0100 ack_before=0x00000000 ack_after=0x00000000 sem_ok=-1 polls=2000
[   94.371699] amdgpu 0000:01:00.0: BC250INV eng=17 vmid=8 wrote=0x00fa0100 req_readback=0x00fa0100 ack_before=0x00000000 ack_after=0x00000000 sem_ok=-1 polls=2000
[   94.371708] amdgpu 0000:01:00.0: BC250TLBALT mode=8 site=2 calls=100 nomatch=16 ackmiss=84 err=0 last: matched=0x0100 acked=0x0000 r=0
[   94.375967] amdgpu 0000:01:00.0: BC250INV eng=17 vmid=8 wrote=0x00fa0100 req_readback=0x00fa0100 ack_before=0x00000000 ack_after=0x00000000 sem_ok=-1 polls=2000
[   94.380242] amdgpu 0000:01:00.0: BC250INV eng=17 vmid=8 wrote=0x00fa0100 req_readback=0x00fa0100 ack_before=0x00000000 ack_after=0x00000000 sem_ok=-1 polls=2000
[   94.384504] amdgpu 0000:01:00.0: BC250INV eng=17 vmid=8 wrote=0x00fa0100 req_readback=0x00fa0100 ack_before=0x00000000 ack_after=0x00000000 sem_ok=-1 polls=2000
[   94.391801] amdgpu 0000:01:00.0: BC250INV eng=17 vmid=8 wrote=0x00fa0100 req_readback=0x00fa0100 ack_before=0x00000000 ack_after=0x00000000 sem_ok=-1 polls=2000
[  103.391679] amdgpu 0000:01:00.0: qcm fence wait loop timeout expired
[  103.391694] amdgpu 0000:01:00.0: The cp might be in an unrecoverable state due to an unsuccessful queues preemption
[  103.391698] amdgpu 0000:01:00.0: GPU recovery disabled.
[  103.391704] amdgpu: process pid 1474 DQM create queue type 0 failed. ret -62
[  103.395983] amdgpu 0000:01:00.0: BC250INV eng=17 vmid=8 wrote=0x00fa0100 req_readback=0x00fa0100 ack_before=0x00000000 ack_after=0x00000000 sem_ok=-1 polls=2000
[  103.400290] amdgpu 0000:01:00.0: BC250INV eng=17 vmid=8 wrote=0x00fa0100 req_readback=0x00fa0100 ack_before=0x00000000 ack_after=0x00000000 sem_ok=-1 polls=2000
[  103.405644] amdgpu 0000:01:00.0: BC250INV eng=17 vmid=8 wrote=0x00fa0100 req_readback=0x00fa0100 ack_before=0x00000000 ack_after=0x00000000 sem_ok=-1 polls=2000
[  103.409945] amdgpu 0000:01:00.0: BC250INV eng=17 vmid=8 wrote=0x00fa0100 req_readback=0x00fa0100 ack_before=0x00000000 ack_after=0x00000000 sem_ok=-1 polls=2000
[  103.414221] amdgpu 0000:01:00.0: BC250INV eng=17 vmid=8 wrote=0x00fa0100 req_readback=0x00fa0100 ack_before=0x00000000 ack_after=0x00000000 sem_ok=-1 polls=2000
[  103.418581] amdgpu 0000:01:00.0: BC250INV eng=17 vmid=8 wrote=0x00fa0100 req_readback=0x00fa0100 ack_before=0x00000000 ack_after=0x00000000 sem_ok=-1 polls=2000
[  103.423052] amdgpu 0000:01:00.0: BC250INV eng=17 vmid=8 wrote=0x00fa0100 req_readback=0x00fa0100 ack_before=0x00000000 ack_after=0x00000000 sem_ok=-1 polls=2000
[  103.427403] amdgpu 0000:01:00.0: BC250INV eng=17 vmid=8 wrote=0x00fa0100 req_readback=0x00fa0100 ack_before=0x00000000 ack_after=0x00000000 sem_ok=-1 polls=2000
[  103.431688] amdgpu 0000:01:00.0: BC250INV eng=17 vmid=8 wrote=0x00fa0100 req_readback=0x00fa0100 ack_before=0x00000000 ack_after=0x00000000 sem_ok=-1 polls=2000
[  103.439055] amdgpu 0000:01:00.0: BC250INV eng=17 vmid=8 wrote=0x00fa0100 req_readback=0x00fa0100 ack_before=0x00000000 ack_after=0x00000000 sem_ok=-1 polls=2000
[  112.439412] amdgpu 0000:01:00.0: qcm fence wait loop timeout expired
[  112.439427] amdgpu 0000:01:00.0: The cp might be in an unrecoverable state due to an unsuccessful queues preemption
[  112.439432] amdgpu 0000:01:00.0: GPU recovery disabled.
[  112.439437] amdgpu: process pid 1474 DQM create queue type 0 failed. ret -62
[  112.443710] amdgpu 0000:01:00.0: BC250INV eng=17 vmid=8 wrote=0x00fa0100 req_readback=0x00fa0100 ack_before=0x00000000 ack_after=0x00000000 sem_ok=-1 polls=2000
[  112.448012] amdgpu 0000:01:00.0: BC250INV eng=17 vmid=8 wrote=0x00fa0100 req_readback=0x00fa0100 ack_before=0x00000000 ack_after=0x00000000 sem_ok=-1 polls=2000
[  112.453304] amdgpu 0000:01:00.0: BC250INV eng=17 vmid=8 wrote=0x00fa0100 req_readback=0x00fa0100 ack_before=0x00000000 ack_after=0x00000000 sem_ok=-1 polls=2000
[  112.457606] amdgpu 0000:01:00.0: BC250INV eng=17 vmid=8 wrote=0x00fa0100 req_readback=0x00fa0100 ack_before=0x00000000 ack_after=0x00000000 sem_ok=-1 polls=2000
[  112.461920] amdgpu 0000:01:00.0: BC250INV eng=17 vmid=8 wrote=0x00fa0100 req_readback=0x00fa0100 ack_before=0x00000000 ack_after=0x00000000 sem_ok=-1 polls=2000
[  112.466243] amdgpu 0000:01:00.0: BC250INV eng=17 vmid=8 wrote=0x00fa0100 req_readback=0x00fa0100 ack_before=0x00000000 ack_after=0x00000000 sem_ok=-1 polls=2000
[  112.470609] amdgpu 0000:01:00.0: BC250INV eng=17 vmid=8 wrote=0x00fa0100 req_readback=0x00fa0100 ack_before=0x00000000 ack_after=0x00000000 sem_ok=-1 polls=2000
[  112.474906] amdgpu 0000:01:00.0: BC250INV eng=17 vmid=8 wrote=0x00fa0100 req_readback=0x00fa0100 ack_before=0x00000000 ack_after=0x00000000 sem_ok=-1 polls=2000
[  112.479183] amdgpu 0000:01:00.0: BC250INV eng=17 vmid=8 wrote=0x00fa0100 req_readback=0x00fa0100 ack_before=0x00000000 ack_after=0x00000000 sem_ok=-1 polls=2000
[  112.486530] amdgpu 0000:01:00.0: BC250INV eng=17 vmid=8 wrote=0x00fa0100 req_readback=0x00fa0100 ack_before=0x00000000 ack_after=0x00000000 sem_ok=-1 polls=2000
[  121.487135] amdgpu 0000:01:00.0: qcm fence wait loop timeout expired
[  121.487148] amdgpu 0000:01:00.0: The cp might be in an unrecoverable state due to an unsuccessful queues preemption
[  121.487153] amdgpu 0000:01:00.0: GPU recovery disabled.
[  121.487157] amdgpu: process pid 1474 DQM create queue type 0 failed. ret -62
[  121.491427] amdgpu 0000:01:00.0: BC250INV eng=17 vmid=8 wrote=0x00fa0100 req_readback=0x00fa0100 ack_before=0x00000000 ack_after=0x00000000 sem_ok=-1 polls=2000
[  121.495732] amdgpu 0000:01:00.0: BC250INV eng=17 vmid=8 wrote=0x00fa0100 req_readback=0x00fa0100 ack_before=0x00000000 ack_after=0x00000000 sem_ok=-1 polls=2000
[  121.500937] amdgpu 0000:01:00.0: BC250INV eng=17 vmid=8 wrote=0x00fa0100 req_readback=0x00fa0100 ack_before=0x00000000 ack_after=0x00000000 sem_ok=-1 polls=2000
[  121.505255] amdgpu 0000:01:00.0: BC250INV eng=17 vmid=8 wrote=0x00fa0100 req_readback=0x00fa0100 ack_before=0x00000000 ack_after=0x00000000 sem_ok=-1 polls=2000
[  121.509546] amdgpu 0000:01:00.0: BC250INV eng=17 vmid=8 wrote=0x00fa0100 req_readback=0x00fa0100 ack_before=0x00000000 ack_after=0x00000000 sem_ok=-1 polls=2000
[  121.513871] amdgpu 0000:01:00.0: BC250INV eng=17 vmid=8 wrote=0x00fa0100 req_readback=0x00fa0100 ack_before=0x00000000 ack_after=0x00000000 sem_ok=-1 polls=2000
[  121.518197] amdgpu 0000:01:00.0: BC250INV eng=17 vmid=8 wrote=0x00fa0100 req_readback=0x00fa0100 ack_before=0x00000000 ack_after=0x00000000 sem_ok=-1 polls=2000
[  121.522468] amdgpu 0000:01:00.0: BC250INV eng=17 vmid=8 wrote=0x00fa0100 req_readback=0x00fa0100 ack_before=0x00000000 ack_after=0x00000000 sem_ok=-1 polls=2000
[  121.526737] amdgpu 0000:01:00.0: BC250INV eng=17 vmid=8 wrote=0x00fa0100 req_readback=0x00fa0100 ack_before=0x00000000 ack_after=0x00000000 sem_ok=-1 polls=2000
[  121.534016] amdgpu 0000:01:00.0: BC250INV eng=17 vmid=8 wrote=0x00fa0100 req_readback=0x00fa0100 ack_before=0x00000000 ack_after=0x00000000 sem_ok=-1 polls=2000
[  130.533961] amdgpu 0000:01:00.0: qcm fence wait loop timeout expired
[  130.533977] amdgpu 0000:01:00.0: The cp might be in an unrecoverable state due to an unsuccessful queues preemption
[  130.533981] amdgpu 0000:01:00.0: GPU recovery disabled.
[  130.533986] amdgpu: process pid 1474 DQM create queue type 0 failed. ret -62
[  130.538253] amdgpu 0000:01:00.0: BC250INV eng=17 vmid=8 wrote=0x00fa0100 req_readback=0x00fa0100 ack_before=0x00000000 ack_after=0x00000000 sem_ok=-1 polls=2000
[  130.542567] amdgpu 0000:01:00.0: BC250INV eng=17 vmid=8 wrote=0x00fa0100 req_readback=0x00fa0100 ack_before=0x00000000 ack_after=0x00000000 sem_ok=-1 polls=2000
[  130.547874] amdgpu 0000:01:00.0: BC250INV eng=17 vmid=8 wrote=0x00fa0100 req_readback=0x00fa0100 ack_before=0x00000000 ack_after=0x00000000 sem_ok=-1 polls=2000
[  130.552186] amdgpu 0000:01:00.0: BC250INV eng=17 vmid=8 wrote=0x00fa0100 req_readback=0x00fa0100 ack_before=0x00000000 ack_after=0x00000000 sem_ok=-1 polls=2000
[  130.556474] amdgpu 0000:01:00.0: BC250INV eng=17 vmid=8 wrote=0x00fa0100 req_readback=0x00fa0100 ack_before=0x00000000 ack_after=0x00000000 sem_ok=-1 polls=2000
[  130.560803] amdgpu 0000:01:00.0: BC250INV eng=17 vmid=8 wrote=0x00fa0100 req_readback=0x00fa0100 ack_before=0x00000000 ack_after=0x00000000 sem_ok=-1 polls=2000
[  130.565097] amdgpu 0000:01:00.0: BC250INV eng=17 vmid=8 wrote=0x00fa0100 req_readback=0x00fa0100 ack_before=0x00000000 ack_after=0x00000000 sem_ok=-1 polls=2000
[  130.569365] amdgpu 0000:01:00.0: BC250INV eng=17 vmid=8 wrote=0x00fa0100 req_readback=0x00fa0100 ack_before=0x00000000 ack_after=0x00000000 sem_ok=-1 polls=2000
[  130.573641] amdgpu 0000:01:00.0: BC250INV eng=17 vmid=8 wrote=0x00fa0100 req_readback=0x00fa0100 ack_before=0x00000000 ack_after=0x00000000 sem_ok=-1 polls=2000
[  130.580917] amdgpu 0000:01:00.0: BC250INV eng=17 vmid=8 wrote=0x00fa0100 req_readback=0x00fa0100 ack_before=0x00000000 ack_after=0x00000000 sem_ok=-1 polls=2000
[  139.581885] amdgpu 0000:01:00.0: qcm fence wait loop timeout expired
[  139.581900] amdgpu 0000:01:00.0: The cp might be in an unrecoverable state due to an unsuccessful queues preemption
[  139.581906] amdgpu 0000:01:00.0: GPU recovery disabled.
[  139.581911] amdgpu: process pid 1474 DQM create queue type 0 failed. ret -62
[  139.586223] amdgpu 0000:01:00.0: BC250INV eng=17 vmid=8 wrote=0x00fa0100 req_readback=0x00fa0100 ack_before=0x00000000 ack_after=0x00000000 sem_ok=-1 polls=2000
[  139.590519] amdgpu 0000:01:00.0: BC250INV eng=17 vmid=8 wrote=0x00fa0100 req_readback=0x00fa0100 ack_before=0x00000000 ack_after=0x00000000 sem_ok=-1 polls=2000
[  139.595798] amdgpu 0000:01:00.0: BC250INV eng=17 vmid=8 wrote=0x00fa0100 req_readback=0x00fa0100 ack_before=0x00000000 ack_after=0x00000000 sem_ok=-1 polls=2000
[  139.600105] amdgpu 0000:01:00.0: BC250INV eng=17 vmid=8 wrote=0x00fa0100 req_readback=0x00fa0100 ack_before=0x00000000 ack_after=0x00000000 sem_ok=-1 polls=2000
[  139.604369] amdgpu 0000:01:00.0: BC250INV eng=17 vmid=8 wrote=0x00fa0100 req_readback=0x00fa0100 ack_before=0x00000000 ack_after=0x00000000 sem_ok=-1 polls=2000
[  139.608692] amdgpu 0000:01:00.0: BC250INV eng=17 vmid=8 wrote=0x00fa0100 req_readback=0x00fa0100 ack_before=0x00000000 ack_after=0x00000000 sem_ok=-1 polls=2000
[  139.612983] amdgpu 0000:01:00.0: BC250INV eng=17 vmid=8 wrote=0x00fa0100 req_readback=0x00fa0100 ack_before=0x00000000 ack_after=0x00000000 sem_ok=-1 polls=2000
[  139.617282] amdgpu 0000:01:00.0: BC250INV eng=17 vmid=8 wrote=0x00fa0100 req_readback=0x00fa0100 ack_before=0x00000000 ack_after=0x00000000 sem_ok=-1 polls=2000
[  139.621537] amdgpu 0000:01:00.0: BC250INV eng=17 vmid=8 wrote=0x00fa0100 req_readback=0x00fa0100 ack_before=0x00000000 ack_after=0x00000000 sem_ok=-1 polls=2000
[  139.628813] amdgpu 0000:01:00.0: BC250INV eng=17 vmid=8 wrote=0x00fa0100 req_readback=0x00fa0100 ack_before=0x00000000 ack_after=0x00000000 sem_ok=-1 polls=2000
[  148.628816] amdgpu 0000:01:00.0: qcm fence wait loop timeout expired
[  148.628831] amdgpu 0000:01:00.0: The cp might be in an unrecoverable state due to an unsuccessful queues preemption
[  148.628836] amdgpu 0000:01:00.0: GPU recovery disabled.
[  148.628842] amdgpu: process pid 1474 DQM create queue type 0 failed. ret -62
[  148.633105] amdgpu 0000:01:00.0: BC250INV eng=17 vmid=8 wrote=0x00fa0100 req_readback=0x00fa0100 ack_before=0x00000000 ack_after=0x00000000 sem_ok=-1 polls=2000
[  148.637410] amdgpu 0000:01:00.0: BC250INV eng=17 vmid=8 wrote=0x00fa0100 req_readback=0x00fa0100 ack_before=0x00000000 ack_after=0x00000000 sem_ok=-1 polls=2000
[  148.642671] amdgpu 0000:01:00.0: BC250INV eng=17 vmid=8 wrote=0x00fa0100 req_readback=0x00fa0100 ack_before=0x00000000 ack_after=0x00000000 sem_ok=-1 polls=2000
[  148.646969] amdgpu 0000:01:00.0: BC250INV eng=17 vmid=8 wrote=0x00fa0100 req_readback=0x00fa0100 ack_before=0x00000000 ack_after=0x00000000 sem_ok=-1 polls=2000
[  148.651244] amdgpu 0000:01:00.0: BC250INV eng=17 vmid=8 wrote=0x00fa0100 req_readback=0x00fa0100 ack_before=0x00000000 ack_after=0x00000000 sem_ok=-1 polls=2000
[  148.655569] amdgpu 0000:01:00.0: BC250INV eng=17 vmid=8 wrote=0x00fa0100 req_readback=0x00fa0100 ack_before=0x00000000 ack_after=0x00000000 sem_ok=-1 polls=2000
[  148.659843] amdgpu 0000:01:00.0: BC250INV eng=17 vmid=8 wrote=0x00fa0100 req_readback=0x00fa0100 ack_before=0x00000000 ack_after=0x00000000 sem_ok=-1 polls=2000
[  148.664112] amdgpu 0000:01:00.0: BC250INV eng=17 vmid=8 wrote=0x00fa0100 req_readback=0x00fa0100 ack_before=0x00000000 ack_after=0x00000000 sem_ok=-1 polls=2000
[  148.668376] amdgpu 0000:01:00.0: BC250INV eng=17 vmid=8 wrote=0x00fa0100 req_readback=0x00fa0100 ack_before=0x00000000 ack_after=0x00000000 sem_ok=-1 polls=2000
[  148.675768] amdgpu 0000:01:00.0: BC250INV eng=17 vmid=8 wrote=0x00fa0100 req_readback=0x00fa0100 ack_before=0x00000000 ack_after=0x00000000 sem_ok=-1 polls=2000
[  157.675953] amdgpu 0000:01:00.0: qcm fence wait loop timeout expired
[  157.675967] amdgpu 0000:01:00.0: The cp might be in an unrecoverable state due to an unsuccessful queues preemption
[  157.675971] amdgpu 0000:01:00.0: GPU recovery disabled.
[  157.675976] amdgpu: process pid 1474 DQM create queue type 0 failed. ret -62
[  157.680239] amdgpu 0000:01:00.0: BC250INV eng=17 vmid=8 wrote=0x00fa0100 req_readback=0x00fa0100 ack_before=0x00000000 ack_after=0x00000000 sem_ok=-1 polls=2000
[  157.684538] amdgpu 0000:01:00.0: BC250INV eng=17 vmid=8 wrote=0x00fa0100 req_readback=0x00fa0100 ack_before=0x00000000 ack_after=0x00000000 sem_ok=-1 polls=2000
[  157.689913] amdgpu 0000:01:00.0: BC250INV eng=17 vmid=8 wrote=0x00fa0100 req_readback=0x00fa0100 ack_before=0x00000000 ack_after=0x00000000 sem_ok=-1 polls=2000
[  157.694212] amdgpu 0000:01:00.0: BC250INV eng=17 vmid=8 wrote=0x00fa0100 req_readback=0x00fa0100 ack_before=0x00000000 ack_after=0x00000000 sem_ok=-1 polls=2000
[  157.698472] amdgpu 0000:01:00.0: BC250INV eng=17 vmid=8 wrote=0x00fa0100 req_readback=0x00fa0100 ack_before=0x00000000 ack_after=0x00000000 sem_ok=-1 polls=2000
[  157.702802] amdgpu 0000:01:00.0: BC250INV eng=17 vmid=8 wrote=0x00fa0100 req_readback=0x00fa0100 ack_before=0x00000000 ack_after=0x00000000 sem_ok=-1 polls=2000
[  157.707079] amdgpu 0000:01:00.0: BC250INV eng=17 vmid=8 wrote=0x00fa0100 req_readback=0x00fa0100 ack_before=0x00000000 ack_after=0x00000000 sem_ok=-1 polls=2000
[  157.711338] amdgpu 0000:01:00.0: BC250INV eng=17 vmid=8 wrote=0x00fa0100 req_readback=0x00fa0100 ack_before=0x00000000 ack_after=0x00000000 sem_ok=-1 polls=2000
[  157.715606] amdgpu 0000:01:00.0: BC250INV eng=17 vmid=8 wrote=0x00fa0100 req_readback=0x00fa0100 ack_before=0x00000000 ack_after=0x00000000 sem_ok=-1 polls=2000
[  157.723039] amdgpu 0000:01:00.0: BC250INV eng=17 vmid=8 wrote=0x00fa0100 req_readback=0x00fa0100 ack_before=0x00000000 ack_after=0x00000000 sem_ok=-1 polls=2000
[  166.724128] amdgpu 0000:01:00.0: qcm fence wait loop timeout expired
[  166.724144] amdgpu 0000:01:00.0: The cp might be in an unrecoverable state due to an unsuccessful queues preemption
[  166.724149] amdgpu 0000:01:00.0: GPU recovery disabled.
[  166.724154] amdgpu: process pid 1474 DQM create queue type 0 failed. ret -62
[  175.725320] amdgpu 0000:01:00.0: qcm fence wait loop timeout expired
[  175.725333] amdgpu 0000:01:00.0: The cp might be in an unrecoverable state due to an unsuccessful queues preemption
[  175.725338] amdgpu 0000:01:00.0: GPU recovery disabled.
[  175.725341] amdgpu 0000:01:00.0: Failed to evict process queues
[  175.725344] amdgpu: Failed to quiesce KFD
