"Correlation_Id","Dispatch_Id","Agent_Id","Queue_Id","Process_Id","Thread_Id","Grid_Size","Kernel_Id","Kernel_Name","Workgroup_Size","LDS_Block_Size","Scratch_Size","VGPR_Count","Accum_VGPR_Count","SGPR_Count","Counter_Name","Counter_Value","Start_Timestamp","End_Timestamp"
1,1,"Agent 1",1,1909,1909,256,17,"pk_gemm(__half const*, __half const*, __half*, int, int, int)",128,17408,0,136,0,128,"SQ_INSTS_LDS",10240.000000,228697285394,228697398767
1,1,"Agent 1",1,1909,1909,256,17,"pk_gemm(__half const*, __half const*, __half*, int, int, int)",128,17408,0,136,0,128,"SQ_INSTS_VALU",181152.000000,228697285394,228697398767
1,1,"Agent 1",1,1909,1909,256,17,"pk_gemm(__half const*, __half const*, __half*, int, int, int)",128,17408,0,136,0,128,"SQ_WAVES",8.000000,228697285394,228697398767
2,2,"Agent 1",1,1909,1909,2048,17,"pk_gemm(__half const*, __half const*, __half*, int, int, int)",128,17408,0,136,0,128,"SQ_INSTS_LDS",168192.000000,228704615530,228705041568
2,2,"Agent 1",1,1909,1909,2048,17,"pk_gemm(__half const*, __half const*, __half*, int, int, int)",128,17408,0,136,0,128,"SQ_INSTS_VALU",2906720.000000,228704615530,228705041568
2,2,"Agent 1",1,1909,1909,2048,17,"pk_gemm(__half const*, __half const*, __half*, int, int, int)",128,17408,0,136,0,128,"SQ_WAVES",192.000000,228704615530,228705041568
3,3,"Agent 1",1,1909,1909,2048,17,"pk_gemm(__half const*, __half const*, __half*, int, int, int)",128,17408,0,136,0,128,"SQ_INSTS_LDS",172544.000000,228705142077,228705710342
3,3,"Agent 1",1,1909,1909,2048,17,"pk_gemm(__half const*, __half const*, __half*, int, int, int)",128,17408,0,136,0,128,"SQ_INSTS_VALU",2944960.000000,228705142077,228705710342
3,3,"Agent 1",1,1909,1909,2048,17,"pk_gemm(__half const*, __half const*, __half*, int, int, int)",128,17408,0,136,0,128,"SQ_WAVES",320.000000,228705142077,228705710342
4,4,"Agent 1",1,1909,1909,2048,17,"pk_gemm(__half const*, __half const*, __half*, int, int, int)",128,17408,0,136,0,128,"SQ_INSTS_LDS",163840.000000,228705861064,228706065808
4,4,"Agent 1",1,1909,1909,2048,17,"pk_gemm(__half const*, __half const*, __half*, int, int, int)",128,17408,0,136,0,128,"SQ_INSTS_VALU",2868480.000000,228705861064,228706065808
4,4,"Agent 1",1,1909,1909,2048,17,"pk_gemm(__half const*, __half const*, __half*, int, int, int)",128,17408,0,136,0,128,"SQ_WAVES",64.000000,228705861064,228706065808
5,5,"Agent 1",1,1909,1909,2048,17,"pk_gemm(__half const*, __half const*, __half*, int, int, int)",128,17408,0,136,0,128,"SQ_INSTS_LDS",163840.000000,228706103679,228706295438
5,5,"Agent 1",1,1909,1909,2048,17,"pk_gemm(__half const*, __half const*, __half*, int, int, int)",128,17408,0,136,0,128,"SQ_INSTS_VALU",2868480.000000,228706103679,228706295438
5,5,"Agent 1",1,1909,1909,2048,17,"pk_gemm(__half const*, __half const*, __half*, int, int, int)",128,17408,0,136,0,128,"SQ_WAVES",64.000000,228706103679,228706295438
6,6,"Agent 1",1,1909,1909,2048,17,"pk_gemm(__half const*, __half const*, __half*, int, int, int)",128,17408,0,136,0,128,"SQ_INSTS_LDS",163840.000000,228706331906,228706514048
6,6,"Agent 1",1,1909,1909,2048,17,"pk_gemm(__half const*, __half const*, __half*, int, int, int)",128,17408,0,136,0,128,"SQ_INSTS_VALU",2868480.000000,228706331906,228706514048
6,6,"Agent 1",1,1909,1909,2048,17,"pk_gemm(__half const*, __half const*, __half*, int, int, int)",128,17408,0,136,0,128,"SQ_WAVES",64.000000,228706331906,228706514048
7,7,"Agent 1",1,1909,1909,2048,17,"pk_gemm(__half const*, __half const*, __half*, int, int, int)",128,17408,0,136,0,128,"SQ_INSTS_LDS",163840.000000,228706550195,228706732497
7,7,"Agent 1",1,1909,1909,2048,17,"pk_gemm(__half const*, __half const*, __half*, int, int, int)",128,17408,0,136,0,128,"SQ_INSTS_VALU",2868480.000000,228706550195,228706732497
7,7,"Agent 1",1,1909,1909,2048,17,"pk_gemm(__half const*, __half const*, __half*, int, int, int)",128,17408,0,136,0,128,"SQ_WAVES",64.000000,228706550195,228706732497
8,8,"Agent 1",1,1909,1909,2048,17,"pk_gemm(__half const*, __half const*, __half*, int, int, int)",128,17408,0,136,0,128,"SQ_INSTS_LDS",163840.000000,228706769767,228706951868
8,8,"Agent 1",1,1909,1909,2048,17,"pk_gemm(__half const*, __half const*, __half*, int, int, int)",128,17408,0,136,0,128,"SQ_INSTS_VALU",2868480.000000,228706769767,228706951868
8,8,"Agent 1",1,1909,1909,2048,17,"pk_gemm(__half const*, __half const*, __half*, int, int, int)",128,17408,0,136,0,128,"SQ_WAVES",64.000000,228706769767,228706951868
9,9,"Agent 1",1,1909,1909,2048,17,"pk_gemm(__half const*, __half const*, __half*, int, int, int)",128,17408,0,136,0,128,"SQ_INSTS_LDS",163840.000000,228706988337,228707171239
9,9,"Agent 1",1,1909,1909,2048,17,"pk_gemm(__half const*, __half const*, __half*, int, int, int)",128,17408,0,136,0,128,"SQ_INSTS_VALU",2868480.000000,228706988337,228707171239
9,9,"Agent 1",1,1909,1909,2048,17,"pk_gemm(__half const*, __half const*, __half*, int, int, int)",128,17408,0,136,0,128,"SQ_WAVES",64.000000,228706988337,228707171239
10,10,"Agent 1",1,1909,1909,2048,17,"pk_gemm(__half const*, __half const*, __half*, int, int, int)",128,17408,0,136,0,128,"SQ_INSTS_LDS",168192.000000,228707235159,228707623327
10,10,"Agent 1",1,1909,1909,2048,17,"pk_gemm(__half const*, __half const*, __half*, int, int, int)",128,17408,0,136,0,128,"SQ_INSTS_VALU",2906720.000000,228707235159,228707623327
10,10,"Agent 1",1,1909,1909,2048,17,"pk_gemm(__half const*, __half const*, __half*, int, int, int)",128,17408,0,136,0,128,"SQ_WAVES",192.000000,228707235159,228707623327
11,11,"Agent 1",1,1909,1909,2048,17,"pk_gemm(__half const*, __half const*, __half*, int, int, int)",128,17408,0,136,0,128,"SQ_INSTS_LDS",172544.000000,228707723995,228708289695
11,11,"Agent 1",1,1909,1909,2048,17,"pk_gemm(__half const*, __half const*, __half*, int, int, int)",128,17408,0,136,0,128,"SQ_INSTS_VALU",2944960.000000,228707723995,228708289695
11,11,"Agent 1",1,1909,1909,2048,17,"pk_gemm(__half const*, __half const*, __half*, int, int, int)",128,17408,0,136,0,128,"SQ_WAVES",320.000000,228707723995,228708289695
12,12,"Agent 1",1,1909,1909,2048,17,"pk_gemm(__half const*, __half const*, __half*, int, int, int)",128,17408,0,136,0,128,"SQ_INSTS_LDS",172544.000000,228708381708,228708950734
12,12,"Agent 1",1,1909,1909,2048,17,"pk_gemm(__half const*, __half const*, __half*, int, int, int)",128,17408,0,136,0,128,"SQ_INSTS_VALU",2944960.000000,228708381708,228708950734
12,12,"Agent 1",1,1909,1909,2048,17,"pk_gemm(__half const*, __half const*, __half*, int, int, int)",128,17408,0,136,0,128,"SQ_WAVES",320.000000,228708381708,228708950734
13,13,"Agent 1",1,1909,1909,2048,17,"pk_gemm(__half const*, __half const*, __half*, int, int, int)",128,17408,0,136,0,128,"SQ_INSTS_LDS",172272.000000,228709106266,228709672166
13,13,"Agent 1",1,1909,1909,2048,17,"pk_gemm(__half const*, __half const*, __half*, int, int, int)",128,17408,0,136,0,128,"SQ_INSTS_VALU",2941778.000000,228709106266,228709672166
13,13,"Agent 1",1,1909,1909,2048,17,"pk_gemm(__half const*, __half const*, __half*, int, int, int)",128,17408,0,136,0,128,"SQ_WAVES",309.000000,228709106266,228709672166
14,14,"Agent 1",1,1909,1909,2048,17,"pk_gemm(__half const*, __half const*, __half*, int, int, int)",128,17408,0,136,0,128,"SQ_INSTS_LDS",168192.000000,228709831825,228710253976
14,14,"Agent 1",1,1909,1909,2048,17,"pk_gemm(__half const*, __half const*, __half*, int, int, int)",128,17408,0,136,0,128,"SQ_INSTS_VALU",2906720.000000,228709831825,228710253976
14,14,"Agent 1",1,1909,1909,2048,17,"pk_gemm(__half const*, __half const*, __half*, int, int, int)",128,17408,0,136,0,128,"SQ_WAVES",192.000000,228709831825,228710253976
15,15,"Agent 1",1,1909,1909,2048,17,"pk_gemm(__half const*, __half const*, __half*, int, int, int)",128,17408,0,136,0,128,"SQ_INSTS_LDS",168192.000000,228710412513,228710821360
15,15,"Agent 1",1,1909,1909,2048,17,"pk_gemm(__half const*, __half const*, __half*, int, int, int)",128,17408,0,136,0,128,"SQ_INSTS_VALU",2906720.000000,228710412513,228710821360
15,15,"Agent 1",1,1909,1909,2048,17,"pk_gemm(__half const*, __half const*, __half*, int, int, int)",128,17408,0,136,0,128,"SQ_WAVES",192.000000,228710412513,228710821360
16,16,"Agent 1",1,1909,1909,2048,17,"pk_gemm(__half const*, __half const*, __half*, int, int, int)",128,17408,0,136,0,128,"SQ_INSTS_LDS",166016.000000,228710986028,228711302020
16,16,"Agent 1",1,1909,1909,2048,17,"pk_gemm(__half const*, __half const*, __half*, int, int, int)",128,17408,0,136,0,128,"SQ_INSTS_VALU",2887600.000000,228710986028,228711302020
16,16,"Agent 1",1,1909,1909,2048,17,"pk_gemm(__half const*, __half const*, __half*, int, int, int)",128,17408,0,136,0,128,"SQ_WAVES",128.000000,228710986028,228711302020
17,17,"Agent 1",1,1909,1909,2048,17,"pk_gemm(__half const*, __half const*, __half*, int, int, int)",128,17408,0,136,0,128,"SQ_INSTS_LDS",168192.000000,228711369347,228711754629
17,17,"Agent 1",1,1909,1909,2048,17,"pk_gemm(__half const*, __half const*, __half*, int, int, int)",128,17408,0,136,0,128,"SQ_INSTS_VALU",2906720.000000,228711369347,228711754629
17,17,"Agent 1",1,1909,1909,2048,17,"pk_gemm(__half const*, __half const*, __half*, int, int, int)",128,17408,0,136,0,128,"SQ_WAVES",192.000000,228711369347,228711754629
18,18,"Agent 1",1,1909,1909,2048,17,"pk_gemm(__half const*, __half const*, __half*, int, int, int)",128,17408,0,136,0,128,"SQ_INSTS_LDS",163840.000000,228711796707,228711989869
18,18,"Agent 1",1,1909,1909,2048,17,"pk_gemm(__half const*, __half const*, __half*, int, int, int)",128,17408,0,136,0,128,"SQ_INSTS_VALU",2868480.000000,228711796707,228711989869
18,18,"Agent 1",1,1909,1909,2048,17,"pk_gemm(__half const*, __half const*, __half*, int, int, int)",128,17408,0,136,0,128,"SQ_WAVES",64.000000,228711796707,228711989869
19,19,"Agent 1",1,1909,1909,2048,17,"pk_gemm(__half const*, __half const*, __half*, int, int, int)",128,17408,0,136,0,128,"SQ_INSTS_LDS",163840.000000,228712031988,228712214290
19,19,"Agent 1",1,1909,1909,2048,17,"pk_gemm(__half const*, __half const*, __half*, int, int, int)",128,17408,0,136,0,128,"SQ_INSTS_VALU",2868480.000000,228712031988,228712214290
19,19,"Agent 1",1,1909,1909,2048,17,"pk_gemm(__half const*, __half const*, __half*, int, int, int)",128,17408,0,136,0,128,"SQ_WAVES",64.000000,228712031988,228712214290
20,20,"Agent 1",1,1909,1909,2048,17,"pk_gemm(__half const*, __half const*, __half*, int, int, int)",128,17408,0,136,0,128,"SQ_INSTS_LDS",163840.000000,228712252922,228712436066
20,20,"Agent 1",1,1909,1909,2048,17,"pk_gemm(__half const*, __half const*, __half*, int, int, int)",128,17408,0,136,0,128,"SQ_INSTS_VALU",2868480.000000,228712252922,228712436066
20,20,"Agent 1",1,1909,1909,2048,17,"pk_gemm(__half const*, __half const*, __half*, int, int, int)",128,17408,0,136,0,128,"SQ_WAVES",64.000000,228712252922,228712436066
21,21,"Agent 1",1,1909,1909,2048,17,"pk_gemm(__half const*, __half const*, __half*, int, int, int)",128,17408,0,136,0,128,"SQ_INSTS_LDS",163840.000000,228712475900,228712657961
21,21,"Agent 1",1,1909,1909,2048,17,"pk_gemm(__half const*, __half const*, __half*, int, int, int)",128,17408,0,136,0,128,"SQ_INSTS_VALU",2868480.000000,228712475900,228712657961
21,21,"Agent 1",1,1909,1909,2048,17,"pk_gemm(__half const*, __half const*, __half*, int, int, int)",128,17408,0,136,0,128,"SQ_WAVES",64.000000,228712475900,228712657961
22,22,"Agent 1",1,1909,1909,2048,17,"pk_gemm(__half const*, __half const*, __half*, int, int, int)",128,17408,0,136,0,128,"SQ_INSTS_LDS",163840.000000,228712695712,228712878214
22,22,"Agent 1",1,1909,1909,2048,17,"pk_gemm(__half const*, __half const*, __half*, int, int, int)",128,17408,0,136,0,128,"SQ_INSTS_VALU",2868480.000000,228712695712,228712878214
22,22,"Agent 1",1,1909,1909,2048,17,"pk_gemm(__half const*, __half const*, __half*, int, int, int)",128,17408,0,136,0,128,"SQ_WAVES",64.000000,228712695712,228712878214
23,23,"Agent 1",1,1909,1909,2048,17,"pk_gemm(__half const*, __half const*, __half*, int, int, int)",128,17408,0,136,0,128,"SQ_INSTS_LDS",163840.000000,228712915564,228713098146
23,23,"Agent 1",1,1909,1909,2048,17,"pk_gemm(__half const*, __half const*, __half*, int, int, int)",128,17408,0,136,0,128,"SQ_INSTS_VALU",2868480.000000,228712915564,228713098146
23,23,"Agent 1",1,1909,1909,2048,17,"pk_gemm(__half const*, __half const*, __half*, int, int, int)",128,17408,0,136,0,128,"SQ_WAVES",64.000000,228712915564,228713098146
24,24,"Agent 1",1,1909,1909,2048,17,"pk_gemm(__half const*, __half const*, __half*, int, int, int)",128,17408,0,136,0,128,"SQ_INSTS_LDS",163840.000000,228713136458,228713318720
24,24,"Agent 1",1,1909,1909,2048,17,"pk_gemm(__half const*, __half const*, __half*, int, int, int)",128,17408,0,136,0,128,"SQ_INSTS_VALU",2868480.000000,228713136458,228713318720
24,24,"Agent 1",1,1909,1909,2048,17,"pk_gemm(__half const*, __half const*, __half*, int, int, int)",128,17408,0,136,0,128,"SQ_WAVES",64.000000,228713136458,228713318720
25,25,"Agent 1",1,1909,1909,2048,17,"pk_gemm(__half const*, __half const*, __half*, int, int, int)",128,17408,0,136,0,128,"SQ_INSTS_LDS",163840.000000,228713356591,228713539814
25,25,"Agent 1",1,1909,1909,2048,17,"pk_gemm(__half const*, __half const*, __half*, int, int, int)",128,17408,0,136,0,128,"SQ_INSTS_VALU",2868480.000000,228713356591,228713539814
25,25,"Agent 1",1,1909,1909,2048,17,"pk_gemm(__half const*, __half const*, __half*, int, int, int)",128,17408,0,136,0,128,"SQ_WAVES",64.000000,228713356591,228713539814
26,26,"Agent 1",1,1909,1909,2048,17,"pk_gemm(__half const*, __half const*, __half*, int, int, int)",128,17408,0,136,0,128,"SQ_INSTS_LDS",163840.000000,228713578166,228713760628
26,26,"Agent 1",1,1909,1909,2048,17,"pk_gemm(__half const*, __half const*, __half*, int, int, int)",128,17408,0,136,0,128,"SQ_INSTS_VALU",2868480.000000,228713578166,228713760628
26,26,"Agent 1",1,1909,1909,2048,17,"pk_gemm(__half const*, __half const*, __half*, int, int, int)",128,17408,0,136,0,128,"SQ_WAVES",64.000000,228713578166,228713760628
27,27,"Agent 1",1,1909,1909,2048,17,"pk_gemm(__half const*, __half const*, __half*, int, int, int)",128,17408,0,136,0,128,"SQ_INSTS_LDS",163840.000000,228713798699,228713981562
27,27,"Agent 1",1,1909,1909,2048,17,"pk_gemm(__half const*, __half const*, __half*, int, int, int)",128,17408,0,136,0,128,"SQ_INSTS_VALU",2868480.000000,228713798699,228713981562
27,27,"Agent 1",1,1909,1909,2048,17,"pk_gemm(__half const*, __half const*, __half*, int, int, int)",128,17408,0,136,0,128,"SQ_WAVES",64.000000,228713798699,228713981562
28,28,"Agent 1",1,1909,1909,2048,17,"pk_gemm(__half const*, __half const*, __half*, int, int, int)",128,17408,0,136,0,128,"SQ_INSTS_LDS",163840.000000,228714019553,228714201895
28,28,"Agent 1",1,1909,1909,2048,17,"pk_gemm(__half const*, __half const*, __half*, int, int, int)",128,17408,0,136,0,128,"SQ_INSTS_VALU",2868480.000000,228714019553,228714201895
28,28,"Agent 1",1,1909,1909,2048,17,"pk_gemm(__half const*, __half const*, __half*, int, int, int)",128,17408,0,136,0,128,"SQ_WAVES",64.000000,228714019553,228714201895
29,29,"Agent 1",1,1909,1909,2048,17,"pk_gemm(__half const*, __half const*, __half*, int, int, int)",128,17408,0,136,0,128,"SQ_INSTS_LDS",163840.000000,228714238483,228714420785
29,29,"Agent 1",1,1909,1909,2048,17,"pk_gemm(__half const*, __half const*, __half*, int, int, int)",128,17408,0,136,0,128,"SQ_INSTS_VALU",2868480.000000,228714238483,228714420785
29,29,"Agent 1",1,1909,1909,2048,17,"pk_gemm(__half const*, __half const*, __half*, int, int, int)",128,17408,0,136,0,128,"SQ_WAVES",64.000000,228714238483,228714420785
30,30,"Agent 1",1,1909,1909,2048,17,"pk_gemm(__half const*, __half const*, __half*, int, int, int)",128,17408,0,136,0,128,"SQ_INSTS_LDS",163840.000000,228714456973,228714639916
30,30,"Agent 1",1,1909,1909,2048,17,"pk_gemm(__half const*, __half const*, __half*, int, int, int)",128,17408,0,136,0,128,"SQ_INSTS_VALU",2868480.000000,228714456973,228714639916
30,30,"Agent 1",1,1909,1909,2048,17,"pk_gemm(__half const*, __half const*, __half*, int, int, int)",128,17408,0,136,0,128,"SQ_WAVES",64.000000,228714456973,228714639916
31,31,"Agent 1",1,1909,1909,2048,17,"pk_gemm(__half const*, __half const*, __half*, int, int, int)",128,17408,0,136,0,128,"SQ_INSTS_LDS",163840.000000,228714675823,228714858325
31,31,"Agent 1",1,1909,1909,2048,17,"pk_gemm(__half const*, __half const*, __half*, int, int, int)",128,17408,0,136,0,128,"SQ_INSTS_VALU",2868480.000000,228714675823,228714858325
31,31,"Agent 1",1,1909,1909,2048,17,"pk_gemm(__half const*, __half const*, __half*, int, int, int)",128,17408,0,136,0,128,"SQ_WAVES",64.000000,228714675823,228714858325
32,32,"Agent 1",1,1909,1909,2048,17,"pk_gemm(__half const*, __half const*, __half*, int, int, int)",128,17408,0,136,0,128,"SQ_INSTS_LDS",163840.000000,228714898280,228715080862
32,32,"Agent 1",1,1909,1909,2048,17,"pk_gemm(__half const*, __half const*, __half*, int, int, int)",128,17408,0,136,0,128,"SQ_INSTS_VALU",2868480.000000,228714898280,228715080862
32,32,"Agent 1",1,1909,1909,2048,17,"pk_gemm(__half const*, __half const*, __half*, int, int, int)",128,17408,0,136,0,128,"SQ_WAVES",64.000000,228714898280,228715080862
33,33,"Agent 1",1,1909,1909,2048,17,"pk_gemm(__half const*, __half const*, __half*, int, int, int)",128,17408,0,136,0,128,"SQ_INSTS_LDS",163840.000000,228715119975,228715302157
33,33,"Agent 1",1,1909,1909,2048,17,"pk_gemm(__half const*, __half const*, __half*, int, int, int)",128,17408,0,136,0,128,"SQ_INSTS_VALU",2868480.000000,228715119975,228715302157
33,33,"Agent 1",1,1909,1909,2048,17,"pk_gemm(__half const*, __half const*, __half*, int, int, int)",128,17408,0,136,0,128,"SQ_WAVES",64.000000,228715119975,228715302157
34,34,"Agent 1",1,1909,1909,2048,17,"pk_gemm(__half const*, __half const*, __half*, int, int, int)",128,17408,0,136,0,128,"SQ_INSTS_LDS",163840.000000,228715340549,228715522369
34,34,"Agent 1",1,1909,1909,2048,17,"pk_gemm(__half const*, __half const*, __half*, int, int, int)",128,17408,0,136,0,128,"SQ_INSTS_VALU",2868480.000000,228715340549,228715522369
34,34,"Agent 1",1,1909,1909,2048,17,"pk_gemm(__half const*, __half const*, __half*, int, int, int)",128,17408,0,136,0,128,"SQ_WAVES",64.000000,228715340549,228715522369
35,35,"Agent 1",1,1909,1909,2048,17,"pk_gemm(__half const*, __half const*, __half*, int, int, int)",128,17408,0,136,0,128,"SQ_INSTS_LDS",163840.000000,228715559719,228715743063
35,35,"Agent 1",1,1909,1909,2048,17,"pk_gemm(__half const*, __half const*, __half*, int, int, int)",128,17408,0,136,0,128,"SQ_INSTS_VALU",2868480.000000,228715559719,228715743063
35,35,"Agent 1",1,1909,1909,2048,17,"pk_gemm(__half const*, __half const*, __half*, int, int, int)",128,17408,0,136,0,128,"SQ_WAVES",64.000000,228715559719,228715743063
36,36,"Agent 1",1,1909,1909,2048,17,"pk_gemm(__half const*, __half const*, __half*, int, int, int)",128,17408,0,136,0,128,"SQ_INSTS_LDS",163840.000000,228715780694,228715962995
36,36,"Agent 1",1,1909,1909,2048,17,"pk_gemm(__half const*, __half const*, __half*, int, int, int)",128,17408,0,136,0,128,"SQ_INSTS_VALU",2868480.000000,228715780694,228715962995
36,36,"Agent 1",1,1909,1909,2048,17,"pk_gemm(__half const*, __half const*, __half*, int, int, int)",128,17408,0,136,0,128,"SQ_WAVES",64.000000,228715780694,228715962995
37,37,"Agent 1",1,1909,1909,2048,17,"pk_gemm(__half const*, __half const*, __half*, int, int, int)",128,17408,0,136,0,128,"SQ_INSTS_LDS",163840.000000,228716000866,228716184130
37,37,"Agent 1",1,1909,1909,2048,17,"pk_gemm(__half const*, __half const*, __half*, int, int, int)",128,17408,0,136,0,128,"SQ_INSTS_VALU",2868480.000000,228716000866,228716184130
37,37,"Agent 1",1,1909,1909,2048,17,"pk_gemm(__half const*, __half const*, __half*, int, int, int)",128,17408,0,136,0,128,"SQ_WAVES",64.000000,228716000866,228716184130
38,38,"Agent 1",1,1909,1909,2048,17,"pk_gemm(__half const*, __half const*, __half*, int, int, int)",128,17408,0,136,0,128,"SQ_INSTS_LDS",163840.000000,228716221439,228716403581
38,38,"Agent 1",1,1909,1909,2048,17,"pk_gemm(__half const*, __half const*, __half*, int, int, int)",128,17408,0,136,0,128,"SQ_INSTS_VALU",2868480.000000,228716221439,228716403581
38,38,"Agent 1",1,1909,1909,2048,17,"pk_gemm(__half const*, __half const*, __half*, int, int, int)",128,17408,0,136,0,128,"SQ_WAVES",64.000000,228716221439,228716403581
39,39,"Agent 1",1,1909,1909,2048,17,"pk_gemm(__half const*, __half const*, __half*, int, int, int)",128,17408,0,136,0,128,"SQ_INSTS_LDS",163840.000000,228716440570,228716622992
39,39,"Agent 1",1,1909,1909,2048,17,"pk_gemm(__half const*, __half const*, __half*, int, int, int)",128,17408,0,136,0,128,"SQ_INSTS_VALU",2868480.000000,228716440570,228716622992
39,39,"Agent 1",1,1909,1909,2048,17,"pk_gemm(__half const*, __half const*, __half*, int, int, int)",128,17408,0,136,0,128,"SQ_WAVES",64.000000,228716440570,228716622992
40,40,"Agent 1",1,1909,1909,2048,17,"pk_gemm(__half const*, __half const*, __half*, int, int, int)",128,17408,0,136,0,128,"SQ_INSTS_LDS",163840.000000,228716692202,228716874944
40,40,"Agent 1",1,1909,1909,2048,17,"pk_gemm(__half const*, __half const*, __half*, int, int, int)",128,17408,0,136,0,128,"SQ_INSTS_VALU",2868480.000000,228716692202,228716874944
40,40,"Agent 1",1,1909,1909,2048,17,"pk_gemm(__half const*, __half const*, __half*, int, int, int)",128,17408,0,136,0,128,"SQ_WAVES",64.000000,228716692202,228716874944
41,41,"Agent 1",1,1909,1909,2048,17,"pk_gemm(__half const*, __half const*, __half*, int, int, int)",128,17408,0,136,0,128,"SQ_INSTS_LDS",163840.000000,228716911933,228717094315
41,41,"Agent 1",1,1909,1909,2048,17,"pk_gemm(__half const*, __half const*, __half*, int, int, int)",128,17408,0,136,0,128,"SQ_INSTS_VALU",2868480.000000,228716911933,228717094315
41,41,"Agent 1",1,1909,1909,2048,17,"pk_gemm(__half const*, __half const*, __half*, int, int, int)",128,17408,0,136,0,128,"SQ_WAVES",64.000000,228716911933,228717094315
42,42,"Agent 1",1,1909,1909,2048,17,"pk_gemm(__half const*, __half const*, __half*, int, int, int)",128,17408,0,136,0,128,"SQ_INSTS_LDS",163840.000000,228717134030,228717338733
42,42,"Agent 1",1,1909,1909,2048,17,"pk_gemm(__half const*, __half const*, __half*, int, int, int)",128,17408,0,136,0,128,"SQ_INSTS_VALU",2868480.000000,228717134030,228717338733
42,42,"Agent 1",1,1909,1909,2048,17,"pk_gemm(__half const*, __half const*, __half*, int, int, int)",128,17408,0,136,0,128,"SQ_WAVES",64.000000,228717134030,228717338733
43,43,"Agent 1",1,1909,1909,2048,17,"pk_gemm(__half const*, __half const*, __half*, int, int, int)",128,17408,0,136,0,128,"SQ_INSTS_LDS",168192.000000,228717447217,228717854540
43,43,"Agent 1",1,1909,1909,2048,17,"pk_gemm(__half const*, __half const*, __half*, int, int, int)",128,17408,0,136,0,128,"SQ_INSTS_VALU",2906720.000000,228717447217,228717854540
43,43,"Agent 1",1,1909,1909,2048,17,"pk_gemm(__half const*, __half const*, __half*, int, int, int)",128,17408,0,136,0,128,"SQ_WAVES",192.000000,228717447217,228717854540
44,44,"Agent 1",1,1909,1909,2048,17,"pk_gemm(__half const*, __half const*, __half*, int, int, int)",128,17408,0,136,0,128,"SQ_INSTS_LDS",163840.000000,228717950480,228718155183
44,44,"Agent 1",1,1909,1909,2048,17,"pk_gemm(__half const*, __half const*, __half*, int, int, int)",128,17408,0,136,0,128,"SQ_INSTS_VALU",2868480.000000,228717950480,228718155183
44,44,"Agent 1",1,1909,1909,2048,17,"pk_gemm(__half const*, __half const*, __half*, int, int, int)",128,17408,0,136,0,128,"SQ_WAVES",64.000000,228717950480,228718155183
45,45,"Agent 1",1,1909,1909,2048,17,"pk_gemm(__half const*, __half const*, __half*, int, int, int)",128,17408,0,136,0,128,"SQ_INSTS_LDS",163840.000000,228718193415,228718388901
45,45,"Agent 1",1,1909,1909,2048,17,"pk_gemm(__half const*, __half const*, __half*, int, int, int)",128,17408,0,136,0,128,"SQ_INSTS_VALU",2868480.000000,228718193415,228718388901
45,45,"Agent 1",1,1909,1909,2048,17,"pk_gemm(__half const*, __half const*, __half*, int, int, int)",128,17408,0,136,0,128,"SQ_WAVES",64.000000,228718193415,228718388901
46,46,"Agent 1",1,1909,1909,2048,17,"pk_gemm(__half const*, __half const*, __half*, int, int, int)",128,17408,0,136,0,128,"SQ_INSTS_LDS",163840.000000,228718429057,228718611519
46,46,"Agent 1",1,1909,1909,2048,17,"pk_gemm(__half const*, __half const*, __half*, int, int, int)",128,17408,0,136,0,128,"SQ_INSTS_VALU",2868480.000000,228718429057,228718611519
46,46,"Agent 1",1,1909,1909,2048,17,"pk_gemm(__half const*, __half const*, __half*, int, int, int)",128,17408,0,136,0,128,"SQ_WAVES",64.000000,228718429057,228718611519
47,47,"Agent 1",1,1909,1909,2048,17,"pk_gemm(__half const*, __half const*, __half*, int, int, int)",128,17408,0,136,0,128,"SQ_INSTS_LDS",163840.000000,228718652075,228718834496
47,47,"Agent 1",1,1909,1909,2048,17,"pk_gemm(__half const*, __half const*, __half*, int, int, int)",128,17408,0,136,0,128,"SQ_INSTS_VALU",2868480.000000,228718652075,228718834496
47,47,"Agent 1",1,1909,1909,2048,17,"pk_gemm(__half const*, __half const*, __half*, int, int, int)",128,17408,0,136,0,128,"SQ_WAVES",64.000000,228718652075,228718834496
48,48,"Agent 1",1,1909,1909,2048,17,"pk_gemm(__half const*, __half const*, __half*, int, int, int)",128,17408,0,136,0,128,"SQ_INSTS_LDS",163840.000000,228718873890,228719056312
48,48,"Agent 1",1,1909,1909,2048,17,"pk_gemm(__half const*, __half const*, __half*, int, int, int)",128,17408,0,136,0,128,"SQ_INSTS_VALU",2868480.000000,228718873890,228719056312
48,48,"Agent 1",1,1909,1909,2048,17,"pk_gemm(__half const*, __half const*, __half*, int, int, int)",128,17408,0,136,0,128,"SQ_WAVES",64.000000,228718873890,228719056312
49,49,"Agent 1",1,1909,1909,2048,17,"pk_gemm(__half const*, __half const*, __half*, int, int, int)",128,17408,0,136,0,128,"SQ_INSTS_LDS",163840.000000,228719096868,228719278889
49,49,"Agent 1",1,1909,1909,2048,17,"pk_gemm(__half const*, __half const*, __half*, int, int, int)",128,17408,0,136,0,128,"SQ_INSTS_VALU",2868480.000000,228719096868,228719278889
49,49,"Agent 1",1,1909,1909,2048,17,"pk_gemm(__half const*, __half const*, __half*, int, int, int)",128,17408,0,136,0,128,"SQ_WAVES",64.000000,228719096868,228719278889
50,50,"Agent 1",1,1909,1909,2048,17,"pk_gemm(__half const*, __half const*, __half*, int, int, int)",128,17408,0,136,0,128,"SQ_INSTS_LDS",163840.000000,228719319445,228719502308
50,50,"Agent 1",1,1909,1909,2048,17,"pk_gemm(__half const*, __half const*, __half*, int, int, int)",128,17408,0,136,0,128,"SQ_INSTS_VALU",2868480.000000,228719319445,228719502308
50,50,"Agent 1",1,1909,1909,2048,17,"pk_gemm(__half const*, __half const*, __half*, int, int, int)",128,17408,0,136,0,128,"SQ_WAVES",64.000000,228719319445,228719502308
51,51,"Agent 1",1,1909,1909,2048,17,"pk_gemm(__half const*, __half const*, __half*, int, int, int)",128,17408,0,136,0,128,"SQ_INSTS_LDS",163840.000000,228719540339,228719722480
51,51,"Agent 1",1,1909,1909,2048,17,"pk_gemm(__half const*, __half const*, __half*, int, int, int)",128,17408,0,136,0,128,"SQ_INSTS_VALU",2868480.000000,228719540339,228719722480
51,51,"Agent 1",1,1909,1909,2048,17,"pk_gemm(__half const*, __half const*, __half*, int, int, int)",128,17408,0,136,0,128,"SQ_WAVES",64.000000,228719540339,228719722480
52,52,"Agent 1",1,1909,1909,2048,17,"pk_gemm(__half const*, __half const*, __half*, int, int, int)",128,17408,0,136,0,128,"SQ_INSTS_LDS",163840.000000,228719759710,228719941451
52,52,"Agent 1",1,1909,1909,2048,17,"pk_gemm(__half const*, __half const*, __half*, int, int, int)",128,17408,0,136,0,128,"SQ_INSTS_VALU",2868480.000000,228719759710,228719941451
52,52,"Agent 1",1,1909,1909,2048,17,"pk_gemm(__half const*, __half const*, __half*, int, int, int)",128,17408,0,136,0,128,"SQ_WAVES",64.000000,228719759710,228719941451
53,53,"Agent 1",1,1909,1909,2048,17,"pk_gemm(__half const*, __half const*, __half*, int, int, int)",128,17408,0,136,0,128,"SQ_INSTS_LDS",163840.000000,228719979883,228720162826
53,53,"Agent 1",1,1909,1909,2048,17,"pk_gemm(__half const*, __half const*, __half*, int, int, int)",128,17408,0,136,0,128,"SQ_INSTS_VALU",2868480.000000,228719979883,228720162826
53,53,"Agent 1",1,1909,1909,2048,17,"pk_gemm(__half const*, __half const*, __half*, int, int, int)",128,17408,0,136,0,128,"SQ_WAVES",64.000000,228719979883,228720162826
54,54,"Agent 1",1,1909,1909,2048,17,"pk_gemm(__half const*, __half const*, __half*, int, int, int)",128,17408,0,136,0,128,"SQ_INSTS_LDS",163840.000000,228720200977,228720382758
54,54,"Agent 1",1,1909,1909,2048,17,"pk_gemm(__half const*, __half const*, __half*, int, int, int)",128,17408,0,136,0,128,"SQ_INSTS_VALU",2868480.000000,228720200977,228720382758
54,54,"Agent 1",1,1909,1909,2048,17,"pk_gemm(__half const*, __half const*, __half*, int, int, int)",128,17408,0,136,0,128,"SQ_WAVES",64.000000,228720200977,228720382758
55,55,"Agent 1",1,1909,1909,2048,17,"pk_gemm(__half const*, __half const*, __half*, int, int, int)",128,17408,0,136,0,128,"SQ_INSTS_LDS",163840.000000,228720421791,228720604413
55,55,"Agent 1",1,1909,1909,2048,17,"pk_gemm(__half const*, __half const*, __half*, int, int, int)",128,17408,0,136,0,128,"SQ_INSTS_VALU",2868480.000000,228720421791,228720604413
55,55,"Agent 1",1,1909,1909,2048,17,"pk_gemm(__half const*, __half const*, __half*, int, int, int)",128,17408,0,136,0,128,"SQ_WAVES",64.000000,228720421791,228720604413
56,56,"Agent 1",1,1909,1909,2048,17,"pk_gemm(__half const*, __half const*, __half*, int, int, int)",128,17408,0,136,0,128,"SQ_INSTS_LDS",163840.000000,228720643286,228720825668
56,56,"Agent 1",1,1909,1909,2048,17,"pk_gemm(__half const*, __half const*, __half*, int, int, int)",128,17408,0,136,0,128,"SQ_INSTS_VALU",2868480.000000,228720643286,228720825668
56,56,"Agent 1",1,1909,1909,2048,17,"pk_gemm(__half const*, __half const*, __half*, int, int, int)",128,17408,0,136,0,128,"SQ_WAVES",64.000000,228720643286,228720825668
57,57,"Agent 1",1,1909,1909,2048,17,"pk_gemm(__half const*, __half const*, __half*, int, int, int)",128,17408,0,136,0,128,"SQ_INSTS_LDS",163840.000000,228720863819,228721046041
57,57,"Agent 1",1,1909,1909,2048,17,"pk_gemm(__half const*, __half const*, __half*, int, int, int)",128,17408,0,136,0,128,"SQ_INSTS_VALU",2868480.000000,228720863819,228721046041
57,57,"Agent 1",1,1909,1909,2048,17,"pk_gemm(__half const*, __half const*, __half*, int, int, int)",128,17408,0,136,0,128,"SQ_WAVES",64.000000,228720863819,228721046041
58,58,"Agent 1",1,1909,1909,2048,17,"pk_gemm(__half const*, __half const*, __half*, int, int, int)",128,17408,0,136,0,128,"SQ_INSTS_LDS",163840.000000,228721083311,228721266414
58,58,"Agent 1",1,1909,1909,2048,17,"pk_gemm(__half const*, __half const*, __half*, int, int, int)",128,17408,0,136,0,128,"SQ_INSTS_VALU",2868480.000000,228721083311,228721266414
58,58,"Agent 1",1,1909,1909,2048,17,"pk_gemm(__half const*, __half const*, __half*, int, int, int)",128,17408,0,136,0,128,"SQ_WAVES",64.000000,228721083311,228721266414
59,59,"Agent 1",1,1909,1909,2048,17,"pk_gemm(__half const*, __half const*, __half*, int, int, int)",128,17408,0,136,0,128,"SQ_INSTS_LDS",163840.000000,228721304525,228721486747
59,59,"Agent 1",1,1909,1909,2048,17,"pk_gemm(__half const*, __half const*, __half*, int, int, int)",128,17408,0,136,0,128,"SQ_INSTS_VALU",2868480.000000,228721304525,228721486747
59,59,"Agent 1",1,1909,1909,2048,17,"pk_gemm(__half const*, __half const*, __half*, int, int, int)",128,17408,0,136,0,128,"SQ_WAVES",64.000000,228721304525,228721486747
60,60,"Agent 1",1,1909,1909,2048,17,"pk_gemm(__half const*, __half const*, __half*, int, int, int)",128,17408,0,136,0,128,"SQ_INSTS_LDS",163840.000000,228721524658,228721707240
60,60,"Agent 1",1,1909,1909,2048,17,"pk_gemm(__half const*, __half const*, __half*, int, int, int)",128,17408,0,136,0,128,"SQ_INSTS_VALU",2868480.000000,228721524658,228721707240
60,60,"Agent 1",1,1909,1909,2048,17,"pk_gemm(__half const*, __half const*, __half*, int, int, int)",128,17408,0,136,0,128,"SQ_WAVES",64.000000,228721524658,228721707240
61,61,"Agent 1",1,1909,1909,2048,17,"pk_gemm(__half const*, __half const*, __half*, int, int, int)",128,17408,0,136,0,128,"SQ_INSTS_LDS",163840.000000,228721743989,228721926090
61,61,"Agent 1",1,1909,1909,2048,17,"pk_gemm(__half const*, __half const*, __half*, int, int, int)",128,17408,0,136,0,128,"SQ_INSTS_VALU",2868480.000000,228721743989,228721926090
61,61,"Agent 1",1,1909,1909,2048,17,"pk_gemm(__half const*, __half const*, __half*, int, int, int)",128,17408,0,136,0,128,"SQ_WAVES",64.000000,228721743989,228721926090
62,62,"Agent 1",1,1909,1909,2048,17,"pk_gemm(__half const*, __half const*, __half*, int, int, int)",128,17408,0,136,0,128,"SQ_INSTS_LDS",163840.000000,228721963881,228722146263
62,62,"Agent 1",1,1909,1909,2048,17,"pk_gemm(__half const*, __half const*, __half*, int, int, int)",128,17408,0,136,0,128,"SQ_INSTS_VALU",2868480.000000,228721963881,228722146263
62,62,"Agent 1",1,1909,1909,2048,17,"pk_gemm(__half const*, __half const*, __half*, int, int, int)",128,17408,0,136,0,128,"SQ_WAVES",64.000000,228721963881,228722146263
63,63,"Agent 1",1,1909,1909,2048,17,"pk_gemm(__half const*, __half const*, __half*, int, int, int)",128,17408,0,136,0,128,"SQ_INSTS_LDS",163840.000000,228722183893,228722367317
63,63,"Agent 1",1,1909,1909,2048,17,"pk_gemm(__half const*, __half const*, __half*, int, int, int)",128,17408,0,136,0,128,"SQ_INSTS_VALU",2868480.000000,228722183893,228722367317
63,63,"Agent 1",1,1909,1909,2048,17,"pk_gemm(__half const*, __half const*, __half*, int, int, int)",128,17408,0,136,0,128,"SQ_WAVES",64.000000,228722183893,228722367317
64,64,"Agent 1",1,1909,1909,2048,17,"pk_gemm(__half const*, __half const*, __half*, int, int, int)",128,17408,0,136,0,128,"SQ_INSTS_LDS",163840.000000,228722406190,228722588251
64,64,"Agent 1",1,1909,1909,2048,17,"pk_gemm(__half const*, __half const*, __half*, int, int, int)",128,17408,0,136,0,128,"SQ_INSTS_VALU",2868480.000000,228722406190,228722588251
64,64,"Agent 1",1,1909,1909,2048,17,"pk_gemm(__half const*, __half const*, __half*, int, int, int)",128,17408,0,136,0,128,"SQ_WAVES",64.000000,228722406190,228722588251
65,65,"Agent 1",1,1909,1909,2048,17,"pk_gemm(__half const*, __half const*, __half*, int, int, int)",128,17408,0,136,0,128,"SQ_INSTS_LDS",163840.000000,228722626082,228722809305
65,65,"Agent 1",1,1909,1909,2048,17,"pk_gemm(__half const*, __half const*, __half*, int, int, int)",128,17408,0,136,0,128,"SQ_INSTS_VALU",2868480.000000,228722626082,228722809305
65,65,"Agent 1",1,1909,1909,2048,17,"pk_gemm(__half const*, __half const*, __half*, int, int, int)",128,17408,0,136,0,128,"SQ_WAVES",64.000000,228722626082,228722809305
66,66,"Agent 1",1,1909,1909,2048,17,"pk_gemm(__half const*, __half const*, __half*, int, int, int)",128,17408,0,136,0,128,"SQ_INSTS_LDS",163840.000000,228722845293,228723027554
66,66,"Agent 1",1,1909,1909,2048,17,"pk_gemm(__half const*, __half const*, __half*, int, int, int)",128,17408,0,136,0,128,"SQ_INSTS_VALU",2868480.000000,228722845293,228723027554
66,66,"Agent 1",1,1909,1909,2048,17,"pk_gemm(__half const*, __half const*, __half*, int, int, int)",128,17408,0,136,0,128,"SQ_WAVES",64.000000,228722845293,228723027554
67,67,"Agent 1",1,1909,1909,2048,17,"pk_gemm(__half const*, __half const*, __half*, int, int, int)",128,17408,0,136,0,128,"SQ_INSTS_LDS",163840.000000,228723063982,228723246284
67,67,"Agent 1",1,1909,1909,2048,17,"pk_gemm(__half const*, __half const*, __half*, int, int, int)",128,17408,0,136,0,128,"SQ_INSTS_VALU",2868480.000000,228723063982,228723246284
67,67,"Agent 1",1,1909,1909,2048,17,"pk_gemm(__half const*, __half const*, __half*, int, int, int)",128,17408,0,136,0,128,"SQ_WAVES",64.000000,228723063982,228723246284
68,68,"Agent 1",1,1909,1909,2048,17,"pk_gemm(__half const*, __half const*, __half*, int, int, int)",128,17408,0,136,0,128,"SQ_INSTS_LDS",163840.000000,228723283995,228723466537
68,68,"Agent 1",1,1909,1909,2048,17,"pk_gemm(__half const*, __half const*, __half*, int, int, int)",128,17408,0,136,0,128,"SQ_INSTS_VALU",2868480.000000,228723283995,228723466537
68,68,"Agent 1",1,1909,1909,2048,17,"pk_gemm(__half const*, __half const*, __half*, int, int, int)",128,17408,0,136,0,128,"SQ_WAVES",64.000000,228723283995,228723466537
69,69,"Agent 1",1,1909,1909,2048,17,"pk_gemm(__half const*, __half const*, __half*, int, int, int)",128,17408,0,136,0,128,"SQ_INSTS_LDS",163840.000000,228723504007,228723686068
69,69,"Agent 1",1,1909,1909,2048,17,"pk_gemm(__half const*, __half const*, __half*, int, int, int)",128,17408,0,136,0,128,"SQ_INSTS_VALU",2868480.000000,228723504007,228723686068
69,69,"Agent 1",1,1909,1909,2048,17,"pk_gemm(__half const*, __half const*, __half*, int, int, int)",128,17408,0,136,0,128,"SQ_WAVES",64.000000,228723504007,228723686068
70,70,"Agent 1",1,1909,1909,2048,17,"pk_gemm(__half const*, __half const*, __half*, int, int, int)",128,17408,0,136,0,128,"SQ_INSTS_LDS",163840.000000,228723747704,228723930566
70,70,"Agent 1",1,1909,1909,2048,17,"pk_gemm(__half const*, __half const*, __half*, int, int, int)",128,17408,0,136,0,128,"SQ_INSTS_VALU",2868480.000000,228723747704,228723930566
70,70,"Agent 1",1,1909,1909,2048,17,"pk_gemm(__half const*, __half const*, __half*, int, int, int)",128,17408,0,136,0,128,"SQ_WAVES",64.000000,228723747704,228723930566
71,71,"Agent 1",1,1909,1909,2048,17,"pk_gemm(__half const*, __half const*, __half*, int, int, int)",128,17408,0,136,0,128,"SQ_INSTS_LDS",163840.000000,228723967395,228724149176
71,71,"Agent 1",1,1909,1909,2048,17,"pk_gemm(__half const*, __half const*, __half*, int, int, int)",128,17408,0,136,0,128,"SQ_INSTS_VALU",2868480.000000,228723967395,228724149176
71,71,"Agent 1",1,1909,1909,2048,17,"pk_gemm(__half const*, __half const*, __half*, int, int, int)",128,17408,0,136,0,128,"SQ_WAVES",64.000000,228723967395,228724149176
72,72,"Agent 1",1,1909,1909,2048,17,"pk_gemm(__half const*, __half const*, __half*, int, int, int)",128,17408,0,136,0,128,"SQ_INSTS_LDS",163840.000000,228724187768,228724369790
72,72,"Agent 1",1,1909,1909,2048,17,"pk_gemm(__half const*, __half const*, __half*, int, int, int)",128,17408,0,136,0,128,"SQ_INSTS_VALU",2868480.000000,228724187768,228724369790
72,72,"Agent 1",1,1909,1909,2048,17,"pk_gemm(__half const*, __half const*, __half*, int, int, int)",128,17408,0,136,0,128,"SQ_WAVES",64.000000,228724187768,228724369790
73,73,"Agent 1",1,1909,1909,2048,17,"pk_gemm(__half const*, __half const*, __half*, int, int, int)",128,17408,0,136,0,128,"SQ_INSTS_LDS",163840.000000,228724409744,228724593689
73,73,"Agent 1",1,1909,1909,2048,17,"pk_gemm(__half const*, __half const*, __half*, int, int, int)",128,17408,0,136,0,128,"SQ_INSTS_VALU",2868480.000000,228724409744,228724593689
73,73,"Agent 1",1,1909,1909,2048,17,"pk_gemm(__half const*, __half const*, __half*, int, int, int)",128,17408,0,136,0,128,"SQ_WAVES",64.000000,228724409744,228724593689
74,74,"Agent 1",1,1909,1909,2048,17,"pk_gemm(__half const*, __half const*, __half*, int, int, int)",128,17408,0,136,0,128,"SQ_INSTS_LDS",163840.000000,228724735675,228724939658
74,74,"Agent 1",1,1909,1909,2048,17,"pk_gemm(__half const*, __half const*, __half*, int, int, int)",128,17408,0,136,0,128,"SQ_INSTS_VALU",2868480.000000,228724735675,228724939658
74,74,"Agent 1",1,1909,1909,2048,17,"pk_gemm(__half const*, __half const*, __half*, int, int, int)",128,17408,0,136,0,128,"SQ_WAVES",64.000000,228724735675,228724939658
75,75,"Agent 1",1,1909,1909,2048,17,"pk_gemm(__half const*, __half const*, __half*, int, int, int)",128,17408,0,136,0,128,"SQ_INSTS_LDS",163840.000000,228724980614,228725175499
75,75,"Agent 1",1,1909,1909,2048,17,"pk_gemm(__half const*, __half const*, __half*, int, int, int)",128,17408,0,136,0,128,"SQ_INSTS_VALU",2868480.000000,228724980614,228725175499
75,75,"Agent 1",1,1909,1909,2048,17,"pk_gemm(__half const*, __half const*, __half*, int, int, int)",128,17408,0,136,0,128,"SQ_WAVES",64.000000,228724980614,228725175499
76,76,"Agent 1",1,1909,1909,2048,17,"pk_gemm(__half const*, __half const*, __half*, int, int, int)",128,17408,0,136,0,128,"SQ_INSTS_LDS",163840.000000,228725215815,228725398157
76,76,"Agent 1",1,1909,1909,2048,17,"pk_gemm(__half const*, __half const*, __half*, int, int, int)",128,17408,0,136,0,128,"SQ_INSTS_VALU",2868480.000000,228725215815,228725398157
76,76,"Agent 1",1,1909,1909,2048,17,"pk_gemm(__half const*, __half const*, __half*, int, int, int)",128,17408,0,136,0,128,"SQ_WAVES",64.000000,228725215815,228725398157
77,77,"Agent 1",1,1909,1909,2048,17,"pk_gemm(__half const*, __half const*, __half*, int, int, int)",128,17408,0,136,0,128,"SQ_INSTS_LDS",163840.000000,228725437230,228725619732
77,77,"Agent 1",1,1909,1909,2048,17,"pk_gemm(__half const*, __half const*, __half*, int, int, int)",128,17408,0,136,0,128,"SQ_INSTS_VALU",2868480.000000,228725437230,228725619732
77,77,"Agent 1",1,1909,1909,2048,17,"pk_gemm(__half const*, __half const*, __half*, int, int, int)",128,17408,0,136,0,128,"SQ_WAVES",64.000000,228725437230,228725619732
78,78,"Agent 1",1,1909,1909,2048,17,"pk_gemm(__half const*, __half const*, __half*, int, int, int)",128,17408,0,136,0,128,"SQ_INSTS_LDS",163840.000000,228725658805,228725841227
78,78,"Agent 1",1,1909,1909,2048,17,"pk_gemm(__half const*, __half const*, __half*, int, int, int)",128,17408,0,136,0,128,"SQ_INSTS_VALU",2868480.000000,228725658805,228725841227
78,78,"Agent 1",1,1909,1909,2048,17,"pk_gemm(__half const*, __half const*, __half*, int, int, int)",128,17408,0,136,0,128,"SQ_WAVES",64.000000,228725658805,228725841227
79,79,"Agent 1",1,1909,1909,2048,17,"pk_gemm(__half const*, __half const*, __half*, int, int, int)",128,17408,0,136,0,128,"SQ_INSTS_LDS",163840.000000,228725880140,228726062001
79,79,"Agent 1",1,1909,1909,2048,17,"pk_gemm(__half const*, __half const*, __half*, int, int, int)",128,17408,0,136,0,128,"SQ_INSTS_VALU",2868480.000000,228725880140,228726062001
79,79,"Agent 1",1,1909,1909,2048,17,"pk_gemm(__half const*, __half const*, __half*, int, int, int)",128,17408,0,136,0,128,"SQ_WAVES",64.000000,228725880140,228726062001
80,80,"Agent 1",1,1909,1909,2048,17,"pk_gemm(__half const*, __half const*, __half*, int, int, int)",128,17408,0,136,0,128,"SQ_INSTS_LDS",163840.000000,228726102397,228726285379
80,80,"Agent 1",1,1909,1909,2048,17,"pk_gemm(__half const*, __half const*, __half*, int, int, int)",128,17408,0,136,0,128,"SQ_INSTS_VALU",2868480.000000,228726102397,228726285379
80,80,"Agent 1",1,1909,1909,2048,17,"pk_gemm(__half const*, __half const*, __half*, int, int, int)",128,17408,0,136,0,128,"SQ_WAVES",64.000000,228726102397,228726285379
81,81,"Agent 1",1,1909,1909,2048,17,"pk_gemm(__half const*, __half const*, __half*, int, int, int)",128,17408,0,136,0,128,"SQ_INSTS_LDS",163840.000000,228726325895,228726508598
81,81,"Agent 1",1,1909,1909,2048,17,"pk_gemm(__half const*, __half const*, __half*, int, int, int)",128,17408,0,136,0,128,"SQ_INSTS_VALU",2868480.000000,228726325895,228726508598
81,81,"Agent 1",1,1909,1909,2048,17,"pk_gemm(__half const*, __half const*, __half*, int, int, int)",128,17408,0,136,0,128,"SQ_WAVES",64.000000,228726325895,228726508598
82,82,"Agent 1",1,1909,1909,2048,17,"pk_gemm(__half const*, __half const*, __half*, int, int, int)",128,17408,0,136,0,128,"SQ_INSTS_LDS",163840.000000,228726546669,228726728931
82,82,"Agent 1",1,1909,1909,2048,17,"pk_gemm(__half const*, __half const*, __half*, int, int, int)",128,17408,0,136,0,128,"SQ_INSTS_VALU",2868480.000000,228726546669,228726728931
82,82,"Agent 1",1,1909,1909,2048,17,"pk_gemm(__half const*, __half const*, __half*, int, int, int)",128,17408,0,136,0,128,"SQ_WAVES",64.000000,228726546669,228726728931
83,83,"Agent 1",1,1909,1909,2048,17,"pk_gemm(__half const*, __half const*, __half*, int, int, int)",128,17408,0,136,0,128,"SQ_INSTS_LDS",163840.000000,228726766160,228726949023
83,83,"Agent 1",1,1909,1909,2048,17,"pk_gemm(__half const*, __half const*, __half*, int, int, int)",128,17408,0,136,0,128,"SQ_INSTS_VALU",2868480.000000,228726766160,228726949023
83,83,"Agent 1",1,1909,1909,2048,17,"pk_gemm(__half const*, __half const*, __half*, int, int, int)",128,17408,0,136,0,128,"SQ_WAVES",64.000000,228726766160,228726949023
84,84,"Agent 1",1,1909,1909,2048,17,"pk_gemm(__half const*, __half const*, __half*, int, int, int)",128,17408,0,136,0,128,"SQ_INSTS_LDS",163840.000000,228726988617,228727170478
84,84,"Agent 1",1,1909,1909,2048,17,"pk_gemm(__half const*, __half const*, __half*, int, int, int)",128,17408,0,136,0,128,"SQ_INSTS_VALU",2868480.000000,228726988617,228727170478
84,84,"Agent 1",1,1909,1909,2048,17,"pk_gemm(__half const*, __half const*, __half*, int, int, int)",128,17408,0,136,0,128,"SQ_WAVES",64.000000,228726988617,228727170478
85,85,"Agent 1",1,1909,1909,2048,17,"pk_gemm(__half const*, __half const*, __half*, int, int, int)",128,17408,0,136,0,128,"SQ_INSTS_LDS",163840.000000,228727209631,228727392695
85,85,"Agent 1",1,1909,1909,2048,17,"pk_gemm(__half const*, __half const*, __half*, int, int, int)",128,17408,0,136,0,128,"SQ_INSTS_VALU",2868480.000000,228727209631,228727392695
85,85,"Agent 1",1,1909,1909,2048,17,"pk_gemm(__half const*, __half const*, __half*, int, int, int)",128,17408,0,136,0,128,"SQ_WAVES",64.000000,228727209631,228727392695
86,86,"Agent 1",1,1909,1909,2048,17,"pk_gemm(__half const*, __half const*, __half*, int, int, int)",128,17408,0,136,0,128,"SQ_INSTS_LDS",163840.000000,228727428802,228727610863
86,86,"Agent 1",1,1909,1909,2048,17,"pk_gemm(__half const*, __half const*, __half*, int, int, int)",128,17408,0,136,0,128,"SQ_INSTS_VALU",2868480.000000,228727428802,228727610863
86,86,"Agent 1",1,1909,1909,2048,17,"pk_gemm(__half const*, __half const*, __half*, int, int, int)",128,17408,0,136,0,128,"SQ_WAVES",64.000000,228727428802,228727610863
87,87,"Agent 1",1,1909,1909,2048,17,"pk_gemm(__half const*, __half const*, __half*, int, int, int)",128,17408,0,136,0,128,"SQ_INSTS_LDS",163840.000000,228727648294,228727830435
87,87,"Agent 1",1,1909,1909,2048,17,"pk_gemm(__half const*, __half const*, __half*, int, int, int)",128,17408,0,136,0,128,"SQ_INSTS_VALU",2868480.000000,228727648294,228727830435
87,87,"Agent 1",1,1909,1909,2048,17,"pk_gemm(__half const*, __half const*, __half*, int, int, int)",128,17408,0,136,0,128,"SQ_WAVES",64.000000,228727648294,228727830435
88,88,"Agent 1",1,1909,1909,2048,17,"pk_gemm(__half const*, __half const*, __half*, int, int, int)",128,17408,0,136,0,128,"SQ_INSTS_LDS",163840.000000,228727867504,228728050006
88,88,"Agent 1",1,1909,1909,2048,17,"pk_gemm(__half const*, __half const*, __half*, int, int, int)",128,17408,0,136,0,128,"SQ_INSTS_VALU",2868480.000000,228727867504,228728050006
88,88,"Agent 1",1,1909,1909,2048,17,"pk_gemm(__half const*, __half const*, __half*, int, int, int)",128,17408,0,136,0,128,"SQ_WAVES",64.000000,228727867504,228728050006
89,89,"Agent 1",1,1909,1909,2048,17,"pk_gemm(__half const*, __half const*, __half*, int, int, int)",128,17408,0,136,0,128,"SQ_INSTS_LDS",163840.000000,228728087837,228728270219
89,89,"Agent 1",1,1909,1909,2048,17,"pk_gemm(__half const*, __half const*, __half*, int, int, int)",128,17408,0,136,0,128,"SQ_INSTS_VALU",2868480.000000,228728087837,228728270219
89,89,"Agent 1",1,1909,1909,2048,17,"pk_gemm(__half const*, __half const*, __half*, int, int, int)",128,17408,0,136,0,128,"SQ_WAVES",64.000000,228728087837,228728270219
90,90,"Agent 1",1,1909,1909,2048,17,"pk_gemm(__half const*, __half const*, __half*, int, int, int)",128,17408,0,136,0,128,"SQ_INSTS_LDS",163840.000000,228728308811,228728491955
90,90,"Agent 1",1,1909,1909,2048,17,"pk_gemm(__half const*, __half const*, __half*, int, int, int)",128,17408,0,136,0,128,"SQ_INSTS_VALU",2868480.000000,228728308811,228728491955
90,90,"Agent 1",1,1909,1909,2048,17,"pk_gemm(__half const*, __half const*, __half*, int, int, int)",128,17408,0,136,0,128,"SQ_WAVES",64.000000,228728308811,228728491955
91,91,"Agent 1",1,1909,1909,2048,17,"pk_gemm(__half const*, __half const*, __half*, int, int, int)",128,17408,0,136,0,128,"SQ_INSTS_LDS",163840.000000,228728528824,228728711125
91,91,"Agent 1",1,1909,1909,2048,17,"pk_gemm(__half const*, __half const*, __half*, int, int, int)",128,17408,0,136,0,128,"SQ_INSTS_VALU",2868480.000000,228728528824,228728711125
91,91,"Agent 1",1,1909,1909,2048,17,"pk_gemm(__half const*, __half const*, __half*, int, int, int)",128,17408,0,136,0,128,"SQ_WAVES",64.000000,228728528824,228728711125
92,92,"Agent 1",1,1909,1909,2048,17,"pk_gemm(__half const*, __half const*, __half*, int, int, int)",128,17408,0,136,0,128,"SQ_INSTS_LDS",163840.000000,228728749317,228728930977
92,92,"Agent 1",1,1909,1909,2048,17,"pk_gemm(__half const*, __half const*, __half*, int, int, int)",128,17408,0,136,0,128,"SQ_INSTS_VALU",2868480.000000,228728749317,228728930977
92,92,"Agent 1",1,1909,1909,2048,17,"pk_gemm(__half const*, __half const*, __half*, int, int, int)",128,17408,0,136,0,128,"SQ_WAVES",64.000000,228728749317,228728930977
93,93,"Agent 1",1,1909,1909,2048,17,"pk_gemm(__half const*, __half const*, __half*, int, int, int)",128,17408,0,136,0,128,"SQ_INSTS_LDS",163840.000000,228728968207,228729151671
93,93,"Agent 1",1,1909,1909,2048,17,"pk_gemm(__half const*, __half const*, __half*, int, int, int)",128,17408,0,136,0,128,"SQ_INSTS_VALU",2868480.000000,228728968207,228729151671
93,93,"Agent 1",1,1909,1909,2048,17,"pk_gemm(__half const*, __half const*, __half*, int, int, int)",128,17408,0,136,0,128,"SQ_WAVES",64.000000,228728968207,228729151671
94,94,"Agent 1",1,1909,1909,2048,17,"pk_gemm(__half const*, __half const*, __half*, int, int, int)",128,17408,0,136,0,128,"SQ_INSTS_LDS",163840.000000,228729189862,228729372204
94,94,"Agent 1",1,1909,1909,2048,17,"pk_gemm(__half const*, __half const*, __half*, int, int, int)",128,17408,0,136,0,128,"SQ_INSTS_VALU",2868480.000000,228729189862,228729372204
94,94,"Agent 1",1,1909,1909,2048,17,"pk_gemm(__half const*, __half const*, __half*, int, int, int)",128,17408,0,136,0,128,"SQ_WAVES",64.000000,228729189862,228729372204
95,95,"Agent 1",1,1909,1909,2048,17,"pk_gemm(__half const*, __half const*, __half*, int, int, int)",128,17408,0,136,0,128,"SQ_INSTS_LDS",163840.000000,228729410396,228729594421
95,95,"Agent 1",1,1909,1909,2048,17,"pk_gemm(__half const*, __half const*, __half*, int, int, int)",128,17408,0,136,0,128,"SQ_INSTS_VALU",2868480.000000,228729410396,228729594421
95,95,"Agent 1",1,1909,1909,2048,17,"pk_gemm(__half const*, __half const*, __half*, int, int, int)",128,17408,0,136,0,128,"SQ_WAVES",64.000000,228729410396,228729594421
96,96,"Agent 1",1,1909,1909,2048,17,"pk_gemm(__half const*, __half const*, __half*, int, int, int)",128,17408,0,136,0,128,"SQ_INSTS_LDS",163840.000000,228729632452,228729814713
96,96,"Agent 1",1,1909,1909,2048,17,"pk_gemm(__half const*, __half const*, __half*, int, int, int)",128,17408,0,136,0,128,"SQ_INSTS_VALU",2868480.000000,228729632452,228729814713
96,96,"Agent 1",1,1909,1909,2048,17,"pk_gemm(__half const*, __half const*, __half*, int, int, int)",128,17408,0,136,0,128,"SQ_WAVES",64.000000,228729632452,228729814713
97,97,"Agent 1",1,1909,1909,2048,17,"pk_gemm(__half const*, __half const*, __half*, int, int, int)",128,17408,0,136,0,128,"SQ_INSTS_LDS",163840.000000,228729851262,228730033564
97,97,"Agent 1",1,1909,1909,2048,17,"pk_gemm(__half const*, __half const*, __half*, int, int, int)",128,17408,0,136,0,128,"SQ_INSTS_VALU",2868480.000000,228729851262,228730033564
97,97,"Agent 1",1,1909,1909,2048,17,"pk_gemm(__half const*, __half const*, __half*, int, int, int)",128,17408,0,136,0,128,"SQ_WAVES",64.000000,228729851262,228730033564
98,98,"Agent 1",1,1909,1909,2048,17,"pk_gemm(__half const*, __half const*, __half*, int, int, int)",128,17408,0,136,0,128,"SQ_INSTS_LDS",163840.000000,228730070753,228730253977
98,98,"Agent 1",1,1909,1909,2048,17,"pk_gemm(__half const*, __half const*, __half*, int, int, int)",128,17408,0,136,0,128,"SQ_INSTS_VALU",2868480.000000,228730070753,228730253977
98,98,"Agent 1",1,1909,1909,2048,17,"pk_gemm(__half const*, __half const*, __half*, int, int, int)",128,17408,0,136,0,128,"SQ_WAVES",64.000000,228730070753,228730253977
99,99,"Agent 1",1,1909,1909,2048,17,"pk_gemm(__half const*, __half const*, __half*, int, int, int)",128,17408,0,136,0,128,"SQ_INSTS_LDS",163840.000000,228730291487,228730474189
99,99,"Agent 1",1,1909,1909,2048,17,"pk_gemm(__half const*, __half const*, __half*, int, int, int)",128,17408,0,136,0,128,"SQ_INSTS_VALU",2868480.000000,228730291487,228730474189
99,99,"Agent 1",1,1909,1909,2048,17,"pk_gemm(__half const*, __half const*, __half*, int, int, int)",128,17408,0,136,0,128,"SQ_WAVES",64.000000,228730291487,228730474189
100,100,"Agent 1",1,1909,1909,2048,17,"pk_gemm(__half const*, __half const*, __half*, int, int, int)",128,17408,0,136,0,128,"SQ_INSTS_LDS",163840.000000,228730538109,228730720972
100,100,"Agent 1",1,1909,1909,2048,17,"pk_gemm(__half const*, __half const*, __half*, int, int, int)",128,17408,0,136,0,128,"SQ_INSTS_VALU",2868480.000000,228730538109,228730720972
100,100,"Agent 1",1,1909,1909,2048,17,"pk_gemm(__half const*, __half const*, __half*, int, int, int)",128,17408,0,136,0,128,"SQ_WAVES",64.000000,228730538109,228730720972
101,101,"Agent 1",1,1909,1909,2048,17,"pk_gemm(__half const*, __half const*, __half*, int, int, int)",128,17408,0,136,0,128,"SQ_INSTS_LDS",163840.000000,228730757921,228730940623
101,101,"Agent 1",1,1909,1909,2048,17,"pk_gemm(__half const*, __half const*, __half*, int, int, int)",128,17408,0,136,0,128,"SQ_INSTS_VALU",2868480.000000,228730757921,228730940623
101,101,"Agent 1",1,1909,1909,2048,17,"pk_gemm(__half const*, __half const*, __half*, int, int, int)",128,17408,0,136,0,128,"SQ_WAVES",64.000000,228730757921,228730940623
102,102,"Agent 1",1,1909,1909,2048,17,"pk_gemm(__half const*, __half const*, __half*, int, int, int)",128,17408,0,136,0,128,"SQ_INSTS_LDS",163840.000000,228730977893,228731159954
102,102,"Agent 1",1,1909,1909,2048,17,"pk_gemm(__half const*, __half const*, __half*, int, int, int)",128,17408,0,136,0,128,"SQ_INSTS_VALU",2868480.000000,228730977893,228731159954
102,102,"Agent 1",1,1909,1909,2048,17,"pk_gemm(__half const*, __half const*, __half*, int, int, int)",128,17408,0,136,0,128,"SQ_WAVES",64.000000,228730977893,228731159954
103,103,"Agent 1",1,1909,1909,2048,17,"pk_gemm(__half const*, __half const*, __half*, int, int, int)",128,17408,0,136,0,128,"SQ_INSTS_LDS",163840.000000,228731202514,228731385778
103,103,"Agent 1",1,1909,1909,2048,17,"pk_gemm(__half const*, __half const*, __half*, int, int, int)",128,17408,0,136,0,128,"SQ_INSTS_VALU",2868480.000000,228731202514,228731385778
103,103,"Agent 1",1,1909,1909,2048,17,"pk_gemm(__half const*, __half const*, __half*, int, int, int)",128,17408,0,136,0,128,"SQ_WAVES",64.000000,228731202514,228731385778
104,104,"Agent 1",1,1909,1909,2048,17,"pk_gemm(__half const*, __half const*, __half*, int, int, int)",128,17408,0,136,0,128,"SQ_INSTS_LDS",163840.000000,228731423729,228731606151
104,104,"Agent 1",1,1909,1909,2048,17,"pk_gemm(__half const*, __half const*, __half*, int, int, int)",128,17408,0,136,0,128,"SQ_INSTS_VALU",2868480.000000,228731423729,228731606151
104,104,"Agent 1",1,1909,1909,2048,17,"pk_gemm(__half const*, __half const*, __half*, int, int, int)",128,17408,0,136,0,128,"SQ_WAVES",64.000000,228731423729,228731606151
105,105,"Agent 1",1,1909,1909,2048,17,"pk_gemm(__half const*, __half const*, __half*, int, int, int)",128,17408,0,136,0,128,"SQ_INSTS_LDS",163840.000000,228731644583,228731827445
105,105,"Agent 1",1,1909,1909,2048,17,"pk_gemm(__half const*, __half const*, __half*, int, int, int)",128,17408,0,136,0,128,"SQ_INSTS_VALU",2868480.000000,228731644583,228731827445
105,105,"Agent 1",1,1909,1909,2048,17,"pk_gemm(__half const*, __half const*, __half*, int, int, int)",128,17408,0,136,0,128,"SQ_WAVES",64.000000,228731644583,228731827445
106,106,"Agent 1",1,1909,1909,2048,17,"pk_gemm(__half const*, __half const*, __half*, int, int, int)",128,17408,0,136,0,128,"SQ_INSTS_LDS",163840.000000,228731867841,228732050183
106,106,"Agent 1",1,1909,1909,2048,17,"pk_gemm(__half const*, __half const*, __half*, int, int, int)",128,17408,0,136,0,128,"SQ_INSTS_VALU",2868480.000000,228731867841,228732050183
106,106,"Agent 1",1,1909,1909,2048,17,"pk_gemm(__half const*, __half const*, __half*, int, int, int)",128,17408,0,136,0,128,"SQ_WAVES",64.000000,228731867841,228732050183
107,107,"Agent 1",1,1909,1909,2048,17,"pk_gemm(__half const*, __half const*, __half*, int, int, int)",128,17408,0,136,0,128,"SQ_INSTS_LDS",163840.000000,228732090859,228732273000
107,107,"Agent 1",1,1909,1909,2048,17,"pk_gemm(__half const*, __half const*, __half*, int, int, int)",128,17408,0,136,0,128,"SQ_INSTS_VALU",2868480.000000,228732090859,228732273000
107,107,"Agent 1",1,1909,1909,2048,17,"pk_gemm(__half const*, __half const*, __half*, int, int, int)",128,17408,0,136,0,128,"SQ_WAVES",64.000000,228732090859,228732273000
108,108,"Agent 1",1,1909,1909,2048,17,"pk_gemm(__half const*, __half const*, __half*, int, int, int)",128,17408,0,136,0,128,"SQ_INSTS_LDS",163840.000000,228732313075,228732495938
108,108,"Agent 1",1,1909,1909,2048,17,"pk_gemm(__half const*, __half const*, __half*, int, int, int)",128,17408,0,136,0,128,"SQ_INSTS_VALU",2868480.000000,228732313075,228732495938
108,108,"Agent 1",1,1909,1909,2048,17,"pk_gemm(__half const*, __half const*, __half*, int, int, int)",128,17408,0,136,0,128,"SQ_WAVES",64.000000,228732313075,228732495938
109,109,"Agent 1",1,1909,1909,2048,17,"pk_gemm(__half const*, __half const*, __half*, int, int, int)",128,17408,0,136,0,128,"SQ_INSTS_LDS",163840.000000,228732535826,228732717887
109,109,"Agent 1",1,1909,1909,2048,17,"pk_gemm(__half const*, __half const*, __half*, int, int, int)",128,17408,0,136,0,128,"SQ_INSTS_VALU",2868480.000000,228732535826,228732717887
109,109,"Agent 1",1,1909,1909,2048,17,"pk_gemm(__half const*, __half const*, __half*, int, int, int)",128,17408,0,136,0,128,"SQ_WAVES",64.000000,228732535826,228732717887
110,110,"Agent 1",1,1909,1909,2048,17,"pk_gemm(__half const*, __half const*, __half*, int, int, int)",128,17408,0,136,0,128,"SQ_INSTS_LDS",163840.000000,228732761567,228732944991
110,110,"Agent 1",1,1909,1909,2048,17,"pk_gemm(__half const*, __half const*, __half*, int, int, int)",128,17408,0,136,0,128,"SQ_INSTS_VALU",2868480.000000,228732761567,228732944991
110,110,"Agent 1",1,1909,1909,2048,17,"pk_gemm(__half const*, __half const*, __half*, int, int, int)",128,17408,0,136,0,128,"SQ_WAVES",64.000000,228732761567,228732944991
111,111,"Agent 1",1,1909,1909,2048,17,"pk_gemm(__half const*, __half const*, __half*, int, int, int)",128,17408,0,136,0,128,"SQ_INSTS_LDS",163840.000000,228732982822,228733165123
111,111,"Agent 1",1,1909,1909,2048,17,"pk_gemm(__half const*, __half const*, __half*, int, int, int)",128,17408,0,136,0,128,"SQ_INSTS_VALU",2868480.000000,228732982822,228733165123
111,111,"Agent 1",1,1909,1909,2048,17,"pk_gemm(__half const*, __half const*, __half*, int, int, int)",128,17408,0,136,0,128,"SQ_WAVES",64.000000,228732982822,228733165123
112,112,"Agent 1",1,1909,1909,2048,17,"pk_gemm(__half const*, __half const*, __half*, int, int, int)",128,17408,0,136,0,128,"SQ_INSTS_LDS",163840.000000,228733204116,228733386016
112,112,"Agent 1",1,1909,1909,2048,17,"pk_gemm(__half const*, __half const*, __half*, int, int, int)",128,17408,0,136,0,128,"SQ_INSTS_VALU",2868480.000000,228733204116,228733386016
112,112,"Agent 1",1,1909,1909,2048,17,"pk_gemm(__half const*, __half const*, __half*, int, int, int)",128,17408,0,136,0,128,"SQ_WAVES",64.000000,228733204116,228733386016
113,113,"Agent 1",1,1909,1909,2048,17,"pk_gemm(__half const*, __half const*, __half*, int, int, int)",128,17408,0,136,0,128,"SQ_INSTS_LDS",163840.000000,228733425410,228733608353
113,113,"Agent 1",1,1909,1909,2048,17,"pk_gemm(__half const*, __half const*, __half*, int, int, int)",128,17408,0,136,0,128,"SQ_INSTS_VALU",2868480.000000,228733425410,228733608353
113,113,"Agent 1",1,1909,1909,2048,17,"pk_gemm(__half const*, __half const*, __half*, int, int, int)",128,17408,0,136,0,128,"SQ_WAVES",64.000000,228733425410,228733608353
114,114,"Agent 1",1,1909,1909,2048,17,"pk_gemm(__half const*, __half const*, __half*, int, int, int)",128,17408,0,136,0,128,"SQ_INSTS_LDS",163840.000000,228733646865,228733828966
114,114,"Agent 1",1,1909,1909,2048,17,"pk_gemm(__half const*, __half const*, __half*, int, int, int)",128,17408,0,136,0,128,"SQ_INSTS_VALU",2868480.000000,228733646865,228733828966
114,114,"Agent 1",1,1909,1909,2048,17,"pk_gemm(__half const*, __half const*, __half*, int, int, int)",128,17408,0,136,0,128,"SQ_WAVES",64.000000,228733646865,228733828966
115,115,"Agent 1",1,1909,1909,2048,17,"pk_gemm(__half const*, __half const*, __half*, int, int, int)",128,17408,0,136,0,128,"SQ_INSTS_LDS",163840.000000,228733865073,228734048457
115,115,"Agent 1",1,1909,1909,2048,17,"pk_gemm(__half const*, __half const*, __half*, int, int, int)",128,17408,0,136,0,128,"SQ_INSTS_VALU",2868480.000000,228733865073,228734048457
115,115,"Agent 1",1,1909,1909,2048,17,"pk_gemm(__half const*, __half const*, __half*, int, int, int)",128,17408,0,136,0,128,"SQ_WAVES",64.000000,228733865073,228734048457
116,116,"Agent 1",1,1909,1909,2048,17,"pk_gemm(__half const*, __half const*, __half*, int, int, int)",128,17408,0,136,0,128,"SQ_INSTS_LDS",163840.000000,228734085967,228734268148
116,116,"Agent 1",1,1909,1909,2048,17,"pk_gemm(__half const*, __half const*, __half*, int, int, int)",128,17408,0,136,0,128,"SQ_INSTS_VALU",2868480.000000,228734085967,228734268148
116,116,"Agent 1",1,1909,1909,2048,17,"pk_gemm(__half const*, __half const*, __half*, int, int, int)",128,17408,0,136,0,128,"SQ_WAVES",64.000000,228734085967,228734268148
117,117,"Agent 1",1,1909,1909,2048,17,"pk_gemm(__half const*, __half const*, __half*, int, int, int)",128,17408,0,136,0,128,"SQ_INSTS_LDS",163840.000000,228734306059,228734487719
117,117,"Agent 1",1,1909,1909,2048,17,"pk_gemm(__half const*, __half const*, __half*, int, int, int)",128,17408,0,136,0,128,"SQ_INSTS_VALU",2868480.000000,228734306059,228734487719
117,117,"Agent 1",1,1909,1909,2048,17,"pk_gemm(__half const*, __half const*, __half*, int, int, int)",128,17408,0,136,0,128,"SQ_WAVES",64.000000,228734306059,228734487719
118,118,"Agent 1",1,1909,1909,2048,17,"pk_gemm(__half const*, __half const*, __half*, int, int, int)",128,17408,0,136,0,128,"SQ_INSTS_LDS",163840.000000,228734524909,228734707651
118,118,"Agent 1",1,1909,1909,2048,17,"pk_gemm(__half const*, __half const*, __half*, int, int, int)",128,17408,0,136,0,128,"SQ_INSTS_VALU",2868480.000000,228734524909,228734707651
118,118,"Agent 1",1,1909,1909,2048,17,"pk_gemm(__half const*, __half const*, __half*, int, int, int)",128,17408,0,136,0,128,"SQ_WAVES",64.000000,228734524909,228734707651
119,119,"Agent 1",1,1909,1909,2048,17,"pk_gemm(__half const*, __half const*, __half*, int, int, int)",128,17408,0,136,0,128,"SQ_INSTS_LDS",163840.000000,228734745682,228734928304
119,119,"Agent 1",1,1909,1909,2048,17,"pk_gemm(__half const*, __half const*, __half*, int, int, int)",128,17408,0,136,0,128,"SQ_INSTS_VALU",2868480.000000,228734745682,228734928304
119,119,"Agent 1",1,1909,1909,2048,17,"pk_gemm(__half const*, __half const*, __half*, int, int, int)",128,17408,0,136,0,128,"SQ_WAVES",64.000000,228734745682,228734928304
120,120,"Agent 1",1,1909,1909,2048,17,"pk_gemm(__half const*, __half const*, __half*, int, int, int)",128,17408,0,136,0,128,"SQ_INSTS_LDS",163840.000000,228734964532,228735147635
120,120,"Agent 1",1,1909,1909,2048,17,"pk_gemm(__half const*, __half const*, __half*, int, int, int)",128,17408,0,136,0,128,"SQ_INSTS_VALU",2868480.000000,228734964532,228735147635
120,120,"Agent 1",1,1909,1909,2048,17,"pk_gemm(__half const*, __half const*, __half*, int, int, int)",128,17408,0,136,0,128,"SQ_WAVES",64.000000,228734964532,228735147635
121,121,"Agent 1",1,1909,1909,2048,17,"pk_gemm(__half const*, __half const*, __half*, int, int, int)",128,17408,0,136,0,128,"SQ_INSTS_LDS",163840.000000,228735184784,228735367005
121,121,"Agent 1",1,1909,1909,2048,17,"pk_gemm(__half const*, __half const*, __half*, int, int, int)",128,17408,0,136,0,128,"SQ_INSTS_VALU",2868480.000000,228735184784,228735367005
121,121,"Agent 1",1,1909,1909,2048,17,"pk_gemm(__half const*, __half const*, __half*, int, int, int)",128,17408,0,136,0,128,"SQ_WAVES",64.000000,228735184784,228735367005
122,122,"Agent 1",1,1909,1909,2048,17,"pk_gemm(__half const*, __half const*, __half*, int, int, int)",128,17408,0,136,0,128,"SQ_INSTS_LDS",163840.000000,228735403193,228735585134
122,122,"Agent 1",1,1909,1909,2048,17,"pk_gemm(__half const*, __half const*, __half*, int, int, int)",128,17408,0,136,0,128,"SQ_INSTS_VALU",2868480.000000,228735403193,228735585134
122,122,"Agent 1",1,1909,1909,2048,17,"pk_gemm(__half const*, __half const*, __half*, int, int, int)",128,17408,0,136,0,128,"SQ_WAVES",64.000000,228735403193,228735585134
123,123,"Agent 1",1,1909,1909,2048,17,"pk_gemm(__half const*, __half const*, __half*, int, int, int)",128,17408,0,136,0,128,"SQ_INSTS_LDS",163840.000000,228735621161,228735804304
123,123,"Agent 1",1,1909,1909,2048,17,"pk_gemm(__half const*, __half const*, __half*, int, int, int)",128,17408,0,136,0,128,"SQ_INSTS_VALU",2868480.000000,228735621161,228735804304
123,123,"Agent 1",1,1909,1909,2048,17,"pk_gemm(__half const*, __half const*, __half*, int, int, int)",128,17408,0,136,0,128,"SQ_WAVES",64.000000,228735621161,228735804304
124,124,"Agent 1",1,1909,1909,2048,17,"pk_gemm(__half const*, __half const*, __half*, int, int, int)",128,17408,0,136,0,128,"SQ_INSTS_LDS",163840.000000,228735842576,228736024597
124,124,"Agent 1",1,1909,1909,2048,17,"pk_gemm(__half const*, __half const*, __half*, int, int, int)",128,17408,0,136,0,128,"SQ_INSTS_VALU",2868480.000000,228735842576,228736024597
124,124,"Agent 1",1,1909,1909,2048,17,"pk_gemm(__half const*, __half const*, __half*, int, int, int)",128,17408,0,136,0,128,"SQ_WAVES",64.000000,228735842576,228736024597
125,125,"Agent 1",1,1909,1909,2048,17,"pk_gemm(__half const*, __half const*, __half*, int, int, int)",128,17408,0,136,0,128,"SQ_INSTS_LDS",163840.000000,228736062668,228736245610
125,125,"Agent 1",1,1909,1909,2048,17,"pk_gemm(__half const*, __half const*, __half*, int, int, int)",128,17408,0,136,0,128,"SQ_INSTS_VALU",2868480.000000,228736062668,228736245610
125,125,"Agent 1",1,1909,1909,2048,17,"pk_gemm(__half const*, __half const*, __half*, int, int, int)",128,17408,0,136,0,128,"SQ_WAVES",64.000000,228736062668,228736245610
126,126,"Agent 1",1,1909,1909,2048,17,"pk_gemm(__half const*, __half const*, __half*, int, int, int)",128,17408,0,136,0,128,"SQ_INSTS_LDS",163840.000000,228736282159,228736464340
126,126,"Agent 1",1,1909,1909,2048,17,"pk_gemm(__half const*, __half const*, __half*, int, int, int)",128,17408,0,136,0,128,"SQ_INSTS_VALU",2868480.000000,228736282159,228736464340
126,126,"Agent 1",1,1909,1909,2048,17,"pk_gemm(__half const*, __half const*, __half*, int, int, int)",128,17408,0,136,0,128,"SQ_WAVES",64.000000,228736282159,228736464340
127,127,"Agent 1",1,1909,1909,2048,17,"pk_gemm(__half const*, __half const*, __half*, int, int, int)",128,17408,0,136,0,128,"SQ_INSTS_LDS",163840.000000,228736501409,228736683630
127,127,"Agent 1",1,1909,1909,2048,17,"pk_gemm(__half const*, __half const*, __half*, int, int, int)",128,17408,0,136,0,128,"SQ_INSTS_VALU",2868480.000000,228736501409,228736683630
127,127,"Agent 1",1,1909,1909,2048,17,"pk_gemm(__half const*, __half const*, __half*, int, int, int)",128,17408,0,136,0,128,"SQ_WAVES",64.000000,228736501409,228736683630
128,128,"Agent 1",1,1909,1909,2048,17,"pk_gemm(__half const*, __half const*, __half*, int, int, int)",128,17408,0,136,0,128,"SQ_INSTS_LDS",163840.000000,228736719658,228736902240
128,128,"Agent 1",1,1909,1909,2048,17,"pk_gemm(__half const*, __half const*, __half*, int, int, int)",128,17408,0,136,0,128,"SQ_INSTS_VALU",2868480.000000,228736719658,228736902240
128,128,"Agent 1",1,1909,1909,2048,17,"pk_gemm(__half const*, __half const*, __half*, int, int, int)",128,17408,0,136,0,128,"SQ_WAVES",64.000000,228736719658,228736902240
129,129,"Agent 1",1,1909,1909,2048,17,"pk_gemm(__half const*, __half const*, __half*, int, int, int)",128,17408,0,136,0,128,"SQ_INSTS_LDS",163840.000000,228736939149,228737121971
129,129,"Agent 1",1,1909,1909,2048,17,"pk_gemm(__half const*, __half const*, __half*, int, int, int)",128,17408,0,136,0,128,"SQ_INSTS_VALU",2868480.000000,228736939149,228737121971
129,129,"Agent 1",1,1909,1909,2048,17,"pk_gemm(__half const*, __half const*, __half*, int, int, int)",128,17408,0,136,0,128,"SQ_WAVES",64.000000,228736939149,228737121971
130,130,"Agent 1",1,1909,1909,8192,17,"pk_gemm(__half const*, __half const*, __half*, int, int, int)",128,17408,0,136,0,128,"SQ_INSTS_LDS",1310720.000000,228764599496,228765239214
130,130,"Agent 1",1,1909,1909,8192,17,"pk_gemm(__half const*, __half const*, __half*, int, int, int)",128,17408,0,136,0,128,"SQ_INSTS_VALU",22828032.000000,228764599496,228765239214
130,130,"Agent 1",1,1909,1909,8192,17,"pk_gemm(__half const*, __half const*, __half*, int, int, int)",128,17408,0,136,0,128,"SQ_WAVES",256.000000,228764599496,228765239214
131,131,"Agent 1",1,1909,1909,8192,17,"pk_gemm(__half const*, __half const*, __half*, int, int, int)",128,17408,0,136,0,128,"SQ_INSTS_LDS",1310720.000000,228765280010,228765879493
131,131,"Agent 1",1,1909,1909,8192,17,"pk_gemm(__half const*, __half const*, __half*, int, int, int)",128,17408,0,136,0,128,"SQ_INSTS_VALU",22828032.000000,228765280010,228765879493
131,131,"Agent 1",1,1909,1909,8192,17,"pk_gemm(__half const*, __half const*, __half*, int, int, int)",128,17408,0,136,0,128,"SQ_WAVES",256.000000,228765280010,228765879493
132,132,"Agent 1",1,1909,1909,8192,17,"pk_gemm(__half const*, __half const*, __half*, int, int, int)",128,17408,0,136,0,128,"SQ_INSTS_LDS",1310720.000000,228765918566,228766547383
132,132,"Agent 1",1,1909,1909,8192,17,"pk_gemm(__half const*, __half const*, __half*, int, int, int)",128,17408,0,136,0,128,"SQ_INSTS_VALU",22828032.000000,228765918566,228766547383
132,132,"Agent 1",1,1909,1909,8192,17,"pk_gemm(__half const*, __half const*, __half*, int, int, int)",128,17408,0,136,0,128,"SQ_WAVES",256.000000,228765918566,228766547383
133,133,"Agent 1",1,1909,1909,8192,17,"pk_gemm(__half const*, __half const*, __half*, int, int, int)",128,17408,0,136,0,128,"SQ_INSTS_LDS",1310720.000000,228766588099,228767214592
133,133,"Agent 1",1,1909,1909,8192,17,"pk_gemm(__half const*, __half const*, __half*, int, int, int)",128,17408,0,136,0,128,"SQ_INSTS_VALU",22828032.000000,228766588099,228767214592
133,133,"Agent 1",1,1909,1909,8192,17,"pk_gemm(__half const*, __half const*, __half*, int, int, int)",128,17408,0,136,0,128,"SQ_WAVES",256.000000,228766588099,228767214592
134,134,"Agent 1",1,1909,1909,8192,17,"pk_gemm(__half const*, __half const*, __half*, int, int, int)",128,17408,0,136,0,128,"SQ_INSTS_LDS",1310720.000000,228767255790,228767887853
134,134,"Agent 1",1,1909,1909,8192,17,"pk_gemm(__half const*, __half const*, __half*, int, int, int)",128,17408,0,136,0,128,"SQ_INSTS_VALU",22828032.000000,228767255790,228767887853
134,134,"Agent 1",1,1909,1909,8192,17,"pk_gemm(__half const*, __half const*, __half*, int, int, int)",128,17408,0,136,0,128,"SQ_WAVES",256.000000,228767255790,228767887853
135,135,"Agent 1",1,1909,1909,8192,17,"pk_gemm(__half const*, __half const*, __half*, int, int, int)",128,17408,0,136,0,128,"SQ_INSTS_LDS",1310720.000000,228767927447,228768548129
135,135,"Agent 1",1,1909,1909,8192,17,"pk_gemm(__half const*, __half const*, __half*, int, int, int)",128,17408,0,136,0,128,"SQ_INSTS_VALU",22828032.000000,228767927447,228768548129
135,135,"Agent 1",1,1909,1909,8192,17,"pk_gemm(__half const*, __half const*, __half*, int, int, int)",128,17408,0,136,0,128,"SQ_WAVES",256.000000,228767927447,228768548129
136,136,"Agent 1",1,1909,1909,8192,17,"pk_gemm(__half const*, __half const*, __half*, int, int, int)",128,17408,0,136,0,128,"SQ_INSTS_LDS",1310720.000000,228768587002,228769188288
136,136,"Agent 1",1,1909,1909,8192,17,"pk_gemm(__half const*, __half const*, __half*, int, int, int)",128,17408,0,136,0,128,"SQ_INSTS_VALU",22828032.000000,228768587002,228769188288
136,136,"Agent 1",1,1909,1909,8192,17,"pk_gemm(__half const*, __half const*, __half*, int, int, int)",128,17408,0,136,0,128,"SQ_WAVES",256.000000,228768587002,228769188288
137,137,"Agent 1",1,1909,1909,8192,17,"pk_gemm(__half const*, __half const*, __half*, int, int, int)",128,17408,0,136,0,128,"SQ_INSTS_LDS",1310720.000000,228769227722,228769865836
137,137,"Agent 1",1,1909,1909,8192,17,"pk_gemm(__half const*, __half const*, __half*, int, int, int)",128,17408,0,136,0,128,"SQ_INSTS_VALU",22828032.000000,228769227722,228769865836
137,137,"Agent 1",1,1909,1909,8192,17,"pk_gemm(__half const*, __half const*, __half*, int, int, int)",128,17408,0,136,0,128,"SQ_WAVES",256.000000,228769227722,228769865836
138,138,"Agent 1",1,1909,1909,8192,17,"pk_gemm(__half const*, __half const*, __half*, int, int, int)",128,17408,0,136,0,128,"SQ_INSTS_LDS",1310720.000000,228769928313,228770546310
138,138,"Agent 1",1,1909,1909,8192,17,"pk_gemm(__half const*, __half const*, __half*, int, int, int)",128,17408,0,136,0,128,"SQ_INSTS_VALU",22828032.000000,228769928313,228770546310
138,138,"Agent 1",1,1909,1909,8192,17,"pk_gemm(__half const*, __half const*, __half*, int, int, int)",128,17408,0,136,0,128,"SQ_WAVES",256.000000,228769928313,228770546310
139,139,"Agent 1",1,1909,1909,8192,17,"pk_gemm(__half const*, __half const*, __half*, int, int, int)",128,17408,0,136,0,128,"SQ_INSTS_LDS",1333568.000000,228770589311,228771559407
139,139,"Agent 1",1,1909,1909,8192,17,"pk_gemm(__half const*, __half const*, __half*, int, int, int)",128,17408,0,136,0,128,"SQ_INSTS_VALU",23027736.000000,228770589311,228771559407
139,139,"Agent 1",1,1909,1909,8192,17,"pk_gemm(__half const*, __half const*, __half*, int, int, int)",128,17408,0,136,0,128,"SQ_WAVES",924.000000,228770589311,228771559407
140,140,"Agent 1",1,1909,1909,8192,17,"pk_gemm(__half const*, __half const*, __half*, int, int, int)",128,17408,0,136,0,128,"SQ_INSTS_LDS",1310720.000000,228771604251,228772259157
140,140,"Agent 1",1,1909,1909,8192,17,"pk_gemm(__half const*, __half const*, __half*, int, int, int)",128,17408,0,136,0,128,"SQ_INSTS_VALU",22828032.000000,228771604251,228772259157
140,140,"Agent 1",1,1909,1909,8192,17,"pk_gemm(__half const*, __half const*, __half*, int, int, int)",128,17408,0,136,0,128,"SQ_WAVES",256.000000,228771604251,228772259157
141,141,"Agent 1",1,1909,1909,8192,17,"pk_gemm(__half const*, __half const*, __half*, int, int, int)",128,17408,0,136,0,128,"SQ_INSTS_LDS",1310720.000000,228772302358,228772918231
141,141,"Agent 1",1,1909,1909,8192,17,"pk_gemm(__half const*, __half const*, __half*, int, int, int)",128,17408,0,136,0,128,"SQ_INSTS_VALU",22828032.000000,228772302358,228772918231
141,141,"Agent 1",1,1909,1909,8192,17,"pk_gemm(__half const*, __half const*, __half*, int, int, int)",128,17408,0,136,0,128,"SQ_WAVES",256.000000,228772302358,228772918231
142,142,"Agent 1",1,1909,1909,8192,17,"pk_gemm(__half const*, __half const*, __half*, int, int, int)",128,17408,0,136,0,128,"SQ_INSTS_LDS",1310720.000000,228772960590,228773575061
142,142,"Agent 1",1,1909,1909,8192,17,"pk_gemm(__half const*, __half const*, __half*, int, int, int)",128,17408,0,136,0,128,"SQ_INSTS_VALU",22828032.000000,228772960590,228773575061
142,142,"Agent 1",1,1909,1909,8192,17,"pk_gemm(__half const*, __half const*, __half*, int, int, int)",128,17408,0,136,0,128,"SQ_WAVES",256.000000,228772960590,228773575061
143,143,"Agent 1",1,1909,1909,8192,17,"pk_gemm(__half const*, __half const*, __half*, int, int, int)",128,17408,0,136,0,128,"SQ_INSTS_LDS",1310720.000000,228773616779,228774242270
143,143,"Agent 1",1,1909,1909,8192,17,"pk_gemm(__half const*, __half const*, __half*, int, int, int)",128,17408,0,136,0,128,"SQ_INSTS_VALU",22828032.000000,228773616779,228774242270
143,143,"Agent 1",1,1909,1909,8192,17,"pk_gemm(__half const*, __half const*, __half*, int, int, int)",128,17408,0,136,0,128,"SQ_WAVES",256.000000,228773616779,228774242270
144,144,"Agent 1",1,1909,1909,8192,17,"pk_gemm(__half const*, __half const*, __half*, int, int, int)",128,17408,0,136,0,128,"SQ_INSTS_LDS",1310720.000000,228774284549,228774884312
144,144,"Agent 1",1,1909,1909,8192,17,"pk_gemm(__half const*, __half const*, __half*, int, int, int)",128,17408,0,136,0,128,"SQ_INSTS_VALU",22828032.000000,228774284549,228774884312
144,144,"Agent 1",1,1909,1909,8192,17,"pk_gemm(__half const*, __half const*, __half*, int, int, int)",128,17408,0,136,0,128,"SQ_WAVES",256.000000,228774284549,228774884312
145,145,"Agent 1",1,1909,1909,8192,17,"pk_gemm(__half const*, __half const*, __half*, int, int, int)",128,17408,0,136,0,128,"SQ_INSTS_LDS",1310720.000000,228774928234,228775558695
145,145,"Agent 1",1,1909,1909,8192,17,"pk_gemm(__half const*, __half const*, __half*, int, int, int)",128,17408,0,136,0,128,"SQ_INSTS_VALU",22828032.000000,228774928234,228775558695
145,145,"Agent 1",1,1909,1909,8192,17,"pk_gemm(__half const*, __half const*, __half*, int, int, int)",128,17408,0,136,0,128,"SQ_WAVES",256.000000,228774928234,228775558695
146,146,"Agent 1",1,1909,1909,8192,17,"pk_gemm(__half const*, __half const*, __half*, int, int, int)",128,17408,0,136,0,128,"SQ_INSTS_LDS",1310720.000000,228775602697,228776222417
146,146,"Agent 1",1,1909,1909,8192,17,"pk_gemm(__half const*, __half const*, __half*, int, int, int)",128,17408,0,136,0,128,"SQ_INSTS_VALU",22828032.000000,228775602697,228776222417
146,146,"Agent 1",1,1909,1909,8192,17,"pk_gemm(__half const*, __half const*, __half*, int, int, int)",128,17408,0,136,0,128,"SQ_WAVES",256.000000,228775602697,228776222417
147,147,"Agent 1",1,1909,1909,8192,17,"pk_gemm(__half const*, __half const*, __half*, int, int, int)",128,17408,0,136,0,128,"SQ_INSTS_LDS",1310720.000000,228776263948,228776865033
147,147,"Agent 1",1,1909,1909,8192,17,"pk_gemm(__half const*, __half const*, __half*, int, int, int)",128,17408,0,136,0,128,"SQ_INSTS_VALU",22828032.000000,228776263948,228776865033
147,147,"Agent 1",1,1909,1909,8192,17,"pk_gemm(__half const*, __half const*, __half*, int, int, int)",128,17408,0,136,0,128,"SQ_WAVES",256.000000,228776263948,228776865033
148,148,"Agent 1",1,1909,1909,8192,17,"pk_gemm(__half const*, __half const*, __half*, int, int, int)",128,17408,0,136,0,128,"SQ_INSTS_LDS",1310720.000000,228776910838,228777500782
148,148,"Agent 1",1,1909,1909,8192,17,"pk_gemm(__half const*, __half const*, __half*, int, int, int)",128,17408,0,136,0,128,"SQ_INSTS_VALU",22828032.000000,228776910838,228777500782
148,148,"Agent 1",1,1909,1909,8192,17,"pk_gemm(__half const*, __half const*, __half*, int, int, int)",128,17408,0,136,0,128,"SQ_WAVES",256.000000,228776910838,228777500782
149,149,"Agent 1",1,1909,1909,8192,17,"pk_gemm(__half const*, __half const*, __half*, int, int, int)",128,17408,0,136,0,128,"SQ_INSTS_LDS",1310720.000000,228777541338,228778099342
149,149,"Agent 1",1,1909,1909,8192,17,"pk_gemm(__half const*, __half const*, __half*, int, int, int)",128,17408,0,136,0,128,"SQ_INSTS_VALU",22828032.000000,228777541338,228778099342
149,149,"Agent 1",1,1909,1909,8192,17,"pk_gemm(__half const*, __half const*, __half*, int, int, int)",128,17408,0,136,0,128,"SQ_WAVES",256.000000,228777541338,228778099342
150,150,"Agent 1",1,1909,1909,8192,17,"pk_gemm(__half const*, __half const*, __half*, int, int, int)",128,17408,0,136,0,128,"SQ_INSTS_LDS",1310720.000000,228778139617,228778705637
150,150,"Agent 1",1,1909,1909,8192,17,"pk_gemm(__half const*, __half const*, __half*, int, int, int)",128,17408,0,136,0,128,"SQ_INSTS_VALU",22828032.000000,228778139617,228778705637
150,150,"Agent 1",1,1909,1909,8192,17,"pk_gemm(__half const*, __half const*, __half*, int, int, int)",128,17408,0,136,0,128,"SQ_WAVES",256.000000,228778139617,228778705637
151,151,"Agent 1",1,1909,1909,8192,17,"pk_gemm(__half const*, __half const*, __half*, int, int, int)",128,17408,0,136,0,128,"SQ_INSTS_LDS",1310720.000000,228778743989,228779300831
151,151,"Agent 1",1,1909,1909,8192,17,"pk_gemm(__half const*, __half const*, __half*, int, int, int)",128,17408,0,136,0,128,"SQ_INSTS_VALU",22828032.000000,228778743989,228779300831
151,151,"Agent 1",1,1909,1909,8192,17,"pk_gemm(__half const*, __half const*, __half*, int, int, int)",128,17408,0,136,0,128,"SQ_WAVES",256.000000,228778743989,228779300831
152,152,"Agent 1",1,1909,1909,8192,17,"pk_gemm(__half const*, __half const*, __half*, int, int, int)",128,17408,0,136,0,128,"SQ_INSTS_LDS",1310720.000000,228779340826,228779883000
152,152,"Agent 1",1,1909,1909,8192,17,"pk_gemm(__half const*, __half const*, __half*, int, int, int)",128,17408,0,136,0,128,"SQ_INSTS_VALU",22828032.000000,228779340826,228779883000
152,152,"Agent 1",1,1909,1909,8192,17,"pk_gemm(__half const*, __half const*, __half*, int, int, int)",128,17408,0,136,0,128,"SQ_WAVES",256.000000,228779340826,228779883000
153,153,"Agent 1",1,1909,1909,8192,17,"pk_gemm(__half const*, __half const*, __half*, int, int, int)",128,17408,0,136,0,128,"SQ_INSTS_LDS",1310720.000000,228779920150,228780454790
153,153,"Agent 1",1,1909,1909,8192,17,"pk_gemm(__half const*, __half const*, __half*, int, int, int)",128,17408,0,136,0,128,"SQ_INSTS_VALU",22828032.000000,228779920150,228780454790
153,153,"Agent 1",1,1909,1909,8192,17,"pk_gemm(__half const*, __half const*, __half*, int, int, int)",128,17408,0,136,0,128,"SQ_WAVES",256.000000,228779920150,228780454790
154,154,"Agent 1",1,1909,1909,8192,17,"pk_gemm(__half const*, __half const*, __half*, int, int, int)",128,17408,0,136,0,128,"SQ_INSTS_LDS",1310720.000000,228780491860,228781000933
154,154,"Agent 1",1,1909,1909,8192,17,"pk_gemm(__half const*, __half const*, __half*, int, int, int)",128,17408,0,136,0,128,"SQ_INSTS_VALU",22828032.000000,228780491860,228781000933
154,154,"Agent 1",1,1909,1909,8192,17,"pk_gemm(__half const*, __half const*, __half*, int, int, int)",128,17408,0,136,0,128,"SQ_WAVES",256.000000,228780491860,228781000933
155,155,"Agent 1",1,1909,1909,8192,17,"pk_gemm(__half const*, __half const*, __half*, int, int, int)",128,17408,0,136,0,128,"SQ_INSTS_LDS",1310720.000000,228781037802,228781556613
155,155,"Agent 1",1,1909,1909,8192,17,"pk_gemm(__half const*, __half const*, __half*, int, int, int)",128,17408,0,136,0,128,"SQ_INSTS_VALU",22828032.000000,228781037802,228781556613
155,155,"Agent 1",1,1909,1909,8192,17,"pk_gemm(__half const*, __half const*, __half*, int, int, int)",128,17408,0,136,0,128,"SQ_WAVES",256.000000,228781037802,228781556613
156,156,"Agent 1",1,1909,1909,8192,17,"pk_gemm(__half const*, __half const*, __half*, int, int, int)",128,17408,0,136,0,128,"SQ_INSTS_LDS",1310720.000000,228781593522,228782104999
156,156,"Agent 1",1,1909,1909,8192,17,"pk_gemm(__half const*, __half const*, __half*, int, int, int)",128,17408,0,136,0,128,"SQ_INSTS_VALU",22828032.000000,228781593522,228782104999
156,156,"Agent 1",1,1909,1909,8192,17,"pk_gemm(__half const*, __half const*, __half*, int, int, int)",128,17408,0,136,0,128,"SQ_WAVES",256.000000,228781593522,228782104999
157,157,"Agent 1",1,1909,1909,8192,17,"pk_gemm(__half const*, __half const*, __half*, int, int, int)",128,17408,0,136,0,128,"SQ_INSTS_LDS",1310720.000000,228782141507,228782642525
157,157,"Agent 1",1,1909,1909,8192,17,"pk_gemm(__half const*, __half const*, __half*, int, int, int)",128,17408,0,136,0,128,"SQ_INSTS_VALU",22828032.000000,228782141507,228782642525
157,157,"Agent 1",1,1909,1909,8192,17,"pk_gemm(__half const*, __half const*, __half*, int, int, int)",128,17408,0,136,0,128,"SQ_WAVES",256.000000,228782141507,228782642525
158,158,"Agent 1",1,1909,1909,8192,17,"pk_gemm(__half const*, __half const*, __half*, int, int, int)",128,17408,0,136,0,128,"SQ_INSTS_LDS",1310720.000000,228782677230,228783170433
158,158,"Agent 1",1,1909,1909,8192,17,"pk_gemm(__half const*, __half const*, __half*, int, int, int)",128,17408,0,136,0,128,"SQ_INSTS_VALU",22828032.000000,228782677230,228783170433
158,158,"Agent 1",1,1909,1909,8192,17,"pk_gemm(__half const*, __half const*, __half*, int, int, int)",128,17408,0,136,0,128,"SQ_WAVES",256.000000,228782677230,228783170433
159,159,"Agent 1",1,1909,1909,8192,17,"pk_gemm(__half const*, __half const*, __half*, int, int, int)",128,17408,0,136,0,128,"SQ_INSTS_LDS",1310720.000000,228783205980,228783677903
159,159,"Agent 1",1,1909,1909,8192,17,"pk_gemm(__half const*, __half const*, __half*, int, int, int)",128,17408,0,136,0,128,"SQ_INSTS_VALU",22828032.000000,228783205980,228783677903
159,159,"Agent 1",1,1909,1909,8192,17,"pk_gemm(__half const*, __half const*, __half*, int, int, int)",128,17408,0,136,0,128,"SQ_WAVES",256.000000,228783205980,228783677903
160,160,"Agent 1",1,1909,1909,8192,17,"pk_gemm(__half const*, __half const*, __half*, int, int, int)",128,17408,0,136,0,128,"SQ_INSTS_LDS",1310720.000000,228783712127,228784201843
160,160,"Agent 1",1,1909,1909,8192,17,"pk_gemm(__half const*, __half const*, __half*, int, int, int)",128,17408,0,136,0,128,"SQ_INSTS_VALU",22828032.000000,228783712127,228784201843
160,160,"Agent 1",1,1909,1909,8192,17,"pk_gemm(__half const*, __half const*, __half*, int, int, int)",128,17408,0,136,0,128,"SQ_WAVES",256.000000,228783712127,228784201843
161,161,"Agent 1",1,1909,1909,8192,17,"pk_gemm(__half const*, __half const*, __half*, int, int, int)",128,17408,0,136,0,128,"SQ_INSTS_LDS",1310720.000000,228784235346,228784705025
161,161,"Agent 1",1,1909,1909,8192,17,"pk_gemm(__half const*, __half const*, __half*, int, int, int)",128,17408,0,136,0,128,"SQ_INSTS_VALU",22828032.000000,228784235346,228784705025
161,161,"Agent 1",1,1909,1909,8192,17,"pk_gemm(__half const*, __half const*, __half*, int, int, int)",128,17408,0,136,0,128,"SQ_WAVES",256.000000,228784235346,228784705025
162,162,"Agent 1",1,1909,1909,8192,17,"pk_gemm(__half const*, __half const*, __half*, int, int, int)",128,17408,0,136,0,128,"SQ_INSTS_LDS",1310720.000000,228784739209,228785203638
162,162,"Agent 1",1,1909,1909,8192,17,"pk_gemm(__half const*, __half const*, __half*, int, int, int)",128,17408,0,136,0,128,"SQ_INSTS_VALU",22828032.000000,228784739209,228785203638
162,162,"Agent 1",1,1909,1909,8192,17,"pk_gemm(__half const*, __half const*, __half*, int, int, int)",128,17408,0,136,0,128,"SQ_WAVES",256.000000,228784739209,228785203638
163,163,"Agent 1",1,1909,1909,8192,17,"pk_gemm(__half const*, __half const*, __half*, int, int, int)",128,17408,0,136,0,128,"SQ_INSTS_LDS",1310720.000000,228785236500,228785690349
163,163,"Agent 1",1,1909,1909,8192,17,"pk_gemm(__half const*, __half const*, __half*, int, int, int)",128,17408,0,136,0,128,"SQ_INSTS_VALU",22828032.000000,228785236500,228785690349
163,163,"Agent 1",1,1909,1909,8192,17,"pk_gemm(__half const*, __half const*, __half*, int, int, int)",128,17408,0,136,0,128,"SQ_WAVES",256.000000,228785236500,228785690349
164,164,"Agent 1",1,1909,1909,8192,17,"pk_gemm(__half const*, __half const*, __half*, int, int, int)",128,17408,0,136,0,128,"SQ_INSTS_LDS",1310720.000000,228785722930,228786167242
164,164,"Agent 1",1,1909,1909,8192,17,"pk_gemm(__half const*, __half const*, __half*, int, int, int)",128,17408,0,136,0,128,"SQ_INSTS_VALU",22828032.000000,228785722930,228786167242
164,164,"Agent 1",1,1909,1909,8192,17,"pk_gemm(__half const*, __half const*, __half*, int, int, int)",128,17408,0,136,0,128,"SQ_WAVES",256.000000,228785722930,228786167242
165,165,"Agent 1",1,1909,1909,8192,17,"pk_gemm(__half const*, __half const*, __half*, int, int, int)",128,17408,0,136,0,128,"SQ_INSTS_LDS",1310720.000000,228786199662,228786652069
165,165,"Agent 1",1,1909,1909,8192,17,"pk_gemm(__half const*, __half const*, __half*, int, int, int)",128,17408,0,136,0,128,"SQ_INSTS_VALU",22828032.000000,228786199662,228786652069
165,165,"Agent 1",1,1909,1909,8192,17,"pk_gemm(__half const*, __half const*, __half*, int, int, int)",128,17408,0,136,0,128,"SQ_WAVES",256.000000,228786199662,228786652069
166,166,"Agent 1",1,1909,1909,8192,17,"pk_gemm(__half const*, __half const*, __half*, int, int, int)",128,17408,0,136,0,128,"SQ_INSTS_LDS",1310720.000000,228786684610,228787130605
166,166,"Agent 1",1,1909,1909,8192,17,"pk_gemm(__half const*, __half const*, __half*, int, int, int)",128,17408,0,136,0,128,"SQ_INSTS_VALU",22828032.000000,228786684610,228787130605
166,166,"Agent 1",1,1909,1909,8192,17,"pk_gemm(__half const*, __half const*, __half*, int, int, int)",128,17408,0,136,0,128,"SQ_WAVES",256.000000,228786684610,228787130605
167,167,"Agent 1",1,1909,1909,8192,17,"pk_gemm(__half const*, __half const*, __half*, int, int, int)",128,17408,0,136,0,128,"SQ_INSTS_LDS",1310720.000000,228787163667,228787601246
167,167,"Agent 1",1,1909,1909,8192,17,"pk_gemm(__half const*, __half const*, __half*, int, int, int)",128,17408,0,136,0,128,"SQ_INSTS_VALU",22828032.000000,228787163667,228787601246
167,167,"Agent 1",1,1909,1909,8192,17,"pk_gemm(__half const*, __half const*, __half*, int, int, int)",128,17408,0,136,0,128,"SQ_WAVES",256.000000,228787163667,228787601246
168,168,"Agent 1",1,1909,1909,8192,17,"pk_gemm(__half const*, __half const*, __half*, int, int, int)",128,17408,0,136,0,128,"SQ_INSTS_LDS",1310720.000000,228787664484,228788093046
168,168,"Agent 1",1,1909,1909,8192,17,"pk_gemm(__half const*, __half const*, __half*, int, int, int)",128,17408,0,136,0,128,"SQ_INSTS_VALU",22828032.000000,228787664484,228788093046
168,168,"Agent 1",1,1909,1909,8192,17,"pk_gemm(__half const*, __half const*, __half*, int, int, int)",128,17408,0,136,0,128,"SQ_WAVES",256.000000,228787664484,228788093046
169,169,"Agent 1",1,1909,1909,8192,17,"pk_gemm(__half const*, __half const*, __half*, int, int, int)",128,17408,0,136,0,128,"SQ_INSTS_LDS",1310720.000000,228788129474,228788547376
169,169,"Agent 1",1,1909,1909,8192,17,"pk_gemm(__half const*, __half const*, __half*, int, int, int)",128,17408,0,136,0,128,"SQ_INSTS_VALU",22828032.000000,228788129474,228788547376
169,169,"Agent 1",1,1909,1909,8192,17,"pk_gemm(__half const*, __half const*, __half*, int, int, int)",128,17408,0,136,0,128,"SQ_WAVES",256.000000,228788129474,228788547376
170,170,"Agent 1",1,1909,1909,8192,17,"pk_gemm(__half const*, __half const*, __half*, int, int, int)",128,17408,0,136,0,128,"SQ_INSTS_LDS",1310720.000000,228788581320,228789011084
170,170,"Agent 1",1,1909,1909,8192,17,"pk_gemm(__half const*, __half const*, __half*, int, int, int)",128,17408,0,136,0,128,"SQ_INSTS_VALU",22828032.000000,228788581320,228789011084
170,170,"Agent 1",1,1909,1909,8192,17,"pk_gemm(__half const*, __half const*, __half*, int, int, int)",128,17408,0,136,0,128,"SQ_WAVES",256.000000,228788581320,228789011084
171,171,"Agent 1",1,1909,1909,8192,17,"pk_gemm(__half const*, __half const*, __half*, int, int, int)",128,17408,0,136,0,128,"SQ_INSTS_LDS",1310720.000000,228789047112,228789468420
171,171,"Agent 1",1,1909,1909,8192,17,"pk_gemm(__half const*, __half const*, __half*, int, int, int)",128,17408,0,136,0,128,"SQ_INSTS_VALU",22828032.000000,228789047112,228789468420
171,171,"Agent 1",1,1909,1909,8192,17,"pk_gemm(__half const*, __half const*, __half*, int, int, int)",128,17408,0,136,0,128,"SQ_WAVES",256.000000,228789047112,228789468420
172,172,"Agent 1",1,1909,1909,8192,17,"pk_gemm(__half const*, __half const*, __half*, int, int, int)",128,17408,0,136,0,128,"SQ_INSTS_LDS",1310720.000000,228789505730,228789922470
172,172,"Agent 1",1,1909,1909,8192,17,"pk_gemm(__half const*, __half const*, __half*, int, int, int)",128,17408,0,136,0,128,"SQ_INSTS_VALU",22828032.000000,228789505730,228789922470
172,172,"Agent 1",1,1909,1909,8192,17,"pk_gemm(__half const*, __half const*, __half*, int, int, int)",128,17408,0,136,0,128,"SQ_WAVES",256.000000,228789505730,228789922470
173,173,"Agent 1",1,1909,1909,8192,17,"pk_gemm(__half const*, __half const*, __half*, int, int, int)",128,17408,0,136,0,128,"SQ_INSTS_LDS",1310720.000000,228789960100,228790370268
173,173,"Agent 1",1,1909,1909,8192,17,"pk_gemm(__half const*, __half const*, __half*, int, int, int)",128,17408,0,136,0,128,"SQ_INSTS_VALU",22828032.000000,228789960100,228790370268
173,173,"Agent 1",1,1909,1909,8192,17,"pk_gemm(__half const*, __half const*, __half*, int, int, int)",128,17408,0,136,0,128,"SQ_WAVES",256.000000,228789960100,228790370268
174,174,"Agent 1",1,1909,1909,8192,17,"pk_gemm(__half const*, __half const*, __half*, int, int, int)",128,17408,0,136,0,128,"SQ_INSTS_LDS",1310720.000000,228790407578,228790808448
174,174,"Agent 1",1,1909,1909,8192,17,"pk_gemm(__half const*, __half const*, __half*, int, int, int)",128,17408,0,136,0,128,"SQ_INSTS_VALU",22828032.000000,228790407578,228790808448
174,174,"Agent 1",1,1909,1909,8192,17,"pk_gemm(__half const*, __half const*, __half*, int, int, int)",128,17408,0,136,0,128,"SQ_WAVES",256.000000,228790407578,228790808448
175,175,"Agent 1",1,1909,1909,8192,17,"pk_gemm(__half const*, __half const*, __half*, int, int, int)",128,17408,0,136,0,128,"SQ_INSTS_LDS",1310720.000000,228790842071,228791262298
175,175,"Agent 1",1,1909,1909,8192,17,"pk_gemm(__half const*, __half const*, __half*, int, int, int)",128,17408,0,136,0,128,"SQ_INSTS_VALU",22828032.000000,228790842071,228791262298
175,175,"Agent 1",1,1909,1909,8192,17,"pk_gemm(__half const*, __half const*, __half*, int, int, int)",128,17408,0,136,0,128,"SQ_WAVES",256.000000,228790842071,228791262298
176,176,"Agent 1",1,1909,1909,8192,17,"pk_gemm(__half const*, __half const*, __half*, int, int, int)",128,17408,0,136,0,128,"SQ_INSTS_LDS",1310720.000000,228791297403,228791720114
176,176,"Agent 1",1,1909,1909,8192,17,"pk_gemm(__half const*, __half const*, __half*, int, int, int)",128,17408,0,136,0,128,"SQ_INSTS_VALU",22828032.000000,228791297403,228791720114
176,176,"Agent 1",1,1909,1909,8192,17,"pk_gemm(__half const*, __half const*, __half*, int, int, int)",128,17408,0,136,0,128,"SQ_WAVES",256.000000,228791297403,228791720114
177,177,"Agent 1",1,1909,1909,8192,17,"pk_gemm(__half const*, __half const*, __half*, int, int, int)",128,17408,0,136,0,128,"SQ_INSTS_LDS",1310720.000000,228791755701,228792170638
177,177,"Agent 1",1,1909,1909,8192,17,"pk_gemm(__half const*, __half const*, __half*, int, int, int)",128,17408,0,136,0,128,"SQ_INSTS_VALU",22828032.000000,228791755701,228792170638
177,177,"Agent 1",1,1909,1909,8192,17,"pk_gemm(__half const*, __half const*, __half*, int, int, int)",128,17408,0,136,0,128,"SQ_WAVES",256.000000,228791755701,228792170638
178,178,"Agent 1",1,1909,1909,8192,17,"pk_gemm(__half const*, __half const*, __half*, int, int, int)",128,17408,0,136,0,128,"SQ_INSTS_LDS",1310720.000000,228792204541,228792617594
178,178,"Agent 1",1,1909,1909,8192,17,"pk_gemm(__half const*, __half const*, __half*, int, int, int)",128,17408,0,136,0,128,"SQ_INSTS_VALU",22828032.000000,228792204541,228792617594
178,178,"Agent 1",1,1909,1909,8192,17,"pk_gemm(__half const*, __half const*, __half*, int, int, int)",128,17408,0,136,0,128,"SQ_WAVES",256.000000,228792204541,228792617594
179,179,"Agent 1",1,1909,1909,8192,17,"pk_gemm(__half const*, __half const*, __half*, int, int, int)",128,17408,0,136,0,128,"SQ_INSTS_LDS",1310720.000000,228792653381,228793056736
179,179,"Agent 1",1,1909,1909,8192,17,"pk_gemm(__half const*, __half const*, __half*, int, int, int)",128,17408,0,136,0,128,"SQ_INSTS_VALU",22828032.000000,228792653381,228793056736
179,179,"Agent 1",1,1909,1909,8192,17,"pk_gemm(__half const*, __half const*, __half*, int, int, int)",128,17408,0,136,0,128,"SQ_WAVES",256.000000,228792653381,228793056736
180,180,"Agent 1",1,1909,1909,8192,17,"pk_gemm(__half const*, __half const*, __half*, int, int, int)",128,17408,0,136,0,128,"SQ_INSTS_LDS",1310720.000000,228793092563,228793512309
180,180,"Agent 1",1,1909,1909,8192,17,"pk_gemm(__half const*, __half const*, __half*, int, int, int)",128,17408,0,136,0,128,"SQ_INSTS_VALU",22828032.000000,228793092563,228793512309
180,180,"Agent 1",1,1909,1909,8192,17,"pk_gemm(__half const*, __half const*, __half*, int, int, int)",128,17408,0,136,0,128,"SQ_WAVES",256.000000,228793092563,228793512309
181,181,"Agent 1",1,1909,1909,8192,17,"pk_gemm(__half const*, __half const*, __half*, int, int, int)",128,17408,0,136,0,128,"SQ_INSTS_LDS",1310720.000000,228793546292,228793966559
181,181,"Agent 1",1,1909,1909,8192,17,"pk_gemm(__half const*, __half const*, __half*, int, int, int)",128,17408,0,136,0,128,"SQ_INSTS_VALU",22828032.000000,228793546292,228793966559
181,181,"Agent 1",1,1909,1909,8192,17,"pk_gemm(__half const*, __half const*, __half*, int, int, int)",128,17408,0,136,0,128,"SQ_WAVES",256.000000,228793546292,228793966559
182,182,"Agent 1",1,1909,1909,8192,17,"pk_gemm(__half const*, __half const*, __half*, int, int, int)",128,17408,0,136,0,128,"SQ_INSTS_LDS",1310720.000000,228793998338,228794411632
182,182,"Agent 1",1,1909,1909,8192,17,"pk_gemm(__half const*, __half const*, __half*, int, int, int)",128,17408,0,136,0,128,"SQ_INSTS_VALU",22828032.000000,228793998338,228794411632
182,182,"Agent 1",1,1909,1909,8192,17,"pk_gemm(__half const*, __half const*, __half*, int, int, int)",128,17408,0,136,0,128,"SQ_WAVES",256.000000,228793998338,228794411632
183,183,"Agent 1",1,1909,1909,8192,17,"pk_gemm(__half const*, __half const*, __half*, int, int, int)",128,17408,0,136,0,128,"SQ_INSTS_LDS",1310720.000000,228794444413,228794858308
183,183,"Agent 1",1,1909,1909,8192,17,"pk_gemm(__half const*, __half const*, __half*, int, int, int)",128,17408,0,136,0,128,"SQ_INSTS_VALU",22828032.000000,228794444413,228794858308
183,183,"Agent 1",1,1909,1909,8192,17,"pk_gemm(__half const*, __half const*, __half*, int, int, int)",128,17408,0,136,0,128,"SQ_WAVES",256.000000,228794444413,228794858308
184,184,"Agent 1",1,1909,1909,8192,17,"pk_gemm(__half const*, __half const*, __half*, int, int, int)",128,17408,0,136,0,128,"SQ_INSTS_LDS",1310720.000000,228794892011,228795292801
184,184,"Agent 1",1,1909,1909,8192,17,"pk_gemm(__half const*, __half const*, __half*, int, int, int)",128,17408,0,136,0,128,"SQ_INSTS_VALU",22828032.000000,228794892011,228795292801
184,184,"Agent 1",1,1909,1909,8192,17,"pk_gemm(__half const*, __half const*, __half*, int, int, int)",128,17408,0,136,0,128,"SQ_WAVES",256.000000,228794892011,228795292801
185,185,"Agent 1",1,1909,1909,8192,17,"pk_gemm(__half const*, __half const*, __half*, int, int, int)",128,17408,0,136,0,128,"SQ_INSTS_LDS",1310720.000000,228795324861,228795748614
185,185,"Agent 1",1,1909,1909,8192,17,"pk_gemm(__half const*, __half const*, __half*, int, int, int)",128,17408,0,136,0,128,"SQ_INSTS_VALU",22828032.000000,228795324861,228795748614
185,185,"Agent 1",1,1909,1909,8192,17,"pk_gemm(__half const*, __half const*, __half*, int, int, int)",128,17408,0,136,0,128,"SQ_WAVES",256.000000,228795324861,228795748614
186,186,"Agent 1",1,1909,1909,8192,17,"pk_gemm(__half const*, __half const*, __half*, int, int, int)",128,17408,0,136,0,128,"SQ_INSTS_LDS",1310720.000000,228795781516,228796200861
186,186,"Agent 1",1,1909,1909,8192,17,"pk_gemm(__half const*, __half const*, __half*, int, int, int)",128,17408,0,136,0,128,"SQ_INSTS_VALU",22828032.000000,228795781516,228796200861
186,186,"Agent 1",1,1909,1909,8192,17,"pk_gemm(__half const*, __half const*, __half*, int, int, int)",128,17408,0,136,0,128,"SQ_WAVES",256.000000,228795781516,228796200861
187,187,"Agent 1",1,1909,1909,8192,17,"pk_gemm(__half const*, __half const*, __half*, int, int, int)",128,17408,0,136,0,128,"SQ_INSTS_LDS",1310720.000000,228796232800,228796643249
187,187,"Agent 1",1,1909,1909,8192,17,"pk_gemm(__half const*, __half const*, __half*, int, int, int)",128,17408,0,136,0,128,"SQ_INSTS_VALU",22828032.000000,228796232800,228796643249
187,187,"Agent 1",1,1909,1909,8192,17,"pk_gemm(__half const*, __half const*, __half*, int, int, int)",128,17408,0,136,0,128,"SQ_WAVES",256.000000,228796232800,228796643249
188,188,"Agent 1",1,1909,1909,8192,17,"pk_gemm(__half const*, __half const*, __half*, int, int, int)",128,17408,0,136,0,128,"SQ_INSTS_LDS",1310720.000000,228796675789,228797092650
188,188,"Agent 1",1,1909,1909,8192,17,"pk_gemm(__half const*, __half const*, __half*, int, int, int)",128,17408,0,136,0,128,"SQ_INSTS_VALU",22828032.000000,228796675789,228797092650
188,188,"Agent 1",1,1909,1909,8192,17,"pk_gemm(__half const*, __half const*, __half*, int, int, int)",128,17408,0,136,0,128,"SQ_WAVES",256.000000,228796675789,228797092650
189,189,"Agent 1",1,1909,1909,8192,17,"pk_gemm(__half const*, __half const*, __half*, int, int, int)",128,17408,0,136,0,128,"SQ_INSTS_LDS",1310720.000000,228797127274,228797531110
189,189,"Agent 1",1,1909,1909,8192,17,"pk_gemm(__half const*, __half const*, __half*, int, int, int)",128,17408,0,136,0,128,"SQ_INSTS_VALU",22828032.000000,228797127274,228797531110
189,189,"Agent 1",1,1909,1909,8192,17,"pk_gemm(__half const*, __half const*, __half*, int, int, int)",128,17408,0,136,0,128,"SQ_WAVES",256.000000,228797127274,228797531110
190,190,"Agent 1",1,1909,1909,8192,17,"pk_gemm(__half const*, __half const*, __half*, int, int, int)",128,17408,0,136,0,128,"SQ_INSTS_LDS",1310720.000000,228797564332,228797989127
190,190,"Agent 1",1,1909,1909,8192,17,"pk_gemm(__half const*, __half const*, __half*, int, int, int)",128,17408,0,136,0,128,"SQ_INSTS_VALU",22828032.000000,228797564332,228797989127
190,190,"Agent 1",1,1909,1909,8192,17,"pk_gemm(__half const*, __half const*, __half*, int, int, int)",128,17408,0,136,0,128,"SQ_WAVES",256.000000,228797564332,228797989127
191,191,"Agent 1",1,1909,1909,8192,17,"pk_gemm(__half const*, __half const*, __half*, int, int, int)",128,17408,0,136,0,128,"SQ_INSTS_LDS",1310720.000000,228798023031,228798442777
191,191,"Agent 1",1,1909,1909,8192,17,"pk_gemm(__half const*, __half const*, __half*, int, int, int)",128,17408,0,136,0,128,"SQ_INSTS_VALU",22828032.000000,228798023031,228798442777
191,191,"Agent 1",1,1909,1909,8192,17,"pk_gemm(__half const*, __half const*, __half*, int, int, int)",128,17408,0,136,0,128,"SQ_WAVES",256.000000,228798023031,228798442777
192,192,"Agent 1",1,1909,1909,8192,17,"pk_gemm(__half const*, __half const*, __half*, int, int, int)",128,17408,0,136,0,128,"SQ_INSTS_LDS",1310720.000000,228798474837,228798889973
192,192,"Agent 1",1,1909,1909,8192,17,"pk_gemm(__half const*, __half const*, __half*, int, int, int)",128,17408,0,136,0,128,"SQ_INSTS_VALU",22828032.000000,228798474837,228798889973
192,192,"Agent 1",1,1909,1909,8192,17,"pk_gemm(__half const*, __half const*, __half*, int, int, int)",128,17408,0,136,0,128,"SQ_WAVES",256.000000,228798474837,228798889973
193,193,"Agent 1",1,1909,1909,8192,17,"pk_gemm(__half const*, __half const*, __half*, int, int, int)",128,17408,0,136,0,128,"SQ_INSTS_LDS",1310720.000000,228798921913,228799336169
193,193,"Agent 1",1,1909,1909,8192,17,"pk_gemm(__half const*, __half const*, __half*, int, int, int)",128,17408,0,136,0,128,"SQ_INSTS_VALU",22828032.000000,228798921913,228799336169
193,193,"Agent 1",1,1909,1909,8192,17,"pk_gemm(__half const*, __half const*, __half*, int, int, int)",128,17408,0,136,0,128,"SQ_WAVES",256.000000,228798921913,228799336169
194,194,"Agent 1",1,1909,1909,8192,17,"pk_gemm(__half const*, __half const*, __half*, int, int, int)",128,17408,0,136,0,128,"SQ_INSTS_LDS",1310720.000000,228799367507,228799769780
194,194,"Agent 1",1,1909,1909,8192,17,"pk_gemm(__half const*, __half const*, __half*, int, int, int)",128,17408,0,136,0,128,"SQ_INSTS_VALU",22828032.000000,228799367507,228799769780
194,194,"Agent 1",1,1909,1909,8192,17,"pk_gemm(__half const*, __half const*, __half*, int, int, int)",128,17408,0,136,0,128,"SQ_WAVES",256.000000,228799367507,228799769780
195,195,"Agent 1",1,1909,1909,8192,17,"pk_gemm(__half const*, __half const*, __half*, int, int, int)",128,17408,0,136,0,128,"SQ_INSTS_LDS",1310720.000000,228799800918,228800225994
195,195,"Agent 1",1,1909,1909,8192,17,"pk_gemm(__half const*, __half const*, __half*, int, int, int)",128,17408,0,136,0,128,"SQ_INSTS_VALU",22828032.000000,228799800918,228800225994
195,195,"Agent 1",1,1909,1909,8192,17,"pk_gemm(__half const*, __half const*, __half*, int, int, int)",128,17408,0,136,0,128,"SQ_WAVES",256.000000,228799800918,228800225994
196,196,"Agent 1",1,1909,1909,8192,17,"pk_gemm(__half const*, __half const*, __half*, int, int, int)",128,17408,0,136,0,128,"SQ_INSTS_LDS",1310720.000000,228800257974,228800679122
196,196,"Agent 1",1,1909,1909,8192,17,"pk_gemm(__half const*, __half const*, __half*, int, int, int)",128,17408,0,136,0,128,"SQ_INSTS_VALU",22828032.000000,228800257974,228800679122
196,196,"Agent 1",1,1909,1909,8192,17,"pk_gemm(__half const*, __half const*, __half*, int, int, int)",128,17408,0,136,0,128,"SQ_WAVES",256.000000,228800257974,228800679122
197,197,"Agent 1",1,1909,1909,8192,17,"pk_gemm(__half const*, __half const*, __half*, int, int, int)",128,17408,0,136,0,128,"SQ_INSTS_LDS",1310720.000000,228800710260,228801124516
197,197,"Agent 1",1,1909,1909,8192,17,"pk_gemm(__half const*, __half const*, __half*, int, int, int)",128,17408,0,136,0,128,"SQ_INSTS_VALU",22828032.000000,228800710260,228801124516
197,197,"Agent 1",1,1909,1909,8192,17,"pk_gemm(__half const*, __half const*, __half*, int, int, int)",128,17408,0,136,0,128,"SQ_WAVES",256.000000,228800710260,228801124516
198,198,"Agent 1",1,1909,1909,8192,17,"pk_gemm(__half const*, __half const*, __half*, int, int, int)",128,17408,0,136,0,128,"SQ_INSTS_LDS",1310720.000000,228801184949,228801603612
198,198,"Agent 1",1,1909,1909,8192,17,"pk_gemm(__half const*, __half const*, __half*, int, int, int)",128,17408,0,136,0,128,"SQ_INSTS_VALU",22828032.000000,228801184949,228801603612
198,198,"Agent 1",1,1909,1909,8192,17,"pk_gemm(__half const*, __half const*, __half*, int, int, int)",128,17408,0,136,0,128,"SQ_WAVES",256.000000,228801184949,228801603612
199,199,"Agent 1",1,1909,1909,8192,17,"pk_gemm(__half const*, __half const*, __half*, int, int, int)",128,17408,0,136,0,128,"SQ_INSTS_LDS",1310720.000000,228801636834,228802040229
199,199,"Agent 1",1,1909,1909,8192,17,"pk_gemm(__half const*, __half const*, __half*, int, int, int)",128,17408,0,136,0,128,"SQ_INSTS_VALU",22828032.000000,228801636834,228802040229
199,199,"Agent 1",1,1909,1909,8192,17,"pk_gemm(__half const*, __half const*, __half*, int, int, int)",128,17408,0,136,0,128,"SQ_WAVES",256.000000,228801636834,228802040229
200,200,"Agent 1",1,1909,1909,8192,17,"pk_gemm(__half const*, __half const*, __half*, int, int, int)",128,17408,0,136,0,128,"SQ_INSTS_LDS",1310720.000000,228802076097,228802501132
200,200,"Agent 1",1,1909,1909,8192,17,"pk_gemm(__half const*, __half const*, __half*, int, int, int)",128,17408,0,136,0,128,"SQ_INSTS_VALU",22828032.000000,228802076097,228802501132
200,200,"Agent 1",1,1909,1909,8192,17,"pk_gemm(__half const*, __half const*, __half*, int, int, int)",128,17408,0,136,0,128,"SQ_WAVES",256.000000,228802076097,228802501132
201,201,"Agent 1",1,1909,1909,8192,17,"pk_gemm(__half const*, __half const*, __half*, int, int, int)",128,17408,0,136,0,128,"SQ_INSTS_LDS",1310720.000000,228802537680,228802956665
201,201,"Agent 1",1,1909,1909,8192,17,"pk_gemm(__half const*, __half const*, __half*, int, int, int)",128,17408,0,136,0,128,"SQ_INSTS_VALU",22828032.000000,228802537680,228802956665
201,201,"Agent 1",1,1909,1909,8192,17,"pk_gemm(__half const*, __half const*, __half*, int, int, int)",128,17408,0,136,0,128,"SQ_WAVES",256.000000,228802537680,228802956665
202,202,"Agent 1",1,1909,1909,8192,17,"pk_gemm(__half const*, __half const*, __half*, int, int, int)",128,17408,0,136,0,128,"SQ_INSTS_LDS",1310720.000000,228802990288,228803402259
202,202,"Agent 1",1,1909,1909,8192,17,"pk_gemm(__half const*, __half const*, __half*, int, int, int)",128,17408,0,136,0,128,"SQ_INSTS_VALU",22828032.000000,228802990288,228803402259
202,202,"Agent 1",1,1909,1909,8192,17,"pk_gemm(__half const*, __half const*, __half*, int, int, int)",128,17408,0,136,0,128,"SQ_WAVES",256.000000,228802990288,228803402259
203,203,"Agent 1",1,1909,1909,8192,17,"pk_gemm(__half const*, __half const*, __half*, int, int, int)",128,17408,0,136,0,128,"SQ_INSTS_LDS",1310720.000000,228803436322,228803857431
203,203,"Agent 1",1,1909,1909,8192,17,"pk_gemm(__half const*, __half const*, __half*, int, int, int)",128,17408,0,136,0,128,"SQ_INSTS_VALU",22828032.000000,228803436322,228803857431
203,203,"Agent 1",1,1909,1909,8192,17,"pk_gemm(__half const*, __half const*, __half*, int, int, int)",128,17408,0,136,0,128,"SQ_WAVES",256.000000,228803436322,228803857431
204,204,"Agent 1",1,1909,1909,8192,17,"pk_gemm(__half const*, __half const*, __half*, int, int, int)",128,17408,0,136,0,128,"SQ_INSTS_LDS",1310720.000000,228803892777,228804292525
204,204,"Agent 1",1,1909,1909,8192,17,"pk_gemm(__half const*, __half const*, __half*, int, int, int)",128,17408,0,136,0,128,"SQ_INSTS_VALU",22828032.000000,228803892777,228804292525
204,204,"Agent 1",1,1909,1909,8192,17,"pk_gemm(__half const*, __half const*, __half*, int, int, int)",128,17408,0,136,0,128,"SQ_WAVES",256.000000,228803892777,228804292525
205,205,"Agent 1",1,1909,1909,8192,17,"pk_gemm(__half const*, __half const*, __half*, int, int, int)",128,17408,0,136,0,128,"SQ_INSTS_LDS",1310720.000000,228804326549,228804747817
205,205,"Agent 1",1,1909,1909,8192,17,"pk_gemm(__half const*, __half const*, __half*, int, int, int)",128,17408,0,136,0,128,"SQ_INSTS_VALU",22828032.000000,228804326549,228804747817
205,205,"Agent 1",1,1909,1909,8192,17,"pk_gemm(__half const*, __half const*, __half*, int, int, int)",128,17408,0,136,0,128,"SQ_WAVES",256.000000,228804326549,228804747817
206,206,"Agent 1",1,1909,1909,8192,17,"pk_gemm(__half const*, __half const*, __half*, int, int, int)",128,17408,0,136,0,128,"SQ_INSTS_LDS",1310720.000000,228804783363,228805201827
206,206,"Agent 1",1,1909,1909,8192,17,"pk_gemm(__half const*, __half const*, __half*, int, int, int)",128,17408,0,136,0,128,"SQ_INSTS_VALU",22828032.000000,228804783363,228805201827
206,206,"Agent 1",1,1909,1909,8192,17,"pk_gemm(__half const*, __half const*, __half*, int, int, int)",128,17408,0,136,0,128,"SQ_WAVES",256.000000,228804783363,228805201827
207,207,"Agent 1",1,1909,1909,8192,17,"pk_gemm(__half const*, __half const*, __half*, int, int, int)",128,17408,0,136,0,128,"SQ_INSTS_LDS",1310720.000000,228805238054,228805658682
207,207,"Agent 1",1,1909,1909,8192,17,"pk_gemm(__half const*, __half const*, __half*, int, int, int)",128,17408,0,136,0,128,"SQ_INSTS_VALU",22828032.000000,228805238054,228805658682
207,207,"Agent 1",1,1909,1909,8192,17,"pk_gemm(__half const*, __half const*, __half*, int, int, int)",128,17408,0,136,0,128,"SQ_WAVES",256.000000,228805238054,228805658682
208,208,"Agent 1",1,1909,1909,8192,17,"pk_gemm(__half const*, __half const*, __half*, int, int, int)",128,17408,0,136,0,128,"SQ_INSTS_LDS",1310720.000000,228805691463,228806104115
208,208,"Agent 1",1,1909,1909,8192,17,"pk_gemm(__half const*, __half const*, __half*, int, int, int)",128,17408,0,136,0,128,"SQ_INSTS_VALU",22828032.000000,228805691463,228806104115
208,208,"Agent 1",1,1909,1909,8192,17,"pk_gemm(__half const*, __half const*, __half*, int, int, int)",128,17408,0,136,0,128,"SQ_WAVES",256.000000,228805691463,228806104115
209,209,"Agent 1",1,1909,1909,8192,17,"pk_gemm(__half const*, __half const*, __half*, int, int, int)",128,17408,0,136,0,128,"SQ_INSTS_LDS",1310720.000000,228806139702,228806542456
209,209,"Agent 1",1,1909,1909,8192,17,"pk_gemm(__half const*, __half const*, __half*, int, int, int)",128,17408,0,136,0,128,"SQ_INSTS_VALU",22828032.000000,228806139702,228806542456
209,209,"Agent 1",1,1909,1909,8192,17,"pk_gemm(__half const*, __half const*, __half*, int, int, int)",128,17408,0,136,0,128,"SQ_WAVES",256.000000,228806139702,228806542456
210,210,"Agent 1",1,1909,1909,8192,17,"pk_gemm(__half const*, __half const*, __half*, int, int, int)",128,17408,0,136,0,128,"SQ_INSTS_LDS",1310720.000000,228806577441,228807003919
210,210,"Agent 1",1,1909,1909,8192,17,"pk_gemm(__half const*, __half const*, __half*, int, int, int)",128,17408,0,136,0,128,"SQ_INSTS_VALU",22828032.000000,228806577441,228807003919
210,210,"Agent 1",1,1909,1909,8192,17,"pk_gemm(__half const*, __half const*, __half*, int, int, int)",128,17408,0,136,0,128,"SQ_WAVES",256.000000,228806577441,228807003919
211,211,"Agent 1",1,1909,1909,8192,17,"pk_gemm(__half const*, __half const*, __half*, int, int, int)",128,17408,0,136,0,128,"SQ_INSTS_LDS",1310720.000000,228807038264,228807457088
211,211,"Agent 1",1,1909,1909,8192,17,"pk_gemm(__half const*, __half const*, __half*, int, int, int)",128,17408,0,136,0,128,"SQ_INSTS_VALU",22828032.000000,228807038264,228807457088
211,211,"Agent 1",1,1909,1909,8192,17,"pk_gemm(__half const*, __half const*, __half*, int, int, int)",128,17408,0,136,0,128,"SQ_WAVES",256.000000,228807038264,228807457088
212,212,"Agent 1",1,1909,1909,8192,17,"pk_gemm(__half const*, __half const*, __half*, int, int, int)",128,17408,0,136,0,128,"SQ_INSTS_LDS",1310720.000000,228807491512,228807906569
212,212,"Agent 1",1,1909,1909,8192,17,"pk_gemm(__half const*, __half const*, __half*, int, int, int)",128,17408,0,136,0,128,"SQ_INSTS_VALU",22828032.000000,228807491512,228807906569
212,212,"Agent 1",1,1909,1909,8192,17,"pk_gemm(__half const*, __half const*, __half*, int, int, int)",128,17408,0,136,0,128,"SQ_WAVES",256.000000,228807491512,228807906569
213,213,"Agent 1",1,1909,1909,8192,17,"pk_gemm(__half const*, __half const*, __half*, int, int, int)",128,17408,0,136,0,128,"SQ_INSTS_LDS",1310720.000000,228807938709,228808355850
213,213,"Agent 1",1,1909,1909,8192,17,"pk_gemm(__half const*, __half const*, __half*, int, int, int)",128,17408,0,136,0,128,"SQ_INSTS_VALU",22828032.000000,228807938709,228808355850
213,213,"Agent 1",1,1909,1909,8192,17,"pk_gemm(__half const*, __half const*, __half*, int, int, int)",128,17408,0,136,0,128,"SQ_WAVES",256.000000,228807938709,228808355850
214,214,"Agent 1",1,1909,1909,8192,17,"pk_gemm(__half const*, __half const*, __half*, int, int, int)",128,17408,0,136,0,128,"SQ_INSTS_LDS",1310720.000000,228808389793,228808795192
214,214,"Agent 1",1,1909,1909,8192,17,"pk_gemm(__half const*, __half const*, __half*, int, int, int)",128,17408,0,136,0,128,"SQ_INSTS_VALU",22828032.000000,228808389793,228808795192
214,214,"Agent 1",1,1909,1909,8192,17,"pk_gemm(__half const*, __half const*, __half*, int, int, int)",128,17408,0,136,0,128,"SQ_WAVES",256.000000,228808389793,228808795192
215,215,"Agent 1",1,1909,1909,8192,17,"pk_gemm(__half const*, __half const*, __half*, int, int, int)",128,17408,0,136,0,128,"SQ_INSTS_LDS",1310720.000000,228808828655,228809256055
215,215,"Agent 1",1,1909,1909,8192,17,"pk_gemm(__half const*, __half const*, __half*, int, int, int)",128,17408,0,136,0,128,"SQ_INSTS_VALU",22828032.000000,228808828655,228809256055
215,215,"Agent 1",1,1909,1909,8192,17,"pk_gemm(__half const*, __half const*, __half*, int, int, int)",128,17408,0,136,0,128,"SQ_WAVES",256.000000,228808828655,228809256055
216,216,"Agent 1",1,1909,1909,8192,17,"pk_gemm(__half const*, __half const*, __half*, int, int, int)",128,17408,0,136,0,128,"SQ_INSTS_LDS",1310720.000000,228809287594,228809704374
216,216,"Agent 1",1,1909,1909,8192,17,"pk_gemm(__half const*, __half const*, __half*, int, int, int)",128,17408,0,136,0,128,"SQ_INSTS_VALU",22828032.000000,228809287594,228809704374
216,216,"Agent 1",1,1909,1909,8192,17,"pk_gemm(__half const*, __half const*, __half*, int, int, int)",128,17408,0,136,0,128,"SQ_WAVES",256.000000,228809287594,228809704374
217,217,"Agent 1",1,1909,1909,8192,17,"pk_gemm(__half const*, __half const*, __half*, int, int, int)",128,17408,0,136,0,128,"SQ_INSTS_LDS",1310720.000000,228809737516,228810152252
217,217,"Agent 1",1,1909,1909,8192,17,"pk_gemm(__half const*, __half const*, __half*, int, int, int)",128,17408,0,136,0,128,"SQ_INSTS_VALU",22828032.000000,228809737516,228810152252
217,217,"Agent 1",1,1909,1909,8192,17,"pk_gemm(__half const*, __half const*, __half*, int, int, int)",128,17408,0,136,0,128,"SQ_WAVES",256.000000,228809737516,228810152252
218,218,"Agent 1",1,1909,1909,8192,17,"pk_gemm(__half const*, __half const*, __half*, int, int, int)",128,17408,0,136,0,128,"SQ_INSTS_LDS",1310720.000000,228810186195,228810606622
218,218,"Agent 1",1,1909,1909,8192,17,"pk_gemm(__half const*, __half const*, __half*, int, int, int)",128,17408,0,136,0,128,"SQ_INSTS_VALU",22828032.000000,228810186195,228810606622
218,218,"Agent 1",1,1909,1909,8192,17,"pk_gemm(__half const*, __half const*, __half*, int, int, int)",128,17408,0,136,0,128,"SQ_WAVES",256.000000,228810186195,228810606622
219,219,"Agent 1",1,1909,1909,8192,17,"pk_gemm(__half const*, __half const*, __half*, int, int, int)",128,17408,0,136,0,128,"SQ_INSTS_LDS",1310720.000000,228810639764,228811043720
219,219,"Agent 1",1,1909,1909,8192,17,"pk_gemm(__half const*, __half const*, __half*, int, int, int)",128,17408,0,136,0,128,"SQ_INSTS_VALU",22828032.000000,228810639764,228811043720
219,219,"Agent 1",1,1909,1909,8192,17,"pk_gemm(__half const*, __half const*, __half*, int, int, int)",128,17408,0,136,0,128,"SQ_WAVES",256.000000,228810639764,228811043720
220,220,"Agent 1",1,1909,1909,8192,17,"pk_gemm(__half const*, __half const*, __half*, int, int, int)",128,17408,0,136,0,128,"SQ_INSTS_LDS",1310720.000000,228811075780,228811501096
220,220,"Agent 1",1,1909,1909,8192,17,"pk_gemm(__half const*, __half const*, __half*, int, int, int)",128,17408,0,136,0,128,"SQ_INSTS_VALU",22828032.000000,228811075780,228811501096
220,220,"Agent 1",1,1909,1909,8192,17,"pk_gemm(__half const*, __half const*, __half*, int, int, int)",128,17408,0,136,0,128,"SQ_WAVES",256.000000,228811075780,228811501096
221,221,"Agent 1",1,1909,1909,8192,17,"pk_gemm(__half const*, __half const*, __half*, int, int, int)",128,17408,0,136,0,128,"SQ_INSTS_LDS",1310720.000000,228811535080,228811954465
221,221,"Agent 1",1,1909,1909,8192,17,"pk_gemm(__half const*, __half const*, __half*, int, int, int)",128,17408,0,136,0,128,"SQ_INSTS_VALU",22828032.000000,228811535080,228811954465
221,221,"Agent 1",1,1909,1909,8192,17,"pk_gemm(__half const*, __half const*, __half*, int, int, int)",128,17408,0,136,0,128,"SQ_WAVES",256.000000,228811535080,228811954465
222,222,"Agent 1",1,1909,1909,8192,17,"pk_gemm(__half const*, __half const*, __half*, int, int, int)",128,17408,0,136,0,128,"SQ_INSTS_LDS",1310720.000000,228811984802,228812397294
222,222,"Agent 1",1,1909,1909,8192,17,"pk_gemm(__half const*, __half const*, __half*, int, int, int)",128,17408,0,136,0,128,"SQ_INSTS_VALU",22828032.000000,228811984802,228812397294
222,222,"Agent 1",1,1909,1909,8192,17,"pk_gemm(__half const*, __half const*, __half*, int, int, int)",128,17408,0,136,0,128,"SQ_WAVES",256.000000,228811984802,228812397294
223,223,"Agent 1",1,1909,1909,8192,17,"pk_gemm(__half const*, __half const*, __half*, int, int, int)",128,17408,0,136,0,128,"SQ_INSTS_LDS",1310720.000000,228812428793,228812845252
223,223,"Agent 1",1,1909,1909,8192,17,"pk_gemm(__half const*, __half const*, __half*, int, int, int)",128,17408,0,136,0,128,"SQ_INSTS_VALU",22828032.000000,228812428793,228812845252
223,223,"Agent 1",1,1909,1909,8192,17,"pk_gemm(__half const*, __half const*, __half*, int, int, int)",128,17408,0,136,0,128,"SQ_WAVES",256.000000,228812428793,228812845252
224,224,"Agent 1",1,1909,1909,8192,17,"pk_gemm(__half const*, __half const*, __half*, int, int, int)",128,17408,0,136,0,128,"SQ_INSTS_LDS",1310720.000000,228812877873,228813282190
224,224,"Agent 1",1,1909,1909,8192,17,"pk_gemm(__half const*, __half const*, __half*, int, int, int)",128,17408,0,136,0,128,"SQ_INSTS_VALU",22828032.000000,228812877873,228813282190
224,224,"Agent 1",1,1909,1909,8192,17,"pk_gemm(__half const*, __half const*, __half*, int, int, int)",128,17408,0,136,0,128,"SQ_WAVES",256.000000,228812877873,228813282190
225,225,"Agent 1",1,1909,1909,8192,17,"pk_gemm(__half const*, __half const*, __half*, int, int, int)",128,17408,0,136,0,128,"SQ_INSTS_LDS",1310720.000000,228813313849,228813739806
225,225,"Agent 1",1,1909,1909,8192,17,"pk_gemm(__half const*, __half const*, __half*, int, int, int)",128,17408,0,136,0,128,"SQ_INSTS_VALU",22828032.000000,228813313849,228813739806
225,225,"Agent 1",1,1909,1909,8192,17,"pk_gemm(__half const*, __half const*, __half*, int, int, int)",128,17408,0,136,0,128,"SQ_WAVES",256.000000,228813313849,228813739806
226,226,"Agent 1",1,1909,1909,8192,17,"pk_gemm(__half const*, __half const*, __half*, int, int, int)",128,17408,0,136,0,128,"SQ_INSTS_LDS",1310720.000000,228813771466,228814187524
226,226,"Agent 1",1,1909,1909,8192,17,"pk_gemm(__half const*, __half const*, __half*, int, int, int)",128,17408,0,136,0,128,"SQ_INSTS_VALU",22828032.000000,228813771466,228814187524
226,226,"Agent 1",1,1909,1909,8192,17,"pk_gemm(__half const*, __half const*, __half*, int, int, int)",128,17408,0,136,0,128,"SQ_WAVES",256.000000,228813771466,228814187524
227,227,"Agent 1",1,1909,1909,8192,17,"pk_gemm(__half const*, __half const*, __half*, int, int, int)",128,17408,0,136,0,128,"SQ_INSTS_LDS",1310720.000000,228814218743,228814632798
227,227,"Agent 1",1,1909,1909,8192,17,"pk_gemm(__half const*, __half const*, __half*, int, int, int)",128,17408,0,136,0,128,"SQ_INSTS_VALU",22828032.000000,228814218743,228814632798
227,227,"Agent 1",1,1909,1909,8192,17,"pk_gemm(__half const*, __half const*, __half*, int, int, int)",128,17408,0,136,0,128,"SQ_WAVES",256.000000,228814218743,228814632798
228,228,"Agent 1",1,1909,1909,8192,17,"pk_gemm(__half const*, __half const*, __half*, int, int, int)",128,17408,0,136,0,128,"SQ_INSTS_LDS",1310720.000000,228814692068,228815110732
228,228,"Agent 1",1,1909,1909,8192,17,"pk_gemm(__half const*, __half const*, __half*, int, int, int)",128,17408,0,136,0,128,"SQ_INSTS_VALU",22828032.000000,228814692068,228815110732
228,228,"Agent 1",1,1909,1909,8192,17,"pk_gemm(__half const*, __half const*, __half*, int, int, int)",128,17408,0,136,0,128,"SQ_WAVES",256.000000,228814692068,228815110732
229,229,"Agent 1",1,1909,1909,8192,17,"pk_gemm(__half const*, __half const*, __half*, int, int, int)",128,17408,0,136,0,128,"SQ_INSTS_LDS",1310720.000000,228815145918,228815550595
229,229,"Agent 1",1,1909,1909,8192,17,"pk_gemm(__half const*, __half const*, __half*, int, int, int)",128,17408,0,136,0,128,"SQ_INSTS_VALU",22828032.000000,228815145918,228815550595
229,229,"Agent 1",1,1909,1909,8192,17,"pk_gemm(__half const*, __half const*, __half*, int, int, int)",128,17408,0,136,0,128,"SQ_WAVES",256.000000,228815145918,228815550595
230,230,"Agent 1",1,1909,1909,8192,17,"pk_gemm(__half const*, __half const*, __half*, int, int, int)",128,17408,0,136,0,128,"SQ_INSTS_LDS",1310720.000000,228815584298,228816009454
230,230,"Agent 1",1,1909,1909,8192,17,"pk_gemm(__half const*, __half const*, __half*, int, int, int)",128,17408,0,136,0,128,"SQ_INSTS_VALU",22828032.000000,228815584298,228816009454
230,230,"Agent 1",1,1909,1909,8192,17,"pk_gemm(__half const*, __half const*, __half*, int, int, int)",128,17408,0,136,0,128,"SQ_WAVES",256.000000,228815584298,228816009454
231,231,"Agent 1",1,1909,1909,8192,17,"pk_gemm(__half const*, __half const*, __half*, int, int, int)",128,17408,0,136,0,128,"SQ_INSTS_LDS",1310720.000000,228816046964,228816463544
231,231,"Agent 1",1,1909,1909,8192,17,"pk_gemm(__half const*, __half const*, __half*, int, int, int)",128,17408,0,136,0,128,"SQ_INSTS_VALU",22828032.000000,228816046964,228816463544
231,231,"Agent 1",1,1909,1909,8192,17,"pk_gemm(__half const*, __half const*, __half*, int, int, int)",128,17408,0,136,0,128,"SQ_WAVES",256.000000,228816046964,228816463544
232,232,"Agent 1",1,1909,1909,8192,17,"pk_gemm(__half const*, __half const*, __half*, int, int, int)",128,17408,0,136,0,128,"SQ_INSTS_LDS",1310720.000000,228816501415,228816912184
232,232,"Agent 1",1,1909,1909,8192,17,"pk_gemm(__half const*, __half const*, __half*, int, int, int)",128,17408,0,136,0,128,"SQ_INSTS_VALU",22828032.000000,228816501415,228816912184
232,232,"Agent 1",1,1909,1909,8192,17,"pk_gemm(__half const*, __half const*, __half*, int, int, int)",128,17408,0,136,0,128,"SQ_WAVES",256.000000,228816501415,228816912184
233,233,"Agent 1",1,1909,1909,8192,17,"pk_gemm(__half const*, __half const*, __half*, int, int, int)",128,17408,0,136,0,128,"SQ_INSTS_LDS",1310720.000000,228816948411,228817362266
233,233,"Agent 1",1,1909,1909,8192,17,"pk_gemm(__half const*, __half const*, __half*, int, int, int)",128,17408,0,136,0,128,"SQ_INSTS_VALU",22828032.000000,228816948411,228817362266
233,233,"Agent 1",1,1909,1909,8192,17,"pk_gemm(__half const*, __half const*, __half*, int, int, int)",128,17408,0,136,0,128,"SQ_WAVES",256.000000,228816948411,228817362266
234,234,"Agent 1",1,1909,1909,8192,17,"pk_gemm(__half const*, __half const*, __half*, int, int, int)",128,17408,0,136,0,128,"SQ_INSTS_LDS",1310720.000000,228817397692,228817800166
234,234,"Agent 1",1,1909,1909,8192,17,"pk_gemm(__half const*, __half const*, __half*, int, int, int)",128,17408,0,136,0,128,"SQ_INSTS_VALU",22828032.000000,228817397692,228817800166
234,234,"Agent 1",1,1909,1909,8192,17,"pk_gemm(__half const*, __half const*, __half*, int, int, int)",128,17408,0,136,0,128,"SQ_WAVES",256.000000,228817397692,228817800166
235,235,"Agent 1",1,1909,1909,8192,17,"pk_gemm(__half const*, __half const*, __half*, int, int, int)",128,17408,0,136,0,128,"SQ_INSTS_LDS",1310720.000000,228817833949,228818256299
235,235,"Agent 1",1,1909,1909,8192,17,"pk_gemm(__half const*, __half const*, __half*, int, int, int)",128,17408,0,136,0,128,"SQ_INSTS_VALU",22828032.000000,228817833949,228818256299
235,235,"Agent 1",1,1909,1909,8192,17,"pk_gemm(__half const*, __half const*, __half*, int, int, int)",128,17408,0,136,0,128,"SQ_WAVES",256.000000,228817833949,228818256299
236,236,"Agent 1",1,1909,1909,8192,17,"pk_gemm(__half const*, __half const*, __half*, int, int, int)",128,17408,0,136,0,128,"SQ_INSTS_LDS",1310720.000000,228818291525,228818709708
236,236,"Agent 1",1,1909,1909,8192,17,"pk_gemm(__half const*, __half const*, __half*, int, int, int)",128,17408,0,136,0,128,"SQ_INSTS_VALU",22828032.000000,228818291525,228818709708
236,236,"Agent 1",1,1909,1909,8192,17,"pk_gemm(__half const*, __half const*, __half*, int, int, int)",128,17408,0,136,0,128,"SQ_WAVES",256.000000,228818291525,228818709708
237,237,"Agent 1",1,1909,1909,8192,17,"pk_gemm(__half const*, __half const*, __half*, int, int, int)",128,17408,0,136,0,128,"SQ_INSTS_LDS",1310720.000000,228818744733,228819166883
237,237,"Agent 1",1,1909,1909,8192,17,"pk_gemm(__half const*, __half const*, __half*, int, int, int)",128,17408,0,136,0,128,"SQ_INSTS_VALU",22828032.000000,228818744733,228819166883
237,237,"Agent 1",1,1909,1909,8192,17,"pk_gemm(__half const*, __half const*, __half*, int, int, int)",128,17408,0,136,0,128,"SQ_WAVES",256.000000,228818744733,228819166883
238,238,"Agent 1",1,1909,1909,8192,17,"pk_gemm(__half const*, __half const*, __half*, int, int, int)",128,17408,0,136,0,128,"SQ_INSTS_LDS",1310720.000000,228819200306,228819615804
238,238,"Agent 1",1,1909,1909,8192,17,"pk_gemm(__half const*, __half const*, __half*, int, int, int)",128,17408,0,136,0,128,"SQ_INSTS_VALU",22828032.000000,228819200306,228819615804
238,238,"Agent 1",1,1909,1909,8192,17,"pk_gemm(__half const*, __half const*, __half*, int, int, int)",128,17408,0,136,0,128,"SQ_WAVES",256.000000,228819200306,228819615804
239,239,"Agent 1",1,1909,1909,8192,17,"pk_gemm(__half const*, __half const*, __half*, int, int, int)",128,17408,0,136,0,128,"SQ_INSTS_LDS",1310720.000000,228819650709,228820052341
239,239,"Agent 1",1,1909,1909,8192,17,"pk_gemm(__half const*, __half const*, __half*, int, int, int)",128,17408,0,136,0,128,"SQ_INSTS_VALU",22828032.000000,228819650709,228820052341
239,239,"Agent 1",1,1909,1909,8192,17,"pk_gemm(__half const*, __half const*, __half*, int, int, int)",128,17408,0,136,0,128,"SQ_WAVES",256.000000,228819650709,228820052341
240,240,"Agent 1",1,1909,1909,8192,17,"pk_gemm(__half const*, __half const*, __half*, int, int, int)",128,17408,0,136,0,128,"SQ_INSTS_LDS",1310720.000000,228820086725,228820513604
240,240,"Agent 1",1,1909,1909,8192,17,"pk_gemm(__half const*, __half const*, __half*, int, int, int)",128,17408,0,136,0,128,"SQ_INSTS_VALU",22828032.000000,228820086725,228820513604
240,240,"Agent 1",1,1909,1909,8192,17,"pk_gemm(__half const*, __half const*, __half*, int, int, int)",128,17408,0,136,0,128,"SQ_WAVES",256.000000,228820086725,228820513604
241,241,"Agent 1",1,1909,1909,8192,17,"pk_gemm(__half const*, __half const*, __half*, int, int, int)",128,17408,0,136,0,128,"SQ_INSTS_LDS",1310720.000000,228820547868,228820963927
241,241,"Agent 1",1,1909,1909,8192,17,"pk_gemm(__half const*, __half const*, __half*, int, int, int)",128,17408,0,136,0,128,"SQ_INSTS_VALU",22828032.000000,228820547868,228820963927
241,241,"Agent 1",1,1909,1909,8192,17,"pk_gemm(__half const*, __half const*, __half*, int, int, int)",128,17408,0,136,0,128,"SQ_WAVES",256.000000,228820547868,228820963927
242,242,"Agent 1",1,1909,1909,8192,17,"pk_gemm(__half const*, __half const*, __half*, int, int, int)",128,17408,0,136,0,128,"SQ_INSTS_LDS",1310720.000000,228820998832,228821420061
242,242,"Agent 1",1,1909,1909,8192,17,"pk_gemm(__half const*, __half const*, __half*, int, int, int)",128,17408,0,136,0,128,"SQ_INSTS_VALU",22828032.000000,228820998832,228821420061
242,242,"Agent 1",1,1909,1909,8192,17,"pk_gemm(__half const*, __half const*, __half*, int, int, int)",128,17408,0,136,0,128,"SQ_WAVES",256.000000,228820998832,228821420061
243,243,"Agent 1",1,1909,1909,8192,17,"pk_gemm(__half const*, __half const*, __half*, int, int, int)",128,17408,0,136,0,128,"SQ_INSTS_LDS",1310720.000000,228821453804,228821871986
243,243,"Agent 1",1,1909,1909,8192,17,"pk_gemm(__half const*, __half const*, __half*, int, int, int)",128,17408,0,136,0,128,"SQ_INSTS_VALU",22828032.000000,228821453804,228821871986
243,243,"Agent 1",1,1909,1909,8192,17,"pk_gemm(__half const*, __half const*, __half*, int, int, int)",128,17408,0,136,0,128,"SQ_WAVES",256.000000,228821453804,228821871986
244,244,"Agent 1",1,1909,1909,8192,17,"pk_gemm(__half const*, __half const*, __half*, int, int, int)",128,17408,0,136,0,128,"SQ_INSTS_LDS",1310720.000000,228821906331,228822308002
244,244,"Agent 1",1,1909,1909,8192,17,"pk_gemm(__half const*, __half const*, __half*, int, int, int)",128,17408,0,136,0,128,"SQ_INSTS_VALU",22828032.000000,228821906331,228822308002
244,244,"Agent 1",1,1909,1909,8192,17,"pk_gemm(__half const*, __half const*, __half*, int, int, int)",128,17408,0,136,0,128,"SQ_WAVES",256.000000,228821906331,228822308002
245,245,"Agent 1",1,1909,1909,8192,17,"pk_gemm(__half const*, __half const*, __half*, int, int, int)",128,17408,0,136,0,128,"SQ_INSTS_LDS",1310720.000000,228822341946,228822760970
245,245,"Agent 1",1,1909,1909,8192,17,"pk_gemm(__half const*, __half const*, __half*, int, int, int)",128,17408,0,136,0,128,"SQ_INSTS_VALU",22828032.000000,228822341946,228822760970
245,245,"Agent 1",1,1909,1909,8192,17,"pk_gemm(__half const*, __half const*, __half*, int, int, int)",128,17408,0,136,0,128,"SQ_WAVES",256.000000,228822341946,228822760970
246,246,"Agent 1",1,1909,1909,8192,17,"pk_gemm(__half const*, __half const*, __half*, int, int, int)",128,17408,0,136,0,128,"SQ_INSTS_LDS",1310720.000000,228822793992,228823211573
246,246,"Agent 1",1,1909,1909,8192,17,"pk_gemm(__half const*, __half const*, __half*, int, int, int)",128,17408,0,136,0,128,"SQ_INSTS_VALU",22828032.000000,228822793992,228823211573
246,246,"Agent 1",1,1909,1909,8192,17,"pk_gemm(__half const*, __half const*, __half*, int, int, int)",128,17408,0,136,0,128,"SQ_WAVES",256.000000,228822793992,228823211573
247,247,"Agent 1",1,1909,1909,8192,17,"pk_gemm(__half const*, __half const*, __half*, int, int, int)",128,17408,0,136,0,128,"SQ_INSTS_LDS",1310720.000000,228823243954,228823657288
247,247,"Agent 1",1,1909,1909,8192,17,"pk_gemm(__half const*, __half const*, __half*, int, int, int)",128,17408,0,136,0,128,"SQ_INSTS_VALU",22828032.000000,228823243954,228823657288
247,247,"Agent 1",1,1909,1909,8192,17,"pk_gemm(__half const*, __half const*, __half*, int, int, int)",128,17408,0,136,0,128,"SQ_WAVES",256.000000,228823243954,228823657288
248,248,"Agent 1",1,1909,1909,8192,17,"pk_gemm(__half const*, __half const*, __half*, int, int, int)",128,17408,0,136,0,128,"SQ_INSTS_LDS",1310720.000000,228823690069,228824106448
248,248,"Agent 1",1,1909,1909,8192,17,"pk_gemm(__half const*, __half const*, __half*, int, int, int)",128,17408,0,136,0,128,"SQ_INSTS_VALU",22828032.000000,228823690069,228824106448
248,248,"Agent 1",1,1909,1909,8192,17,"pk_gemm(__half const*, __half const*, __half*, int, int, int)",128,17408,0,136,0,128,"SQ_WAVES",256.000000,228823690069,228824106448
249,249,"Agent 1",1,1909,1909,8192,17,"pk_gemm(__half const*, __half const*, __half*, int, int, int)",128,17408,0,136,0,128,"SQ_INSTS_LDS",1310720.000000,228824138789,228824543667
249,249,"Agent 1",1,1909,1909,8192,17,"pk_gemm(__half const*, __half const*, __half*, int, int, int)",128,17408,0,136,0,128,"SQ_INSTS_VALU",22828032.000000,228824138789,228824543667
249,249,"Agent 1",1,1909,1909,8192,17,"pk_gemm(__half const*, __half const*, __half*, int, int, int)",128,17408,0,136,0,128,"SQ_WAVES",256.000000,228824138789,228824543667
250,250,"Agent 1",1,1909,1909,8192,17,"pk_gemm(__half const*, __half const*, __half*, int, int, int)",128,17408,0,136,0,128,"SQ_INSTS_LDS",1310720.000000,228824576288,228824995272
250,250,"Agent 1",1,1909,1909,8192,17,"pk_gemm(__half const*, __half const*, __half*, int, int, int)",128,17408,0,136,0,128,"SQ_INSTS_VALU",22828032.000000,228824576288,228824995272
250,250,"Agent 1",1,1909,1909,8192,17,"pk_gemm(__half const*, __half const*, __half*, int, int, int)",128,17408,0,136,0,128,"SQ_WAVES",256.000000,228824576288,228824995272
251,251,"Agent 1",1,1909,1909,8192,17,"pk_gemm(__half const*, __half const*, __half*, int, int, int)",128,17408,0,136,0,128,"SQ_INSTS_LDS",1310720.000000,228825031339,228825450644
251,251,"Agent 1",1,1909,1909,8192,17,"pk_gemm(__half const*, __half const*, __half*, int, int, int)",128,17408,0,136,0,128,"SQ_INSTS_VALU",22828032.000000,228825031339,228825450644
251,251,"Agent 1",1,1909,1909,8192,17,"pk_gemm(__half const*, __half const*, __half*, int, int, int)",128,17408,0,136,0,128,"SQ_WAVES",256.000000,228825031339,228825450644
252,252,"Agent 1",1,1909,1909,8192,17,"pk_gemm(__half const*, __half const*, __half*, int, int, int)",128,17408,0,136,0,128,"SQ_INSTS_LDS",1310720.000000,228825482544,228825895116
252,252,"Agent 1",1,1909,1909,8192,17,"pk_gemm(__half const*, __half const*, __half*, int, int, int)",128,17408,0,136,0,128,"SQ_INSTS_VALU",22828032.000000,228825482544,228825895116
252,252,"Agent 1",1,1909,1909,8192,17,"pk_gemm(__half const*, __half const*, __half*, int, int, int)",128,17408,0,136,0,128,"SQ_WAVES",256.000000,228825482544,228825895116
253,253,"Agent 1",1,1909,1909,8192,17,"pk_gemm(__half const*, __half const*, __half*, int, int, int)",128,17408,0,136,0,128,"SQ_INSTS_LDS",1310720.000000,228825926575,228826342353
253,253,"Agent 1",1,1909,1909,8192,17,"pk_gemm(__half const*, __half const*, __half*, int, int, int)",128,17408,0,136,0,128,"SQ_INSTS_VALU",22828032.000000,228825926575,228826342353
253,253,"Agent 1",1,1909,1909,8192,17,"pk_gemm(__half const*, __half const*, __half*, int, int, int)",128,17408,0,136,0,128,"SQ_WAVES",256.000000,228825926575,228826342353
254,254,"Agent 1",1,1909,1909,8192,17,"pk_gemm(__half const*, __half const*, __half*, int, int, int)",128,17408,0,136,0,128,"SQ_INSTS_LDS",1310720.000000,228826373772,228826775444
254,254,"Agent 1",1,1909,1909,8192,17,"pk_gemm(__half const*, __half const*, __half*, int, int, int)",128,17408,0,136,0,128,"SQ_INSTS_VALU",22828032.000000,228826373772,228826775444
254,254,"Agent 1",1,1909,1909,8192,17,"pk_gemm(__half const*, __half const*, __half*, int, int, int)",128,17408,0,136,0,128,"SQ_WAVES",256.000000,228826373772,228826775444
255,255,"Agent 1",1,1909,1909,8192,17,"pk_gemm(__half const*, __half const*, __half*, int, int, int)",128,17408,0,136,0,128,"SQ_INSTS_LDS",1310720.000000,228826807023,228827232699
255,255,"Agent 1",1,1909,1909,8192,17,"pk_gemm(__half const*, __half const*, __half*, int, int, int)",128,17408,0,136,0,128,"SQ_INSTS_VALU",22828032.000000,228826807023,228827232699
255,255,"Agent 1",1,1909,1909,8192,17,"pk_gemm(__half const*, __half const*, __half*, int, int, int)",128,17408,0,136,0,128,"SQ_WAVES",256.000000,228826807023,228827232699
256,256,"Agent 1",1,1909,1909,8192,17,"pk_gemm(__half const*, __half const*, __half*, int, int, int)",128,17408,0,136,0,128,"SQ_INSTS_LDS",1310720.000000,228827264078,228827679375
256,256,"Agent 1",1,1909,1909,8192,17,"pk_gemm(__half const*, __half const*, __half*, int, int, int)",128,17408,0,136,0,128,"SQ_INSTS_VALU",22828032.000000,228827264078,228827679375
256,256,"Agent 1",1,1909,1909,8192,17,"pk_gemm(__half const*, __half const*, __half*, int, int, int)",128,17408,0,136,0,128,"SQ_WAVES",256.000000,228827264078,228827679375
257,257,"Agent 1",1,1909,1909,8192,17,"pk_gemm(__half const*, __half const*, __half*, int, int, int)",128,17408,0,136,0,128,"SQ_INSTS_LDS",1310720.000000,228827710433,228828128496
257,257,"Agent 1",1,1909,1909,8192,17,"pk_gemm(__half const*, __half const*, __half*, int, int, int)",128,17408,0,136,0,128,"SQ_INSTS_VALU",22828032.000000,228827710433,228828128496
257,257,"Agent 1",1,1909,1909,8192,17,"pk_gemm(__half const*, __half const*, __half*, int, int, int)",128,17408,0,136,0,128,"SQ_WAVES",256.000000,228827710433,228828128496
258,258,"Agent 1",1,1909,1909,32768,17,"pk_gemm(__half const*, __half const*, __half*, int, int, int)",128,17408,0,136,0,128,"SQ_INSTS_LDS",10485760.000000,228936581155,228939978272
258,258,"Agent 1",1,1909,1909,32768,17,"pk_gemm(__half const*, __half const*, __half*, int, int, int)",128,17408,0,136,0,128,"SQ_INSTS_VALU",182145024.000000,228936581155,228939978272
258,258,"Agent 1",1,1909,1909,32768,17,"pk_gemm(__half const*, __half const*, __half*, int, int, int)",128,17408,0,136,0,128,"SQ_WAVES",1024.000000,228936581155,228939978272
259,259,"Agent 1",1,1909,1909,32768,17,"pk_gemm(__half const*, __half const*, __half*, int, int, int)",128,17408,0,136,0,128,"SQ_INSTS_LDS",10485760.000000,228940018987,228943436143
259,259,"Agent 1",1,1909,1909,32768,17,"pk_gemm(__half const*, __half const*, __half*, int, int, int)",128,17408,0,136,0,128,"SQ_INSTS_VALU",182145024.000000,228940018987,228943436143
259,259,"Agent 1",1,1909,1909,32768,17,"pk_gemm(__half const*, __half const*, __half*, int, int, int)",128,17408,0,136,0,128,"SQ_WAVES",1024.000000,228940018987,228943436143
260,260,"Agent 1",1,1909,1909,32768,17,"pk_gemm(__half const*, __half const*, __half*, int, int, int)",128,17408,0,136,0,128,"SQ_INSTS_LDS",10485760.000000,228943467241,228946979053
260,260,"Agent 1",1,1909,1909,32768,17,"pk_gemm(__half const*, __half const*, __half*, int, int, int)",128,17408,0,136,0,128,"SQ_INSTS_VALU",182145024.000000,228943467241,228946979053
260,260,"Agent 1",1,1909,1909,32768,17,"pk_gemm(__half const*, __half const*, __half*, int, int, int)",128,17408,0,136,0,128,"SQ_WAVES",1024.000000,228943467241,228946979053
261,261,"Agent 1",1,1909,1909,32768,17,"pk_gemm(__half const*, __half const*, __half*, int, int, int)",128,17408,0,136,0,128,"SQ_INSTS_LDS",10485760.000000,228947011273,228950341105
261,261,"Agent 1",1,1909,1909,32768,17,"pk_gemm(__half const*, __half const*, __half*, int, int, int)",128,17408,0,136,0,128,"SQ_INSTS_VALU",182145024.000000,228947011273,228950341105
261,261,"Agent 1",1,1909,1909,32768,17,"pk_gemm(__half const*, __half const*, __half*, int, int, int)",128,17408,0,136,0,128,"SQ_WAVES",1024.000000,228947011273,228950341105
262,262,"Agent 1",1,1909,1909,32768,17,"pk_gemm(__half const*, __half const*, __half*, int, int, int)",128,17408,0,136,0,128,"SQ_INSTS_LDS",10485760.000000,228950373766,228953787435
262,262,"Agent 1",1,1909,1909,32768,17,"pk_gemm(__half const*, __half const*, __half*, int, int, int)",128,17408,0,136,0,128,"SQ_INSTS_VALU",182145024.000000,228950373766,228953787435
262,262,"Agent 1",1,1909,1909,32768,17,"pk_gemm(__half const*, __half const*, __half*, int, int, int)",128,17408,0,136,0,128,"SQ_WAVES",1024.000000,228950373766,228953787435
263,263,"Agent 1",1,1909,1909,32768,17,"pk_gemm(__half const*, __half const*, __half*, int, int, int)",128,17408,0,136,0,128,"SQ_INSTS_LDS",10485760.000000,228953819655,228957373666
263,263,"Agent 1",1,1909,1909,32768,17,"pk_gemm(__half const*, __half const*, __half*, int, int, int)",128,17408,0,136,0,128,"SQ_INSTS_VALU",182145024.000000,228953819655,228957373666
263,263,"Agent 1",1,1909,1909,32768,17,"pk_gemm(__half const*, __half const*, __half*, int, int, int)",128,17408,0,136,0,128,"SQ_WAVES",1024.000000,228953819655,228957373666
264,264,"Agent 1",1,1909,1909,32768,17,"pk_gemm(__half const*, __half const*, __half*, int, int, int)",128,17408,0,136,0,128,"SQ_INSTS_LDS",10485760.000000,228957404564,228961107935
264,264,"Agent 1",1,1909,1909,32768,17,"pk_gemm(__half const*, __half const*, __half*, int, int, int)",128,17408,0,136,0,128,"SQ_INSTS_VALU",182145024.000000,228957404564,228961107935
264,264,"Agent 1",1,1909,1909,32768,17,"pk_gemm(__half const*, __half const*, __half*, int, int, int)",128,17408,0,136,0,128,"SQ_WAVES",1024.000000,228957404564,228961107935
265,265,"Agent 1",1,1909,1909,32768,17,"pk_gemm(__half const*, __half const*, __half*, int, int, int)",128,17408,0,136,0,128,"SQ_INSTS_LDS",10485760.000000,228961138753,228964762094
265,265,"Agent 1",1,1909,1909,32768,17,"pk_gemm(__half const*, __half const*, __half*, int, int, int)",128,17408,0,136,0,128,"SQ_INSTS_VALU",182145024.000000,228961138753,228964762094
265,265,"Agent 1",1,1909,1909,32768,17,"pk_gemm(__half const*, __half const*, __half*, int, int, int)",128,17408,0,136,0,128,"SQ_WAVES",1024.000000,228961138753,228964762094
266,266,"Agent 1",1,1909,1909,32768,17,"pk_gemm(__half const*, __half const*, __half*, int, int, int)",128,17408,0,136,0,128,"SQ_INSTS_LDS",10523840.000000,228964812749,228968630974
266,266,"Agent 1",1,1909,1909,32768,17,"pk_gemm(__half const*, __half const*, __half*, int, int, int)",128,17408,0,136,0,128,"SQ_INSTS_VALU",182479624.000000,228964812749,228968630974
266,266,"Agent 1",1,1909,1909,32768,17,"pk_gemm(__half const*, __half const*, __half*, int, int, int)",128,17408,0,136,0,128,"SQ_WAVES",2144.000000,228964812749,228968630974
267,267,"Agent 1",1,1909,1909,32768,17,"pk_gemm(__half const*, __half const*, __half*, int, int, int)",128,17408,0,136,0,128,"SQ_INSTS_LDS",10485760.000000,228968671450,228972315550
267,267,"Agent 1",1,1909,1909,32768,17,"pk_gemm(__half const*, __half const*, __half*, int, int, int)",128,17408,0,136,0,128,"SQ_INSTS_VALU",182145024.000000,228968671450,228972315550
267,267,"Agent 1",1,1909,1909,32768,17,"pk_gemm(__half const*, __half const*, __half*, int, int, int)",128,17408,0,136,0,128,"SQ_WAVES",1024.000000,228968671450,228972315550
268,268,"Agent 1",1,1909,1909,32768,17,"pk_gemm(__half const*, __half const*, __half*, int, int, int)",128,17408,0,136,0,128,"SQ_INSTS_LDS",10485760.000000,228972350094,228975918252
268,268,"Agent 1",1,1909,1909,32768,17,"pk_gemm(__half const*, __half const*, __half*, int, int, int)",128,17408,0,136,0,128,"SQ_INSTS_VALU",182145024.000000,228972350094,228975918252
268,268,"Agent 1",1,1909,1909,32768,17,"pk_gemm(__half const*, __half const*, __half*, int, int, int)",128,17408,0,136,0,128,"SQ_WAVES",1024.000000,228972350094,228975918252
269,269,"Agent 1",1,1909,1909,32768,17,"pk_gemm(__half const*, __half const*, __half*, int, int, int)",128,17408,0,136,0,128,"SQ_INSTS_LDS",10485760.000000,228975954199,228979731909
269,269,"Agent 1",1,1909,1909,32768,17,"pk_gemm(__half const*, __half const*, __half*, int, int, int)",128,17408,0,136,0,128,"SQ_INSTS_VALU",182145024.000000,228975954199,228979731909
269,269,"Agent 1",1,1909,1909,32768,17,"pk_gemm(__half const*, __half const*, __half*, int, int, int)",128,17408,0,136,0,128,"SQ_WAVES",1024.000000,228975954199,228979731909
270,270,"Agent 1",1,1909,1909,32768,17,"pk_gemm(__half const*, __half const*, __half*, int, int, int)",128,17408,0,136,0,128,"SQ_INSTS_LDS",10485760.000000,228979766654,228983201002
270,270,"Agent 1",1,1909,1909,32768,17,"pk_gemm(__half const*, __half const*, __half*, int, int, int)",128,17408,0,136,0,128,"SQ_INSTS_VALU",182145024.000000,228979766654,228983201002
270,270,"Agent 1",1,1909,1909,32768,17,"pk_gemm(__half const*, __half const*, __half*, int, int, int)",128,17408,0,136,0,128,"SQ_WAVES",1024.000000,228979766654,228983201002
271,271,"Agent 1",1,1909,1909,32768,17,"pk_gemm(__half const*, __half const*, __half*, int, int, int)",128,17408,0,136,0,128,"SQ_INSTS_LDS",10485760.000000,228983235667,228986707284
271,271,"Agent 1",1,1909,1909,32768,17,"pk_gemm(__half const*, __half const*, __half*, int, int, int)",128,17408,0,136,0,128,"SQ_INSTS_VALU",182145024.000000,228983235667,228986707284
271,271,"Agent 1",1,1909,1909,32768,17,"pk_gemm(__half const*, __half const*, __half*, int, int, int)",128,17408,0,136,0,128,"SQ_WAVES",1024.000000,228983235667,228986707284
272,272,"Agent 1",1,1909,1909,32768,17,"pk_gemm(__half const*, __half const*, __half*, int, int, int)",128,17408,0,136,0,128,"SQ_INSTS_LDS",10485760.000000,228986742029,228990218775
272,272,"Agent 1",1,1909,1909,32768,17,"pk_gemm(__half const*, __half const*, __half*, int, int, int)",128,17408,0,136,0,128,"SQ_INSTS_VALU",182145024.000000,228986742029,228990218775
272,272,"Agent 1",1,1909,1909,32768,17,"pk_gemm(__half const*, __half const*, __half*, int, int, int)",128,17408,0,136,0,128,"SQ_WAVES",1024.000000,228986742029,228990218775
273,273,"Agent 1",1,1909,1909,32768,17,"pk_gemm(__half const*, __half const*, __half*, int, int, int)",128,17408,0,136,0,128,"SQ_INSTS_LDS",10485760.000000,228990253400,228993990354
273,273,"Agent 1",1,1909,1909,32768,17,"pk_gemm(__half const*, __half const*, __half*, int, int, int)",128,17408,0,136,0,128,"SQ_INSTS_VALU",182145024.000000,228990253400,228993990354
273,273,"Agent 1",1,1909,1909,32768,17,"pk_gemm(__half const*, __half const*, __half*, int, int, int)",128,17408,0,136,0,128,"SQ_WAVES",1024.000000,228990253400,228993990354
274,274,"Agent 1",1,1909,1909,32768,17,"pk_gemm(__half const*, __half const*, __half*, int, int, int)",128,17408,0,136,0,128,"SQ_INSTS_LDS",10485760.000000,228994027463,228997547691
274,274,"Agent 1",1,1909,1909,32768,17,"pk_gemm(__half const*, __half const*, __half*, int, int, int)",128,17408,0,136,0,128,"SQ_INSTS_VALU",182145024.000000,228994027463,228997547691
274,274,"Agent 1",1,1909,1909,32768,17,"pk_gemm(__half const*, __half const*, __half*, int, int, int)",128,17408,0,136,0,128,"SQ_WAVES",1024.000000,228994027463,228997547691
275,275,"Agent 1",1,1909,1909,32768,17,"pk_gemm(__half const*, __half const*, __half*, int, int, int)",128,17408,0,136,0,128,"SQ_INSTS_LDS",10485760.000000,228997582797,229001026482
275,275,"Agent 1",1,1909,1909,32768,17,"pk_gemm(__half const*, __half const*, __half*, int, int, int)",128,17408,0,136,0,128,"SQ_INSTS_VALU",182145024.000000,228997582797,229001026482
275,275,"Agent 1",1,1909,1909,32768,17,"pk_gemm(__half const*, __half const*, __half*, int, int, int)",128,17408,0,136,0,128,"SQ_WAVES",1024.000000,228997582797,229001026482
276,276,"Agent 1",1,1909,1909,32768,17,"pk_gemm(__half const*, __half const*, __half*, int, int, int)",128,17408,0,136,0,128,"SQ_INSTS_LDS",10485760.000000,229001062491,229004626883
276,276,"Agent 1",1,1909,1909,32768,17,"pk_gemm(__half const*, __half const*, __half*, int, int, int)",128,17408,0,136,0,128,"SQ_INSTS_VALU",182145024.000000,229001062491,229004626883
276,276,"Agent 1",1,1909,1909,32768,17,"pk_gemm(__half const*, __half const*, __half*, int, int, int)",128,17408,0,136,0,128,"SQ_WAVES",1024.000000,229001062491,229004626883
277,277,"Agent 1",1,1909,1909,32768,17,"pk_gemm(__half const*, __half const*, __half*, int, int, int)",128,17408,0,136,0,128,"SQ_INSTS_LDS",10485760.000000,229004661066,229008089804
277,277,"Agent 1",1,1909,1909,32768,17,"pk_gemm(__half const*, __half const*, __half*, int, int, int)",128,17408,0,136,0,128,"SQ_INSTS_VALU",182145024.000000,229004661066,229008089804
277,277,"Agent 1",1,1909,1909,32768,17,"pk_gemm(__half const*, __half const*, __half*, int, int, int)",128,17408,0,136,0,128,"SQ_WAVES",1024.000000,229004661066,229008089804
278,278,"Agent 1",1,1909,1909,32768,17,"pk_gemm(__half const*, __half const*, __half*, int, int, int)",128,17408,0,136,0,128,"SQ_INSTS_LDS",10485760.000000,229008124388,229011539861
278,278,"Agent 1",1,1909,1909,32768,17,"pk_gemm(__half const*, __half const*, __half*, int, int, int)",128,17408,0,136,0,128,"SQ_INSTS_VALU",182145024.000000,229008124388,229011539861
278,278,"Agent 1",1,1909,1909,32768,17,"pk_gemm(__half const*, __half const*, __half*, int, int, int)",128,17408,0,136,0,128,"SQ_WAVES",1024.000000,229008124388,229011539861
279,279,"Agent 1",1,1909,1909,32768,17,"pk_gemm(__half const*, __half const*, __half*, int, int, int)",128,17408,0,136,0,128,"SQ_INSTS_LDS",10485760.000000,229011572723,229014881396
279,279,"Agent 1",1,1909,1909,32768,17,"pk_gemm(__half const*, __half const*, __half*, int, int, int)",128,17408,0,136,0,128,"SQ_INSTS_VALU",182145024.000000,229011572723,229014881396
279,279,"Agent 1",1,1909,1909,32768,17,"pk_gemm(__half const*, __half const*, __half*, int, int, int)",128,17408,0,136,0,128,"SQ_WAVES",1024.000000,229011572723,229014881396
280,280,"Agent 1",1,1909,1909,32768,17,"pk_gemm(__half const*, __half const*, __half*, int, int, int)",128,17408,0,136,0,128,"SQ_INSTS_LDS",10485760.000000,229014914057,229018727676
280,280,"Agent 1",1,1909,1909,32768,17,"pk_gemm(__half const*, __half const*, __half*, int, int, int)",128,17408,0,136,0,128,"SQ_INSTS_VALU",182145024.000000,229014914057,229018727676
280,280,"Agent 1",1,1909,1909,32768,17,"pk_gemm(__half const*, __half const*, __half*, int, int, int)",128,17408,0,136,0,128,"SQ_WAVES",1024.000000,229014914057,229018727676
281,281,"Agent 1",1,1909,1909,32768,17,"pk_gemm(__half const*, __half const*, __half*, int, int, int)",128,17408,0,136,0,128,"SQ_INSTS_LDS",10485760.000000,229018760778,229022134012
281,281,"Agent 1",1,1909,1909,32768,17,"pk_gemm(__half const*, __half const*, __half*, int, int, int)",128,17408,0,136,0,128,"SQ_INSTS_VALU",182145024.000000,229018760778,229022134012
281,281,"Agent 1",1,1909,1909,32768,17,"pk_gemm(__half const*, __half const*, __half*, int, int, int)",128,17408,0,136,0,128,"SQ_WAVES",1024.000000,229018760778,229022134012
282,282,"Agent 1",1,1909,1909,32768,17,"pk_gemm(__half const*, __half const*, __half*, int, int, int)",128,17408,0,136,0,128,"SQ_INSTS_LDS",10485760.000000,229022164869,229026007302
282,282,"Agent 1",1,1909,1909,32768,17,"pk_gemm(__half const*, __half const*, __half*, int, int, int)",128,17408,0,136,0,128,"SQ_INSTS_VALU",182145024.000000,229022164869,229026007302
282,282,"Agent 1",1,1909,1909,32768,17,"pk_gemm(__half const*, __half const*, __half*, int, int, int)",128,17408,0,136,0,128,"SQ_WAVES",1024.000000,229022164869,229026007302
283,283,"Agent 1",1,1909,1909,32768,17,"pk_gemm(__half const*, __half const*, __half*, int, int, int)",128,17408,0,136,0,128,"SQ_INSTS_LDS",10485760.000000,229026040484,229029490541
283,283,"Agent 1",1,1909,1909,32768,17,"pk_gemm(__half const*, __half const*, __half*, int, int, int)",128,17408,0,136,0,128,"SQ_INSTS_VALU",182145024.000000,229026040484,229029490541
283,283,"Agent 1",1,1909,1909,32768,17,"pk_gemm(__half const*, __half const*, __half*, int, int, int)",128,17408,0,136,0,128,"SQ_WAVES",1024.000000,229026040484,229029490541
284,284,"Agent 1",1,1909,1909,32768,17,"pk_gemm(__half const*, __half const*, __half*, int, int, int)",128,17408,0,136,0,128,"SQ_INSTS_LDS",10485760.000000,229029523403,229032996704
284,284,"Agent 1",1,1909,1909,32768,17,"pk_gemm(__half const*, __half const*, __half*, int, int, int)",128,17408,0,136,0,128,"SQ_INSTS_VALU",182145024.000000,229029523403,229032996704
284,284,"Agent 1",1,1909,1909,32768,17,"pk_gemm(__half const*, __half const*, __half*, int, int, int)",128,17408,0,136,0,128,"SQ_WAVES",1024.000000,229029523403,229032996704
285,285,"Agent 1",1,1909,1909,32768,17,"pk_gemm(__half const*, __half const*, __half*, int, int, int)",128,17408,0,136,0,128,"SQ_INSTS_LDS",10485760.000000,229033030808,229036634473
285,285,"Agent 1",1,1909,1909,32768,17,"pk_gemm(__half const*, __half const*, __half*, int, int, int)",128,17408,0,136,0,128,"SQ_INSTS_VALU",182145024.000000,229033030808,229036634473
285,285,"Agent 1",1,1909,1909,32768,17,"pk_gemm(__half const*, __half const*, __half*, int, int, int)",128,17408,0,136,0,128,"SQ_WAVES",1024.000000,229033030808,229036634473
286,286,"Agent 1",1,1909,1909,32768,17,"pk_gemm(__half const*, __half const*, __half*, int, int, int)",128,17408,0,136,0,128,"SQ_INSTS_LDS",10485760.000000,229036666373,229039994322
286,286,"Agent 1",1,1909,1909,32768,17,"pk_gemm(__half const*, __half const*, __half*, int, int, int)",128,17408,0,136,0,128,"SQ_INSTS_VALU",182145024.000000,229036666373,229039994322
286,286,"Agent 1",1,1909,1909,32768,17,"pk_gemm(__half const*, __half const*, __half*, int, int, int)",128,17408,0,136,0,128,"SQ_WAVES",1024.000000,229036666373,229039994322
287,287,"Agent 1",1,1909,1909,32768,17,"pk_gemm(__half const*, __half const*, __half*, int, int, int)",128,17408,0,136,0,128,"SQ_INSTS_LDS",10485760.000000,229040025942,229043528377
287,287,"Agent 1",1,1909,1909,32768,17,"pk_gemm(__half const*, __half const*, __half*, int, int, int)",128,17408,0,136,0,128,"SQ_INSTS_VALU",182145024.000000,229040025942,229043528377
287,287,"Agent 1",1,1909,1909,32768,17,"pk_gemm(__half const*, __half const*, __half*, int, int, int)",128,17408,0,136,0,128,"SQ_WAVES",1024.000000,229040025942,229043528377
288,288,"Agent 1",1,1909,1909,32768,17,"pk_gemm(__half const*, __half const*, __half*, int, int, int)",128,17408,0,136,0,128,"SQ_INSTS_LDS",10485760.000000,229043559235,229047151399
288,288,"Agent 1",1,1909,1909,32768,17,"pk_gemm(__half const*, __half const*, __half*, int, int, int)",128,17408,0,136,0,128,"SQ_INSTS_VALU",182145024.000000,229043559235,229047151399
288,288,"Agent 1",1,1909,1909,32768,17,"pk_gemm(__half const*, __half const*, __half*, int, int, int)",128,17408,0,136,0,128,"SQ_WAVES",1024.000000,229043559235,229047151399
289,289,"Agent 1",1,1909,1909,32768,17,"pk_gemm(__half const*, __half const*, __half*, int, int, int)",128,17408,0,136,0,128,"SQ_INSTS_LDS",10485760.000000,229047181535,229050792014
289,289,"Agent 1",1,1909,1909,32768,17,"pk_gemm(__half const*, __half const*, __half*, int, int, int)",128,17408,0,136,0,128,"SQ_INSTS_VALU",182145024.000000,229047181535,229050792014
289,289,"Agent 1",1,1909,1909,32768,17,"pk_gemm(__half const*, __half const*, __half*, int, int, int)",128,17408,0,136,0,128,"SQ_WAVES",1024.000000,229047181535,229050792014
290,290,"Agent 1",1,1909,1909,32768,17,"pk_gemm(__half const*, __half const*, __half*, int, int, int)",128,17408,0,136,0,128,"SQ_INSTS_LDS",10485760.000000,229050821990,229054324987
290,290,"Agent 1",1,1909,1909,32768,17,"pk_gemm(__half const*, __half const*, __half*, int, int, int)",128,17408,0,136,0,128,"SQ_INSTS_VALU",182145024.000000,229050821990,229054324987
290,290,"Agent 1",1,1909,1909,32768,17,"pk_gemm(__half const*, __half const*, __half*, int, int, int)",128,17408,0,136,0,128,"SQ_WAVES",1024.000000,229050821990,229054324987
291,291,"Agent 1",1,1909,1909,32768,17,"pk_gemm(__half const*, __half const*, __half*, int, int, int)",128,17408,0,136,0,128,"SQ_INSTS_LDS",10485760.000000,229054356005,229057870303
291,291,"Agent 1",1,1909,1909,32768,17,"pk_gemm(__half const*, __half const*, __half*, int, int, int)",128,17408,0,136,0,128,"SQ_INSTS_VALU",182145024.000000,229054356005,229057870303
291,291,"Agent 1",1,1909,1909,32768,17,"pk_gemm(__half const*, __half const*, __half*, int, int, int)",128,17408,0,136,0,128,"SQ_WAVES",1024.000000,229054356005,229057870303
292,292,"Agent 1",1,1909,1909,32768,17,"pk_gemm(__half const*, __half const*, __half*, int, int, int)",128,17408,0,136,0,128,"SQ_INSTS_LDS",10485760.000000,229057901120,229061644647
292,292,"Agent 1",1,1909,1909,32768,17,"pk_gemm(__half const*, __half const*, __half*, int, int, int)",128,17408,0,136,0,128,"SQ_INSTS_VALU",182145024.000000,229057901120,229061644647
292,292,"Agent 1",1,1909,1909,32768,17,"pk_gemm(__half const*, __half const*, __half*, int, int, int)",128,17408,0,136,0,128,"SQ_WAVES",1024.000000,229057901120,229061644647
293,293,"Agent 1",1,1909,1909,32768,17,"pk_gemm(__half const*, __half const*, __half*, int, int, int)",128,17408,0,136,0,128,"SQ_INSTS_LDS",10485760.000000,229061674583,229065269392
293,293,"Agent 1",1,1909,1909,32768,17,"pk_gemm(__half const*, __half const*, __half*, int, int, int)",128,17408,0,136,0,128,"SQ_INSTS_VALU",182145024.000000,229061674583,229065269392
293,293,"Agent 1",1,1909,1909,32768,17,"pk_gemm(__half const*, __half const*, __half*, int, int, int)",128,17408,0,136,0,128,"SQ_WAVES",1024.000000,229061674583,229065269392
294,294,"Agent 1",1,1909,1909,32768,17,"pk_gemm(__half const*, __half const*, __half*, int, int, int)",128,17408,0,136,0,128,"SQ_INSTS_LDS",10485760.000000,229065298086,229068634451
294,294,"Agent 1",1,1909,1909,32768,17,"pk_gemm(__half const*, __half const*, __half*, int, int, int)",128,17408,0,136,0,128,"SQ_INSTS_VALU",182145024.000000,229065298086,229068634451
294,294,"Agent 1",1,1909,1909,32768,17,"pk_gemm(__half const*, __half const*, __half*, int, int, int)",128,17408,0,136,0,128,"SQ_WAVES",1024.000000,229065298086,229068634451
295,295,"Agent 1",1,1909,1909,32768,17,"pk_gemm(__half const*, __half const*, __half*, int, int, int)",128,17408,0,136,0,128,"SQ_INSTS_LDS",10485760.000000,229068667111,229072483015
295,295,"Agent 1",1,1909,1909,32768,17,"pk_gemm(__half const*, __half const*, __half*, int, int, int)",128,17408,0,136,0,128,"SQ_INSTS_VALU",182145024.000000,229068667111,229072483015
295,295,"Agent 1",1,1909,1909,32768,17,"pk_gemm(__half const*, __half const*, __half*, int, int, int)",128,17408,0,136,0,128,"SQ_WAVES",1024.000000,229068667111,229072483015
296,296,"Agent 1",1,1909,1909,32768,17,"pk_gemm(__half const*, __half const*, __half*, int, int, int)",128,17408,0,136,0,128,"SQ_INSTS_LDS",10485760.000000,229072546013,229075835771
296,296,"Agent 1",1,1909,1909,32768,17,"pk_gemm(__half const*, __half const*, __half*, int, int, int)",128,17408,0,136,0,128,"SQ_INSTS_VALU",182145024.000000,229072546013,229075835771
296,296,"Agent 1",1,1909,1909,32768,17,"pk_gemm(__half const*, __half const*, __half*, int, int, int)",128,17408,0,136,0,128,"SQ_WAVES",1024.000000,229072546013,229075835771
297,297,"Agent 1",1,1909,1909,32768,17,"pk_gemm(__half const*, __half const*, __half*, int, int, int)",128,17408,0,136,0,128,"SQ_INSTS_LDS",10485760.000000,229075871117,229079372471
297,297,"Agent 1",1,1909,1909,32768,17,"pk_gemm(__half const*, __half const*, __half*, int, int, int)",128,17408,0,136,0,128,"SQ_INSTS_VALU",182145024.000000,229075871117,229079372471
297,297,"Agent 1",1,1909,1909,32768,17,"pk_gemm(__half const*, __half const*, __half*, int, int, int)",128,17408,0,136,0,128,"SQ_WAVES",1024.000000,229075871117,229079372471
298,298,"Agent 1",1,1909,1909,32768,17,"pk_gemm(__half const*, __half const*, __half*, int, int, int)",128,17408,0,136,0,128,"SQ_INSTS_LDS",10485760.000000,229079409100,229082691244
298,298,"Agent 1",1,1909,1909,32768,17,"pk_gemm(__half const*, __half const*, __half*, int, int, int)",128,17408,0,136,0,128,"SQ_INSTS_VALU",182145024.000000,229079409100,229082691244
298,298,"Agent 1",1,1909,1909,32768,17,"pk_gemm(__half const*, __half const*, __half*, int, int, int)",128,17408,0,136,0,128,"SQ_WAVES",1024.000000,229079409100,229082691244
299,299,"Agent 1",1,1909,1909,32768,17,"pk_gemm(__half const*, __half const*, __half*, int, int, int)",128,17408,0,136,0,128,"SQ_INSTS_LDS",10485760.000000,229082724546,229086140661
299,299,"Agent 1",1,1909,1909,32768,17,"pk_gemm(__half const*, __half const*, __half*, int, int, int)",128,17408,0,136,0,128,"SQ_INSTS_VALU",182145024.000000,229082724546,229086140661
299,299,"Agent 1",1,1909,1909,32768,17,"pk_gemm(__half const*, __half const*, __half*, int, int, int)",128,17408,0,136,0,128,"SQ_WAVES",1024.000000,229082724546,229086140661
300,300,"Agent 1",1,1909,1909,32768,17,"pk_gemm(__half const*, __half const*, __half*, int, int, int)",128,17408,0,136,0,128,"SQ_INSTS_LDS",10485760.000000,229086176368,229089706496
300,300,"Agent 1",1,1909,1909,32768,17,"pk_gemm(__half const*, __half const*, __half*, int, int, int)",128,17408,0,136,0,128,"SQ_INSTS_VALU",182145024.000000,229086176368,229089706496
300,300,"Agent 1",1,1909,1909,32768,17,"pk_gemm(__half const*, __half const*, __half*, int, int, int)",128,17408,0,136,0,128,"SQ_WAVES",1024.000000,229086176368,229089706496
301,301,"Agent 1",1,1909,1909,32768,17,"pk_gemm(__half const*, __half const*, __half*, int, int, int)",128,17408,0,136,0,128,"SQ_INSTS_LDS",10485760.000000,229089739678,229093118323
301,301,"Agent 1",1,1909,1909,32768,17,"pk_gemm(__half const*, __half const*, __half*, int, int, int)",128,17408,0,136,0,128,"SQ_INSTS_VALU",182145024.000000,229089739678,229093118323
301,301,"Agent 1",1,1909,1909,32768,17,"pk_gemm(__half const*, __half const*, __half*, int, int, int)",128,17408,0,136,0,128,"SQ_WAVES",1024.000000,229089739678,229093118323
302,302,"Agent 1",1,1909,1909,32768,17,"pk_gemm(__half const*, __half const*, __half*, int, int, int)",128,17408,0,136,0,128,"SQ_INSTS_LDS",10485760.000000,229093153990,229096686843
302,302,"Agent 1",1,1909,1909,32768,17,"pk_gemm(__half const*, __half const*, __half*, int, int, int)",128,17408,0,136,0,128,"SQ_INSTS_VALU",182145024.000000,229093153990,229096686843
302,302,"Agent 1",1,1909,1909,32768,17,"pk_gemm(__half const*, __half const*, __half*, int, int, int)",128,17408,0,136,0,128,"SQ_WAVES",1024.000000,229093153990,229096686843
303,303,"Agent 1",1,1909,1909,32768,17,"pk_gemm(__half const*, __half const*, __half*, int, int, int)",128,17408,0,136,0,128,"SQ_INSTS_LDS",10485760.000000,229096721348,229100230076
303,303,"Agent 1",1,1909,1909,32768,17,"pk_gemm(__half const*, __half const*, __half*, int, int, int)",128,17408,0,136,0,128,"SQ_INSTS_VALU",182145024.000000,229096721348,229100230076
303,303,"Agent 1",1,1909,1909,32768,17,"pk_gemm(__half const*, __half const*, __half*, int, int, int)",128,17408,0,136,0,128,"SQ_WAVES",1024.000000,229096721348,229100230076
304,304,"Agent 1",1,1909,1909,32768,17,"pk_gemm(__half const*, __half const*, __half*, int, int, int)",128,17408,0,136,0,128,"SQ_INSTS_LDS",10485760.000000,229100264580,229103814746
304,304,"Agent 1",1,1909,1909,32768,17,"pk_gemm(__half const*, __half const*, __half*, int, int, int)",128,17408,0,136,0,128,"SQ_INSTS_VALU",182145024.000000,229100264580,229103814746
304,304,"Agent 1",1,1909,1909,32768,17,"pk_gemm(__half const*, __half const*, __half*, int, int, int)",128,17408,0,136,0,128,"SQ_WAVES",1024.000000,229100264580,229103814746
305,305,"Agent 1",1,1909,1909,32768,17,"pk_gemm(__half const*, __half const*, __half*, int, int, int)",128,17408,0,136,0,128,"SQ_INSTS_LDS",10485760.000000,229103850413,229107291214
305,305,"Agent 1",1,1909,1909,32768,17,"pk_gemm(__half const*, __half const*, __half*, int, int, int)",128,17408,0,136,0,128,"SQ_INSTS_VALU",182145024.000000,229103850413,229107291214
305,305,"Agent 1",1,1909,1909,32768,17,"pk_gemm(__half const*, __half const*, __half*, int, int, int)",128,17408,0,136,0,128,"SQ_WAVES",1024.000000,229103850413,229107291214
306,306,"Agent 1",1,1909,1909,32768,17,"pk_gemm(__half const*, __half const*, __half*, int, int, int)",128,17408,0,136,0,128,"SQ_INSTS_LDS",10485760.000000,229107325238,229111109802
306,306,"Agent 1",1,1909,1909,32768,17,"pk_gemm(__half const*, __half const*, __half*, int, int, int)",128,17408,0,136,0,128,"SQ_INSTS_VALU",182145024.000000,229107325238,229111109802
306,306,"Agent 1",1,1909,1909,32768,17,"pk_gemm(__half const*, __half const*, __half*, int, int, int)",128,17408,0,136,0,128,"SQ_WAVES",1024.000000,229107325238,229111109802
307,307,"Agent 1",1,1909,1909,32768,17,"pk_gemm(__half const*, __half const*, __half*, int, int, int)",128,17408,0,136,0,128,"SQ_INSTS_LDS",10485760.000000,229111142864,229115052743
307,307,"Agent 1",1,1909,1909,32768,17,"pk_gemm(__half const*, __half const*, __half*, int, int, int)",128,17408,0,136,0,128,"SQ_INSTS_VALU",182145024.000000,229111142864,229115052743
307,307,"Agent 1",1,1909,1909,32768,17,"pk_gemm(__half const*, __half const*, __half*, int, int, int)",128,17408,0,136,0,128,"SQ_WAVES",1024.000000,229111142864,229115052743
308,308,"Agent 1",1,1909,1909,32768,17,"pk_gemm(__half const*, __half const*, __half*, int, int, int)",128,17408,0,136,0,128,"SQ_INSTS_LDS",10485760.000000,229115085204,229118543638
308,308,"Agent 1",1,1909,1909,32768,17,"pk_gemm(__half const*, __half const*, __half*, int, int, int)",128,17408,0,136,0,128,"SQ_INSTS_VALU",182145024.000000,229115085204,229118543638
308,308,"Agent 1",1,1909,1909,32768,17,"pk_gemm(__half const*, __half const*, __half*, int, int, int)",128,17408,0,136,0,128,"SQ_WAVES",1024.000000,229115085204,229118543638
309,309,"Agent 1",1,1909,1909,32768,17,"pk_gemm(__half const*, __half const*, __half*, int, int, int)",128,17408,0,136,0,128,"SQ_INSTS_LDS",10485760.000000,229118577862,229122058257
309,309,"Agent 1",1,1909,1909,32768,17,"pk_gemm(__half const*, __half const*, __half*, int, int, int)",128,17408,0,136,0,128,"SQ_INSTS_VALU",182145024.000000,229118577862,229122058257
309,309,"Agent 1",1,1909,1909,32768,17,"pk_gemm(__half const*, __half const*, __half*, int, int, int)",128,17408,0,136,0,128,"SQ_WAVES",1024.000000,229118577862,229122058257
310,310,"Agent 1",1,1909,1909,32768,17,"pk_gemm(__half const*, __half const*, __half*, int, int, int)",128,17408,0,136,0,128,"SQ_INSTS_LDS",10485760.000000,229122091079,229125139505
310,310,"Agent 1",1,1909,1909,32768,17,"pk_gemm(__half const*, __half const*, __half*, int, int, int)",128,17408,0,136,0,128,"SQ_INSTS_VALU",182145024.000000,229122091079,229125139505
310,310,"Agent 1",1,1909,1909,32768,17,"pk_gemm(__half const*, __half const*, __half*, int, int, int)",128,17408,0,136,0,128,"SQ_WAVES",1024.000000,229122091079,229125139505
311,311,"Agent 1",1,1909,1909,32768,17,"pk_gemm(__half const*, __half const*, __half*, int, int, int)",128,17408,0,136,0,128,"SQ_INSTS_LDS",10485760.000000,229125173809,229128564516
311,311,"Agent 1",1,1909,1909,32768,17,"pk_gemm(__half const*, __half const*, __half*, int, int, int)",128,17408,0,136,0,128,"SQ_INSTS_VALU",182145024.000000,229125173809,229128564516
311,311,"Agent 1",1,1909,1909,32768,17,"pk_gemm(__half const*, __half const*, __half*, int, int, int)",128,17408,0,136,0,128,"SQ_WAVES",1024.000000,229125173809,229128564516
312,312,"Agent 1",1,1909,1909,32768,17,"pk_gemm(__half const*, __half const*, __half*, int, int, int)",128,17408,0,136,0,128,"SQ_INSTS_LDS",10485760.000000,229128597082,229132190528
312,312,"Agent 1",1,1909,1909,32768,17,"pk_gemm(__half const*, __half const*, __half*, int, int, int)",128,17408,0,136,0,128,"SQ_INSTS_VALU",182145024.000000,229128597082,229132190528
312,312,"Agent 1",1,1909,1909,32768,17,"pk_gemm(__half const*, __half const*, __half*, int, int, int)",128,17408,0,136,0,128,"SQ_WAVES",1024.000000,229128597082,229132190528
313,313,"Agent 1",1,1909,1909,32768,17,"pk_gemm(__half const*, __half const*, __half*, int, int, int)",128,17408,0,136,0,128,"SQ_INSTS_LDS",10485760.000000,229132225232,229135640103
313,313,"Agent 1",1,1909,1909,32768,17,"pk_gemm(__half const*, __half const*, __half*, int, int, int)",128,17408,0,136,0,128,"SQ_INSTS_VALU",182145024.000000,229132225232,229135640103
313,313,"Agent 1",1,1909,1909,32768,17,"pk_gemm(__half const*, __half const*, __half*, int, int, int)",128,17408,0,136,0,128,"SQ_WAVES",1024.000000,229132225232,229135640103
314,314,"Agent 1",1,1909,1909,32768,17,"pk_gemm(__half const*, __half const*, __half*, int, int, int)",128,17408,0,136,0,128,"SQ_INSTS_LDS",10485760.000000,229135670320,229139064793
314,314,"Agent 1",1,1909,1909,32768,17,"pk_gemm(__half const*, __half const*, __half*, int, int, int)",128,17408,0,136,0,128,"SQ_INSTS_VALU",182145024.000000,229135670320,229139064793
314,314,"Agent 1",1,1909,1909,32768,17,"pk_gemm(__half const*, __half const*, __half*, int, int, int)",128,17408,0,136,0,128,"SQ_WAVES",1024.000000,229135670320,229139064793
315,315,"Agent 1",1,1909,1909,32768,17,"pk_gemm(__half const*, __half const*, __half*, int, int, int)",128,17408,0,136,0,128,"SQ_INSTS_LDS",10485760.000000,229139095490,229142967617
315,315,"Agent 1",1,1909,1909,32768,17,"pk_gemm(__half const*, __half const*, __half*, int, int, int)",128,17408,0,136,0,128,"SQ_INSTS_VALU",182145024.000000,229139095490,229142967617
315,315,"Agent 1",1,1909,1909,32768,17,"pk_gemm(__half const*, __half const*, __half*, int, int, int)",128,17408,0,136,0,128,"SQ_WAVES",1024.000000,229139095490,229142967617
316,316,"Agent 1",1,1909,1909,32768,17,"pk_gemm(__half const*, __half const*, __half*, int, int, int)",128,17408,0,136,0,128,"SQ_INSTS_LDS",10485760.000000,229143000359,229146504157
316,316,"Agent 1",1,1909,1909,32768,17,"pk_gemm(__half const*, __half const*, __half*, int, int, int)",128,17408,0,136,0,128,"SQ_INSTS_VALU",182145024.000000,229143000359,229146504157
316,316,"Agent 1",1,1909,1909,32768,17,"pk_gemm(__half const*, __half const*, __half*, int, int, int)",128,17408,0,136,0,128,"SQ_WAVES",1024.000000,229143000359,229146504157
317,317,"Agent 1",1,1909,1909,32768,17,"pk_gemm(__half const*, __half const*, __half*, int, int, int)",128,17408,0,136,0,128,"SQ_INSTS_LDS",10485760.000000,229146534213,229150024465
317,317,"Agent 1",1,1909,1909,32768,17,"pk_gemm(__half const*, __half const*, __half*, int, int, int)",128,17408,0,136,0,128,"SQ_INSTS_VALU",182145024.000000,229146534213,229150024465
317,317,"Agent 1",1,1909,1909,32768,17,"pk_gemm(__half const*, __half const*, __half*, int, int, int)",128,17408,0,136,0,128,"SQ_WAVES",1024.000000,229146534213,229150024465
318,318,"Agent 1",1,1909,1909,32768,17,"pk_gemm(__half const*, __half const*, __half*, int, int, int)",128,17408,0,136,0,128,"SQ_INSTS_LDS",10485760.000000,229150053720,229153456329
318,318,"Agent 1",1,1909,1909,32768,17,"pk_gemm(__half const*, __half const*, __half*, int, int, int)",128,17408,0,136,0,128,"SQ_INSTS_VALU",182145024.000000,229150053720,229153456329
318,318,"Agent 1",1,1909,1909,32768,17,"pk_gemm(__half const*, __half const*, __half*, int, int, int)",128,17408,0,136,0,128,"SQ_WAVES",1024.000000,229150053720,229153456329
319,319,"Agent 1",1,1909,1909,32768,17,"pk_gemm(__half const*, __half const*, __half*, int, int, int)",128,17408,0,136,0,128,"SQ_INSTS_LDS",10485760.000000,229153488629,229156984532
319,319,"Agent 1",1,1909,1909,32768,17,"pk_gemm(__half const*, __half const*, __half*, int, int, int)",128,17408,0,136,0,128,"SQ_INSTS_VALU",182145024.000000,229153488629,229156984532
319,319,"Agent 1",1,1909,1909,32768,17,"pk_gemm(__half const*, __half const*, __half*, int, int, int)",128,17408,0,136,0,128,"SQ_WAVES",1024.000000,229153488629,229156984532
320,320,"Agent 1",1,1909,1909,32768,17,"pk_gemm(__half const*, __half const*, __half*, int, int, int)",128,17408,0,136,0,128,"SQ_INSTS_LDS",10485760.000000,229157016672,229160523877
320,320,"Agent 1",1,1909,1909,32768,17,"pk_gemm(__half const*, __half const*, __half*, int, int, int)",128,17408,0,136,0,128,"SQ_INSTS_VALU",182145024.000000,229157016672,229160523877
320,320,"Agent 1",1,1909,1909,32768,17,"pk_gemm(__half const*, __half const*, __half*, int, int, int)",128,17408,0,136,0,128,"SQ_WAVES",1024.000000,229157016672,229160523877
321,321,"Agent 1",1,1909,1909,32768,17,"pk_gemm(__half const*, __half const*, __half*, int, int, int)",128,17408,0,136,0,128,"SQ_INSTS_LDS",10485760.000000,229160555015,229164220475
321,321,"Agent 1",1,1909,1909,32768,17,"pk_gemm(__half const*, __half const*, __half*, int, int, int)",128,17408,0,136,0,128,"SQ_INSTS_VALU",182145024.000000,229160555015,229164220475
321,321,"Agent 1",1,1909,1909,32768,17,"pk_gemm(__half const*, __half const*, __half*, int, int, int)",128,17408,0,136,0,128,"SQ_WAVES",1024.000000,229160555015,229164220475
322,322,"Agent 1",1,1909,1909,32768,17,"pk_gemm(__half const*, __half const*, __half*, int, int, int)",128,17408,0,136,0,128,"SQ_INSTS_LDS",10485760.000000,229164250812,229167665643
322,322,"Agent 1",1,1909,1909,32768,17,"pk_gemm(__half const*, __half const*, __half*, int, int, int)",128,17408,0,136,0,128,"SQ_INSTS_VALU",182145024.000000,229164250812,229167665643
322,322,"Agent 1",1,1909,1909,32768,17,"pk_gemm(__half const*, __half const*, __half*, int, int, int)",128,17408,0,136,0,128,"SQ_WAVES",1024.000000,229164250812,229167665643
323,323,"Agent 1",1,1909,1909,32768,17,"pk_gemm(__half const*, __half const*, __half*, int, int, int)",128,17408,0,136,0,128,"SQ_INSTS_LDS",10485760.000000,229167696100,229171199898
323,323,"Agent 1",1,1909,1909,32768,17,"pk_gemm(__half const*, __half const*, __half*, int, int, int)",128,17408,0,136,0,128,"SQ_INSTS_VALU",182145024.000000,229167696100,229171199898
323,323,"Agent 1",1,1909,1909,32768,17,"pk_gemm(__half const*, __half const*, __half*, int, int, int)",128,17408,0,136,0,128,"SQ_WAVES",1024.000000,229167696100,229171199898
324,324,"Agent 1",1,1909,1909,32768,17,"pk_gemm(__half const*, __half const*, __half*, int, int, int)",128,17408,0,136,0,128,"SQ_INSTS_LDS",10485760.000000,229171229273,229174780600
324,324,"Agent 1",1,1909,1909,32768,17,"pk_gemm(__half const*, __half const*, __half*, int, int, int)",128,17408,0,136,0,128,"SQ_INSTS_VALU",182145024.000000,229171229273,229174780600
324,324,"Agent 1",1,1909,1909,32768,17,"pk_gemm(__half const*, __half const*, __half*, int, int, int)",128,17408,0,136,0,128,"SQ_WAVES",1024.000000,229171229273,229174780600
325,325,"Agent 1",1,1909,1909,32768,17,"pk_gemm(__half const*, __half const*, __half*, int, int, int)",128,17408,0,136,0,128,"SQ_INSTS_LDS",10485760.000000,229174810977,229178448946
325,325,"Agent 1",1,1909,1909,32768,17,"pk_gemm(__half const*, __half const*, __half*, int, int, int)",128,17408,0,136,0,128,"SQ_INSTS_VALU",182145024.000000,229174810977,229178448946
325,325,"Agent 1",1,1909,1909,32768,17,"pk_gemm(__half const*, __half const*, __half*, int, int, int)",128,17408,0,136,0,128,"SQ_WAVES",1024.000000,229174810977,229178448946
326,326,"Agent 1",1,1909,1909,32768,17,"pk_gemm(__half const*, __half const*, __half*, int, int, int)",128,17408,0,136,0,128,"SQ_INSTS_LDS",10485760.000000,229178507816,229182173276
326,326,"Agent 1",1,1909,1909,32768,17,"pk_gemm(__half const*, __half const*, __half*, int, int, int)",128,17408,0,136,0,128,"SQ_INSTS_VALU",182145024.000000,229178507816,229182173276
326,326,"Agent 1",1,1909,1909,32768,17,"pk_gemm(__half const*, __half const*, __half*, int, int, int)",128,17408,0,136,0,128,"SQ_WAVES",1024.000000,229178507816,229182173276
327,327,"Agent 1",1,1909,1909,32768,17,"pk_gemm(__half const*, __half const*, __half*, int, int, int)",128,17408,0,136,0,128,"SQ_INSTS_LDS",10485760.000000,229182208542,229185787321
327,327,"Agent 1",1,1909,1909,32768,17,"pk_gemm(__half const*, __half const*, __half*, int, int, int)",128,17408,0,136,0,128,"SQ_INSTS_VALU",182145024.000000,229182208542,229185787321
327,327,"Agent 1",1,1909,1909,32768,17,"pk_gemm(__half const*, __half const*, __half*, int, int, int)",128,17408,0,136,0,128,"SQ_WAVES",1024.000000,229182208542,229185787321
328,328,"Agent 1",1,1909,1909,32768,17,"pk_gemm(__half const*, __half const*, __half*, int, int, int)",128,17408,0,136,0,128,"SQ_INSTS_LDS",10485760.000000,229185823548,229189704653
328,328,"Agent 1",1,1909,1909,32768,17,"pk_gemm(__half const*, __half const*, __half*, int, int, int)",128,17408,0,136,0,128,"SQ_INSTS_VALU",182145024.000000,229185823548,229189704653
328,328,"Agent 1",1,1909,1909,32768,17,"pk_gemm(__half const*, __half const*, __half*, int, int, int)",128,17408,0,136,0,128,"SQ_WAVES",1024.000000,229185823548,229189704653
329,329,"Agent 1",1,1909,1909,32768,17,"pk_gemm(__half const*, __half const*, __half*, int, int, int)",128,17408,0,136,0,128,"SQ_INSTS_LDS",10485760.000000,229189737835,229193469940
329,329,"Agent 1",1,1909,1909,32768,17,"pk_gemm(__half const*, __half const*, __half*, int, int, int)",128,17408,0,136,0,128,"SQ_INSTS_VALU",182145024.000000,229189737835,229193469940
329,329,"Agent 1",1,1909,1909,32768,17,"pk_gemm(__half const*, __half const*, __half*, int, int, int)",128,17408,0,136,0,128,"SQ_WAVES",1024.000000,229189737835,229193469940
330,330,"Agent 1",1,1909,1909,32768,17,"pk_gemm(__half const*, __half const*, __half*, int, int, int)",128,17408,0,136,0,128,"SQ_INSTS_LDS",10485760.000000,229193502559,229197105623
330,330,"Agent 1",1,1909,1909,32768,17,"pk_gemm(__half const*, __half const*, __half*, int, int, int)",128,17408,0,136,0,128,"SQ_INSTS_VALU",182145024.000000,229193502559,229197105623
330,330,"Agent 1",1,1909,1909,32768,17,"pk_gemm(__half const*, __half const*, __half*, int, int, int)",128,17408,0,136,0,128,"SQ_WAVES",1024.000000,229193502559,229197105623
331,331,"Agent 1",1,1909,1909,32768,17,"pk_gemm(__half const*, __half const*, __half*, int, int, int)",128,17408,0,136,0,128,"SQ_INSTS_LDS",10485760.000000,229197141770,229201224572
331,331,"Agent 1",1,1909,1909,32768,17,"pk_gemm(__half const*, __half const*, __half*, int, int, int)",128,17408,0,136,0,128,"SQ_INSTS_VALU",182145024.000000,229197141770,229201224572
331,331,"Agent 1",1,1909,1909,32768,17,"pk_gemm(__half const*, __half const*, __half*, int, int, int)",128,17408,0,136,0,128,"SQ_WAVES",1024.000000,229197141770,229201224572
332,332,"Agent 1",1,1909,1909,32768,17,"pk_gemm(__half const*, __half const*, __half*, int, int, int)",128,17408,0,136,0,128,"SQ_INSTS_LDS",10485760.000000,229201257994,229204676312
332,332,"Agent 1",1,1909,1909,32768,17,"pk_gemm(__half const*, __half const*, __half*, int, int, int)",128,17408,0,136,0,128,"SQ_INSTS_VALU",182145024.000000,229201257994,229204676312
332,332,"Agent 1",1,1909,1909,32768,17,"pk_gemm(__half const*, __half const*, __half*, int, int, int)",128,17408,0,136,0,128,"SQ_WAVES",1024.000000,229201257994,229204676312
333,333,"Agent 1",1,1909,1909,32768,17,"pk_gemm(__half const*, __half const*, __half*, int, int, int)",128,17408,0,136,0,128,"SQ_INSTS_LDS",10485760.000000,229204710937,229208247877
333,333,"Agent 1",1,1909,1909,32768,17,"pk_gemm(__half const*, __half const*, __half*, int, int, int)",128,17408,0,136,0,128,"SQ_INSTS_VALU",182145024.000000,229204710937,229208247877
333,333,"Agent 1",1,1909,1909,32768,17,"pk_gemm(__half const*, __half const*, __half*, int, int, int)",128,17408,0,136,0,128,"SQ_WAVES",1024.000000,229204710937,229208247877
334,334,"Agent 1",1,1909,1909,32768,17,"pk_gemm(__half const*, __half const*, __half*, int, int, int)",128,17408,0,136,0,128,"SQ_INSTS_LDS",10485760.000000,229208282542,229212139201
334,334,"Agent 1",1,1909,1909,32768,17,"pk_gemm(__half const*, __half const*, __half*, int, int, int)",128,17408,0,136,0,128,"SQ_INSTS_VALU",182145024.000000,229208282542,229212139201
334,334,"Agent 1",1,1909,1909,32768,17,"pk_gemm(__half const*, __half const*, __half*, int, int, int)",128,17408,0,136,0,128,"SQ_WAVES",1024.000000,229208282542,229212139201
335,335,"Agent 1",1,1909,1909,32768,17,"pk_gemm(__half const*, __half const*, __half*, int, int, int)",128,17408,0,136,0,128,"SQ_INSTS_LDS",10485760.000000,229212172263,229215568940
335,335,"Agent 1",1,1909,1909,32768,17,"pk_gemm(__half const*, __half const*, __half*, int, int, int)",128,17408,0,136,0,128,"SQ_INSTS_VALU",182145024.000000,229212172263,229215568940
335,335,"Agent 1",1,1909,1909,32768,17,"pk_gemm(__half const*, __half const*, __half*, int, int, int)",128,17408,0,136,0,128,"SQ_WAVES",1024.000000,229212172263,229215568940
336,336,"Agent 1",1,1909,1909,32768,17,"pk_gemm(__half const*, __half const*, __half*, int, int, int)",128,17408,0,136,0,128,"SQ_INSTS_LDS",10485760.000000,229215604206,229218907910
336,336,"Agent 1",1,1909,1909,32768,17,"pk_gemm(__half const*, __half const*, __half*, int, int, int)",128,17408,0,136,0,128,"SQ_INSTS_VALU",182145024.000000,229215604206,229218907910
336,336,"Agent 1",1,1909,1909,32768,17,"pk_gemm(__half const*, __half const*, __half*, int, int, int)",128,17408,0,136,0,128,"SQ_WAVES",1024.000000,229215604206,229218907910
337,337,"Agent 1",1,1909,1909,32768,17,"pk_gemm(__half const*, __half const*, __half*, int, int, int)",128,17408,0,136,0,128,"SQ_INSTS_LDS",10485760.000000,229218941773,229222909600
337,337,"Agent 1",1,1909,1909,32768,17,"pk_gemm(__half const*, __half const*, __half*, int, int, int)",128,17408,0,136,0,128,"SQ_INSTS_VALU",182145024.000000,229218941773,229222909600
337,337,"Agent 1",1,1909,1909,32768,17,"pk_gemm(__half const*, __half const*, __half*, int, int, int)",128,17408,0,136,0,128,"SQ_WAVES",1024.000000,229218941773,229222909600
338,338,"Agent 1",1,1909,1909,32768,17,"pk_gemm(__half const*, __half const*, __half*, int, int, int)",128,17408,0,136,0,128,"SQ_INSTS_LDS",10485760.000000,229222943303,229226485893
338,338,"Agent 1",1,1909,1909,32768,17,"pk_gemm(__half const*, __half const*, __half*, int, int, int)",128,17408,0,136,0,128,"SQ_INSTS_VALU",182145024.000000,229222943303,229226485893
338,338,"Agent 1",1,1909,1909,32768,17,"pk_gemm(__half const*, __half const*, __half*, int, int, int)",128,17408,0,136,0,128,"SQ_WAVES",1024.000000,229222943303,229226485893
339,339,"Agent 1",1,1909,1909,32768,17,"pk_gemm(__half const*, __half const*, __half*, int, int, int)",128,17408,0,136,0,128,"SQ_INSTS_LDS",10485760.000000,229226518635,229230006483
339,339,"Agent 1",1,1909,1909,32768,17,"pk_gemm(__half const*, __half const*, __half*, int, int, int)",128,17408,0,136,0,128,"SQ_INSTS_VALU",182145024.000000,229226518635,229230006483
339,339,"Agent 1",1,1909,1909,32768,17,"pk_gemm(__half const*, __half const*, __half*, int, int, int)",128,17408,0,136,0,128,"SQ_WAVES",1024.000000,229226518635,229230006483
340,340,"Agent 1",1,1909,1909,32768,17,"pk_gemm(__half const*, __half const*, __half*, int, int, int)",128,17408,0,136,0,128,"SQ_INSTS_LDS",10485760.000000,229230040106,229233617602
340,340,"Agent 1",1,1909,1909,32768,17,"pk_gemm(__half const*, __half const*, __half*, int, int, int)",128,17408,0,136,0,128,"SQ_INSTS_VALU",182145024.000000,229230040106,229233617602
340,340,"Agent 1",1,1909,1909,32768,17,"pk_gemm(__half const*, __half const*, __half*, int, int, int)",128,17408,0,136,0,128,"SQ_WAVES",1024.000000,229230040106,229233617602
341,341,"Agent 1",1,1909,1909,32768,17,"pk_gemm(__half const*, __half const*, __half*, int, int, int)",128,17408,0,136,0,128,"SQ_INSTS_LDS",10485760.000000,229233650263,229237070024
341,341,"Agent 1",1,1909,1909,32768,17,"pk_gemm(__half const*, __half const*, __half*, int, int, int)",128,17408,0,136,0,128,"SQ_INSTS_VALU",182145024.000000,229233650263,229237070024
341,341,"Agent 1",1,1909,1909,32768,17,"pk_gemm(__half const*, __half const*, __half*, int, int, int)",128,17408,0,136,0,128,"SQ_WAVES",1024.000000,229233650263,229237070024
342,342,"Agent 1",1,1909,1909,32768,17,"pk_gemm(__half const*, __half const*, __half*, int, int, int)",128,17408,0,136,0,128,"SQ_INSTS_LDS",10485760.000000,229237102565,229240726187
342,342,"Agent 1",1,1909,1909,32768,17,"pk_gemm(__half const*, __half const*, __half*, int, int, int)",128,17408,0,136,0,128,"SQ_INSTS_VALU",182145024.000000,229237102565,229240726187
342,342,"Agent 1",1,1909,1909,32768,17,"pk_gemm(__half const*, __half const*, __half*, int, int, int)",128,17408,0,136,0,128,"SQ_WAVES",1024.000000,229237102565,229240726187
343,343,"Agent 1",1,1909,1909,32768,17,"pk_gemm(__half const*, __half const*, __half*, int, int, int)",128,17408,0,136,0,128,"SQ_INSTS_LDS",10485760.000000,229240759089,229244230065
343,343,"Agent 1",1,1909,1909,32768,17,"pk_gemm(__half const*, __half const*, __half*, int, int, int)",128,17408,0,136,0,128,"SQ_INSTS_VALU",182145024.000000,229240759089,229244230065
343,343,"Agent 1",1,1909,1909,32768,17,"pk_gemm(__half const*, __half const*, __half*, int, int, int)",128,17408,0,136,0,128,"SQ_WAVES",1024.000000,229240759089,229244230065
344,344,"Agent 1",1,1909,1909,32768,17,"pk_gemm(__half const*, __half const*, __half*, int, int, int)",128,17408,0,136,0,128,"SQ_INSTS_LDS",10485760.000000,229244261885,229247883824
344,344,"Agent 1",1,1909,1909,32768,17,"pk_gemm(__half const*, __half const*, __half*, int, int, int)",128,17408,0,136,0,128,"SQ_INSTS_VALU",182145024.000000,229244261885,229247883824
344,344,"Agent 1",1,1909,1909,32768,17,"pk_gemm(__half const*, __half const*, __half*, int, int, int)",128,17408,0,136,0,128,"SQ_WAVES",1024.000000,229244261885,229247883824
345,345,"Agent 1",1,1909,1909,32768,17,"pk_gemm(__half const*, __half const*, __half*, int, int, int)",128,17408,0,136,0,128,"SQ_INSTS_LDS",10485760.000000,229247914802,229251426735
345,345,"Agent 1",1,1909,1909,32768,17,"pk_gemm(__half const*, __half const*, __half*, int, int, int)",128,17408,0,136,0,128,"SQ_INSTS_VALU",182145024.000000,229247914802,229251426735
345,345,"Agent 1",1,1909,1909,32768,17,"pk_gemm(__half const*, __half const*, __half*, int, int, int)",128,17408,0,136,0,128,"SQ_WAVES",1024.000000,229247914802,229251426735
346,346,"Agent 1",1,1909,1909,32768,17,"pk_gemm(__half const*, __half const*, __half*, int, int, int)",128,17408,0,136,0,128,"SQ_INSTS_LDS",10485760.000000,229251458675,229254927688
346,346,"Agent 1",1,1909,1909,32768,17,"pk_gemm(__half const*, __half const*, __half*, int, int, int)",128,17408,0,136,0,128,"SQ_INSTS_VALU",182145024.000000,229251458675,229254927688
346,346,"Agent 1",1,1909,1909,32768,17,"pk_gemm(__half const*, __half const*, __half*, int, int, int)",128,17408,0,136,0,128,"SQ_WAVES",1024.000000,229251458675,229254927688
347,347,"Agent 1",1,1909,1909,32768,17,"pk_gemm(__half const*, __half const*, __half*, int, int, int)",128,17408,0,136,0,128,"SQ_INSTS_LDS",10485760.000000,229254957223,229259069640
347,347,"Agent 1",1,1909,1909,32768,17,"pk_gemm(__half const*, __half const*, __half*, int, int, int)",128,17408,0,136,0,128,"SQ_INSTS_VALU",182145024.000000,229254957223,229259069640
347,347,"Agent 1",1,1909,1909,32768,17,"pk_gemm(__half const*, __half const*, __half*, int, int, int)",128,17408,0,136,0,128,"SQ_WAVES",1024.000000,229254957223,229259069640
348,348,"Agent 1",1,1909,1909,32768,17,"pk_gemm(__half const*, __half const*, __half*, int, int, int)",128,17408,0,136,0,128,"SQ_INSTS_LDS",10485760.000000,229259101811,229262917633
348,348,"Agent 1",1,1909,1909,32768,17,"pk_gemm(__half const*, __half const*, __half*, int, int, int)",128,17408,0,136,0,128,"SQ_INSTS_VALU",182145024.000000,229259101811,229262917633
348,348,"Agent 1",1,1909,1909,32768,17,"pk_gemm(__half const*, __half const*, __half*, int, int, int)",128,17408,0,136,0,128,"SQ_WAVES",1024.000000,229259101811,229262917633
349,349,"Agent 1",1,1909,1909,32768,17,"pk_gemm(__half const*, __half const*, __half*, int, int, int)",128,17408,0,136,0,128,"SQ_INSTS_LDS",10485760.000000,229262949813,229266666649
349,349,"Agent 1",1,1909,1909,32768,17,"pk_gemm(__half const*, __half const*, __half*, int, int, int)",128,17408,0,136,0,128,"SQ_INSTS_VALU",182145024.000000,229262949813,229266666649
349,349,"Agent 1",1,1909,1909,32768,17,"pk_gemm(__half const*, __half const*, __half*, int, int, int)",128,17408,0,136,0,128,"SQ_WAVES",1024.000000,229262949813,229266666649
350,350,"Agent 1",1,1909,1909,32768,17,"pk_gemm(__half const*, __half const*, __half*, int, int, int)",128,17408,0,136,0,128,"SQ_INSTS_LDS",10485760.000000,229266697988,229270056674
350,350,"Agent 1",1,1909,1909,32768,17,"pk_gemm(__half const*, __half const*, __half*, int, int, int)",128,17408,0,136,0,128,"SQ_INSTS_VALU",182145024.000000,229266697988,229270056674
350,350,"Agent 1",1,1909,1909,32768,17,"pk_gemm(__half const*, __half const*, __half*, int, int, int)",128,17408,0,136,0,128,"SQ_WAVES",1024.000000,229266697988,229270056674
351,351,"Agent 1",1,1909,1909,32768,17,"pk_gemm(__half const*, __half const*, __half*, int, int, int)",128,17408,0,136,0,128,"SQ_INSTS_LDS",10485760.000000,229270088173,229273600948
351,351,"Agent 1",1,1909,1909,32768,17,"pk_gemm(__half const*, __half const*, __half*, int, int, int)",128,17408,0,136,0,128,"SQ_INSTS_VALU",182145024.000000,229270088173,229273600948
351,351,"Agent 1",1,1909,1909,32768,17,"pk_gemm(__half const*, __half const*, __half*, int, int, int)",128,17408,0,136,0,128,"SQ_WAVES",1024.000000,229270088173,229273600948
352,352,"Agent 1",1,1909,1909,32768,17,"pk_gemm(__half const*, __half const*, __half*, int, int, int)",128,17408,0,136,0,128,"SQ_INSTS_LDS",10485760.000000,229273632046,229277228899
352,352,"Agent 1",1,1909,1909,32768,17,"pk_gemm(__half const*, __half const*, __half*, int, int, int)",128,17408,0,136,0,128,"SQ_INSTS_VALU",182145024.000000,229273632046,229277228899
352,352,"Agent 1",1,1909,1909,32768,17,"pk_gemm(__half const*, __half const*, __half*, int, int, int)",128,17408,0,136,0,128,"SQ_WAVES",1024.000000,229273632046,229277228899
353,353,"Agent 1",1,1909,1909,32768,17,"pk_gemm(__half const*, __half const*, __half*, int, int, int)",128,17408,0,136,0,128,"SQ_INSTS_LDS",10485760.000000,229277259396,229281173361
353,353,"Agent 1",1,1909,1909,32768,17,"pk_gemm(__half const*, __half const*, __half*, int, int, int)",128,17408,0,136,0,128,"SQ_INSTS_VALU",182145024.000000,229277259396,229281173361
353,353,"Agent 1",1,1909,1909,32768,17,"pk_gemm(__half const*, __half const*, __half*, int, int, int)",128,17408,0,136,0,128,"SQ_WAVES",1024.000000,229277259396,229281173361
354,354,"Agent 1",1,1909,1909,32768,17,"pk_gemm(__half const*, __half const*, __half*, int, int, int)",128,17408,0,136,0,128,"SQ_INSTS_LDS",10485760.000000,229281203939,229284779631
354,354,"Agent 1",1,1909,1909,32768,17,"pk_gemm(__half const*, __half const*, __half*, int, int, int)",128,17408,0,136,0,128,"SQ_INSTS_VALU",182145024.000000,229281203939,229284779631
354,354,"Agent 1",1,1909,1909,32768,17,"pk_gemm(__half const*, __half const*, __half*, int, int, int)",128,17408,0,136,0,128,"SQ_WAVES",1024.000000,229281203939,229284779631
355,355,"Agent 1",1,1909,1909,32768,17,"pk_gemm(__half const*, __half const*, __half*, int, int, int)",128,17408,0,136,0,128,"SQ_INSTS_LDS",10485760.000000,229284809167,229288292967
355,355,"Agent 1",1,1909,1909,32768,17,"pk_gemm(__half const*, __half const*, __half*, int, int, int)",128,17408,0,136,0,128,"SQ_INSTS_VALU",182145024.000000,229284809167,229288292967
355,355,"Agent 1",1,1909,1909,32768,17,"pk_gemm(__half const*, __half const*, __half*, int, int, int)",128,17408,0,136,0,128,"SQ_WAVES",1024.000000,229284809167,229288292967
356,356,"Agent 1",1,1909,1909,32768,17,"pk_gemm(__half const*, __half const*, __half*, int, int, int)",128,17408,0,136,0,128,"SQ_INSTS_LDS",10485760.000000,229288350795,229291867457
356,356,"Agent 1",1,1909,1909,32768,17,"pk_gemm(__half const*, __half const*, __half*, int, int, int)",128,17408,0,136,0,128,"SQ_INSTS_VALU",182145024.000000,229288350795,229291867457
356,356,"Agent 1",1,1909,1909,32768,17,"pk_gemm(__half const*, __half const*, __half*, int, int, int)",128,17408,0,136,0,128,"SQ_WAVES",1024.000000,229288350795,229291867457
357,357,"Agent 1",1,1909,1909,32768,17,"pk_gemm(__half const*, __half const*, __half*, int, int, int)",128,17408,0,136,0,128,"SQ_INSTS_LDS",10485760.000000,229291902764,229295690854
357,357,"Agent 1",1,1909,1909,32768,17,"pk_gemm(__half const*, __half const*, __half*, int, int, int)",128,17408,0,136,0,128,"SQ_INSTS_VALU",182145024.000000,229291902764,229295690854
357,357,"Agent 1",1,1909,1909,32768,17,"pk_gemm(__half const*, __half const*, __half*, int, int, int)",128,17408,0,136,0,128,"SQ_WAVES",1024.000000,229291902764,229295690854
358,358,"Agent 1",1,1909,1909,32768,17,"pk_gemm(__half const*, __half const*, __half*, int, int, int)",128,17408,0,136,0,128,"SQ_INSTS_LDS",10485760.000000,229295725759,229299063366
358,358,"Agent 1",1,1909,1909,32768,17,"pk_gemm(__half const*, __half const*, __half*, int, int, int)",128,17408,0,136,0,128,"SQ_INSTS_VALU",182145024.000000,229295725759,229299063366
358,358,"Agent 1",1,1909,1909,32768,17,"pk_gemm(__half const*, __half const*, __half*, int, int, int)",128,17408,0,136,0,128,"SQ_WAVES",1024.000000,229295725759,229299063366
359,359,"Agent 1",1,1909,1909,32768,17,"pk_gemm(__half const*, __half const*, __half*, int, int, int)",128,17408,0,136,0,128,"SQ_INSTS_LDS",10485760.000000,229299099113,229302849653
359,359,"Agent 1",1,1909,1909,32768,17,"pk_gemm(__half const*, __half const*, __half*, int, int, int)",128,17408,0,136,0,128,"SQ_INSTS_VALU",182145024.000000,229299099113,229302849653
359,359,"Agent 1",1,1909,1909,32768,17,"pk_gemm(__half const*, __half const*, __half*, int, int, int)",128,17408,0,136,0,128,"SQ_WAVES",1024.000000,229299099113,229302849653
360,360,"Agent 1",1,1909,1909,32768,17,"pk_gemm(__half const*, __half const*, __half*, int, int, int)",128,17408,0,136,0,128,"SQ_INSTS_LDS",10485760.000000,229302886522,229306565968
360,360,"Agent 1",1,1909,1909,32768,17,"pk_gemm(__half const*, __half const*, __half*, int, int, int)",128,17408,0,136,0,128,"SQ_INSTS_VALU",182145024.000000,229302886522,229306565968
360,360,"Agent 1",1,1909,1909,32768,17,"pk_gemm(__half const*, __half const*, __half*, int, int, int)",128,17408,0,136,0,128,"SQ_WAVES",1024.000000,229302886522,229306565968
361,361,"Agent 1",1,1909,1909,32768,17,"pk_gemm(__half const*, __half const*, __half*, int, int, int)",128,17408,0,136,0,128,"SQ_INSTS_LDS",10485760.000000,229306600473,229309983044
361,361,"Agent 1",1,1909,1909,32768,17,"pk_gemm(__half const*, __half const*, __half*, int, int, int)",128,17408,0,136,0,128,"SQ_INSTS_VALU",182145024.000000,229306600473,229309983044
361,361,"Agent 1",1,1909,1909,32768,17,"pk_gemm(__half const*, __half const*, __half*, int, int, int)",128,17408,0,136,0,128,"SQ_WAVES",1024.000000,229306600473,229309983044
362,362,"Agent 1",1,1909,1909,32768,17,"pk_gemm(__half const*, __half const*, __half*, int, int, int)",128,17408,0,136,0,128,"SQ_INSTS_LDS",10485760.000000,229310019873,229313670426
362,362,"Agent 1",1,1909,1909,32768,17,"pk_gemm(__half const*, __half const*, __half*, int, int, int)",128,17408,0,136,0,128,"SQ_INSTS_VALU",182145024.000000,229310019873,229313670426
362,362,"Agent 1",1,1909,1909,32768,17,"pk_gemm(__half const*, __half const*, __half*, int, int, int)",128,17408,0,136,0,128,"SQ_WAVES",1024.000000,229310019873,229313670426
363,363,"Agent 1",1,1909,1909,32768,17,"pk_gemm(__half const*, __half const*, __half*, int, int, int)",128,17408,0,136,0,128,"SQ_INSTS_LDS",10485760.000000,229313705652,229316967236
363,363,"Agent 1",1,1909,1909,32768,17,"pk_gemm(__half const*, __half const*, __half*, int, int, int)",128,17408,0,136,0,128,"SQ_INSTS_VALU",182145024.000000,229313705652,229316967236
363,363,"Agent 1",1,1909,1909,32768,17,"pk_gemm(__half const*, __half const*, __half*, int, int, int)",128,17408,0,136,0,128,"SQ_WAVES",1024.000000,229313705652,229316967236
364,364,"Agent 1",1,1909,1909,32768,17,"pk_gemm(__half const*, __half const*, __half*, int, int, int)",128,17408,0,136,0,128,"SQ_INSTS_LDS",10485760.000000,229317004105,229320480252
364,364,"Agent 1",1,1909,1909,32768,17,"pk_gemm(__half const*, __half const*, __half*, int, int, int)",128,17408,0,136,0,128,"SQ_INSTS_VALU",182145024.000000,229317004105,229320480252
364,364,"Agent 1",1,1909,1909,32768,17,"pk_gemm(__half const*, __half const*, __half*, int, int, int)",128,17408,0,136,0,128,"SQ_WAVES",1024.000000,229317004105,229320480252
365,365,"Agent 1",1,1909,1909,32768,17,"pk_gemm(__half const*, __half const*, __half*, int, int, int)",128,17408,0,136,0,128,"SQ_INSTS_LDS",10485760.000000,229320515077,229324037189
365,365,"Agent 1",1,1909,1909,32768,17,"pk_gemm(__half const*, __half const*, __half*, int, int, int)",128,17408,0,136,0,128,"SQ_INSTS_VALU",182145024.000000,229320515077,229324037189
365,365,"Agent 1",1,1909,1909,32768,17,"pk_gemm(__half const*, __half const*, __half*, int, int, int)",128,17408,0,136,0,128,"SQ_WAVES",1024.000000,229320515077,229324037189
366,366,"Agent 1",1,1909,1909,32768,17,"pk_gemm(__half const*, __half const*, __half*, int, int, int)",128,17408,0,136,0,128,"SQ_INSTS_LDS",10485760.000000,229324071060,229327559068
366,366,"Agent 1",1,1909,1909,32768,17,"pk_gemm(__half const*, __half const*, __half*, int, int, int)",128,17408,0,136,0,128,"SQ_INSTS_VALU",182145024.000000,229324071060,229327559068
366,366,"Agent 1",1,1909,1909,32768,17,"pk_gemm(__half const*, __half const*, __half*, int, int, int)",128,17408,0,136,0,128,"SQ_WAVES",1024.000000,229324071060,229327559068
367,367,"Agent 1",1,1909,1909,32768,17,"pk_gemm(__half const*, __half const*, __half*, int, int, int)",128,17408,0,136,0,128,"SQ_INSTS_LDS",10485760.000000,229327595616,229330798410
367,367,"Agent 1",1,1909,1909,32768,17,"pk_gemm(__half const*, __half const*, __half*, int, int, int)",128,17408,0,136,0,128,"SQ_INSTS_VALU",182145024.000000,229327595616,229330798410
367,367,"Agent 1",1,1909,1909,32768,17,"pk_gemm(__half const*, __half const*, __half*, int, int, int)",128,17408,0,136,0,128,"SQ_WAVES",1024.000000,229327595616,229330798410
368,368,"Agent 1",1,1909,1909,32768,17,"pk_gemm(__half const*, __half const*, __half*, int, int, int)",128,17408,0,136,0,128,"SQ_INSTS_LDS",10485760.000000,229330833355,229334832801
368,368,"Agent 1",1,1909,1909,32768,17,"pk_gemm(__half const*, __half const*, __half*, int, int, int)",128,17408,0,136,0,128,"SQ_INSTS_VALU",182145024.000000,229330833355,229334832801
368,368,"Agent 1",1,1909,1909,32768,17,"pk_gemm(__half const*, __half const*, __half*, int, int, int)",128,17408,0,136,0,128,"SQ_WAVES",1024.000000,229330833355,229334832801
369,369,"Agent 1",1,1909,1909,32768,17,"pk_gemm(__half const*, __half const*, __half*, int, int, int)",128,17408,0,136,0,128,"SQ_INSTS_LDS",10485760.000000,229334863939,229338224028
369,369,"Agent 1",1,1909,1909,32768,17,"pk_gemm(__half const*, __half const*, __half*, int, int, int)",128,17408,0,136,0,128,"SQ_INSTS_VALU",182145024.000000,229334863939,229338224028
369,369,"Agent 1",1,1909,1909,32768,17,"pk_gemm(__half const*, __half const*, __half*, int, int, int)",128,17408,0,136,0,128,"SQ_WAVES",1024.000000,229334863939,229338224028
370,370,"Agent 1",1,1909,1909,32768,17,"pk_gemm(__half const*, __half const*, __half*, int, int, int)",128,17408,0,136,0,128,"SQ_INSTS_LDS",10485760.000000,229338259013,229342009072
370,370,"Agent 1",1,1909,1909,32768,17,"pk_gemm(__half const*, __half const*, __half*, int, int, int)",128,17408,0,136,0,128,"SQ_INSTS_VALU",182145024.000000,229338259013,229342009072
370,370,"Agent 1",1,1909,1909,32768,17,"pk_gemm(__half const*, __half const*, __half*, int, int, int)",128,17408,0,136,0,128,"SQ_WAVES",1024.000000,229338259013,229342009072
371,371,"Agent 1",1,1909,1909,32768,17,"pk_gemm(__half const*, __half const*, __half*, int, int, int)",128,17408,0,136,0,128,"SQ_INSTS_LDS",10485760.000000,229342040170,229345209542
371,371,"Agent 1",1,1909,1909,32768,17,"pk_gemm(__half const*, __half const*, __half*, int, int, int)",128,17408,0,136,0,128,"SQ_INSTS_VALU",182145024.000000,229342040170,229345209542
371,371,"Agent 1",1,1909,1909,32768,17,"pk_gemm(__half const*, __half const*, __half*, int, int, int)",128,17408,0,136,0,128,"SQ_WAVES",1024.000000,229342040170,229345209542
372,372,"Agent 1",1,1909,1909,32768,17,"pk_gemm(__half const*, __half const*, __half*, int, int, int)",128,17408,0,136,0,128,"SQ_INSTS_LDS",10485760.000000,229345240480,229348830919
372,372,"Agent 1",1,1909,1909,32768,17,"pk_gemm(__half const*, __half const*, __half*, int, int, int)",128,17408,0,136,0,128,"SQ_INSTS_VALU",182145024.000000,229345240480,229348830919
372,372,"Agent 1",1,1909,1909,32768,17,"pk_gemm(__half const*, __half const*, __half*, int, int, int)",128,17408,0,136,0,128,"SQ_WAVES",1024.000000,229345240480,229348830919
373,373,"Agent 1",1,1909,1909,32768,17,"pk_gemm(__half const*, __half const*, __half*, int, int, int)",128,17408,0,136,0,128,"SQ_INSTS_LDS",10485760.000000,229348864061,229352370063
373,373,"Agent 1",1,1909,1909,32768,17,"pk_gemm(__half const*, __half const*, __half*, int, int, int)",128,17408,0,136,0,128,"SQ_INSTS_VALU",182145024.000000,229348864061,229352370063
373,373,"Agent 1",1,1909,1909,32768,17,"pk_gemm(__half const*, __half const*, __half*, int, int, int)",128,17408,0,136,0,128,"SQ_WAVES",1024.000000,229348864061,229352370063
374,374,"Agent 1",1,1909,1909,32768,17,"pk_gemm(__half const*, __half const*, __half*, int, int, int)",128,17408,0,136,0,128,"SQ_INSTS_LDS",10485760.000000,229352401161,229356037006
374,374,"Agent 1",1,1909,1909,32768,17,"pk_gemm(__half const*, __half const*, __half*, int, int, int)",128,17408,0,136,0,128,"SQ_INSTS_VALU",182145024.000000,229352401161,229356037006
374,374,"Agent 1",1,1909,1909,32768,17,"pk_gemm(__half const*, __half const*, __half*, int, int, int)",128,17408,0,136,0,128,"SQ_WAVES",1024.000000,229352401161,229356037006
375,375,"Agent 1",1,1909,1909,32768,17,"pk_gemm(__half const*, __half const*, __half*, int, int, int)",128,17408,0,136,0,128,"SQ_INSTS_LDS",10485760.000000,229356067944,229359725069
375,375,"Agent 1",1,1909,1909,32768,17,"pk_gemm(__half const*, __half const*, __half*, int, int, int)",128,17408,0,136,0,128,"SQ_INSTS_VALU",182145024.000000,229356067944,229359725069
375,375,"Agent 1",1,1909,1909,32768,17,"pk_gemm(__half const*, __half const*, __half*, int, int, int)",128,17408,0,136,0,128,"SQ_WAVES",1024.000000,229356067944,229359725069
376,376,"Agent 1",1,1909,1909,32768,17,"pk_gemm(__half const*, __half const*, __half*, int, int, int)",128,17408,0,136,0,128,"SQ_INSTS_LDS",10485760.000000,229359755927,229363466471
376,376,"Agent 1",1,1909,1909,32768,17,"pk_gemm(__half const*, __half const*, __half*, int, int, int)",128,17408,0,136,0,128,"SQ_INSTS_VALU",182145024.000000,229359755927,229363466471
376,376,"Agent 1",1,1909,1909,32768,17,"pk_gemm(__half const*, __half const*, __half*, int, int, int)",128,17408,0,136,0,128,"SQ_WAVES",1024.000000,229359755927,229363466471
377,377,"Agent 1",1,1909,1909,32768,17,"pk_gemm(__half const*, __half const*, __half*, int, int, int)",128,17408,0,136,0,128,"SQ_INSTS_LDS",10485760.000000,229363496367,229366782397
377,377,"Agent 1",1,1909,1909,32768,17,"pk_gemm(__half const*, __half const*, __half*, int, int, int)",128,17408,0,136,0,128,"SQ_INSTS_VALU",182145024.000000,229363496367,229366782397
377,377,"Agent 1",1,1909,1909,32768,17,"pk_gemm(__half const*, __half const*, __half*, int, int, int)",128,17408,0,136,0,128,"SQ_WAVES",1024.000000,229363496367,229366782397
378,378,"Agent 1",1,1909,1909,32768,17,"pk_gemm(__half const*, __half const*, __half*, int, int, int)",128,17408,0,136,0,128,"SQ_INSTS_LDS",10485760.000000,229366814497,229370297576
378,378,"Agent 1",1,1909,1909,32768,17,"pk_gemm(__half const*, __half const*, __half*, int, int, int)",128,17408,0,136,0,128,"SQ_INSTS_VALU",182145024.000000,229366814497,229370297576
378,378,"Agent 1",1,1909,1909,32768,17,"pk_gemm(__half const*, __half const*, __half*, int, int, int)",128,17408,0,136,0,128,"SQ_WAVES",1024.000000,229366814497,229370297576
379,379,"Agent 1",1,1909,1909,32768,17,"pk_gemm(__half const*, __half const*, __half*, int, int, int)",128,17408,0,136,0,128,"SQ_INSTS_LDS",10485760.000000,229370328434,229373850947
379,379,"Agent 1",1,1909,1909,32768,17,"pk_gemm(__half const*, __half const*, __half*, int, int, int)",128,17408,0,136,0,128,"SQ_INSTS_VALU",182145024.000000,229370328434,229373850947
379,379,"Agent 1",1,1909,1909,32768,17,"pk_gemm(__half const*, __half const*, __half*, int, int, int)",128,17408,0,136,0,128,"SQ_WAVES",1024.000000,229370328434,229373850947
380,380,"Agent 1",1,1909,1909,32768,17,"pk_gemm(__half const*, __half const*, __half*, int, int, int)",128,17408,0,136,0,128,"SQ_INSTS_LDS",10485760.000000,229373883167,229376983049
380,380,"Agent 1",1,1909,1909,32768,17,"pk_gemm(__half const*, __half const*, __half*, int, int, int)",128,17408,0,136,0,128,"SQ_INSTS_VALU",182145024.000000,229373883167,229376983049
380,380,"Agent 1",1,1909,1909,32768,17,"pk_gemm(__half const*, __half const*, __half*, int, int, int)",128,17408,0,136,0,128,"SQ_WAVES",1024.000000,229373883167,229376983049
381,381,"Agent 1",1,1909,1909,32768,17,"pk_gemm(__half const*, __half const*, __half*, int, int, int)",128,17408,0,136,0,128,"SQ_INSTS_LDS",10485760.000000,229377016591,229380525238
381,381,"Agent 1",1,1909,1909,32768,17,"pk_gemm(__half const*, __half const*, __half*, int, int, int)",128,17408,0,136,0,128,"SQ_INSTS_VALU",182145024.000000,229377016591,229380525238
381,381,"Agent 1",1,1909,1909,32768,17,"pk_gemm(__half const*, __half const*, __half*, int, int, int)",128,17408,0,136,0,128,"SQ_WAVES",1024.000000,229377016591,229380525238
382,382,"Agent 1",1,1909,1909,32768,17,"pk_gemm(__half const*, __half const*, __half*, int, int, int)",128,17408,0,136,0,128,"SQ_INSTS_LDS",10485760.000000,229380555254,229383884205
382,382,"Agent 1",1,1909,1909,32768,17,"pk_gemm(__half const*, __half const*, __half*, int, int, int)",128,17408,0,136,0,128,"SQ_INSTS_VALU",182145024.000000,229380555254,229383884205
382,382,"Agent 1",1,1909,1909,32768,17,"pk_gemm(__half const*, __half const*, __half*, int, int, int)",128,17408,0,136,0,128,"SQ_WAVES",1024.000000,229380555254,229383884205
383,383,"Agent 1",1,1909,1909,32768,17,"pk_gemm(__half const*, __half const*, __half*, int, int, int)",128,17408,0,136,0,128,"SQ_INSTS_LDS",10485760.000000,229383914141,229387301360
383,383,"Agent 1",1,1909,1909,32768,17,"pk_gemm(__half const*, __half const*, __half*, int, int, int)",128,17408,0,136,0,128,"SQ_INSTS_VALU",182145024.000000,229383914141,229387301360
383,383,"Agent 1",1,1909,1909,32768,17,"pk_gemm(__half const*, __half const*, __half*, int, int, int)",128,17408,0,136,0,128,"SQ_WAVES",1024.000000,229383914141,229387301360
384,384,"Agent 1",1,1909,1909,32768,17,"pk_gemm(__half const*, __half const*, __half*, int, int, int)",128,17408,0,136,0,128,"SQ_INSTS_LDS",10485760.000000,229387331191,229390765259
384,384,"Agent 1",1,1909,1909,32768,17,"pk_gemm(__half const*, __half const*, __half*, int, int, int)",128,17408,0,136,0,128,"SQ_INSTS_VALU",182145024.000000,229387331191,229390765259
384,384,"Agent 1",1,1909,1909,32768,17,"pk_gemm(__half const*, __half const*, __half*, int, int, int)",128,17408,0,136,0,128,"SQ_WAVES",1024.000000,229387331191,229390765259
385,385,"Agent 1",1,1909,1909,32768,17,"pk_gemm(__half const*, __half const*, __half*, int, int, int)",128,17408,0,136,0,128,"SQ_INSTS_LDS",10485760.000000,229390798761,229394295546
385,385,"Agent 1",1,1909,1909,32768,17,"pk_gemm(__half const*, __half const*, __half*, int, int, int)",128,17408,0,136,0,128,"SQ_INSTS_VALU",182145024.000000,229390798761,229394295546
385,385,"Agent 1",1,1909,1909,32768,17,"pk_gemm(__half const*, __half const*, __half*, int, int, int)",128,17408,0,136,0,128,"SQ_WAVES",1024.000000,229390798761,229394295546
386,386,"Agent 1",1,1909,1909,131072,17,"pk_gemm(__half const*, __half const*, __half*, int, int, int)",128,17408,0,136,0,128,"SQ_INSTS_LDS",83886080.000000,229834982748,229852802218
386,386,"Agent 1",1,1909,1909,131072,17,"pk_gemm(__half const*, __half const*, __half*, int, int, int)",128,17408,0,136,0,128,"SQ_INSTS_VALU",1455243264.000000,229834982748,229852802218
386,386,"Agent 1",1,1909,1909,131072,17,"pk_gemm(__half const*, __half const*, __half*, int, int, int)",128,17408,0,136,0,128,"SQ_WAVES",4096.000000,229834982748,229852802218
387,387,"Agent 1",1,1909,1909,131072,17,"pk_gemm(__half const*, __half const*, __half*, int, int, int)",128,17408,0,136,0,128,"SQ_INSTS_LDS",83886080.000000,229852841811,229870546748
387,387,"Agent 1",1,1909,1909,131072,17,"pk_gemm(__half const*, __half const*, __half*, int, int, int)",128,17408,0,136,0,128,"SQ_INSTS_VALU",1455243264.000000,229852841811,229870546748
387,387,"Agent 1",1,1909,1909,131072,17,"pk_gemm(__half const*, __half const*, __half*, int, int, int)",128,17408,0,136,0,128,"SQ_WAVES",4096.000000,229852841811,229870546748
388,388,"Agent 1",1,1909,1909,131072,17,"pk_gemm(__half const*, __half const*, __half*, int, int, int)",128,17408,0,136,0,128,"SQ_INSTS_LDS",83886080.000000,229870580771,229888635923
388,388,"Agent 1",1,1909,1909,131072,17,"pk_gemm(__half const*, __half const*, __half*, int, int, int)",128,17408,0,136,0,128,"SQ_INSTS_VALU",1455243264.000000,229870580771,229888635923
388,388,"Agent 1",1,1909,1909,131072,17,"pk_gemm(__half const*, __half const*, __half*, int, int, int)",128,17408,0,136,0,128,"SQ_WAVES",4096.000000,229870580771,229888635923
389,389,"Agent 1",1,1909,1909,131072,17,"pk_gemm(__half const*, __half const*, __half*, int, int, int)",128,17408,0,136,0,128,"SQ_INSTS_LDS",83886080.000000,229888668344,229906284033
389,389,"Agent 1",1,1909,1909,131072,17,"pk_gemm(__half const*, __half const*, __half*, int, int, int)",128,17408,0,136,0,128,"SQ_INSTS_VALU",1455243264.000000,229888668344,229906284033
389,389,"Agent 1",1,1909,1909,131072,17,"pk_gemm(__half const*, __half const*, __half*, int, int, int)",128,17408,0,136,0,128,"SQ_WAVES",4096.000000,229888668344,229906284033
390,390,"Agent 1",1,1909,1909,131072,17,"pk_gemm(__half const*, __half const*, __half*, int, int, int)",128,17408,0,136,0,128,"SQ_INSTS_LDS",83886080.000000,229906315703,229924107121
390,390,"Agent 1",1,1909,1909,131072,17,"pk_gemm(__half const*, __half const*, __half*, int, int, int)",128,17408,0,136,0,128,"SQ_INSTS_VALU",1455243264.000000,229906315703,229924107121
390,390,"Agent 1",1,1909,1909,131072,17,"pk_gemm(__half const*, __half const*, __half*, int, int, int)",128,17408,0,136,0,128,"SQ_WAVES",4096.000000,229906315703,229924107121
391,391,"Agent 1",1,1909,1909,131072,17,"pk_gemm(__half const*, __half const*, __half*, int, int, int)",128,17408,0,136,0,128,"SQ_INSTS_LDS",83886080.000000,229924141144,229941814621
391,391,"Agent 1",1,1909,1909,131072,17,"pk_gemm(__half const*, __half const*, __half*, int, int, int)",128,17408,0,136,0,128,"SQ_INSTS_VALU",1455243264.000000,229924141144,229941814621
391,391,"Agent 1",1,1909,1909,131072,17,"pk_gemm(__half const*, __half const*, __half*, int, int, int)",128,17408,0,136,0,128,"SQ_WAVES",4096.000000,229924141144,229941814621
392,392,"Agent 1",1,1909,1909,131072,17,"pk_gemm(__half const*, __half const*, __half*, int, int, int)",128,17408,0,136,0,128,"SQ_INSTS_LDS",83886080.000000,229941846080,229959619063
392,392,"Agent 1",1,1909,1909,131072,17,"pk_gemm(__half const*, __half const*, __half*, int, int, int)",128,17408,0,136,0,128,"SQ_INSTS_VALU",1455243264.000000,229941846080,229959619063
392,392,"Agent 1",1,1909,1909,131072,17,"pk_gemm(__half const*, __half const*, __half*, int, int, int)",128,17408,0,136,0,128,"SQ_WAVES",4096.000000,229941846080,229959619063
393,393,"Agent 1",1,1909,1909,131072,17,"pk_gemm(__half const*, __half const*, __half*, int, int, int)",128,17408,0,136,0,128,"SQ_INSTS_LDS",83886080.000000,229959650602,229977241925
393,393,"Agent 1",1,1909,1909,131072,17,"pk_gemm(__half const*, __half const*, __half*, int, int, int)",128,17408,0,136,0,128,"SQ_INSTS_VALU",1455243264.000000,229959650602,229977241925
393,393,"Agent 1",1,1909,1909,131072,17,"pk_gemm(__half const*, __half const*, __half*, int, int, int)",128,17408,0,136,0,128,"SQ_WAVES",4096.000000,229959650602,229977241925
394,394,"Agent 1",1,1909,1909,131072,17,"pk_gemm(__half const*, __half const*, __half*, int, int, int)",128,17408,0,136,0,128,"SQ_INSTS_LDS",83886080.000000,229977303210,229995278253
394,394,"Agent 1",1,1909,1909,131072,17,"pk_gemm(__half const*, __half const*, __half*, int, int, int)",128,17408,0,136,0,128,"SQ_INSTS_VALU",1455243264.000000,229977303210,229995278253
394,394,"Agent 1",1,1909,1909,131072,17,"pk_gemm(__half const*, __half const*, __half*, int, int, int)",128,17408,0,136,0,128,"SQ_WAVES",4096.000000,229977303210,229995278253
395,395,"Agent 1",1,1909,1909,131072,17,"pk_gemm(__half const*, __half const*, __half*, int, int, int)",128,17408,0,136,0,128,"SQ_INSTS_LDS",83886080.000000,229995321333,230013105738
395,395,"Agent 1",1,1909,1909,131072,17,"pk_gemm(__half const*, __half const*, __half*, int, int, int)",128,17408,0,136,0,128,"SQ_INSTS_VALU",1455243264.000000,229995321333,230013105738
395,395,"Agent 1",1,1909,1909,131072,17,"pk_gemm(__half const*, __half const*, __half*, int, int, int)",128,17408,0,136,0,128,"SQ_WAVES",4096.000000,229995321333,230013105738
396,396,"Agent 1",1,1909,1909,131072,17,"pk_gemm(__half const*, __half const*, __half*, int, int, int)",128,17408,0,136,0,128,"SQ_INSTS_LDS",83886080.000000,230013140443,230031115406
396,396,"Agent 1",1,1909,1909,131072,17,"pk_gemm(__half const*, __half const*, __half*, int, int, int)",128,17408,0,136,0,128,"SQ_INSTS_VALU",1455243264.000000,230013140443,230031115406
396,396,"Agent 1",1,1909,1909,131072,17,"pk_gemm(__half const*, __half const*, __half*, int, int, int)",128,17408,0,136,0,128,"SQ_WAVES",4096.000000,230013140443,230031115406
397,397,"Agent 1",1,1909,1909,131072,17,"pk_gemm(__half const*, __half const*, __half*, int, int, int)",128,17408,0,136,0,128,"SQ_INSTS_LDS",83886080.000000,230031153798,230049140542
397,397,"Agent 1",1,1909,1909,131072,17,"pk_gemm(__half const*, __half const*, __half*, int, int, int)",128,17408,0,136,0,128,"SQ_INSTS_VALU",1455243264.000000,230031153798,230049140542
397,397,"Agent 1",1,1909,1909,131072,17,"pk_gemm(__half const*, __half const*, __half*, int, int, int)",128,17408,0,136,0,128,"SQ_WAVES",4096.000000,230031153798,230049140542
398,398,"Agent 1",1,1909,1909,131072,17,"pk_gemm(__half const*, __half const*, __half*, int, int, int)",128,17408,0,136,0,128,"SQ_INSTS_LDS",83886080.000000,230049178822,230067077922
398,398,"Agent 1",1,1909,1909,131072,17,"pk_gemm(__half const*, __half const*, __half*, int, int, int)",128,17408,0,136,0,128,"SQ_INSTS_VALU",1455243264.000000,230049178822,230067077922
398,398,"Agent 1",1,1909,1909,131072,17,"pk_gemm(__half const*, __half const*, __half*, int, int, int)",128,17408,0,136,0,128,"SQ_WAVES",4096.000000,230049178822,230067077922
399,399,"Agent 1",1,1909,1909,131072,17,"pk_gemm(__half const*, __half const*, __half*, int, int, int)",128,17408,0,136,0,128,"SQ_INSTS_LDS",83886080.000000,230067118036,230084841447
399,399,"Agent 1",1,1909,1909,131072,17,"pk_gemm(__half const*, __half const*, __half*, int, int, int)",128,17408,0,136,0,128,"SQ_INSTS_VALU",1455243264.000000,230067118036,230084841447
399,399,"Agent 1",1,1909,1909,131072,17,"pk_gemm(__half const*, __half const*, __half*, int, int, int)",128,17408,0,136,0,128,"SQ_WAVES",4096.000000,230067118036,230084841447
400,400,"Agent 1",1,1909,1909,131072,17,"pk_gemm(__half const*, __half const*, __half*, int, int, int)",128,17408,0,136,0,128,"SQ_INSTS_LDS",83886080.000000,230084874549,230102715380
400,400,"Agent 1",1,1909,1909,131072,17,"pk_gemm(__half const*, __half const*, __half*, int, int, int)",128,17408,0,136,0,128,"SQ_INSTS_VALU",1455243264.000000,230084874549,230102715380
400,400,"Agent 1",1,1909,1909,131072,17,"pk_gemm(__half const*, __half const*, __half*, int, int, int)",128,17408,0,136,0,128,"SQ_WAVES",4096.000000,230084874549,230102715380
401,401,"Agent 1",1,1909,1909,131072,17,"pk_gemm(__half const*, __half const*, __half*, int, int, int)",128,17408,0,136,0,128,"SQ_INSTS_LDS",83886080.000000,230102751568,230120713065
401,401,"Agent 1",1,1909,1909,131072,17,"pk_gemm(__half const*, __half const*, __half*, int, int, int)",128,17408,0,136,0,128,"SQ_INSTS_VALU",1455243264.000000,230102751568,230120713065
401,401,"Agent 1",1,1909,1909,131072,17,"pk_gemm(__half const*, __half const*, __half*, int, int, int)",128,17408,0,136,0,128,"SQ_WAVES",4096.000000,230102751568,230120713065
402,402,"Agent 1",1,1909,1909,131072,17,"pk_gemm(__half const*, __half const*, __half*, int, int, int)",128,17408,0,136,0,128,"SQ_INSTS_LDS",83886080.000000,230120747986,230138951255
402,402,"Agent 1",1,1909,1909,131072,17,"pk_gemm(__half const*, __half const*, __half*, int, int, int)",128,17408,0,136,0,128,"SQ_INSTS_VALU",1455243264.000000,230120747986,230138951255
402,402,"Agent 1",1,1909,1909,131072,17,"pk_gemm(__half const*, __half const*, __half*, int, int, int)",128,17408,0,136,0,128,"SQ_WAVES",4096.000000,230120747986,230138951255
403,403,"Agent 1",1,1909,1909,131072,17,"pk_gemm(__half const*, __half const*, __half*, int, int, int)",128,17408,0,136,0,128,"SQ_INSTS_LDS",83886080.000000,230138990567,230156836888
403,403,"Agent 1",1,1909,1909,131072,17,"pk_gemm(__half const*, __half const*, __half*, int, int, int)",128,17408,0,136,0,128,"SQ_INSTS_VALU",1455243264.000000,230138990567,230156836888
403,403,"Agent 1",1,1909,1909,131072,17,"pk_gemm(__half const*, __half const*, __half*, int, int, int)",128,17408,0,136,0,128,"SQ_WAVES",4096.000000,230138990567,230156836888
404,404,"Agent 1",1,1909,1909,131072,17,"pk_gemm(__half const*, __half const*, __half*, int, int, int)",128,17408,0,136,0,128,"SQ_INSTS_LDS",83886080.000000,230156869068,230174383769
404,404,"Agent 1",1,1909,1909,131072,17,"pk_gemm(__half const*, __half const*, __half*, int, int, int)",128,17408,0,136,0,128,"SQ_INSTS_VALU",1455243264.000000,230156869068,230174383769
404,404,"Agent 1",1,1909,1909,131072,17,"pk_gemm(__half const*, __half const*, __half*, int, int, int)",128,17408,0,136,0,128,"SQ_WAVES",4096.000000,230156869068,230174383769
405,405,"Agent 1",1,1909,1909,131072,17,"pk_gemm(__half const*, __half const*, __half*, int, int, int)",128,17408,0,136,0,128,"SQ_INSTS_LDS",83886080.000000,230174421760,230192294971
405,405,"Agent 1",1,1909,1909,131072,17,"pk_gemm(__half const*, __half const*, __half*, int, int, int)",128,17408,0,136,0,128,"SQ_INSTS_VALU",1455243264.000000,230174421760,230192294971
405,405,"Agent 1",1,1909,1909,131072,17,"pk_gemm(__half const*, __half const*, __half*, int, int, int)",128,17408,0,136,0,128,"SQ_WAVES",4096.000000,230174421760,230192294971
406,406,"Agent 1",1,1909,1909,131072,17,"pk_gemm(__half const*, __half const*, __half*, int, int, int)",128,17408,0,136,0,128,"SQ_INSTS_LDS",83886080.000000,230192325112,230210273103
406,406,"Agent 1",1,1909,1909,131072,17,"pk_gemm(__half const*, __half const*, __half*, int, int, int)",128,17408,0,136,0,128,"SQ_INSTS_VALU",1455243264.000000,230192325112,230210273103
406,406,"Agent 1",1,1909,1909,131072,17,"pk_gemm(__half const*, __half const*, __half*, int, int, int)",128,17408,0,136,0,128,"SQ_WAVES",4096.000000,230192325112,230210273103
407,407,"Agent 1",1,1909,1909,131072,17,"pk_gemm(__half const*, __half const*, __half*, int, int, int)",128,17408,0,136,0,128,"SQ_INSTS_LDS",83886080.000000,230210311494,230228207267
407,407,"Agent 1",1,1909,1909,131072,17,"pk_gemm(__half const*, __half const*, __half*, int, int, int)",128,17408,0,136,0,128,"SQ_INSTS_VALU",1455243264.000000,230210311494,230228207267
407,407,"Agent 1",1,1909,1909,131072,17,"pk_gemm(__half const*, __half const*, __half*, int, int, int)",128,17408,0,136,0,128,"SQ_WAVES",4096.000000,230210311494,230228207267
408,408,"Agent 1",1,1909,1909,131072,17,"pk_gemm(__half const*, __half const*, __half*, int, int, int)",128,17408,0,136,0,128,"SQ_INSTS_LDS",83886080.000000,230228240850,230246408933
408,408,"Agent 1",1,1909,1909,131072,17,"pk_gemm(__half const*, __half const*, __half*, int, int, int)",128,17408,0,136,0,128,"SQ_INSTS_VALU",1455243264.000000,230228240850,230246408933
408,408,"Agent 1",1,1909,1909,131072,17,"pk_gemm(__half const*, __half const*, __half*, int, int, int)",128,17408,0,136,0,128,"SQ_WAVES",4096.000000,230228240850,230246408933
409,409,"Agent 1",1,1909,1909,131072,17,"pk_gemm(__half const*, __half const*, __half*, int, int, int)",128,17408,0,136,0,128,"SQ_INSTS_LDS",83886080.000000,230246444881,230263952167
409,409,"Agent 1",1,1909,1909,131072,17,"pk_gemm(__half const*, __half const*, __half*, int, int, int)",128,17408,0,136,0,128,"SQ_INSTS_VALU",1455243264.000000,230246444881,230263952167
409,409,"Agent 1",1,1909,1909,131072,17,"pk_gemm(__half const*, __half const*, __half*, int, int, int)",128,17408,0,136,0,128,"SQ_WAVES",4096.000000,230246444881,230263952167
410,410,"Agent 1",1,1909,1909,131072,17,"pk_gemm(__half const*, __half const*, __half*, int, int, int)",128,17408,0,136,0,128,"SQ_INSTS_LDS",83886080.000000,230263985656,230281918859
410,410,"Agent 1",1,1909,1909,131072,17,"pk_gemm(__half const*, __half const*, __half*, int, int, int)",128,17408,0,136,0,128,"SQ_INSTS_VALU",1455243264.000000,230263985656,230281918859
410,410,"Agent 1",1,1909,1909,131072,17,"pk_gemm(__half const*, __half const*, __half*, int, int, int)",128,17408,0,136,0,128,"SQ_WAVES",4096.000000,230263985656,230281918859
411,411,"Agent 1",1,1909,1909,131072,17,"pk_gemm(__half const*, __half const*, __half*, int, int, int)",128,17408,0,136,0,128,"SQ_INSTS_LDS",83886080.000000,230281955206,230299607684
411,411,"Agent 1",1,1909,1909,131072,17,"pk_gemm(__half const*, __half const*, __half*, int, int, int)",128,17408,0,136,0,128,"SQ_INSTS_VALU",1455243264.000000,230281955206,230299607684
411,411,"Agent 1",1,1909,1909,131072,17,"pk_gemm(__half const*, __half const*, __half*, int, int, int)",128,17408,0,136,0,128,"SQ_WAVES",4096.000000,230281955206,230299607684
412,412,"Agent 1",1,1909,1909,131072,17,"pk_gemm(__half const*, __half const*, __half*, int, int, int)",128,17408,0,136,0,128,"SQ_INSTS_LDS",83886080.000000,230299642950,230317767431
412,412,"Agent 1",1,1909,1909,131072,17,"pk_gemm(__half const*, __half const*, __half*, int, int, int)",128,17408,0,136,0,128,"SQ_INSTS_VALU",1455243264.000000,230299642950,230317767431
412,412,"Agent 1",1,1909,1909,131072,17,"pk_gemm(__half const*, __half const*, __half*, int, int, int)",128,17408,0,136,0,128,"SQ_WAVES",4096.000000,230299642950,230317767431
413,413,"Agent 1",1,1909,1909,131072,17,"pk_gemm(__half const*, __half const*, __half*, int, int, int)",128,17408,0,136,0,128,"SQ_INSTS_LDS",83886080.000000,230317801214,230335663163
413,413,"Agent 1",1,1909,1909,131072,17,"pk_gemm(__half const*, __half const*, __half*, int, int, int)",128,17408,0,136,0,128,"SQ_INSTS_VALU",1455243264.000000,230317801214,230335663163
413,413,"Agent 1",1,1909,1909,131072,17,"pk_gemm(__half const*, __half const*, __half*, int, int, int)",128,17408,0,136,0,128,"SQ_WAVES",4096.000000,230317801214,230335663163
414,414,"Agent 1",1,1909,1909,131072,17,"pk_gemm(__half const*, __half const*, __half*, int, int, int)",128,17408,0,136,0,128,"SQ_INSTS_LDS",83886080.000000,230335696999,230353779602
414,414,"Agent 1",1,1909,1909,131072,17,"pk_gemm(__half const*, __half const*, __half*, int, int, int)",128,17408,0,136,0,128,"SQ_INSTS_VALU",1455243264.000000,230335696999,230353779602
414,414,"Agent 1",1,1909,1909,131072,17,"pk_gemm(__half const*, __half const*, __half*, int, int, int)",128,17408,0,136,0,128,"SQ_WAVES",4096.000000,230335696999,230353779602
415,415,"Agent 1",1,1909,1909,131072,17,"pk_gemm(__half const*, __half const*, __half*, int, int, int)",128,17408,0,136,0,128,"SQ_INSTS_LDS",83886080.000000,230353813705,230371466183
415,415,"Agent 1",1,1909,1909,131072,17,"pk_gemm(__half const*, __half const*, __half*, int, int, int)",128,17408,0,136,0,128,"SQ_INSTS_VALU",1455243264.000000,230353813705,230371466183
415,415,"Agent 1",1,1909,1909,131072,17,"pk_gemm(__half const*, __half const*, __half*, int, int, int)",128,17408,0,136,0,128,"SQ_WAVES",4096.000000,230353813705,230371466183
416,416,"Agent 1",1,1909,1909,131072,17,"pk_gemm(__half const*, __half const*, __half*, int, int, int)",128,17408,0,136,0,128,"SQ_INSTS_LDS",83886080.000000,230371498603,230389474567
416,416,"Agent 1",1,1909,1909,131072,17,"pk_gemm(__half const*, __half const*, __half*, int, int, int)",128,17408,0,136,0,128,"SQ_INSTS_VALU",1455243264.000000,230371498603,230389474567
416,416,"Agent 1",1,1909,1909,131072,17,"pk_gemm(__half const*, __half const*, __half*, int, int, int)",128,17408,0,136,0,128,"SQ_WAVES",4096.000000,230371498603,230389474567
417,417,"Agent 1",1,1909,1909,131072,17,"pk_gemm(__half const*, __half const*, __half*, int, int, int)",128,17408,0,136,0,128,"SQ_INSTS_LDS",83886080.000000,230389505745,230407778825
417,417,"Agent 1",1,1909,1909,131072,17,"pk_gemm(__half const*, __half const*, __half*, int, int, int)",128,17408,0,136,0,128,"SQ_INSTS_VALU",1455243264.000000,230389505745,230407778825
417,417,"Agent 1",1,1909,1909,131072,17,"pk_gemm(__half const*, __half const*, __half*, int, int, int)",128,17408,0,136,0,128,"SQ_WAVES",4096.000000,230389505745,230407778825
418,418,"Agent 1",1,1909,1909,131072,17,"pk_gemm(__half const*, __half const*, __half*, int, int, int)",128,17408,0,136,0,128,"SQ_INSTS_LDS",83886080.000000,230407810366,230425546761
418,418,"Agent 1",1,1909,1909,131072,17,"pk_gemm(__half const*, __half const*, __half*, int, int, int)",128,17408,0,136,0,128,"SQ_INSTS_VALU",1455243264.000000,230407810366,230425546761
418,418,"Agent 1",1,1909,1909,131072,17,"pk_gemm(__half const*, __half const*, __half*, int, int, int)",128,17408,0,136,0,128,"SQ_WAVES",4096.000000,230407810366,230425546761
419,419,"Agent 1",1,1909,1909,131072,17,"pk_gemm(__half const*, __half const*, __half*, int, int, int)",128,17408,0,136,0,128,"SQ_INSTS_LDS",83886080.000000,230425582627,230443541358
419,419,"Agent 1",1,1909,1909,131072,17,"pk_gemm(__half const*, __half const*, __half*, int, int, int)",128,17408,0,136,0,128,"SQ_INSTS_VALU",1455243264.000000,230425582627,230443541358
419,419,"Agent 1",1,1909,1909,131072,17,"pk_gemm(__half const*, __half const*, __half*, int, int, int)",128,17408,0,136,0,128,"SQ_WAVES",4096.000000,230425582627,230443541358
420,420,"Agent 1",1,1909,1909,131072,17,"pk_gemm(__half const*, __half const*, __half*, int, int, int)",128,17408,0,136,0,128,"SQ_INSTS_LDS",83886080.000000,230443573138,230461345160
420,420,"Agent 1",1,1909,1909,131072,17,"pk_gemm(__half const*, __half const*, __half*, int, int, int)",128,17408,0,136,0,128,"SQ_INSTS_VALU",1455243264.000000,230443573138,230461345160
420,420,"Agent 1",1,1909,1909,131072,17,"pk_gemm(__half const*, __half const*, __half*, int, int, int)",128,17408,0,136,0,128,"SQ_WAVES",4096.000000,230443573138,230461345160
421,421,"Agent 1",1,1909,1909,131072,17,"pk_gemm(__half const*, __half const*, __half*, int, int, int)",128,17408,0,136,0,128,"SQ_INSTS_LDS",83886080.000000,230461376618,230479229872
421,421,"Agent 1",1,1909,1909,131072,17,"pk_gemm(__half const*, __half const*, __half*, int, int, int)",128,17408,0,136,0,128,"SQ_INSTS_VALU",1455243264.000000,230461376618,230479229872
421,421,"Agent 1",1,1909,1909,131072,17,"pk_gemm(__half const*, __half const*, __half*, int, int, int)",128,17408,0,136,0,128,"SQ_WAVES",4096.000000,230461376618,230479229872
422,422,"Agent 1",1,1909,1909,131072,17,"pk_gemm(__half const*, __half const*, __half*, int, int, int)",128,17408,0,136,0,128,"SQ_INSTS_LDS",83886080.000000,230479266283,230497219204
422,422,"Agent 1",1,1909,1909,131072,17,"pk_gemm(__half const*, __half const*, __half*, int, int, int)",128,17408,0,136,0,128,"SQ_INSTS_VALU",1455243264.000000,230479266283,230497219204
422,422,"Agent 1",1,1909,1909,131072,17,"pk_gemm(__half const*, __half const*, __half*, int, int, int)",128,17408,0,136,0,128,"SQ_WAVES",4096.000000,230479266283,230497219204
423,423,"Agent 1",1,1909,1909,131072,17,"pk_gemm(__half const*, __half const*, __half*, int, int, int)",128,17408,0,136,0,128,"SQ_INSTS_LDS",83886080.000000,230497255831,230515424236
423,423,"Agent 1",1,1909,1909,131072,17,"pk_gemm(__half const*, __half const*, __half*, int, int, int)",128,17408,0,136,0,128,"SQ_INSTS_VALU",1455243264.000000,230497255831,230515424236
423,423,"Agent 1",1,1909,1909,131072,17,"pk_gemm(__half const*, __half const*, __half*, int, int, int)",128,17408,0,136,0,128,"SQ_WAVES",4096.000000,230497255831,230515424236
424,424,"Agent 1",1,1909,1909,131072,17,"pk_gemm(__half const*, __half const*, __half*, int, int, int)",128,17408,0,136,0,128,"SQ_INSTS_LDS",83886080.000000,230515509957,230533509605
424,424,"Agent 1",1,1909,1909,131072,17,"pk_gemm(__half const*, __half const*, __half*, int, int, int)",128,17408,0,136,0,128,"SQ_INSTS_VALU",1455243264.000000,230515509957,230533509605
424,424,"Agent 1",1,1909,1909,131072,17,"pk_gemm(__half const*, __half const*, __half*, int, int, int)",128,17408,0,136,0,128,"SQ_WAVES",4096.000000,230515509957,230533509605
425,425,"Agent 1",1,1909,1909,131072,17,"pk_gemm(__half const*, __half const*, __half*, int, int, int)",128,17408,0,136,0,128,"SQ_INSTS_LDS",83886080.000000,230533547035,230551319860
425,425,"Agent 1",1,1909,1909,131072,17,"pk_gemm(__half const*, __half const*, __half*, int, int, int)",128,17408,0,136,0,128,"SQ_INSTS_VALU",1455243264.000000,230533547035,230551319860
425,425,"Agent 1",1,1909,1909,131072,17,"pk_gemm(__half const*, __half const*, __half*, int, int, int)",128,17408,0,136,0,128,"SQ_WAVES",4096.000000,230533547035,230551319860
426,426,"Agent 1",1,1909,1909,131072,17,"pk_gemm(__half const*, __half const*, __half*, int, int, int)",128,17408,0,136,0,128,"SQ_INSTS_LDS",83886080.000000,230551350321,230569240444
426,426,"Agent 1",1,1909,1909,131072,17,"pk_gemm(__half const*, __half const*, __half*, int, int, int)",128,17408,0,136,0,128,"SQ_INSTS_VALU",1455243264.000000,230551350321,230569240444
426,426,"Agent 1",1,1909,1909,131072,17,"pk_gemm(__half const*, __half const*, __half*, int, int, int)",128,17408,0,136,0,128,"SQ_WAVES",4096.000000,230551350321,230569240444
427,427,"Agent 1",1,1909,1909,131072,17,"pk_gemm(__half const*, __half const*, __half*, int, int, int)",128,17408,0,136,0,128,"SQ_INSTS_LDS",83886080.000000,230569280959,230587279886
427,427,"Agent 1",1,1909,1909,131072,17,"pk_gemm(__half const*, __half const*, __half*, int, int, int)",128,17408,0,136,0,128,"SQ_INSTS_VALU",1455243264.000000,230569280959,230587279886
427,427,"Agent 1",1,1909,1909,131072,17,"pk_gemm(__half const*, __half const*, __half*, int, int, int)",128,17408,0,136,0,128,"SQ_WAVES",4096.000000,230569280959,230587279886
428,428,"Agent 1",1,1909,1909,131072,17,"pk_gemm(__half const*, __half const*, __half*, int, int, int)",128,17408,0,136,0,128,"SQ_INSTS_LDS",83886080.000000,230587315192,230605122039
428,428,"Agent 1",1,1909,1909,131072,17,"pk_gemm(__half const*, __half const*, __half*, int, int, int)",128,17408,0,136,0,128,"SQ_INSTS_VALU",1455243264.000000,230587315192,230605122039
428,428,"Agent 1",1,1909,1909,131072,17,"pk_gemm(__half const*, __half const*, __half*, int, int, int)",128,17408,0,136,0,128,"SQ_WAVES",4096.000000,230587315192,230605122039
429,429,"Agent 1",1,1909,1909,131072,17,"pk_gemm(__half const*, __half const*, __half*, int, int, int)",128,17408,0,136,0,128,"SQ_INSTS_LDS",83886080.000000,230605163637,230623405378
429,429,"Agent 1",1,1909,1909,131072,17,"pk_gemm(__half const*, __half const*, __half*, int, int, int)",128,17408,0,136,0,128,"SQ_INSTS_VALU",1455243264.000000,230605163637,230623405378
429,429,"Agent 1",1,1909,1909,131072,17,"pk_gemm(__half const*, __half const*, __half*, int, int, int)",128,17408,0,136,0,128,"SQ_WAVES",4096.000000,230605163637,230623405378
430,430,"Agent 1",1,1909,1909,131072,17,"pk_gemm(__half const*, __half const*, __half*, int, int, int)",128,17408,0,136,0,128,"SQ_INSTS_LDS",83886080.000000,230623441288,230641261279
430,430,"Agent 1",1,1909,1909,131072,17,"pk_gemm(__half const*, __half const*, __half*, int, int, int)",128,17408,0,136,0,128,"SQ_INSTS_VALU",1455243264.000000,230623441288,230641261279
430,430,"Agent 1",1,1909,1909,131072,17,"pk_gemm(__half const*, __half const*, __half*, int, int, int)",128,17408,0,136,0,128,"SQ_WAVES",4096.000000,230623441288,230641261279
431,431,"Agent 1",1,1909,1909,131072,17,"pk_gemm(__half const*, __half const*, __half*, int, int, int)",128,17408,0,136,0,128,"SQ_INSTS_LDS",83886080.000000,230641299189,230659209109
431,431,"Agent 1",1,1909,1909,131072,17,"pk_gemm(__half const*, __half const*, __half*, int, int, int)",128,17408,0,136,0,128,"SQ_INSTS_VALU",1455243264.000000,230641299189,230659209109
431,431,"Agent 1",1,1909,1909,131072,17,"pk_gemm(__half const*, __half const*, __half*, int, int, int)",128,17408,0,136,0,128,"SQ_WAVES",4096.000000,230641299189,230659209109
432,432,"Agent 1",1,1909,1909,131072,17,"pk_gemm(__half const*, __half const*, __half*, int, int, int)",128,17408,0,136,0,128,"SQ_INSTS_LDS",83886080.000000,230659243333,230677077671
432,432,"Agent 1",1,1909,1909,131072,17,"pk_gemm(__half const*, __half const*, __half*, int, int, int)",128,17408,0,136,0,128,"SQ_INSTS_VALU",1455243264.000000,230659243333,230677077671
432,432,"Agent 1",1,1909,1909,131072,17,"pk_gemm(__half const*, __half const*, __half*, int, int, int)",128,17408,0,136,0,128,"SQ_WAVES",4096.000000,230659243333,230677077671
433,433,"Agent 1",1,1909,1909,131072,17,"pk_gemm(__half const*, __half const*, __half*, int, int, int)",128,17408,0,136,0,128,"SQ_INSTS_LDS",83886080.000000,230677112817,230694545604
433,433,"Agent 1",1,1909,1909,131072,17,"pk_gemm(__half const*, __half const*, __half*, int, int, int)",128,17408,0,136,0,128,"SQ_INSTS_VALU",1455243264.000000,230677112817,230694545604
433,433,"Agent 1",1,1909,1909,131072,17,"pk_gemm(__half const*, __half const*, __half*, int, int, int)",128,17408,0,136,0,128,"SQ_WAVES",4096.000000,230677112817,230694545604
434,434,"Agent 1",1,1909,1909,131072,17,"pk_gemm(__half const*, __half const*, __half*, int, int, int)",128,17408,0,136,0,128,"SQ_INSTS_LDS",83886080.000000,230694581589,230712372687
434,434,"Agent 1",1,1909,1909,131072,17,"pk_gemm(__half const*, __half const*, __half*, int, int, int)",128,17408,0,136,0,128,"SQ_INSTS_VALU",1455243264.000000,230694581589,230712372687
434,434,"Agent 1",1,1909,1909,131072,17,"pk_gemm(__half const*, __half const*, __half*, int, int, int)",128,17408,0,136,0,128,"SQ_WAVES",4096.000000,230694581589,230712372687
435,435,"Agent 1",1,1909,1909,131072,17,"pk_gemm(__half const*, __half const*, __half*, int, int, int)",128,17408,0,136,0,128,"SQ_INSTS_LDS",83886080.000000,230712412881,230730198809
435,435,"Agent 1",1,1909,1909,131072,17,"pk_gemm(__half const*, __half const*, __half*, int, int, int)",128,17408,0,136,0,128,"SQ_INSTS_VALU",1455243264.000000,230712412881,230730198809
435,435,"Agent 1",1,1909,1909,131072,17,"pk_gemm(__half const*, __half const*, __half*, int, int, int)",128,17408,0,136,0,128,"SQ_WAVES",4096.000000,230712412881,230730198809
436,436,"Agent 1",1,1909,1909,131072,17,"pk_gemm(__half const*, __half const*, __half*, int, int, int)",128,17408,0,136,0,128,"SQ_INSTS_LDS",83886080.000000,230730233714,230748513246
436,436,"Agent 1",1,1909,1909,131072,17,"pk_gemm(__half const*, __half const*, __half*, int, int, int)",128,17408,0,136,0,128,"SQ_INSTS_VALU",1455243264.000000,230730233714,230748513246
436,436,"Agent 1",1,1909,1909,131072,17,"pk_gemm(__half const*, __half const*, __half*, int, int, int)",128,17408,0,136,0,128,"SQ_WAVES",4096.000000,230730233714,230748513246
437,437,"Agent 1",1,1909,1909,131072,17,"pk_gemm(__half const*, __half const*, __half*, int, int, int)",128,17408,0,136,0,128,"SQ_INSTS_LDS",83886080.000000,230748548552,230766520067
437,437,"Agent 1",1,1909,1909,131072,17,"pk_gemm(__half const*, __half const*, __half*, int, int, int)",128,17408,0,136,0,128,"SQ_INSTS_VALU",1455243264.000000,230748548552,230766520067
437,437,"Agent 1",1,1909,1909,131072,17,"pk_gemm(__half const*, __half const*, __half*, int, int, int)",128,17408,0,136,0,128,"SQ_WAVES",4096.000000,230748548552,230766520067
438,438,"Agent 1",1,1909,1909,131072,17,"pk_gemm(__half const*, __half const*, __half*, int, int, int)",128,17408,0,136,0,128,"SQ_INSTS_LDS",83886080.000000,230766553243,230784486286
438,438,"Agent 1",1,1909,1909,131072,17,"pk_gemm(__half const*, __half const*, __half*, int, int, int)",128,17408,0,136,0,128,"SQ_INSTS_VALU",1455243264.000000,230766553243,230784486286
438,438,"Agent 1",1,1909,1909,131072,17,"pk_gemm(__half const*, __half const*, __half*, int, int, int)",128,17408,0,136,0,128,"SQ_WAVES",4096.000000,230766553243,230784486286
439,439,"Agent 1",1,1909,1909,131072,17,"pk_gemm(__half const*, __half const*, __half*, int, int, int)",128,17408,0,136,0,128,"SQ_INSTS_LDS",83886080.000000,230784522834,230802321706
439,439,"Agent 1",1,1909,1909,131072,17,"pk_gemm(__half const*, __half const*, __half*, int, int, int)",128,17408,0,136,0,128,"SQ_INSTS_VALU",1455243264.000000,230784522834,230802321706
439,439,"Agent 1",1,1909,1909,131072,17,"pk_gemm(__half const*, __half const*, __half*, int, int, int)",128,17408,0,136,0,128,"SQ_WAVES",4096.000000,230784522834,230802321706
440,440,"Agent 1",1,1909,1909,131072,17,"pk_gemm(__half const*, __half const*, __half*, int, int, int)",128,17408,0,136,0,128,"SQ_INSTS_LDS",83886080.000000,230802355850,230820522731
440,440,"Agent 1",1,1909,1909,131072,17,"pk_gemm(__half const*, __half const*, __half*, int, int, int)",128,17408,0,136,0,128,"SQ_INSTS_VALU",1455243264.000000,230802355850,230820522731
440,440,"Agent 1",1,1909,1909,131072,17,"pk_gemm(__half const*, __half const*, __half*, int, int, int)",128,17408,0,136,0,128,"SQ_WAVES",4096.000000,230802355850,230820522731
441,441,"Agent 1",1,1909,1909,131072,17,"pk_gemm(__half const*, __half const*, __half*, int, int, int)",128,17408,0,136,0,128,"SQ_INSTS_LDS",83886080.000000,230820557075,230838517770
441,441,"Agent 1",1,1909,1909,131072,17,"pk_gemm(__half const*, __half const*, __half*, int, int, int)",128,17408,0,136,0,128,"SQ_INSTS_VALU",1455243264.000000,230820557075,230838517770
441,441,"Agent 1",1,1909,1909,131072,17,"pk_gemm(__half const*, __half const*, __half*, int, int, int)",128,17408,0,136,0,128,"SQ_WAVES",4096.000000,230820557075,230838517770
442,442,"Agent 1",1,1909,1909,131072,17,"pk_gemm(__half const*, __half const*, __half*, int, int, int)",128,17408,0,136,0,128,"SQ_INSTS_LDS",83886080.000000,230838552264,230856659032
442,442,"Agent 1",1,1909,1909,131072,17,"pk_gemm(__half const*, __half const*, __half*, int, int, int)",128,17408,0,136,0,128,"SQ_INSTS_VALU",1455243264.000000,230838552264,230856659032
442,442,"Agent 1",1,1909,1909,131072,17,"pk_gemm(__half const*, __half const*, __half*, int, int, int)",128,17408,0,136,0,128,"SQ_WAVES",4096.000000,230838552264,230856659032
443,443,"Agent 1",1,1909,1909,131072,17,"pk_gemm(__half const*, __half const*, __half*, int, int, int)",128,17408,0,136,0,128,"SQ_INSTS_LDS",83886080.000000,230856694217,230874535408
443,443,"Agent 1",1,1909,1909,131072,17,"pk_gemm(__half const*, __half const*, __half*, int, int, int)",128,17408,0,136,0,128,"SQ_INSTS_VALU",1455243264.000000,230856694217,230874535408
443,443,"Agent 1",1,1909,1909,131072,17,"pk_gemm(__half const*, __half const*, __half*, int, int, int)",128,17408,0,136,0,128,"SQ_WAVES",4096.000000,230856694217,230874535408
444,444,"Agent 1",1,1909,1909,131072,17,"pk_gemm(__half const*, __half const*, __half*, int, int, int)",128,17408,0,136,0,128,"SQ_INSTS_LDS",83886080.000000,230874568550,230892267235
444,444,"Agent 1",1,1909,1909,131072,17,"pk_gemm(__half const*, __half const*, __half*, int, int, int)",128,17408,0,136,0,128,"SQ_INSTS_VALU",1455243264.000000,230874568550,230892267235
444,444,"Agent 1",1,1909,1909,131072,17,"pk_gemm(__half const*, __half const*, __half*, int, int, int)",128,17408,0,136,0,128,"SQ_WAVES",4096.000000,230874568550,230892267235
445,445,"Agent 1",1,1909,1909,131072,17,"pk_gemm(__half const*, __half const*, __half*, int, int, int)",128,17408,0,136,0,128,"SQ_INSTS_LDS",83886080.000000,230892299856,230910223762
445,445,"Agent 1",1,1909,1909,131072,17,"pk_gemm(__half const*, __half const*, __half*, int, int, int)",128,17408,0,136,0,128,"SQ_INSTS_VALU",1455243264.000000,230892299856,230910223762
445,445,"Agent 1",1,1909,1909,131072,17,"pk_gemm(__half const*, __half const*, __half*, int, int, int)",128,17408,0,136,0,128,"SQ_WAVES",4096.000000,230892299856,230910223762
446,446,"Agent 1",1,1909,1909,131072,17,"pk_gemm(__half const*, __half const*, __half*, int, int, int)",128,17408,0,136,0,128,"SQ_INSTS_LDS",83886080.000000,230910255580,230928666197
446,446,"Agent 1",1,1909,1909,131072,17,"pk_gemm(__half const*, __half const*, __half*, int, int, int)",128,17408,0,136,0,128,"SQ_INSTS_VALU",1455243264.000000,230910255580,230928666197
446,446,"Agent 1",1,1909,1909,131072,17,"pk_gemm(__half const*, __half const*, __half*, int, int, int)",128,17408,0,136,0,128,"SQ_WAVES",4096.000000,230910255580,230928666197
447,447,"Agent 1",1,1909,1909,131072,17,"pk_gemm(__half const*, __half const*, __half*, int, int, int)",128,17408,0,136,0,128,"SQ_INSTS_LDS",83886080.000000,230928702183,230946637431
447,447,"Agent 1",1,1909,1909,131072,17,"pk_gemm(__half const*, __half const*, __half*, int, int, int)",128,17408,0,136,0,128,"SQ_INSTS_VALU",1455243264.000000,230928702183,230946637431
447,447,"Agent 1",1,1909,1909,131072,17,"pk_gemm(__half const*, __half const*, __half*, int, int, int)",128,17408,0,136,0,128,"SQ_WAVES",4096.000000,230928702183,230946637431
448,448,"Agent 1",1,1909,1909,131072,17,"pk_gemm(__half const*, __half const*, __half*, int, int, int)",128,17408,0,136,0,128,"SQ_INSTS_LDS",83886080.000000,230946668409,230964810684
448,448,"Agent 1",1,1909,1909,131072,17,"pk_gemm(__half const*, __half const*, __half*, int, int, int)",128,17408,0,136,0,128,"SQ_INSTS_VALU",1455243264.000000,230946668409,230964810684
448,448,"Agent 1",1,1909,1909,131072,17,"pk_gemm(__half const*, __half const*, __half*, int, int, int)",128,17408,0,136,0,128,"SQ_WAVES",4096.000000,230946668409,230964810684
449,449,"Agent 1",1,1909,1909,131072,17,"pk_gemm(__half const*, __half const*, __half*, int, int, int)",128,17408,0,136,0,128,"SQ_INSTS_LDS",83886080.000000,230964842343,230982707299
449,449,"Agent 1",1,1909,1909,131072,17,"pk_gemm(__half const*, __half const*, __half*, int, int, int)",128,17408,0,136,0,128,"SQ_INSTS_VALU",1455243264.000000,230964842343,230982707299
449,449,"Agent 1",1,1909,1909,131072,17,"pk_gemm(__half const*, __half const*, __half*, int, int, int)",128,17408,0,136,0,128,"SQ_WAVES",4096.000000,230964842343,230982707299
450,450,"Agent 1",1,1909,1909,131072,17,"pk_gemm(__half const*, __half const*, __half*, int, int, int)",128,17408,0,136,0,128,"SQ_INSTS_LDS",83886080.000000,230982740961,231000651762
450,450,"Agent 1",1,1909,1909,131072,17,"pk_gemm(__half const*, __half const*, __half*, int, int, int)",128,17408,0,136,0,128,"SQ_INSTS_VALU",1455243264.000000,230982740961,231000651762
450,450,"Agent 1",1,1909,1909,131072,17,"pk_gemm(__half const*, __half const*, __half*, int, int, int)",128,17408,0,136,0,128,"SQ_WAVES",4096.000000,230982740961,231000651762
451,451,"Agent 1",1,1909,1909,131072,17,"pk_gemm(__half const*, __half const*, __half*, int, int, int)",128,17408,0,136,0,128,"SQ_INSTS_LDS",83886080.000000,231000686547,231018664834
451,451,"Agent 1",1,1909,1909,131072,17,"pk_gemm(__half const*, __half const*, __half*, int, int, int)",128,17408,0,136,0,128,"SQ_INSTS_VALU",1455243264.000000,231000686547,231018664834
451,451,"Agent 1",1,1909,1909,131072,17,"pk_gemm(__half const*, __half const*, __half*, int, int, int)",128,17408,0,136,0,128,"SQ_WAVES",4096.000000,231000686547,231018664834
452,452,"Agent 1",1,1909,1909,131072,17,"pk_gemm(__half const*, __half const*, __half*, int, int, int)",128,17408,0,136,0,128,"SQ_INSTS_LDS",83886080.000000,231018696814,231036283810
452,452,"Agent 1",1,1909,1909,131072,17,"pk_gemm(__half const*, __half const*, __half*, int, int, int)",128,17408,0,136,0,128,"SQ_INSTS_VALU",1455243264.000000,231018696814,231036283810
452,452,"Agent 1",1,1909,1909,131072,17,"pk_gemm(__half const*, __half const*, __half*, int, int, int)",128,17408,0,136,0,128,"SQ_WAVES",4096.000000,231018696814,231036283810
453,453,"Agent 1",1,1909,1909,131072,17,"pk_gemm(__half const*, __half const*, __half*, int, int, int)",128,17408,0,136,0,128,"SQ_INSTS_LDS",83886080.000000,231036314708,231054141031
453,453,"Agent 1",1,1909,1909,131072,17,"pk_gemm(__half const*, __half const*, __half*, int, int, int)",128,17408,0,136,0,128,"SQ_INSTS_VALU",1455243264.000000,231036314708,231054141031
453,453,"Agent 1",1,1909,1909,131072,17,"pk_gemm(__half const*, __half const*, __half*, int, int, int)",128,17408,0,136,0,128,"SQ_WAVES",4096.000000,231036314708,231054141031
454,454,"Agent 1",1,1909,1909,131072,17,"pk_gemm(__half const*, __half const*, __half*, int, int, int)",128,17408,0,136,0,128,"SQ_INSTS_LDS",83886080.000000,231054197145,231071684755
454,454,"Agent 1",1,1909,1909,131072,17,"pk_gemm(__half const*, __half const*, __half*, int, int, int)",128,17408,0,136,0,128,"SQ_INSTS_VALU",1455243264.000000,231054197145,231071684755
454,454,"Agent 1",1,1909,1909,131072,17,"pk_gemm(__half const*, __half const*, __half*, int, int, int)",128,17408,0,136,0,128,"SQ_WAVES",4096.000000,231054197145,231071684755
455,455,"Agent 1",1,1909,1909,131072,17,"pk_gemm(__half const*, __half const*, __half*, int, int, int)",128,17408,0,136,0,128,"SQ_INSTS_LDS",83886080.000000,231071722785,231089684642
455,455,"Agent 1",1,1909,1909,131072,17,"pk_gemm(__half const*, __half const*, __half*, int, int, int)",128,17408,0,136,0,128,"SQ_INSTS_VALU",1455243264.000000,231071722785,231089684642
455,455,"Agent 1",1,1909,1909,131072,17,"pk_gemm(__half const*, __half const*, __half*, int, int, int)",128,17408,0,136,0,128,"SQ_WAVES",4096.000000,231071722785,231089684642
456,456,"Agent 1",1,1909,1909,131072,17,"pk_gemm(__half const*, __half const*, __half*, int, int, int)",128,17408,0,136,0,128,"SQ_INSTS_LDS",83886080.000000,231089719988,231107474537
456,456,"Agent 1",1,1909,1909,131072,17,"pk_gemm(__half const*, __half const*, __half*, int, int, int)",128,17408,0,136,0,128,"SQ_INSTS_VALU",1455243264.000000,231089719988,231107474537
456,456,"Agent 1",1,1909,1909,131072,17,"pk_gemm(__half const*, __half const*, __half*, int, int, int)",128,17408,0,136,0,128,"SQ_WAVES",4096.000000,231089719988,231107474537
457,457,"Agent 1",1,1909,1909,131072,17,"pk_gemm(__half const*, __half const*, __half*, int, int, int)",128,17408,0,136,0,128,"SQ_INSTS_LDS",83886080.000000,231107510324,231125330315
457,457,"Agent 1",1,1909,1909,131072,17,"pk_gemm(__half const*, __half const*, __half*, int, int, int)",128,17408,0,136,0,128,"SQ_INSTS_VALU",1455243264.000000,231107510324,231125330315
457,457,"Agent 1",1,1909,1909,131072,17,"pk_gemm(__half const*, __half const*, __half*, int, int, int)",128,17408,0,136,0,128,"SQ_WAVES",4096.000000,231107510324,231125330315
458,458,"Agent 1",1,1909,1909,131072,17,"pk_gemm(__half const*, __half const*, __half*, int, int, int)",128,17408,0,136,0,128,"SQ_INSTS_LDS",83886080.000000,231125367105,231143126223
458,458,"Agent 1",1,1909,1909,131072,17,"pk_gemm(__half const*, __half const*, __half*, int, int, int)",128,17408,0,136,0,128,"SQ_INSTS_VALU",1455243264.000000,231125367105,231143126223
458,458,"Agent 1",1,1909,1909,131072,17,"pk_gemm(__half const*, __half const*, __half*, int, int, int)",128,17408,0,136,0,128,"SQ_WAVES",4096.000000,231125367105,231143126223
459,459,"Agent 1",1,1909,1909,131072,17,"pk_gemm(__half const*, __half const*, __half*, int, int, int)",128,17408,0,136,0,128,"SQ_INSTS_LDS",83886080.000000,231143166698,231160793488
459,459,"Agent 1",1,1909,1909,131072,17,"pk_gemm(__half const*, __half const*, __half*, int, int, int)",128,17408,0,136,0,128,"SQ_INSTS_VALU",1455243264.000000,231143166698,231160793488
459,459,"Agent 1",1,1909,1909,131072,17,"pk_gemm(__half const*, __half const*, __half*, int, int, int)",128,17408,0,136,0,128,"SQ_WAVES",4096.000000,231143166698,231160793488
460,460,"Agent 1",1,1909,1909,131072,17,"pk_gemm(__half const*, __half const*, __half*, int, int, int)",128,17408,0,136,0,128,"SQ_INSTS_LDS",83886080.000000,231160830758,231178800910
460,460,"Agent 1",1,1909,1909,131072,17,"pk_gemm(__half const*, __half const*, __half*, int, int, int)",128,17408,0,136,0,128,"SQ_INSTS_VALU",1455243264.000000,231160830758,231178800910
460,460,"Agent 1",1,1909,1909,131072,17,"pk_gemm(__half const*, __half const*, __half*, int, int, int)",128,17408,0,136,0,128,"SQ_WAVES",4096.000000,231160830758,231178800910
461,461,"Agent 1",1,1909,1909,131072,17,"pk_gemm(__half const*, __half const*, __half*, int, int, int)",128,17408,0,136,0,128,"SQ_INSTS_LDS",83886080.000000,231178838861,231196633325
461,461,"Agent 1",1,1909,1909,131072,17,"pk_gemm(__half const*, __half const*, __half*, int, int, int)",128,17408,0,136,0,128,"SQ_INSTS_VALU",1455243264.000000,231178838861,231196633325
461,461,"Agent 1",1,1909,1909,131072,17,"pk_gemm(__half const*, __half const*, __half*, int, int, int)",128,17408,0,136,0,128,"SQ_WAVES",4096.000000,231178838861,231196633325
462,462,"Agent 1",1,1909,1909,131072,17,"pk_gemm(__half const*, __half const*, __half*, int, int, int)",128,17408,0,136,0,128,"SQ_INSTS_LDS",83886080.000000,231196669676,231214581320
462,462,"Agent 1",1,1909,1909,131072,17,"pk_gemm(__half const*, __half const*, __half*, int, int, int)",128,17408,0,136,0,128,"SQ_INSTS_VALU",1455243264.000000,231196669676,231214581320
462,462,"Agent 1",1,1909,1909,131072,17,"pk_gemm(__half const*, __half const*, __half*, int, int, int)",128,17408,0,136,0,128,"SQ_WAVES",4096.000000,231196669676,231214581320
463,463,"Agent 1",1,1909,1909,131072,17,"pk_gemm(__half const*, __half const*, __half*, int, int, int)",128,17408,0,136,0,128,"SQ_INSTS_LDS",83886080.000000,231214617707,231232815365
463,463,"Agent 1",1,1909,1909,131072,17,"pk_gemm(__half const*, __half const*, __half*, int, int, int)",128,17408,0,136,0,128,"SQ_INSTS_VALU",1455243264.000000,231214617707,231232815365
463,463,"Agent 1",1,1909,1909,131072,17,"pk_gemm(__half const*, __half const*, __half*, int, int, int)",128,17408,0,136,0,128,"SQ_WAVES",4096.000000,231214617707,231232815365
464,464,"Agent 1",1,1909,1909,131072,17,"pk_gemm(__half const*, __half const*, __half*, int, int, int)",128,17408,0,136,0,128,"SQ_INSTS_LDS",83886080.000000,231232850872,231250793734
464,464,"Agent 1",1,1909,1909,131072,17,"pk_gemm(__half const*, __half const*, __half*, int, int, int)",128,17408,0,136,0,128,"SQ_INSTS_VALU",1455243264.000000,231232850872,231250793734
464,464,"Agent 1",1,1909,1909,131072,17,"pk_gemm(__half const*, __half const*, __half*, int, int, int)",128,17408,0,136,0,128,"SQ_WAVES",4096.000000,231232850872,231250793734
465,465,"Agent 1",1,1909,1909,131072,17,"pk_gemm(__half const*, __half const*, __half*, int, int, int)",128,17408,0,136,0,128,"SQ_INSTS_LDS",83886080.000000,231250829080,231268787010
465,465,"Agent 1",1,1909,1909,131072,17,"pk_gemm(__half const*, __half const*, __half*, int, int, int)",128,17408,0,136,0,128,"SQ_INSTS_VALU",1455243264.000000,231250829080,231268787010
465,465,"Agent 1",1,1909,1909,131072,17,"pk_gemm(__half const*, __half const*, __half*, int, int, int)",128,17408,0,136,0,128,"SQ_WAVES",4096.000000,231250829080,231268787010
466,466,"Agent 1",1,1909,1909,131072,17,"pk_gemm(__half const*, __half const*, __half*, int, int, int)",128,17408,0,136,0,128,"SQ_INSTS_LDS",83886080.000000,231268820702,231286887595
466,466,"Agent 1",1,1909,1909,131072,17,"pk_gemm(__half const*, __half const*, __half*, int, int, int)",128,17408,0,136,0,128,"SQ_INSTS_VALU",1455243264.000000,231268820702,231286887595
466,466,"Agent 1",1,1909,1909,131072,17,"pk_gemm(__half const*, __half const*, __half*, int, int, int)",128,17408,0,136,0,128,"SQ_WAVES",4096.000000,231268820702,231286887595
467,467,"Agent 1",1,1909,1909,131072,17,"pk_gemm(__half const*, __half const*, __half*, int, int, int)",128,17408,0,136,0,128,"SQ_INSTS_LDS",83886080.000000,231286925064,231304787615
467,467,"Agent 1",1,1909,1909,131072,17,"pk_gemm(__half const*, __half const*, __half*, int, int, int)",128,17408,0,136,0,128,"SQ_INSTS_VALU",1455243264.000000,231286925064,231304787615
467,467,"Agent 1",1,1909,1909,131072,17,"pk_gemm(__half const*, __half const*, __half*, int, int, int)",128,17408,0,136,0,128,"SQ_WAVES",4096.000000,231286925064,231304787615
468,468,"Agent 1",1,1909,1909,131072,17,"pk_gemm(__half const*, __half const*, __half*, int, int, int)",128,17408,0,136,0,128,"SQ_INSTS_LDS",83886080.000000,231304821278,231322811508
468,468,"Agent 1",1,1909,1909,131072,17,"pk_gemm(__half const*, __half const*, __half*, int, int, int)",128,17408,0,136,0,128,"SQ_INSTS_VALU",1455243264.000000,231304821278,231322811508
468,468,"Agent 1",1,1909,1909,131072,17,"pk_gemm(__half const*, __half const*, __half*, int, int, int)",128,17408,0,136,0,128,"SQ_WAVES",4096.000000,231304821278,231322811508
469,469,"Agent 1",1,1909,1909,131072,17,"pk_gemm(__half const*, __half const*, __half*, int, int, int)",128,17408,0,136,0,128,"SQ_INSTS_LDS",83886080.000000,231322845051,231340860408
469,469,"Agent 1",1,1909,1909,131072,17,"pk_gemm(__half const*, __half const*, __half*, int, int, int)",128,17408,0,136,0,128,"SQ_INSTS_VALU",1455243264.000000,231322845051,231340860408
469,469,"Agent 1",1,1909,1909,131072,17,"pk_gemm(__half const*, __half const*, __half*, int, int, int)",128,17408,0,136,0,128,"SQ_WAVES",4096.000000,231322845051,231340860408
470,470,"Agent 1",1,1909,1909,131072,17,"pk_gemm(__half const*, __half const*, __half*, int, int, int)",128,17408,0,136,0,128,"SQ_INSTS_LDS",83886080.000000,231340894903,231358787591
470,470,"Agent 1",1,1909,1909,131072,17,"pk_gemm(__half const*, __half const*, __half*, int, int, int)",128,17408,0,136,0,128,"SQ_INSTS_VALU",1455243264.000000,231340894903,231358787591
470,470,"Agent 1",1,1909,1909,131072,17,"pk_gemm(__half const*, __half const*, __half*, int, int, int)",128,17408,0,136,0,128,"SQ_WAVES",4096.000000,231340894903,231358787591
471,471,"Agent 1",1,1909,1909,131072,17,"pk_gemm(__half const*, __half const*, __half*, int, int, int)",128,17408,0,136,0,128,"SQ_INSTS_LDS",83886080.000000,231358824178,231376558329
471,471,"Agent 1",1,1909,1909,131072,17,"pk_gemm(__half const*, __half const*, __half*, int, int, int)",128,17408,0,136,0,128,"SQ_INSTS_VALU",1455243264.000000,231358824178,231376558329
471,471,"Agent 1",1,1909,1909,131072,17,"pk_gemm(__half const*, __half const*, __half*, int, int, int)",128,17408,0,136,0,128,"SQ_WAVES",4096.000000,231358824178,231376558329
472,472,"Agent 1",1,1909,1909,131072,17,"pk_gemm(__half const*, __half const*, __half*, int, int, int)",128,17408,0,136,0,128,"SQ_INSTS_LDS",83886080.000000,231376591672,231394561704
472,472,"Agent 1",1,1909,1909,131072,17,"pk_gemm(__half const*, __half const*, __half*, int, int, int)",128,17408,0,136,0,128,"SQ_INSTS_VALU",1455243264.000000,231376591672,231394561704
472,472,"Agent 1",1,1909,1909,131072,17,"pk_gemm(__half const*, __half const*, __half*, int, int, int)",128,17408,0,136,0,128,"SQ_WAVES",4096.000000,231376591672,231394561704
473,473,"Agent 1",1,1909,1909,131072,17,"pk_gemm(__half const*, __half const*, __half*, int, int, int)",128,17408,0,136,0,128,"SQ_INSTS_LDS",83886080.000000,231394596810,231412543198
473,473,"Agent 1",1,1909,1909,131072,17,"pk_gemm(__half const*, __half const*, __half*, int, int, int)",128,17408,0,136,0,128,"SQ_INSTS_VALU",1455243264.000000,231394596810,231412543198
473,473,"Agent 1",1,1909,1909,131072,17,"pk_gemm(__half const*, __half const*, __half*, int, int, int)",128,17408,0,136,0,128,"SQ_WAVES",4096.000000,231394596810,231412543198
474,474,"Agent 1",1,1909,1909,131072,17,"pk_gemm(__half const*, __half const*, __half*, int, int, int)",128,17408,0,136,0,128,"SQ_INSTS_LDS",83886080.000000,231412576840,231430352989
474,474,"Agent 1",1,1909,1909,131072,17,"pk_gemm(__half const*, __half const*, __half*, int, int, int)",128,17408,0,136,0,128,"SQ_INSTS_VALU",1455243264.000000,231412576840,231430352989
474,474,"Agent 1",1,1909,1909,131072,17,"pk_gemm(__half const*, __half const*, __half*, int, int, int)",128,17408,0,136,0,128,"SQ_WAVES",4096.000000,231412576840,231430352989
475,475,"Agent 1",1,1909,1909,131072,17,"pk_gemm(__half const*, __half const*, __half*, int, int, int)",128,17408,0,136,0,128,"SQ_INSTS_LDS",83886080.000000,231430389938,231448271164
475,475,"Agent 1",1,1909,1909,131072,17,"pk_gemm(__half const*, __half const*, __half*, int, int, int)",128,17408,0,136,0,128,"SQ_INSTS_VALU",1455243264.000000,231430389938,231448271164
475,475,"Agent 1",1,1909,1909,131072,17,"pk_gemm(__half const*, __half const*, __half*, int, int, int)",128,17408,0,136,0,128,"SQ_WAVES",4096.000000,231430389938,231448271164
476,476,"Agent 1",1,1909,1909,131072,17,"pk_gemm(__half const*, __half const*, __half*, int, int, int)",128,17408,0,136,0,128,"SQ_INSTS_LDS",83886080.000000,231448305548,231465971691
476,476,"Agent 1",1,1909,1909,131072,17,"pk_gemm(__half const*, __half const*, __half*, int, int, int)",128,17408,0,136,0,128,"SQ_INSTS_VALU",1455243264.000000,231448305548,231465971691
476,476,"Agent 1",1,1909,1909,131072,17,"pk_gemm(__half const*, __half const*, __half*, int, int, int)",128,17408,0,136,0,128,"SQ_WAVES",4096.000000,231448305548,231465971691
477,477,"Agent 1",1,1909,1909,131072,17,"pk_gemm(__half const*, __half const*, __half*, int, int, int)",128,17408,0,136,0,128,"SQ_INSTS_LDS",83886080.000000,231466005314,231484065996
477,477,"Agent 1",1,1909,1909,131072,17,"pk_gemm(__half const*, __half const*, __half*, int, int, int)",128,17408,0,136,0,128,"SQ_INSTS_VALU",1455243264.000000,231466005314,231484065996
477,477,"Agent 1",1,1909,1909,131072,17,"pk_gemm(__half const*, __half const*, __half*, int, int, int)",128,17408,0,136,0,128,"SQ_WAVES",4096.000000,231466005314,231484065996
478,478,"Agent 1",1,1909,1909,131072,17,"pk_gemm(__half const*, __half const*, __half*, int, int, int)",128,17408,0,136,0,128,"SQ_INSTS_LDS",83886080.000000,231484098208,231502070725
478,478,"Agent 1",1,1909,1909,131072,17,"pk_gemm(__half const*, __half const*, __half*, int, int, int)",128,17408,0,136,0,128,"SQ_INSTS_VALU",1455243264.000000,231484098208,231502070725
478,478,"Agent 1",1,1909,1909,131072,17,"pk_gemm(__half const*, __half const*, __half*, int, int, int)",128,17408,0,136,0,128,"SQ_WAVES",4096.000000,231484098208,231502070725
479,479,"Agent 1",1,1909,1909,131072,17,"pk_gemm(__half const*, __half const*, __half*, int, int, int)",128,17408,0,136,0,128,"SQ_INSTS_LDS",83886080.000000,231502103906,231519446444
479,479,"Agent 1",1,1909,1909,131072,17,"pk_gemm(__half const*, __half const*, __half*, int, int, int)",128,17408,0,136,0,128,"SQ_INSTS_VALU",1455243264.000000,231502103906,231519446444
479,479,"Agent 1",1,1909,1909,131072,17,"pk_gemm(__half const*, __half const*, __half*, int, int, int)",128,17408,0,136,0,128,"SQ_WAVES",4096.000000,231502103906,231519446444
480,480,"Agent 1",1,1909,1909,131072,17,"pk_gemm(__half const*, __half const*, __half*, int, int, int)",128,17408,0,136,0,128,"SQ_INSTS_LDS",83886080.000000,231519480388,231537446132
480,480,"Agent 1",1,1909,1909,131072,17,"pk_gemm(__half const*, __half const*, __half*, int, int, int)",128,17408,0,136,0,128,"SQ_INSTS_VALU",1455243264.000000,231519480388,231537446132
480,480,"Agent 1",1,1909,1909,131072,17,"pk_gemm(__half const*, __half const*, __half*, int, int, int)",128,17408,0,136,0,128,"SQ_WAVES",4096.000000,231519480388,231537446132
481,481,"Agent 1",1,1909,1909,131072,17,"pk_gemm(__half const*, __half const*, __half*, int, int, int)",128,17408,0,136,0,128,"SQ_INSTS_LDS",83886080.000000,231537478633,231555274219
481,481,"Agent 1",1,1909,1909,131072,17,"pk_gemm(__half const*, __half const*, __half*, int, int, int)",128,17408,0,136,0,128,"SQ_INSTS_VALU",1455243264.000000,231537478633,231555274219
481,481,"Agent 1",1,1909,1909,131072,17,"pk_gemm(__half const*, __half const*, __half*, int, int, int)",128,17408,0,136,0,128,"SQ_WAVES",4096.000000,231537478633,231555274219
482,482,"Agent 1",1,1909,1909,131072,17,"pk_gemm(__half const*, __half const*, __half*, int, int, int)",128,17408,0,136,0,128,"SQ_INSTS_LDS",83886080.000000,231555306100,231573287433
482,482,"Agent 1",1,1909,1909,131072,17,"pk_gemm(__half const*, __half const*, __half*, int, int, int)",128,17408,0,136,0,128,"SQ_INSTS_VALU",1455243264.000000,231555306100,231573287433
482,482,"Agent 1",1,1909,1909,131072,17,"pk_gemm(__half const*, __half const*, __half*, int, int, int)",128,17408,0,136,0,128,"SQ_WAVES",4096.000000,231555306100,231573287433
483,483,"Agent 1",1,1909,1909,131072,17,"pk_gemm(__half const*, __half const*, __half*, int, int, int)",128,17408,0,136,0,128,"SQ_INSTS_LDS",83886080.000000,231573321696,231591024748
483,483,"Agent 1",1,1909,1909,131072,17,"pk_gemm(__half const*, __half const*, __half*, int, int, int)",128,17408,0,136,0,128,"SQ_INSTS_VALU",1455243264.000000,231573321696,231591024748
483,483,"Agent 1",1,1909,1909,131072,17,"pk_gemm(__half const*, __half const*, __half*, int, int, int)",128,17408,0,136,0,128,"SQ_WAVES",4096.000000,231573321696,231591024748
484,484,"Agent 1",1,1909,1909,131072,17,"pk_gemm(__half const*, __half const*, __half*, int, int, int)",128,17408,0,136,0,128,"SQ_INSTS_LDS",83886080.000000,231591079451,231609259636
484,484,"Agent 1",1,1909,1909,131072,17,"pk_gemm(__half const*, __half const*, __half*, int, int, int)",128,17408,0,136,0,128,"SQ_INSTS_VALU",1455243264.000000,231591079451,231609259636
484,484,"Agent 1",1,1909,1909,131072,17,"pk_gemm(__half const*, __half const*, __half*, int, int, int)",128,17408,0,136,0,128,"SQ_WAVES",4096.000000,231591079451,231609259636
485,485,"Agent 1",1,1909,1909,131072,17,"pk_gemm(__half const*, __half const*, __half*, int, int, int)",128,17408,0,136,0,128,"SQ_INSTS_LDS",83886080.000000,231609295143,231627321881
485,485,"Agent 1",1,1909,1909,131072,17,"pk_gemm(__half const*, __half const*, __half*, int, int, int)",128,17408,0,136,0,128,"SQ_INSTS_VALU",1455243264.000000,231609295143,231627321881
485,485,"Agent 1",1,1909,1909,131072,17,"pk_gemm(__half const*, __half const*, __half*, int, int, int)",128,17408,0,136,0,128,"SQ_WAVES",4096.000000,231609295143,231627321881
486,486,"Agent 1",1,1909,1909,131072,17,"pk_gemm(__half const*, __half const*, __half*, int, int, int)",128,17408,0,136,0,128,"SQ_INSTS_LDS",83886080.000000,231627359653,231645401540
486,486,"Agent 1",1,1909,1909,131072,17,"pk_gemm(__half const*, __half const*, __half*, int, int, int)",128,17408,0,136,0,128,"SQ_INSTS_VALU",1455243264.000000,231627359653,231645401540
486,486,"Agent 1",1,1909,1909,131072,17,"pk_gemm(__half const*, __half const*, __half*, int, int, int)",128,17408,0,136,0,128,"SQ_WAVES",4096.000000,231627359653,231645401540
487,487,"Agent 1",1,1909,1909,131072,17,"pk_gemm(__half const*, __half const*, __half*, int, int, int)",128,17408,0,136,0,128,"SQ_INSTS_LDS",83886080.000000,231645441694,231663196083
487,487,"Agent 1",1,1909,1909,131072,17,"pk_gemm(__half const*, __half const*, __half*, int, int, int)",128,17408,0,136,0,128,"SQ_INSTS_VALU",1455243264.000000,231645441694,231663196083
487,487,"Agent 1",1,1909,1909,131072,17,"pk_gemm(__half const*, __half const*, __half*, int, int, int)",128,17408,0,136,0,128,"SQ_WAVES",4096.000000,231645441694,231663196083
488,488,"Agent 1",1,1909,1909,131072,17,"pk_gemm(__half const*, __half const*, __half*, int, int, int)",128,17408,0,136,0,128,"SQ_INSTS_LDS",83886080.000000,231663233232,231680662733
488,488,"Agent 1",1,1909,1909,131072,17,"pk_gemm(__half const*, __half const*, __half*, int, int, int)",128,17408,0,136,0,128,"SQ_INSTS_VALU",1455243264.000000,231663233232,231680662733
488,488,"Agent 1",1,1909,1909,131072,17,"pk_gemm(__half const*, __half const*, __half*, int, int, int)",128,17408,0,136,0,128,"SQ_WAVES",4096.000000,231663233232,231680662733
489,489,"Agent 1",1,1909,1909,131072,17,"pk_gemm(__half const*, __half const*, __half*, int, int, int)",128,17408,0,136,0,128,"SQ_INSTS_LDS",83886080.000000,231680698760,231698410469
489,489,"Agent 1",1,1909,1909,131072,17,"pk_gemm(__half const*, __half const*, __half*, int, int, int)",128,17408,0,136,0,128,"SQ_INSTS_VALU",1455243264.000000,231680698760,231698410469
489,489,"Agent 1",1,1909,1909,131072,17,"pk_gemm(__half const*, __half const*, __half*, int, int, int)",128,17408,0,136,0,128,"SQ_WAVES",4096.000000,231680698760,231698410469
490,490,"Agent 1",1,1909,1909,131072,17,"pk_gemm(__half const*, __half const*, __half*, int, int, int)",128,17408,0,136,0,128,"SQ_INSTS_LDS",83886080.000000,231698446716,231716541983
490,490,"Agent 1",1,1909,1909,131072,17,"pk_gemm(__half const*, __half const*, __half*, int, int, int)",128,17408,0,136,0,128,"SQ_INSTS_VALU",1455243264.000000,231698446716,231716541983
490,490,"Agent 1",1,1909,1909,131072,17,"pk_gemm(__half const*, __half const*, __half*, int, int, int)",128,17408,0,136,0,128,"SQ_WAVES",4096.000000,231698446716,231716541983
491,491,"Agent 1",1,1909,1909,131072,17,"pk_gemm(__half const*, __half const*, __half*, int, int, int)",128,17408,0,136,0,128,"SQ_INSTS_LDS",83886080.000000,231716580133,231734728780
491,491,"Agent 1",1,1909,1909,131072,17,"pk_gemm(__half const*, __half const*, __half*, int, int, int)",128,17408,0,136,0,128,"SQ_INSTS_VALU",1455243264.000000,231716580133,231734728780
491,491,"Agent 1",1,1909,1909,131072,17,"pk_gemm(__half const*, __half const*, __half*, int, int, int)",128,17408,0,136,0,128,"SQ_WAVES",4096.000000,231716580133,231734728780
492,492,"Agent 1",1,1909,1909,131072,17,"pk_gemm(__half const*, __half const*, __half*, int, int, int)",128,17408,0,136,0,128,"SQ_INSTS_LDS",83886080.000000,231734763845,231752603073
492,492,"Agent 1",1,1909,1909,131072,17,"pk_gemm(__half const*, __half const*, __half*, int, int, int)",128,17408,0,136,0,128,"SQ_INSTS_VALU",1455243264.000000,231734763845,231752603073
492,492,"Agent 1",1,1909,1909,131072,17,"pk_gemm(__half const*, __half const*, __half*, int, int, int)",128,17408,0,136,0,128,"SQ_WAVES",4096.000000,231734763845,231752603073
493,493,"Agent 1",1,1909,1909,131072,17,"pk_gemm(__half const*, __half const*, __half*, int, int, int)",128,17408,0,136,0,128,"SQ_INSTS_LDS",83886080.000000,231752638259,231770701946
493,493,"Agent 1",1,1909,1909,131072,17,"pk_gemm(__half const*, __half const*, __half*, int, int, int)",128,17408,0,136,0,128,"SQ_INSTS_VALU",1455243264.000000,231752638259,231770701946
493,493,"Agent 1",1,1909,1909,131072,17,"pk_gemm(__half const*, __half const*, __half*, int, int, int)",128,17408,0,136,0,128,"SQ_WAVES",4096.000000,231752638259,231770701946
494,494,"Agent 1",1,1909,1909,131072,17,"pk_gemm(__half const*, __half const*, __half*, int, int, int)",128,17408,0,136,0,128,"SQ_INSTS_LDS",83886080.000000,231770739269,231788483639
494,494,"Agent 1",1,1909,1909,131072,17,"pk_gemm(__half const*, __half const*, __half*, int, int, int)",128,17408,0,136,0,128,"SQ_INSTS_VALU",1455243264.000000,231770739269,231788483639
494,494,"Agent 1",1,1909,1909,131072,17,"pk_gemm(__half const*, __half const*, __half*, int, int, int)",128,17408,0,136,0,128,"SQ_WAVES",4096.000000,231770739269,231788483639
495,495,"Agent 1",1,1909,1909,131072,17,"pk_gemm(__half const*, __half const*, __half*, int, int, int)",128,17408,0,136,0,128,"SQ_INSTS_LDS",83886080.000000,231788519706,231806373440
495,495,"Agent 1",1,1909,1909,131072,17,"pk_gemm(__half const*, __half const*, __half*, int, int, int)",128,17408,0,136,0,128,"SQ_INSTS_VALU",1455243264.000000,231788519706,231806373440
495,495,"Agent 1",1,1909,1909,131072,17,"pk_gemm(__half const*, __half const*, __half*, int, int, int)",128,17408,0,136,0,128,"SQ_WAVES",4096.000000,231788519706,231806373440
496,496,"Agent 1",1,1909,1909,131072,17,"pk_gemm(__half const*, __half const*, __half*, int, int, int)",128,17408,0,136,0,128,"SQ_INSTS_LDS",83886080.000000,231806409588,231824023113
496,496,"Agent 1",1,1909,1909,131072,17,"pk_gemm(__half const*, __half const*, __half*, int, int, int)",128,17408,0,136,0,128,"SQ_INSTS_VALU",1455243264.000000,231806409588,231824023113
496,496,"Agent 1",1,1909,1909,131072,17,"pk_gemm(__half const*, __half const*, __half*, int, int, int)",128,17408,0,136,0,128,"SQ_WAVES",4096.000000,231806409588,231824023113
497,497,"Agent 1",1,1909,1909,131072,17,"pk_gemm(__half const*, __half const*, __half*, int, int, int)",128,17408,0,136,0,128,"SQ_INSTS_LDS",83886080.000000,231824057938,231842119822
497,497,"Agent 1",1,1909,1909,131072,17,"pk_gemm(__half const*, __half const*, __half*, int, int, int)",128,17408,0,136,0,128,"SQ_INSTS_VALU",1455243264.000000,231824057938,231842119822
497,497,"Agent 1",1,1909,1909,131072,17,"pk_gemm(__half const*, __half const*, __half*, int, int, int)",128,17408,0,136,0,128,"SQ_WAVES",4096.000000,231824057938,231842119822
498,498,"Agent 1",1,1909,1909,131072,17,"pk_gemm(__half const*, __half const*, __half*, int, int, int)",128,17408,0,136,0,128,"SQ_INSTS_LDS",83886080.000000,231842152353,231860205621
498,498,"Agent 1",1,1909,1909,131072,17,"pk_gemm(__half const*, __half const*, __half*, int, int, int)",128,17408,0,136,0,128,"SQ_INSTS_VALU",1455243264.000000,231842152353,231860205621
498,498,"Agent 1",1,1909,1909,131072,17,"pk_gemm(__half const*, __half const*, __half*, int, int, int)",128,17408,0,136,0,128,"SQ_WAVES",4096.000000,231842152353,231860205621
499,499,"Agent 1",1,1909,1909,131072,17,"pk_gemm(__half const*, __half const*, __half*, int, int, int)",128,17408,0,136,0,128,"SQ_INSTS_LDS",83886080.000000,231860242128,231878391295
499,499,"Agent 1",1,1909,1909,131072,17,"pk_gemm(__half const*, __half const*, __half*, int, int, int)",128,17408,0,136,0,128,"SQ_INSTS_VALU",1455243264.000000,231860242128,231878391295
499,499,"Agent 1",1,1909,1909,131072,17,"pk_gemm(__half const*, __half const*, __half*, int, int, int)",128,17408,0,136,0,128,"SQ_WAVES",4096.000000,231860242128,231878391295
500,500,"Agent 1",1,1909,1909,131072,17,"pk_gemm(__half const*, __half const*, __half*, int, int, int)",128,17408,0,136,0,128,"SQ_INSTS_LDS",83886080.000000,231878426441,231896491972
500,500,"Agent 1",1,1909,1909,131072,17,"pk_gemm(__half const*, __half const*, __half*, int, int, int)",128,17408,0,136,0,128,"SQ_INSTS_VALU",1455243264.000000,231878426441,231896491972
500,500,"Agent 1",1,1909,1909,131072,17,"pk_gemm(__half const*, __half const*, __half*, int, int, int)",128,17408,0,136,0,128,"SQ_WAVES",4096.000000,231878426441,231896491972
501,501,"Agent 1",1,1909,1909,131072,17,"pk_gemm(__half const*, __half const*, __half*, int, int, int)",128,17408,0,136,0,128,"SQ_INSTS_LDS",83886080.000000,231896525355,231914677047
501,501,"Agent 1",1,1909,1909,131072,17,"pk_gemm(__half const*, __half const*, __half*, int, int, int)",128,17408,0,136,0,128,"SQ_INSTS_VALU",1455243264.000000,231896525355,231914677047
501,501,"Agent 1",1,1909,1909,131072,17,"pk_gemm(__half const*, __half const*, __half*, int, int, int)",128,17408,0,136,0,128,"SQ_WAVES",4096.000000,231896525355,231914677047
502,502,"Agent 1",1,1909,1909,131072,17,"pk_gemm(__half const*, __half const*, __half*, int, int, int)",128,17408,0,136,0,128,"SQ_INSTS_LDS",83886080.000000,231914709569,231932562302
502,502,"Agent 1",1,1909,1909,131072,17,"pk_gemm(__half const*, __half const*, __half*, int, int, int)",128,17408,0,136,0,128,"SQ_INSTS_VALU",1455243264.000000,231914709569,231932562302
502,502,"Agent 1",1,1909,1909,131072,17,"pk_gemm(__half const*, __half const*, __half*, int, int, int)",128,17408,0,136,0,128,"SQ_WAVES",4096.000000,231914709569,231932562302
503,503,"Agent 1",1,1909,1909,131072,17,"pk_gemm(__half const*, __half const*, __half*, int, int, int)",128,17408,0,136,0,128,"SQ_INSTS_LDS",83886080.000000,231932598729,231950914088
503,503,"Agent 1",1,1909,1909,131072,17,"pk_gemm(__half const*, __half const*, __half*, int, int, int)",128,17408,0,136,0,128,"SQ_INSTS_VALU",1455243264.000000,231932598729,231950914088
503,503,"Agent 1",1,1909,1909,131072,17,"pk_gemm(__half const*, __half const*, __half*, int, int, int)",128,17408,0,136,0,128,"SQ_WAVES",4096.000000,231932598729,231950914088
504,504,"Agent 1",1,1909,1909,131072,17,"pk_gemm(__half const*, __half const*, __half*, int, int, int)",128,17408,0,136,0,128,"SQ_INSTS_LDS",83886080.000000,231950949515,231968884561
504,504,"Agent 1",1,1909,1909,131072,17,"pk_gemm(__half const*, __half const*, __half*, int, int, int)",128,17408,0,136,0,128,"SQ_INSTS_VALU",1455243264.000000,231950949515,231968884561
504,504,"Agent 1",1,1909,1909,131072,17,"pk_gemm(__half const*, __half const*, __half*, int, int, int)",128,17408,0,136,0,128,"SQ_WAVES",4096.000000,231950949515,231968884561
505,505,"Agent 1",1,1909,1909,131072,17,"pk_gemm(__half const*, __half const*, __half*, int, int, int)",128,17408,0,136,0,128,"SQ_INSTS_LDS",83886080.000000,231968916782,231986370448
505,505,"Agent 1",1,1909,1909,131072,17,"pk_gemm(__half const*, __half const*, __half*, int, int, int)",128,17408,0,136,0,128,"SQ_INSTS_VALU",1455243264.000000,231968916782,231986370448
505,505,"Agent 1",1,1909,1909,131072,17,"pk_gemm(__half const*, __half const*, __half*, int, int, int)",128,17408,0,136,0,128,"SQ_WAVES",4096.000000,231968916782,231986370448
506,506,"Agent 1",1,1909,1909,131072,17,"pk_gemm(__half const*, __half const*, __half*, int, int, int)",128,17408,0,136,0,128,"SQ_INSTS_LDS",83886080.000000,231986402036,232004492774
506,506,"Agent 1",1,1909,1909,131072,17,"pk_gemm(__half const*, __half const*, __half*, int, int, int)",128,17408,0,136,0,128,"SQ_INSTS_VALU",1455243264.000000,231986402036,232004492774
506,506,"Agent 1",1,1909,1909,131072,17,"pk_gemm(__half const*, __half const*, __half*, int, int, int)",128,17408,0,136,0,128,"SQ_WAVES",4096.000000,231986402036,232004492774
507,507,"Agent 1",1,1909,1909,131072,17,"pk_gemm(__half const*, __half const*, __half*, int, int, int)",128,17408,0,136,0,128,"SQ_INSTS_LDS",83886080.000000,232004529081,232022691834
507,507,"Agent 1",1,1909,1909,131072,17,"pk_gemm(__half const*, __half const*, __half*, int, int, int)",128,17408,0,136,0,128,"SQ_INSTS_VALU",1455243264.000000,232004529081,232022691834
507,507,"Agent 1",1,1909,1909,131072,17,"pk_gemm(__half const*, __half const*, __half*, int, int, int)",128,17408,0,136,0,128,"SQ_WAVES",4096.000000,232004529081,232022691834
508,508,"Agent 1",1,1909,1909,131072,17,"pk_gemm(__half const*, __half const*, __half*, int, int, int)",128,17408,0,136,0,128,"SQ_INSTS_LDS",83886080.000000,232022724455,232040949765
508,508,"Agent 1",1,1909,1909,131072,17,"pk_gemm(__half const*, __half const*, __half*, int, int, int)",128,17408,0,136,0,128,"SQ_INSTS_VALU",1455243264.000000,232022724455,232040949765
508,508,"Agent 1",1,1909,1909,131072,17,"pk_gemm(__half const*, __half const*, __half*, int, int, int)",128,17408,0,136,0,128,"SQ_WAVES",4096.000000,232022724455,232040949765
509,509,"Agent 1",1,1909,1909,131072,17,"pk_gemm(__half const*, __half const*, __half*, int, int, int)",128,17408,0,136,0,128,"SQ_INSTS_LDS",83886080.000000,232040982306,232058768234
509,509,"Agent 1",1,1909,1909,131072,17,"pk_gemm(__half const*, __half const*, __half*, int, int, int)",128,17408,0,136,0,128,"SQ_INSTS_VALU",1455243264.000000,232040982306,232058768234
509,509,"Agent 1",1,1909,1909,131072,17,"pk_gemm(__half const*, __half const*, __half*, int, int, int)",128,17408,0,136,0,128,"SQ_WAVES",4096.000000,232040982306,232058768234
510,510,"Agent 1",1,1909,1909,131072,17,"pk_gemm(__half const*, __half const*, __half*, int, int, int)",128,17408,0,136,0,128,"SQ_INSTS_LDS",83886080.000000,232058799417,232076574926
510,510,"Agent 1",1,1909,1909,131072,17,"pk_gemm(__half const*, __half const*, __half*, int, int, int)",128,17408,0,136,0,128,"SQ_INSTS_VALU",1455243264.000000,232058799417,232076574926
510,510,"Agent 1",1,1909,1909,131072,17,"pk_gemm(__half const*, __half const*, __half*, int, int, int)",128,17408,0,136,0,128,"SQ_WAVES",4096.000000,232058799417,232076574926
511,511,"Agent 1",1,1909,1909,131072,17,"pk_gemm(__half const*, __half const*, __half*, int, int, int)",128,17408,0,136,0,128,"SQ_INSTS_LDS",83886080.000000,232076608588,232094430903
511,511,"Agent 1",1,1909,1909,131072,17,"pk_gemm(__half const*, __half const*, __half*, int, int, int)",128,17408,0,136,0,128,"SQ_INSTS_VALU",1455243264.000000,232076608588,232094430903
511,511,"Agent 1",1,1909,1909,131072,17,"pk_gemm(__half const*, __half const*, __half*, int, int, int)",128,17408,0,136,0,128,"SQ_WAVES",4096.000000,232076608588,232094430903
512,512,"Agent 1",1,1909,1909,131072,17,"pk_gemm(__half const*, __half const*, __half*, int, int, int)",128,17408,0,136,0,128,"SQ_INSTS_LDS",83886080.000000,232094462282,232112126262
512,512,"Agent 1",1,1909,1909,131072,17,"pk_gemm(__half const*, __half const*, __half*, int, int, int)",128,17408,0,136,0,128,"SQ_INSTS_VALU",1455243264.000000,232094462282,232112126262
512,512,"Agent 1",1,1909,1909,131072,17,"pk_gemm(__half const*, __half const*, __half*, int, int, int)",128,17408,0,136,0,128,"SQ_WAVES",4096.000000,232094462282,232112126262
513,513,"Agent 1",1,1909,1909,131072,17,"pk_gemm(__half const*, __half const*, __half*, int, int, int)",128,17408,0,136,0,128,"SQ_INSTS_LDS",83886080.000000,232112158562,232129978313
513,513,"Agent 1",1,1909,1909,131072,17,"pk_gemm(__half const*, __half const*, __half*, int, int, int)",128,17408,0,136,0,128,"SQ_INSTS_VALU",1455243264.000000,232112158562,232129978313
513,513,"Agent 1",1,1909,1909,131072,17,"pk_gemm(__half const*, __half const*, __half*, int, int, int)",128,17408,0,136,0,128,"SQ_WAVES",4096.000000,232112158562,232129978313
514,514,"Agent 1",1,1909,1909,524288,17,"pk_gemm(__half const*, __half const*, __half*, int, int, int)",128,17408,0,136,0,128,"SQ_INSTS_LDS",671088640.000000,233895358102,234018954743
514,514,"Agent 1",1,1909,1909,524288,17,"pk_gemm(__half const*, __half const*, __half*, int, int, int)",128,17408,0,136,0,128,"SQ_INSTS_VALU",11634278400.000000,233895358102,234018954743
514,514,"Agent 1",1,1909,1909,524288,17,"pk_gemm(__half const*, __half const*, __half*, int, int, int)",128,17408,0,136,0,128,"SQ_WAVES",16384.000000,233895358102,234018954743
515,515,"Agent 1",1,1909,1909,524288,17,"pk_gemm(__half const*, __half const*, __half*, int, int, int)",128,17408,0,136,0,128,"SQ_INSTS_LDS",671088640.000000,234018996266,234143035255
515,515,"Agent 1",1,1909,1909,524288,17,"pk_gemm(__half const*, __half const*, __half*, int, int, int)",128,17408,0,136,0,128,"SQ_INSTS_VALU",11634278400.000000,234018996266,234143035255
515,515,"Agent 1",1,1909,1909,524288,17,"pk_gemm(__half const*, __half const*, __half*, int, int, int)",128,17408,0,136,0,128,"SQ_WAVES",16384.000000,234018996266,234143035255
516,516,"Agent 1",1,1909,1909,524288,17,"pk_gemm(__half const*, __half const*, __half*, int, int, int)",128,17408,0,136,0,128,"SQ_INSTS_LDS",671088640.000000,234143071071,234266400292
516,516,"Agent 1",1,1909,1909,524288,17,"pk_gemm(__half const*, __half const*, __half*, int, int, int)",128,17408,0,136,0,128,"SQ_INSTS_VALU",11634278400.000000,234143071071,234266400292
516,516,"Agent 1",1,1909,1909,524288,17,"pk_gemm(__half const*, __half const*, __half*, int, int, int)",128,17408,0,136,0,128,"SQ_WAVES",16384.000000,234143071071,234266400292
517,517,"Agent 1",1,1909,1909,524288,17,"pk_gemm(__half const*, __half const*, __half*, int, int, int)",128,17408,0,136,0,128,"SQ_INSTS_LDS",671088640.000000,234266436232,234390799267
517,517,"Agent 1",1,1909,1909,524288,17,"pk_gemm(__half const*, __half const*, __half*, int, int, int)",128,17408,0,136,0,128,"SQ_INSTS_VALU",11634278400.000000,234266436232,234390799267
517,517,"Agent 1",1,1909,1909,524288,17,"pk_gemm(__half const*, __half const*, __half*, int, int, int)",128,17408,0,136,0,128,"SQ_WAVES",16384.000000,234266436232,234390799267
518,518,"Agent 1",1,1909,1909,524288,17,"pk_gemm(__half const*, __half const*, __half*, int, int, int)",128,17408,0,136,0,128,"SQ_INSTS_LDS",671088640.000000,234390834713,234513958106
518,518,"Agent 1",1,1909,1909,524288,17,"pk_gemm(__half const*, __half const*, __half*, int, int, int)",128,17408,0,136,0,128,"SQ_INSTS_VALU",11634278400.000000,234390834713,234513958106
518,518,"Agent 1",1,1909,1909,524288,17,"pk_gemm(__half const*, __half const*, __half*, int, int, int)",128,17408,0,136,0,128,"SQ_WAVES",16384.000000,234390834713,234513958106
519,519,"Agent 1",1,1909,1909,524288,17,"pk_gemm(__half const*, __half const*, __half*, int, int, int)",128,17408,0,136,0,128,"SQ_INSTS_LDS",671088640.000000,234513991521,234637045787
519,519,"Agent 1",1,1909,1909,524288,17,"pk_gemm(__half const*, __half const*, __half*, int, int, int)",128,17408,0,136,0,128,"SQ_INSTS_VALU",11634278400.000000,234513991521,234637045787
519,519,"Agent 1",1,1909,1909,524288,17,"pk_gemm(__half const*, __half const*, __half*, int, int, int)",128,17408,0,136,0,128,"SQ_WAVES",16384.000000,234513991521,234637045787
520,520,"Agent 1",1,1909,1909,524288,17,"pk_gemm(__half const*, __half const*, __half*, int, int, int)",128,17408,0,136,0,128,"SQ_INSTS_LDS",671088640.000000,234637080250,234760568408
520,520,"Agent 1",1,1909,1909,524288,17,"pk_gemm(__half const*, __half const*, __half*, int, int, int)",128,17408,0,136,0,128,"SQ_INSTS_VALU",11634278400.000000,234637080250,234760568408
520,520,"Agent 1",1,1909,1909,524288,17,"pk_gemm(__half const*, __half const*, __half*, int, int, int)",128,17408,0,136,0,128,"SQ_WAVES",16384.000000,234637080250,234760568408
521,521,"Agent 1",1,1909,1909,524288,17,"pk_gemm(__half const*, __half const*, __half*, int, int, int)",128,17408,0,136,0,128,"SQ_INSTS_LDS",671088640.000000,234760603101,234884541662
521,521,"Agent 1",1,1909,1909,524288,17,"pk_gemm(__half const*, __half const*, __half*, int, int, int)",128,17408,0,136,0,128,"SQ_INSTS_VALU",11634278400.000000,234760603101,234884541662
521,521,"Agent 1",1,1909,1909,524288,17,"pk_gemm(__half const*, __half const*, __half*, int, int, int)",128,17408,0,136,0,128,"SQ_WAVES",16384.000000,234760603101,234884541662
522,522,"Agent 1",1,1909,1909,524288,17,"pk_gemm(__half const*, __half const*, __half*, int, int, int)",128,17408,0,136,0,128,"SQ_INSTS_LDS",671088640.000000,234884601923,235008111842
522,522,"Agent 1",1,1909,1909,524288,17,"pk_gemm(__half const*, __half const*, __half*, int, int, int)",128,17408,0,136,0,128,"SQ_INSTS_VALU",11634278400.000000,234884601923,235008111842
522,522,"Agent 1",1,1909,1909,524288,17,"pk_gemm(__half const*, __half const*, __half*, int, int, int)",128,17408,0,136,0,128,"SQ_WAVES",16384.000000,234884601923,235008111842
523,523,"Agent 1",1,1909,1909,524288,17,"pk_gemm(__half const*, __half const*, __half*, int, int, int)",128,17408,0,136,0,128,"SQ_INSTS_LDS",671088640.000000,235008151125,235131507035
523,523,"Agent 1",1,1909,1909,524288,17,"pk_gemm(__half const*, __half const*, __half*, int, int, int)",128,17408,0,136,0,128,"SQ_INSTS_VALU",11634278400.000000,235008151125,235131507035
523,523,"Agent 1",1,1909,1909,524288,17,"pk_gemm(__half const*, __half const*, __half*, int, int, int)",128,17408,0,136,0,128,"SQ_WAVES",16384.000000,235008151125,235131507035
524,524,"Agent 1",1,1909,1909,524288,17,"pk_gemm(__half const*, __half const*, __half*, int, int, int)",128,17408,0,136,0,128,"SQ_INSTS_LDS",671088640.000000,235131545057,235254472806
524,524,"Agent 1",1,1909,1909,524288,17,"pk_gemm(__half const*, __half const*, __half*, int, int, int)",128,17408,0,136,0,128,"SQ_INSTS_VALU",11634278400.000000,235131545057,235254472806
524,524,"Agent 1",1,1909,1909,524288,17,"pk_gemm(__half const*, __half const*, __half*, int, int, int)",128,17408,0,136,0,128,"SQ_WAVES",16384.000000,235131545057,235254472806
525,525,"Agent 1",1,1909,1909,524288,17,"pk_gemm(__half const*, __half const*, __half*, int, int, int)",128,17408,0,136,0,128,"SQ_INSTS_LDS",671088640.000000,235254507067,235378226017
525,525,"Agent 1",1,1909,1909,524288,17,"pk_gemm(__half const*, __half const*, __half*, int, int, int)",128,17408,0,136,0,128,"SQ_INSTS_VALU",11634278400.000000,235254507067,235378226017
525,525,"Agent 1",1,1909,1909,524288,17,"pk_gemm(__half const*, __half const*, __half*, int, int, int)",128,17408,0,136,0,128,"SQ_WAVES",16384.000000,235254507067,235378226017
526,526,"Agent 1",1,1909,1909,524288,17,"pk_gemm(__half const*, __half const*, __half*, int, int, int)",128,17408,0,136,0,128,"SQ_INSTS_LDS",671088640.000000,235378263497,235501576648
526,526,"Agent 1",1,1909,1909,524288,17,"pk_gemm(__half const*, __half const*, __half*, int, int, int)",128,17408,0,136,0,128,"SQ_INSTS_VALU",11634278400.000000,235378263497,235501576648
526,526,"Agent 1",1,1909,1909,524288,17,"pk_gemm(__half const*, __half const*, __half*, int, int, int)",128,17408,0,136,0,128,"SQ_WAVES",16384.000000,235378263497,235501576648
527,527,"Agent 1",1,1909,1909,524288,17,"pk_gemm(__half const*, __half const*, __half*, int, int, int)",128,17408,0,136,0,128,"SQ_INSTS_LDS",671088640.000000,235501611371,235624379901
527,527,"Agent 1",1,1909,1909,524288,17,"pk_gemm(__half const*, __half const*, __half*, int, int, int)",128,17408,0,136,0,128,"SQ_INSTS_VALU",11634278400.000000,235501611371,235624379901
527,527,"Agent 1",1,1909,1909,524288,17,"pk_gemm(__half const*, __half const*, __half*, int, int, int)",128,17408,0,136,0,128,"SQ_WAVES",16384.000000,235501611371,235624379901
528,528,"Agent 1",1,1909,1909,524288,17,"pk_gemm(__half const*, __half const*, __half*, int, int, int)",128,17408,0,136,0,128,"SQ_INSTS_LDS",671088640.000000,235624418336,235748313936
528,528,"Agent 1",1,1909,1909,524288,17,"pk_gemm(__half const*, __half const*, __half*, int, int, int)",128,17408,0,136,0,128,"SQ_INSTS_VALU",11634278400.000000,235624418336,235748313936
528,528,"Agent 1",1,1909,1909,524288,17,"pk_gemm(__half const*, __half const*, __half*, int, int, int)",128,17408,0,136,0,128,"SQ_WAVES",16384.000000,235624418336,235748313936
529,529,"Agent 1",1,1909,1909,524288,17,"pk_gemm(__half const*, __half const*, __half*, int, int, int)",128,17408,0,136,0,128,"SQ_INSTS_LDS",671088640.000000,235748354222,235871408688
529,529,"Agent 1",1,1909,1909,524288,17,"pk_gemm(__half const*, __half const*, __half*, int, int, int)",128,17408,0,136,0,128,"SQ_INSTS_VALU",11634278400.000000,235748354222,235871408688
529,529,"Agent 1",1,1909,1909,524288,17,"pk_gemm(__half const*, __half const*, __half*, int, int, int)",128,17408,0,136,0,128,"SQ_WAVES",16384.000000,235748354222,235871408688
530,530,"Agent 1",1,1909,1909,524288,17,"pk_gemm(__half const*, __half const*, __half*, int, int, int)",128,17408,0,136,0,128,"SQ_INSTS_LDS",671088640.000000,235871449085,235994505794
530,530,"Agent 1",1,1909,1909,524288,17,"pk_gemm(__half const*, __half const*, __half*, int, int, int)",128,17408,0,136,0,128,"SQ_INSTS_VALU",11634278400.000000,235871449085,235994505794
530,530,"Agent 1",1,1909,1909,524288,17,"pk_gemm(__half const*, __half const*, __half*, int, int, int)",128,17408,0,136,0,128,"SQ_WAVES",16384.000000,235871449085,235994505794
531,531,"Agent 1",1,1909,1909,524288,17,"pk_gemm(__half const*, __half const*, __half*, int, int, int)",128,17408,0,136,0,128,"SQ_INSTS_LDS",671088640.000000,235994542651,236118858517
531,531,"Agent 1",1,1909,1909,524288,17,"pk_gemm(__half const*, __half const*, __half*, int, int, int)",128,17408,0,136,0,128,"SQ_INSTS_VALU",11634278400.000000,235994542651,236118858517
531,531,"Agent 1",1,1909,1909,524288,17,"pk_gemm(__half const*, __half const*, __half*, int, int, int)",128,17408,0,136,0,128,"SQ_WAVES",16384.000000,235994542651,236118858517
532,532,"Agent 1",1,1909,1909,524288,17,"pk_gemm(__half const*, __half const*, __half*, int, int, int)",128,17408,0,136,0,128,"SQ_INSTS_LDS",671088640.000000,236118897140,236242771942
532,532,"Agent 1",1,1909,1909,524288,17,"pk_gemm(__half const*, __half const*, __half*, int, int, int)",128,17408,0,136,0,128,"SQ_INSTS_VALU",11634278400.000000,236118897140,236242771942
532,532,"Agent 1",1,1909,1909,524288,17,"pk_gemm(__half const*, __half const*, __half*, int, int, int)",128,17408,0,136,0,128,"SQ_WAVES",16384.000000,236118897140,236242771942
533,533,"Agent 1",1,1909,1909,524288,17,"pk_gemm(__half const*, __half const*, __half*, int, int, int)",128,17408,0,136,0,128,"SQ_INSTS_LDS",671088640.000000,236242812024,236366448579
533,533,"Agent 1",1,1909,1909,524288,17,"pk_gemm(__half const*, __half const*, __half*, int, int, int)",128,17408,0,136,0,128,"SQ_INSTS_VALU",11634278400.000000,236242812024,236366448579
533,533,"Agent 1",1,1909,1909,524288,17,"pk_gemm(__half const*, __half const*, __half*, int, int, int)",128,17408,0,136,0,128,"SQ_WAVES",16384.000000,236242812024,236366448579
534,534,"Agent 1",1,1909,1909,524288,17,"pk_gemm(__half const*, __half const*, __half*, int, int, int)",128,17408,0,136,0,128,"SQ_INSTS_LDS",671088640.000000,236366487002,236490599689
534,534,"Agent 1",1,1909,1909,524288,17,"pk_gemm(__half const*, __half const*, __half*, int, int, int)",128,17408,0,136,0,128,"SQ_INSTS_VALU",11634278400.000000,236366487002,236490599689
534,534,"Agent 1",1,1909,1909,524288,17,"pk_gemm(__half const*, __half const*, __half*, int, int, int)",128,17408,0,136,0,128,"SQ_WAVES",16384.000000,236366487002,236490599689
535,535,"Agent 1",1,1909,1909,524288,17,"pk_gemm(__half const*, __half const*, __half*, int, int, int)",128,17408,0,136,0,128,"SQ_INSTS_LDS",671088640.000000,236490637719,236614303169
535,535,"Agent 1",1,1909,1909,524288,17,"pk_gemm(__half const*, __half const*, __half*, int, int, int)",128,17408,0,136,0,128,"SQ_INSTS_VALU",11634278400.000000,236490637719,236614303169
535,535,"Agent 1",1,1909,1909,524288,17,"pk_gemm(__half const*, __half const*, __half*, int, int, int)",128,17408,0,136,0,128,"SQ_WAVES",16384.000000,236490637719,236614303169
536,536,"Agent 1",1,1909,1909,524288,17,"pk_gemm(__half const*, __half const*, __half*, int, int, int)",128,17408,0,136,0,128,"SQ_INSTS_LDS",671088640.000000,236614340618,236738162880
536,536,"Agent 1",1,1909,1909,524288,17,"pk_gemm(__half const*, __half const*, __half*, int, int, int)",128,17408,0,136,0,128,"SQ_INSTS_VALU",11634278400.000000,236614340618,236738162880
536,536,"Agent 1",1,1909,1909,524288,17,"pk_gemm(__half const*, __half const*, __half*, int, int, int)",128,17408,0,136,0,128,"SQ_WAVES",16384.000000,236614340618,236738162880
537,537,"Agent 1",1,1909,1909,524288,17,"pk_gemm(__half const*, __half const*, __half*, int, int, int)",128,17408,0,136,0,128,"SQ_INSTS_LDS",671088640.000000,236738198786,236861215221
537,537,"Agent 1",1,1909,1909,524288,17,"pk_gemm(__half const*, __half const*, __half*, int, int, int)",128,17408,0,136,0,128,"SQ_INSTS_VALU",11634278400.000000,236738198786,236861215221
537,537,"Agent 1",1,1909,1909,524288,17,"pk_gemm(__half const*, __half const*, __half*, int, int, int)",128,17408,0,136,0,128,"SQ_WAVES",16384.000000,236738198786,236861215221
538,538,"Agent 1",1,1909,1909,524288,17,"pk_gemm(__half const*, __half const*, __half*, int, int, int)",128,17408,0,136,0,128,"SQ_INSTS_LDS",671088640.000000,236861253382,236984469229
538,538,"Agent 1",1,1909,1909,524288,17,"pk_gemm(__half const*, __half const*, __half*, int, int, int)",128,17408,0,136,0,128,"SQ_INSTS_VALU",11634278400.000000,236861253382,236984469229
538,538,"Agent 1",1,1909,1909,524288,17,"pk_gemm(__half const*, __half const*, __half*, int, int, int)",128,17408,0,136,0,128,"SQ_WAVES",16384.000000,236861253382,236984469229
539,539,"Agent 1",1,1909,1909,524288,17,"pk_gemm(__half const*, __half const*, __half*, int, int, int)",128,17408,0,136,0,128,"SQ_INSTS_LDS",671088640.000000,236984507173,237107730916
539,539,"Agent 1",1,1909,1909,524288,17,"pk_gemm(__half const*, __half const*, __half*, int, int, int)",128,17408,0,136,0,128,"SQ_INSTS_VALU",11634278400.000000,236984507173,237107730916
539,539,"Agent 1",1,1909,1909,524288,17,"pk_gemm(__half const*, __half const*, __half*, int, int, int)",128,17408,0,136,0,128,"SQ_WAVES",16384.000000,236984507173,237107730916
540,540,"Agent 1",1,1909,1909,524288,17,"pk_gemm(__half const*, __half const*, __half*, int, int, int)",128,17408,0,136,0,128,"SQ_INSTS_LDS",671088640.000000,237107766743,237230935382
540,540,"Agent 1",1,1909,1909,524288,17,"pk_gemm(__half const*, __half const*, __half*, int, int, int)",128,17408,0,136,0,128,"SQ_INSTS_VALU",11634278400.000000,237107766743,237230935382
540,540,"Agent 1",1,1909,1909,524288,17,"pk_gemm(__half const*, __half const*, __half*, int, int, int)",128,17408,0,136,0,128,"SQ_WAVES",16384.000000,237107766743,237230935382
541,541,"Agent 1",1,1909,1909,524288,17,"pk_gemm(__half const*, __half const*, __half*, int, int, int)",128,17408,0,136,0,128,"SQ_INSTS_LDS",671088640.000000,237230973430,237354329942
541,541,"Agent 1",1,1909,1909,524288,17,"pk_gemm(__half const*, __half const*, __half*, int, int, int)",128,17408,0,136,0,128,"SQ_INSTS_VALU",11634278400.000000,237230973430,237354329942
541,541,"Agent 1",1,1909,1909,524288,17,"pk_gemm(__half const*, __half const*, __half*, int, int, int)",128,17408,0,136,0,128,"SQ_WAVES",16384.000000,237230973430,237354329942
542,542,"Agent 1",1,1909,1909,524288,17,"pk_gemm(__half const*, __half const*, __half*, int, int, int)",128,17408,0,136,0,128,"SQ_INSTS_LDS",671088640.000000,237354366042,237478534753
542,542,"Agent 1",1,1909,1909,524288,17,"pk_gemm(__half const*, __half const*, __half*, int, int, int)",128,17408,0,136,0,128,"SQ_INSTS_VALU",11634278400.000000,237354366042,237478534753
542,542,"Agent 1",1,1909,1909,524288,17,"pk_gemm(__half const*, __half const*, __half*, int, int, int)",128,17408,0,136,0,128,"SQ_WAVES",16384.000000,237354366042,237478534753
543,543,"Agent 1",1,1909,1909,524288,17,"pk_gemm(__half const*, __half const*, __half*, int, int, int)",128,17408,0,136,0,128,"SQ_INSTS_LDS",671088640.000000,237478572260,237603067743
543,543,"Agent 1",1,1909,1909,524288,17,"pk_gemm(__half const*, __half const*, __half*, int, int, int)",128,17408,0,136,0,128,"SQ_INSTS_VALU",11634278400.000000,237478572260,237603067743
543,543,"Agent 1",1,1909,1909,524288,17,"pk_gemm(__half const*, __half const*, __half*, int, int, int)",128,17408,0,136,0,128,"SQ_WAVES",16384.000000,237478572260,237603067743
544,544,"Agent 1",1,1909,1909,524288,17,"pk_gemm(__half const*, __half const*, __half*, int, int, int)",128,17408,0,136,0,128,"SQ_INSTS_LDS",671088640.000000,237603102823,237727248290
544,544,"Agent 1",1,1909,1909,524288,17,"pk_gemm(__half const*, __half const*, __half*, int, int, int)",128,17408,0,136,0,128,"SQ_INSTS_VALU",11634278400.000000,237603102823,237727248290
544,544,"Agent 1",1,1909,1909,524288,17,"pk_gemm(__half const*, __half const*, __half*, int, int, int)",128,17408,0,136,0,128,"SQ_WAVES",16384.000000,237603102823,237727248290
545,545,"Agent 1",1,1909,1909,524288,17,"pk_gemm(__half const*, __half const*, __half*, int, int, int)",128,17408,0,136,0,128,"SQ_INSTS_LDS",671088640.000000,237727280549,237850743900
545,545,"Agent 1",1,1909,1909,524288,17,"pk_gemm(__half const*, __half const*, __half*, int, int, int)",128,17408,0,136,0,128,"SQ_INSTS_VALU",11634278400.000000,237727280549,237850743900
545,545,"Agent 1",1,1909,1909,524288,17,"pk_gemm(__half const*, __half const*, __half*, int, int, int)",128,17408,0,136,0,128,"SQ_WAVES",16384.000000,237727280549,237850743900
546,546,"Agent 1",1,1909,1909,524288,17,"pk_gemm(__half const*, __half const*, __half*, int, int, int)",128,17408,0,136,0,128,"SQ_INSTS_LDS",671088640.000000,237850778956,237974147049
546,546,"Agent 1",1,1909,1909,524288,17,"pk_gemm(__half const*, __half const*, __half*, int, int, int)",128,17408,0,136,0,128,"SQ_INSTS_VALU",11634278400.000000,237850778956,237974147049
546,546,"Agent 1",1,1909,1909,524288,17,"pk_gemm(__half const*, __half const*, __half*, int, int, int)",128,17408,0,136,0,128,"SQ_WAVES",16384.000000,237850778956,237974147049
547,547,"Agent 1",1,1909,1909,524288,17,"pk_gemm(__half const*, __half const*, __half*, int, int, int)",128,17408,0,136,0,128,"SQ_INSTS_LDS",671088640.000000,237974179959,238098403813
547,547,"Agent 1",1,1909,1909,524288,17,"pk_gemm(__half const*, __half const*, __half*, int, int, int)",128,17408,0,136,0,128,"SQ_INSTS_VALU",11634278400.000000,237974179959,238098403813
547,547,"Agent 1",1,1909,1909,524288,17,"pk_gemm(__half const*, __half const*, __half*, int, int, int)",128,17408,0,136,0,128,"SQ_WAVES",16384.000000,237974179959,238098403813
548,548,"Agent 1",1,1909,1909,524288,17,"pk_gemm(__half const*, __half const*, __half*, int, int, int)",128,17408,0,136,0,128,"SQ_INSTS_LDS",671088640.000000,238098439260,238221549469
548,548,"Agent 1",1,1909,1909,524288,17,"pk_gemm(__half const*, __half const*, __half*, int, int, int)",128,17408,0,136,0,128,"SQ_INSTS_VALU",11634278400.000000,238098439260,238221549469
548,548,"Agent 1",1,1909,1909,524288,17,"pk_gemm(__half const*, __half const*, __half*, int, int, int)",128,17408,0,136,0,128,"SQ_WAVES",16384.000000,238098439260,238221549469
549,549,"Agent 1",1,1909,1909,524288,17,"pk_gemm(__half const*, __half const*, __half*, int, int, int)",128,17408,0,136,0,128,"SQ_INSTS_LDS",671088640.000000,238221585805,238345225766
549,549,"Agent 1",1,1909,1909,524288,17,"pk_gemm(__half const*, __half const*, __half*, int, int, int)",128,17408,0,136,0,128,"SQ_INSTS_VALU",11634278400.000000,238221585805,238345225766
549,549,"Agent 1",1,1909,1909,524288,17,"pk_gemm(__half const*, __half const*, __half*, int, int, int)",128,17408,0,136,0,128,"SQ_WAVES",16384.000000,238221585805,238345225766
550,550,"Agent 1",1,1909,1909,524288,17,"pk_gemm(__half const*, __half const*, __half*, int, int, int)",128,17408,0,136,0,128,"SQ_INSTS_LDS",671088640.000000,238345259671,238469208771
550,550,"Agent 1",1,1909,1909,524288,17,"pk_gemm(__half const*, __half const*, __half*, int, int, int)",128,17408,0,136,0,128,"SQ_INSTS_VALU",11634278400.000000,238345259671,238469208771
550,550,"Agent 1",1,1909,1909,524288,17,"pk_gemm(__half const*, __half const*, __half*, int, int, int)",128,17408,0,136,0,128,"SQ_WAVES",16384.000000,238345259671,238469208771
551,551,"Agent 1",1,1909,1909,524288,17,"pk_gemm(__half const*, __half const*, __half*, int, int, int)",128,17408,0,136,0,128,"SQ_INSTS_LDS",671088640.000000,238469245221,238593305288
551,551,"Agent 1",1,1909,1909,524288,17,"pk_gemm(__half const*, __half const*, __half*, int, int, int)",128,17408,0,136,0,128,"SQ_INSTS_VALU",11634278400.000000,238469245221,238593305288
551,551,"Agent 1",1,1909,1909,524288,17,"pk_gemm(__half const*, __half const*, __half*, int, int, int)",128,17408,0,136,0,128,"SQ_WAVES",16384.000000,238469245221,238593305288
552,552,"Agent 1",1,1909,1909,524288,17,"pk_gemm(__half const*, __half const*, __half*, int, int, int)",128,17408,0,136,0,128,"SQ_INSTS_LDS",671088640.000000,238593376723,238716368070
552,552,"Agent 1",1,1909,1909,524288,17,"pk_gemm(__half const*, __half const*, __half*, int, int, int)",128,17408,0,136,0,128,"SQ_INSTS_VALU",11634278400.000000,238593376723,238716368070
552,552,"Agent 1",1,1909,1909,524288,17,"pk_gemm(__half const*, __half const*, __half*, int, int, int)",128,17408,0,136,0,128,"SQ_WAVES",16384.000000,238593376723,238716368070
553,553,"Agent 1",1,1909,1909,524288,17,"pk_gemm(__half const*, __half const*, __half*, int, int, int)",128,17408,0,136,0,128,"SQ_INSTS_LDS",671088640.000000,238716405948,238839874308
553,553,"Agent 1",1,1909,1909,524288,17,"pk_gemm(__half const*, __half const*, __half*, int, int, int)",128,17408,0,136,0,128,"SQ_INSTS_VALU",11634278400.000000,238716405948,238839874308
553,553,"Agent 1",1,1909,1909,524288,17,"pk_gemm(__half const*, __half const*, __half*, int, int, int)",128,17408,0,136,0,128,"SQ_WAVES",16384.000000,238716405948,238839874308
554,554,"Agent 1",1,1909,1909,524288,17,"pk_gemm(__half const*, __half const*, __half*, int, int, int)",128,17408,0,136,0,128,"SQ_INSTS_LDS",671088640.000000,238839910438,238963529400
554,554,"Agent 1",1,1909,1909,524288,17,"pk_gemm(__half const*, __half const*, __half*, int, int, int)",128,17408,0,136,0,128,"SQ_INSTS_VALU",11634278400.000000,238839910438,238963529400
554,554,"Agent 1",1,1909,1909,524288,17,"pk_gemm(__half const*, __half const*, __half*, int, int, int)",128,17408,0,136,0,128,"SQ_WAVES",16384.000000,238839910438,238963529400
555,555,"Agent 1",1,1909,1909,524288,17,"pk_gemm(__half const*, __half const*, __half*, int, int, int)",128,17408,0,136,0,128,"SQ_INSTS_LDS",671088640.000000,238963563534,239086664848
555,555,"Agent 1",1,1909,1909,524288,17,"pk_gemm(__half const*, __half const*, __half*, int, int, int)",128,17408,0,136,0,128,"SQ_INSTS_VALU",11634278400.000000,238963563534,239086664848
555,555,"Agent 1",1,1909,1909,524288,17,"pk_gemm(__half const*, __half const*, __half*, int, int, int)",128,17408,0,136,0,128,"SQ_WAVES",16384.000000,238963563534,239086664848
556,556,"Agent 1",1,1909,1909,524288,17,"pk_gemm(__half const*, __half const*, __half*, int, int, int)",128,17408,0,136,0,128,"SQ_INSTS_LDS",671088640.000000,239086702345,239209650331
556,556,"Agent 1",1,1909,1909,524288,17,"pk_gemm(__half const*, __half const*, __half*, int, int, int)",128,17408,0,136,0,128,"SQ_INSTS_VALU",11634278400.000000,239086702345,239209650331
556,556,"Agent 1",1,1909,1909,524288,17,"pk_gemm(__half const*, __half const*, __half*, int, int, int)",128,17408,0,136,0,128,"SQ_WAVES",16384.000000,239086702345,239209650331
557,557,"Agent 1",1,1909,1909,524288,17,"pk_gemm(__half const*, __half const*, __half*, int, int, int)",128,17408,0,136,0,128,"SQ_INSTS_LDS",671088640.000000,239209691289,239332790479
557,557,"Agent 1",1,1909,1909,524288,17,"pk_gemm(__half const*, __half const*, __half*, int, int, int)",128,17408,0,136,0,128,"SQ_INSTS_VALU",11634278400.000000,239209691289,239332790479
557,557,"Agent 1",1,1909,1909,524288,17,"pk_gemm(__half const*, __half const*, __half*, int, int, int)",128,17408,0,136,0,128,"SQ_WAVES",16384.000000,239209691289,239332790479
558,558,"Agent 1",1,1909,1909,524288,17,"pk_gemm(__half const*, __half const*, __half*, int, int, int)",128,17408,0,136,0,128,"SQ_INSTS_LDS",671088640.000000,239332831808,239456344211
558,558,"Agent 1",1,1909,1909,524288,17,"pk_gemm(__half const*, __half const*, __half*, int, int, int)",128,17408,0,136,0,128,"SQ_INSTS_VALU",11634278400.000000,239332831808,239456344211
558,558,"Agent 1",1,1909,1909,524288,17,"pk_gemm(__half const*, __half const*, __half*, int, int, int)",128,17408,0,136,0,128,"SQ_WAVES",16384.000000,239332831808,239456344211
559,559,"Agent 1",1,1909,1909,524288,17,"pk_gemm(__half const*, __half const*, __half*, int, int, int)",128,17408,0,136,0,128,"SQ_INSTS_LDS",671088640.000000,239456385345,239579717611
559,559,"Agent 1",1,1909,1909,524288,17,"pk_gemm(__half const*, __half const*, __half*, int, int, int)",128,17408,0,136,0,128,"SQ_INSTS_VALU",11634278400.000000,239456385345,239579717611
559,559,"Agent 1",1,1909,1909,524288,17,"pk_gemm(__half const*, __half const*, __half*, int, int, int)",128,17408,0,136,0,128,"SQ_WAVES",16384.000000,239456385345,239579717611
560,560,"Agent 1",1,1909,1909,524288,17,"pk_gemm(__half const*, __half const*, __half*, int, int, int)",128,17408,0,136,0,128,"SQ_INSTS_LDS",671088640.000000,239579756623,239702744925
560,560,"Agent 1",1,1909,1909,524288,17,"pk_gemm(__half const*, __half const*, __half*, int, int, int)",128,17408,0,136,0,128,"SQ_INSTS_VALU",11634278400.000000,239579756623,239702744925
560,560,"Agent 1",1,1909,1909,524288,17,"pk_gemm(__half const*, __half const*, __half*, int, int, int)",128,17408,0,136,0,128,"SQ_WAVES",16384.000000,239579756623,239702744925
561,561,"Agent 1",1,1909,1909,524288,17,"pk_gemm(__half const*, __half const*, __half*, int, int, int)",128,17408,0,136,0,128,"SQ_INSTS_LDS",671088640.000000,239702783558,239825996721
561,561,"Agent 1",1,1909,1909,524288,17,"pk_gemm(__half const*, __half const*, __half*, int, int, int)",128,17408,0,136,0,128,"SQ_INSTS_VALU",11634278400.000000,239702783558,239825996721
561,561,"Agent 1",1,1909,1909,524288,17,"pk_gemm(__half const*, __half const*, __half*, int, int, int)",128,17408,0,136,0,128,"SQ_WAVES",16384.000000,239702783558,239825996721
562,562,"Agent 1",1,1909,1909,524288,17,"pk_gemm(__half const*, __half const*, __half*, int, int, int)",128,17408,0,136,0,128,"SQ_INSTS_LDS",671088640.000000,239826038749,239950576190
562,562,"Agent 1",1,1909,1909,524288,17,"pk_gemm(__half const*, __half const*, __half*, int, int, int)",128,17408,0,136,0,128,"SQ_INSTS_VALU",11634278400.000000,239826038749,239950576190
562,562,"Agent 1",1,1909,1909,524288,17,"pk_gemm(__half const*, __half const*, __half*, int, int, int)",128,17408,0,136,0,128,"SQ_WAVES",16384.000000,239826038749,239950576190
563,563,"Agent 1",1,1909,1909,524288,17,"pk_gemm(__half const*, __half const*, __half*, int, int, int)",128,17408,0,136,0,128,"SQ_INSTS_LDS",671088640.000000,239950613641,240073941419
563,563,"Agent 1",1,1909,1909,524288,17,"pk_gemm(__half const*, __half const*, __half*, int, int, int)",128,17408,0,136,0,128,"SQ_INSTS_VALU",11634278400.000000,239950613641,240073941419
563,563,"Agent 1",1,1909,1909,524288,17,"pk_gemm(__half const*, __half const*, __half*, int, int, int)",128,17408,0,136,0,128,"SQ_WAVES",16384.000000,239950613641,240073941419
564,564,"Agent 1",1,1909,1909,524288,17,"pk_gemm(__half const*, __half const*, __half*, int, int, int)",128,17408,0,136,0,128,"SQ_INSTS_LDS",671088640.000000,240073979749,240196652781
564,564,"Agent 1",1,1909,1909,524288,17,"pk_gemm(__half const*, __half const*, __half*, int, int, int)",128,17408,0,136,0,128,"SQ_INSTS_VALU",11634278400.000000,240073979749,240196652781
564,564,"Agent 1",1,1909,1909,524288,17,"pk_gemm(__half const*, __half const*, __half*, int, int, int)",128,17408,0,136,0,128,"SQ_WAVES",16384.000000,240073979749,240196652781
565,565,"Agent 1",1,1909,1909,524288,17,"pk_gemm(__half const*, __half const*, __half*, int, int, int)",128,17408,0,136,0,128,"SQ_INSTS_LDS",671088640.000000,240196691672,240319919342
565,565,"Agent 1",1,1909,1909,524288,17,"pk_gemm(__half const*, __half const*, __half*, int, int, int)",128,17408,0,136,0,128,"SQ_INSTS_VALU",11634278400.000000,240196691672,240319919342
565,565,"Agent 1",1,1909,1909,524288,17,"pk_gemm(__half const*, __half const*, __half*, int, int, int)",128,17408,0,136,0,128,"SQ_WAVES",16384.000000,240196691672,240319919342
566,566,"Agent 1",1,1909,1909,524288,17,"pk_gemm(__half const*, __half const*, __half*, int, int, int)",128,17408,0,136,0,128,"SQ_INSTS_LDS",671088640.000000,240319960439,240443361874
566,566,"Agent 1",1,1909,1909,524288,17,"pk_gemm(__half const*, __half const*, __half*, int, int, int)",128,17408,0,136,0,128,"SQ_INSTS_VALU",11634278400.000000,240319960439,240443361874
566,566,"Agent 1",1,1909,1909,524288,17,"pk_gemm(__half const*, __half const*, __half*, int, int, int)",128,17408,0,136,0,128,"SQ_WAVES",16384.000000,240319960439,240443361874
567,567,"Agent 1",1,1909,1909,524288,17,"pk_gemm(__half const*, __half const*, __half*, int, int, int)",128,17408,0,136,0,128,"SQ_INSTS_LDS",671088640.000000,240443395930,240567312290
567,567,"Agent 1",1,1909,1909,524288,17,"pk_gemm(__half const*, __half const*, __half*, int, int, int)",128,17408,0,136,0,128,"SQ_INSTS_VALU",11634278400.000000,240443395930,240567312290
567,567,"Agent 1",1,1909,1909,524288,17,"pk_gemm(__half const*, __half const*, __half*, int, int, int)",128,17408,0,136,0,128,"SQ_WAVES",16384.000000,240443395930,240567312290
568,568,"Agent 1",1,1909,1909,524288,17,"pk_gemm(__half const*, __half const*, __half*, int, int, int)",128,17408,0,136,0,128,"SQ_INSTS_LDS",671088640.000000,240567349238,240690621551
568,568,"Agent 1",1,1909,1909,524288,17,"pk_gemm(__half const*, __half const*, __half*, int, int, int)",128,17408,0,136,0,128,"SQ_INSTS_VALU",11634278400.000000,240567349238,240690621551
568,568,"Agent 1",1,1909,1909,524288,17,"pk_gemm(__half const*, __half const*, __half*, int, int, int)",128,17408,0,136,0,128,"SQ_WAVES",16384.000000,240567349238,240690621551
569,569,"Agent 1",1,1909,1909,524288,17,"pk_gemm(__half const*, __half const*, __half*, int, int, int)",128,17408,0,136,0,128,"SQ_INSTS_LDS",671088640.000000,240690655833,240814180739
569,569,"Agent 1",1,1909,1909,524288,17,"pk_gemm(__half const*, __half const*, __half*, int, int, int)",128,17408,0,136,0,128,"SQ_INSTS_VALU",11634278400.000000,240690655833,240814180739
569,569,"Agent 1",1,1909,1909,524288,17,"pk_gemm(__half const*, __half const*, __half*, int, int, int)",128,17408,0,136,0,128,"SQ_WAVES",16384.000000,240690655833,240814180739
570,570,"Agent 1",1,1909,1909,524288,17,"pk_gemm(__half const*, __half const*, __half*, int, int, int)",128,17408,0,136,0,128,"SQ_INSTS_LDS",671088640.000000,240814214201,240938206742
570,570,"Agent 1",1,1909,1909,524288,17,"pk_gemm(__half const*, __half const*, __half*, int, int, int)",128,17408,0,136,0,128,"SQ_INSTS_VALU",11634278400.000000,240814214201,240938206742
570,570,"Agent 1",1,1909,1909,524288,17,"pk_gemm(__half const*, __half const*, __half*, int, int, int)",128,17408,0,136,0,128,"SQ_WAVES",16384.000000,240814214201,240938206742
571,571,"Agent 1",1,1909,1909,524288,17,"pk_gemm(__half const*, __half const*, __half*, int, int, int)",128,17408,0,136,0,128,"SQ_INSTS_LDS",671088640.000000,240938248261,241062955821
571,571,"Agent 1",1,1909,1909,524288,17,"pk_gemm(__half const*, __half const*, __half*, int, int, int)",128,17408,0,136,0,128,"SQ_INSTS_VALU",11634278400.000000,240938248261,241062955821
571,571,"Agent 1",1,1909,1909,524288,17,"pk_gemm(__half const*, __half const*, __half*, int, int, int)",128,17408,0,136,0,128,"SQ_WAVES",16384.000000,240938248261,241062955821
572,572,"Agent 1",1,1909,1909,524288,17,"pk_gemm(__half const*, __half const*, __half*, int, int, int)",128,17408,0,136,0,128,"SQ_INSTS_LDS",671088640.000000,241062991989,241186958842
572,572,"Agent 1",1,1909,1909,524288,17,"pk_gemm(__half const*, __half const*, __half*, int, int, int)",128,17408,0,136,0,128,"SQ_INSTS_VALU",11634278400.000000,241062991989,241186958842
572,572,"Agent 1",1,1909,1909,524288,17,"pk_gemm(__half const*, __half const*, __half*, int, int, int)",128,17408,0,136,0,128,"SQ_WAVES",16384.000000,241062991989,241186958842
573,573,"Agent 1",1,1909,1909,524288,17,"pk_gemm(__half const*, __half const*, __half*, int, int, int)",128,17408,0,136,0,128,"SQ_INSTS_LDS",671088640.000000,241186995550,241309725729
573,573,"Agent 1",1,1909,1909,524288,17,"pk_gemm(__half const*, __half const*, __half*, int, int, int)",128,17408,0,136,0,128,"SQ_INSTS_VALU",11634278400.000000,241186995550,241309725729
573,573,"Agent 1",1,1909,1909,524288,17,"pk_gemm(__half const*, __half const*, __half*, int, int, int)",128,17408,0,136,0,128,"SQ_WAVES",16384.000000,241186995550,241309725729
574,574,"Agent 1",1,1909,1909,524288,17,"pk_gemm(__half const*, __half const*, __half*, int, int, int)",128,17408,0,136,0,128,"SQ_INSTS_LDS",671088640.000000,241309760896,241432953781
574,574,"Agent 1",1,1909,1909,524288,17,"pk_gemm(__half const*, __half const*, __half*, int, int, int)",128,17408,0,136,0,128,"SQ_INSTS_VALU",11634278400.000000,241309760896,241432953781
574,574,"Agent 1",1,1909,1909,524288,17,"pk_gemm(__half const*, __half const*, __half*, int, int, int)",128,17408,0,136,0,128,"SQ_WAVES",16384.000000,241309760896,241432953781
575,575,"Agent 1",1,1909,1909,524288,17,"pk_gemm(__half const*, __half const*, __half*, int, int, int)",128,17408,0,136,0,128,"SQ_INSTS_LDS",671088640.000000,241432988363,241557315370
575,575,"Agent 1",1,1909,1909,524288,17,"pk_gemm(__half const*, __half const*, __half*, int, int, int)",128,17408,0,136,0,128,"SQ_INSTS_VALU",11634278400.000000,241432988363,241557315370
575,575,"Agent 1",1,1909,1909,524288,17,"pk_gemm(__half const*, __half const*, __half*, int, int, int)",128,17408,0,136,0,128,"SQ_WAVES",16384.000000,241432988363,241557315370
576,576,"Agent 1",1,1909,1909,524288,17,"pk_gemm(__half const*, __half const*, __half*, int, int, int)",128,17408,0,136,0,128,"SQ_INSTS_LDS",671088640.000000,241557349747,241680416996
576,576,"Agent 1",1,1909,1909,524288,17,"pk_gemm(__half const*, __half const*, __half*, int, int, int)",128,17408,0,136,0,128,"SQ_INSTS_VALU",11634278400.000000,241557349747,241680416996
576,576,"Agent 1",1,1909,1909,524288,17,"pk_gemm(__half const*, __half const*, __half*, int, int, int)",128,17408,0,136,0,128,"SQ_WAVES",16384.000000,241557349747,241680416996
577,577,"Agent 1",1,1909,1909,524288,17,"pk_gemm(__half const*, __half const*, __half*, int, int, int)",128,17408,0,136,0,128,"SQ_INSTS_LDS",671088640.000000,241680451861,241804057398
577,577,"Agent 1",1,1909,1909,524288,17,"pk_gemm(__half const*, __half const*, __half*, int, int, int)",128,17408,0,136,0,128,"SQ_INSTS_VALU",11634278400.000000,241680451861,241804057398
577,577,"Agent 1",1,1909,1909,524288,17,"pk_gemm(__half const*, __half const*, __half*, int, int, int)",128,17408,0,136,0,128,"SQ_WAVES",16384.000000,241680451861,241804057398
578,578,"Agent 1",1,1909,1909,524288,17,"pk_gemm(__half const*, __half const*, __half*, int, int, int)",128,17408,0,136,0,128,"SQ_INSTS_LDS",671088640.000000,241804094869,241928114340
578,578,"Agent 1",1,1909,1909,524288,17,"pk_gemm(__half const*, __half const*, __half*, int, int, int)",128,17408,0,136,0,128,"SQ_INSTS_VALU",11634278400.000000,241804094869,241928114340
578,578,"Agent 1",1,1909,1909,524288,17,"pk_gemm(__half const*, __half const*, __half*, int, int, int)",128,17408,0,136,0,128,"SQ_WAVES",16384.000000,241804094869,241928114340
579,579,"Agent 1",1,1909,1909,524288,17,"pk_gemm(__half const*, __half const*, __half*, int, int, int)",128,17408,0,136,0,128,"SQ_INSTS_LDS",671088640.000000,241928149684,242051444921
579,579,"Agent 1",1,1909,1909,524288,17,"pk_gemm(__half const*, __half const*, __half*, int, int, int)",128,17408,0,136,0,128,"SQ_INSTS_VALU",11634278400.000000,241928149684,242051444921
579,579,"Agent 1",1,1909,1909,524288,17,"pk_gemm(__half const*, __half const*, __half*, int, int, int)",128,17408,0,136,0,128,"SQ_WAVES",16384.000000,241928149684,242051444921
580,580,"Agent 1",1,1909,1909,524288,17,"pk_gemm(__half const*, __half const*, __half*, int, int, int)",128,17408,0,136,0,128,"SQ_INSTS_LDS",671088640.000000,242051478352,242174835064
580,580,"Agent 1",1,1909,1909,524288,17,"pk_gemm(__half const*, __half const*, __half*, int, int, int)",128,17408,0,136,0,128,"SQ_INSTS_VALU",11634278400.000000,242051478352,242174835064
580,580,"Agent 1",1,1909,1909,524288,17,"pk_gemm(__half const*, __half const*, __half*, int, int, int)",128,17408,0,136,0,128,"SQ_WAVES",16384.000000,242051478352,242174835064
581,581,"Agent 1",1,1909,1909,524288,17,"pk_gemm(__half const*, __half const*, __half*, int, int, int)",128,17408,0,136,0,128,"SQ_INSTS_LDS",671088640.000000,242174870159,242298130299
581,581,"Agent 1",1,1909,1909,524288,17,"pk_gemm(__half const*, __half const*, __half*, int, int, int)",128,17408,0,136,0,128,"SQ_INSTS_VALU",11634278400.000000,242174870159,242298130299
581,581,"Agent 1",1,1909,1909,524288,17,"pk_gemm(__half const*, __half const*, __half*, int, int, int)",128,17408,0,136,0,128,"SQ_WAVES",16384.000000,242174870159,242298130299
582,582,"Agent 1",1,1909,1909,524288,17,"pk_gemm(__half const*, __half const*, __half*, int, int, int)",128,17408,0,136,0,128,"SQ_INSTS_LDS",671088640.000000,242298212846,242421557294
582,582,"Agent 1",1,1909,1909,524288,17,"pk_gemm(__half const*, __half const*, __half*, int, int, int)",128,17408,0,136,0,128,"SQ_INSTS_VALU",11634278400.000000,242298212846,242421557294
582,582,"Agent 1",1,1909,1909,524288,17,"pk_gemm(__half const*, __half const*, __half*, int, int, int)",128,17408,0,136,0,128,"SQ_WAVES",16384.000000,242298212846,242421557294
583,583,"Agent 1",1,1909,1909,524288,17,"pk_gemm(__half const*, __half const*, __half*, int, int, int)",128,17408,0,136,0,128,"SQ_INSTS_LDS",671088640.000000,242421598291,242544821232
583,583,"Agent 1",1,1909,1909,524288,17,"pk_gemm(__half const*, __half const*, __half*, int, int, int)",128,17408,0,136,0,128,"SQ_INSTS_VALU",11634278400.000000,242421598291,242544821232
583,583,"Agent 1",1,1909,1909,524288,17,"pk_gemm(__half const*, __half const*, __half*, int, int, int)",128,17408,0,136,0,128,"SQ_WAVES",16384.000000,242421598291,242544821232
584,584,"Agent 1",1,1909,1909,524288,17,"pk_gemm(__half const*, __half const*, __half*, int, int, int)",128,17408,0,136,0,128,"SQ_INSTS_LDS",671088640.000000,242544861175,242668924488
584,584,"Agent 1",1,1909,1909,524288,17,"pk_gemm(__half const*, __half const*, __half*, int, int, int)",128,17408,0,136,0,128,"SQ_INSTS_VALU",11634278400.000000,242544861175,242668924488
584,584,"Agent 1",1,1909,1909,524288,17,"pk_gemm(__half const*, __half const*, __half*, int, int, int)",128,17408,0,136,0,128,"SQ_WAVES",16384.000000,242544861175,242668924488
585,585,"Agent 1",1,1909,1909,524288,17,"pk_gemm(__half const*, __half const*, __half*, int, int, int)",128,17408,0,136,0,128,"SQ_INSTS_LDS",671088640.000000,242668963827,242792200193
585,585,"Agent 1",1,1909,1909,524288,17,"pk_gemm(__half const*, __half const*, __half*, int, int, int)",128,17408,0,136,0,128,"SQ_INSTS_VALU",11634278400.000000,242668963827,242792200193
585,585,"Agent 1",1,1909,1909,524288,17,"pk_gemm(__half const*, __half const*, __half*, int, int, int)",128,17408,0,136,0,128,"SQ_WAVES",16384.000000,242668963827,242792200193
586,586,"Agent 1",1,1909,1909,524288,17,"pk_gemm(__half const*, __half const*, __half*, int, int, int)",128,17408,0,136,0,128,"SQ_INSTS_LDS",671088640.000000,242792239806,242916726232
586,586,"Agent 1",1,1909,1909,524288,17,"pk_gemm(__half const*, __half const*, __half*, int, int, int)",128,17408,0,136,0,128,"SQ_INSTS_VALU",11634278400.000000,242792239806,242916726232
586,586,"Agent 1",1,1909,1909,524288,17,"pk_gemm(__half const*, __half const*, __half*, int, int, int)",128,17408,0,136,0,128,"SQ_WAVES",16384.000000,242792239806,242916726232
587,587,"Agent 1",1,1909,1909,524288,17,"pk_gemm(__half const*, __half const*, __half*, int, int, int)",128,17408,0,136,0,128,"SQ_INSTS_LDS",671088640.000000,242916765893,243039573577
587,587,"Agent 1",1,1909,1909,524288,17,"pk_gemm(__half const*, __half const*, __half*, int, int, int)",128,17408,0,136,0,128,"SQ_INSTS_VALU",11634278400.000000,242916765893,243039573577
587,587,"Agent 1",1,1909,1909,524288,17,"pk_gemm(__half const*, __half const*, __half*, int, int, int)",128,17408,0,136,0,128,"SQ_WAVES",16384.000000,242916765893,243039573577
588,588,"Agent 1",1,1909,1909,524288,17,"pk_gemm(__half const*, __half const*, __half*, int, int, int)",128,17408,0,136,0,128,"SQ_INSTS_LDS",671088640.000000,243039610987,243162836533
588,588,"Agent 1",1,1909,1909,524288,17,"pk_gemm(__half const*, __half const*, __half*, int, int, int)",128,17408,0,136,0,128,"SQ_INSTS_VALU",11634278400.000000,243039610987,243162836533
588,588,"Agent 1",1,1909,1909,524288,17,"pk_gemm(__half const*, __half const*, __half*, int, int, int)",128,17408,0,136,0,128,"SQ_WAVES",16384.000000,243039610987,243162836533
589,589,"Agent 1",1,1909,1909,524288,17,"pk_gemm(__half const*, __half const*, __half*, int, int, int)",128,17408,0,136,0,128,"SQ_INSTS_LDS",671088640.000000,243162876729,243287069405
589,589,"Agent 1",1,1909,1909,524288,17,"pk_gemm(__half const*, __half const*, __half*, int, int, int)",128,17408,0,136,0,128,"SQ_INSTS_VALU",11634278400.000000,243162876729,243287069405
589,589,"Agent 1",1,1909,1909,524288,17,"pk_gemm(__half const*, __half const*, __half*, int, int, int)",128,17408,0,136,0,128,"SQ_WAVES",16384.000000,243162876729,243287069405
590,590,"Agent 1",1,1909,1909,524288,17,"pk_gemm(__half const*, __half const*, __half*, int, int, int)",128,17408,0,136,0,128,"SQ_INSTS_LDS",671088640.000000,243287108668,243410780008
590,590,"Agent 1",1,1909,1909,524288,17,"pk_gemm(__half const*, __half const*, __half*, int, int, int)",128,17408,0,136,0,128,"SQ_INSTS_VALU",11634278400.000000,243287108668,243410780008
590,590,"Agent 1",1,1909,1909,524288,17,"pk_gemm(__half const*, __half const*, __half*, int, int, int)",128,17408,0,136,0,128,"SQ_WAVES",16384.000000,243287108668,243410780008
591,591,"Agent 1",1,1909,1909,524288,17,"pk_gemm(__half const*, __half const*, __half*, int, int, int)",128,17408,0,136,0,128,"SQ_INSTS_LDS",671088640.000000,243410819733,243534468231
591,591,"Agent 1",1,1909,1909,524288,17,"pk_gemm(__half const*, __half const*, __half*, int, int, int)",128,17408,0,136,0,128,"SQ_INSTS_VALU",11634278400.000000,243410819733,243534468231
591,591,"Agent 1",1,1909,1909,524288,17,"pk_gemm(__half const*, __half const*, __half*, int, int, int)",128,17408,0,136,0,128,"SQ_WAVES",16384.000000,243410819733,243534468231
592,592,"Agent 1",1,1909,1909,524288,17,"pk_gemm(__half const*, __half const*, __half*, int, int, int)",128,17408,0,136,0,128,"SQ_INSTS_LDS",671088640.000000,243534504919,243657780318
592,592,"Agent 1",1,1909,1909,524288,17,"pk_gemm(__half const*, __half const*, __half*, int, int, int)",128,17408,0,136,0,128,"SQ_INSTS_VALU",11634278400.000000,243534504919,243657780318
592,592,"Agent 1",1,1909,1909,524288,17,"pk_gemm(__half const*, __half const*, __half*, int, int, int)",128,17408,0,136,0,128,"SQ_WAVES",16384.000000,243534504919,243657780318
593,593,"Agent 1",1,1909,1909,524288,17,"pk_gemm(__half const*, __half const*, __half*, int, int, int)",128,17408,0,136,0,128,"SQ_INSTS_LDS",671088640.000000,243657816815,243781433252
593,593,"Agent 1",1,1909,1909,524288,17,"pk_gemm(__half const*, __half const*, __half*, int, int, int)",128,17408,0,136,0,128,"SQ_INSTS_VALU",11634278400.000000,243657816815,243781433252
593,593,"Agent 1",1,1909,1909,524288,17,"pk_gemm(__half const*, __half const*, __half*, int, int, int)",128,17408,0,136,0,128,"SQ_WAVES",16384.000000,243657816815,243781433252
594,594,"Agent 1",1,1909,1909,524288,17,"pk_gemm(__half const*, __half const*, __half*, int, int, int)",128,17408,0,136,0,128,"SQ_INSTS_LDS",671088640.000000,243781470091,243904402769
594,594,"Agent 1",1,1909,1909,524288,17,"pk_gemm(__half const*, __half const*, __half*, int, int, int)",128,17408,0,136,0,128,"SQ_INSTS_VALU",11634278400.000000,243781470091,243904402769
594,594,"Agent 1",1,1909,1909,524288,17,"pk_gemm(__half const*, __half const*, __half*, int, int, int)",128,17408,0,136,0,128,"SQ_WAVES",16384.000000,243781470091,243904402769
595,595,"Agent 1",1,1909,1909,524288,17,"pk_gemm(__half const*, __half const*, __half*, int, int, int)",128,17408,0,136,0,128,"SQ_INSTS_LDS",671088640.000000,243904445440,244027740545
595,595,"Agent 1",1,1909,1909,524288,17,"pk_gemm(__half const*, __half const*, __half*, int, int, int)",128,17408,0,136,0,128,"SQ_INSTS_VALU",11634278400.000000,243904445440,244027740545
595,595,"Agent 1",1,1909,1909,524288,17,"pk_gemm(__half const*, __half const*, __half*, int, int, int)",128,17408,0,136,0,128,"SQ_WAVES",16384.000000,243904445440,244027740545
596,596,"Agent 1",1,1909,1909,524288,17,"pk_gemm(__half const*, __half const*, __half*, int, int, int)",128,17408,0,136,0,128,"SQ_INSTS_LDS",671088640.000000,244027779902,244150974469
596,596,"Agent 1",1,1909,1909,524288,17,"pk_gemm(__half const*, __half const*, __half*, int, int, int)",128,17408,0,136,0,128,"SQ_INSTS_VALU",11634278400.000000,244027779902,244150974469
596,596,"Agent 1",1,1909,1909,524288,17,"pk_gemm(__half const*, __half const*, __half*, int, int, int)",128,17408,0,136,0,128,"SQ_WAVES",16384.000000,244027779902,244150974469
597,597,"Agent 1",1,1909,1909,524288,17,"pk_gemm(__half const*, __half const*, __half*, int, int, int)",128,17408,0,136,0,128,"SQ_INSTS_LDS",671088640.000000,244151012037,244274923787
597,597,"Agent 1",1,1909,1909,524288,17,"pk_gemm(__half const*, __half const*, __half*, int, int, int)",128,17408,0,136,0,128,"SQ_INSTS_VALU",11634278400.000000,244151012037,244274923787
597,597,"Agent 1",1,1909,1909,524288,17,"pk_gemm(__half const*, __half const*, __half*, int, int, int)",128,17408,0,136,0,128,"SQ_WAVES",16384.000000,244151012037,244274923787
598,598,"Agent 1",1,1909,1909,524288,17,"pk_gemm(__half const*, __half const*, __half*, int, int, int)",128,17408,0,136,0,128,"SQ_INSTS_LDS",671088640.000000,244274959935,244399288705
598,598,"Agent 1",1,1909,1909,524288,17,"pk_gemm(__half const*, __half const*, __half*, int, int, int)",128,17408,0,136,0,128,"SQ_INSTS_VALU",11634278400.000000,244274959935,244399288705
598,598,"Agent 1",1,1909,1909,524288,17,"pk_gemm(__half const*, __half const*, __half*, int, int, int)",128,17408,0,136,0,128,"SQ_WAVES",16384.000000,244274959935,244399288705
599,599,"Agent 1",1,1909,1909,524288,17,"pk_gemm(__half const*, __half const*, __half*, int, int, int)",128,17408,0,136,0,128,"SQ_INSTS_LDS",671088640.000000,244399326627,244523908472
599,599,"Agent 1",1,1909,1909,524288,17,"pk_gemm(__half const*, __half const*, __half*, int, int, int)",128,17408,0,136,0,128,"SQ_INSTS_VALU",11634278400.000000,244399326627,244523908472
599,599,"Agent 1",1,1909,1909,524288,17,"pk_gemm(__half const*, __half const*, __half*, int, int, int)",128,17408,0,136,0,128,"SQ_WAVES",16384.000000,244399326627,244523908472
600,600,"Agent 1",1,1909,1909,524288,17,"pk_gemm(__half const*, __half const*, __half*, int, int, int)",128,17408,0,136,0,128,"SQ_INSTS_LDS",671088640.000000,244523945388,244646896821
600,600,"Agent 1",1,1909,1909,524288,17,"pk_gemm(__half const*, __half const*, __half*, int, int, int)",128,17408,0,136,0,128,"SQ_INSTS_VALU",11634278400.000000,244523945388,244646896821
600,600,"Agent 1",1,1909,1909,524288,17,"pk_gemm(__half const*, __half const*, __half*, int, int, int)",128,17408,0,136,0,128,"SQ_WAVES",16384.000000,244523945388,244646896821
601,601,"Agent 1",1,1909,1909,524288,17,"pk_gemm(__half const*, __half const*, __half*, int, int, int)",128,17408,0,136,0,128,"SQ_INSTS_LDS",671088640.000000,244646934375,244770635851
601,601,"Agent 1",1,1909,1909,524288,17,"pk_gemm(__half const*, __half const*, __half*, int, int, int)",128,17408,0,136,0,128,"SQ_INSTS_VALU",11634278400.000000,244646934375,244770635851
601,601,"Agent 1",1,1909,1909,524288,17,"pk_gemm(__half const*, __half const*, __half*, int, int, int)",128,17408,0,136,0,128,"SQ_WAVES",16384.000000,244646934375,244770635851
602,602,"Agent 1",1,1909,1909,524288,17,"pk_gemm(__half const*, __half const*, __half*, int, int, int)",128,17408,0,136,0,128,"SQ_INSTS_LDS",671088640.000000,244770673770,244893978985
602,602,"Agent 1",1,1909,1909,524288,17,"pk_gemm(__half const*, __half const*, __half*, int, int, int)",128,17408,0,136,0,128,"SQ_INSTS_VALU",11634278400.000000,244770673770,244893978985
602,602,"Agent 1",1,1909,1909,524288,17,"pk_gemm(__half const*, __half const*, __half*, int, int, int)",128,17408,0,136,0,128,"SQ_WAVES",16384.000000,244770673770,244893978985
603,603,"Agent 1",1,1909,1909,524288,17,"pk_gemm(__half const*, __half const*, __half*, int, int, int)",128,17408,0,136,0,128,"SQ_INSTS_LDS",671088640.000000,244894015715,245017592398
603,603,"Agent 1",1,1909,1909,524288,17,"pk_gemm(__half const*, __half const*, __half*, int, int, int)",128,17408,0,136,0,128,"SQ_INSTS_VALU",11634278400.000000,244894015715,245017592398
603,603,"Agent 1",1,1909,1909,524288,17,"pk_gemm(__half const*, __half const*, __half*, int, int, int)",128,17408,0,136,0,128,"SQ_WAVES",16384.000000,244894015715,245017592398
604,604,"Agent 1",1,1909,1909,524288,17,"pk_gemm(__half const*, __half const*, __half*, int, int, int)",128,17408,0,136,0,128,"SQ_INSTS_LDS",671088640.000000,245017629537,245141001918
604,604,"Agent 1",1,1909,1909,524288,17,"pk_gemm(__half const*, __half const*, __half*, int, int, int)",128,17408,0,136,0,128,"SQ_INSTS_VALU",11634278400.000000,245017629537,245141001918
604,604,"Agent 1",1,1909,1909,524288,17,"pk_gemm(__half const*, __half const*, __half*, int, int, int)",128,17408,0,136,0,128,"SQ_WAVES",16384.000000,245017629537,245141001918
605,605,"Agent 1",1,1909,1909,524288,17,"pk_gemm(__half const*, __half const*, __half*, int, int, int)",128,17408,0,136,0,128,"SQ_INSTS_LDS",671088640.000000,245141040219,245264576065
605,605,"Agent 1",1,1909,1909,524288,17,"pk_gemm(__half const*, __half const*, __half*, int, int, int)",128,17408,0,136,0,128,"SQ_INSTS_VALU",11634278400.000000,245141040219,245264576065
605,605,"Agent 1",1,1909,1909,524288,17,"pk_gemm(__half const*, __half const*, __half*, int, int, int)",128,17408,0,136,0,128,"SQ_WAVES",16384.000000,245141040219,245264576065
606,606,"Agent 1",1,1909,1909,524288,17,"pk_gemm(__half const*, __half const*, __half*, int, int, int)",128,17408,0,136,0,128,"SQ_INSTS_LDS",671088640.000000,245264611011,245388227688
606,606,"Agent 1",1,1909,1909,524288,17,"pk_gemm(__half const*, __half const*, __half*, int, int, int)",128,17408,0,136,0,128,"SQ_INSTS_VALU",11634278400.000000,245264611011,245388227688
606,606,"Agent 1",1,1909,1909,524288,17,"pk_gemm(__half const*, __half const*, __half*, int, int, int)",128,17408,0,136,0,128,"SQ_WAVES",16384.000000,245264611011,245388227688
607,607,"Agent 1",1,1909,1909,524288,17,"pk_gemm(__half const*, __half const*, __half*, int, int, int)",128,17408,0,136,0,128,"SQ_INSTS_LDS",671088640.000000,245388262183,245511425693
607,607,"Agent 1",1,1909,1909,524288,17,"pk_gemm(__half const*, __half const*, __half*, int, int, int)",128,17408,0,136,0,128,"SQ_INSTS_VALU",11634278400.000000,245388262183,245511425693
607,607,"Agent 1",1,1909,1909,524288,17,"pk_gemm(__half const*, __half const*, __half*, int, int, int)",128,17408,0,136,0,128,"SQ_WAVES",16384.000000,245388262183,245511425693
608,608,"Agent 1",1,1909,1909,524288,17,"pk_gemm(__half const*, __half const*, __half*, int, int, int)",128,17408,0,136,0,128,"SQ_INSTS_LDS",671088640.000000,245511459949,245635217370
608,608,"Agent 1",1,1909,1909,524288,17,"pk_gemm(__half const*, __half const*, __half*, int, int, int)",128,17408,0,136,0,128,"SQ_INSTS_VALU",11634278400.000000,245511459949,245635217370
608,608,"Agent 1",1,1909,1909,524288,17,"pk_gemm(__half const*, __half const*, __half*, int, int, int)",128,17408,0,136,0,128,"SQ_WAVES",16384.000000,245511459949,245635217370
609,609,"Agent 1",1,1909,1909,524288,17,"pk_gemm(__half const*, __half const*, __half*, int, int, int)",128,17408,0,136,0,128,"SQ_INSTS_LDS",671088640.000000,245635252302,245760106696
609,609,"Agent 1",1,1909,1909,524288,17,"pk_gemm(__half const*, __half const*, __half*, int, int, int)",128,17408,0,136,0,128,"SQ_INSTS_VALU",11634278400.000000,245635252302,245760106696
609,609,"Agent 1",1,1909,1909,524288,17,"pk_gemm(__half const*, __half const*, __half*, int, int, int)",128,17408,0,136,0,128,"SQ_WAVES",16384.000000,245635252302,245760106696
610,610,"Agent 1",1,1909,1909,524288,17,"pk_gemm(__half const*, __half const*, __half*, int, int, int)",128,17408,0,136,0,128,"SQ_INSTS_LDS",671088640.000000,245760141032,245884302530
610,610,"Agent 1",1,1909,1909,524288,17,"pk_gemm(__half const*, __half const*, __half*, int, int, int)",128,17408,0,136,0,128,"SQ_INSTS_VALU",11634278400.000000,245760141032,245884302530
610,610,"Agent 1",1,1909,1909,524288,17,"pk_gemm(__half const*, __half const*, __half*, int, int, int)",128,17408,0,136,0,128,"SQ_WAVES",16384.000000,245760141032,245884302530
611,611,"Agent 1",1,1909,1909,524288,17,"pk_gemm(__half const*, __half const*, __half*, int, int, int)",128,17408,0,136,0,128,"SQ_INSTS_LDS",671088640.000000,245884338086,246008618896
611,611,"Agent 1",1,1909,1909,524288,17,"pk_gemm(__half const*, __half const*, __half*, int, int, int)",128,17408,0,136,0,128,"SQ_INSTS_VALU",11634278400.000000,245884338086,246008618896
611,611,"Agent 1",1,1909,1909,524288,17,"pk_gemm(__half const*, __half const*, __half*, int, int, int)",128,17408,0,136,0,128,"SQ_WAVES",16384.000000,245884338086,246008618896
612,612,"Agent 1",1,1909,1909,524288,17,"pk_gemm(__half const*, __half const*, __half*, int, int, int)",128,17408,0,136,0,128,"SQ_INSTS_LDS",671088640.000000,246008700899,246132364345
612,612,"Agent 1",1,1909,1909,524288,17,"pk_gemm(__half const*, __half const*, __half*, int, int, int)",128,17408,0,136,0,128,"SQ_INSTS_VALU",11634278400.000000,246008700899,246132364345
612,612,"Agent 1",1,1909,1909,524288,17,"pk_gemm(__half const*, __half const*, __half*, int, int, int)",128,17408,0,136,0,128,"SQ_WAVES",16384.000000,246008700899,246132364345
613,613,"Agent 1",1,1909,1909,524288,17,"pk_gemm(__half const*, __half const*, __half*, int, int, int)",128,17408,0,136,0,128,"SQ_INSTS_LDS",671088640.000000,246132404901,246255602955
613,613,"Agent 1",1,1909,1909,524288,17,"pk_gemm(__half const*, __half const*, __half*, int, int, int)",128,17408,0,136,0,128,"SQ_INSTS_VALU",11634278400.000000,246132404901,246255602955
613,613,"Agent 1",1,1909,1909,524288,17,"pk_gemm(__half const*, __half const*, __half*, int, int, int)",128,17408,0,136,0,128,"SQ_WAVES",16384.000000,246132404901,246255602955
614,614,"Agent 1",1,1909,1909,524288,17,"pk_gemm(__half const*, __half const*, __half*, int, int, int)",128,17408,0,136,0,128,"SQ_INSTS_LDS",671088640.000000,246255643573,246379697028
614,614,"Agent 1",1,1909,1909,524288,17,"pk_gemm(__half const*, __half const*, __half*, int, int, int)",128,17408,0,136,0,128,"SQ_INSTS_VALU",11634278400.000000,246255643573,246379697028
614,614,"Agent 1",1,1909,1909,524288,17,"pk_gemm(__half const*, __half const*, __half*, int, int, int)",128,17408,0,136,0,128,"SQ_WAVES",16384.000000,246255643573,246379697028
615,615,"Agent 1",1,1909,1909,524288,17,"pk_gemm(__half const*, __half const*, __half*, int, int, int)",128,17408,0,136,0,128,"SQ_INSTS_LDS",671088640.000000,246379736419,246502728528
615,615,"Agent 1",1,1909,1909,524288,17,"pk_gemm(__half const*, __half const*, __half*, int, int, int)",128,17408,0,136,0,128,"SQ_INSTS_VALU",11634278400.000000,246379736419,246502728528
615,615,"Agent 1",1,1909,1909,524288,17,"pk_gemm(__half const*, __half const*, __half*, int, int, int)",128,17408,0,136,0,128,"SQ_WAVES",16384.000000,246379736419,246502728528
616,616,"Agent 1",1,1909,1909,524288,17,"pk_gemm(__half const*, __half const*, __half*, int, int, int)",128,17408,0,136,0,128,"SQ_INSTS_LDS",671088640.000000,246502767381,246626719287
616,616,"Agent 1",1,1909,1909,524288,17,"pk_gemm(__half const*, __half const*, __half*, int, int, int)",128,17408,0,136,0,128,"SQ_INSTS_VALU",11634278400.000000,246502767381,246626719287
616,616,"Agent 1",1,1909,1909,524288,17,"pk_gemm(__half const*, __half const*, __half*, int, int, int)",128,17408,0,136,0,128,"SQ_WAVES",16384.000000,246502767381,246626719287
617,617,"Agent 1",1,1909,1909,524288,17,"pk_gemm(__half const*, __half const*, __half*, int, int, int)",128,17408,0,136,0,128,"SQ_INSTS_LDS",671088640.000000,246626757768,246750068072
617,617,"Agent 1",1,1909,1909,524288,17,"pk_gemm(__half const*, __half const*, __half*, int, int, int)",128,17408,0,136,0,128,"SQ_INSTS_VALU",11634278400.000000,246626757768,246750068072
617,617,"Agent 1",1,1909,1909,524288,17,"pk_gemm(__half const*, __half const*, __half*, int, int, int)",128,17408,0,136,0,128,"SQ_WAVES",16384.000000,246626757768,246750068072
618,618,"Agent 1",1,1909,1909,524288,17,"pk_gemm(__half const*, __half const*, __half*, int, int, int)",128,17408,0,136,0,128,"SQ_INSTS_LDS",671088640.000000,246750106256,246873716442
618,618,"Agent 1",1,1909,1909,524288,17,"pk_gemm(__half const*, __half const*, __half*, int, int, int)",128,17408,0,136,0,128,"SQ_INSTS_VALU",11634278400.000000,246750106256,246873716442
618,618,"Agent 1",1,1909,1909,524288,17,"pk_gemm(__half const*, __half const*, __half*, int, int, int)",128,17408,0,136,0,128,"SQ_WAVES",16384.000000,246750106256,246873716442
619,619,"Agent 1",1,1909,1909,524288,17,"pk_gemm(__half const*, __half const*, __half*, int, int, int)",128,17408,0,136,0,128,"SQ_INSTS_LDS",671088640.000000,246873758608,246997389032
619,619,"Agent 1",1,1909,1909,524288,17,"pk_gemm(__half const*, __half const*, __half*, int, int, int)",128,17408,0,136,0,128,"SQ_INSTS_VALU",11634278400.000000,246873758608,246997389032
619,619,"Agent 1",1,1909,1909,524288,17,"pk_gemm(__half const*, __half const*, __half*, int, int, int)",128,17408,0,136,0,128,"SQ_WAVES",16384.000000,246873758608,246997389032
620,620,"Agent 1",1,1909,1909,524288,17,"pk_gemm(__half const*, __half const*, __half*, int, int, int)",128,17408,0,136,0,128,"SQ_INSTS_LDS",671088640.000000,246997429149,247120137807
620,620,"Agent 1",1,1909,1909,524288,17,"pk_gemm(__half const*, __half const*, __half*, int, int, int)",128,17408,0,136,0,128,"SQ_INSTS_VALU",11634278400.000000,246997429149,247120137807
620,620,"Agent 1",1,1909,1909,524288,17,"pk_gemm(__half const*, __half const*, __half*, int, int, int)",128,17408,0,136,0,128,"SQ_WAVES",16384.000000,246997429149,247120137807
621,621,"Agent 1",1,1909,1909,524288,17,"pk_gemm(__half const*, __half const*, __half*, int, int, int)",128,17408,0,136,0,128,"SQ_INSTS_LDS",671088640.000000,247120176750,247243466415
621,621,"Agent 1",1,1909,1909,524288,17,"pk_gemm(__half const*, __half const*, __half*, int, int, int)",128,17408,0,136,0,128,"SQ_INSTS_VALU",11634278400.000000,247120176750,247243466415
621,621,"Agent 1",1,1909,1909,524288,17,"pk_gemm(__half const*, __half const*, __half*, int, int, int)",128,17408,0,136,0,128,"SQ_WAVES",16384.000000,247120176750,247243466415
622,622,"Agent 1",1,1909,1909,524288,17,"pk_gemm(__half const*, __half const*, __half*, int, int, int)",128,17408,0,136,0,128,"SQ_INSTS_LDS",671088640.000000,247243509867,247367907507
622,622,"Agent 1",1,1909,1909,524288,17,"pk_gemm(__half const*, __half const*, __half*, int, int, int)",128,17408,0,136,0,128,"SQ_INSTS_VALU",11634278400.000000,247243509867,247367907507
622,622,"Agent 1",1,1909,1909,524288,17,"pk_gemm(__half const*, __half const*, __half*, int, int, int)",128,17408,0,136,0,128,"SQ_WAVES",16384.000000,247243509867,247367907507
623,623,"Agent 1",1,1909,1909,524288,17,"pk_gemm(__half const*, __half const*, __half*, int, int, int)",128,17408,0,136,0,128,"SQ_INSTS_LDS",671088640.000000,247367946180,247491887465
623,623,"Agent 1",1,1909,1909,524288,17,"pk_gemm(__half const*, __half const*, __half*, int, int, int)",128,17408,0,136,0,128,"SQ_INSTS_VALU",11634278400.000000,247367946180,247491887465
623,623,"Agent 1",1,1909,1909,524288,17,"pk_gemm(__half const*, __half const*, __half*, int, int, int)",128,17408,0,136,0,128,"SQ_WAVES",16384.000000,247367946180,247491887465
624,624,"Agent 1",1,1909,1909,524288,17,"pk_gemm(__half const*, __half const*, __half*, int, int, int)",128,17408,0,136,0,128,"SQ_INSTS_LDS",671088640.000000,247491926984,247615860336
624,624,"Agent 1",1,1909,1909,524288,17,"pk_gemm(__half const*, __half const*, __half*, int, int, int)",128,17408,0,136,0,128,"SQ_INSTS_VALU",11634278400.000000,247491926984,247615860336
624,624,"Agent 1",1,1909,1909,524288,17,"pk_gemm(__half const*, __half const*, __half*, int, int, int)",128,17408,0,136,0,128,"SQ_WAVES",16384.000000,247491926984,247615860336
625,625,"Agent 1",1,1909,1909,524288,17,"pk_gemm(__half const*, __half const*, __half*, int, int, int)",128,17408,0,136,0,128,"SQ_INSTS_LDS",671088640.000000,247615898420,247739941736
625,625,"Agent 1",1,1909,1909,524288,17,"pk_gemm(__half const*, __half const*, __half*, int, int, int)",128,17408,0,136,0,128,"SQ_INSTS_VALU",11634278400.000000,247615898420,247739941736
625,625,"Agent 1",1,1909,1909,524288,17,"pk_gemm(__half const*, __half const*, __half*, int, int, int)",128,17408,0,136,0,128,"SQ_WAVES",16384.000000,247615898420,247739941736
626,626,"Agent 1",1,1909,1909,524288,17,"pk_gemm(__half const*, __half const*, __half*, int, int, int)",128,17408,0,136,0,128,"SQ_INSTS_LDS",671088640.000000,247739978987,247863489386
626,626,"Agent 1",1,1909,1909,524288,17,"pk_gemm(__half const*, __half const*, __half*, int, int, int)",128,17408,0,136,0,128,"SQ_INSTS_VALU",11634278400.000000,247739978987,247863489386
626,626,"Agent 1",1,1909,1909,524288,17,"pk_gemm(__half const*, __half const*, __half*, int, int, int)",128,17408,0,136,0,128,"SQ_WAVES",16384.000000,247739978987,247863489386
627,627,"Agent 1",1,1909,1909,524288,17,"pk_gemm(__half const*, __half const*, __half*, int, int, int)",128,17408,0,136,0,128,"SQ_INSTS_LDS",671088640.000000,247863526857,247988120764
627,627,"Agent 1",1,1909,1909,524288,17,"pk_gemm(__half const*, __half const*, __half*, int, int, int)",128,17408,0,136,0,128,"SQ_INSTS_VALU",11634278400.000000,247863526857,247988120764
627,627,"Agent 1",1,1909,1909,524288,17,"pk_gemm(__half const*, __half const*, __half*, int, int, int)",128,17408,0,136,0,128,"SQ_WAVES",16384.000000,247863526857,247988120764
628,628,"Agent 1",1,1909,1909,524288,17,"pk_gemm(__half const*, __half const*, __half*, int, int, int)",128,17408,0,136,0,128,"SQ_INSTS_LDS",671088640.000000,247988158193,248110987878
628,628,"Agent 1",1,1909,1909,524288,17,"pk_gemm(__half const*, __half const*, __half*, int, int, int)",128,17408,0,136,0,128,"SQ_INSTS_VALU",11634278400.000000,247988158193,248110987878
628,628,"Agent 1",1,1909,1909,524288,17,"pk_gemm(__half const*, __half const*, __half*, int, int, int)",128,17408,0,136,0,128,"SQ_WAVES",16384.000000,247988158193,248110987878
629,629,"Agent 1",1,1909,1909,524288,17,"pk_gemm(__half const*, __half const*, __half*, int, int, int)",128,17408,0,136,0,128,"SQ_INSTS_LDS",671088640.000000,248111023169,248235199815
629,629,"Agent 1",1,1909,1909,524288,17,"pk_gemm(__half const*, __half const*, __half*, int, int, int)",128,17408,0,136,0,128,"SQ_INSTS_VALU",11634278400.000000,248111023169,248235199815
629,629,"Agent 1",1,1909,1909,524288,17,"pk_gemm(__half const*, __half const*, __half*, int, int, int)",128,17408,0,136,0,128,"SQ_WAVES",16384.000000,248111023169,248235199815
630,630,"Agent 1",1,1909,1909,524288,17,"pk_gemm(__half const*, __half const*, __half*, int, int, int)",128,17408,0,136,0,128,"SQ_INSTS_LDS",671088640.000000,248235238808,248357954021
630,630,"Agent 1",1,1909,1909,524288,17,"pk_gemm(__half const*, __half const*, __half*, int, int, int)",128,17408,0,136,0,128,"SQ_INSTS_VALU",11634278400.000000,248235238808,248357954021
630,630,"Agent 1",1,1909,1909,524288,17,"pk_gemm(__half const*, __half const*, __half*, int, int, int)",128,17408,0,136,0,128,"SQ_WAVES",16384.000000,248235238808,248357954021
631,631,"Agent 1",1,1909,1909,524288,17,"pk_gemm(__half const*, __half const*, __half*, int, int, int)",128,17408,0,136,0,128,"SQ_INSTS_LDS",671088640.000000,248357988635,248482443722
631,631,"Agent 1",1,1909,1909,524288,17,"pk_gemm(__half const*, __half const*, __half*, int, int, int)",128,17408,0,136,0,128,"SQ_INSTS_VALU",11634278400.000000,248357988635,248482443722
631,631,"Agent 1",1,1909,1909,524288,17,"pk_gemm(__half const*, __half const*, __half*, int, int, int)",128,17408,0,136,0,128,"SQ_WAVES",16384.000000,248357988635,248482443722
632,632,"Agent 1",1,1909,1909,524288,17,"pk_gemm(__half const*, __half const*, __half*, int, int, int)",128,17408,0,136,0,128,"SQ_INSTS_LDS",671088640.000000,248482481526,248605327882
632,632,"Agent 1",1,1909,1909,524288,17,"pk_gemm(__half const*, __half const*, __half*, int, int, int)",128,17408,0,136,0,128,"SQ_INSTS_VALU",11634278400.000000,248482481526,248605327882
632,632,"Agent 1",1,1909,1909,524288,17,"pk_gemm(__half const*, __half const*, __half*, int, int, int)",128,17408,0,136,0,128,"SQ_WAVES",16384.000000,248482481526,248605327882
633,633,"Agent 1",1,1909,1909,524288,17,"pk_gemm(__half const*, __half const*, __half*, int, int, int)",128,17408,0,136,0,128,"SQ_INSTS_LDS",671088640.000000,248605363335,248728556701
633,633,"Agent 1",1,1909,1909,524288,17,"pk_gemm(__half const*, __half const*, __half*, int, int, int)",128,17408,0,136,0,128,"SQ_INSTS_VALU",11634278400.000000,248605363335,248728556701
633,633,"Agent 1",1,1909,1909,524288,17,"pk_gemm(__half const*, __half const*, __half*, int, int, int)",128,17408,0,136,0,128,"SQ_WAVES",16384.000000,248605363335,248728556701
634,634,"Agent 1",1,1909,1909,524288,17,"pk_gemm(__half const*, __half const*, __half*, int, int, int)",128,17408,0,136,0,128,"SQ_INSTS_LDS",671088640.000000,248728592439,248851987743
634,634,"Agent 1",1,1909,1909,524288,17,"pk_gemm(__half const*, __half const*, __half*, int, int, int)",128,17408,0,136,0,128,"SQ_INSTS_VALU",11634278400.000000,248728592439,248851987743
634,634,"Agent 1",1,1909,1909,524288,17,"pk_gemm(__half const*, __half const*, __half*, int, int, int)",128,17408,0,136,0,128,"SQ_WAVES",16384.000000,248728592439,248851987743
635,635,"Agent 1",1,1909,1909,524288,17,"pk_gemm(__half const*, __half const*, __half*, int, int, int)",128,17408,0,136,0,128,"SQ_INSTS_LDS",671088640.000000,248852021598,248975651821
635,635,"Agent 1",1,1909,1909,524288,17,"pk_gemm(__half const*, __half const*, __half*, int, int, int)",128,17408,0,136,0,128,"SQ_INSTS_VALU",11634278400.000000,248852021598,248975651821
635,635,"Agent 1",1,1909,1909,524288,17,"pk_gemm(__half const*, __half const*, __half*, int, int, int)",128,17408,0,136,0,128,"SQ_WAVES",16384.000000,248852021598,248975651821
636,636,"Agent 1",1,1909,1909,524288,17,"pk_gemm(__half const*, __half const*, __half*, int, int, int)",128,17408,0,136,0,128,"SQ_INSTS_LDS",671088640.000000,248975685964,249099440701
636,636,"Agent 1",1,1909,1909,524288,17,"pk_gemm(__half const*, __half const*, __half*, int, int, int)",128,17408,0,136,0,128,"SQ_INSTS_VALU",11634278400.000000,248975685964,249099440701
636,636,"Agent 1",1,1909,1909,524288,17,"pk_gemm(__half const*, __half const*, __half*, int, int, int)",128,17408,0,136,0,128,"SQ_WAVES",16384.000000,248975685964,249099440701
637,637,"Agent 1",1,1909,1909,524288,17,"pk_gemm(__half const*, __half const*, __half*, int, int, int)",128,17408,0,136,0,128,"SQ_INSTS_LDS",671088640.000000,249099473820,249222715075
637,637,"Agent 1",1,1909,1909,524288,17,"pk_gemm(__half const*, __half const*, __half*, int, int, int)",128,17408,0,136,0,128,"SQ_INSTS_VALU",11634278400.000000,249099473820,249222715075
637,637,"Agent 1",1,1909,1909,524288,17,"pk_gemm(__half const*, __half const*, __half*, int, int, int)",128,17408,0,136,0,128,"SQ_WAVES",16384.000000,249099473820,249222715075
638,638,"Agent 1",1,1909,1909,524288,17,"pk_gemm(__half const*, __half const*, __half*, int, int, int)",128,17408,0,136,0,128,"SQ_INSTS_LDS",671088640.000000,249222748497,249346195577
638,638,"Agent 1",1,1909,1909,524288,17,"pk_gemm(__half const*, __half const*, __half*, int, int, int)",128,17408,0,136,0,128,"SQ_INSTS_VALU",11634278400.000000,249222748497,249346195577
638,638,"Agent 1",1,1909,1909,524288,17,"pk_gemm(__half const*, __half const*, __half*, int, int, int)",128,17408,0,136,0,128,"SQ_WAVES",16384.000000,249222748497,249346195577
639,639,"Agent 1",1,1909,1909,524288,17,"pk_gemm(__half const*, __half const*, __half*, int, int, int)",128,17408,0,136,0,128,"SQ_INSTS_LDS",671088640.000000,249346227198,249469521072
639,639,"Agent 1",1,1909,1909,524288,17,"pk_gemm(__half const*, __half const*, __half*, int, int, int)",128,17408,0,136,0,128,"SQ_INSTS_VALU",11634278400.000000,249346227198,249469521072
639,639,"Agent 1",1,1909,1909,524288,17,"pk_gemm(__half const*, __half const*, __half*, int, int, int)",128,17408,0,136,0,128,"SQ_WAVES",16384.000000,249346227198,249469521072
640,640,"Agent 1",1,1909,1909,524288,17,"pk_gemm(__half const*, __half const*, __half*, int, int, int)",128,17408,0,136,0,128,"SQ_INSTS_LDS",671088640.000000,249469552129,249592421087
640,640,"Agent 1",1,1909,1909,524288,17,"pk_gemm(__half const*, __half const*, __half*, int, int, int)",128,17408,0,136,0,128,"SQ_INSTS_VALU",11634278400.000000,249469552129,249592421087
640,640,"Agent 1",1,1909,1909,524288,17,"pk_gemm(__half const*, __half const*, __half*, int, int, int)",128,17408,0,136,0,128,"SQ_WAVES",16384.000000,249469552129,249592421087
641,641,"Agent 1",1,1909,1909,524288,17,"pk_gemm(__half const*, __half const*, __half*, int, int, int)",128,17408,0,136,0,128,"SQ_INSTS_LDS",671088640.000000,249592453180,249716199300
641,641,"Agent 1",1,1909,1909,524288,17,"pk_gemm(__half const*, __half const*, __half*, int, int, int)",128,17408,0,136,0,128,"SQ_INSTS_VALU",11634278400.000000,249592453180,249716199300
641,641,"Agent 1",1,1909,1909,524288,17,"pk_gemm(__half const*, __half const*, __half*, int, int, int)",128,17408,0,136,0,128,"SQ_WAVES",16384.000000,249592453180,249716199300
