"Correlation_Id","Dispatch_Id","Agent_Id","Queue_Id","Process_Id","Thread_Id","Grid_Size","Kernel_Id","Kernel_Name","Workgroup_Size","LDS_Block_Size","Scratch_Size","VGPR_Count","Accum_VGPR_Count","SGPR_Count","Counter_Name","Counter_Value","Start_Timestamp","End_Timestamp"
1,1,"Agent 1",1,22417,22417,256,17,"pk_gemm(__half const*, __half const*, __half*, int, int, int)",128,8704,0,208,0,128,"GL2C_HIT_sum",0.00000000e+00,2910051645103,2910051731865
1,1,"Agent 1",1,22417,22417,256,17,"pk_gemm(__half const*, __half const*, __half*, int, int, int)",128,8704,0,208,0,128,"GL2C_MISS_sum",512.000000,2910051645103,2910051731865
2,2,"Agent 1",1,22417,22417,2048,17,"pk_gemm(__half const*, __half const*, __half*, int, int, int)",128,8704,0,208,0,128,"GL2C_HIT_sum",4.000000,2910059140696,2910059396375
2,2,"Agent 1",1,22417,22417,2048,17,"pk_gemm(__half const*, __half const*, __half*, int, int, int)",128,8704,0,208,0,128,"GL2C_MISS_sum",18816.000000,2910059140696,2910059396375
3,3,"Agent 1",1,22417,22417,2048,17,"pk_gemm(__half const*, __half const*, __half*, int, int, int)",128,8704,0,208,0,128,"GL2C_HIT_sum",0.00000000e+00,2910059845256,2910060155396
3,3,"Agent 1",1,22417,22417,2048,17,"pk_gemm(__half const*, __half const*, __half*, int, int, int)",128,8704,0,208,0,128,"GL2C_MISS_sum",33536.000000,2910059845256,2910060155396
4,4,"Agent 1",1,22417,22417,2048,17,"pk_gemm(__half const*, __half const*, __half*, int, int, int)",128,8704,0,208,0,128,"GL2C_HIT_sum",0.00000000e+00,2910060418809,2910060591453
4,4,"Agent 1",1,22417,22417,2048,17,"pk_gemm(__half const*, __half const*, __half*, int, int, int)",128,8704,0,208,0,128,"GL2C_MISS_sum",0.00000000e+00,2910060418809,2910060591453
5,5,"Agent 1",1,22417,22417,2048,17,"pk_gemm(__half const*, __half const*, __half*, int, int, int)",128,8704,0,208,0,128,"GL2C_HIT_sum",0.00000000e+00,2910060811425,2910060972566
5,5,"Agent 1",1,22417,22417,2048,17,"pk_gemm(__half const*, __half const*, __half*, int, int, int)",128,8704,0,208,0,128,"GL2C_MISS_sum",0.00000000e+00,2910060811425,2910060972566
6,6,"Agent 1",1,22417,22417,2048,17,"pk_gemm(__half const*, __half const*, __half*, int, int, int)",128,8704,0,208,0,128,"GL2C_HIT_sum",0.00000000e+00,2910061192218,2910061353439
6,6,"Agent 1",1,22417,22417,2048,17,"pk_gemm(__half const*, __half const*, __half*, int, int, int)",128,8704,0,208,0,128,"GL2C_MISS_sum",0.00000000e+00,2910061192218,2910061353439
7,7,"Agent 1",1,22417,22417,2048,17,"pk_gemm(__half const*, __half const*, __half*, int, int, int)",128,8704,0,208,0,128,"GL2C_HIT_sum",0.00000000e+00,2910061573932,2910061735996
7,7,"Agent 1",1,22417,22417,2048,17,"pk_gemm(__half const*, __half const*, __half*, int, int, int)",128,8704,0,208,0,128,"GL2C_MISS_sum",0.00000000e+00,2910061573932,2910061735996
8,8,"Agent 1",1,22417,22417,2048,17,"pk_gemm(__half const*, __half const*, __half*, int, int, int)",128,8704,0,208,0,128,"GL2C_HIT_sum",0.00000000e+00,2910061956609,2910062117270
8,8,"Agent 1",1,22417,22417,2048,17,"pk_gemm(__half const*, __half const*, __half*, int, int, int)",128,8704,0,208,0,128,"GL2C_MISS_sum",0.00000000e+00,2910061956609,2910062117270
9,9,"Agent 1",1,22417,22417,2048,17,"pk_gemm(__half const*, __half const*, __half*, int, int, int)",128,8704,0,208,0,128,"GL2C_HIT_sum",0.00000000e+00,2910062338203,2910062499826
9,9,"Agent 1",1,22417,22417,2048,17,"pk_gemm(__half const*, __half const*, __half*, int, int, int)",128,8704,0,208,0,128,"GL2C_MISS_sum",0.00000000e+00,2910062338203,2910062499826
10,10,"Agent 1",1,22417,22417,2048,17,"pk_gemm(__half const*, __half const*, __half*, int, int, int)",128,8704,0,208,0,128,"GL2C_HIT_sum",4.000000,2910062745085,2910063048373
10,10,"Agent 1",1,22417,22417,2048,17,"pk_gemm(__half const*, __half const*, __half*, int, int, int)",128,8704,0,208,0,128,"GL2C_MISS_sum",33836.000000,2910062745085,2910063048373
11,11,"Agent 1",1,22417,22417,2048,17,"pk_gemm(__half const*, __half const*, __half*, int, int, int)",128,8704,0,208,0,128,"GL2C_HIT_sum",0.00000000e+00,2910063416101,2910063785192
11,11,"Agent 1",1,22417,22417,2048,17,"pk_gemm(__half const*, __half const*, __half*, int, int, int)",128,8704,0,208,0,128,"GL2C_MISS_sum",48256.000000,2910063416101,2910063785192
12,12,"Agent 1",1,22417,22417,2048,17,"pk_gemm(__half const*, __half const*, __half*, int, int, int)",128,8704,0,208,0,128,"GL2C_HIT_sum",1.000000,2910064157049,2910064542490
12,12,"Agent 1",1,22417,22417,2048,17,"pk_gemm(__half const*, __half const*, __half*, int, int, int)",128,8704,0,208,0,128,"GL2C_MISS_sum",48256.000000,2910064157049,2910064542490
13,13,"Agent 1",1,22417,22417,2048,17,"pk_gemm(__half const*, __half const*, __half*, int, int, int)",128,8704,0,208,0,128,"GL2C_HIT_sum",0.00000000e+00,2910064923564,2910065171428
13,13,"Agent 1",1,22417,22417,2048,17,"pk_gemm(__half const*, __half const*, __half*, int, int, int)",128,8704,0,208,0,128,"GL2C_MISS_sum",14720.000000,2910064923564,2910065171428
14,14,"Agent 1",1,22417,22417,2048,17,"pk_gemm(__half const*, __half const*, __half*, int, int, int)",128,8704,0,208,0,128,"GL2C_HIT_sum",0.00000000e+00,2910065540760,2910065845570
14,14,"Agent 1",1,22417,22417,2048,17,"pk_gemm(__half const*, __half const*, __half*, int, int, int)",128,8704,0,208,0,128,"GL2C_MISS_sum",33536.000000,2910065540760,2910065845570
15,15,"Agent 1",1,22417,22417,2048,17,"pk_gemm(__half const*, __half const*, __half*, int, int, int)",128,8704,0,208,0,128,"GL2C_HIT_sum",0.00000000e+00,2910066182401,2910066353401
15,15,"Agent 1",1,22417,22417,2048,17,"pk_gemm(__half const*, __half const*, __half*, int, int, int)",128,8704,0,208,0,128,"GL2C_MISS_sum",0.00000000e+00,2910066182401,2910066353401
16,16,"Agent 1",1,22417,22417,2048,17,"pk_gemm(__half const*, __half const*, __half*, int, int, int)",128,8704,0,208,0,128,"GL2C_HIT_sum",0.00000000e+00,2910066576900,2910066738121
16,16,"Agent 1",1,22417,22417,2048,17,"pk_gemm(__half const*, __half const*, __half*, int, int, int)",128,8704,0,208,0,128,"GL2C_MISS_sum",0.00000000e+00,2910066576900,2910066738121
17,17,"Agent 1",1,22417,22417,2048,17,"pk_gemm(__half const*, __half const*, __half*, int, int, int)",128,8704,0,208,0,128,"GL2C_HIT_sum",0.00000000e+00,2910066963223,2910067124124
17,17,"Agent 1",1,22417,22417,2048,17,"pk_gemm(__half const*, __half const*, __half*, int, int, int)",128,8704,0,208,0,128,"GL2C_MISS_sum",0.00000000e+00,2910066963223,2910067124124
18,18,"Agent 1",1,22417,22417,2048,17,"pk_gemm(__half const*, __half const*, __half*, int, int, int)",128,8704,0,208,0,128,"GL2C_HIT_sum",0.00000000e+00,2910067346741,2910067508203
18,18,"Agent 1",1,22417,22417,2048,17,"pk_gemm(__half const*, __half const*, __half*, int, int, int)",128,8704,0,208,0,128,"GL2C_MISS_sum",0.00000000e+00,2910067346741,2910067508203
19,19,"Agent 1",1,22417,22417,2048,17,"pk_gemm(__half const*, __half const*, __half*, int, int, int)",128,8704,0,208,0,128,"GL2C_HIT_sum",0.00000000e+00,2910067731461,2910067892884
19,19,"Agent 1",1,22417,22417,2048,17,"pk_gemm(__half const*, __half const*, __half*, int, int, int)",128,8704,0,208,0,128,"GL2C_MISS_sum",0.00000000e+00,2910067731461,2910067892884
20,20,"Agent 1",1,22417,22417,2048,17,"pk_gemm(__half const*, __half const*, __half*, int, int, int)",128,8704,0,208,0,128,"GL2C_HIT_sum",0.00000000e+00,2910068114739,2910068276001
20,20,"Agent 1",1,22417,22417,2048,17,"pk_gemm(__half const*, __half const*, __half*, int, int, int)",128,8704,0,208,0,128,"GL2C_MISS_sum",0.00000000e+00,2910068114739,2910068276001
21,21,"Agent 1",1,22417,22417,2048,17,"pk_gemm(__half const*, __half const*, __half*, int, int, int)",128,8704,0,208,0,128,"GL2C_HIT_sum",0.00000000e+00,2910068500461,2910068662404
21,21,"Agent 1",1,22417,22417,2048,17,"pk_gemm(__half const*, __half const*, __half*, int, int, int)",128,8704,0,208,0,128,"GL2C_MISS_sum",0.00000000e+00,2910068500461,2910068662404
22,22,"Agent 1",1,22417,22417,2048,17,"pk_gemm(__half const*, __half const*, __half*, int, int, int)",128,8704,0,208,0,128,"GL2C_HIT_sum",0.00000000e+00,2910068885622,2910069046043
22,22,"Agent 1",1,22417,22417,2048,17,"pk_gemm(__half const*, __half const*, __half*, int, int, int)",128,8704,0,208,0,128,"GL2C_MISS_sum",0.00000000e+00,2910068885622,2910069046043
23,23,"Agent 1",1,22417,22417,2048,17,"pk_gemm(__half const*, __half const*, __half*, int, int, int)",128,8704,0,208,0,128,"GL2C_HIT_sum",0.00000000e+00,2910069269461,2910069431685
23,23,"Agent 1",1,22417,22417,2048,17,"pk_gemm(__half const*, __half const*, __half*, int, int, int)",128,8704,0,208,0,128,"GL2C_MISS_sum",0.00000000e+00,2910069269461,2910069431685
24,24,"Agent 1",1,22417,22417,2048,17,"pk_gemm(__half const*, __half const*, __half*, int, int, int)",128,8704,0,208,0,128,"GL2C_HIT_sum",0.00000000e+00,2910069653580,2910069814882
24,24,"Agent 1",1,22417,22417,2048,17,"pk_gemm(__half const*, __half const*, __half*, int, int, int)",128,8704,0,208,0,128,"GL2C_MISS_sum",0.00000000e+00,2910069653580,2910069814882
25,25,"Agent 1",1,22417,22417,2048,17,"pk_gemm(__half const*, __half const*, __half*, int, int, int)",128,8704,0,208,0,128,"GL2C_HIT_sum",0.00000000e+00,2910070036697,2910070197599
25,25,"Agent 1",1,22417,22417,2048,17,"pk_gemm(__half const*, __half const*, __half*, int, int, int)",128,8704,0,208,0,128,"GL2C_MISS_sum",0.00000000e+00,2910070036697,2910070197599
26,26,"Agent 1",1,22417,22417,2048,17,"pk_gemm(__half const*, __half const*, __half*, int, int, int)",128,8704,0,208,0,128,"GL2C_HIT_sum",0.00000000e+00,2910070421698,2910070583361
26,26,"Agent 1",1,22417,22417,2048,17,"pk_gemm(__half const*, __half const*, __half*, int, int, int)",128,8704,0,208,0,128,"GL2C_MISS_sum",0.00000000e+00,2910070421698,2910070583361
27,27,"Agent 1",1,22417,22417,2048,17,"pk_gemm(__half const*, __half const*, __half*, int, int, int)",128,8704,0,208,0,128,"GL2C_HIT_sum",0.00000000e+00,2910070806258,2910070967039
27,27,"Agent 1",1,22417,22417,2048,17,"pk_gemm(__half const*, __half const*, __half*, int, int, int)",128,8704,0,208,0,128,"GL2C_MISS_sum",0.00000000e+00,2910070806258,2910070967039
28,28,"Agent 1",1,22417,22417,2048,17,"pk_gemm(__half const*, __half const*, __half*, int, int, int)",128,8704,0,208,0,128,"GL2C_HIT_sum",0.00000000e+00,2910071188694,2910071351559
28,28,"Agent 1",1,22417,22417,2048,17,"pk_gemm(__half const*, __half const*, __half*, int, int, int)",128,8704,0,208,0,128,"GL2C_MISS_sum",0.00000000e+00,2910071188694,2910071351559
29,29,"Agent 1",1,22417,22417,2048,17,"pk_gemm(__half const*, __half const*, __half*, int, int, int)",128,8704,0,208,0,128,"GL2C_HIT_sum",0.00000000e+00,2910071574056,2910071735598
29,29,"Agent 1",1,22417,22417,2048,17,"pk_gemm(__half const*, __half const*, __half*, int, int, int)",128,8704,0,208,0,128,"GL2C_MISS_sum",0.00000000e+00,2910071574056,2910071735598
30,30,"Agent 1",1,22417,22417,2048,17,"pk_gemm(__half const*, __half const*, __half*, int, int, int)",128,8704,0,208,0,128,"GL2C_HIT_sum",0.00000000e+00,2910071956292,2910072117634
30,30,"Agent 1",1,22417,22417,2048,17,"pk_gemm(__half const*, __half const*, __half*, int, int, int)",128,8704,0,208,0,128,"GL2C_MISS_sum",0.00000000e+00,2910071956292,2910072117634
31,31,"Agent 1",1,22417,22417,2048,17,"pk_gemm(__half const*, __half const*, __half*, int, int, int)",128,8704,0,208,0,128,"GL2C_HIT_sum",0.00000000e+00,2910072338968,2910072500110
31,31,"Agent 1",1,22417,22417,2048,17,"pk_gemm(__half const*, __half const*, __half*, int, int, int)",128,8704,0,208,0,128,"GL2C_MISS_sum",0.00000000e+00,2910072338968,2910072500110
32,32,"Agent 1",1,22417,22417,2048,17,"pk_gemm(__half const*, __half const*, __half*, int, int, int)",128,8704,0,208,0,128,"GL2C_HIT_sum",0.00000000e+00,2910072721084,2910072882265
32,32,"Agent 1",1,22417,22417,2048,17,"pk_gemm(__half const*, __half const*, __half*, int, int, int)",128,8704,0,208,0,128,"GL2C_MISS_sum",0.00000000e+00,2910072721084,2910072882265
33,33,"Agent 1",1,22417,22417,2048,17,"pk_gemm(__half const*, __half const*, __half*, int, int, int)",128,8704,0,208,0,128,"GL2C_HIT_sum",0.00000000e+00,2910073104081,2910073266024
33,33,"Agent 1",1,22417,22417,2048,17,"pk_gemm(__half const*, __half const*, __half*, int, int, int)",128,8704,0,208,0,128,"GL2C_MISS_sum",0.00000000e+00,2910073104081,2910073266024
34,34,"Agent 1",1,22417,22417,2048,17,"pk_gemm(__half const*, __half const*, __half*, int, int, int)",128,8704,0,208,0,128,"GL2C_HIT_sum",0.00000000e+00,2910073487238,2910073648941
34,34,"Agent 1",1,22417,22417,2048,17,"pk_gemm(__half const*, __half const*, __half*, int, int, int)",128,8704,0,208,0,128,"GL2C_MISS_sum",0.00000000e+00,2910073487238,2910073648941
35,35,"Agent 1",1,22417,22417,2048,17,"pk_gemm(__half const*, __half const*, __half*, int, int, int)",128,8704,0,208,0,128,"GL2C_HIT_sum",0.00000000e+00,2910073869233,2910074030535
35,35,"Agent 1",1,22417,22417,2048,17,"pk_gemm(__half const*, __half const*, __half*, int, int, int)",128,8704,0,208,0,128,"GL2C_MISS_sum",0.00000000e+00,2910073869233,2910074030535
36,36,"Agent 1",1,22417,22417,2048,17,"pk_gemm(__half const*, __half const*, __half*, int, int, int)",128,8704,0,208,0,128,"GL2C_HIT_sum",0.00000000e+00,2910074250868,2910074412210
36,36,"Agent 1",1,22417,22417,2048,17,"pk_gemm(__half const*, __half const*, __half*, int, int, int)",128,8704,0,208,0,128,"GL2C_MISS_sum",0.00000000e+00,2910074250868,2910074412210
37,37,"Agent 1",1,22417,22417,2048,17,"pk_gemm(__half const*, __half const*, __half*, int, int, int)",128,8704,0,208,0,128,"GL2C_HIT_sum",0.00000000e+00,2910074631621,2910074792803
37,37,"Agent 1",1,22417,22417,2048,17,"pk_gemm(__half const*, __half const*, __half*, int, int, int)",128,8704,0,208,0,128,"GL2C_MISS_sum",0.00000000e+00,2910074631621,2910074792803
38,38,"Agent 1",1,22417,22417,2048,17,"pk_gemm(__half const*, __half const*, __half*, int, int, int)",128,8704,0,208,0,128,"GL2C_HIT_sum",0.00000000e+00,2910075013856,2910075175559
38,38,"Agent 1",1,22417,22417,2048,17,"pk_gemm(__half const*, __half const*, __half*, int, int, int)",128,8704,0,208,0,128,"GL2C_MISS_sum",0.00000000e+00,2910075013856,2910075175559
39,39,"Agent 1",1,22417,22417,2048,17,"pk_gemm(__half const*, __half const*, __half*, int, int, int)",128,8704,0,208,0,128,"GL2C_HIT_sum",0.00000000e+00,2910075396493,2910075557635
39,39,"Agent 1",1,22417,22417,2048,17,"pk_gemm(__half const*, __half const*, __half*, int, int, int)",128,8704,0,208,0,128,"GL2C_MISS_sum",0.00000000e+00,2910075396493,2910075557635
40,40,"Agent 1",1,22417,22417,2048,17,"pk_gemm(__half const*, __half const*, __half*, int, int, int)",128,8704,0,208,0,128,"GL2C_HIT_sum",0.00000000e+00,2910075806140,2910075967442
40,40,"Agent 1",1,22417,22417,2048,17,"pk_gemm(__half const*, __half const*, __half*, int, int, int)",128,8704,0,208,0,128,"GL2C_MISS_sum",0.00000000e+00,2910075806140,2910075967442
41,41,"Agent 1",1,22417,22417,2048,17,"pk_gemm(__half const*, __half const*, __half*, int, int, int)",128,8704,0,208,0,128,"GL2C_HIT_sum",0.00000000e+00,2910076190860,2910076352122
41,41,"Agent 1",1,22417,22417,2048,17,"pk_gemm(__half const*, __half const*, __half*, int, int, int)",128,8704,0,208,0,128,"GL2C_MISS_sum",0.00000000e+00,2910076190860,2910076352122
42,42,"Agent 1",1,22417,22417,2048,17,"pk_gemm(__half const*, __half const*, __half*, int, int, int)",128,8704,0,208,0,128,"GL2C_HIT_sum",1.000000,2910076656091,2910076962986
42,42,"Agent 1",1,22417,22417,2048,17,"pk_gemm(__half const*, __half const*, __half*, int, int, int)",128,8704,0,208,0,128,"GL2C_MISS_sum",29440.000000,2910076656091,2910076962986
43,43,"Agent 1",1,22417,22417,2048,17,"pk_gemm(__half const*, __half const*, __half*, int, int, int)",128,8704,0,208,0,128,"GL2C_HIT_sum",0.00000000e+00,2910077191574,2910077352315
43,43,"Agent 1",1,22417,22417,2048,17,"pk_gemm(__half const*, __half const*, __half*, int, int, int)",128,8704,0,208,0,128,"GL2C_MISS_sum",0.00000000e+00,2910077191574,2910077352315
44,44,"Agent 1",1,22417,22417,2048,17,"pk_gemm(__half const*, __half const*, __half*, int, int, int)",128,8704,0,208,0,128,"GL2C_HIT_sum",0.00000000e+00,2910077575693,2910077737476
44,44,"Agent 1",1,22417,22417,2048,17,"pk_gemm(__half const*, __half const*, __half*, int, int, int)",128,8704,0,208,0,128,"GL2C_MISS_sum",0.00000000e+00,2910077575693,2910077737476
45,45,"Agent 1",1,22417,22417,2048,17,"pk_gemm(__half const*, __half const*, __half*, int, int, int)",128,8704,0,208,0,128,"GL2C_HIT_sum",0.00000000e+00,2910077960614,2910078121395
45,45,"Agent 1",1,22417,22417,2048,17,"pk_gemm(__half const*, __half const*, __half*, int, int, int)",128,8704,0,208,0,128,"GL2C_MISS_sum",0.00000000e+00,2910077960614,2910078121395
46,46,"Agent 1",1,22417,22417,2048,17,"pk_gemm(__half const*, __half const*, __half*, int, int, int)",128,8704,0,208,0,128,"GL2C_HIT_sum",0.00000000e+00,2910078344693,2910078506516
46,46,"Agent 1",1,22417,22417,2048,17,"pk_gemm(__half const*, __half const*, __half*, int, int, int)",128,8704,0,208,0,128,"GL2C_MISS_sum",0.00000000e+00,2910078344693,2910078506516
47,47,"Agent 1",1,22417,22417,2048,17,"pk_gemm(__half const*, __half const*, __half*, int, int, int)",128,8704,0,208,0,128,"GL2C_HIT_sum",0.00000000e+00,2910078731096,2910078892599
47,47,"Agent 1",1,22417,22417,2048,17,"pk_gemm(__half const*, __half const*, __half*, int, int, int)",128,8704,0,208,0,128,"GL2C_MISS_sum",0.00000000e+00,2910078731096,2910078892599
48,48,"Agent 1",1,22417,22417,2048,17,"pk_gemm(__half const*, __half const*, __half*, int, int, int)",128,8704,0,208,0,128,"GL2C_HIT_sum",0.00000000e+00,2910079118382,2910079279523
48,48,"Agent 1",1,22417,22417,2048,17,"pk_gemm(__half const*, __half const*, __half*, int, int, int)",128,8704,0,208,0,128,"GL2C_MISS_sum",0.00000000e+00,2910079118382,2910079279523
49,49,"Agent 1",1,22417,22417,2048,17,"pk_gemm(__half const*, __half const*, __half*, int, int, int)",128,8704,0,208,0,128,"GL2C_HIT_sum",0.00000000e+00,2910079502581,2910079664364
49,49,"Agent 1",1,22417,22417,2048,17,"pk_gemm(__half const*, __half const*, __half*, int, int, int)",128,8704,0,208,0,128,"GL2C_MISS_sum",0.00000000e+00,2910079502581,2910079664364
50,50,"Agent 1",1,22417,22417,2048,17,"pk_gemm(__half const*, __half const*, __half*, int, int, int)",128,8704,0,208,0,128,"GL2C_HIT_sum",0.00000000e+00,2910079887902,2910080048523
50,50,"Agent 1",1,22417,22417,2048,17,"pk_gemm(__half const*, __half const*, __half*, int, int, int)",128,8704,0,208,0,128,"GL2C_MISS_sum",0.00000000e+00,2910079887902,2910080048523
51,51,"Agent 1",1,22417,22417,2048,17,"pk_gemm(__half const*, __half const*, __half*, int, int, int)",128,8704,0,208,0,128,"GL2C_HIT_sum",0.00000000e+00,2910080271180,2910080433484
51,51,"Agent 1",1,22417,22417,2048,17,"pk_gemm(__half const*, __half const*, __half*, int, int, int)",128,8704,0,208,0,128,"GL2C_MISS_sum",0.00000000e+00,2910080271180,2910080433484
52,52,"Agent 1",1,22417,22417,2048,17,"pk_gemm(__half const*, __half const*, __half*, int, int, int)",128,8704,0,208,0,128,"GL2C_HIT_sum",0.00000000e+00,2910080655980,2910080817282
52,52,"Agent 1",1,22417,22417,2048,17,"pk_gemm(__half const*, __half const*, __half*, int, int, int)",128,8704,0,208,0,128,"GL2C_MISS_sum",0.00000000e+00,2910080655980,2910080817282
53,53,"Agent 1",1,22417,22417,2048,17,"pk_gemm(__half const*, __half const*, __half*, int, int, int)",128,8704,0,208,0,128,"GL2C_HIT_sum",0.00000000e+00,2910081040460,2910081201682
53,53,"Agent 1",1,22417,22417,2048,17,"pk_gemm(__half const*, __half const*, __half*, int, int, int)",128,8704,0,208,0,128,"GL2C_MISS_sum",0.00000000e+00,2910081040460,2910081201682
54,54,"Agent 1",1,22417,22417,2048,17,"pk_gemm(__half const*, __half const*, __half*, int, int, int)",128,8704,0,208,0,128,"GL2C_HIT_sum",0.00000000e+00,2910081424499,2910081586162
54,54,"Agent 1",1,22417,22417,2048,17,"pk_gemm(__half const*, __half const*, __half*, int, int, int)",128,8704,0,208,0,128,"GL2C_MISS_sum",0.00000000e+00,2910081424499,2910081586162
55,55,"Agent 1",1,22417,22417,2048,17,"pk_gemm(__half const*, __half const*, __half*, int, int, int)",128,8704,0,208,0,128,"GL2C_HIT_sum",0.00000000e+00,2910081810582,2910081971203
55,55,"Agent 1",1,22417,22417,2048,17,"pk_gemm(__half const*, __half const*, __half*, int, int, int)",128,8704,0,208,0,128,"GL2C_MISS_sum",0.00000000e+00,2910081810582,2910081971203
56,56,"Agent 1",1,22417,22417,2048,17,"pk_gemm(__half const*, __half const*, __half*, int, int, int)",128,8704,0,208,0,128,"GL2C_HIT_sum",0.00000000e+00,2910082191495,2910082353399
56,56,"Agent 1",1,22417,22417,2048,17,"pk_gemm(__half const*, __half const*, __half*, int, int, int)",128,8704,0,208,0,128,"GL2C_MISS_sum",0.00000000e+00,2910082191495,2910082353399
57,57,"Agent 1",1,22417,22417,2048,17,"pk_gemm(__half const*, __half const*, __half*, int, int, int)",128,8704,0,208,0,128,"GL2C_HIT_sum",0.00000000e+00,2910082576657,2910082737798
57,57,"Agent 1",1,22417,22417,2048,17,"pk_gemm(__half const*, __half const*, __half*, int, int, int)",128,8704,0,208,0,128,"GL2C_MISS_sum",0.00000000e+00,2910082576657,2910082737798
58,58,"Agent 1",1,22417,22417,2048,17,"pk_gemm(__half const*, __half const*, __half*, int, int, int)",128,8704,0,208,0,128,"GL2C_HIT_sum",0.00000000e+00,2910082959934,2910083121316
58,58,"Agent 1",1,22417,22417,2048,17,"pk_gemm(__half const*, __half const*, __half*, int, int, int)",128,8704,0,208,0,128,"GL2C_MISS_sum",0.00000000e+00,2910082959934,2910083121316
59,59,"Agent 1",1,22417,22417,2048,17,"pk_gemm(__half const*, __half const*, __half*, int, int, int)",128,8704,0,208,0,128,"GL2C_HIT_sum",0.00000000e+00,2910083344454,2910083506037
59,59,"Agent 1",1,22417,22417,2048,17,"pk_gemm(__half const*, __half const*, __half*, int, int, int)",128,8704,0,208,0,128,"GL2C_MISS_sum",0.00000000e+00,2910083344454,2910083506037
60,60,"Agent 1",1,22417,22417,2048,17,"pk_gemm(__half const*, __half const*, __half*, int, int, int)",128,8704,0,208,0,128,"GL2C_HIT_sum",0.00000000e+00,2910083728814,2910083889875
60,60,"Agent 1",1,22417,22417,2048,17,"pk_gemm(__half const*, __half const*, __half*, int, int, int)",128,8704,0,208,0,128,"GL2C_MISS_sum",0.00000000e+00,2910083728814,2910083889875
61,61,"Agent 1",1,22417,22417,2048,17,"pk_gemm(__half const*, __half const*, __half*, int, int, int)",128,8704,0,208,0,128,"GL2C_HIT_sum",0.00000000e+00,2910084111771,2910084274035
61,61,"Agent 1",1,22417,22417,2048,17,"pk_gemm(__half const*, __half const*, __half*, int, int, int)",128,8704,0,208,0,128,"GL2C_MISS_sum",0.00000000e+00,2910084111771,2910084274035
62,62,"Agent 1",1,22417,22417,2048,17,"pk_gemm(__half const*, __half const*, __half*, int, int, int)",128,8704,0,208,0,128,"GL2C_HIT_sum",0.00000000e+00,2910084496291,2910084658154
62,62,"Agent 1",1,22417,22417,2048,17,"pk_gemm(__half const*, __half const*, __half*, int, int, int)",128,8704,0,208,0,128,"GL2C_MISS_sum",0.00000000e+00,2910084496291,2910084658154
63,63,"Agent 1",1,22417,22417,2048,17,"pk_gemm(__half const*, __half const*, __half*, int, int, int)",128,8704,0,208,0,128,"GL2C_HIT_sum",0.00000000e+00,2910084879609,2910085041071
63,63,"Agent 1",1,22417,22417,2048,17,"pk_gemm(__half const*, __half const*, __half*, int, int, int)",128,8704,0,208,0,128,"GL2C_MISS_sum",0.00000000e+00,2910084879609,2910085041071
64,64,"Agent 1",1,22417,22417,2048,17,"pk_gemm(__half const*, __half const*, __half*, int, int, int)",128,8704,0,208,0,128,"GL2C_HIT_sum",0.00000000e+00,2910085261964,2910085423307
64,64,"Agent 1",1,22417,22417,2048,17,"pk_gemm(__half const*, __half const*, __half*, int, int, int)",128,8704,0,208,0,128,"GL2C_MISS_sum",0.00000000e+00,2910085261964,2910085423307
65,65,"Agent 1",1,22417,22417,2048,17,"pk_gemm(__half const*, __half const*, __half*, int, int, int)",128,8704,0,208,0,128,"GL2C_HIT_sum",0.00000000e+00,2910085644320,2910085805021
65,65,"Agent 1",1,22417,22417,2048,17,"pk_gemm(__half const*, __half const*, __half*, int, int, int)",128,8704,0,208,0,128,"GL2C_MISS_sum",0.00000000e+00,2910085644320,2910085805021
66,66,"Agent 1",1,22417,22417,2048,17,"pk_gemm(__half const*, __half const*, __half*, int, int, int)",128,8704,0,208,0,128,"GL2C_HIT_sum",0.00000000e+00,2910086029762,2910086192066
66,66,"Agent 1",1,22417,22417,2048,17,"pk_gemm(__half const*, __half const*, __half*, int, int, int)",128,8704,0,208,0,128,"GL2C_MISS_sum",0.00000000e+00,2910086029762,2910086192066
67,67,"Agent 1",1,22417,22417,2048,17,"pk_gemm(__half const*, __half const*, __half*, int, int, int)",128,8704,0,208,0,128,"GL2C_HIT_sum",0.00000000e+00,2910086413040,2910086574422
67,67,"Agent 1",1,22417,22417,2048,17,"pk_gemm(__half const*, __half const*, __half*, int, int, int)",128,8704,0,208,0,128,"GL2C_MISS_sum",0.00000000e+00,2910086413040,2910086574422
68,68,"Agent 1",1,22417,22417,2048,17,"pk_gemm(__half const*, __half const*, __half*, int, int, int)",128,8704,0,208,0,128,"GL2C_HIT_sum",0.00000000e+00,2910086794113,2910086955495
68,68,"Agent 1",1,22417,22417,2048,17,"pk_gemm(__half const*, __half const*, __half*, int, int, int)",128,8704,0,208,0,128,"GL2C_MISS_sum",0.00000000e+00,2910086794113,2910086955495
69,69,"Agent 1",1,22417,22417,2048,17,"pk_gemm(__half const*, __half const*, __half*, int, int, int)",128,8704,0,208,0,128,"GL2C_HIT_sum",0.00000000e+00,2910087175748,2910087337571
69,69,"Agent 1",1,22417,22417,2048,17,"pk_gemm(__half const*, __half const*, __half*, int, int, int)",128,8704,0,208,0,128,"GL2C_MISS_sum",0.00000000e+00,2910087175748,2910087337571
70,70,"Agent 1",1,22417,22417,2048,17,"pk_gemm(__half const*, __half const*, __half*, int, int, int)",128,8704,0,208,0,128,"GL2C_HIT_sum",0.00000000e+00,2910087579263,2910087739804
70,70,"Agent 1",1,22417,22417,2048,17,"pk_gemm(__half const*, __half const*, __half*, int, int, int)",128,8704,0,208,0,128,"GL2C_MISS_sum",0.00000000e+00,2910087579263,2910087739804
71,71,"Agent 1",1,22417,22417,2048,17,"pk_gemm(__half const*, __half const*, __half*, int, int, int)",128,8704,0,208,0,128,"GL2C_HIT_sum",0.00000000e+00,2910087962896,2910088124679
71,71,"Agent 1",1,22417,22417,2048,17,"pk_gemm(__half const*, __half const*, __half*, int, int, int)",128,8704,0,208,0,128,"GL2C_MISS_sum",0.00000000e+00,2910087962896,2910088124679
72,72,"Agent 1",1,22417,22417,2048,17,"pk_gemm(__half const*, __half const*, __half*, int, int, int)",128,8704,0,208,0,128,"GL2C_HIT_sum",0.00000000e+00,2910088352986,2910088651425
72,72,"Agent 1",1,22417,22417,2048,17,"pk_gemm(__half const*, __half const*, __half*, int, int, int)",128,8704,0,208,0,128,"GL2C_MISS_sum",29440.000000,2910088352986,2910088651425
73,73,"Agent 1",1,22417,22417,2048,17,"pk_gemm(__half const*, __half const*, __half*, int, int, int)",128,8704,0,208,0,128,"GL2C_HIT_sum",0.00000000e+00,2910088877969,2910089038630
73,73,"Agent 1",1,22417,22417,2048,17,"pk_gemm(__half const*, __half const*, __half*, int, int, int)",128,8704,0,208,0,128,"GL2C_MISS_sum",0.00000000e+00,2910088877969,2910089038630
74,74,"Agent 1",1,22417,22417,2048,17,"pk_gemm(__half const*, __half const*, __half*, int, int, int)",128,8704,0,208,0,128,"GL2C_HIT_sum",0.00000000e+00,2910089261328,2910089423030
74,74,"Agent 1",1,22417,22417,2048,17,"pk_gemm(__half const*, __half const*, __half*, int, int, int)",128,8704,0,208,0,128,"GL2C_MISS_sum",0.00000000e+00,2910089261328,2910089423030
75,75,"Agent 1",1,22417,22417,2048,17,"pk_gemm(__half const*, __half const*, __half*, int, int, int)",128,8704,0,208,0,128,"GL2C_HIT_sum",0.00000000e+00,2910089648413,2910089809515
75,75,"Agent 1",1,22417,22417,2048,17,"pk_gemm(__half const*, __half const*, __half*, int, int, int)",128,8704,0,208,0,128,"GL2C_MISS_sum",0.00000000e+00,2910089648413,2910089809515
76,76,"Agent 1",1,22417,22417,2048,17,"pk_gemm(__half const*, __half const*, __half*, int, int, int)",128,8704,0,208,0,128,"GL2C_HIT_sum",0.00000000e+00,2910090034135,2910090195678
76,76,"Agent 1",1,22417,22417,2048,17,"pk_gemm(__half const*, __half const*, __half*, int, int, int)",128,8704,0,208,0,128,"GL2C_MISS_sum",0.00000000e+00,2910090034135,2910090195678
77,77,"Agent 1",1,22417,22417,2048,17,"pk_gemm(__half const*, __half const*, __half*, int, int, int)",128,8704,0,208,0,128,"GL2C_HIT_sum",0.00000000e+00,2910090420539,2910090582683
77,77,"Agent 1",1,22417,22417,2048,17,"pk_gemm(__half const*, __half const*, __half*, int, int, int)",128,8704,0,208,0,128,"GL2C_MISS_sum",0.00000000e+00,2910090420539,2910090582683
78,78,"Agent 1",1,22417,22417,2048,17,"pk_gemm(__half const*, __half const*, __half*, int, int, int)",128,8704,0,208,0,128,"GL2C_HIT_sum",0.00000000e+00,2910090806983,2910090967804
78,78,"Agent 1",1,22417,22417,2048,17,"pk_gemm(__half const*, __half const*, __half*, int, int, int)",128,8704,0,208,0,128,"GL2C_MISS_sum",0.00000000e+00,2910090806983,2910090967804
79,79,"Agent 1",1,22417,22417,2048,17,"pk_gemm(__half const*, __half const*, __half*, int, int, int)",128,8704,0,208,0,128,"GL2C_HIT_sum",0.00000000e+00,2910091193026,2910091354689
79,79,"Agent 1",1,22417,22417,2048,17,"pk_gemm(__half const*, __half const*, __half*, int, int, int)",128,8704,0,208,0,128,"GL2C_MISS_sum",0.00000000e+00,2910091193026,2910091354689
80,80,"Agent 1",1,22417,22417,2048,17,"pk_gemm(__half const*, __half const*, __half*, int, int, int)",128,8704,0,208,0,128,"GL2C_HIT_sum",0.00000000e+00,2910091578428,2910091739811
80,80,"Agent 1",1,22417,22417,2048,17,"pk_gemm(__half const*, __half const*, __half*, int, int, int)",128,8704,0,208,0,128,"GL2C_MISS_sum",0.00000000e+00,2910091578428,2910091739811
81,81,"Agent 1",1,22417,22417,2048,17,"pk_gemm(__half const*, __half const*, __half*, int, int, int)",128,8704,0,208,0,128,"GL2C_HIT_sum",0.00000000e+00,2910091963790,2910092125173
81,81,"Agent 1",1,22417,22417,2048,17,"pk_gemm(__half const*, __half const*, __half*, int, int, int)",128,8704,0,208,0,128,"GL2C_MISS_sum",0.00000000e+00,2910091963790,2910092125173
82,82,"Agent 1",1,22417,22417,2048,17,"pk_gemm(__half const*, __half const*, __half*, int, int, int)",128,8704,0,208,0,128,"GL2C_HIT_sum",0.00000000e+00,2910092347149,2910092509132
82,82,"Agent 1",1,22417,22417,2048,17,"pk_gemm(__half const*, __half const*, __half*, int, int, int)",128,8704,0,208,0,128,"GL2C_MISS_sum",0.00000000e+00,2910092347149,2910092509132
83,83,"Agent 1",1,22417,22417,2048,17,"pk_gemm(__half const*, __half const*, __half*, int, int, int)",128,8704,0,208,0,128,"GL2C_HIT_sum",0.00000000e+00,2910092733232,2910092894053
83,83,"Agent 1",1,22417,22417,2048,17,"pk_gemm(__half const*, __half const*, __half*, int, int, int)",128,8704,0,208,0,128,"GL2C_MISS_sum",0.00000000e+00,2910092733232,2910092894053
84,84,"Agent 1",1,22417,22417,2048,17,"pk_gemm(__half const*, __half const*, __half*, int, int, int)",128,8704,0,208,0,128,"GL2C_HIT_sum",0.00000000e+00,2910093117752,2910093279656
84,84,"Agent 1",1,22417,22417,2048,17,"pk_gemm(__half const*, __half const*, __half*, int, int, int)",128,8704,0,208,0,128,"GL2C_MISS_sum",0.00000000e+00,2910093117752,2910093279656
85,85,"Agent 1",1,22417,22417,2048,17,"pk_gemm(__half const*, __half const*, __half*, int, int, int)",128,8704,0,208,0,128,"GL2C_HIT_sum",0.00000000e+00,2910093503755,2910093665138
85,85,"Agent 1",1,22417,22417,2048,17,"pk_gemm(__half const*, __half const*, __half*, int, int, int)",128,8704,0,208,0,128,"GL2C_MISS_sum",0.00000000e+00,2910093503755,2910093665138
86,86,"Agent 1",1,22417,22417,2048,17,"pk_gemm(__half const*, __half const*, __half*, int, int, int)",128,8704,0,208,0,128,"GL2C_HIT_sum",0.00000000e+00,2910093887755,2910094049017
86,86,"Agent 1",1,22417,22417,2048,17,"pk_gemm(__half const*, __half const*, __half*, int, int, int)",128,8704,0,208,0,128,"GL2C_MISS_sum",0.00000000e+00,2910093887755,2910094049017
87,87,"Agent 1",1,22417,22417,2048,17,"pk_gemm(__half const*, __half const*, __half*, int, int, int)",128,8704,0,208,0,128,"GL2C_HIT_sum",0.00000000e+00,2910094269831,2910094431453
87,87,"Agent 1",1,22417,22417,2048,17,"pk_gemm(__half const*, __half const*, __half*, int, int, int)",128,8704,0,208,0,128,"GL2C_MISS_sum",0.00000000e+00,2910094269831,2910094431453
88,88,"Agent 1",1,22417,22417,2048,17,"pk_gemm(__half const*, __half const*, __half*, int, int, int)",128,8704,0,208,0,128,"GL2C_HIT_sum",0.00000000e+00,2910094654271,2910094814972
88,88,"Agent 1",1,22417,22417,2048,17,"pk_gemm(__half const*, __half const*, __half*, int, int, int)",128,8704,0,208,0,128,"GL2C_MISS_sum",0.00000000e+00,2910094654271,2910094814972
89,89,"Agent 1",1,22417,22417,2048,17,"pk_gemm(__half const*, __half const*, __half*, int, int, int)",128,8704,0,208,0,128,"GL2C_HIT_sum",0.00000000e+00,2910095037028,2910095199412
89,89,"Agent 1",1,22417,22417,2048,17,"pk_gemm(__half const*, __half const*, __half*, int, int, int)",128,8704,0,208,0,128,"GL2C_MISS_sum",0.00000000e+00,2910095037028,2910095199412
90,90,"Agent 1",1,22417,22417,2048,17,"pk_gemm(__half const*, __half const*, __half*, int, int, int)",128,8704,0,208,0,128,"GL2C_HIT_sum",0.00000000e+00,2910095421308,2910095582971
90,90,"Agent 1",1,22417,22417,2048,17,"pk_gemm(__half const*, __half const*, __half*, int, int, int)",128,8704,0,208,0,128,"GL2C_MISS_sum",0.00000000e+00,2910095421308,2910095582971
91,91,"Agent 1",1,22417,22417,2048,17,"pk_gemm(__half const*, __half const*, __half*, int, int, int)",128,8704,0,208,0,128,"GL2C_HIT_sum",0.00000000e+00,2910095803744,2910095965167
91,91,"Agent 1",1,22417,22417,2048,17,"pk_gemm(__half const*, __half const*, __half*, int, int, int)",128,8704,0,208,0,128,"GL2C_MISS_sum",0.00000000e+00,2910095803744,2910095965167
92,92,"Agent 1",1,22417,22417,2048,17,"pk_gemm(__half const*, __half const*, __half*, int, int, int)",128,8704,0,208,0,128,"GL2C_HIT_sum",0.00000000e+00,2910096186942,2910096349286
92,92,"Agent 1",1,22417,22417,2048,17,"pk_gemm(__half const*, __half const*, __half*, int, int, int)",128,8704,0,208,0,128,"GL2C_MISS_sum",0.00000000e+00,2910096186942,2910096349286
93,93,"Agent 1",1,22417,22417,2048,17,"pk_gemm(__half const*, __half const*, __half*, int, int, int)",128,8704,0,208,0,128,"GL2C_HIT_sum",0.00000000e+00,2910096571062,2910096731522
93,93,"Agent 1",1,22417,22417,2048,17,"pk_gemm(__half const*, __half const*, __half*, int, int, int)",128,8704,0,208,0,128,"GL2C_MISS_sum",0.00000000e+00,2910096571062,2910096731522
94,94,"Agent 1",1,22417,22417,2048,17,"pk_gemm(__half const*, __half const*, __half*, int, int, int)",128,8704,0,208,0,128,"GL2C_HIT_sum",0.00000000e+00,2910096952737,2910097114720
94,94,"Agent 1",1,22417,22417,2048,17,"pk_gemm(__half const*, __half const*, __half*, int, int, int)",128,8704,0,208,0,128,"GL2C_MISS_sum",0.00000000e+00,2910096952737,2910097114720
95,95,"Agent 1",1,22417,22417,2048,17,"pk_gemm(__half const*, __half const*, __half*, int, int, int)",128,8704,0,208,0,128,"GL2C_HIT_sum",0.00000000e+00,2910097336576,2910097497998
95,95,"Agent 1",1,22417,22417,2048,17,"pk_gemm(__half const*, __half const*, __half*, int, int, int)",128,8704,0,208,0,128,"GL2C_MISS_sum",0.00000000e+00,2910097336576,2910097497998
96,96,"Agent 1",1,22417,22417,2048,17,"pk_gemm(__half const*, __half const*, __half*, int, int, int)",128,8704,0,208,0,128,"GL2C_HIT_sum",0.00000000e+00,2910097720215,2910097881918
96,96,"Agent 1",1,22417,22417,2048,17,"pk_gemm(__half const*, __half const*, __half*, int, int, int)",128,8704,0,208,0,128,"GL2C_MISS_sum",0.00000000e+00,2910097720215,2910097881918
97,97,"Agent 1",1,22417,22417,2048,17,"pk_gemm(__half const*, __half const*, __half*, int, int, int)",128,8704,0,208,0,128,"GL2C_HIT_sum",0.00000000e+00,2910098102691,2910098264474
97,97,"Agent 1",1,22417,22417,2048,17,"pk_gemm(__half const*, __half const*, __half*, int, int, int)",128,8704,0,208,0,128,"GL2C_MISS_sum",0.00000000e+00,2910098102691,2910098264474
98,98,"Agent 1",1,22417,22417,2048,17,"pk_gemm(__half const*, __half const*, __half*, int, int, int)",128,8704,0,208,0,128,"GL2C_HIT_sum",0.00000000e+00,2910098484366,2910098645548
98,98,"Agent 1",1,22417,22417,2048,17,"pk_gemm(__half const*, __half const*, __half*, int, int, int)",128,8704,0,208,0,128,"GL2C_MISS_sum",0.00000000e+00,2910098484366,2910098645548
99,99,"Agent 1",1,22417,22417,2048,17,"pk_gemm(__half const*, __half const*, __half*, int, int, int)",128,8704,0,208,0,128,"GL2C_HIT_sum",0.00000000e+00,2910098865921,2910099027624
99,99,"Agent 1",1,22417,22417,2048,17,"pk_gemm(__half const*, __half const*, __half*, int, int, int)",128,8704,0,208,0,128,"GL2C_MISS_sum",0.00000000e+00,2910098865921,2910099027624
100,100,"Agent 1",1,22417,22417,2048,17,"pk_gemm(__half const*, __half const*, __half*, int, int, int)",128,8704,0,208,0,128,"GL2C_HIT_sum",0.00000000e+00,2910099269116,2910099430779
100,100,"Agent 1",1,22417,22417,2048,17,"pk_gemm(__half const*, __half const*, __half*, int, int, int)",128,8704,0,208,0,128,"GL2C_MISS_sum",0.00000000e+00,2910099269116,2910099430779
101,101,"Agent 1",1,22417,22417,2048,17,"pk_gemm(__half const*, __half const*, __half*, int, int, int)",128,8704,0,208,0,128,"GL2C_HIT_sum",0.00000000e+00,2910099653677,2910099815259
101,101,"Agent 1",1,22417,22417,2048,17,"pk_gemm(__half const*, __half const*, __half*, int, int, int)",128,8704,0,208,0,128,"GL2C_MISS_sum",0.00000000e+00,2910099653677,2910099815259
102,102,"Agent 1",1,22417,22417,2048,17,"pk_gemm(__half const*, __half const*, __half*, int, int, int)",128,8704,0,208,0,128,"GL2C_HIT_sum",0.00000000e+00,2910100039840,2910100201543
102,102,"Agent 1",1,22417,22417,2048,17,"pk_gemm(__half const*, __half const*, __half*, int, int, int)",128,8704,0,208,0,128,"GL2C_MISS_sum",0.00000000e+00,2910100039840,2910100201543
103,103,"Agent 1",1,22417,22417,2048,17,"pk_gemm(__half const*, __half const*, __half*, int, int, int)",128,8704,0,208,0,128,"GL2C_HIT_sum",0.00000000e+00,2910100424481,2910100585462
103,103,"Agent 1",1,22417,22417,2048,17,"pk_gemm(__half const*, __half const*, __half*, int, int, int)",128,8704,0,208,0,128,"GL2C_MISS_sum",0.00000000e+00,2910100424481,2910100585462
104,104,"Agent 1",1,22417,22417,2048,17,"pk_gemm(__half const*, __half const*, __half*, int, int, int)",128,8704,0,208,0,128,"GL2C_HIT_sum",0.00000000e+00,2910100811165,2910100973229
104,104,"Agent 1",1,22417,22417,2048,17,"pk_gemm(__half const*, __half const*, __half*, int, int, int)",128,8704,0,208,0,128,"GL2C_MISS_sum",0.00000000e+00,2910100811165,2910100973229
105,105,"Agent 1",1,22417,22417,2048,17,"pk_gemm(__half const*, __half const*, __half*, int, int, int)",128,8704,0,208,0,128,"GL2C_HIT_sum",0.00000000e+00,2910101197729,2910101358992
105,105,"Agent 1",1,22417,22417,2048,17,"pk_gemm(__half const*, __half const*, __half*, int, int, int)",128,8704,0,208,0,128,"GL2C_MISS_sum",0.00000000e+00,2910101197729,2910101358992
106,106,"Agent 1",1,22417,22417,2048,17,"pk_gemm(__half const*, __half const*, __half*, int, int, int)",128,8704,0,208,0,128,"GL2C_HIT_sum",0.00000000e+00,2910101583492,2910101744634
106,106,"Agent 1",1,22417,22417,2048,17,"pk_gemm(__half const*, __half const*, __half*, int, int, int)",128,8704,0,208,0,128,"GL2C_MISS_sum",0.00000000e+00,2910101583492,2910101744634
107,107,"Agent 1",1,22417,22417,2048,17,"pk_gemm(__half const*, __half const*, __half*, int, int, int)",128,8704,0,208,0,128,"GL2C_HIT_sum",0.00000000e+00,2910101969295,2910102131238
107,107,"Agent 1",1,22417,22417,2048,17,"pk_gemm(__half const*, __half const*, __half*, int, int, int)",128,8704,0,208,0,128,"GL2C_MISS_sum",0.00000000e+00,2910101969295,2910102131238
108,108,"Agent 1",1,22417,22417,2048,17,"pk_gemm(__half const*, __half const*, __half*, int, int, int)",128,8704,0,208,0,128,"GL2C_HIT_sum",0.00000000e+00,2910102355859,2910102516320
108,108,"Agent 1",1,22417,22417,2048,17,"pk_gemm(__half const*, __half const*, __half*, int, int, int)",128,8704,0,208,0,128,"GL2C_MISS_sum",0.00000000e+00,2910102355859,2910102516320
109,109,"Agent 1",1,22417,22417,2048,17,"pk_gemm(__half const*, __half const*, __half*, int, int, int)",128,8704,0,208,0,128,"GL2C_HIT_sum",0.00000000e+00,2910102741582,2910102903806
109,109,"Agent 1",1,22417,22417,2048,17,"pk_gemm(__half const*, __half const*, __half*, int, int, int)",128,8704,0,208,0,128,"GL2C_MISS_sum",0.00000000e+00,2910102741582,2910102903806
110,110,"Agent 1",1,22417,22417,2048,17,"pk_gemm(__half const*, __half const*, __half*, int, int, int)",128,8704,0,208,0,128,"GL2C_HIT_sum",0.00000000e+00,2910103127264,2910103288847
110,110,"Agent 1",1,22417,22417,2048,17,"pk_gemm(__half const*, __half const*, __half*, int, int, int)",128,8704,0,208,0,128,"GL2C_MISS_sum",0.00000000e+00,2910103127264,2910103288847
111,111,"Agent 1",1,22417,22417,2048,17,"pk_gemm(__half const*, __half const*, __half*, int, int, int)",128,8704,0,208,0,128,"GL2C_HIT_sum",0.00000000e+00,2910103512346,2910103674289
111,111,"Agent 1",1,22417,22417,2048,17,"pk_gemm(__half const*, __half const*, __half*, int, int, int)",128,8704,0,208,0,128,"GL2C_MISS_sum",0.00000000e+00,2910103512346,2910103674289
112,112,"Agent 1",1,22417,22417,2048,17,"pk_gemm(__half const*, __half const*, __half*, int, int, int)",128,8704,0,208,0,128,"GL2C_HIT_sum",0.00000000e+00,2910103898709,2910104059731
112,112,"Agent 1",1,22417,22417,2048,17,"pk_gemm(__half const*, __half const*, __half*, int, int, int)",128,8704,0,208,0,128,"GL2C_MISS_sum",0.00000000e+00,2910103898709,2910104059731
113,113,"Agent 1",1,22417,22417,2048,17,"pk_gemm(__half const*, __half const*, __half*, int, int, int)",128,8704,0,208,0,128,"GL2C_HIT_sum",0.00000000e+00,2910104281627,2910104442528
113,113,"Agent 1",1,22417,22417,2048,17,"pk_gemm(__half const*, __half const*, __half*, int, int, int)",128,8704,0,208,0,128,"GL2C_MISS_sum",0.00000000e+00,2910104281627,2910104442528
114,114,"Agent 1",1,22417,22417,2048,17,"pk_gemm(__half const*, __half const*, __half*, int, int, int)",128,8704,0,208,0,128,"GL2C_HIT_sum",0.00000000e+00,2910104666267,2910104828371
114,114,"Agent 1",1,22417,22417,2048,17,"pk_gemm(__half const*, __half const*, __half*, int, int, int)",128,8704,0,208,0,128,"GL2C_MISS_sum",0.00000000e+00,2910104666267,2910104828371
115,115,"Agent 1",1,22417,22417,2048,17,"pk_gemm(__half const*, __half const*, __half*, int, int, int)",128,8704,0,208,0,128,"GL2C_HIT_sum",0.00000000e+00,2910105050467,2910105212491
115,115,"Agent 1",1,22417,22417,2048,17,"pk_gemm(__half const*, __half const*, __half*, int, int, int)",128,8704,0,208,0,128,"GL2C_MISS_sum",0.00000000e+00,2910105050467,2910105212491
116,116,"Agent 1",1,22417,22417,2048,17,"pk_gemm(__half const*, __half const*, __half*, int, int, int)",128,8704,0,208,0,128,"GL2C_HIT_sum",0.00000000e+00,2910105434306,2910105595448
116,116,"Agent 1",1,22417,22417,2048,17,"pk_gemm(__half const*, __half const*, __half*, int, int, int)",128,8704,0,208,0,128,"GL2C_MISS_sum",0.00000000e+00,2910105434306,2910105595448
117,117,"Agent 1",1,22417,22417,2048,17,"pk_gemm(__half const*, __half const*, __half*, int, int, int)",128,8704,0,208,0,128,"GL2C_HIT_sum",0.00000000e+00,2910105818666,2910105979728
117,117,"Agent 1",1,22417,22417,2048,17,"pk_gemm(__half const*, __half const*, __half*, int, int, int)",128,8704,0,208,0,128,"GL2C_MISS_sum",0.00000000e+00,2910105818666,2910105979728
118,118,"Agent 1",1,22417,22417,2048,17,"pk_gemm(__half const*, __half const*, __half*, int, int, int)",128,8704,0,208,0,128,"GL2C_HIT_sum",0.00000000e+00,2910106199780,2910106360762
118,118,"Agent 1",1,22417,22417,2048,17,"pk_gemm(__half const*, __half const*, __half*, int, int, int)",128,8704,0,208,0,128,"GL2C_MISS_sum",0.00000000e+00,2910106199780,2910106360762
119,119,"Agent 1",1,22417,22417,2048,17,"pk_gemm(__half const*, __half const*, __half*, int, int, int)",128,8704,0,208,0,128,"GL2C_HIT_sum",0.00000000e+00,2910106581295,2910106743759
119,119,"Agent 1",1,22417,22417,2048,17,"pk_gemm(__half const*, __half const*, __half*, int, int, int)",128,8704,0,208,0,128,"GL2C_MISS_sum",0.00000000e+00,2910106581295,2910106743759
120,120,"Agent 1",1,22417,22417,2048,17,"pk_gemm(__half const*, __half const*, __half*, int, int, int)",128,8704,0,208,0,128,"GL2C_HIT_sum",0.00000000e+00,2910106965254,2910107126637
120,120,"Agent 1",1,22417,22417,2048,17,"pk_gemm(__half const*, __half const*, __half*, int, int, int)",128,8704,0,208,0,128,"GL2C_MISS_sum",0.00000000e+00,2910106965254,2910107126637
121,121,"Agent 1",1,22417,22417,2048,17,"pk_gemm(__half const*, __half const*, __half*, int, int, int)",128,8704,0,208,0,128,"GL2C_HIT_sum",0.00000000e+00,2910107347651,2910107509033
121,121,"Agent 1",1,22417,22417,2048,17,"pk_gemm(__half const*, __half const*, __half*, int, int, int)",128,8704,0,208,0,128,"GL2C_MISS_sum",0.00000000e+00,2910107347651,2910107509033
122,122,"Agent 1",1,22417,22417,2048,17,"pk_gemm(__half const*, __half const*, __half*, int, int, int)",128,8704,0,208,0,128,"GL2C_HIT_sum",0.00000000e+00,2910107730568,2910107891870
122,122,"Agent 1",1,22417,22417,2048,17,"pk_gemm(__half const*, __half const*, __half*, int, int, int)",128,8704,0,208,0,128,"GL2C_MISS_sum",0.00000000e+00,2910107730568,2910107891870
123,123,"Agent 1",1,22417,22417,2048,17,"pk_gemm(__half const*, __half const*, __half*, int, int, int)",128,8704,0,208,0,128,"GL2C_HIT_sum",0.00000000e+00,2910108113165,2910108274026
123,123,"Agent 1",1,22417,22417,2048,17,"pk_gemm(__half const*, __half const*, __half*, int, int, int)",128,8704,0,208,0,128,"GL2C_MISS_sum",0.00000000e+00,2910108113165,2910108274026
124,124,"Agent 1",1,22417,22417,2048,17,"pk_gemm(__half const*, __half const*, __half*, int, int, int)",128,8704,0,208,0,128,"GL2C_HIT_sum",0.00000000e+00,2910108495561,2910108657224
124,124,"Agent 1",1,22417,22417,2048,17,"pk_gemm(__half const*, __half const*, __half*, int, int, int)",128,8704,0,208,0,128,"GL2C_MISS_sum",0.00000000e+00,2910108495561,2910108657224
125,125,"Agent 1",1,22417,22417,2048,17,"pk_gemm(__half const*, __half const*, __half*, int, int, int)",128,8704,0,208,0,128,"GL2C_HIT_sum",0.00000000e+00,2910108878399,2910109039701
125,125,"Agent 1",1,22417,22417,2048,17,"pk_gemm(__half const*, __half const*, __half*, int, int, int)",128,8704,0,208,0,128,"GL2C_MISS_sum",0.00000000e+00,2910108878399,2910109039701
126,126,"Agent 1",1,22417,22417,2048,17,"pk_gemm(__half const*, __half const*, __half*, int, int, int)",128,8704,0,208,0,128,"GL2C_HIT_sum",0.00000000e+00,2910109260514,2910109422338
126,126,"Agent 1",1,22417,22417,2048,17,"pk_gemm(__half const*, __half const*, __half*, int, int, int)",128,8704,0,208,0,128,"GL2C_MISS_sum",0.00000000e+00,2910109260514,2910109422338
127,127,"Agent 1",1,22417,22417,2048,17,"pk_gemm(__half const*, __half const*, __half*, int, int, int)",128,8704,0,208,0,128,"GL2C_HIT_sum",0.00000000e+00,2910109642230,2910109803652
127,127,"Agent 1",1,22417,22417,2048,17,"pk_gemm(__half const*, __half const*, __half*, int, int, int)",128,8704,0,208,0,128,"GL2C_MISS_sum",0.00000000e+00,2910109642230,2910109803652
128,128,"Agent 1",1,22417,22417,2048,17,"pk_gemm(__half const*, __half const*, __half*, int, int, int)",128,8704,0,208,0,128,"GL2C_HIT_sum",0.00000000e+00,2910110024466,2910110184766
128,128,"Agent 1",1,22417,22417,2048,17,"pk_gemm(__half const*, __half const*, __half*, int, int, int)",128,8704,0,208,0,128,"GL2C_MISS_sum",0.00000000e+00,2910110024466,2910110184766
129,129,"Agent 1",1,22417,22417,2048,17,"pk_gemm(__half const*, __half const*, __half*, int, int, int)",128,8704,0,208,0,128,"GL2C_HIT_sum",0.00000000e+00,2910110405019,2910110567242
129,129,"Agent 1",1,22417,22417,2048,17,"pk_gemm(__half const*, __half const*, __half*, int, int, int)",128,8704,0,208,0,128,"GL2C_MISS_sum",0.00000000e+00,2910110405019,2910110567242
130,130,"Agent 1",1,22417,22417,8192,17,"pk_gemm(__half const*, __half const*, __half*, int, int, int)",128,8704,0,208,0,128,"GL2C_HIT_sum",0.00000000e+00,2910138267251,2910138784139
130,130,"Agent 1",1,22417,22417,8192,17,"pk_gemm(__half const*, __half const*, __half*, int, int, int)",128,8704,0,208,0,128,"GL2C_MISS_sum",16789.000000,2910138267251,2910138784139
131,131,"Agent 1",1,22417,22417,8192,17,"pk_gemm(__half const*, __half const*, __half*, int, int, int)",128,8704,0,208,0,128,"GL2C_HIT_sum",0.00000000e+00,2910139012405,2910139522240
131,131,"Agent 1",1,22417,22417,8192,17,"pk_gemm(__half const*, __half const*, __half*, int, int, int)",128,8704,0,208,0,128,"GL2C_MISS_sum",3732.000000,2910139012405,2910139522240
132,132,"Agent 1",1,22417,22417,8192,17,"pk_gemm(__half const*, __half const*, __half*, int, int, int)",128,8704,0,208,0,128,"GL2C_HIT_sum",0.00000000e+00,2910139746620,2910140248079
132,132,"Agent 1",1,22417,22417,8192,17,"pk_gemm(__half const*, __half const*, __half*, int, int, int)",128,8704,0,208,0,128,"GL2C_MISS_sum",3973.000000,2910139746620,2910140248079
133,133,"Agent 1",1,22417,22417,8192,17,"pk_gemm(__half const*, __half const*, __half*, int, int, int)",128,8704,0,208,0,128,"GL2C_HIT_sum",0.00000000e+00,2910140471057,2910140979008
133,133,"Agent 1",1,22417,22417,8192,17,"pk_gemm(__half const*, __half const*, __half*, int, int, int)",128,8704,0,208,0,128,"GL2C_MISS_sum",4076.000000,2910140471057,2910140979008
134,134,"Agent 1",1,22417,22417,8192,17,"pk_gemm(__half const*, __half const*, __half*, int, int, int)",128,8704,0,208,0,128,"GL2C_HIT_sum",0.00000000e+00,2910141202346,2910141709095
134,134,"Agent 1",1,22417,22417,8192,17,"pk_gemm(__half const*, __half const*, __half*, int, int, int)",128,8704,0,208,0,128,"GL2C_MISS_sum",4172.000000,2910141202346,2910141709095
135,135,"Agent 1",1,22417,22417,8192,17,"pk_gemm(__half const*, __half const*, __half*, int, int, int)",128,8704,0,208,0,128,"GL2C_HIT_sum",0.00000000e+00,2910141932954,2910142439783
135,135,"Agent 1",1,22417,22417,8192,17,"pk_gemm(__half const*, __half const*, __half*, int, int, int)",128,8704,0,208,0,128,"GL2C_MISS_sum",4054.000000,2910141932954,2910142439783
136,136,"Agent 1",1,22417,22417,8192,17,"pk_gemm(__half const*, __half const*, __half*, int, int, int)",128,8704,0,208,0,128,"GL2C_HIT_sum",0.00000000e+00,2910142664404,2910143157888
136,136,"Agent 1",1,22417,22417,8192,17,"pk_gemm(__half const*, __half const*, __half*, int, int, int)",128,8704,0,208,0,128,"GL2C_MISS_sum",3693.000000,2910142664404,2910143157888
137,137,"Agent 1",1,22417,22417,8192,17,"pk_gemm(__half const*, __half const*, __half*, int, int, int)",128,8704,0,208,0,128,"GL2C_HIT_sum",0.00000000e+00,2910143381787,2910143875872
137,137,"Agent 1",1,22417,22417,8192,17,"pk_gemm(__half const*, __half const*, __half*, int, int, int)",128,8704,0,208,0,128,"GL2C_MISS_sum",3872.000000,2910143381787,2910143875872
138,138,"Agent 1",1,22417,22417,8192,17,"pk_gemm(__half const*, __half const*, __half*, int, int, int)",128,8704,0,208,0,128,"GL2C_HIT_sum",0.00000000e+00,2910144117765,2910144616619
138,138,"Agent 1",1,22417,22417,8192,17,"pk_gemm(__half const*, __half const*, __half*, int, int, int)",128,8704,0,208,0,128,"GL2C_MISS_sum",3836.000000,2910144117765,2910144616619
139,139,"Agent 1",1,22417,22417,8192,17,"pk_gemm(__half const*, __half const*, __half*, int, int, int)",128,8704,0,208,0,128,"GL2C_HIT_sum",0.00000000e+00,2910144839356,2910145347147
139,139,"Agent 1",1,22417,22417,8192,17,"pk_gemm(__half const*, __half const*, __half*, int, int, int)",128,8704,0,208,0,128,"GL2C_MISS_sum",3963.000000,2910144839356,2910145347147
140,140,"Agent 1",1,22417,22417,8192,17,"pk_gemm(__half const*, __half const*, __half*, int, int, int)",128,8704,0,208,0,128,"GL2C_HIT_sum",0.00000000e+00,2910145575094,2910146074830
140,140,"Agent 1",1,22417,22417,8192,17,"pk_gemm(__half const*, __half const*, __half*, int, int, int)",128,8704,0,208,0,128,"GL2C_MISS_sum",4067.000000,2910145575094,2910146074830
141,141,"Agent 1",1,22417,22417,8192,17,"pk_gemm(__half const*, __half const*, __half*, int, int, int)",128,8704,0,208,0,128,"GL2C_HIT_sum",0.00000000e+00,2910146301174,2910146794738
141,141,"Agent 1",1,22417,22417,8192,17,"pk_gemm(__half const*, __half const*, __half*, int, int, int)",128,8704,0,208,0,128,"GL2C_MISS_sum",3543.000000,2910146301174,2910146794738
142,142,"Agent 1",1,22417,22417,8192,17,"pk_gemm(__half const*, __half const*, __half*, int, int, int)",128,8704,0,208,0,128,"GL2C_HIT_sum",0.00000000e+00,2910147022244,2910147519976
142,142,"Agent 1",1,22417,22417,8192,17,"pk_gemm(__half const*, __half const*, __half*, int, int, int)",128,8704,0,208,0,128,"GL2C_MISS_sum",4196.000000,2910147022244,2910147519976
143,143,"Agent 1",1,22417,22417,8192,17,"pk_gemm(__half const*, __half const*, __half*, int, int, int)",128,8704,0,208,0,128,"GL2C_HIT_sum",0.00000000e+00,2910147749566,2910148238361
143,143,"Agent 1",1,22417,22417,8192,17,"pk_gemm(__half const*, __half const*, __half*, int, int, int)",128,8704,0,208,0,128,"GL2C_MISS_sum",3971.000000,2910147749566,2910148238361
144,144,"Agent 1",1,22417,22417,8192,17,"pk_gemm(__half const*, __half const*, __half*, int, int, int)",128,8704,0,208,0,128,"GL2C_HIT_sum",0.00000000e+00,2910148466468,2910148966525
144,144,"Agent 1",1,22417,22417,8192,17,"pk_gemm(__half const*, __half const*, __half*, int, int, int)",128,8704,0,208,0,128,"GL2C_MISS_sum",4107.000000,2910148466468,2910148966525
145,145,"Agent 1",1,22417,22417,8192,17,"pk_gemm(__half const*, __half const*, __half*, int, int, int)",128,8704,0,208,0,128,"GL2C_HIT_sum",0.00000000e+00,2910149194552,2910149702503
145,145,"Agent 1",1,22417,22417,8192,17,"pk_gemm(__half const*, __half const*, __half*, int, int, int)",128,8704,0,208,0,128,"GL2C_MISS_sum",3791.000000,2910149194552,2910149702503
146,146,"Agent 1",1,22417,22417,8192,17,"pk_gemm(__half const*, __half const*, __half*, int, int, int)",128,8704,0,208,0,128,"GL2C_HIT_sum",0.00000000e+00,2910149930490,2910150434353
146,146,"Agent 1",1,22417,22417,8192,17,"pk_gemm(__half const*, __half const*, __half*, int, int, int)",128,8704,0,208,0,128,"GL2C_MISS_sum",3746.000000,2910149930490,2910150434353
147,147,"Agent 1",1,22417,22417,8192,17,"pk_gemm(__half const*, __half const*, __half*, int, int, int)",128,8704,0,208,0,128,"GL2C_HIT_sum",0.00000000e+00,2910150662140,2910151182915
147,147,"Agent 1",1,22417,22417,8192,17,"pk_gemm(__half const*, __half const*, __half*, int, int, int)",128,8704,0,208,0,128,"GL2C_MISS_sum",3664.000000,2910150662140,2910151182915
148,148,"Agent 1",1,22417,22417,8192,17,"pk_gemm(__half const*, __half const*, __half*, int, int, int)",128,8704,0,208,0,128,"GL2C_HIT_sum",0.00000000e+00,2910151408297,2910151916649
148,148,"Agent 1",1,22417,22417,8192,17,"pk_gemm(__half const*, __half const*, __half*, int, int, int)",128,8704,0,208,0,128,"GL2C_MISS_sum",3816.000000,2910151408297,2910151916649
149,149,"Agent 1",1,22417,22417,8192,17,"pk_gemm(__half const*, __half const*, __half*, int, int, int)",128,8704,0,208,0,128,"GL2C_HIT_sum",0.00000000e+00,2910152141109,2910152639883
149,149,"Agent 1",1,22417,22417,8192,17,"pk_gemm(__half const*, __half const*, __half*, int, int, int)",128,8704,0,208,0,128,"GL2C_MISS_sum",3771.000000,2910152141109,2910152639883
150,150,"Agent 1",1,22417,22417,8192,17,"pk_gemm(__half const*, __half const*, __half*, int, int, int)",128,8704,0,208,0,128,"GL2C_HIT_sum",0.00000000e+00,2910152864504,2910153371092
150,150,"Agent 1",1,22417,22417,8192,17,"pk_gemm(__half const*, __half const*, __half*, int, int, int)",128,8704,0,208,0,128,"GL2C_MISS_sum",3922.000000,2910152864504,2910153371092
151,151,"Agent 1",1,22417,22417,8192,17,"pk_gemm(__half const*, __half const*, __half*, int, int, int)",128,8704,0,208,0,128,"GL2C_HIT_sum",0.00000000e+00,2910153597075,2910154102382
151,151,"Agent 1",1,22417,22417,8192,17,"pk_gemm(__half const*, __half const*, __half*, int, int, int)",128,8704,0,208,0,128,"GL2C_MISS_sum",3946.000000,2910153597075,2910154102382
152,152,"Agent 1",1,22417,22417,8192,17,"pk_gemm(__half const*, __half const*, __half*, int, int, int)",128,8704,0,208,0,128,"GL2C_HIT_sum",0.00000000e+00,2910154327162,2910154836476
152,152,"Agent 1",1,22417,22417,8192,17,"pk_gemm(__half const*, __half const*, __half*, int, int, int)",128,8704,0,208,0,128,"GL2C_MISS_sum",3883.000000,2910154327162,2910154836476
153,153,"Agent 1",1,22417,22417,8192,17,"pk_gemm(__half const*, __half const*, __half*, int, int, int)",128,8704,0,208,0,128,"GL2C_HIT_sum",0.00000000e+00,2910155061538,2910155563598
153,153,"Agent 1",1,22417,22417,8192,17,"pk_gemm(__half const*, __half const*, __half*, int, int, int)",128,8704,0,208,0,128,"GL2C_MISS_sum",4201.000000,2910155061538,2910155563598
154,154,"Agent 1",1,22417,22417,8192,17,"pk_gemm(__half const*, __half const*, __half*, int, int, int)",128,8704,0,208,0,128,"GL2C_HIT_sum",0.00000000e+00,2910155790062,2910156289517
154,154,"Agent 1",1,22417,22417,8192,17,"pk_gemm(__half const*, __half const*, __half*, int, int, int)",128,8704,0,208,0,128,"GL2C_MISS_sum",4472.000000,2910155790062,2910156289517
155,155,"Agent 1",1,22417,22417,8192,17,"pk_gemm(__half const*, __half const*, __half*, int, int, int)",128,8704,0,208,0,128,"GL2C_HIT_sum",0.00000000e+00,2910156515460,2910157027499
155,155,"Agent 1",1,22417,22417,8192,17,"pk_gemm(__half const*, __half const*, __half*, int, int, int)",128,8704,0,208,0,128,"GL2C_MISS_sum",4020.000000,2910156515460,2910157027499
156,156,"Agent 1",1,22417,22417,8192,17,"pk_gemm(__half const*, __half const*, __half*, int, int, int)",128,8704,0,208,0,128,"GL2C_HIT_sum",0.00000000e+00,2910157252600,2910157763397
156,156,"Agent 1",1,22417,22417,8192,17,"pk_gemm(__half const*, __half const*, __half*, int, int, int)",128,8704,0,208,0,128,"GL2C_MISS_sum",3789.000000,2910157252600,2910157763397
157,157,"Agent 1",1,22417,22417,8192,17,"pk_gemm(__half const*, __half const*, __half*, int, int, int)",128,8704,0,208,0,128,"GL2C_HIT_sum",0.00000000e+00,2910157987817,2910158496610
157,157,"Agent 1",1,22417,22417,8192,17,"pk_gemm(__half const*, __half const*, __half*, int, int, int)",128,8704,0,208,0,128,"GL2C_MISS_sum",3613.000000,2910157987817,2910158496610
158,158,"Agent 1",1,22417,22417,8192,17,"pk_gemm(__half const*, __half const*, __half*, int, int, int)",128,8704,0,208,0,128,"GL2C_HIT_sum",0.00000000e+00,2910158722673,2910159229021
158,158,"Agent 1",1,22417,22417,8192,17,"pk_gemm(__half const*, __half const*, __half*, int, int, int)",128,8704,0,208,0,128,"GL2C_MISS_sum",4015.000000,2910158722673,2910159229021
159,159,"Agent 1",1,22417,22417,8192,17,"pk_gemm(__half const*, __half const*, __half*, int, int, int)",128,8704,0,208,0,128,"GL2C_HIT_sum",0.00000000e+00,2910159452800,2910159967043
159,159,"Agent 1",1,22417,22417,8192,17,"pk_gemm(__half const*, __half const*, __half*, int, int, int)",128,8704,0,208,0,128,"GL2C_MISS_sum",3882.000000,2910159452800,2910159967043
160,160,"Agent 1",1,22417,22417,8192,17,"pk_gemm(__half const*, __half const*, __half*, int, int, int)",128,8704,0,208,0,128,"GL2C_HIT_sum",0.00000000e+00,2910160190542,2910160709594
160,160,"Agent 1",1,22417,22417,8192,17,"pk_gemm(__half const*, __half const*, __half*, int, int, int)",128,8704,0,208,0,128,"GL2C_MISS_sum",4523.000000,2910160190542,2910160709594
161,161,"Agent 1",1,22417,22417,8192,17,"pk_gemm(__half const*, __half const*, __half*, int, int, int)",128,8704,0,208,0,128,"GL2C_HIT_sum",0.00000000e+00,2910160933653,2910161431546
161,161,"Agent 1",1,22417,22417,8192,17,"pk_gemm(__half const*, __half const*, __half*, int, int, int)",128,8704,0,208,0,128,"GL2C_MISS_sum",4416.000000,2910160933653,2910161431546
162,162,"Agent 1",1,22417,22417,8192,17,"pk_gemm(__half const*, __half const*, __half*, int, int, int)",128,8704,0,208,0,128,"GL2C_HIT_sum",0.00000000e+00,2910161655806,2910162171692
162,162,"Agent 1",1,22417,22417,8192,17,"pk_gemm(__half const*, __half const*, __half*, int, int, int)",128,8704,0,208,0,128,"GL2C_MISS_sum",3873.000000,2910161655806,2910162171692
163,163,"Agent 1",1,22417,22417,8192,17,"pk_gemm(__half const*, __half const*, __half*, int, int, int)",128,8704,0,208,0,128,"GL2C_HIT_sum",0.00000000e+00,2910162394749,2910162882943
163,163,"Agent 1",1,22417,22417,8192,17,"pk_gemm(__half const*, __half const*, __half*, int, int, int)",128,8704,0,208,0,128,"GL2C_MISS_sum",3743.000000,2910162394749,2910162882943
164,164,"Agent 1",1,22417,22417,8192,17,"pk_gemm(__half const*, __half const*, __half*, int, int, int)",128,8704,0,208,0,128,"GL2C_HIT_sum",0.00000000e+00,2910163105280,2910163606178
164,164,"Agent 1",1,22417,22417,8192,17,"pk_gemm(__half const*, __half const*, __half*, int, int, int)",128,8704,0,208,0,128,"GL2C_MISS_sum",3796.000000,2910163105280,2910163606178
165,165,"Agent 1",1,22417,22417,8192,17,"pk_gemm(__half const*, __half const*, __half*, int, int, int)",128,8704,0,208,0,128,"GL2C_HIT_sum",0.00000000e+00,2910163828314,2910164329091
165,165,"Agent 1",1,22417,22417,8192,17,"pk_gemm(__half const*, __half const*, __half*, int, int, int)",128,8704,0,208,0,128,"GL2C_MISS_sum",4081.000000,2910163828314,2910164329091
166,166,"Agent 1",1,22417,22417,8192,17,"pk_gemm(__half const*, __half const*, __half*, int, int, int)",128,8704,0,208,0,128,"GL2C_HIT_sum",0.00000000e+00,2910164552189,2910165041305
166,166,"Agent 1",1,22417,22417,8192,17,"pk_gemm(__half const*, __half const*, __half*, int, int, int)",128,8704,0,208,0,128,"GL2C_MISS_sum",3535.000000,2910164552189,2910165041305
167,167,"Agent 1",1,22417,22417,8192,17,"pk_gemm(__half const*, __half const*, __half*, int, int, int)",128,8704,0,208,0,128,"GL2C_HIT_sum",0.00000000e+00,2910165263882,2910165773396
167,167,"Agent 1",1,22417,22417,8192,17,"pk_gemm(__half const*, __half const*, __half*, int, int, int)",128,8704,0,208,0,128,"GL2C_MISS_sum",4014.000000,2910165263882,2910165773396
168,168,"Agent 1",1,22417,22417,8192,17,"pk_gemm(__half const*, __half const*, __half*, int, int, int)",128,8704,0,208,0,128,"GL2C_HIT_sum",0.00000000e+00,2910166023664,2910166521116
168,168,"Agent 1",1,22417,22417,8192,17,"pk_gemm(__half const*, __half const*, __half*, int, int, int)",128,8704,0,208,0,128,"GL2C_MISS_sum",4357.000000,2910166023664,2910166521116
169,169,"Agent 1",1,22417,22417,8192,17,"pk_gemm(__half const*, __half const*, __half*, int, int, int)",128,8704,0,208,0,128,"GL2C_HIT_sum",0.00000000e+00,2910166747780,2910167244070
169,169,"Agent 1",1,22417,22417,8192,17,"pk_gemm(__half const*, __half const*, __half*, int, int, int)",128,8704,0,208,0,128,"GL2C_MISS_sum",3667.000000,2910166747780,2910167244070
170,170,"Agent 1",1,22417,22417,8192,17,"pk_gemm(__half const*, __half const*, __half*, int, int, int)",128,8704,0,208,0,128,"GL2C_HIT_sum",0.00000000e+00,2910167469171,2910167976962
170,170,"Agent 1",1,22417,22417,8192,17,"pk_gemm(__half const*, __half const*, __half*, int, int, int)",128,8704,0,208,0,128,"GL2C_MISS_sum",4231.000000,2910167469171,2910167976962
171,171,"Agent 1",1,22417,22417,8192,17,"pk_gemm(__half const*, __half const*, __half*, int, int, int)",128,8704,0,208,0,128,"GL2C_HIT_sum",0.00000000e+00,2910168205390,2910168695548
171,171,"Agent 1",1,22417,22417,8192,17,"pk_gemm(__half const*, __half const*, __half*, int, int, int)",128,8704,0,208,0,128,"GL2C_MISS_sum",3775.000000,2910168205390,2910168695548
172,172,"Agent 1",1,22417,22417,8192,17,"pk_gemm(__half const*, __half const*, __half*, int, int, int)",128,8704,0,208,0,128,"GL2C_HIT_sum",0.00000000e+00,2910168921972,2910169429963
172,172,"Agent 1",1,22417,22417,8192,17,"pk_gemm(__half const*, __half const*, __half*, int, int, int)",128,8704,0,208,0,128,"GL2C_MISS_sum",4194.000000,2910168921972,2910169429963
173,173,"Agent 1",1,22417,22417,8192,17,"pk_gemm(__half const*, __half const*, __half*, int, int, int)",128,8704,0,208,0,128,"GL2C_HIT_sum",0.00000000e+00,2910169657349,2910170142818
173,173,"Agent 1",1,22417,22417,8192,17,"pk_gemm(__half const*, __half const*, __half*, int, int, int)",128,8704,0,208,0,128,"GL2C_MISS_sum",4354.000000,2910169657349,2910170142818
174,174,"Agent 1",1,22417,22417,8192,17,"pk_gemm(__half const*, __half const*, __half*, int, int, int)",128,8704,0,208,0,128,"GL2C_HIT_sum",0.00000000e+00,2910170367919,2910170874267
174,174,"Agent 1",1,22417,22417,8192,17,"pk_gemm(__half const*, __half const*, __half*, int, int, int)",128,8704,0,208,0,128,"GL2C_MISS_sum",3847.000000,2910170367919,2910170874267
175,175,"Agent 1",1,22417,22417,8192,17,"pk_gemm(__half const*, __half const*, __half*, int, int, int)",128,8704,0,208,0,128,"GL2C_HIT_sum",0.00000000e+00,2910171102134,2910171604835
175,175,"Agent 1",1,22417,22417,8192,17,"pk_gemm(__half const*, __half const*, __half*, int, int, int)",128,8704,0,208,0,128,"GL2C_MISS_sum",3968.000000,2910171102134,2910171604835
176,176,"Agent 1",1,22417,22417,8192,17,"pk_gemm(__half const*, __half const*, __half*, int, int, int)",128,8704,0,208,0,128,"GL2C_HIT_sum",0.00000000e+00,2910171830658,2910172324663
176,176,"Agent 1",1,22417,22417,8192,17,"pk_gemm(__half const*, __half const*, __half*, int, int, int)",128,8704,0,208,0,128,"GL2C_MISS_sum",3768.000000,2910171830658,2910172324663
177,177,"Agent 1",1,22417,22417,8192,17,"pk_gemm(__half const*, __half const*, __half*, int, int, int)",128,8704,0,208,0,128,"GL2C_HIT_sum",0.00000000e+00,2910172552690,2910173060962
177,177,"Agent 1",1,22417,22417,8192,17,"pk_gemm(__half const*, __half const*, __half*, int, int, int)",128,8704,0,208,0,128,"GL2C_MISS_sum",3608.000000,2910172552690,2910173060962
178,178,"Agent 1",1,22417,22417,8192,17,"pk_gemm(__half const*, __half const*, __half*, int, int, int)",128,8704,0,208,0,128,"GL2C_HIT_sum",0.00000000e+00,2910173285823,2910173780790
178,178,"Agent 1",1,22417,22417,8192,17,"pk_gemm(__half const*, __half const*, __half*, int, int, int)",128,8704,0,208,0,128,"GL2C_MISS_sum",4116.000000,2910173285823,2910173780790
179,179,"Agent 1",1,22417,22417,8192,17,"pk_gemm(__half const*, __half const*, __half*, int, int, int)",128,8704,0,208,0,128,"GL2C_HIT_sum",0.00000000e+00,2910174005210,2910174531075
179,179,"Agent 1",1,22417,22417,8192,17,"pk_gemm(__half const*, __half const*, __half*, int, int, int)",128,8704,0,208,0,128,"GL2C_MISS_sum",3751.000000,2910174005210,2910174531075
180,180,"Agent 1",1,22417,22417,8192,17,"pk_gemm(__half const*, __half const*, __half*, int, int, int)",128,8704,0,208,0,128,"GL2C_HIT_sum",0.00000000e+00,2910174756657,2910175265009
180,180,"Agent 1",1,22417,22417,8192,17,"pk_gemm(__half const*, __half const*, __half*, int, int, int)",128,8704,0,208,0,128,"GL2C_MISS_sum",4096.000000,2910174756657,2910175265009
181,181,"Agent 1",1,22417,22417,8192,17,"pk_gemm(__half const*, __half const*, __half*, int, int, int)",128,8704,0,208,0,128,"GL2C_HIT_sum",0.00000000e+00,2910175490351,2910175995778
181,181,"Agent 1",1,22417,22417,8192,17,"pk_gemm(__half const*, __half const*, __half*, int, int, int)",128,8704,0,208,0,128,"GL2C_MISS_sum",3532.000000,2910175490351,2910175995778
182,182,"Agent 1",1,22417,22417,8192,17,"pk_gemm(__half const*, __half const*, __half*, int, int, int)",128,8704,0,208,0,128,"GL2C_HIT_sum",0.00000000e+00,2910176219597,2910176724582
182,182,"Agent 1",1,22417,22417,8192,17,"pk_gemm(__half const*, __half const*, __half*, int, int, int)",128,8704,0,208,0,128,"GL2C_MISS_sum",3944.000000,2910176219597,2910176724582
183,183,"Agent 1",1,22417,22417,8192,17,"pk_gemm(__half const*, __half const*, __half*, int, int, int)",128,8704,0,208,0,128,"GL2C_HIT_sum",0.00000000e+00,2910176949043,2910177432187
183,183,"Agent 1",1,22417,22417,8192,17,"pk_gemm(__half const*, __half const*, __half*, int, int, int)",128,8704,0,208,0,128,"GL2C_MISS_sum",3659.000000,2910176949043,2910177432187
184,184,"Agent 1",1,22417,22417,8192,17,"pk_gemm(__half const*, __half const*, __half*, int, int, int)",128,8704,0,208,0,128,"GL2C_HIT_sum",0.00000000e+00,2910177656407,2910178157786
184,184,"Agent 1",1,22417,22417,8192,17,"pk_gemm(__half const*, __half const*, __half*, int, int, int)",128,8704,0,208,0,128,"GL2C_MISS_sum",3591.000000,2910177656407,2910178157786
185,185,"Agent 1",1,22417,22417,8192,17,"pk_gemm(__half const*, __half const*, __half*, int, int, int)",128,8704,0,208,0,128,"GL2C_HIT_sum",0.00000000e+00,2910178381365,2910178881421
185,185,"Agent 1",1,22417,22417,8192,17,"pk_gemm(__half const*, __half const*, __half*, int, int, int)",128,8704,0,208,0,128,"GL2C_MISS_sum",4606.000000,2910178381365,2910178881421
186,186,"Agent 1",1,22417,22417,8192,17,"pk_gemm(__half const*, __half const*, __half*, int, int, int)",128,8704,0,208,0,128,"GL2C_HIT_sum",0.00000000e+00,2910179105601,2910179598564
186,186,"Agent 1",1,22417,22417,8192,17,"pk_gemm(__half const*, __half const*, __half*, int, int, int)",128,8704,0,208,0,128,"GL2C_MISS_sum",3599.000000,2910179105601,2910179598564
187,187,"Agent 1",1,22417,22417,8192,17,"pk_gemm(__half const*, __half const*, __half*, int, int, int)",128,8704,0,208,0,128,"GL2C_HIT_sum",0.00000000e+00,2910179823144,2910180326807
187,187,"Agent 1",1,22417,22417,8192,17,"pk_gemm(__half const*, __half const*, __half*, int, int, int)",128,8704,0,208,0,128,"GL2C_MISS_sum",4057.000000,2910179823144,2910180326807
188,188,"Agent 1",1,22417,22417,8192,17,"pk_gemm(__half const*, __half const*, __half*, int, int, int)",128,8704,0,208,0,128,"GL2C_HIT_sum",0.00000000e+00,2910180551268,2910181047757
188,188,"Agent 1",1,22417,22417,8192,17,"pk_gemm(__half const*, __half const*, __half*, int, int, int)",128,8704,0,208,0,128,"GL2C_MISS_sum",4056.000000,2910180551268,2910181047757
189,189,"Agent 1",1,22417,22417,8192,17,"pk_gemm(__half const*, __half const*, __half*, int, int, int)",128,8704,0,208,0,128,"GL2C_HIT_sum",0.00000000e+00,2910181272298,2910181785098
189,189,"Agent 1",1,22417,22417,8192,17,"pk_gemm(__half const*, __half const*, __half*, int, int, int)",128,8704,0,208,0,128,"GL2C_MISS_sum",3612.000000,2910181272298,2910181785098
190,190,"Agent 1",1,22417,22417,8192,17,"pk_gemm(__half const*, __half const*, __half*, int, int, int)",128,8704,0,208,0,128,"GL2C_HIT_sum",0.00000000e+00,2910182010200,2910182510496
190,190,"Agent 1",1,22417,22417,8192,17,"pk_gemm(__half const*, __half const*, __half*, int, int, int)",128,8704,0,208,0,128,"GL2C_MISS_sum",4050.000000,2910182010200,2910182510496
191,191,"Agent 1",1,22417,22417,8192,17,"pk_gemm(__half const*, __half const*, __half*, int, int, int)",128,8704,0,208,0,128,"GL2C_HIT_sum",0.00000000e+00,2910182733795,2910183235614
191,191,"Agent 1",1,22417,22417,8192,17,"pk_gemm(__half const*, __half const*, __half*, int, int, int)",128,8704,0,208,0,128,"GL2C_MISS_sum",3597.000000,2910182733795,2910183235614
192,192,"Agent 1",1,22417,22417,8192,17,"pk_gemm(__half const*, __half const*, __half*, int, int, int)",128,8704,0,208,0,128,"GL2C_HIT_sum",0.00000000e+00,2910183458993,2910183978205
192,192,"Agent 1",1,22417,22417,8192,17,"pk_gemm(__half const*, __half const*, __half*, int, int, int)",128,8704,0,208,0,128,"GL2C_MISS_sum",4188.000000,2910183458993,2910183978205
193,193,"Agent 1",1,22417,22417,8192,17,"pk_gemm(__half const*, __half const*, __half*, int, int, int)",128,8704,0,208,0,128,"GL2C_HIT_sum",0.00000000e+00,2910184202665,2910184696470
193,193,"Agent 1",1,22417,22417,8192,17,"pk_gemm(__half const*, __half const*, __half*, int, int, int)",128,8704,0,208,0,128,"GL2C_MISS_sum",4003.000000,2910184202665,2910184696470
194,194,"Agent 1",1,22417,22417,8192,17,"pk_gemm(__half const*, __half const*, __half*, int, int, int)",128,8704,0,208,0,128,"GL2C_HIT_sum",0.00000000e+00,2910184920529,2910185432167
194,194,"Agent 1",1,22417,22417,8192,17,"pk_gemm(__half const*, __half const*, __half*, int, int, int)",128,8704,0,208,0,128,"GL2C_MISS_sum",3864.000000,2910184920529,2910185432167
195,195,"Agent 1",1,22417,22417,8192,17,"pk_gemm(__half const*, __half const*, __half*, int, int, int)",128,8704,0,208,0,128,"GL2C_HIT_sum",0.00000000e+00,2910185654664,2910186162214
195,195,"Agent 1",1,22417,22417,8192,17,"pk_gemm(__half const*, __half const*, __half*, int, int, int)",128,8704,0,208,0,128,"GL2C_MISS_sum",4948.000000,2910185654664,2910186162214
196,196,"Agent 1",1,22417,22417,8192,17,"pk_gemm(__half const*, __half const*, __half*, int, int, int)",128,8704,0,208,0,128,"GL2C_HIT_sum",0.00000000e+00,2910186385953,2910186892382
196,196,"Agent 1",1,22417,22417,8192,17,"pk_gemm(__half const*, __half const*, __half*, int, int, int)",128,8704,0,208,0,128,"GL2C_MISS_sum",4079.000000,2910186385953,2910186892382
197,197,"Agent 1",1,22417,22417,8192,17,"pk_gemm(__half const*, __half const*, __half*, int, int, int)",128,8704,0,208,0,128,"GL2C_HIT_sum",0.00000000e+00,2910187116161,2910187627478
197,197,"Agent 1",1,22417,22417,8192,17,"pk_gemm(__half const*, __half const*, __half*, int, int, int)",128,8704,0,208,0,128,"GL2C_MISS_sum",3799.000000,2910187116161,2910187627478
198,198,"Agent 1",1,22417,22417,8192,17,"pk_gemm(__half const*, __half const*, __half*, int, int, int)",128,8704,0,208,0,128,"GL2C_HIT_sum",0.00000000e+00,2910187871295,2910188376441
198,198,"Agent 1",1,22417,22417,8192,17,"pk_gemm(__half const*, __half const*, __half*, int, int, int)",128,8704,0,208,0,128,"GL2C_MISS_sum",4220.000000,2910187871295,2910188376441
199,199,"Agent 1",1,22417,22417,8192,17,"pk_gemm(__half const*, __half const*, __half*, int, int, int)",128,8704,0,208,0,128,"GL2C_HIT_sum",0.00000000e+00,2910188603305,2910189102360
199,199,"Agent 1",1,22417,22417,8192,17,"pk_gemm(__half const*, __half const*, __half*, int, int, int)",128,8704,0,208,0,128,"GL2C_MISS_sum",3987.000000,2910188603305,2910189102360
200,200,"Agent 1",1,22417,22417,8192,17,"pk_gemm(__half const*, __half const*, __half*, int, int, int)",128,8704,0,208,0,128,"GL2C_HIT_sum",0.00000000e+00,2910189326940,2910189824993
200,200,"Agent 1",1,22417,22417,8192,17,"pk_gemm(__half const*, __half const*, __half*, int, int, int)",128,8704,0,208,0,128,"GL2C_MISS_sum",4881.000000,2910189326940,2910189824993
201,201,"Agent 1",1,22417,22417,8192,17,"pk_gemm(__half const*, __half const*, __half*, int, int, int)",128,8704,0,208,0,128,"GL2C_HIT_sum",0.00000000e+00,2910190051818,2910190552395
201,201,"Agent 1",1,22417,22417,8192,17,"pk_gemm(__half const*, __half const*, __half*, int, int, int)",128,8704,0,208,0,128,"GL2C_MISS_sum",3994.000000,2910190051818,2910190552395
202,202,"Agent 1",1,22417,22417,8192,17,"pk_gemm(__half const*, __half const*, __half*, int, int, int)",128,8704,0,208,0,128,"GL2C_HIT_sum",0.00000000e+00,2910190780502,2910191287612
202,202,"Agent 1",1,22417,22417,8192,17,"pk_gemm(__half const*, __half const*, __half*, int, int, int)",128,8704,0,208,0,128,"GL2C_MISS_sum",3880.000000,2910190780502,2910191287612
203,203,"Agent 1",1,22417,22417,8192,17,"pk_gemm(__half const*, __half const*, __half*, int, int, int)",128,8704,0,208,0,128,"GL2C_HIT_sum",0.00000000e+00,2910191513755,2910192006638
203,203,"Agent 1",1,22417,22417,8192,17,"pk_gemm(__half const*, __half const*, __half*, int, int, int)",128,8704,0,208,0,128,"GL2C_MISS_sum",4040.000000,2910191513755,2910192006638
204,204,"Agent 1",1,22417,22417,8192,17,"pk_gemm(__half const*, __half const*, __half*, int, int, int)",128,8704,0,208,0,128,"GL2C_HIT_sum",0.00000000e+00,2910192234826,2910192730153
204,204,"Agent 1",1,22417,22417,8192,17,"pk_gemm(__half const*, __half const*, __half*, int, int, int)",128,8704,0,208,0,128,"GL2C_MISS_sum",3560.000000,2910192234826,2910192730153
205,205,"Agent 1",1,22417,22417,8192,17,"pk_gemm(__half const*, __half const*, __half*, int, int, int)",128,8704,0,208,0,128,"GL2C_HIT_sum",0.00000000e+00,2910192956537,2910193455752
205,205,"Agent 1",1,22417,22417,8192,17,"pk_gemm(__half const*, __half const*, __half*, int, int, int)",128,8704,0,208,0,128,"GL2C_MISS_sum",4177.000000,2910192956537,2910193455752
206,206,"Agent 1",1,22417,22417,8192,17,"pk_gemm(__half const*, __half const*, __half*, int, int, int)",128,8704,0,208,0,128,"GL2C_HIT_sum",0.00000000e+00,2910193683739,2910194180870
206,206,"Agent 1",1,22417,22417,8192,17,"pk_gemm(__half const*, __half const*, __half*, int, int, int)",128,8704,0,208,0,128,"GL2C_MISS_sum",3563.000000,2910193683739,2910194180870
207,207,"Agent 1",1,22417,22417,8192,17,"pk_gemm(__half const*, __half const*, __half*, int, int, int)",128,8704,0,208,0,128,"GL2C_HIT_sum",0.00000000e+00,2910194408416,2910194923701
207,207,"Agent 1",1,22417,22417,8192,17,"pk_gemm(__half const*, __half const*, __half*, int, int, int)",128,8704,0,208,0,128,"GL2C_MISS_sum",4230.000000,2910194408416,2910194923701
208,208,"Agent 1",1,22417,22417,8192,17,"pk_gemm(__half const*, __half const*, __half*, int, int, int)",128,8704,0,208,0,128,"GL2C_HIT_sum",0.00000000e+00,2910195147840,2910195644250
208,208,"Agent 1",1,22417,22417,8192,17,"pk_gemm(__half const*, __half const*, __half*, int, int, int)",128,8704,0,208,0,128,"GL2C_MISS_sum",3893.000000,2910195147840,2910195644250
209,209,"Agent 1",1,22417,22417,8192,17,"pk_gemm(__half const*, __half const*, __half*, int, int, int)",128,8704,0,208,0,128,"GL2C_HIT_sum",0.00000000e+00,2910195868710,2910196368406
209,209,"Agent 1",1,22417,22417,8192,17,"pk_gemm(__half const*, __half const*, __half*, int, int, int)",128,8704,0,208,0,128,"GL2C_MISS_sum",3602.000000,2910195868710,2910196368406
210,210,"Agent 1",1,22417,22417,8192,17,"pk_gemm(__half const*, __half const*, __half*, int, int, int)",128,8704,0,208,0,128,"GL2C_HIT_sum",0.00000000e+00,2910196595302,2910197091190
210,210,"Agent 1",1,22417,22417,8192,17,"pk_gemm(__half const*, __half const*, __half*, int, int, int)",128,8704,0,208,0,128,"GL2C_MISS_sum",4152.000000,2910196595302,2910197091190
211,211,"Agent 1",1,22417,22417,8192,17,"pk_gemm(__half const*, __half const*, __half*, int, int, int)",128,8704,0,208,0,128,"GL2C_HIT_sum",0.00000000e+00,2910197319136,2910197802922
211,211,"Agent 1",1,22417,22417,8192,17,"pk_gemm(__half const*, __half const*, __half*, int, int, int)",128,8704,0,208,0,128,"GL2C_MISS_sum",3849.000000,2910197319136,2910197802922
212,212,"Agent 1",1,22417,22417,8192,17,"pk_gemm(__half const*, __half const*, __half*, int, int, int)",128,8704,0,208,0,128,"GL2C_HIT_sum",0.00000000e+00,2910198028624,2910198546314
212,212,"Agent 1",1,22417,22417,8192,17,"pk_gemm(__half const*, __half const*, __half*, int, int, int)",128,8704,0,208,0,128,"GL2C_MISS_sum",3874.000000,2910198028624,2910198546314
213,213,"Agent 1",1,22417,22417,8192,17,"pk_gemm(__half const*, __half const*, __half*, int, int, int)",128,8704,0,208,0,128,"GL2C_HIT_sum",0.00000000e+00,2910198771936,2910199261773
213,213,"Agent 1",1,22417,22417,8192,17,"pk_gemm(__half const*, __half const*, __half*, int, int, int)",128,8704,0,208,0,128,"GL2C_MISS_sum",3792.000000,2910198771936,2910199261773
214,214,"Agent 1",1,22417,22417,8192,17,"pk_gemm(__half const*, __half const*, __half*, int, int, int)",128,8704,0,208,0,128,"GL2C_HIT_sum",0.00000000e+00,2910199486394,2910199979798
214,214,"Agent 1",1,22417,22417,8192,17,"pk_gemm(__half const*, __half const*, __half*, int, int, int)",128,8704,0,208,0,128,"GL2C_MISS_sum",3754.000000,2910199486394,2910199979798
215,215,"Agent 1",1,22417,22417,8192,17,"pk_gemm(__half const*, __half const*, __half*, int, int, int)",128,8704,0,208,0,128,"GL2C_HIT_sum",0.00000000e+00,2910200203977,2910200718901
215,215,"Agent 1",1,22417,22417,8192,17,"pk_gemm(__half const*, __half const*, __half*, int, int, int)",128,8704,0,208,0,128,"GL2C_MISS_sum",4021.000000,2910200203977,2910200718901
216,216,"Agent 1",1,22417,22417,8192,17,"pk_gemm(__half const*, __half const*, __half*, int, int, int)",128,8704,0,208,0,128,"GL2C_HIT_sum",0.00000000e+00,2910200944724,2910201445782
216,216,"Agent 1",1,22417,22417,8192,17,"pk_gemm(__half const*, __half const*, __half*, int, int, int)",128,8704,0,208,0,128,"GL2C_MISS_sum",3478.000000,2910200944724,2910201445782
217,217,"Agent 1",1,22417,22417,8192,17,"pk_gemm(__half const*, __half const*, __half*, int, int, int)",128,8704,0,208,0,128,"GL2C_HIT_sum",0.00000000e+00,2910201670042,2910202187732
217,217,"Agent 1",1,22417,22417,8192,17,"pk_gemm(__half const*, __half const*, __half*, int, int, int)",128,8704,0,208,0,128,"GL2C_MISS_sum",3824.000000,2910201670042,2910202187732
218,218,"Agent 1",1,22417,22417,8192,17,"pk_gemm(__half const*, __half const*, __half*, int, int, int)",128,8704,0,208,0,128,"GL2C_HIT_sum",0.00000000e+00,2910202411751,2910202895016
218,218,"Agent 1",1,22417,22417,8192,17,"pk_gemm(__half const*, __half const*, __half*, int, int, int)",128,8704,0,208,0,128,"GL2C_MISS_sum",4720.000000,2910202411751,2910202895016
219,219,"Agent 1",1,22417,22417,8192,17,"pk_gemm(__half const*, __half const*, __half*, int, int, int)",128,8704,0,208,0,128,"GL2C_HIT_sum",0.00000000e+00,2910203118595,2910203612840
219,219,"Agent 1",1,22417,22417,8192,17,"pk_gemm(__half const*, __half const*, __half*, int, int, int)",128,8704,0,208,0,128,"GL2C_MISS_sum",3631.000000,2910203118595,2910203612840
220,220,"Agent 1",1,22417,22417,8192,17,"pk_gemm(__half const*, __half const*, __half*, int, int, int)",128,8704,0,208,0,128,"GL2C_HIT_sum",0.00000000e+00,2910203837260,2910204341164
220,220,"Agent 1",1,22417,22417,8192,17,"pk_gemm(__half const*, __half const*, __half*, int, int, int)",128,8704,0,208,0,128,"GL2C_MISS_sum",4099.000000,2910203837260,2910204341164
221,221,"Agent 1",1,22417,22417,8192,17,"pk_gemm(__half const*, __half const*, __half*, int, int, int)",128,8704,0,208,0,128,"GL2C_HIT_sum",0.00000000e+00,2910204564141,2910205059028
221,221,"Agent 1",1,22417,22417,8192,17,"pk_gemm(__half const*, __half const*, __half*, int, int, int)",128,8704,0,208,0,128,"GL2C_MISS_sum",3451.000000,2910204564141,2910205059028
222,222,"Agent 1",1,22417,22417,8192,17,"pk_gemm(__half const*, __half const*, __half*, int, int, int)",128,8704,0,208,0,128,"GL2C_HIT_sum",0.00000000e+00,2910205282646,2910205807429
222,222,"Agent 1",1,22417,22417,8192,17,"pk_gemm(__half const*, __half const*, __half*, int, int, int)",128,8704,0,208,0,128,"GL2C_MISS_sum",3999.000000,2910205282646,2910205807429
223,223,"Agent 1",1,22417,22417,8192,17,"pk_gemm(__half const*, __half const*, __half*, int, int, int)",128,8704,0,208,0,128,"GL2C_HIT_sum",0.00000000e+00,2910206031809,2910206525173
223,223,"Agent 1",1,22417,22417,8192,17,"pk_gemm(__half const*, __half const*, __half*, int, int, int)",128,8704,0,208,0,128,"GL2C_MISS_sum",4387.000000,2910206031809,2910206525173
224,224,"Agent 1",1,22417,22417,8192,17,"pk_gemm(__half const*, __half const*, __half*, int, int, int)",128,8704,0,208,0,128,"GL2C_HIT_sum",0.00000000e+00,2910206748832,2910207247525
224,224,"Agent 1",1,22417,22417,8192,17,"pk_gemm(__half const*, __half const*, __half*, int, int, int)",128,8704,0,208,0,128,"GL2C_MISS_sum",4074.000000,2910206748832,2910207247525
225,225,"Agent 1",1,22417,22417,8192,17,"pk_gemm(__half const*, __half const*, __half*, int, int, int)",128,8704,0,208,0,128,"GL2C_HIT_sum",0.00000000e+00,2910207470543,2910207974366
225,225,"Agent 1",1,22417,22417,8192,17,"pk_gemm(__half const*, __half const*, __half*, int, int, int)",128,8704,0,208,0,128,"GL2C_MISS_sum",4355.000000,2910207470543,2910207974366
226,226,"Agent 1",1,22417,22417,8192,17,"pk_gemm(__half const*, __half const*, __half*, int, int, int)",128,8704,0,208,0,128,"GL2C_HIT_sum",0.00000000e+00,2910208197664,2910208689425
226,226,"Agent 1",1,22417,22417,8192,17,"pk_gemm(__half const*, __half const*, __half*, int, int, int)",128,8704,0,208,0,128,"GL2C_MISS_sum",4093.000000,2910208197664,2910208689425
227,227,"Agent 1",1,22417,22417,8192,17,"pk_gemm(__half const*, __half const*, __half*, int, int, int)",128,8704,0,208,0,128,"GL2C_HIT_sum",0.00000000e+00,2910208911882,2910209420634
227,227,"Agent 1",1,22417,22417,8192,17,"pk_gemm(__half const*, __half const*, __half*, int, int, int)",128,8704,0,208,0,128,"GL2C_MISS_sum",3746.000000,2910208911882,2910209420634
228,228,"Agent 1",1,22417,22417,8192,17,"pk_gemm(__half const*, __half const*, __half*, int, int, int)",128,8704,0,208,0,128,"GL2C_HIT_sum",0.00000000e+00,2910209665533,2910210146193
228,228,"Agent 1",1,22417,22417,8192,17,"pk_gemm(__half const*, __half const*, __half*, int, int, int)",128,8704,0,208,0,128,"GL2C_MISS_sum",4225.000000,2910209665533,2910210146193
229,229,"Agent 1",1,22417,22417,8192,17,"pk_gemm(__half const*, __half const*, __half*, int, int, int)",128,8704,0,208,0,128,"GL2C_HIT_sum",0.00000000e+00,2910210374260,2910210878444
229,229,"Agent 1",1,22417,22417,8192,17,"pk_gemm(__half const*, __half const*, __half*, int, int, int)",128,8704,0,208,0,128,"GL2C_MISS_sum",3597.000000,2910210374260,2910210878444
230,230,"Agent 1",1,22417,22417,8192,17,"pk_gemm(__half const*, __half const*, __half*, int, int, int)",128,8704,0,208,0,128,"GL2C_HIT_sum",0.00000000e+00,2910211105349,2910211604443
230,230,"Agent 1",1,22417,22417,8192,17,"pk_gemm(__half const*, __half const*, __half*, int, int, int)",128,8704,0,208,0,128,"GL2C_MISS_sum",4343.000000,2910211105349,2910211604443
231,231,"Agent 1",1,22417,22417,8192,17,"pk_gemm(__half const*, __half const*, __half*, int, int, int)",128,8704,0,208,0,128,"GL2C_HIT_sum",0.00000000e+00,2910211832871,2910212333448
231,231,"Agent 1",1,22417,22417,8192,17,"pk_gemm(__half const*, __half const*, __half*, int, int, int)",128,8704,0,208,0,128,"GL2C_MISS_sum",3667.000000,2910211832871,2910212333448
232,232,"Agent 1",1,22417,22417,8192,17,"pk_gemm(__half const*, __half const*, __half*, int, int, int)",128,8704,0,208,0,128,"GL2C_HIT_sum",0.00000000e+00,2910212559912,2910213081168
232,232,"Agent 1",1,22417,22417,8192,17,"pk_gemm(__half const*, __half const*, __half*, int, int, int)",128,8704,0,208,0,128,"GL2C_MISS_sum",3949.000000,2910212559912,2910213081168
233,233,"Agent 1",1,22417,22417,8192,17,"pk_gemm(__half const*, __half const*, __half*, int, int, int)",128,8704,0,208,0,128,"GL2C_HIT_sum",0.00000000e+00,2910213308514,2910213801757
233,233,"Agent 1",1,22417,22417,8192,17,"pk_gemm(__half const*, __half const*, __half*, int, int, int)",128,8704,0,208,0,128,"GL2C_MISS_sum",4139.000000,2910213308514,2910213801757
234,234,"Agent 1",1,22417,22417,8192,17,"pk_gemm(__half const*, __half const*, __half*, int, int, int)",128,8704,0,208,0,128,"GL2C_HIT_sum",0.00000000e+00,2910214031748,2910214529039
234,234,"Agent 1",1,22417,22417,8192,17,"pk_gemm(__half const*, __half const*, __half*, int, int, int)",128,8704,0,208,0,128,"GL2C_MISS_sum",3753.000000,2910214031748,2910214529039
235,235,"Agent 1",1,22417,22417,8192,17,"pk_gemm(__half const*, __half const*, __half*, int, int, int)",128,8704,0,208,0,128,"GL2C_HIT_sum",0.00000000e+00,2910214756625,2910215256160
235,235,"Agent 1",1,22417,22417,8192,17,"pk_gemm(__half const*, __half const*, __half*, int, int, int)",128,8704,0,208,0,128,"GL2C_MISS_sum",4275.000000,2910214756625,2910215256160
236,236,"Agent 1",1,22417,22417,8192,17,"pk_gemm(__half const*, __half const*, __half*, int, int, int)",128,8704,0,208,0,128,"GL2C_HIT_sum",0.00000000e+00,2910215481663,2910215967091
236,236,"Agent 1",1,22417,22417,8192,17,"pk_gemm(__half const*, __half const*, __half*, int, int, int)",128,8704,0,208,0,128,"GL2C_MISS_sum",3585.000000,2910215481663,2910215967091
237,237,"Agent 1",1,22417,22417,8192,17,"pk_gemm(__half const*, __half const*, __half*, int, int, int)",128,8704,0,208,0,128,"GL2C_HIT_sum",0.00000000e+00,2910216192193,2910216710443
237,237,"Agent 1",1,22417,22417,8192,17,"pk_gemm(__half const*, __half const*, __half*, int, int, int)",128,8704,0,208,0,128,"GL2C_MISS_sum",3980.000000,2910216192193,2910216710443
238,238,"Agent 1",1,22417,22417,8192,17,"pk_gemm(__half const*, __half const*, __half*, int, int, int)",128,8704,0,208,0,128,"GL2C_HIT_sum",0.00000000e+00,2910216935465,2910217440130
238,238,"Agent 1",1,22417,22417,8192,17,"pk_gemm(__half const*, __half const*, __half*, int, int, int)",128,8704,0,208,0,128,"GL2C_MISS_sum",3791.000000,2910216935465,2910217440130
239,239,"Agent 1",1,22417,22417,8192,17,"pk_gemm(__half const*, __half const*, __half*, int, int, int)",128,8704,0,208,0,128,"GL2C_HIT_sum",0.00000000e+00,2910217665832,2910218164606
239,239,"Agent 1",1,22417,22417,8192,17,"pk_gemm(__half const*, __half const*, __half*, int, int, int)",128,8704,0,208,0,128,"GL2C_MISS_sum",3585.000000,2910217665832,2910218164606
240,240,"Agent 1",1,22417,22417,8192,17,"pk_gemm(__half const*, __half const*, __half*, int, int, int)",128,8704,0,208,0,128,"GL2C_HIT_sum",0.00000000e+00,2910218389347,2910218894653
240,240,"Agent 1",1,22417,22417,8192,17,"pk_gemm(__half const*, __half const*, __half*, int, int, int)",128,8704,0,208,0,128,"GL2C_MISS_sum",4180.000000,2910218389347,2910218894653
241,241,"Agent 1",1,22417,22417,8192,17,"pk_gemm(__half const*, __half const*, __half*, int, int, int)",128,8704,0,208,0,128,"GL2C_HIT_sum",0.00000000e+00,2910219119594,2910219611475
241,241,"Agent 1",1,22417,22417,8192,17,"pk_gemm(__half const*, __half const*, __half*, int, int, int)",128,8704,0,208,0,128,"GL2C_MISS_sum",3726.000000,2910219119594,2910219611475
242,242,"Agent 1",1,22417,22417,8192,17,"pk_gemm(__half const*, __half const*, __half*, int, int, int)",128,8704,0,208,0,128,"GL2C_HIT_sum",0.00000000e+00,2910219838580,2910220331824
242,242,"Agent 1",1,22417,22417,8192,17,"pk_gemm(__half const*, __half const*, __half*, int, int, int)",128,8704,0,208,0,128,"GL2C_MISS_sum",4390.000000,2910219838580,2910220331824
243,243,"Agent 1",1,22417,22417,8192,17,"pk_gemm(__half const*, __half const*, __half*, int, int, int)",128,8704,0,208,0,128,"GL2C_HIT_sum",0.00000000e+00,2910220555603,2910221057142
243,243,"Agent 1",1,22417,22417,8192,17,"pk_gemm(__half const*, __half const*, __half*, int, int, int)",128,8704,0,208,0,128,"GL2C_MISS_sum",5234.000000,2910220555603,2910221057142
244,244,"Agent 1",1,22417,22417,8192,17,"pk_gemm(__half const*, __half const*, __half*, int, int, int)",128,8704,0,208,0,128,"GL2C_HIT_sum",0.00000000e+00,2910221281442,2910221800413
244,244,"Agent 1",1,22417,22417,8192,17,"pk_gemm(__half const*, __half const*, __half*, int, int, int)",128,8704,0,208,0,128,"GL2C_MISS_sum",3679.000000,2910221281442,2910221800413
245,245,"Agent 1",1,22417,22417,8192,17,"pk_gemm(__half const*, __half const*, __half*, int, int, int)",128,8704,0,208,0,128,"GL2C_HIT_sum",0.00000000e+00,2910222027318,2910222540439
245,245,"Agent 1",1,22417,22417,8192,17,"pk_gemm(__half const*, __half const*, __half*, int, int, int)",128,8704,0,208,0,128,"GL2C_MISS_sum",4247.000000,2910222027318,2910222540439
246,246,"Agent 1",1,22417,22417,8192,17,"pk_gemm(__half const*, __half const*, __half*, int, int, int)",128,8704,0,208,0,128,"GL2C_HIT_sum",0.00000000e+00,2910222764378,2910223251731
246,246,"Agent 1",1,22417,22417,8192,17,"pk_gemm(__half const*, __half const*, __half*, int, int, int)",128,8704,0,208,0,128,"GL2C_MISS_sum",3844.000000,2910222764378,2910223251731
247,247,"Agent 1",1,22417,22417,8192,17,"pk_gemm(__half const*, __half const*, __half*, int, int, int)",128,8704,0,208,0,128,"GL2C_HIT_sum",0.00000000e+00,2910223476031,2910223981016
247,247,"Agent 1",1,22417,22417,8192,17,"pk_gemm(__half const*, __half const*, __half*, int, int, int)",128,8704,0,208,0,128,"GL2C_MISS_sum",3802.000000,2910223476031,2910223981016
248,248,"Agent 1",1,22417,22417,8192,17,"pk_gemm(__half const*, __half const*, __half*, int, int, int)",128,8704,0,208,0,128,"GL2C_HIT_sum",0.00000000e+00,2910224204074,2910224688020
248,248,"Agent 1",1,22417,22417,8192,17,"pk_gemm(__half const*, __half const*, __half*, int, int, int)",128,8704,0,208,0,128,"GL2C_MISS_sum",4032.000000,2910224204074,2910224688020
249,249,"Agent 1",1,22417,22417,8192,17,"pk_gemm(__half const*, __half const*, __half*, int, int, int)",128,8704,0,208,0,128,"GL2C_HIT_sum",0.00000000e+00,2910224911839,2910225399673
249,249,"Agent 1",1,22417,22417,8192,17,"pk_gemm(__half const*, __half const*, __half*, int, int, int)",128,8704,0,208,0,128,"GL2C_MISS_sum",3697.000000,2910224911839,2910225399673
250,250,"Agent 1",1,22417,22417,8192,17,"pk_gemm(__half const*, __half const*, __half*, int, int, int)",128,8704,0,208,0,128,"GL2C_HIT_sum",0.00000000e+00,2910225624213,2910226133727
250,250,"Agent 1",1,22417,22417,8192,17,"pk_gemm(__half const*, __half const*, __half*, int, int, int)",128,8704,0,208,0,128,"GL2C_MISS_sum",4563.000000,2910225624213,2910226133727
251,251,"Agent 1",1,22417,22417,8192,17,"pk_gemm(__half const*, __half const*, __half*, int, int, int)",128,8704,0,208,0,128,"GL2C_HIT_sum",0.00000000e+00,2910226356624,2910226851270
251,251,"Agent 1",1,22417,22417,8192,17,"pk_gemm(__half const*, __half const*, __half*, int, int, int)",128,8704,0,208,0,128,"GL2C_MISS_sum",4399.000000,2910226356624,2910226851270
252,252,"Agent 1",1,22417,22417,8192,17,"pk_gemm(__half const*, __half const*, __half*, int, int, int)",128,8704,0,208,0,128,"GL2C_HIT_sum",0.00000000e+00,2910227074128,2910227589332
252,252,"Agent 1",1,22417,22417,8192,17,"pk_gemm(__half const*, __half const*, __half*, int, int, int)",128,8704,0,208,0,128,"GL2C_MISS_sum",4596.000000,2910227074128,2910227589332
253,253,"Agent 1",1,22417,22417,8192,17,"pk_gemm(__half const*, __half const*, __half*, int, int, int)",128,8704,0,208,0,128,"GL2C_HIT_sum",0.00000000e+00,2910227812230,2910228302588
253,253,"Agent 1",1,22417,22417,8192,17,"pk_gemm(__half const*, __half const*, __half*, int, int, int)",128,8704,0,208,0,128,"GL2C_MISS_sum",3878.000000,2910227812230,2910228302588
254,254,"Agent 1",1,22417,22417,8192,17,"pk_gemm(__half const*, __half const*, __half*, int, int, int)",128,8704,0,208,0,128,"GL2C_HIT_sum",0.00000000e+00,2910228525084,2910229042573
254,254,"Agent 1",1,22417,22417,8192,17,"pk_gemm(__half const*, __half const*, __half*, int, int, int)",128,8704,0,208,0,128,"GL2C_MISS_sum",4302.000000,2910228525084,2910229042573
255,255,"Agent 1",1,22417,22417,8192,17,"pk_gemm(__half const*, __half const*, __half*, int, int, int)",128,8704,0,208,0,128,"GL2C_HIT_sum",0.00000000e+00,2910229264629,2910229774424
255,255,"Agent 1",1,22417,22417,8192,17,"pk_gemm(__half const*, __half const*, __half*, int, int, int)",128,8704,0,208,0,128,"GL2C_MISS_sum",4276.000000,2910229264629,2910229774424
256,256,"Agent 1",1,22417,22417,8192,17,"pk_gemm(__half const*, __half const*, __half*, int, int, int)",128,8704,0,208,0,128,"GL2C_HIT_sum",0.00000000e+00,2910229998002,2910230498900
256,256,"Agent 1",1,22417,22417,8192,17,"pk_gemm(__half const*, __half const*, __half*, int, int, int)",128,8704,0,208,0,128,"GL2C_MISS_sum",3583.000000,2910229998002,2910230498900
257,257,"Agent 1",1,22417,22417,8192,17,"pk_gemm(__half const*, __half const*, __half*, int, int, int)",128,8704,0,208,0,128,"GL2C_HIT_sum",0.00000000e+00,2910230722359,2910231238044
257,257,"Agent 1",1,22417,22417,8192,17,"pk_gemm(__half const*, __half const*, __half*, int, int, int)",128,8704,0,208,0,128,"GL2C_MISS_sum",4157.000000,2910230722359,2910231238044
258,258,"Agent 1",1,22417,22417,32768,17,"pk_gemm(__half const*, __half const*, __half*, int, int, int)",128,8704,0,208,0,128,"GL2C_HIT_sum",0.00000000e+00,2910340762510,2910347104506
258,258,"Agent 1",1,22417,22417,32768,17,"pk_gemm(__half const*, __half const*, __half*, int, int, int)",128,8704,0,208,0,128,"GL2C_MISS_sum",147698.000000,2910340762510,2910347104506
259,259,"Agent 1",1,22417,22417,32768,17,"pk_gemm(__half const*, __half const*, __half*, int, int, int)",128,8704,0,208,0,128,"GL2C_HIT_sum",0.00000000e+00,2910347334736,2910353931329
259,259,"Agent 1",1,22417,22417,32768,17,"pk_gemm(__half const*, __half const*, __half*, int, int, int)",128,8704,0,208,0,128,"GL2C_MISS_sum",131155.000000,2910347334736,2910353931329
260,260,"Agent 1",1,22417,22417,32768,17,"pk_gemm(__half const*, __half const*, __half*, int, int, int)",128,8704,0,208,0,128,"GL2C_HIT_sum",0.00000000e+00,2910354153906,2910360877096
260,260,"Agent 1",1,22417,22417,32768,17,"pk_gemm(__half const*, __half const*, __half*, int, int, int)",128,8704,0,208,0,128,"GL2C_MISS_sum",124462.000000,2910354153906,2910360877096
261,261,"Agent 1",1,22417,22417,32768,17,"pk_gemm(__half const*, __half const*, __half*, int, int, int)",128,8704,0,208,0,128,"GL2C_HIT_sum",0.00000000e+00,2910361100515,2910367499978
261,261,"Agent 1",1,22417,22417,32768,17,"pk_gemm(__half const*, __half const*, __half*, int, int, int)",128,8704,0,208,0,128,"GL2C_MISS_sum",120793.000000,2910361100515,2910367499978
262,262,"Agent 1",1,22417,22417,32768,17,"pk_gemm(__half const*, __half const*, __half*, int, int, int)",128,8704,0,208,0,128,"GL2C_HIT_sum",0.00000000e+00,2910367722355,2910374202930
262,262,"Agent 1",1,22417,22417,32768,17,"pk_gemm(__half const*, __half const*, __half*, int, int, int)",128,8704,0,208,0,128,"GL2C_MISS_sum",134802.000000,2910367722355,2910374202930
263,263,"Agent 1",1,22417,22417,32768,17,"pk_gemm(__half const*, __half const*, __half*, int, int, int)",128,8704,0,208,0,128,"GL2C_HIT_sum",0.00000000e+00,2910374425347,2910381147134
263,263,"Agent 1",1,22417,22417,32768,17,"pk_gemm(__half const*, __half const*, __half*, int, int, int)",128,8704,0,208,0,128,"GL2C_MISS_sum",105292.000000,2910374425347,2910381147134
264,264,"Agent 1",1,22417,22417,32768,17,"pk_gemm(__half const*, __half const*, __half*, int, int, int)",128,8704,0,208,0,128,"GL2C_HIT_sum",0.00000000e+00,2910381368469,2910387802117
264,264,"Agent 1",1,22417,22417,32768,17,"pk_gemm(__half const*, __half const*, __half*, int, int, int)",128,8704,0,208,0,128,"GL2C_MISS_sum",128218.000000,2910381368469,2910387802117
265,265,"Agent 1",1,22417,22417,32768,17,"pk_gemm(__half const*, __half const*, __half*, int, int, int)",128,8704,0,208,0,128,"GL2C_HIT_sum",0.00000000e+00,2910388025896,2910394508154
265,265,"Agent 1",1,22417,22417,32768,17,"pk_gemm(__half const*, __half const*, __half*, int, int, int)",128,8704,0,208,0,128,"GL2C_MISS_sum",144816.000000,2910388025896,2910394508154
266,266,"Agent 1",1,22417,22417,32768,17,"pk_gemm(__half const*, __half const*, __half*, int, int, int)",128,8704,0,208,0,128,"GL2C_HIT_sum",1.000000,2910394751650,2910401534552
266,266,"Agent 1",1,22417,22417,32768,17,"pk_gemm(__half const*, __half const*, __half*, int, int, int)",128,8704,0,208,0,128,"GL2C_MISS_sum",278568.000000,2910394751650,2910401534552
267,267,"Agent 1",1,22417,22417,32768,17,"pk_gemm(__half const*, __half const*, __half*, int, int, int)",128,8704,0,208,0,128,"GL2C_HIT_sum",0.00000000e+00,2910401761818,2910408234539
267,267,"Agent 1",1,22417,22417,32768,17,"pk_gemm(__half const*, __half const*, __half*, int, int, int)",128,8704,0,208,0,128,"GL2C_MISS_sum",155350.000000,2910401761818,2910408234539
268,268,"Agent 1",1,22417,22417,32768,17,"pk_gemm(__half const*, __half const*, __half*, int, int, int)",128,8704,0,208,0,128,"GL2C_HIT_sum",0.00000000e+00,2910408463175,2910414983666
268,268,"Agent 1",1,22417,22417,32768,17,"pk_gemm(__half const*, __half const*, __half*, int, int, int)",128,8704,0,208,0,128,"GL2C_MISS_sum",115833.000000,2910408463175,2910414983666
269,269,"Agent 1",1,22417,22417,32768,17,"pk_gemm(__half const*, __half const*, __half*, int, int, int)",128,8704,0,208,0,128,"GL2C_HIT_sum",0.00000000e+00,2910415215259,2910421510288
269,269,"Agent 1",1,22417,22417,32768,17,"pk_gemm(__half const*, __half const*, __half*, int, int, int)",128,8704,0,208,0,128,"GL2C_MISS_sum",149238.000000,2910415215259,2910421510288
270,270,"Agent 1",1,22417,22417,32768,17,"pk_gemm(__half const*, __half const*, __half*, int, int, int)",128,8704,0,208,0,128,"GL2C_HIT_sum",0.00000000e+00,2910421738556,2910427261218
270,270,"Agent 1",1,22417,22417,32768,17,"pk_gemm(__half const*, __half const*, __half*, int, int, int)",128,8704,0,208,0,128,"GL2C_MISS_sum",80966.000000,2910421738556,2910427261218
271,271,"Agent 1",1,22417,22417,32768,17,"pk_gemm(__half const*, __half const*, __half*, int, int, int)",128,8704,0,208,0,128,"GL2C_HIT_sum",0.00000000e+00,2910427489646,2910434216604
271,271,"Agent 1",1,22417,22417,32768,17,"pk_gemm(__half const*, __half const*, __half*, int, int, int)",128,8704,0,208,0,128,"GL2C_MISS_sum",134516.000000,2910427489646,2910434216604
272,272,"Agent 1",1,22417,22417,32768,17,"pk_gemm(__half const*, __half const*, __half*, int, int, int)",128,8704,0,208,0,128,"GL2C_HIT_sum",0.00000000e+00,2910434442548,2910440667926
272,272,"Agent 1",1,22417,22417,32768,17,"pk_gemm(__half const*, __half const*, __half*, int, int, int)",128,8704,0,208,0,128,"GL2C_MISS_sum",154955.000000,2910434442548,2910440667926
273,273,"Agent 1",1,22417,22417,32768,17,"pk_gemm(__half const*, __half const*, __half*, int, int, int)",128,8704,0,208,0,128,"GL2C_HIT_sum",0.00000000e+00,2910440892026,2910447214387
273,273,"Agent 1",1,22417,22417,32768,17,"pk_gemm(__half const*, __half const*, __half*, int, int, int)",128,8704,0,208,0,128,"GL2C_MISS_sum",78594.000000,2910440892026,2910447214387
274,274,"Agent 1",1,22417,22417,32768,17,"pk_gemm(__half const*, __half const*, __half*, int, int, int)",128,8704,0,208,0,128,"GL2C_HIT_sum",0.00000000e+00,2910447442293,2910454066780
274,274,"Agent 1",1,22417,22417,32768,17,"pk_gemm(__half const*, __half const*, __half*, int, int, int)",128,8704,0,208,0,128,"GL2C_MISS_sum",147790.000000,2910447442293,2910454066780
275,275,"Agent 1",1,22417,22417,32768,17,"pk_gemm(__half const*, __half const*, __half*, int, int, int)",128,8704,0,208,0,128,"GL2C_HIT_sum",0.00000000e+00,2910454293965,2910460895729
275,275,"Agent 1",1,22417,22417,32768,17,"pk_gemm(__half const*, __half const*, __half*, int, int, int)",128,8704,0,208,0,128,"GL2C_MISS_sum",148891.000000,2910454293965,2910460895729
276,276,"Agent 1",1,22417,22417,32768,17,"pk_gemm(__half const*, __half const*, __half*, int, int, int)",128,8704,0,208,0,128,"GL2C_HIT_sum",0.00000000e+00,2910461121151,2910467617758
276,276,"Agent 1",1,22417,22417,32768,17,"pk_gemm(__half const*, __half const*, __half*, int, int, int)",128,8704,0,208,0,128,"GL2C_MISS_sum",90312.000000,2910461121151,2910467617758
277,277,"Agent 1",1,22417,22417,32768,17,"pk_gemm(__half const*, __half const*, __half*, int, int, int)",128,8704,0,208,0,128,"GL2C_HIT_sum",0.00000000e+00,2910467843942,2910474703268
277,277,"Agent 1",1,22417,22417,32768,17,"pk_gemm(__half const*, __half const*, __half*, int, int, int)",128,8704,0,208,0,128,"GL2C_MISS_sum",87644.000000,2910467843942,2910474703268
278,278,"Agent 1",1,22417,22417,32768,17,"pk_gemm(__half const*, __half const*, __half*, int, int, int)",128,8704,0,208,0,128,"GL2C_HIT_sum",0.00000000e+00,2910474928580,2910481155200
278,278,"Agent 1",1,22417,22417,32768,17,"pk_gemm(__half const*, __half const*, __half*, int, int, int)",128,8704,0,208,0,128,"GL2C_MISS_sum",150871.000000,2910474928580,2910481155200
279,279,"Agent 1",1,22417,22417,32768,17,"pk_gemm(__half const*, __half const*, __half*, int, int, int)",128,8704,0,208,0,128,"GL2C_HIT_sum",0.00000000e+00,2910481382906,2910487906442
279,279,"Agent 1",1,22417,22417,32768,17,"pk_gemm(__half const*, __half const*, __half*, int, int, int)",128,8704,0,208,0,128,"GL2C_MISS_sum",125567.000000,2910481382906,2910487906442
280,280,"Agent 1",1,22417,22417,32768,17,"pk_gemm(__half const*, __half const*, __half*, int, int, int)",128,8704,0,208,0,128,"GL2C_HIT_sum",0.00000000e+00,2910488131384,2910494260982
280,280,"Agent 1",1,22417,22417,32768,17,"pk_gemm(__half const*, __half const*, __half*, int, int, int)",128,8704,0,208,0,128,"GL2C_MISS_sum",124931.000000,2910488131384,2910494260982
281,281,"Agent 1",1,22417,22417,32768,17,"pk_gemm(__half const*, __half const*, __half*, int, int, int)",128,8704,0,208,0,128,"GL2C_HIT_sum",0.00000000e+00,2910494483679,2910501284295
281,281,"Agent 1",1,22417,22417,32768,17,"pk_gemm(__half const*, __half const*, __half*, int, int, int)",128,8704,0,208,0,128,"GL2C_MISS_sum",89757.000000,2910494483679,2910501284295
282,282,"Agent 1",1,22417,22417,32768,17,"pk_gemm(__half const*, __half const*, __half*, int, int, int)",128,8704,0,208,0,128,"GL2C_HIT_sum",1.000000,2910501507152,2910507814804
282,282,"Agent 1",1,22417,22417,32768,17,"pk_gemm(__half const*, __half const*, __half*, int, int, int)",128,8704,0,208,0,128,"GL2C_MISS_sum",114916.000000,2910501507152,2910507814804
283,283,"Agent 1",1,22417,22417,32768,17,"pk_gemm(__half const*, __half const*, __half*, int, int, int)",128,8704,0,208,0,128,"GL2C_HIT_sum",0.00000000e+00,2910508037942,2910514591014
283,283,"Agent 1",1,22417,22417,32768,17,"pk_gemm(__half const*, __half const*, __half*, int, int, int)",128,8704,0,208,0,128,"GL2C_MISS_sum",106247.000000,2910508037942,2910514591014
284,284,"Agent 1",1,22417,22417,32768,17,"pk_gemm(__half const*, __half const*, __half*, int, int, int)",128,8704,0,208,0,128,"GL2C_HIT_sum",0.00000000e+00,2910514814793,2910521475105
284,284,"Agent 1",1,22417,22417,32768,17,"pk_gemm(__half const*, __half const*, __half*, int, int, int)",128,8704,0,208,0,128,"GL2C_MISS_sum",129109.000000,2910514814793,2910521475105
285,285,"Agent 1",1,22417,22417,32768,17,"pk_gemm(__half const*, __half const*, __half*, int, int, int)",128,8704,0,208,0,128,"GL2C_HIT_sum",0.00000000e+00,2910521698764,2910527390463
285,285,"Agent 1",1,22417,22417,32768,17,"pk_gemm(__half const*, __half const*, __half*, int, int, int)",128,8704,0,208,0,128,"GL2C_MISS_sum",96102.000000,2910521698764,2910527390463
286,286,"Agent 1",1,22417,22417,32768,17,"pk_gemm(__half const*, __half const*, __half*, int, int, int)",128,8704,0,208,0,128,"GL2C_HIT_sum",0.00000000e+00,2910527613961,2910533853005
286,286,"Agent 1",1,22417,22417,32768,17,"pk_gemm(__half const*, __half const*, __half*, int, int, int)",128,8704,0,208,0,128,"GL2C_MISS_sum",155746.000000,2910527613961,2910533853005
287,287,"Agent 1",1,22417,22417,32768,17,"pk_gemm(__half const*, __half const*, __half*, int, int, int)",128,8704,0,208,0,128,"GL2C_HIT_sum",0.00000000e+00,2910534077145,2910540785547
287,287,"Agent 1",1,22417,22417,32768,17,"pk_gemm(__half const*, __half const*, __half*, int, int, int)",128,8704,0,208,0,128,"GL2C_MISS_sum",83468.000000,2910534077145,2910540785547
288,288,"Agent 1",1,22417,22417,32768,17,"pk_gemm(__half const*, __half const*, __half*, int, int, int)",128,8704,0,208,0,128,"GL2C_HIT_sum",0.00000000e+00,2910541007841,2910547282992
288,288,"Agent 1",1,22417,22417,32768,17,"pk_gemm(__half const*, __half const*, __half*, int, int, int)",128,8704,0,208,0,128,"GL2C_MISS_sum",93287.000000,2910541007841,2910547282992
289,289,"Agent 1",1,22417,22417,32768,17,"pk_gemm(__half const*, __half const*, __half*, int, int, int)",128,8704,0,208,0,128,"GL2C_HIT_sum",0.00000000e+00,2910547509415,2910553848486
289,289,"Agent 1",1,22417,22417,32768,17,"pk_gemm(__half const*, __half const*, __half*, int, int, int)",128,8704,0,208,0,128,"GL2C_MISS_sum",120195.000000,2910547509415,2910553848486
290,290,"Agent 1",1,22417,22417,32768,17,"pk_gemm(__half const*, __half const*, __half*, int, int, int)",128,8704,0,208,0,128,"GL2C_HIT_sum",0.00000000e+00,2910554070462,2910560343129
290,290,"Agent 1",1,22417,22417,32768,17,"pk_gemm(__half const*, __half const*, __half*, int, int, int)",128,8704,0,208,0,128,"GL2C_MISS_sum",91216.000000,2910554070462,2910560343129
291,291,"Agent 1",1,22417,22417,32768,17,"pk_gemm(__half const*, __half const*, __half*, int, int, int)",128,8704,0,208,0,128,"GL2C_HIT_sum",0.00000000e+00,2910560565225,2910567032816
291,291,"Agent 1",1,22417,22417,32768,17,"pk_gemm(__half const*, __half const*, __half*, int, int, int)",128,8704,0,208,0,128,"GL2C_MISS_sum",118501.000000,2910560565225,2910567032816
292,292,"Agent 1",1,22417,22417,32768,17,"pk_gemm(__half const*, __half const*, __half*, int, int, int)",128,8704,0,208,0,128,"GL2C_HIT_sum",0.00000000e+00,2910567255473,2910573987961
292,292,"Agent 1",1,22417,22417,32768,17,"pk_gemm(__half const*, __half const*, __half*, int, int, int)",128,8704,0,208,0,128,"GL2C_MISS_sum",103372.000000,2910567255473,2910573987961
293,293,"Agent 1",1,22417,22417,32768,17,"pk_gemm(__half const*, __half const*, __half*, int, int, int)",128,8704,0,208,0,128,"GL2C_HIT_sum",0.00000000e+00,2910574209816,2910580715559
293,293,"Agent 1",1,22417,22417,32768,17,"pk_gemm(__half const*, __half const*, __half*, int, int, int)",128,8704,0,208,0,128,"GL2C_MISS_sum",135907.000000,2910574209816,2910580715559
294,294,"Agent 1",1,22417,22417,32768,17,"pk_gemm(__half const*, __half const*, __half*, int, int, int)",128,8704,0,208,0,128,"GL2C_HIT_sum",0.00000000e+00,2910580936654,2910587230039
294,294,"Agent 1",1,22417,22417,32768,17,"pk_gemm(__half const*, __half const*, __half*, int, int, int)",128,8704,0,208,0,128,"GL2C_MISS_sum",98982.000000,2910580936654,2910587230039
295,295,"Agent 1",1,22417,22417,32768,17,"pk_gemm(__half const*, __half const*, __half*, int, int, int)",128,8704,0,208,0,128,"GL2C_HIT_sum",0.00000000e+00,2910587452175,2910594499412
295,295,"Agent 1",1,22417,22417,32768,17,"pk_gemm(__half const*, __half const*, __half*, int, int, int)",128,8704,0,208,0,128,"GL2C_MISS_sum",101388.000000,2910587452175,2910594499412
296,296,"Agent 1",1,22417,22417,32768,17,"pk_gemm(__half const*, __half const*, __half*, int, int, int)",128,8704,0,208,0,128,"GL2C_HIT_sum",0.00000000e+00,2910594747196,2910601020183
296,296,"Agent 1",1,22417,22417,32768,17,"pk_gemm(__half const*, __half const*, __half*, int, int, int)",128,8704,0,208,0,128,"GL2C_MISS_sum",147017.000000,2910594747196,2910601020183
297,297,"Agent 1",1,22417,22417,32768,17,"pk_gemm(__half const*, __half const*, __half*, int, int, int)",128,8704,0,208,0,128,"GL2C_HIT_sum",0.00000000e+00,2910601245565,2910607565761
297,297,"Agent 1",1,22417,22417,32768,17,"pk_gemm(__half const*, __half const*, __half*, int, int, int)",128,8704,0,208,0,128,"GL2C_MISS_sum",149188.000000,2910601245565,2910607565761
298,298,"Agent 1",1,22417,22417,32768,17,"pk_gemm(__half const*, __half const*, __half*, int, int, int)",128,8704,0,208,0,128,"GL2C_HIT_sum",0.00000000e+00,2910607793143,2910613806685
298,298,"Agent 1",1,22417,22417,32768,17,"pk_gemm(__half const*, __half const*, __half*, int, int, int)",128,8704,0,208,0,128,"GL2C_MISS_sum",140789.000000,2910607793143,2910613806685
299,299,"Agent 1",1,22417,22417,32768,17,"pk_gemm(__half const*, __half const*, __half*, int, int, int)",128,8704,0,208,0,128,"GL2C_HIT_sum",0.00000000e+00,2910614035071,2910620352542
299,299,"Agent 1",1,22417,22417,32768,17,"pk_gemm(__half const*, __half const*, __half*, int, int, int)",128,8704,0,208,0,128,"GL2C_MISS_sum",149507.000000,2910614035071,2910620352542
300,300,"Agent 1",1,22417,22417,32768,17,"pk_gemm(__half const*, __half const*, __half*, int, int, int)",128,8704,0,208,0,128,"GL2C_HIT_sum",0.00000000e+00,2910620579688,2910627004519
300,300,"Agent 1",1,22417,22417,32768,17,"pk_gemm(__half const*, __half const*, __half*, int, int, int)",128,8704,0,208,0,128,"GL2C_MISS_sum",155375.000000,2910620579688,2910627004519
301,301,"Agent 1",1,22417,22417,32768,17,"pk_gemm(__half const*, __half const*, __half*, int, int, int)",128,8704,0,208,0,128,"GL2C_HIT_sum",0.00000000e+00,2910627233188,2910634206406
301,301,"Agent 1",1,22417,22417,32768,17,"pk_gemm(__half const*, __half const*, __half*, int, int, int)",128,8704,0,208,0,128,"GL2C_MISS_sum",111024.000000,2910627233188,2910634206406
302,302,"Agent 1",1,22417,22417,32768,17,"pk_gemm(__half const*, __half const*, __half*, int, int, int)",128,8704,0,208,0,128,"GL2C_HIT_sum",0.00000000e+00,2910634431428,2910640707742
302,302,"Agent 1",1,22417,22417,32768,17,"pk_gemm(__half const*, __half const*, __half*, int, int, int)",128,8704,0,208,0,128,"GL2C_MISS_sum",123808.000000,2910634431428,2910640707742
303,303,"Agent 1",1,22417,22417,32768,17,"pk_gemm(__half const*, __half const*, __half*, int, int, int)",128,8704,0,208,0,128,"GL2C_HIT_sum",0.00000000e+00,2910640934206,2910647385126
303,303,"Agent 1",1,22417,22417,32768,17,"pk_gemm(__half const*, __half const*, __half*, int, int, int)",128,8704,0,208,0,128,"GL2C_MISS_sum",96828.000000,2910640934206,2910647385126
304,304,"Agent 1",1,22417,22417,32768,17,"pk_gemm(__half const*, __half const*, __half*, int, int, int)",128,8704,0,208,0,128,"GL2C_HIT_sum",0.00000000e+00,2910647610869,2910654073612
304,304,"Agent 1",1,22417,22417,32768,17,"pk_gemm(__half const*, __half const*, __half*, int, int, int)",128,8704,0,208,0,128,"GL2C_MISS_sum",148563.000000,2910647610869,2910654073612
305,305,"Agent 1",1,22417,22417,32768,17,"pk_gemm(__half const*, __half const*, __half*, int, int, int)",128,8704,0,208,0,128,"GL2C_HIT_sum",0.00000000e+00,2910654298714,2910660968645
305,305,"Agent 1",1,22417,22417,32768,17,"pk_gemm(__half const*, __half const*, __half*, int, int, int)",128,8704,0,208,0,128,"GL2C_MISS_sum",80421.000000,2910654298714,2910660968645
306,306,"Agent 1",1,22417,22417,32768,17,"pk_gemm(__half const*, __half const*, __half*, int, int, int)",128,8704,0,208,0,128,"GL2C_HIT_sum",3.000000,2910661193506,2910667643825
306,306,"Agent 1",1,22417,22417,32768,17,"pk_gemm(__half const*, __half const*, __half*, int, int, int)",128,8704,0,208,0,128,"GL2C_MISS_sum",100707.000000,2910661193506,2910667643825
307,307,"Agent 1",1,22417,22417,32768,17,"pk_gemm(__half const*, __half const*, __half*, int, int, int)",128,8704,0,208,0,128,"GL2C_HIT_sum",0.00000000e+00,2910667868766,2910674297686
307,307,"Agent 1",1,22417,22417,32768,17,"pk_gemm(__half const*, __half const*, __half*, int, int, int)",128,8704,0,208,0,128,"GL2C_MISS_sum",117824.000000,2910667868766,2910674297686
308,308,"Agent 1",1,22417,22417,32768,17,"pk_gemm(__half const*, __half const*, __half*, int, int, int)",128,8704,0,208,0,128,"GL2C_HIT_sum",0.00000000e+00,2910674521489,2910681333406
308,308,"Agent 1",1,22417,22417,32768,17,"pk_gemm(__half const*, __half const*, __half*, int, int, int)",128,8704,0,208,0,128,"GL2C_MISS_sum",110408.000000,2910674521489,2910681333406
309,309,"Agent 1",1,22417,22417,32768,17,"pk_gemm(__half const*, __half const*, __half*, int, int, int)",128,8704,0,208,0,128,"GL2C_HIT_sum",0.00000000e+00,2910681559227,2910687933685
309,309,"Agent 1",1,22417,22417,32768,17,"pk_gemm(__half const*, __half const*, __half*, int, int, int)",128,8704,0,208,0,128,"GL2C_MISS_sum",93887.000000,2910681559227,2910687933685
310,310,"Agent 1",1,22417,22417,32768,17,"pk_gemm(__half const*, __half const*, __half*, int, int, int)",128,8704,0,208,0,128,"GL2C_HIT_sum",0.00000000e+00,2910688156783,2910694468283
310,310,"Agent 1",1,22417,22417,32768,17,"pk_gemm(__half const*, __half const*, __half*, int, int, int)",128,8704,0,208,0,128,"GL2C_MISS_sum",133525.000000,2910688156783,2910694468283
311,311,"Agent 1",1,22417,22417,32768,17,"pk_gemm(__half const*, __half const*, __half*, int, int, int)",128,8704,0,208,0,128,"GL2C_HIT_sum",0.00000000e+00,2910694692463,2910701582125
311,311,"Agent 1",1,22417,22417,32768,17,"pk_gemm(__half const*, __half const*, __half*, int, int, int)",128,8704,0,208,0,128,"GL2C_MISS_sum",95506.000000,2910694692463,2910701582125
312,312,"Agent 1",1,22417,22417,32768,17,"pk_gemm(__half const*, __half const*, __half*, int, int, int)",128,8704,0,208,0,128,"GL2C_HIT_sum",0.00000000e+00,2910701806345,2910708303753
312,312,"Agent 1",1,22417,22417,32768,17,"pk_gemm(__half const*, __half const*, __half*, int, int, int)",128,8704,0,208,0,128,"GL2C_MISS_sum",137375.000000,2910701806345,2910708303753
313,313,"Agent 1",1,22417,22417,32768,17,"pk_gemm(__half const*, __half const*, __half*, int, int, int)",128,8704,0,208,0,128,"GL2C_HIT_sum",0.00000000e+00,2910708528494,2910715119838
313,313,"Agent 1",1,22417,22417,32768,17,"pk_gemm(__half const*, __half const*, __half*, int, int, int)",128,8704,0,208,0,128,"GL2C_MISS_sum",126244.000000,2910708528494,2910715119838
314,314,"Agent 1",1,22417,22417,32768,17,"pk_gemm(__half const*, __half const*, __half*, int, int, int)",128,8704,0,208,0,128,"GL2C_HIT_sum",0.00000000e+00,2910715343457,2910721971429
314,314,"Agent 1",1,22417,22417,32768,17,"pk_gemm(__half const*, __half const*, __half*, int, int, int)",128,8704,0,208,0,128,"GL2C_MISS_sum",152335.000000,2910715343457,2910721971429
315,315,"Agent 1",1,22417,22417,32768,17,"pk_gemm(__half const*, __half const*, __half*, int, int, int)",128,8704,0,208,0,128,"GL2C_HIT_sum",0.00000000e+00,2910722195809,2910728733373
315,315,"Agent 1",1,22417,22417,32768,17,"pk_gemm(__half const*, __half const*, __half*, int, int, int)",128,8704,0,208,0,128,"GL2C_MISS_sum",115759.000000,2910722195809,2910728733373
316,316,"Agent 1",1,22417,22417,32768,17,"pk_gemm(__half const*, __half const*, __half*, int, int, int)",128,8704,0,208,0,128,"GL2C_HIT_sum",0.00000000e+00,2910728956551,2910735401741
316,316,"Agent 1",1,22417,22417,32768,17,"pk_gemm(__half const*, __half const*, __half*, int, int, int)",128,8704,0,208,0,128,"GL2C_MISS_sum",134247.000000,2910728956551,2910735401741
317,317,"Agent 1",1,22417,22417,32768,17,"pk_gemm(__half const*, __half const*, __half*, int, int, int)",128,8704,0,208,0,128,"GL2C_HIT_sum",0.00000000e+00,2910735623596,2910742295892
317,317,"Agent 1",1,22417,22417,32768,17,"pk_gemm(__half const*, __half const*, __half*, int, int, int)",128,8704,0,208,0,128,"GL2C_MISS_sum",132056.000000,2910735623596,2910742295892
318,318,"Agent 1",1,22417,22417,32768,17,"pk_gemm(__half const*, __half const*, __half*, int, int, int)",128,8704,0,208,0,128,"GL2C_HIT_sum",0.00000000e+00,2910742518783,2910749103033
318,318,"Agent 1",1,22417,22417,32768,17,"pk_gemm(__half const*, __half const*, __half*, int, int, int)",128,8704,0,208,0,128,"GL2C_MISS_sum",122693.000000,2910742518783,2910749103033
319,319,"Agent 1",1,22417,22417,32768,17,"pk_gemm(__half const*, __half const*, __half*, int, int, int)",128,8704,0,208,0,128,"GL2C_HIT_sum",0.00000000e+00,2910749328815,2910755807829
319,319,"Agent 1",1,22417,22417,32768,17,"pk_gemm(__half const*, __half const*, __half*, int, int, int)",128,8704,0,208,0,128,"GL2C_MISS_sum",98451.000000,2910749328815,2910755807829
320,320,"Agent 1",1,22417,22417,32768,17,"pk_gemm(__half const*, __half const*, __half*, int, int, int)",128,8704,0,208,0,128,"GL2C_HIT_sum",0.00000000e+00,2910756029363,2910762800003
320,320,"Agent 1",1,22417,22417,32768,17,"pk_gemm(__half const*, __half const*, __half*, int, int, int)",128,8704,0,208,0,128,"GL2C_MISS_sum",76776.000000,2910756029363,2910762800003
321,321,"Agent 1",1,22417,22417,32768,17,"pk_gemm(__half const*, __half const*, __half*, int, int, int)",128,8704,0,208,0,128,"GL2C_HIT_sum",0.00000000e+00,2910763027068,2910768944029
321,321,"Agent 1",1,22417,22417,32768,17,"pk_gemm(__half const*, __half const*, __half*, int, int, int)",128,8704,0,208,0,128,"GL2C_MISS_sum",146668.000000,2910763027068,2910768944029
322,322,"Agent 1",1,22417,22417,32768,17,"pk_gemm(__half const*, __half const*, __half*, int, int, int)",128,8704,0,208,0,128,"GL2C_HIT_sum",0.00000000e+00,2910769166686,2910775646261
322,322,"Agent 1",1,22417,22417,32768,17,"pk_gemm(__half const*, __half const*, __half*, int, int, int)",128,8704,0,208,0,128,"GL2C_MISS_sum",136454.000000,2910769166686,2910775646261
323,323,"Agent 1",1,22417,22417,32768,17,"pk_gemm(__half const*, __half const*, __half*, int, int, int)",128,8704,0,208,0,128,"GL2C_HIT_sum",0.00000000e+00,2910775868317,2910782179736
323,323,"Agent 1",1,22417,22417,32768,17,"pk_gemm(__half const*, __half const*, __half*, int, int, int)",128,8704,0,208,0,128,"GL2C_MISS_sum",146136.000000,2910775868317,2910782179736
324,324,"Agent 1",1,22417,22417,32768,17,"pk_gemm(__half const*, __half const*, __half*, int, int, int)",128,8704,0,208,0,128,"GL2C_HIT_sum",0.00000000e+00,2910782401431,2910788413811
324,324,"Agent 1",1,22417,22417,32768,17,"pk_gemm(__half const*, __half const*, __half*, int, int, int)",128,8704,0,208,0,128,"GL2C_MISS_sum",148656.000000,2910782401431,2910788413811
325,325,"Agent 1",1,22417,22417,32768,17,"pk_gemm(__half const*, __half const*, __half*, int, int, int)",128,8704,0,208,0,128,"GL2C_HIT_sum",0.00000000e+00,2910788635386,2910795387751
325,325,"Agent 1",1,22417,22417,32768,17,"pk_gemm(__half const*, __half const*, __half*, int, int, int)",128,8704,0,208,0,128,"GL2C_MISS_sum",125313.000000,2910788635386,2910795387751
326,326,"Agent 1",1,22417,22417,32768,17,"pk_gemm(__half const*, __half const*, __half*, int, int, int)",128,8704,0,208,0,128,"GL2C_HIT_sum",0.00000000e+00,2910795633331,2910801960260
326,326,"Agent 1",1,22417,22417,32768,17,"pk_gemm(__half const*, __half const*, __half*, int, int, int)",128,8704,0,208,0,128,"GL2C_MISS_sum",150838.000000,2910795633331,2910801960260
327,327,"Agent 1",1,22417,22417,32768,17,"pk_gemm(__half const*, __half const*, __half*, int, int, int)",128,8704,0,208,0,128,"GL2C_HIT_sum",0.00000000e+00,2910802184640,2910808349706
327,327,"Agent 1",1,22417,22417,32768,17,"pk_gemm(__half const*, __half const*, __half*, int, int, int)",128,8704,0,208,0,128,"GL2C_MISS_sum",129781.000000,2910802184640,2910808349706
328,328,"Agent 1",1,22417,22417,32768,17,"pk_gemm(__half const*, __half const*, __half*, int, int, int)",128,8704,0,208,0,128,"GL2C_HIT_sum",0.00000000e+00,2910808576921,2910815043432
328,328,"Agent 1",1,22417,22417,32768,17,"pk_gemm(__half const*, __half const*, __half*, int, int, int)",128,8704,0,208,0,128,"GL2C_MISS_sum",112777.000000,2910808576921,2910815043432
329,329,"Agent 1",1,22417,22417,32768,17,"pk_gemm(__half const*, __half const*, __half*, int, int, int)",128,8704,0,208,0,128,"GL2C_HIT_sum",0.00000000e+00,2910815272339,2910821504932
329,329,"Agent 1",1,22417,22417,32768,17,"pk_gemm(__half const*, __half const*, __half*, int, int, int)",128,8704,0,208,0,128,"GL2C_MISS_sum",158166.000000,2910815272339,2910821504932
330,330,"Agent 1",1,22417,22417,32768,17,"pk_gemm(__half const*, __half const*, __half*, int, int, int)",128,8704,0,208,0,128,"GL2C_HIT_sum",0.00000000e+00,2910821730955,2910827737604
330,330,"Agent 1",1,22417,22417,32768,17,"pk_gemm(__half const*, __half const*, __half*, int, int, int)",128,8704,0,208,0,128,"GL2C_MISS_sum",72365.000000,2910821730955,2910827737604
331,331,"Agent 1",1,22417,22417,32768,17,"pk_gemm(__half const*, __half const*, __half*, int, int, int)",128,8704,0,208,0,128,"GL2C_HIT_sum",0.00000000e+00,2910827967474,2910834371468
331,331,"Agent 1",1,22417,22417,32768,17,"pk_gemm(__half const*, __half const*, __half*, int, int, int)",128,8704,0,208,0,128,"GL2C_MISS_sum",75951.000000,2910827967474,2910834371468
332,332,"Agent 1",1,22417,22417,32768,17,"pk_gemm(__half const*, __half const*, __half*, int, int, int)",128,8704,0,208,0,128,"GL2C_HIT_sum",0.00000000e+00,2910834599014,2910840753019
332,332,"Agent 1",1,22417,22417,32768,17,"pk_gemm(__half const*, __half const*, __half*, int, int, int)",128,8704,0,208,0,128,"GL2C_MISS_sum",128106.000000,2910834599014,2910840753019
333,333,"Agent 1",1,22417,22417,32768,17,"pk_gemm(__half const*, __half const*, __half*, int, int, int)",128,8704,0,208,0,128,"GL2C_HIT_sum",0.00000000e+00,2910840981166,2910847441304
333,333,"Agent 1",1,22417,22417,32768,17,"pk_gemm(__half const*, __half const*, __half*, int, int, int)",128,8704,0,208,0,128,"GL2C_MISS_sum",109180.000000,2910840981166,2910847441304
334,334,"Agent 1",1,22417,22417,32768,17,"pk_gemm(__half const*, __half const*, __half*, int, int, int)",128,8704,0,208,0,128,"GL2C_HIT_sum",0.00000000e+00,2910847665965,2910854151190
334,334,"Agent 1",1,22417,22417,32768,17,"pk_gemm(__half const*, __half const*, __half*, int, int, int)",128,8704,0,208,0,128,"GL2C_MISS_sum",150159.000000,2910847665965,2910854151190
335,335,"Agent 1",1,22417,22417,32768,17,"pk_gemm(__half const*, __half const*, __half*, int, int, int)",128,8704,0,208,0,128,"GL2C_HIT_sum",0.00000000e+00,2910854376372,2910861128738
335,335,"Agent 1",1,22417,22417,32768,17,"pk_gemm(__half const*, __half const*, __half*, int, int, int)",128,8704,0,208,0,128,"GL2C_MISS_sum",93841.000000,2910854376372,2910861128738
336,336,"Agent 1",1,22417,22417,32768,17,"pk_gemm(__half const*, __half const*, __half*, int, int, int)",128,8704,0,208,0,128,"GL2C_HIT_sum",0.00000000e+00,2910861353759,2910867835177
336,336,"Agent 1",1,22417,22417,32768,17,"pk_gemm(__half const*, __half const*, __half*, int, int, int)",128,8704,0,208,0,128,"GL2C_MISS_sum",164273.000000,2910861353759,2910867835177
337,337,"Agent 1",1,22417,22417,32768,17,"pk_gemm(__half const*, __half const*, __half*, int, int, int)",128,8704,0,208,0,128,"GL2C_HIT_sum",0.00000000e+00,2910868058956,2910874071817
337,337,"Agent 1",1,22417,22417,32768,17,"pk_gemm(__half const*, __half const*, __half*, int, int, int)",128,8704,0,208,0,128,"GL2C_MISS_sum",153803.000000,2910868058956,2910874071817
338,338,"Agent 1",1,22417,22417,32768,17,"pk_gemm(__half const*, __half const*, __half*, int, int, int)",128,8704,0,208,0,128,"GL2C_HIT_sum",0.00000000e+00,2910874297260,2910880601026
338,338,"Agent 1",1,22417,22417,32768,17,"pk_gemm(__half const*, __half const*, __half*, int, int, int)",128,8704,0,208,0,128,"GL2C_MISS_sum",124430.000000,2910874297260,2910880601026
339,339,"Agent 1",1,22417,22417,32768,17,"pk_gemm(__half const*, __half const*, __half*, int, int, int)",128,8704,0,208,0,128,"GL2C_HIT_sum",0.00000000e+00,2910880828411,2910887444682
339,339,"Agent 1",1,22417,22417,32768,17,"pk_gemm(__half const*, __half const*, __half*, int, int, int)",128,8704,0,208,0,128,"GL2C_MISS_sum",130575.000000,2910880828411,2910887444682
340,340,"Agent 1",1,22417,22417,32768,17,"pk_gemm(__half const*, __half const*, __half*, int, int, int)",128,8704,0,208,0,128,"GL2C_HIT_sum",0.00000000e+00,2910887667579,2910894116857
340,340,"Agent 1",1,22417,22417,32768,17,"pk_gemm(__half const*, __half const*, __half*, int, int, int)",128,8704,0,208,0,128,"GL2C_MISS_sum",143626.000000,2910887667579,2910894116857
341,341,"Agent 1",1,22417,22417,32768,17,"pk_gemm(__half const*, __half const*, __half*, int, int, int)",128,8704,0,208,0,128,"GL2C_HIT_sum",0.00000000e+00,2910894339634,2910900051091
341,341,"Agent 1",1,22417,22417,32768,17,"pk_gemm(__half const*, __half const*, __half*, int, int, int)",128,8704,0,208,0,128,"GL2C_MISS_sum",95028.000000,2910894339634,2910900051091
342,342,"Agent 1",1,22417,22417,32768,17,"pk_gemm(__half const*, __half const*, __half*, int, int, int)",128,8704,0,208,0,128,"GL2C_HIT_sum",0.00000000e+00,2910900274870,2910906357942
342,342,"Agent 1",1,22417,22417,32768,17,"pk_gemm(__half const*, __half const*, __half*, int, int, int)",128,8704,0,208,0,128,"GL2C_MISS_sum",115242.000000,2910900274870,2910906357942
343,343,"Agent 1",1,22417,22417,32768,17,"pk_gemm(__half const*, __half const*, __half*, int, int, int)",128,8704,0,208,0,128,"GL2C_HIT_sum",0.00000000e+00,2910906583044,2910913341020
343,343,"Agent 1",1,22417,22417,32768,17,"pk_gemm(__half const*, __half const*, __half*, int, int, int)",128,8704,0,208,0,128,"GL2C_MISS_sum",95210.000000,2910906583044,2910913341020
344,344,"Agent 1",1,22417,22417,32768,17,"pk_gemm(__half const*, __half const*, __half*, int, int, int)",128,8704,0,208,0,128,"GL2C_HIT_sum",0.00000000e+00,2910913564599,2910920076394
344,344,"Agent 1",1,22417,22417,32768,17,"pk_gemm(__half const*, __half const*, __half*, int, int, int)",128,8704,0,208,0,128,"GL2C_MISS_sum",113942.000000,2910913564599,2910920076394
345,345,"Agent 1",1,22417,22417,32768,17,"pk_gemm(__half const*, __half const*, __half*, int, int, int)",128,8704,0,208,0,128,"GL2C_HIT_sum",0.00000000e+00,2910920300413,2910926960927
345,345,"Agent 1",1,22417,22417,32768,17,"pk_gemm(__half const*, __half const*, __half*, int, int, int)",128,8704,0,208,0,128,"GL2C_MISS_sum",79615.000000,2910920300413,2910926960927
346,346,"Agent 1",1,22417,22417,32768,17,"pk_gemm(__half const*, __half const*, __half*, int, int, int)",128,8704,0,208,0,128,"GL2C_HIT_sum",0.00000000e+00,2910927183223,2910933566819
346,346,"Agent 1",1,22417,22417,32768,17,"pk_gemm(__half const*, __half const*, __half*, int, int, int)",128,8704,0,208,0,128,"GL2C_MISS_sum",117956.000000,2910927183223,2910933566819
347,347,"Agent 1",1,22417,22417,32768,17,"pk_gemm(__half const*, __half const*, __half*, int, int, int)",128,8704,0,208,0,128,"GL2C_HIT_sum",0.00000000e+00,2910933790477,2910939816563
347,347,"Agent 1",1,22417,22417,32768,17,"pk_gemm(__half const*, __half const*, __half*, int, int, int)",128,8704,0,208,0,128,"GL2C_MISS_sum",100812.000000,2910933790477,2910939816563
348,348,"Agent 1",1,22417,22417,32768,17,"pk_gemm(__half const*, __half const*, __half*, int, int, int)",128,8704,0,208,0,128,"GL2C_HIT_sum",0.00000000e+00,2910940039950,2910945863698
348,348,"Agent 1",1,22417,22417,32768,17,"pk_gemm(__half const*, __half const*, __half*, int, int, int)",128,8704,0,208,0,128,"GL2C_MISS_sum",154889.000000,2910940039950,2910945863698
349,349,"Agent 1",1,22417,22417,32768,17,"pk_gemm(__half const*, __half const*, __half*, int, int, int)",128,8704,0,208,0,128,"GL2C_HIT_sum",0.00000000e+00,2910946088638,2910952387115
349,349,"Agent 1",1,22417,22417,32768,17,"pk_gemm(__half const*, __half const*, __half*, int, int, int)",128,8704,0,208,0,128,"GL2C_MISS_sum",135831.000000,2910946088638,2910952387115
350,350,"Agent 1",1,22417,22417,32768,17,"pk_gemm(__half const*, __half const*, __half*, int, int, int)",128,8704,0,208,0,128,"GL2C_HIT_sum",0.00000000e+00,2910952610494,2910959098726
350,350,"Agent 1",1,22417,22417,32768,17,"pk_gemm(__half const*, __half const*, __half*, int, int, int)",128,8704,0,208,0,128,"GL2C_MISS_sum",109181.000000,2910952610494,2910959098726
351,351,"Agent 1",1,22417,22417,32768,17,"pk_gemm(__half const*, __half const*, __half*, int, int, int)",128,8704,0,208,0,128,"GL2C_HIT_sum",0.00000000e+00,2910959320381,2910965505165
351,351,"Agent 1",1,22417,22417,32768,17,"pk_gemm(__half const*, __half const*, __half*, int, int, int)",128,8704,0,208,0,128,"GL2C_MISS_sum",129253.000000,2910959320381,2910965505165
352,352,"Agent 1",1,22417,22417,32768,17,"pk_gemm(__half const*, __half const*, __half*, int, int, int)",128,8704,0,208,0,128,"GL2C_HIT_sum",0.00000000e+00,2910965727422,2910971916934
352,352,"Agent 1",1,22417,22417,32768,17,"pk_gemm(__half const*, __half const*, __half*, int, int, int)",128,8704,0,208,0,128,"GL2C_MISS_sum",147038.000000,2910965727422,2910971916934
353,353,"Agent 1",1,22417,22417,32768,17,"pk_gemm(__half const*, __half const*, __half*, int, int, int)",128,8704,0,208,0,128,"GL2C_HIT_sum",0.00000000e+00,2910972140193,2910979086403
353,353,"Agent 1",1,22417,22417,32768,17,"pk_gemm(__half const*, __half const*, __half*, int, int, int)",128,8704,0,208,0,128,"GL2C_MISS_sum",89529.000000,2910972140193,2910979086403
354,354,"Agent 1",1,22417,22417,32768,17,"pk_gemm(__half const*, __half const*, __half*, int, int, int)",128,8704,0,208,0,128,"GL2C_HIT_sum",0.00000000e+00,2910979309621,2910986021552
354,354,"Agent 1",1,22417,22417,32768,17,"pk_gemm(__half const*, __half const*, __half*, int, int, int)",128,8704,0,208,0,128,"GL2C_MISS_sum",120137.000000,2910979309621,2910986021552
355,355,"Agent 1",1,22417,22417,32768,17,"pk_gemm(__half const*, __half const*, __half*, int, int, int)",128,8704,0,208,0,128,"GL2C_HIT_sum",0.00000000e+00,2910986245051,2910992604242
355,355,"Agent 1",1,22417,22417,32768,17,"pk_gemm(__half const*, __half const*, __half*, int, int, int)",128,8704,0,208,0,128,"GL2C_MISS_sum",169897.000000,2910986245051,2910992604242
356,356,"Agent 1",1,22417,22417,32768,17,"pk_gemm(__half const*, __half const*, __half*, int, int, int)",128,8704,0,208,0,128,"GL2C_HIT_sum",0.00000000e+00,2910992852467,2910999343584
356,356,"Agent 1",1,22417,22417,32768,17,"pk_gemm(__half const*, __half const*, __half*, int, int, int)",128,8704,0,208,0,128,"GL2C_MISS_sum",113977.000000,2910992852467,2910999343584
357,357,"Agent 1",1,22417,22417,32768,17,"pk_gemm(__half const*, __half const*, __half*, int, int, int)",128,8704,0,208,0,128,"GL2C_HIT_sum",0.00000000e+00,2910999572213,2911005753270
357,357,"Agent 1",1,22417,22417,32768,17,"pk_gemm(__half const*, __half const*, __half*, int, int, int)",128,8704,0,208,0,128,"GL2C_MISS_sum",125837.000000,2910999572213,2911005753270
358,358,"Agent 1",1,22417,22417,32768,17,"pk_gemm(__half const*, __half const*, __half*, int, int, int)",128,8704,0,208,0,128,"GL2C_HIT_sum",0.00000000e+00,2911005978660,2911012041815
358,358,"Agent 1",1,22417,22417,32768,17,"pk_gemm(__half const*, __half const*, __half*, int, int, int)",128,8704,0,208,0,128,"GL2C_MISS_sum",77697.000000,2911005978660,2911012041815
359,359,"Agent 1",1,22417,22417,32768,17,"pk_gemm(__half const*, __half const*, __half*, int, int, int)",128,8704,0,208,0,128,"GL2C_HIT_sum",0.00000000e+00,2911012272125,2911018925866
359,359,"Agent 1",1,22417,22417,32768,17,"pk_gemm(__half const*, __half const*, __half*, int, int, int)",128,8704,0,208,0,128,"GL2C_MISS_sum",129152.000000,2911012272125,2911018925866
360,360,"Agent 1",1,22417,22417,32768,17,"pk_gemm(__half const*, __half const*, __half*, int, int, int)",128,8704,0,208,0,128,"GL2C_HIT_sum",0.00000000e+00,2911019151489,2911025354025
360,360,"Agent 1",1,22417,22417,32768,17,"pk_gemm(__half const*, __half const*, __half*, int, int, int)",128,8704,0,208,0,128,"GL2C_MISS_sum",149323.000000,2911019151489,2911025354025
361,361,"Agent 1",1,22417,22417,32768,17,"pk_gemm(__half const*, __half const*, __half*, int, int, int)",128,8704,0,208,0,128,"GL2C_HIT_sum",0.00000000e+00,2911025578205,2911031814765
361,361,"Agent 1",1,22417,22417,32768,17,"pk_gemm(__half const*, __half const*, __half*, int, int, int)",128,8704,0,208,0,128,"GL2C_MISS_sum",148680.000000,2911025578205,2911031814765
362,362,"Agent 1",1,22417,22417,32768,17,"pk_gemm(__half const*, __half const*, __half*, int, int, int)",128,8704,0,208,0,128,"GL2C_HIT_sum",0.00000000e+00,2911032040828,2911038605402
362,362,"Agent 1",1,22417,22417,32768,17,"pk_gemm(__half const*, __half const*, __half*, int, int, int)",128,8704,0,208,0,128,"GL2C_MISS_sum",127635.000000,2911032040828,2911038605402
363,363,"Agent 1",1,22417,22417,32768,17,"pk_gemm(__half const*, __half const*, __half*, int, int, int)",128,8704,0,208,0,128,"GL2C_HIT_sum",0.00000000e+00,2911038831105,2911045293768
363,363,"Agent 1",1,22417,22417,32768,17,"pk_gemm(__half const*, __half const*, __half*, int, int, int)",128,8704,0,208,0,128,"GL2C_MISS_sum",70719.000000,2911038831105,2911045293768
364,364,"Agent 1",1,22417,22417,32768,17,"pk_gemm(__half const*, __half const*, __half*, int, int, int)",128,8704,0,208,0,128,"GL2C_HIT_sum",0.00000000e+00,2911045518790,2911051734511
364,364,"Agent 1",1,22417,22417,32768,17,"pk_gemm(__half const*, __half const*, __half*, int, int, int)",128,8704,0,208,0,128,"GL2C_MISS_sum",69773.000000,2911045518790,2911051734511
365,365,"Agent 1",1,22417,22417,32768,17,"pk_gemm(__half const*, __half const*, __half*, int, int, int)",128,8704,0,208,0,128,"GL2C_HIT_sum",0.00000000e+00,2911051958610,2911058708572
365,365,"Agent 1",1,22417,22417,32768,17,"pk_gemm(__half const*, __half const*, __half*, int, int, int)",128,8704,0,208,0,128,"GL2C_MISS_sum",99242.000000,2911051958610,2911058708572
366,366,"Agent 1",1,22417,22417,32768,17,"pk_gemm(__half const*, __half const*, __half*, int, int, int)",128,8704,0,208,0,128,"GL2C_HIT_sum",0.00000000e+00,2911058933713,2911065514759
366,366,"Agent 1",1,22417,22417,32768,17,"pk_gemm(__half const*, __half const*, __half*, int, int, int)",128,8704,0,208,0,128,"GL2C_MISS_sum",102500.000000,2911058933713,2911065514759
367,367,"Agent 1",1,22417,22417,32768,17,"pk_gemm(__half const*, __half const*, __half*, int, int, int)",128,8704,0,208,0,128,"GL2C_HIT_sum",0.00000000e+00,2911065737776,2911072515790
367,367,"Agent 1",1,22417,22417,32768,17,"pk_gemm(__half const*, __half const*, __half*, int, int, int)",128,8704,0,208,0,128,"GL2C_MISS_sum",77937.000000,2911065737776,2911072515790
368,368,"Agent 1",1,22417,22417,32768,17,"pk_gemm(__half const*, __half const*, __half*, int, int, int)",128,8704,0,208,0,128,"GL2C_HIT_sum",0.00000000e+00,2911072741247,2911079160790
368,368,"Agent 1",1,22417,22417,32768,17,"pk_gemm(__half const*, __half const*, __half*, int, int, int)",128,8704,0,208,0,128,"GL2C_MISS_sum",116054.000000,2911072741247,2911079160790
369,369,"Agent 1",1,22417,22417,32768,17,"pk_gemm(__half const*, __half const*, __half*, int, int, int)",128,8704,0,208,0,128,"GL2C_HIT_sum",0.00000000e+00,2911079386852,2911085883098
369,369,"Agent 1",1,22417,22417,32768,17,"pk_gemm(__half const*, __half const*, __half*, int, int, int)",128,8704,0,208,0,128,"GL2C_MISS_sum",128374.000000,2911079386852,2911085883098
370,370,"Agent 1",1,22417,22417,32768,17,"pk_gemm(__half const*, __half const*, __half*, int, int, int)",128,8704,0,208,0,128,"GL2C_HIT_sum",0.00000000e+00,2911086107519,2911092474763
370,370,"Agent 1",1,22417,22417,32768,17,"pk_gemm(__half const*, __half const*, __half*, int, int, int)",128,8704,0,208,0,128,"GL2C_MISS_sum",156229.000000,2911086107519,2911092474763
371,371,"Agent 1",1,22417,22417,32768,17,"pk_gemm(__half const*, __half const*, __half*, int, int, int)",128,8704,0,208,0,128,"GL2C_HIT_sum",0.00000000e+00,2911092699785,2911099150506
371,371,"Agent 1",1,22417,22417,32768,17,"pk_gemm(__half const*, __half const*, __half*, int, int, int)",128,8704,0,208,0,128,"GL2C_MISS_sum",95318.000000,2911092699785,2911099150506
372,372,"Agent 1",1,22417,22417,32768,17,"pk_gemm(__half const*, __half const*, __half*, int, int, int)",128,8704,0,208,0,128,"GL2C_HIT_sum",0.00000000e+00,2911099376369,2911105106981
372,372,"Agent 1",1,22417,22417,32768,17,"pk_gemm(__half const*, __half const*, __half*, int, int, int)",128,8704,0,208,0,128,"GL2C_MISS_sum",155577.000000,2911099376369,2911105106981
373,373,"Agent 1",1,22417,22417,32768,17,"pk_gemm(__half const*, __half const*, __half*, int, int, int)",128,8704,0,208,0,128,"GL2C_HIT_sum",0.00000000e+00,2911105331241,2911111777193
373,373,"Agent 1",1,22417,22417,32768,17,"pk_gemm(__half const*, __half const*, __half*, int, int, int)",128,8704,0,208,0,128,"GL2C_MISS_sum",105827.000000,2911105331241,2911111777193
374,374,"Agent 1",1,22417,22417,32768,17,"pk_gemm(__half const*, __half const*, __half*, int, int, int)",128,8704,0,208,0,128,"GL2C_HIT_sum",0.00000000e+00,2911111999970,2911118074346
374,374,"Agent 1",1,22417,22417,32768,17,"pk_gemm(__half const*, __half const*, __half*, int, int, int)",128,8704,0,208,0,128,"GL2C_MISS_sum",141847.000000,2911111999970,2911118074346
375,375,"Agent 1",1,22417,22417,32768,17,"pk_gemm(__half const*, __half const*, __half*, int, int, int)",128,8704,0,208,0,128,"GL2C_HIT_sum",0.00000000e+00,2911118296763,2911124454776
375,375,"Agent 1",1,22417,22417,32768,17,"pk_gemm(__half const*, __half const*, __half*, int, int, int)",128,8704,0,208,0,128,"GL2C_MISS_sum",107237.000000,2911118296763,2911124454776
376,376,"Agent 1",1,22417,22417,32768,17,"pk_gemm(__half const*, __half const*, __half*, int, int, int)",128,8704,0,208,0,128,"GL2C_HIT_sum",0.00000000e+00,2911124678274,2911130842058
376,376,"Agent 1",1,22417,22417,32768,17,"pk_gemm(__half const*, __half const*, __half*, int, int, int)",128,8704,0,208,0,128,"GL2C_MISS_sum",77464.000000,2911124678274,2911130842058
377,377,"Agent 1",1,22417,22417,32768,17,"pk_gemm(__half const*, __half const*, __half*, int, int, int)",128,8704,0,208,0,128,"GL2C_HIT_sum",0.00000000e+00,2911131065677,2911137661389
377,377,"Agent 1",1,22417,22417,32768,17,"pk_gemm(__half const*, __half const*, __half*, int, int, int)",128,8704,0,208,0,128,"GL2C_MISS_sum",116364.000000,2911131065677,2911137661389
378,378,"Agent 1",1,22417,22417,32768,17,"pk_gemm(__half const*, __half const*, __half*, int, int, int)",128,8704,0,208,0,128,"GL2C_HIT_sum",0.00000000e+00,2911137883543,2911143862019
378,378,"Agent 1",1,22417,22417,32768,17,"pk_gemm(__half const*, __half const*, __half*, int, int, int)",128,8704,0,208,0,128,"GL2C_MISS_sum",112651.000000,2911137883543,2911143862019
379,379,"Agent 1",1,22417,22417,32768,17,"pk_gemm(__half const*, __half const*, __half*, int, int, int)",128,8704,0,208,0,128,"GL2C_HIT_sum",1.000000,2911144087841,2911150179009
379,379,"Agent 1",1,22417,22417,32768,17,"pk_gemm(__half const*, __half const*, __half*, int, int, int)",128,8704,0,208,0,128,"GL2C_MISS_sum",107438.000000,2911144087841,2911150179009
380,380,"Agent 1",1,22417,22417,32768,17,"pk_gemm(__half const*, __half const*, __half*, int, int, int)",128,8704,0,208,0,128,"GL2C_HIT_sum",0.00000000e+00,2911150400905,2911156953216
380,380,"Agent 1",1,22417,22417,32768,17,"pk_gemm(__half const*, __half const*, __half*, int, int, int)",128,8704,0,208,0,128,"GL2C_MISS_sum",124628.000000,2911150400905,2911156953216
381,381,"Agent 1",1,22417,22417,32768,17,"pk_gemm(__half const*, __half const*, __half*, int, int, int)",128,8704,0,208,0,128,"GL2C_HIT_sum",0.00000000e+00,2911157175071,2911163356007
381,381,"Agent 1",1,22417,22417,32768,17,"pk_gemm(__half const*, __half const*, __half*, int, int, int)",128,8704,0,208,0,128,"GL2C_MISS_sum",134877.000000,2911157175071,2911163356007
382,382,"Agent 1",1,22417,22417,32768,17,"pk_gemm(__half const*, __half const*, __half*, int, int, int)",128,8704,0,208,0,128,"GL2C_HIT_sum",0.00000000e+00,2911163577141,2911170213410
382,382,"Agent 1",1,22417,22417,32768,17,"pk_gemm(__half const*, __half const*, __half*, int, int, int)",128,8704,0,208,0,128,"GL2C_MISS_sum",140987.000000,2911163577141,2911170213410
383,383,"Agent 1",1,22417,22417,32768,17,"pk_gemm(__half const*, __half const*, __half*, int, int, int)",128,8704,0,208,0,128,"GL2C_HIT_sum",0.00000000e+00,2911170434985,2911176918527
383,383,"Agent 1",1,22417,22417,32768,17,"pk_gemm(__half const*, __half const*, __half*, int, int, int)",128,8704,0,208,0,128,"GL2C_MISS_sum",121171.000000,2911170434985,2911176918527
384,384,"Agent 1",1,22417,22417,32768,17,"pk_gemm(__half const*, __half const*, __half*, int, int, int)",128,8704,0,208,0,128,"GL2C_HIT_sum",0.00000000e+00,2911177140102,2911184027401
384,384,"Agent 1",1,22417,22417,32768,17,"pk_gemm(__half const*, __half const*, __half*, int, int, int)",128,8704,0,208,0,128,"GL2C_MISS_sum",112307.000000,2911177140102,2911184027401
385,385,"Agent 1",1,22417,22417,32768,17,"pk_gemm(__half const*, __half const*, __half*, int, int, int)",128,8704,0,208,0,128,"GL2C_HIT_sum",0.00000000e+00,2911184249617,2911191008676
385,385,"Agent 1",1,22417,22417,32768,17,"pk_gemm(__half const*, __half const*, __half*, int, int, int)",128,8704,0,208,0,128,"GL2C_MISS_sum",132439.000000,2911184249617,2911191008676
386,386,"Agent 1",1,22417,22417,131072,17,"pk_gemm(__half const*, __half const*, __half*, int, int, int)",128,8704,0,208,0,128,"GL2C_HIT_sum",0.00000000e+00,2911637990179,2911688623611
386,386,"Agent 1",1,22417,22417,131072,17,"pk_gemm(__half const*, __half const*, __half*, int, int, int)",128,8704,0,208,0,128,"GL2C_MISS_sum",542799.000000,2911637990179,2911688623611
387,387,"Agent 1",1,22417,22417,131072,17,"pk_gemm(__half const*, __half const*, __half*, int, int, int)",128,8704,0,208,0,128,"GL2C_HIT_sum",0.00000000e+00,2911688852839,2911728967730
387,387,"Agent 1",1,22417,22417,131072,17,"pk_gemm(__half const*, __half const*, __half*, int, int, int)",128,8704,0,208,0,128,"GL2C_MISS_sum",523092.000000,2911688852839,2911728967730
388,388,"Agent 1",1,22417,22417,131072,17,"pk_gemm(__half const*, __half const*, __half*, int, int, int)",128,8704,0,208,0,128,"GL2C_HIT_sum",0.00000000e+00,2911729191755,2911790132809
388,388,"Agent 1",1,22417,22417,131072,17,"pk_gemm(__half const*, __half const*, __half*, int, int, int)",128,8704,0,208,0,128,"GL2C_MISS_sum",549827.000000,2911729191755,2911790132809
389,389,"Agent 1",1,22417,22417,131072,17,"pk_gemm(__half const*, __half const*, __half*, int, int, int)",128,8704,0,208,0,128,"GL2C_HIT_sum",0.00000000e+00,2911790360234,2911831149547
389,389,"Agent 1",1,22417,22417,131072,17,"pk_gemm(__half const*, __half const*, __half*, int, int, int)",128,8704,0,208,0,128,"GL2C_MISS_sum",468168.000000,2911790360234,2911831149547
390,390,"Agent 1",1,22417,22417,131072,17,"pk_gemm(__half const*, __half const*, __half*, int, int, int)",128,8704,0,208,0,128,"GL2C_HIT_sum",0.00000000e+00,2911831372074,2911895675504
390,390,"Agent 1",1,22417,22417,131072,17,"pk_gemm(__half const*, __half const*, __half*, int, int, int)",128,8704,0,208,0,128,"GL2C_MISS_sum",578987.000000,2911831372074,2911895675504
391,391,"Agent 1",1,22417,22417,131072,17,"pk_gemm(__half const*, __half const*, __half*, int, int, int)",128,8704,0,208,0,128,"GL2C_HIT_sum",0.00000000e+00,2911895900710,2911960284532
391,391,"Agent 1",1,22417,22417,131072,17,"pk_gemm(__half const*, __half const*, __half*, int, int, int)",128,8704,0,208,0,128,"GL2C_MISS_sum",574166.000000,2911895900710,2911960284532
392,392,"Agent 1",1,22417,22417,131072,17,"pk_gemm(__half const*, __half const*, __half*, int, int, int)",128,8704,0,208,0,128,"GL2C_HIT_sum",0.00000000e+00,2911960510394,2912007125858
392,392,"Agent 1",1,22417,22417,131072,17,"pk_gemm(__half const*, __half const*, __half*, int, int, int)",128,8704,0,208,0,128,"GL2C_MISS_sum",526026.000000,2911960510394,2912007125858
393,393,"Agent 1",1,22417,22417,131072,17,"pk_gemm(__half const*, __half const*, __half*, int, int, int)",128,8704,0,208,0,128,"GL2C_HIT_sum",0.00000000e+00,2912007347896,2912049032606
393,393,"Agent 1",1,22417,22417,131072,17,"pk_gemm(__half const*, __half const*, __half*, int, int, int)",128,8704,0,208,0,128,"GL2C_MISS_sum",467744.000000,2912007347896,2912049032606
394,394,"Agent 1",1,22417,22417,131072,17,"pk_gemm(__half const*, __half const*, __half*, int, int, int)",128,8704,0,208,0,128,"GL2C_HIT_sum",0.00000000e+00,2912049286761,2912107357559
394,394,"Agent 1",1,22417,22417,131072,17,"pk_gemm(__half const*, __half const*, __half*, int, int, int)",128,8704,0,208,0,128,"GL2C_MISS_sum",575494.000000,2912049286761,2912107357559
395,395,"Agent 1",1,22417,22417,131072,17,"pk_gemm(__half const*, __half const*, __half*, int, int, int)",128,8704,0,208,0,128,"GL2C_HIT_sum",0.00000000e+00,2912107586628,2912157616527
395,395,"Agent 1",1,22417,22417,131072,17,"pk_gemm(__half const*, __half const*, __half*, int, int, int)",128,8704,0,208,0,128,"GL2C_MISS_sum",573885.000000,2912107586628,2912157616527
396,396,"Agent 1",1,22417,22417,131072,17,"pk_gemm(__half const*, __half const*, __half*, int, int, int)",128,8704,0,208,0,128,"GL2C_HIT_sum",0.00000000e+00,2912157845195,2912207668627
396,396,"Agent 1",1,22417,22417,131072,17,"pk_gemm(__half const*, __half const*, __half*, int, int, int)",128,8704,0,208,0,128,"GL2C_MISS_sum",525890.000000,2912157845195,2912207668627
397,397,"Agent 1",1,22417,22417,131072,17,"pk_gemm(__half const*, __half const*, __half*, int, int, int)",128,8704,0,208,0,128,"GL2C_HIT_sum",0.00000000e+00,2912207895808,2912271162137
397,397,"Agent 1",1,22417,22417,131072,17,"pk_gemm(__half const*, __half const*, __half*, int, int, int)",128,8704,0,208,0,128,"GL2C_MISS_sum",578163.000000,2912207895808,2912271162137
398,398,"Agent 1",1,22417,22417,131072,17,"pk_gemm(__half const*, __half const*, __half*, int, int, int)",128,8704,0,208,0,128,"GL2C_HIT_sum",0.00000000e+00,2912271393044,2912337088081
398,398,"Agent 1",1,22417,22417,131072,17,"pk_gemm(__half const*, __half const*, __half*, int, int, int)",128,8704,0,208,0,128,"GL2C_MISS_sum",699324.000000,2912271393044,2912337088081
399,399,"Agent 1",1,22417,22417,131072,17,"pk_gemm(__half const*, __half const*, __half*, int, int, int)",128,8704,0,208,0,128,"GL2C_HIT_sum",0.00000000e+00,2912337317384,2912401223111
399,399,"Agent 1",1,22417,22417,131072,17,"pk_gemm(__half const*, __half const*, __half*, int, int, int)",128,8704,0,208,0,128,"GL2C_MISS_sum",659862.000000,2912337317384,2912401223111
400,400,"Agent 1",1,22417,22417,131072,17,"pk_gemm(__half const*, __half const*, __half*, int, int, int)",128,8704,0,208,0,128,"GL2C_HIT_sum",0.00000000e+00,2912401452894,2912465920673
400,400,"Agent 1",1,22417,22417,131072,17,"pk_gemm(__half const*, __half const*, __half*, int, int, int)",128,8704,0,208,0,128,"GL2C_MISS_sum",605312.000000,2912401452894,2912465920673
401,401,"Agent 1",1,22417,22417,131072,17,"pk_gemm(__half const*, __half const*, __half*, int, int, int)",128,8704,0,208,0,128,"GL2C_HIT_sum",0.00000000e+00,2912466148739,2912505827451
401,401,"Agent 1",1,22417,22417,131072,17,"pk_gemm(__half const*, __half const*, __half*, int, int, int)",128,8704,0,208,0,128,"GL2C_MISS_sum",497230.000000,2912466148739,2912505827451
402,402,"Agent 1",1,22417,22417,131072,17,"pk_gemm(__half const*, __half const*, __half*, int, int, int)",128,8704,0,208,0,128,"GL2C_HIT_sum",0.00000000e+00,2912506052516,2912569851965
402,402,"Agent 1",1,22417,22417,131072,17,"pk_gemm(__half const*, __half const*, __half*, int, int, int)",128,8704,0,208,0,128,"GL2C_MISS_sum",649054.000000,2912506052516,2912569851965
403,403,"Agent 1",1,22417,22417,131072,17,"pk_gemm(__half const*, __half const*, __half*, int, int, int)",128,8704,0,208,0,128,"GL2C_HIT_sum",0.00000000e+00,2912570081675,2912612686228
403,403,"Agent 1",1,22417,22417,131072,17,"pk_gemm(__half const*, __half const*, __half*, int, int, int)",128,8704,0,208,0,128,"GL2C_MISS_sum",567395.000000,2912570081675,2912612686228
404,404,"Agent 1",1,22417,22417,131072,17,"pk_gemm(__half const*, __half const*, __half*, int, int, int)",128,8704,0,208,0,128,"GL2C_HIT_sum",0.00000000e+00,2912612910736,2912671968344
404,404,"Agent 1",1,22417,22417,131072,17,"pk_gemm(__half const*, __half const*, __half*, int, int, int)",128,8704,0,208,0,128,"GL2C_MISS_sum",669623.000000,2912612910736,2912671968344
405,405,"Agent 1",1,22417,22417,131072,17,"pk_gemm(__half const*, __half const*, __half*, int, int, int)",128,8704,0,208,0,128,"GL2C_HIT_sum",0.00000000e+00,2912672195688,2912720828772
405,405,"Agent 1",1,22417,22417,131072,17,"pk_gemm(__half const*, __half const*, __half*, int, int, int)",128,8704,0,208,0,128,"GL2C_MISS_sum",532816.000000,2912672195688,2912720828772
406,406,"Agent 1",1,22417,22417,131072,17,"pk_gemm(__half const*, __half const*, __half*, int, int, int)",128,8704,0,208,0,128,"GL2C_HIT_sum",0.00000000e+00,2912721056350,2912768754002
406,406,"Agent 1",1,22417,22417,131072,17,"pk_gemm(__half const*, __half const*, __half*, int, int, int)",128,8704,0,208,0,128,"GL2C_MISS_sum",519690.000000,2912721056350,2912768754002
407,407,"Agent 1",1,22417,22417,131072,17,"pk_gemm(__half const*, __half const*, __half*, int, int, int)",128,8704,0,208,0,128,"GL2C_HIT_sum",0.00000000e+00,2912768981183,2912834981072
407,407,"Agent 1",1,22417,22417,131072,17,"pk_gemm(__half const*, __half const*, __half*, int, int, int)",128,8704,0,208,0,128,"GL2C_MISS_sum",603979.000000,2912768981183,2912834981072
408,408,"Agent 1",1,22417,22417,131072,17,"pk_gemm(__half const*, __half const*, __half*, int, int, int)",128,8704,0,208,0,128,"GL2C_HIT_sum",0.00000000e+00,2912835209429,2912902201697
408,408,"Agent 1",1,22417,22417,131072,17,"pk_gemm(__half const*, __half const*, __half*, int, int, int)",128,8704,0,208,0,128,"GL2C_MISS_sum",696657.000000,2912835209429,2912902201697
409,409,"Agent 1",1,22417,22417,131072,17,"pk_gemm(__half const*, __half const*, __half*, int, int, int)",128,8704,0,208,0,128,"GL2C_HIT_sum",0.00000000e+00,2912902429443,2912936118017
409,409,"Agent 1",1,22417,22417,131072,17,"pk_gemm(__half const*, __half const*, __half*, int, int, int)",128,8704,0,208,0,128,"GL2C_MISS_sum",487995.000000,2912902429443,2912936118017
410,410,"Agent 1",1,22417,22417,131072,17,"pk_gemm(__half const*, __half const*, __half*, int, int, int)",128,8704,0,208,0,128,"GL2C_HIT_sum",0.00000000e+00,2912936343224,2912998981418
410,410,"Agent 1",1,22417,22417,131072,17,"pk_gemm(__half const*, __half const*, __half*, int, int, int)",128,8704,0,208,0,128,"GL2C_MISS_sum",574384.000000,2912936343224,2912998981418
411,411,"Agent 1",1,22417,22417,131072,17,"pk_gemm(__half const*, __half const*, __half*, int, int, int)",128,8704,0,208,0,128,"GL2C_HIT_sum",0.00000000e+00,2912999207801,2913047436647
411,411,"Agent 1",1,22417,22417,131072,17,"pk_gemm(__half const*, __half const*, __half*, int, int, int)",128,8704,0,208,0,128,"GL2C_MISS_sum",521918.000000,2912999207801,2913047436647
412,412,"Agent 1",1,22417,22417,131072,17,"pk_gemm(__half const*, __half const*, __half*, int, int, int)",128,8704,0,208,0,128,"GL2C_HIT_sum",0.00000000e+00,2913047658970,2913111123352
412,412,"Agent 1",1,22417,22417,131072,17,"pk_gemm(__half const*, __half const*, __half*, int, int, int)",128,8704,0,208,0,128,"GL2C_MISS_sum",678046.000000,2913047658970,2913111123352
413,413,"Agent 1",1,22417,22417,131072,17,"pk_gemm(__half const*, __half const*, __half*, int, int, int)",128,8704,0,208,0,128,"GL2C_HIT_sum",0.00000000e+00,2913111349614,2913165729382
413,413,"Agent 1",1,22417,22417,131072,17,"pk_gemm(__half const*, __half const*, __half*, int, int, int)",128,8704,0,208,0,128,"GL2C_MISS_sum",558579.000000,2913111349614,2913165729382
414,414,"Agent 1",1,22417,22417,131072,17,"pk_gemm(__half const*, __half const*, __half*, int, int, int)",128,8704,0,208,0,128,"GL2C_HIT_sum",0.00000000e+00,2913165951911,2913212460696
414,414,"Agent 1",1,22417,22417,131072,17,"pk_gemm(__half const*, __half const*, __half*, int, int, int)",128,8704,0,208,0,128,"GL2C_MISS_sum",539962.000000,2913165951911,2913212460696
415,415,"Agent 1",1,22417,22417,131072,17,"pk_gemm(__half const*, __half const*, __half*, int, int, int)",128,8704,0,208,0,128,"GL2C_HIT_sum",0.00000000e+00,2913212687921,2913263711161
415,415,"Agent 1",1,22417,22417,131072,17,"pk_gemm(__half const*, __half const*, __half*, int, int, int)",128,8704,0,208,0,128,"GL2C_MISS_sum",527003.000000,2913212687921,2913263711161
416,416,"Agent 1",1,22417,22417,131072,17,"pk_gemm(__half const*, __half const*, __half*, int, int, int)",128,8704,0,208,0,128,"GL2C_HIT_sum",0.00000000e+00,2913263932210,2913326723851
416,416,"Agent 1",1,22417,22417,131072,17,"pk_gemm(__half const*, __half const*, __half*, int, int, int)",128,8704,0,208,0,128,"GL2C_MISS_sum",564106.000000,2913263932210,2913326723851
417,417,"Agent 1",1,22417,22417,131072,17,"pk_gemm(__half const*, __half const*, __half*, int, int, int)",128,8704,0,208,0,128,"GL2C_HIT_sum",0.00000000e+00,2913326949392,2913368722629
417,417,"Agent 1",1,22417,22417,131072,17,"pk_gemm(__half const*, __half const*, __half*, int, int, int)",128,8704,0,208,0,128,"GL2C_MISS_sum",463167.000000,2913326949392,2913368722629
418,418,"Agent 1",1,22417,22417,131072,17,"pk_gemm(__half const*, __half const*, __half*, int, int, int)",128,8704,0,208,0,128,"GL2C_HIT_sum",0.00000000e+00,2913368946341,2913432009090
418,418,"Agent 1",1,22417,22417,131072,17,"pk_gemm(__half const*, __half const*, __half*, int, int, int)",128,8704,0,208,0,128,"GL2C_MISS_sum",622113.000000,2913368946341,2913432009090
419,419,"Agent 1",1,22417,22417,131072,17,"pk_gemm(__half const*, __half const*, __half*, int, int, int)",128,8704,0,208,0,128,"GL2C_HIT_sum",0.00000000e+00,2913432234110,2913481557447
419,419,"Agent 1",1,22417,22417,131072,17,"pk_gemm(__half const*, __half const*, __half*, int, int, int)",128,8704,0,208,0,128,"GL2C_MISS_sum",594471.000000,2913432234110,2913481557447
420,420,"Agent 1",1,22417,22417,131072,17,"pk_gemm(__half const*, __half const*, __half*, int, int, int)",128,8704,0,208,0,128,"GL2C_HIT_sum",0.00000000e+00,2913481778957,2913534231113
420,420,"Agent 1",1,22417,22417,131072,17,"pk_gemm(__half const*, __half const*, __half*, int, int, int)",128,8704,0,208,0,128,"GL2C_MISS_sum",569183.000000,2913481778957,2913534231113
421,421,"Agent 1",1,22417,22417,131072,17,"pk_gemm(__half const*, __half const*, __half*, int, int, int)",128,8704,0,208,0,128,"GL2C_HIT_sum",0.00000000e+00,2913534456014,2913578661846
421,421,"Agent 1",1,22417,22417,131072,17,"pk_gemm(__half const*, __half const*, __half*, int, int, int)",128,8704,0,208,0,128,"GL2C_MISS_sum",486039.000000,2913534456014,2913578661846
422,422,"Agent 1",1,22417,22417,131072,17,"pk_gemm(__half const*, __half const*, __half*, int, int, int)",128,8704,0,208,0,128,"GL2C_HIT_sum",0.00000000e+00,2913578884317,2913643005410
422,422,"Agent 1",1,22417,22417,131072,17,"pk_gemm(__half const*, __half const*, __half*, int, int, int)",128,8704,0,208,0,128,"GL2C_MISS_sum",752916.000000,2913578884317,2913643005410
423,423,"Agent 1",1,22417,22417,131072,17,"pk_gemm(__half const*, __half const*, __half*, int, int, int)",128,8704,0,208,0,128,"GL2C_HIT_sum",0.00000000e+00,2913643230590,2913687755060
423,423,"Agent 1",1,22417,22417,131072,17,"pk_gemm(__half const*, __half const*, __half*, int, int, int)",128,8704,0,208,0,128,"GL2C_MISS_sum",466369.000000,2913643230590,2913687755060
424,424,"Agent 1",1,22417,22417,131072,17,"pk_gemm(__half const*, __half const*, __half*, int, int, int)",128,8704,0,208,0,128,"GL2C_HIT_sum",0.00000000e+00,2913688010353,2913749683459
424,424,"Agent 1",1,22417,22417,131072,17,"pk_gemm(__half const*, __half const*, __half*, int, int, int)",128,8704,0,208,0,128,"GL2C_MISS_sum",588724.000000,2913688010353,2913749683459
425,425,"Agent 1",1,22417,22417,131072,17,"pk_gemm(__half const*, __half const*, __half*, int, int, int)",128,8704,0,208,0,128,"GL2C_HIT_sum",0.00000000e+00,2913749911205,2913801141513
425,425,"Agent 1",1,22417,22417,131072,17,"pk_gemm(__half const*, __half const*, __half*, int, int, int)",128,8704,0,208,0,128,"GL2C_MISS_sum",550064.000000,2913749911205,2913801141513
426,426,"Agent 1",1,22417,22417,131072,17,"pk_gemm(__half const*, __half const*, __half*, int, int, int)",128,8704,0,208,0,128,"GL2C_HIT_sum",0.00000000e+00,2913801369632,2913864683371
426,426,"Agent 1",1,22417,22417,131072,17,"pk_gemm(__half const*, __half const*, __half*, int, int, int)",128,8704,0,208,0,128,"GL2C_MISS_sum",694576.000000,2913801369632,2913864683371
427,427,"Agent 1",1,22417,22417,131072,17,"pk_gemm(__half const*, __half const*, __half*, int, int, int)",128,8704,0,208,0,128,"GL2C_HIT_sum",0.00000000e+00,2913864912799,2913910494448
427,427,"Agent 1",1,22417,22417,131072,17,"pk_gemm(__half const*, __half const*, __half*, int, int, int)",128,8704,0,208,0,128,"GL2C_MISS_sum",499176.000000,2913864912799,2913910494448
428,428,"Agent 1",1,22417,22417,131072,17,"pk_gemm(__half const*, __half const*, __half*, int, int, int)",128,8704,0,208,0,128,"GL2C_HIT_sum",1.000000,2913910719815,2913973396203
428,428,"Agent 1",1,22417,22417,131072,17,"pk_gemm(__half const*, __half const*, __half*, int, int, int)",128,8704,0,208,0,128,"GL2C_MISS_sum",622683.000000,2913910719815,2913973396203
429,429,"Agent 1",1,22417,22417,131072,17,"pk_gemm(__half const*, __half const*, __half*, int, int, int)",128,8704,0,208,0,128,"GL2C_HIT_sum",0.00000000e+00,2913973625832,2914036089581
429,429,"Agent 1",1,22417,22417,131072,17,"pk_gemm(__half const*, __half const*, __half*, int, int, int)",128,8704,0,208,0,128,"GL2C_MISS_sum",609205.000000,2913973625832,2914036089581
430,430,"Agent 1",1,22417,22417,131072,17,"pk_gemm(__half const*, __half const*, __half*, int, int, int)",128,8704,0,208,0,128,"GL2C_HIT_sum",0.00000000e+00,2914036317498,2914086424222
430,430,"Agent 1",1,22417,22417,131072,17,"pk_gemm(__half const*, __half const*, __half*, int, int, int)",128,8704,0,208,0,128,"GL2C_MISS_sum",473225.000000,2914036317498,2914086424222
431,431,"Agent 1",1,22417,22417,131072,17,"pk_gemm(__half const*, __half const*, __half*, int, int, int)",128,8704,0,208,0,128,"GL2C_HIT_sum",0.00000000e+00,2914086655455,2914143016252
431,431,"Agent 1",1,22417,22417,131072,17,"pk_gemm(__half const*, __half const*, __half*, int, int, int)",128,8704,0,208,0,128,"GL2C_MISS_sum",548180.000000,2914086655455,2914143016252
432,432,"Agent 1",1,22417,22417,131072,17,"pk_gemm(__half const*, __half const*, __half*, int, int, int)",128,8704,0,208,0,128,"GL2C_HIT_sum",0.00000000e+00,2914143243402,2914202037156
432,432,"Agent 1",1,22417,22417,131072,17,"pk_gemm(__half const*, __half const*, __half*, int, int, int)",128,8704,0,208,0,128,"GL2C_MISS_sum",595298.000000,2914143243402,2914202037156
433,433,"Agent 1",1,22417,22417,131072,17,"pk_gemm(__half const*, __half const*, __half*, int, int, int)",128,8704,0,208,0,128,"GL2C_HIT_sum",0.00000000e+00,2914202265021,2914249169989
433,433,"Agent 1",1,22417,22417,131072,17,"pk_gemm(__half const*, __half const*, __half*, int, int, int)",128,8704,0,208,0,128,"GL2C_MISS_sum",542676.000000,2914202265021,2914249169989
434,434,"Agent 1",1,22417,22417,131072,17,"pk_gemm(__half const*, __half const*, __half*, int, int, int)",128,8704,0,208,0,128,"GL2C_HIT_sum",1.000000,2914249393952,2914286517761
434,434,"Agent 1",1,22417,22417,131072,17,"pk_gemm(__half const*, __half const*, __half*, int, int, int)",128,8704,0,208,0,128,"GL2C_MISS_sum",466575.000000,2914249393952,2914286517761
435,435,"Agent 1",1,22417,22417,131072,17,"pk_gemm(__half const*, __half const*, __half*, int, int, int)",128,8704,0,208,0,128,"GL2C_HIT_sum",0.00000000e+00,2914286743666,2914354673050
435,435,"Agent 1",1,22417,22417,131072,17,"pk_gemm(__half const*, __half const*, __half*, int, int, int)",128,8704,0,208,0,128,"GL2C_MISS_sum",616074.000000,2914286743666,2914354673050
436,436,"Agent 1",1,22417,22417,131072,17,"pk_gemm(__half const*, __half const*, __half*, int, int, int)",128,8704,0,208,0,128,"GL2C_HIT_sum",0.00000000e+00,2914354900395,2914398716458
436,436,"Agent 1",1,22417,22417,131072,17,"pk_gemm(__half const*, __half const*, __half*, int, int, int)",128,8704,0,208,0,128,"GL2C_MISS_sum",497457.000000,2914354900395,2914398716458
437,437,"Agent 1",1,22417,22417,131072,17,"pk_gemm(__half const*, __half const*, __half*, int, int, int)",128,8704,0,208,0,128,"GL2C_HIT_sum",0.00000000e+00,2914398940754,2914438348039
437,437,"Agent 1",1,22417,22417,131072,17,"pk_gemm(__half const*, __half const*, __half*, int, int, int)",128,8704,0,208,0,128,"GL2C_MISS_sum",477596.000000,2914398940754,2914438348039
438,438,"Agent 1",1,22417,22417,131072,17,"pk_gemm(__half const*, __half const*, __half*, int, int, int)",128,8704,0,208,0,128,"GL2C_HIT_sum",0.00000000e+00,2914438573650,2914507768844
438,438,"Agent 1",1,22417,22417,131072,17,"pk_gemm(__half const*, __half const*, __half*, int, int, int)",128,8704,0,208,0,128,"GL2C_MISS_sum",653625.000000,2914438573650,2914507768844
439,439,"Agent 1",1,22417,22417,131072,17,"pk_gemm(__half const*, __half const*, __half*, int, int, int)",128,8704,0,208,0,128,"GL2C_HIT_sum",0.00000000e+00,2914507997311,2914547819653
439,439,"Agent 1",1,22417,22417,131072,17,"pk_gemm(__half const*, __half const*, __half*, int, int, int)",128,8704,0,208,0,128,"GL2C_MISS_sum",450836.000000,2914507997311,2914547819653
440,440,"Agent 1",1,22417,22417,131072,17,"pk_gemm(__half const*, __half const*, __half*, int, int, int)",128,8704,0,208,0,128,"GL2C_HIT_sum",0.00000000e+00,2914548044949,2914587715247
440,440,"Agent 1",1,22417,22417,131072,17,"pk_gemm(__half const*, __half const*, __half*, int, int, int)",128,8704,0,208,0,128,"GL2C_MISS_sum",459317.000000,2914548044949,2914587715247
441,441,"Agent 1",1,22417,22417,131072,17,"pk_gemm(__half const*, __half const*, __half*, int, int, int)",128,8704,0,208,0,128,"GL2C_HIT_sum",0.00000000e+00,2914587942151,2914631553149
441,441,"Agent 1",1,22417,22417,131072,17,"pk_gemm(__half const*, __half const*, __half*, int, int, int)",128,8704,0,208,0,128,"GL2C_MISS_sum",507564.000000,2914587942151,2914631553149
442,442,"Agent 1",1,22417,22417,131072,17,"pk_gemm(__half const*, __half const*, __half*, int, int, int)",128,8704,0,208,0,128,"GL2C_HIT_sum",0.00000000e+00,2914631775582,2914672844982
442,442,"Agent 1",1,22417,22417,131072,17,"pk_gemm(__half const*, __half const*, __half*, int, int, int)",128,8704,0,208,0,128,"GL2C_MISS_sum",468091.000000,2914631775582,2914672844982
443,443,"Agent 1",1,22417,22417,131072,17,"pk_gemm(__half const*, __half const*, __half*, int, int, int)",128,8704,0,208,0,128,"GL2C_HIT_sum",0.00000000e+00,2914673071525,2914725904957
443,443,"Agent 1",1,22417,22417,131072,17,"pk_gemm(__half const*, __half const*, __half*, int, int, int)",128,8704,0,208,0,128,"GL2C_MISS_sum",591545.000000,2914673071525,2914725904957
444,444,"Agent 1",1,22417,22417,131072,17,"pk_gemm(__half const*, __half const*, __half*, int, int, int)",128,8704,0,208,0,128,"GL2C_HIT_sum",0.00000000e+00,2914726129237,2914768359770
444,444,"Agent 1",1,22417,22417,131072,17,"pk_gemm(__half const*, __half const*, __half*, int, int, int)",128,8704,0,208,0,128,"GL2C_MISS_sum",500356.000000,2914726129237,2914768359770
445,445,"Agent 1",1,22417,22417,131072,17,"pk_gemm(__half const*, __half const*, __half*, int, int, int)",128,8704,0,208,0,128,"GL2C_HIT_sum",0.00000000e+00,2914768585712,2914818814665
445,445,"Agent 1",1,22417,22417,131072,17,"pk_gemm(__half const*, __half const*, __half*, int, int, int)",128,8704,0,208,0,128,"GL2C_MISS_sum",466666.000000,2914768585712,2914818814665
446,446,"Agent 1",1,22417,22417,131072,17,"pk_gemm(__half const*, __half const*, __half*, int, int, int)",128,8704,0,208,0,128,"GL2C_HIT_sum",0.00000000e+00,2914819039721,2914875040966
446,446,"Agent 1",1,22417,22417,131072,17,"pk_gemm(__half const*, __half const*, __half*, int, int, int)",128,8704,0,208,0,128,"GL2C_MISS_sum",553979.000000,2914819039721,2914875040966
447,447,"Agent 1",1,22417,22417,131072,17,"pk_gemm(__half const*, __half const*, __half*, int, int, int)",128,8704,0,208,0,128,"GL2C_HIT_sum",0.00000000e+00,2914875266828,2914919131582
447,447,"Agent 1",1,22417,22417,131072,17,"pk_gemm(__half const*, __half const*, __half*, int, int, int)",128,8704,0,208,0,128,"GL2C_MISS_sum",524692.000000,2914875266828,2914919131582
448,448,"Agent 1",1,22417,22417,131072,17,"pk_gemm(__half const*, __half const*, __half*, int, int, int)",128,8704,0,208,0,128,"GL2C_HIT_sum",0.00000000e+00,2914919355022,2914973130698
448,448,"Agent 1",1,22417,22417,131072,17,"pk_gemm(__half const*, __half const*, __half*, int, int, int)",128,8704,0,208,0,128,"GL2C_MISS_sum",609016.000000,2914919355022,2914973130698
449,449,"Agent 1",1,22417,22417,131072,17,"pk_gemm(__half const*, __half const*, __half*, int, int, int)",128,8704,0,208,0,128,"GL2C_HIT_sum",0.00000000e+00,2914973357046,2915039346317
449,449,"Agent 1",1,22417,22417,131072,17,"pk_gemm(__half const*, __half const*, __half*, int, int, int)",128,8704,0,208,0,128,"GL2C_MISS_sum",563277.000000,2914973357046,2915039346317
450,450,"Agent 1",1,22417,22417,131072,17,"pk_gemm(__half const*, __half const*, __half*, int, int, int)",128,8704,0,208,0,128,"GL2C_HIT_sum",0.00000000e+00,2915039573541,2915088922607
450,450,"Agent 1",1,22417,22417,131072,17,"pk_gemm(__half const*, __half const*, __half*, int, int, int)",128,8704,0,208,0,128,"GL2C_MISS_sum",649334.000000,2915039573541,2915088922607
451,451,"Agent 1",1,22417,22417,131072,17,"pk_gemm(__half const*, __half const*, __half*, int, int, int)",128,8704,0,208,0,128,"GL2C_HIT_sum",0.00000000e+00,2915089144802,2915141656992
451,451,"Agent 1",1,22417,22417,131072,17,"pk_gemm(__half const*, __half const*, __half*, int, int, int)",128,8704,0,208,0,128,"GL2C_MISS_sum",555163.000000,2915089144802,2915141656992
452,452,"Agent 1",1,22417,22417,131072,17,"pk_gemm(__half const*, __half const*, __half*, int, int, int)",128,8704,0,208,0,128,"GL2C_HIT_sum",0.00000000e+00,2915141881571,2915193606366
452,452,"Agent 1",1,22417,22417,131072,17,"pk_gemm(__half const*, __half const*, __half*, int, int, int)",128,8704,0,208,0,128,"GL2C_MISS_sum",545382.000000,2915141881571,2915193606366
453,453,"Agent 1",1,22417,22417,131072,17,"pk_gemm(__half const*, __half const*, __half*, int, int, int)",128,8704,0,208,0,128,"GL2C_HIT_sum",0.00000000e+00,2915193829191,2915246161684
453,453,"Agent 1",1,22417,22417,131072,17,"pk_gemm(__half const*, __half const*, __half*, int, int, int)",128,8704,0,208,0,128,"GL2C_MISS_sum",586301.000000,2915193829191,2915246161684
454,454,"Agent 1",1,22417,22417,131072,17,"pk_gemm(__half const*, __half const*, __half*, int, int, int)",128,8704,0,208,0,128,"GL2C_HIT_sum",0.00000000e+00,2915246416680,2915295921197
454,454,"Agent 1",1,22417,22417,131072,17,"pk_gemm(__half const*, __half const*, __half*, int, int, int)",128,8704,0,208,0,128,"GL2C_MISS_sum",555401.000000,2915246416680,2915295921197
455,455,"Agent 1",1,22417,22417,131072,17,"pk_gemm(__half const*, __half const*, __half*, int, int, int)",128,8704,0,208,0,128,"GL2C_HIT_sum",0.00000000e+00,2915296147690,2915338961916
455,455,"Agent 1",1,22417,22417,131072,17,"pk_gemm(__half const*, __half const*, __half*, int, int, int)",128,8704,0,208,0,128,"GL2C_MISS_sum",437853.000000,2915296147690,2915338961916
456,456,"Agent 1",1,22417,22417,131072,17,"pk_gemm(__half const*, __half const*, __half*, int, int, int)",128,8704,0,208,0,128,"GL2C_HIT_sum",0.00000000e+00,2915339193749,2915397842351
456,456,"Agent 1",1,22417,22417,131072,17,"pk_gemm(__half const*, __half const*, __half*, int, int, int)",128,8704,0,208,0,128,"GL2C_MISS_sum",539676.000000,2915339193749,2915397842351
457,457,"Agent 1",1,22417,22417,131072,17,"pk_gemm(__half const*, __half const*, __half*, int, int, int)",128,8704,0,208,0,128,"GL2C_HIT_sum",0.00000000e+00,2915398069913,2915449713716
457,457,"Agent 1",1,22417,22417,131072,17,"pk_gemm(__half const*, __half const*, __half*, int, int, int)",128,8704,0,208,0,128,"GL2C_MISS_sum",574394.000000,2915398069913,2915449713716
458,458,"Agent 1",1,22417,22417,131072,17,"pk_gemm(__half const*, __half const*, __half*, int, int, int)",128,8704,0,208,0,128,"GL2C_HIT_sum",0.00000000e+00,2915449944387,2915484134942
458,458,"Agent 1",1,22417,22417,131072,17,"pk_gemm(__half const*, __half const*, __half*, int, int, int)",128,8704,0,208,0,128,"GL2C_MISS_sum",446862.000000,2915449944387,2915484134942
459,459,"Agent 1",1,22417,22417,131072,17,"pk_gemm(__half const*, __half const*, __half*, int, int, int)",128,8704,0,208,0,128,"GL2C_HIT_sum",0.00000000e+00,2915484362272,2915524784498
459,459,"Agent 1",1,22417,22417,131072,17,"pk_gemm(__half const*, __half const*, __half*, int, int, int)",128,8704,0,208,0,128,"GL2C_MISS_sum",473273.000000,2915484362272,2915524784498
460,460,"Agent 1",1,22417,22417,131072,17,"pk_gemm(__half const*, __half const*, __half*, int, int, int)",128,8704,0,208,0,128,"GL2C_HIT_sum",0.00000000e+00,2915525013420,2915588902517
460,460,"Agent 1",1,22417,22417,131072,17,"pk_gemm(__half const*, __half const*, __half*, int, int, int)",128,8704,0,208,0,128,"GL2C_MISS_sum",609093.000000,2915525013420,2915588902517
461,461,"Agent 1",1,22417,22417,131072,17,"pk_gemm(__half const*, __half const*, __half*, int, int, int)",128,8704,0,208,0,128,"GL2C_HIT_sum",0.00000000e+00,2915589133469,2915631660678
461,461,"Agent 1",1,22417,22417,131072,17,"pk_gemm(__half const*, __half const*, __half*, int, int, int)",128,8704,0,208,0,128,"GL2C_MISS_sum",519119.000000,2915589133469,2915631660678
462,462,"Agent 1",1,22417,22417,131072,17,"pk_gemm(__half const*, __half const*, __half*, int, int, int)",128,8704,0,208,0,128,"GL2C_HIT_sum",0.00000000e+00,2915631886721,2915683028343
462,462,"Agent 1",1,22417,22417,131072,17,"pk_gemm(__half const*, __half const*, __half*, int, int, int)",128,8704,0,208,0,128,"GL2C_MISS_sum",471939.000000,2915631886721,2915683028343
463,463,"Agent 1",1,22417,22417,131072,17,"pk_gemm(__half const*, __half const*, __half*, int, int, int)",128,8704,0,208,0,128,"GL2C_HIT_sum",0.00000000e+00,2915683255460,2915745976891
463,463,"Agent 1",1,22417,22417,131072,17,"pk_gemm(__half const*, __half const*, __half*, int, int, int)",128,8704,0,208,0,128,"GL2C_MISS_sum",602583.000000,2915683255460,2915745976891
464,464,"Agent 1",1,22417,22417,131072,17,"pk_gemm(__half const*, __half const*, __half*, int, int, int)",128,8704,0,208,0,128,"GL2C_HIT_sum",0.00000000e+00,2915746204372,2915809996006
464,464,"Agent 1",1,22417,22417,131072,17,"pk_gemm(__half const*, __half const*, __half*, int, int, int)",128,8704,0,208,0,128,"GL2C_MISS_sum",574402.000000,2915746204372,2915809996006
465,465,"Agent 1",1,22417,22417,131072,17,"pk_gemm(__half const*, __half const*, __half*, int, int, int)",128,8704,0,208,0,128,"GL2C_HIT_sum",0.00000000e+00,2915810223191,2915854766615
465,465,"Agent 1",1,22417,22417,131072,17,"pk_gemm(__half const*, __half const*, __half*, int, int, int)",128,8704,0,208,0,128,"GL2C_MISS_sum",511072.000000,2915810223191,2915854766615
466,466,"Agent 1",1,22417,22417,131072,17,"pk_gemm(__half const*, __half const*, __half*, int, int, int)",128,8704,0,208,0,128,"GL2C_HIT_sum",0.00000000e+00,2915854994253,2915915773165
466,466,"Agent 1",1,22417,22417,131072,17,"pk_gemm(__half const*, __half const*, __half*, int, int, int)",128,8704,0,208,0,128,"GL2C_MISS_sum",608875.000000,2915854994253,2915915773165
467,467,"Agent 1",1,22417,22417,131072,17,"pk_gemm(__half const*, __half const*, __half*, int, int, int)",128,8704,0,208,0,128,"GL2C_HIT_sum",0.00000000e+00,2915916000670,2915969732985
467,467,"Agent 1",1,22417,22417,131072,17,"pk_gemm(__half const*, __half const*, __half*, int, int, int)",128,8704,0,208,0,128,"GL2C_MISS_sum",560396.000000,2915916000670,2915969732985
468,468,"Agent 1",1,22417,22417,131072,17,"pk_gemm(__half const*, __half const*, __half*, int, int, int)",128,8704,0,208,0,128,"GL2C_HIT_sum",0.00000000e+00,2915969956147,2916019938078
468,468,"Agent 1",1,22417,22417,131072,17,"pk_gemm(__half const*, __half const*, __half*, int, int, int)",128,8704,0,208,0,128,"GL2C_MISS_sum",472174.000000,2915969956147,2916019938078
469,469,"Agent 1",1,22417,22417,131072,17,"pk_gemm(__half const*, __half const*, __half*, int, int, int)",128,8704,0,208,0,128,"GL2C_HIT_sum",0.00000000e+00,2916020165423,2916064017313
469,469,"Agent 1",1,22417,22417,131072,17,"pk_gemm(__half const*, __half const*, __half*, int, int, int)",128,8704,0,208,0,128,"GL2C_MISS_sum",466814.000000,2916020165423,2916064017313
470,470,"Agent 1",1,22417,22417,131072,17,"pk_gemm(__half const*, __half const*, __half*, int, int, int)",128,8704,0,208,0,128,"GL2C_HIT_sum",0.00000000e+00,2916064241894,2916133184537
470,470,"Agent 1",1,22417,22417,131072,17,"pk_gemm(__half const*, __half const*, __half*, int, int, int)",128,8704,0,208,0,128,"GL2C_MISS_sum",647142.000000,2916064241894,2916133184537
471,471,"Agent 1",1,22417,22417,131072,17,"pk_gemm(__half const*, __half const*, __half*, int, int, int)",128,8704,0,208,0,128,"GL2C_HIT_sum",0.00000000e+00,2916133410679,2916182987892
471,471,"Agent 1",1,22417,22417,131072,17,"pk_gemm(__half const*, __half const*, __half*, int, int, int)",128,8704,0,208,0,128,"GL2C_MISS_sum",575575.000000,2916133410679,2916182987892
472,472,"Agent 1",1,22417,22417,131072,17,"pk_gemm(__half const*, __half const*, __half*, int, int, int)",128,8704,0,208,0,128,"GL2C_HIT_sum",0.00000000e+00,2916183210733,2916239673001
472,472,"Agent 1",1,22417,22417,131072,17,"pk_gemm(__half const*, __half const*, __half*, int, int, int)",128,8704,0,208,0,128,"GL2C_MISS_sum",619554.000000,2916183210733,2916239673001
473,473,"Agent 1",1,22417,22417,131072,17,"pk_gemm(__half const*, __half const*, __half*, int, int, int)",128,8704,0,208,0,128,"GL2C_HIT_sum",0.00000000e+00,2916239900826,2916301521916
473,473,"Agent 1",1,22417,22417,131072,17,"pk_gemm(__half const*, __half const*, __half*, int, int, int)",128,8704,0,208,0,128,"GL2C_MISS_sum",655583.000000,2916239900826,2916301521916
474,474,"Agent 1",1,22417,22417,131072,17,"pk_gemm(__half const*, __half const*, __half*, int, int, int)",128,8704,0,208,0,128,"GL2C_HIT_sum",0.00000000e+00,2916301745267,2916362055864
474,474,"Agent 1",1,22417,22417,131072,17,"pk_gemm(__half const*, __half const*, __half*, int, int, int)",128,8704,0,208,0,128,"GL2C_MISS_sum",566466.000000,2916301745267,2916362055864
475,475,"Agent 1",1,22417,22417,131072,17,"pk_gemm(__half const*, __half const*, __half*, int, int, int)",128,8704,0,208,0,128,"GL2C_HIT_sum",0.00000000e+00,2916362283850,2916407751206
475,475,"Agent 1",1,22417,22417,131072,17,"pk_gemm(__half const*, __half const*, __half*, int, int, int)",128,8704,0,208,0,128,"GL2C_MISS_sum",620606.000000,2916362283850,2916407751206
476,476,"Agent 1",1,22417,22417,131072,17,"pk_gemm(__half const*, __half const*, __half*, int, int, int)",128,8704,0,208,0,128,"GL2C_HIT_sum",0.00000000e+00,2916407973754,2916456213583
476,476,"Agent 1",1,22417,22417,131072,17,"pk_gemm(__half const*, __half const*, __half*, int, int, int)",128,8704,0,208,0,128,"GL2C_MISS_sum",498907.000000,2916407973754,2916456213583
477,477,"Agent 1",1,22417,22417,131072,17,"pk_gemm(__half const*, __half const*, __half*, int, int, int)",128,8704,0,208,0,128,"GL2C_HIT_sum",0.00000000e+00,2916456439405,2916514961010
477,477,"Agent 1",1,22417,22417,131072,17,"pk_gemm(__half const*, __half const*, __half*, int, int, int)",128,8704,0,208,0,128,"GL2C_MISS_sum",568569.000000,2916456439405,2916514961010
478,478,"Agent 1",1,22417,22417,131072,17,"pk_gemm(__half const*, __half const*, __half*, int, int, int)",128,8704,0,208,0,128,"GL2C_HIT_sum",0.00000000e+00,2916515184595,2916560547195
478,478,"Agent 1",1,22417,22417,131072,17,"pk_gemm(__half const*, __half const*, __half*, int, int, int)",128,8704,0,208,0,128,"GL2C_MISS_sum",552765.000000,2916515184595,2916560547195
479,479,"Agent 1",1,22417,22417,131072,17,"pk_gemm(__half const*, __half const*, __half*, int, int, int)",128,8704,0,208,0,128,"GL2C_HIT_sum",0.00000000e+00,2916560772416,2916604254694
479,479,"Agent 1",1,22417,22417,131072,17,"pk_gemm(__half const*, __half const*, __half*, int, int, int)",128,8704,0,208,0,128,"GL2C_MISS_sum",496647.000000,2916560772416,2916604254694
480,480,"Agent 1",1,22417,22417,131072,17,"pk_gemm(__half const*, __half const*, __half*, int, int, int)",128,8704,0,208,0,128,"GL2C_HIT_sum",0.00000000e+00,2916604477147,2916643762726
480,480,"Agent 1",1,22417,22417,131072,17,"pk_gemm(__half const*, __half const*, __half*, int, int, int)",128,8704,0,208,0,128,"GL2C_MISS_sum",458936.000000,2916604477147,2916643762726
481,481,"Agent 1",1,22417,22417,131072,17,"pk_gemm(__half const*, __half const*, __half*, int, int, int)",128,8704,0,208,0,128,"GL2C_HIT_sum",0.00000000e+00,2916643987746,2916698777362
481,481,"Agent 1",1,22417,22417,131072,17,"pk_gemm(__half const*, __half const*, __half*, int, int, int)",128,8704,0,208,0,128,"GL2C_MISS_sum",614571.000000,2916643987746,2916698777362
482,482,"Agent 1",1,22417,22417,131072,17,"pk_gemm(__half const*, __half const*, __half*, int, int, int)",128,8704,0,208,0,128,"GL2C_HIT_sum",0.00000000e+00,2916698999720,2916755206469
482,482,"Agent 1",1,22417,22417,131072,17,"pk_gemm(__half const*, __half const*, __half*, int, int, int)",128,8704,0,208,0,128,"GL2C_MISS_sum",509120.000000,2916698999720,2916755206469
483,483,"Agent 1",1,22417,22417,131072,17,"pk_gemm(__half const*, __half const*, __half*, int, int, int)",128,8704,0,208,0,128,"GL2C_HIT_sum",0.00000000e+00,2916755430929,2916811769044
483,483,"Agent 1",1,22417,22417,131072,17,"pk_gemm(__half const*, __half const*, __half*, int, int, int)",128,8704,0,208,0,128,"GL2C_MISS_sum",551400.000000,2916755430929,2916811769044
484,484,"Agent 1",1,22417,22417,131072,17,"pk_gemm(__half const*, __half const*, __half*, int, int, int)",128,8704,0,208,0,128,"GL2C_HIT_sum",0.00000000e+00,2916812024199,2916861582496
484,484,"Agent 1",1,22417,22417,131072,17,"pk_gemm(__half const*, __half const*, __half*, int, int, int)",128,8704,0,208,0,128,"GL2C_MISS_sum",483519.000000,2916812024199,2916861582496
485,485,"Agent 1",1,22417,22417,131072,17,"pk_gemm(__half const*, __half const*, __half*, int, int, int)",128,8704,0,208,0,128,"GL2C_HIT_sum",0.00000000e+00,2916861810682,2916902291459
485,485,"Agent 1",1,22417,22417,131072,17,"pk_gemm(__half const*, __half const*, __half*, int, int, int)",128,8704,0,208,0,128,"GL2C_MISS_sum",501433.000000,2916861810682,2916902291459
486,486,"Agent 1",1,22417,22417,131072,17,"pk_gemm(__half const*, __half const*, __half*, int, int, int)",128,8704,0,208,0,128,"GL2C_HIT_sum",0.00000000e+00,2916902520697,2916959314265
486,486,"Agent 1",1,22417,22417,131072,17,"pk_gemm(__half const*, __half const*, __half*, int, int, int)",128,8704,0,208,0,128,"GL2C_MISS_sum",537083.000000,2916902520697,2916959314265
487,487,"Agent 1",1,22417,22417,131072,17,"pk_gemm(__half const*, __half const*, __half*, int, int, int)",128,8704,0,208,0,128,"GL2C_HIT_sum",0.00000000e+00,2916959543333,2917006787697
487,487,"Agent 1",1,22417,22417,131072,17,"pk_gemm(__half const*, __half const*, __half*, int, int, int)",128,8704,0,208,0,128,"GL2C_MISS_sum",541183.000000,2916959543333,2917006787697
488,488,"Agent 1",1,22417,22417,131072,17,"pk_gemm(__half const*, __half const*, __half*, int, int, int)",128,8704,0,208,0,128,"GL2C_HIT_sum",0.00000000e+00,2917007013808,2917054711741
488,488,"Agent 1",1,22417,22417,131072,17,"pk_gemm(__half const*, __half const*, __half*, int, int, int)",128,8704,0,208,0,128,"GL2C_MISS_sum",540120.000000,2917007013808,2917054711741
489,489,"Agent 1",1,22417,22417,131072,17,"pk_gemm(__half const*, __half const*, __half*, int, int, int)",128,8704,0,208,0,128,"GL2C_HIT_sum",0.00000000e+00,2917054942171,2917107954017
489,489,"Agent 1",1,22417,22417,131072,17,"pk_gemm(__half const*, __half const*, __half*, int, int, int)",128,8704,0,208,0,128,"GL2C_MISS_sum",562257.000000,2917054942171,2917107954017
490,490,"Agent 1",1,22417,22417,131072,17,"pk_gemm(__half const*, __half const*, __half*, int, int, int)",128,8704,0,208,0,128,"GL2C_HIT_sum",0.00000000e+00,2917108179341,2917178019063
490,490,"Agent 1",1,22417,22417,131072,17,"pk_gemm(__half const*, __half const*, __half*, int, int, int)",128,8704,0,208,0,128,"GL2C_MISS_sum",698367.000000,2917108179341,2917178019063
491,491,"Agent 1",1,22417,22417,131072,17,"pk_gemm(__half const*, __half const*, __half*, int, int, int)",128,8704,0,208,0,128,"GL2C_HIT_sum",0.00000000e+00,2917178248813,2917229713080
491,491,"Agent 1",1,22417,22417,131072,17,"pk_gemm(__half const*, __half const*, __half*, int, int, int)",128,8704,0,208,0,128,"GL2C_MISS_sum",542916.000000,2917178248813,2917229713080
492,492,"Agent 1",1,22417,22417,131072,17,"pk_gemm(__half const*, __half const*, __half*, int, int, int)",128,8704,0,208,0,128,"GL2C_HIT_sum",0.00000000e+00,2917229937374,2917276105241
492,492,"Agent 1",1,22417,22417,131072,17,"pk_gemm(__half const*, __half const*, __half*, int, int, int)",128,8704,0,208,0,128,"GL2C_MISS_sum",591864.000000,2917229937374,2917276105241
493,493,"Agent 1",1,22417,22417,131072,17,"pk_gemm(__half const*, __half const*, __half*, int, int, int)",128,8704,0,208,0,128,"GL2C_HIT_sum",0.00000000e+00,2917276332265,2917336568802
493,493,"Agent 1",1,22417,22417,131072,17,"pk_gemm(__half const*, __half const*, __half*, int, int, int)",128,8704,0,208,0,128,"GL2C_MISS_sum",562409.000000,2917276332265,2917336568802
494,494,"Agent 1",1,22417,22417,131072,17,"pk_gemm(__half const*, __half const*, __half*, int, int, int)",128,8704,0,208,0,128,"GL2C_HIT_sum",0.00000000e+00,2917336793323,2917385877253
494,494,"Agent 1",1,22417,22417,131072,17,"pk_gemm(__half const*, __half const*, __half*, int, int, int)",128,8704,0,208,0,128,"GL2C_MISS_sum",697799.000000,2917336793323,2917385877253
495,495,"Agent 1",1,22417,22417,131072,17,"pk_gemm(__half const*, __half const*, __half*, int, int, int)",128,8704,0,208,0,128,"GL2C_HIT_sum",0.00000000e+00,2917386104299,2917451257043
495,495,"Agent 1",1,22417,22417,131072,17,"pk_gemm(__half const*, __half const*, __half*, int, int, int)",128,8704,0,208,0,128,"GL2C_MISS_sum",591072.000000,2917386104299,2917451257043
496,496,"Agent 1",1,22417,22417,131072,17,"pk_gemm(__half const*, __half const*, __half*, int, int, int)",128,8704,0,208,0,128,"GL2C_HIT_sum",0.00000000e+00,2917451484508,2917506640450
496,496,"Agent 1",1,22417,22417,131072,17,"pk_gemm(__half const*, __half const*, __half*, int, int, int)",128,8704,0,208,0,128,"GL2C_MISS_sum",533144.000000,2917451484508,2917506640450
497,497,"Agent 1",1,22417,22417,131072,17,"pk_gemm(__half const*, __half const*, __half*, int, int, int)",128,8704,0,208,0,128,"GL2C_HIT_sum",0.00000000e+00,2917506864505,2917555699488
497,497,"Agent 1",1,22417,22417,131072,17,"pk_gemm(__half const*, __half const*, __half*, int, int, int)",128,8704,0,208,0,128,"GL2C_MISS_sum",523918.000000,2917506864505,2917555699488
498,498,"Agent 1",1,22417,22417,131072,17,"pk_gemm(__half const*, __half const*, __half*, int, int, int)",128,8704,0,208,0,128,"GL2C_HIT_sum",0.00000000e+00,2917555928716,2917599027556
498,498,"Agent 1",1,22417,22417,131072,17,"pk_gemm(__half const*, __half const*, __half*, int, int, int)",128,8704,0,208,0,128,"GL2C_MISS_sum",497422.000000,2917555928716,2917599027556
499,499,"Agent 1",1,22417,22417,131072,17,"pk_gemm(__half const*, __half const*, __half*, int, int, int)",128,8704,0,208,0,128,"GL2C_HIT_sum",0.00000000e+00,2917599252906,2917669091026
499,499,"Agent 1",1,22417,22417,131072,17,"pk_gemm(__half const*, __half const*, __half*, int, int, int)",128,8704,0,208,0,128,"GL2C_MISS_sum",682230.000000,2917599252906,2917669091026
500,500,"Agent 1",1,22417,22417,131072,17,"pk_gemm(__half const*, __half const*, __half*, int, int, int)",128,8704,0,208,0,128,"GL2C_HIT_sum",0.00000000e+00,2917669319052,2917718456001
500,500,"Agent 1",1,22417,22417,131072,17,"pk_gemm(__half const*, __half const*, __half*, int, int, int)",128,8704,0,208,0,128,"GL2C_MISS_sum",535001.000000,2917669319052,2917718456001
501,501,"Agent 1",1,22417,22417,131072,17,"pk_gemm(__half const*, __half const*, __half*, int, int, int)",128,8704,0,208,0,128,"GL2C_HIT_sum",0.00000000e+00,2917718678790,2917764129194
501,501,"Agent 1",1,22417,22417,131072,17,"pk_gemm(__half const*, __half const*, __half*, int, int, int)",128,8704,0,208,0,128,"GL2C_MISS_sum",504609.000000,2917718678790,2917764129194
502,502,"Agent 1",1,22417,22417,131072,17,"pk_gemm(__half const*, __half const*, __half*, int, int, int)",128,8704,0,208,0,128,"GL2C_HIT_sum",0.00000000e+00,2917764355509,2917831222904
502,502,"Agent 1",1,22417,22417,131072,17,"pk_gemm(__half const*, __half const*, __half*, int, int, int)",128,8704,0,208,0,128,"GL2C_MISS_sum",630205.000000,2917764355509,2917831222904
503,503,"Agent 1",1,22417,22417,131072,17,"pk_gemm(__half const*, __half const*, __half*, int, int, int)",128,8704,0,208,0,128,"GL2C_HIT_sum",0.00000000e+00,2917831449522,2917894745789
503,503,"Agent 1",1,22417,22417,131072,17,"pk_gemm(__half const*, __half const*, __half*, int, int, int)",128,8704,0,208,0,128,"GL2C_MISS_sum",732301.000000,2917831449522,2917894745789
504,504,"Agent 1",1,22417,22417,131072,17,"pk_gemm(__half const*, __half const*, __half*, int, int, int)",128,8704,0,208,0,128,"GL2C_HIT_sum",0.00000000e+00,2917894973214,2917940057212
504,504,"Agent 1",1,22417,22417,131072,17,"pk_gemm(__half const*, __half const*, __half*, int, int, int)",128,8704,0,208,0,128,"GL2C_MISS_sum",598763.000000,2917894973214,2917940057212
505,505,"Agent 1",1,22417,22417,131072,17,"pk_gemm(__half const*, __half const*, __half*, int, int, int)",128,8704,0,208,0,128,"GL2C_HIT_sum",0.00000000e+00,2917940283016,2918000079208
505,505,"Agent 1",1,22417,22417,131072,17,"pk_gemm(__half const*, __half const*, __half*, int, int, int)",128,8704,0,208,0,128,"GL2C_MISS_sum",610812.000000,2917940283016,2918000079208
506,506,"Agent 1",1,22417,22417,131072,17,"pk_gemm(__half const*, __half const*, __half*, int, int, int)",128,8704,0,208,0,128,"GL2C_HIT_sum",0.00000000e+00,2918000306714,2918059579726
506,506,"Agent 1",1,22417,22417,131072,17,"pk_gemm(__half const*, __half const*, __half*, int, int, int)",128,8704,0,208,0,128,"GL2C_MISS_sum",589420.000000,2918000306714,2918059579726
507,507,"Agent 1",1,22417,22417,131072,17,"pk_gemm(__half const*, __half const*, __half*, int, int, int)",128,8704,0,208,0,128,"GL2C_HIT_sum",0.00000000e+00,2918059803026,2918125008028
507,507,"Agent 1",1,22417,22417,131072,17,"pk_gemm(__half const*, __half const*, __half*, int, int, int)",128,8704,0,208,0,128,"GL2C_MISS_sum",595021.000000,2918059803026,2918125008028
508,508,"Agent 1",1,22417,22417,131072,17,"pk_gemm(__half const*, __half const*, __half*, int, int, int)",128,8704,0,208,0,128,"GL2C_HIT_sum",0.00000000e+00,2918125234892,2918165870439
508,508,"Agent 1",1,22417,22417,131072,17,"pk_gemm(__half const*, __half const*, __half*, int, int, int)",128,8704,0,208,0,128,"GL2C_MISS_sum",541733.000000,2918125234892,2918165870439
509,509,"Agent 1",1,22417,22417,131072,17,"pk_gemm(__half const*, __half const*, __half*, int, int, int)",128,8704,0,208,0,128,"GL2C_HIT_sum",0.00000000e+00,2918166093882,2918224749458
509,509,"Agent 1",1,22417,22417,131072,17,"pk_gemm(__half const*, __half const*, __half*, int, int, int)",128,8704,0,208,0,128,"GL2C_MISS_sum",579937.000000,2918166093882,2918224749458
510,510,"Agent 1",1,22417,22417,131072,17,"pk_gemm(__half const*, __half const*, __half*, int, int, int)",128,8704,0,208,0,128,"GL2C_HIT_sum",0.00000000e+00,2918224974718,2918283317789
510,510,"Agent 1",1,22417,22417,131072,17,"pk_gemm(__half const*, __half const*, __half*, int, int, int)",128,8704,0,208,0,128,"GL2C_MISS_sum",597078.000000,2918224974718,2918283317789
511,511,"Agent 1",1,22417,22417,131072,17,"pk_gemm(__half const*, __half const*, __half*, int, int, int)",128,8704,0,208,0,128,"GL2C_HIT_sum",0.00000000e+00,2918283540789,2918335393584
511,511,"Agent 1",1,22417,22417,131072,17,"pk_gemm(__half const*, __half const*, __half*, int, int, int)",128,8704,0,208,0,128,"GL2C_MISS_sum",628513.000000,2918283540789,2918335393584
512,512,"Agent 1",1,22417,22417,131072,17,"pk_gemm(__half const*, __half const*, __half*, int, int, int)",128,8704,0,208,0,128,"GL2C_HIT_sum",0.00000000e+00,2918335618645,2918386351703
512,512,"Agent 1",1,22417,22417,131072,17,"pk_gemm(__half const*, __half const*, __half*, int, int, int)",128,8704,0,208,0,128,"GL2C_MISS_sum",558796.000000,2918335618645,2918386351703
513,513,"Agent 1",1,22417,22417,131072,17,"pk_gemm(__half const*, __half const*, __half*, int, int, int)",128,8704,0,208,0,128,"GL2C_HIT_sum",0.00000000e+00,2918386575184,2918444247479
513,513,"Agent 1",1,22417,22417,131072,17,"pk_gemm(__half const*, __half const*, __half*, int, int, int)",128,8704,0,208,0,128,"GL2C_MISS_sum",576025.000000,2918386575184,2918444247479
514,514,"Agent 1",1,22417,22417,524288,17,"pk_gemm(__half const*, __half const*, __half*, int, int, int)",128,8704,0,208,0,128,"GL2C_HIT_sum",0.00000000e+00,2920229921272,2920774462628
514,514,"Agent 1",1,22417,22417,524288,17,"pk_gemm(__half const*, __half const*, __half*, int, int, int)",128,8704,0,208,0,128,"GL2C_MISS_sum",2031230.000000,2920229921272,2920774462628
515,515,"Agent 1",1,22417,22417,524288,17,"pk_gemm(__half const*, __half const*, __half*, int, int, int)",128,8704,0,208,0,128,"GL2C_HIT_sum",0.00000000e+00,2920774712424,2921207931481
515,515,"Agent 1",1,22417,22417,524288,17,"pk_gemm(__half const*, __half const*, __half*, int, int, int)",128,8704,0,208,0,128,"GL2C_MISS_sum",1359088.000000,2920774712424,2921207931481
516,516,"Agent 1",1,22417,22417,524288,17,"pk_gemm(__half const*, __half const*, __half*, int, int, int)",128,8704,0,208,0,128,"GL2C_HIT_sum",0.00000000e+00,2921208163237,2921730544327
516,516,"Agent 1",1,22417,22417,524288,17,"pk_gemm(__half const*, __half const*, __half*, int, int, int)",128,8704,0,208,0,128,"GL2C_MISS_sum",1492301.000000,2921208163237,2921730544327
517,517,"Agent 1",1,22417,22417,524288,17,"pk_gemm(__half const*, __half const*, __half*, int, int, int)",128,8704,0,208,0,128,"GL2C_HIT_sum",0.00000000e+00,2921730771066,2922205086654
517,517,"Agent 1",1,22417,22417,524288,17,"pk_gemm(__half const*, __half const*, __half*, int, int, int)",128,8704,0,208,0,128,"GL2C_MISS_sum",1411862.000000,2921730771066,2922205086654
518,518,"Agent 1",1,22417,22417,524288,17,"pk_gemm(__half const*, __half const*, __half*, int, int, int)",128,8704,0,208,0,128,"GL2C_HIT_sum",0.00000000e+00,2922205317101,2922622645236
518,518,"Agent 1",1,22417,22417,524288,17,"pk_gemm(__half const*, __half const*, __half*, int, int, int)",128,8704,0,208,0,128,"GL2C_MISS_sum",1500869.000000,2922205317101,2922622645236
519,519,"Agent 1",1,22417,22417,524288,17,"pk_gemm(__half const*, __half const*, __half*, int, int, int)",128,8704,0,208,0,128,"GL2C_HIT_sum",0.00000000e+00,2922622874000,2923097341993
519,519,"Agent 1",1,22417,22417,524288,17,"pk_gemm(__half const*, __half const*, __half*, int, int, int)",128,8704,0,208,0,128,"GL2C_MISS_sum",1637334.000000,2922622874000,2923097341993
520,520,"Agent 1",1,22417,22417,524288,17,"pk_gemm(__half const*, __half const*, __half*, int, int, int)",128,8704,0,208,0,128,"GL2C_HIT_sum",0.00000000e+00,2923097573356,2923618550057
520,520,"Agent 1",1,22417,22417,524288,17,"pk_gemm(__half const*, __half const*, __half*, int, int, int)",128,8704,0,208,0,128,"GL2C_MISS_sum",1423271.000000,2923097573356,2923618550057
521,521,"Agent 1",1,22417,22417,524288,17,"pk_gemm(__half const*, __half const*, __half*, int, int, int)",128,8704,0,208,0,128,"GL2C_HIT_sum",0.00000000e+00,2923618778231,2924164229210
521,521,"Agent 1",1,22417,22417,524288,17,"pk_gemm(__half const*, __half const*, __half*, int, int, int)",128,8704,0,208,0,128,"GL2C_MISS_sum",1562746.000000,2923618778231,2924164229210
522,522,"Agent 1",1,22417,22417,524288,17,"pk_gemm(__half const*, __half const*, __half*, int, int, int)",128,8704,0,208,0,128,"GL2C_HIT_sum",0.00000000e+00,2924164524346,2924696055173
522,522,"Agent 1",1,22417,22417,524288,17,"pk_gemm(__half const*, __half const*, __half*, int, int, int)",128,8704,0,208,0,128,"GL2C_MISS_sum",1307981.000000,2924164524346,2924696055173
523,523,"Agent 1",1,22417,22417,524288,17,"pk_gemm(__half const*, __half const*, __half*, int, int, int)",128,8704,0,208,0,128,"GL2C_HIT_sum",0.00000000e+00,2924696286990,2925210597404
523,523,"Agent 1",1,22417,22417,524288,17,"pk_gemm(__half const*, __half const*, __half*, int, int, int)",128,8704,0,208,0,128,"GL2C_MISS_sum",1449069.000000,2924696286990,2925210597404
524,524,"Agent 1",1,22417,22417,524288,17,"pk_gemm(__half const*, __half const*, __half*, int, int, int)",128,8704,0,208,0,128,"GL2C_HIT_sum",0.00000000e+00,2925210828140,2925685877502
524,524,"Agent 1",1,22417,22417,524288,17,"pk_gemm(__half const*, __half const*, __half*, int, int, int)",128,8704,0,208,0,128,"GL2C_MISS_sum",1521142.000000,2925210828140,2925685877502
525,525,"Agent 1",1,22417,22417,524288,17,"pk_gemm(__half const*, __half const*, __half*, int, int, int)",128,8704,0,208,0,128,"GL2C_HIT_sum",0.00000000e+00,2925686106086,2926205295399
525,525,"Agent 1",1,22417,22417,524288,17,"pk_gemm(__half const*, __half const*, __half*, int, int, int)",128,8704,0,208,0,128,"GL2C_MISS_sum",1318429.000000,2925686106086,2926205295399
526,526,"Agent 1",1,22417,22417,524288,17,"pk_gemm(__half const*, __half const*, __half*, int, int, int)",128,8704,0,208,0,128,"GL2C_HIT_sum",0.00000000e+00,2926205528143,2926748945157
526,526,"Agent 1",1,22417,22417,524288,17,"pk_gemm(__half const*, __half const*, __half*, int, int, int)",128,8704,0,208,0,128,"GL2C_MISS_sum",1558416.000000,2926205528143,2926748945157
527,527,"Agent 1",1,22417,22417,524288,17,"pk_gemm(__half const*, __half const*, __half*, int, int, int)",128,8704,0,208,0,128,"GL2C_HIT_sum",0.00000000e+00,2926749198341,2927218059357
527,527,"Agent 1",1,22417,22417,524288,17,"pk_gemm(__half const*, __half const*, __half*, int, int, int)",128,8704,0,208,0,128,"GL2C_MISS_sum",1563178.000000,2926749198341,2927218059357
528,528,"Agent 1",1,22417,22417,524288,17,"pk_gemm(__half const*, __half const*, __half*, int, int, int)",128,8704,0,208,0,128,"GL2C_HIT_sum",0.00000000e+00,2927218290912,2927714639769
528,528,"Agent 1",1,22417,22417,524288,17,"pk_gemm(__half const*, __half const*, __half*, int, int, int)",128,8704,0,208,0,128,"GL2C_MISS_sum",1390534.000000,2927218290912,2927714639769
529,529,"Agent 1",1,22417,22417,524288,17,"pk_gemm(__half const*, __half const*, __half*, int, int, int)",128,8704,0,208,0,128,"GL2C_HIT_sum",0.00000000e+00,2927714865361,2928249903241
529,529,"Agent 1",1,22417,22417,524288,17,"pk_gemm(__half const*, __half const*, __half*, int, int, int)",128,8704,0,208,0,128,"GL2C_MISS_sum",1529773.000000,2927714865361,2928249903241
530,530,"Agent 1",1,22417,22417,524288,17,"pk_gemm(__half const*, __half const*, __half*, int, int, int)",128,8704,0,208,0,128,"GL2C_HIT_sum",0.00000000e+00,2928250133594,2928763355972
530,530,"Agent 1",1,22417,22417,524288,17,"pk_gemm(__half const*, __half const*, __half*, int, int, int)",128,8704,0,208,0,128,"GL2C_MISS_sum",1460192.000000,2928250133594,2928763355972
531,531,"Agent 1",1,22417,22417,524288,17,"pk_gemm(__half const*, __half const*, __half*, int, int, int)",128,8704,0,208,0,128,"GL2C_HIT_sum",0.00000000e+00,2928763584312,2929055756923
531,531,"Agent 1",1,22417,22417,524288,17,"pk_gemm(__half const*, __half const*, __half*, int, int, int)",128,8704,0,208,0,128,"GL2C_MISS_sum",1485607.000000,2928763584312,2929055756923
532,532,"Agent 1",1,22417,22417,524288,17,"pk_gemm(__half const*, __half const*, __half*, int, int, int)",128,8704,0,208,0,128,"GL2C_HIT_sum",0.00000000e+00,2929055987568,2929597311097
532,532,"Agent 1",1,22417,22417,524288,17,"pk_gemm(__half const*, __half const*, __half*, int, int, int)",128,8704,0,208,0,128,"GL2C_MISS_sum",1640655.000000,2929055987568,2929597311097
533,533,"Agent 1",1,22417,22417,524288,17,"pk_gemm(__half const*, __half const*, __half*, int, int, int)",128,8704,0,208,0,128,"GL2C_HIT_sum",0.00000000e+00,2929597544690,2930117763331
533,533,"Agent 1",1,22417,22417,524288,17,"pk_gemm(__half const*, __half const*, __half*, int, int, int)",128,8704,0,208,0,128,"GL2C_MISS_sum",1644203.000000,2929597544690,2930117763331
534,534,"Agent 1",1,22417,22417,524288,17,"pk_gemm(__half const*, __half const*, __half*, int, int, int)",128,8704,0,208,0,128,"GL2C_HIT_sum",0.00000000e+00,2930117993414,2930616865395
534,534,"Agent 1",1,22417,22417,524288,17,"pk_gemm(__half const*, __half const*, __half*, int, int, int)",128,8704,0,208,0,128,"GL2C_MISS_sum",1527383.000000,2930117993414,2930616865395
535,535,"Agent 1",1,22417,22417,524288,17,"pk_gemm(__half const*, __half const*, __half*, int, int, int)",128,8704,0,208,0,128,"GL2C_HIT_sum",0.00000000e+00,2930617095707,2930898825241
535,535,"Agent 1",1,22417,22417,524288,17,"pk_gemm(__half const*, __half const*, __half*, int, int, int)",128,8704,0,208,0,128,"GL2C_MISS_sum",1409952.000000,2930617095707,2930898825241
536,536,"Agent 1",1,22417,22417,524288,17,"pk_gemm(__half const*, __half const*, __half*, int, int, int)",128,8704,0,208,0,128,"GL2C_HIT_sum",0.00000000e+00,2930899055405,2931431533687
536,536,"Agent 1",1,22417,22417,524288,17,"pk_gemm(__half const*, __half const*, __half*, int, int, int)",128,8704,0,208,0,128,"GL2C_MISS_sum",1474336.000000,2930899055405,2931431533687
537,537,"Agent 1",1,22417,22417,524288,17,"pk_gemm(__half const*, __half const*, __half*, int, int, int)",128,8704,0,208,0,128,"GL2C_HIT_sum",0.00000000e+00,2931431765122,2931961414586
537,537,"Agent 1",1,22417,22417,524288,17,"pk_gemm(__half const*, __half const*, __half*, int, int, int)",128,8704,0,208,0,128,"GL2C_MISS_sum",1519817.000000,2931431765122,2931961414586
538,538,"Agent 1",1,22417,22417,524288,17,"pk_gemm(__half const*, __half const*, __half*, int, int, int)",128,8704,0,208,0,128,"GL2C_HIT_sum",0.00000000e+00,2931961644730,2932456907632
538,538,"Agent 1",1,22417,22417,524288,17,"pk_gemm(__half const*, __half const*, __half*, int, int, int)",128,8704,0,208,0,128,"GL2C_MISS_sum",1432967.000000,2931961644730,2932456907632
539,539,"Agent 1",1,22417,22417,524288,17,"pk_gemm(__half const*, __half const*, __half*, int, int, int)",128,8704,0,208,0,128,"GL2C_HIT_sum",0.00000000e+00,2932457134965,2932932366870
539,539,"Agent 1",1,22417,22417,524288,17,"pk_gemm(__half const*, __half const*, __half*, int, int, int)",128,8704,0,208,0,128,"GL2C_MISS_sum",1592960.000000,2932457134965,2932932366870
540,540,"Agent 1",1,22417,22417,524288,17,"pk_gemm(__half const*, __half const*, __half*, int, int, int)",128,8704,0,208,0,128,"GL2C_HIT_sum",0.00000000e+00,2932932597570,2933450739562
540,540,"Agent 1",1,22417,22417,524288,17,"pk_gemm(__half const*, __half const*, __half*, int, int, int)",128,8704,0,208,0,128,"GL2C_MISS_sum",1463593.000000,2932932597570,2933450739562
541,541,"Agent 1",1,22417,22417,524288,17,"pk_gemm(__half const*, __half const*, __half*, int, int, int)",128,8704,0,208,0,128,"GL2C_HIT_sum",0.00000000e+00,2933450966840,2933953383060
541,541,"Agent 1",1,22417,22417,524288,17,"pk_gemm(__half const*, __half const*, __half*, int, int, int)",128,8704,0,208,0,128,"GL2C_MISS_sum",1493249.000000,2933450966840,2933953383060
542,542,"Agent 1",1,22417,22417,524288,17,"pk_gemm(__half const*, __half const*, __half*, int, int, int)",128,8704,0,208,0,128,"GL2C_HIT_sum",0.00000000e+00,2933953611515,2934454831493
542,542,"Agent 1",1,22417,22417,524288,17,"pk_gemm(__half const*, __half const*, __half*, int, int, int)",128,8704,0,208,0,128,"GL2C_MISS_sum",1476718.000000,2933953611515,2934454831493
543,543,"Agent 1",1,22417,22417,524288,17,"pk_gemm(__half const*, __half const*, __half*, int, int, int)",128,8704,0,208,0,128,"GL2C_HIT_sum",0.00000000e+00,2934455062446,2934984047025
543,543,"Agent 1",1,22417,22417,524288,17,"pk_gemm(__half const*, __half const*, __half*, int, int, int)",128,8704,0,208,0,128,"GL2C_MISS_sum",1546818.000000,2934455062446,2934984047025
544,544,"Agent 1",1,22417,22417,524288,17,"pk_gemm(__half const*, __half const*, __half*, int, int, int)",128,8704,0,208,0,128,"GL2C_HIT_sum",0.00000000e+00,2934984275184,2935491433164
544,544,"Agent 1",1,22417,22417,524288,17,"pk_gemm(__half const*, __half const*, __half*, int, int, int)",128,8704,0,208,0,128,"GL2C_MISS_sum",1457248.000000,2934984275184,2935491433164
545,545,"Agent 1",1,22417,22417,524288,17,"pk_gemm(__half const*, __half const*, __half*, int, int, int)",128,8704,0,208,0,128,"GL2C_HIT_sum",0.00000000e+00,2935491661525,2936013949562
545,545,"Agent 1",1,22417,22417,524288,17,"pk_gemm(__half const*, __half const*, __half*, int, int, int)",128,8704,0,208,0,128,"GL2C_MISS_sum",1546761.000000,2935491661525,2936013949562
546,546,"Agent 1",1,22417,22417,524288,17,"pk_gemm(__half const*, __half const*, __half*, int, int, int)",128,8704,0,208,0,128,"GL2C_HIT_sum",0.00000000e+00,2936014177143,2936546950538
546,546,"Agent 1",1,22417,22417,524288,17,"pk_gemm(__half const*, __half const*, __half*, int, int, int)",128,8704,0,208,0,128,"GL2C_MISS_sum",1444618.000000,2936014177143,2936546950538
547,547,"Agent 1",1,22417,22417,524288,17,"pk_gemm(__half const*, __half const*, __half*, int, int, int)",128,8704,0,208,0,128,"GL2C_HIT_sum",0.00000000e+00,2936547177325,2937030883984
547,547,"Agent 1",1,22417,22417,524288,17,"pk_gemm(__half const*, __half const*, __half*, int, int, int)",128,8704,0,208,0,128,"GL2C_MISS_sum",1605486.000000,2936547177325,2937030883984
548,548,"Agent 1",1,22417,22417,524288,17,"pk_gemm(__half const*, __half const*, __half*, int, int, int)",128,8704,0,208,0,128,"GL2C_HIT_sum",0.00000000e+00,2937031111372,2937574783140
548,548,"Agent 1",1,22417,22417,524288,17,"pk_gemm(__half const*, __half const*, __half*, int, int, int)",128,8704,0,208,0,128,"GL2C_MISS_sum",1582128.000000,2937031111372,2937574783140
549,549,"Agent 1",1,22417,22417,524288,17,"pk_gemm(__half const*, __half const*, __half*, int, int, int)",128,8704,0,208,0,128,"GL2C_HIT_sum",0.00000000e+00,2937575011749,2938055877406
549,549,"Agent 1",1,22417,22417,524288,17,"pk_gemm(__half const*, __half const*, __half*, int, int, int)",128,8704,0,208,0,128,"GL2C_MISS_sum",1423075.000000,2937575011749,2938055877406
550,550,"Agent 1",1,22417,22417,524288,17,"pk_gemm(__half const*, __half const*, __half*, int, int, int)",128,8704,0,208,0,128,"GL2C_HIT_sum",0.00000000e+00,2938056105800,2938536844900
550,550,"Agent 1",1,22417,22417,524288,17,"pk_gemm(__half const*, __half const*, __half*, int, int, int)",128,8704,0,208,0,128,"GL2C_MISS_sum",1465529.000000,2938056105800,2938536844900
551,551,"Agent 1",1,22417,22417,524288,17,"pk_gemm(__half const*, __half const*, __half*, int, int, int)",128,8704,0,208,0,128,"GL2C_HIT_sum",0.00000000e+00,2938537071574,2938850843922
551,551,"Agent 1",1,22417,22417,524288,17,"pk_gemm(__half const*, __half const*, __half*, int, int, int)",128,8704,0,208,0,128,"GL2C_MISS_sum",1474389.000000,2938537071574,2938850843922
552,552,"Agent 1",1,22417,22417,524288,17,"pk_gemm(__half const*, __half const*, __half*, int, int, int)",128,8704,0,208,0,128,"GL2C_HIT_sum",0.00000000e+00,2938851149803,2939166701402
552,552,"Agent 1",1,22417,22417,524288,17,"pk_gemm(__half const*, __half const*, __half*, int, int, int)",128,8704,0,208,0,128,"GL2C_MISS_sum",1536647.000000,2938851149803,2939166701402
553,553,"Agent 1",1,22417,22417,524288,17,"pk_gemm(__half const*, __half const*, __half*, int, int, int)",128,8704,0,208,0,128,"GL2C_HIT_sum",0.00000000e+00,2939166932991,2939638683056
553,553,"Agent 1",1,22417,22417,524288,17,"pk_gemm(__half const*, __half const*, __half*, int, int, int)",128,8704,0,208,0,128,"GL2C_MISS_sum",1542647.000000,2939166932991,2939638683056
554,554,"Agent 1",1,22417,22417,524288,17,"pk_gemm(__half const*, __half const*, __half*, int, int, int)",128,8704,0,208,0,128,"GL2C_HIT_sum",0.00000000e+00,2939638914187,2940192669962
554,554,"Agent 1",1,22417,22417,524288,17,"pk_gemm(__half const*, __half const*, __half*, int, int, int)",128,8704,0,208,0,128,"GL2C_MISS_sum",1483806.000000,2939638914187,2940192669962
555,555,"Agent 1",1,22417,22417,524288,17,"pk_gemm(__half const*, __half const*, __half*, int, int, int)",128,8704,0,208,0,128,"GL2C_HIT_sum",0.00000000e+00,2940192899637,2940565720576
555,555,"Agent 1",1,22417,22417,524288,17,"pk_gemm(__half const*, __half const*, __half*, int, int, int)",128,8704,0,208,0,128,"GL2C_MISS_sum",1402451.000000,2940192899637,2940565720576
556,556,"Agent 1",1,22417,22417,524288,17,"pk_gemm(__half const*, __half const*, __half*, int, int, int)",128,8704,0,208,0,128,"GL2C_HIT_sum",0.00000000e+00,2940565950670,2941086167429
556,556,"Agent 1",1,22417,22417,524288,17,"pk_gemm(__half const*, __half const*, __half*, int, int, int)",128,8704,0,208,0,128,"GL2C_MISS_sum",1550867.000000,2940565950670,2941086167429
557,557,"Agent 1",1,22417,22417,524288,17,"pk_gemm(__half const*, __half const*, __half*, int, int, int)",128,8704,0,208,0,128,"GL2C_HIT_sum",0.00000000e+00,2941086394185,2941598369989
557,557,"Agent 1",1,22417,22417,524288,17,"pk_gemm(__half const*, __half const*, __half*, int, int, int)",128,8704,0,208,0,128,"GL2C_MISS_sum",1424124.000000,2941086394185,2941598369989
558,558,"Agent 1",1,22417,22417,524288,17,"pk_gemm(__half const*, __half const*, __half*, int, int, int)",128,8704,0,208,0,128,"GL2C_HIT_sum",0.00000000e+00,2941598603248,2941951939295
558,558,"Agent 1",1,22417,22417,524288,17,"pk_gemm(__half const*, __half const*, __half*, int, int, int)",128,8704,0,208,0,128,"GL2C_MISS_sum",1392961.000000,2941598603248,2941951939295
559,559,"Agent 1",1,22417,22417,524288,17,"pk_gemm(__half const*, __half const*, __half*, int, int, int)",128,8704,0,208,0,128,"GL2C_HIT_sum",0.00000000e+00,2941952170807,2942475481560
559,559,"Agent 1",1,22417,22417,524288,17,"pk_gemm(__half const*, __half const*, __half*, int, int, int)",128,8704,0,208,0,128,"GL2C_MISS_sum",1450613.000000,2941952170807,2942475481560
560,560,"Agent 1",1,22417,22417,524288,17,"pk_gemm(__half const*, __half const*, __half*, int, int, int)",128,8704,0,208,0,128,"GL2C_HIT_sum",0.00000000e+00,2942475713241,2943018818307
560,560,"Agent 1",1,22417,22417,524288,17,"pk_gemm(__half const*, __half const*, __half*, int, int, int)",128,8704,0,208,0,128,"GL2C_MISS_sum",1555332.000000,2942475713241,2943018818307
561,561,"Agent 1",1,22417,22417,524288,17,"pk_gemm(__half const*, __half const*, __half*, int, int, int)",128,8704,0,208,0,128,"GL2C_HIT_sum",0.00000000e+00,2943019046985,2943543659457
561,561,"Agent 1",1,22417,22417,524288,17,"pk_gemm(__half const*, __half const*, __half*, int, int, int)",128,8704,0,208,0,128,"GL2C_MISS_sum",1400890.000000,2943019046985,2943543659457
562,562,"Agent 1",1,22417,22417,524288,17,"pk_gemm(__half const*, __half const*, __half*, int, int, int)",128,8704,0,208,0,128,"GL2C_HIT_sum",0.00000000e+00,2943543887866,2944078408696
562,562,"Agent 1",1,22417,22417,524288,17,"pk_gemm(__half const*, __half const*, __half*, int, int, int)",128,8704,0,208,0,128,"GL2C_MISS_sum",1458702.000000,2943543887866,2944078408696
563,563,"Agent 1",1,22417,22417,524288,17,"pk_gemm(__half const*, __half const*, __half*, int, int, int)",128,8704,0,208,0,128,"GL2C_HIT_sum",0.00000000e+00,2944078640190,2944482810965
563,563,"Agent 1",1,22417,22417,524288,17,"pk_gemm(__half const*, __half const*, __half*, int, int, int)",128,8704,0,208,0,128,"GL2C_MISS_sum",1406865.000000,2944078640190,2944482810965
564,564,"Agent 1",1,22417,22417,524288,17,"pk_gemm(__half const*, __half const*, __half*, int, int, int)",128,8704,0,208,0,128,"GL2C_HIT_sum",0.00000000e+00,2944483039476,2945020589779
564,564,"Agent 1",1,22417,22417,524288,17,"pk_gemm(__half const*, __half const*, __half*, int, int, int)",128,8704,0,208,0,128,"GL2C_MISS_sum",1419027.000000,2944483039476,2945020589779
565,565,"Agent 1",1,22417,22417,524288,17,"pk_gemm(__half const*, __half const*, __half*, int, int, int)",128,8704,0,208,0,128,"GL2C_HIT_sum",0.00000000e+00,2945020818847,2945568462655
565,565,"Agent 1",1,22417,22417,524288,17,"pk_gemm(__half const*, __half const*, __half*, int, int, int)",128,8704,0,208,0,128,"GL2C_MISS_sum",1655977.000000,2945020818847,2945568462655
566,566,"Agent 1",1,22417,22417,524288,17,"pk_gemm(__half const*, __half const*, __half*, int, int, int)",128,8704,0,208,0,128,"GL2C_HIT_sum",0.00000000e+00,2945568691259,2946101648319
566,566,"Agent 1",1,22417,22417,524288,17,"pk_gemm(__half const*, __half const*, __half*, int, int, int)",128,8704,0,208,0,128,"GL2C_MISS_sum",1409862.000000,2945568691259,2946101648319
567,567,"Agent 1",1,22417,22417,524288,17,"pk_gemm(__half const*, __half const*, __half*, int, int, int)",128,8704,0,208,0,128,"GL2C_HIT_sum",0.00000000e+00,2946101878457,2946629002234
567,567,"Agent 1",1,22417,22417,524288,17,"pk_gemm(__half const*, __half const*, __half*, int, int, int)",128,8704,0,208,0,128,"GL2C_MISS_sum",1544902.000000,2946101878457,2946629002234
568,568,"Agent 1",1,22417,22417,524288,17,"pk_gemm(__half const*, __half const*, __half*, int, int, int)",128,8704,0,208,0,128,"GL2C_HIT_sum",0.00000000e+00,2946629232250,2947179213676
568,568,"Agent 1",1,22417,22417,524288,17,"pk_gemm(__half const*, __half const*, __half*, int, int, int)",128,8704,0,208,0,128,"GL2C_MISS_sum",1537687.000000,2946629232250,2947179213676
569,569,"Agent 1",1,22417,22417,524288,17,"pk_gemm(__half const*, __half const*, __half*, int, int, int)",128,8704,0,208,0,128,"GL2C_HIT_sum",0.00000000e+00,2947179441953,2947514476803
569,569,"Agent 1",1,22417,22417,524288,17,"pk_gemm(__half const*, __half const*, __half*, int, int, int)",128,8704,0,208,0,128,"GL2C_MISS_sum",1482198.000000,2947179441953,2947514476803
570,570,"Agent 1",1,22417,22417,524288,17,"pk_gemm(__half const*, __half const*, __half*, int, int, int)",128,8704,0,208,0,128,"GL2C_HIT_sum",0.00000000e+00,2947514705784,2948051320855
570,570,"Agent 1",1,22417,22417,524288,17,"pk_gemm(__half const*, __half const*, __half*, int, int, int)",128,8704,0,208,0,128,"GL2C_MISS_sum",1506197.000000,2947514705784,2948051320855
571,571,"Agent 1",1,22417,22417,524288,17,"pk_gemm(__half const*, __half const*, __half*, int, int, int)",128,8704,0,208,0,128,"GL2C_HIT_sum",0.00000000e+00,2948051549063,2948577606562
571,571,"Agent 1",1,22417,22417,524288,17,"pk_gemm(__half const*, __half const*, __half*, int, int, int)",128,8704,0,208,0,128,"GL2C_MISS_sum",1750797.000000,2948051549063,2948577606562
572,572,"Agent 1",1,22417,22417,524288,17,"pk_gemm(__half const*, __half const*, __half*, int, int, int)",128,8704,0,208,0,128,"GL2C_HIT_sum",0.00000000e+00,2948577835191,2948925705240
572,572,"Agent 1",1,22417,22417,524288,17,"pk_gemm(__half const*, __half const*, __half*, int, int, int)",128,8704,0,208,0,128,"GL2C_MISS_sum",1351361.000000,2948577835191,2948925705240
573,573,"Agent 1",1,22417,22417,524288,17,"pk_gemm(__half const*, __half const*, __half*, int, int, int)",128,8704,0,208,0,128,"GL2C_HIT_sum",0.00000000e+00,2948925933048,2949235917781
573,573,"Agent 1",1,22417,22417,524288,17,"pk_gemm(__half const*, __half const*, __half*, int, int, int)",128,8704,0,208,0,128,"GL2C_MISS_sum",1701082.000000,2948925933048,2949235917781
574,574,"Agent 1",1,22417,22417,524288,17,"pk_gemm(__half const*, __half const*, __half*, int, int, int)",128,8704,0,208,0,128,"GL2C_HIT_sum",0.00000000e+00,2949236146613,2949666517139
574,574,"Agent 1",1,22417,22417,524288,17,"pk_gemm(__half const*, __half const*, __half*, int, int, int)",128,8704,0,208,0,128,"GL2C_MISS_sum",1434096.000000,2949236146613,2949666517139
575,575,"Agent 1",1,22417,22417,524288,17,"pk_gemm(__half const*, __half const*, __half*, int, int, int)",128,8704,0,208,0,128,"GL2C_HIT_sum",0.00000000e+00,2949666743885,2950211055973
575,575,"Agent 1",1,22417,22417,524288,17,"pk_gemm(__half const*, __half const*, __half*, int, int, int)",128,8704,0,208,0,128,"GL2C_MISS_sum",1520608.000000,2949666743885,2950211055973
576,576,"Agent 1",1,22417,22417,524288,17,"pk_gemm(__half const*, __half const*, __half*, int, int, int)",128,8704,0,208,0,128,"GL2C_HIT_sum",0.00000000e+00,2950211283457,2950698056940
576,576,"Agent 1",1,22417,22417,524288,17,"pk_gemm(__half const*, __half const*, __half*, int, int, int)",128,8704,0,208,0,128,"GL2C_MISS_sum",1467703.000000,2950211283457,2950698056940
577,577,"Agent 1",1,22417,22417,524288,17,"pk_gemm(__half const*, __half const*, __half*, int, int, int)",128,8704,0,208,0,128,"GL2C_HIT_sum",0.00000000e+00,2950698284146,2951220480894
577,577,"Agent 1",1,22417,22417,524288,17,"pk_gemm(__half const*, __half const*, __half*, int, int, int)",128,8704,0,208,0,128,"GL2C_MISS_sum",1547310.000000,2950698284146,2951220480894
578,578,"Agent 1",1,22417,22417,524288,17,"pk_gemm(__half const*, __half const*, __half*, int, int, int)",128,8704,0,208,0,128,"GL2C_HIT_sum",0.00000000e+00,2951220709865,2951748680347
578,578,"Agent 1",1,22417,22417,524288,17,"pk_gemm(__half const*, __half const*, __half*, int, int, int)",128,8704,0,208,0,128,"GL2C_MISS_sum",1698358.000000,2951220709865,2951748680347
579,579,"Agent 1",1,22417,22417,524288,17,"pk_gemm(__half const*, __half const*, __half*, int, int, int)",128,8704,0,208,0,128,"GL2C_HIT_sum",0.00000000e+00,2951748919306,2952282208830
579,579,"Agent 1",1,22417,22417,524288,17,"pk_gemm(__half const*, __half const*, __half*, int, int, int)",128,8704,0,208,0,128,"GL2C_MISS_sum",1558143.000000,2951748919306,2952282208830
580,580,"Agent 1",1,22417,22417,524288,17,"pk_gemm(__half const*, __half const*, __half*, int, int, int)",128,8704,0,208,0,128,"GL2C_HIT_sum",0.00000000e+00,2952282435546,2952792298755
580,580,"Agent 1",1,22417,22417,524288,17,"pk_gemm(__half const*, __half const*, __half*, int, int, int)",128,8704,0,208,0,128,"GL2C_MISS_sum",1522900.000000,2952282435546,2952792298755
581,581,"Agent 1",1,22417,22417,524288,17,"pk_gemm(__half const*, __half const*, __half*, int, int, int)",128,8704,0,208,0,128,"GL2C_HIT_sum",0.00000000e+00,2952792526112,2953264600986
581,581,"Agent 1",1,22417,22417,524288,17,"pk_gemm(__half const*, __half const*, __half*, int, int, int)",128,8704,0,208,0,128,"GL2C_MISS_sum",1537244.000000,2952792526112,2953264600986
582,582,"Agent 1",1,22417,22417,524288,17,"pk_gemm(__half const*, __half const*, __half*, int, int, int)",128,8704,0,208,0,128,"GL2C_HIT_sum",0.00000000e+00,2953264910004,2953681842361
582,582,"Agent 1",1,22417,22417,524288,17,"pk_gemm(__half const*, __half const*, __half*, int, int, int)",128,8704,0,208,0,128,"GL2C_MISS_sum",1511961.000000,2953264910004,2953681842361
583,583,"Agent 1",1,22417,22417,524288,17,"pk_gemm(__half const*, __half const*, __half*, int, int, int)",128,8704,0,208,0,128,"GL2C_HIT_sum",0.00000000e+00,2953682069661,2954003086296
583,583,"Agent 1",1,22417,22417,524288,17,"pk_gemm(__half const*, __half const*, __half*, int, int, int)",128,8704,0,208,0,128,"GL2C_MISS_sum",1452874.000000,2953682069661,2954003086296
584,584,"Agent 1",1,22417,22417,524288,17,"pk_gemm(__half const*, __half const*, __half*, int, int, int)",128,8704,0,208,0,128,"GL2C_HIT_sum",0.00000000e+00,2954003317827,2954322970909
584,584,"Agent 1",1,22417,22417,524288,17,"pk_gemm(__half const*, __half const*, __half*, int, int, int)",128,8704,0,208,0,128,"GL2C_MISS_sum",1453544.000000,2954003317827,2954322970909
585,585,"Agent 1",1,22417,22417,524288,17,"pk_gemm(__half const*, __half const*, __half*, int, int, int)",128,8704,0,208,0,128,"GL2C_HIT_sum",0.00000000e+00,2954323205091,2954725866439
585,585,"Agent 1",1,22417,22417,524288,17,"pk_gemm(__half const*, __half const*, __half*, int, int, int)",128,8704,0,208,0,128,"GL2C_MISS_sum",1539507.000000,2954323205091,2954725866439
586,586,"Agent 1",1,22417,22417,524288,17,"pk_gemm(__half const*, __half const*, __half*, int, int, int)",128,8704,0,208,0,128,"GL2C_HIT_sum",0.00000000e+00,2954726098645,2955232430880
586,586,"Agent 1",1,22417,22417,524288,17,"pk_gemm(__half const*, __half const*, __half*, int, int, int)",128,8704,0,208,0,128,"GL2C_MISS_sum",1449724.000000,2954726098645,2955232430880
587,587,"Agent 1",1,22417,22417,524288,17,"pk_gemm(__half const*, __half const*, __half*, int, int, int)",128,8704,0,208,0,128,"GL2C_HIT_sum",0.00000000e+00,2955232658545,2955773442906
587,587,"Agent 1",1,22417,22417,524288,17,"pk_gemm(__half const*, __half const*, __half*, int, int, int)",128,8704,0,208,0,128,"GL2C_MISS_sum",1566513.000000,2955232658545,2955773442906
588,588,"Agent 1",1,22417,22417,524288,17,"pk_gemm(__half const*, __half const*, __half*, int, int, int)",128,8704,0,208,0,128,"GL2C_HIT_sum",0.00000000e+00,2955773673248,2956300959208
588,588,"Agent 1",1,22417,22417,524288,17,"pk_gemm(__half const*, __half const*, __half*, int, int, int)",128,8704,0,208,0,128,"GL2C_MISS_sum",1543958.000000,2955773673248,2956300959208
589,589,"Agent 1",1,22417,22417,524288,17,"pk_gemm(__half const*, __half const*, __half*, int, int, int)",128,8704,0,208,0,128,"GL2C_HIT_sum",0.00000000e+00,2956301188722,2956831729978
589,589,"Agent 1",1,22417,22417,524288,17,"pk_gemm(__half const*, __half const*, __half*, int, int, int)",128,8704,0,208,0,128,"GL2C_MISS_sum",1489886.000000,2956301188722,2956831729978
590,590,"Agent 1",1,22417,22417,524288,17,"pk_gemm(__half const*, __half const*, __half*, int, int, int)",128,8704,0,208,0,128,"GL2C_HIT_sum",0.00000000e+00,2956831960033,2957368758889
590,590,"Agent 1",1,22417,22417,524288,17,"pk_gemm(__half const*, __half const*, __half*, int, int, int)",128,8704,0,208,0,128,"GL2C_MISS_sum",1508510.000000,2956831960033,2957368758889
591,591,"Agent 1",1,22417,22417,524288,17,"pk_gemm(__half const*, __half const*, __half*, int, int, int)",128,8704,0,208,0,128,"GL2C_HIT_sum",0.00000000e+00,2957368989780,2957847773339
591,591,"Agent 1",1,22417,22417,524288,17,"pk_gemm(__half const*, __half const*, __half*, int, int, int)",128,8704,0,208,0,128,"GL2C_MISS_sum",1447719.000000,2957368989780,2957847773339
592,592,"Agent 1",1,22417,22417,524288,17,"pk_gemm(__half const*, __half const*, __half*, int, int, int)",128,8704,0,208,0,128,"GL2C_HIT_sum",0.00000000e+00,2957848001909,2958373522081
592,592,"Agent 1",1,22417,22417,524288,17,"pk_gemm(__half const*, __half const*, __half*, int, int, int)",128,8704,0,208,0,128,"GL2C_MISS_sum",1384441.000000,2957848001909,2958373522081
593,593,"Agent 1",1,22417,22417,524288,17,"pk_gemm(__half const*, __half const*, __half*, int, int, int)",128,8704,0,208,0,128,"GL2C_HIT_sum",0.00000000e+00,2958373747946,2958749271027
593,593,"Agent 1",1,22417,22417,524288,17,"pk_gemm(__half const*, __half const*, __half*, int, int, int)",128,8704,0,208,0,128,"GL2C_MISS_sum",1526379.000000,2958373747946,2958749271027
594,594,"Agent 1",1,22417,22417,524288,17,"pk_gemm(__half const*, __half const*, __half*, int, int, int)",128,8704,0,208,0,128,"GL2C_HIT_sum",0.00000000e+00,2958749502952,2959109595053
594,594,"Agent 1",1,22417,22417,524288,17,"pk_gemm(__half const*, __half const*, __half*, int, int, int)",128,8704,0,208,0,128,"GL2C_MISS_sum",1407097.000000,2958749502952,2959109595053
595,595,"Agent 1",1,22417,22417,524288,17,"pk_gemm(__half const*, __half const*, __half*, int, int, int)",128,8704,0,208,0,128,"GL2C_HIT_sum",0.00000000e+00,2959109826035,2959580650408
595,595,"Agent 1",1,22417,22417,524288,17,"pk_gemm(__half const*, __half const*, __half*, int, int, int)",128,8704,0,208,0,128,"GL2C_MISS_sum",1373831.000000,2959109826035,2959580650408
596,596,"Agent 1",1,22417,22417,524288,17,"pk_gemm(__half const*, __half const*, __half*, int, int, int)",128,8704,0,208,0,128,"GL2C_HIT_sum",0.00000000e+00,2959580879910,2960103640113
596,596,"Agent 1",1,22417,22417,524288,17,"pk_gemm(__half const*, __half const*, __half*, int, int, int)",128,8704,0,208,0,128,"GL2C_MISS_sum",1525669.000000,2959580879910,2960103640113
597,597,"Agent 1",1,22417,22417,524288,17,"pk_gemm(__half const*, __half const*, __half*, int, int, int)",128,8704,0,208,0,128,"GL2C_HIT_sum",0.00000000e+00,2960103868539,2960617792714
597,597,"Agent 1",1,22417,22417,524288,17,"pk_gemm(__half const*, __half const*, __half*, int, int, int)",128,8704,0,208,0,128,"GL2C_MISS_sum",1438241.000000,2960103868539,2960617792714
598,598,"Agent 1",1,22417,22417,524288,17,"pk_gemm(__half const*, __half const*, __half*, int, int, int)",128,8704,0,208,0,128,"GL2C_HIT_sum",0.00000000e+00,2960618022707,2961148820564
598,598,"Agent 1",1,22417,22417,524288,17,"pk_gemm(__half const*, __half const*, __half*, int, int, int)",128,8704,0,208,0,128,"GL2C_MISS_sum",1473036.000000,2960618022707,2961148820564
599,599,"Agent 1",1,22417,22417,524288,17,"pk_gemm(__half const*, __half const*, __half*, int, int, int)",128,8704,0,208,0,128,"GL2C_HIT_sum",0.00000000e+00,2961149050077,2961609179859
599,599,"Agent 1",1,22417,22417,524288,17,"pk_gemm(__half const*, __half const*, __half*, int, int, int)",128,8704,0,208,0,128,"GL2C_MISS_sum",1498787.000000,2961149050077,2961609179859
600,600,"Agent 1",1,22417,22417,524288,17,"pk_gemm(__half const*, __half const*, __half*, int, int, int)",128,8704,0,208,0,128,"GL2C_HIT_sum",0.00000000e+00,2961609407546,2962125213365
600,600,"Agent 1",1,22417,22417,524288,17,"pk_gemm(__half const*, __half const*, __half*, int, int, int)",128,8704,0,208,0,128,"GL2C_MISS_sum",1410977.000000,2961609407546,2962125213365
601,601,"Agent 1",1,22417,22417,524288,17,"pk_gemm(__half const*, __half const*, __half*, int, int, int)",128,8704,0,208,0,128,"GL2C_HIT_sum",0.00000000e+00,2962125441019,2962590722410
601,601,"Agent 1",1,22417,22417,524288,17,"pk_gemm(__half const*, __half const*, __half*, int, int, int)",128,8704,0,208,0,128,"GL2C_MISS_sum",1421919.000000,2962125441019,2962590722410
602,602,"Agent 1",1,22417,22417,524288,17,"pk_gemm(__half const*, __half const*, __half*, int, int, int)",128,8704,0,208,0,128,"GL2C_HIT_sum",0.00000000e+00,2962590948165,2963114305887
602,602,"Agent 1",1,22417,22417,524288,17,"pk_gemm(__half const*, __half const*, __half*, int, int, int)",128,8704,0,208,0,128,"GL2C_MISS_sum",1443051.000000,2962590948165,2963114305887
603,603,"Agent 1",1,22417,22417,524288,17,"pk_gemm(__half const*, __half const*, __half*, int, int, int)",128,8704,0,208,0,128,"GL2C_HIT_sum",0.00000000e+00,2963114532824,2963519130680
603,603,"Agent 1",1,22417,22417,524288,17,"pk_gemm(__half const*, __half const*, __half*, int, int, int)",128,8704,0,208,0,128,"GL2C_MISS_sum",1350192.000000,2963114532824,2963519130680
604,604,"Agent 1",1,22417,22417,524288,17,"pk_gemm(__half const*, __half const*, __half*, int, int, int)",128,8704,0,208,0,128,"GL2C_HIT_sum",0.00000000e+00,2963519355231,2963961700184
604,604,"Agent 1",1,22417,22417,524288,17,"pk_gemm(__half const*, __half const*, __half*, int, int, int)",128,8704,0,208,0,128,"GL2C_MISS_sum",1474533.000000,2963519355231,2963961700184
605,605,"Agent 1",1,22417,22417,524288,17,"pk_gemm(__half const*, __half const*, __half*, int, int, int)",128,8704,0,208,0,128,"GL2C_HIT_sum",0.00000000e+00,2963961925835,2964427903289
605,605,"Agent 1",1,22417,22417,524288,17,"pk_gemm(__half const*, __half const*, __half*, int, int, int)",128,8704,0,208,0,128,"GL2C_MISS_sum",1500414.000000,2963961925835,2964427903289
606,606,"Agent 1",1,22417,22417,524288,17,"pk_gemm(__half const*, __half const*, __half*, int, int, int)",128,8704,0,208,0,128,"GL2C_HIT_sum",0.00000000e+00,2964428129457,2964937492689
606,606,"Agent 1",1,22417,22417,524288,17,"pk_gemm(__half const*, __half const*, __half*, int, int, int)",128,8704,0,208,0,128,"GL2C_MISS_sum",1502966.000000,2964428129457,2964937492689
607,607,"Agent 1",1,22417,22417,524288,17,"pk_gemm(__half const*, __half const*, __half*, int, int, int)",128,8704,0,208,0,128,"GL2C_HIT_sum",0.00000000e+00,2964937718151,2965417907302
607,607,"Agent 1",1,22417,22417,524288,17,"pk_gemm(__half const*, __half const*, __half*, int, int, int)",128,8704,0,208,0,128,"GL2C_MISS_sum",1366853.000000,2964937718151,2965417907302
608,608,"Agent 1",1,22417,22417,524288,17,"pk_gemm(__half const*, __half const*, __half*, int, int, int)",128,8704,0,208,0,128,"GL2C_HIT_sum",0.00000000e+00,2965418132876,2965944442167
608,608,"Agent 1",1,22417,22417,524288,17,"pk_gemm(__half const*, __half const*, __half*, int, int, int)",128,8704,0,208,0,128,"GL2C_MISS_sum",1547413.000000,2965418132876,2965944442167
609,609,"Agent 1",1,22417,22417,524288,17,"pk_gemm(__half const*, __half const*, __half*, int, int, int)",128,8704,0,208,0,128,"GL2C_HIT_sum",0.00000000e+00,2965944667601,2966487926436
609,609,"Agent 1",1,22417,22417,524288,17,"pk_gemm(__half const*, __half const*, __half*, int, int, int)",128,8704,0,208,0,128,"GL2C_MISS_sum",1554829.000000,2965944667601,2966487926436
610,610,"Agent 1",1,22417,22417,524288,17,"pk_gemm(__half const*, __half const*, __half*, int, int, int)",128,8704,0,208,0,128,"GL2C_HIT_sum",0.00000000e+00,2966488152291,2966992237077
610,610,"Agent 1",1,22417,22417,524288,17,"pk_gemm(__half const*, __half const*, __half*, int, int, int)",128,8704,0,208,0,128,"GL2C_MISS_sum",1524204.000000,2966488152291,2966992237077
611,611,"Agent 1",1,22417,22417,524288,17,"pk_gemm(__half const*, __half const*, __half*, int, int, int)",128,8704,0,208,0,128,"GL2C_HIT_sum",0.00000000e+00,2966992463369,2967507900097
611,611,"Agent 1",1,22417,22417,524288,17,"pk_gemm(__half const*, __half const*, __half*, int, int, int)",128,8704,0,208,0,128,"GL2C_MISS_sum",1528313.000000,2966992463369,2967507900097
612,612,"Agent 1",1,22417,22417,524288,17,"pk_gemm(__half const*, __half const*, __half*, int, int, int)",128,8704,0,208,0,128,"GL2C_HIT_sum",0.00000000e+00,2967508195593,2968032580720
612,612,"Agent 1",1,22417,22417,524288,17,"pk_gemm(__half const*, __half const*, __half*, int, int, int)",128,8704,0,208,0,128,"GL2C_MISS_sum",1517929.000000,2967508195593,2968032580720
613,613,"Agent 1",1,22417,22417,524288,17,"pk_gemm(__half const*, __half const*, __half*, int, int, int)",128,8704,0,208,0,128,"GL2C_HIT_sum",0.00000000e+00,2968032809114,2968556786001
613,613,"Agent 1",1,22417,22417,524288,17,"pk_gemm(__half const*, __half const*, __half*, int, int, int)",128,8704,0,208,0,128,"GL2C_MISS_sum",1625507.000000,2968032809114,2968556786001
614,614,"Agent 1",1,22417,22417,524288,17,"pk_gemm(__half const*, __half const*, __half*, int, int, int)",128,8704,0,208,0,128,"GL2C_HIT_sum",0.00000000e+00,2968557022612,2968949912940
614,614,"Agent 1",1,22417,22417,524288,17,"pk_gemm(__half const*, __half const*, __half*, int, int, int)",128,8704,0,208,0,128,"GL2C_MISS_sum",1423247.000000,2968557022612,2968949912940
615,615,"Agent 1",1,22417,22417,524288,17,"pk_gemm(__half const*, __half const*, __half*, int, int, int)",128,8704,0,208,0,128,"GL2C_HIT_sum",0.00000000e+00,2968950145188,2969377576208
615,615,"Agent 1",1,22417,22417,524288,17,"pk_gemm(__half const*, __half const*, __half*, int, int, int)",128,8704,0,208,0,128,"GL2C_MISS_sum",1458340.000000,2968950145188,2969377576208
616,616,"Agent 1",1,22417,22417,524288,17,"pk_gemm(__half const*, __half const*, __half*, int, int, int)",128,8704,0,208,0,128,"GL2C_HIT_sum",0.00000000e+00,2969377805136,2969882142636
616,616,"Agent 1",1,22417,22417,524288,17,"pk_gemm(__half const*, __half const*, __half*, int, int, int)",128,8704,0,208,0,128,"GL2C_MISS_sum",1412844.000000,2969377805136,2969882142636
617,617,"Agent 1",1,22417,22417,524288,17,"pk_gemm(__half const*, __half const*, __half*, int, int, int)",128,8704,0,208,0,128,"GL2C_HIT_sum",0.00000000e+00,2969882367521,2970421841989
617,617,"Agent 1",1,22417,22417,524288,17,"pk_gemm(__half const*, __half const*, __half*, int, int, int)",128,8704,0,208,0,128,"GL2C_MISS_sum",1627488.000000,2969882367521,2970421841989
618,618,"Agent 1",1,22417,22417,524288,17,"pk_gemm(__half const*, __half const*, __half*, int, int, int)",128,8704,0,208,0,128,"GL2C_HIT_sum",0.00000000e+00,2970422069987,2970838446342
618,618,"Agent 1",1,22417,22417,524288,17,"pk_gemm(__half const*, __half const*, __half*, int, int, int)",128,8704,0,208,0,128,"GL2C_MISS_sum",1474375.000000,2970422069987,2970838446342
619,619,"Agent 1",1,22417,22417,524288,17,"pk_gemm(__half const*, __half const*, __half*, int, int, int)",128,8704,0,208,0,128,"GL2C_HIT_sum",0.00000000e+00,2970838675673,2971323735708
619,619,"Agent 1",1,22417,22417,524288,17,"pk_gemm(__half const*, __half const*, __half*, int, int, int)",128,8704,0,208,0,128,"GL2C_MISS_sum",1507482.000000,2970838675673,2971323735708
620,620,"Agent 1",1,22417,22417,524288,17,"pk_gemm(__half const*, __half const*, __half*, int, int, int)",128,8704,0,208,0,128,"GL2C_HIT_sum",0.00000000e+00,2971323965568,2971859044964
620,620,"Agent 1",1,22417,22417,524288,17,"pk_gemm(__half const*, __half const*, __half*, int, int, int)",128,8704,0,208,0,128,"GL2C_MISS_sum",1634731.000000,2971323965568,2971859044964
621,621,"Agent 1",1,22417,22417,524288,17,"pk_gemm(__half const*, __half const*, __half*, int, int, int)",128,8704,0,208,0,128,"GL2C_HIT_sum",0.00000000e+00,2971859276147,2972380830973
621,621,"Agent 1",1,22417,22417,524288,17,"pk_gemm(__half const*, __half const*, __half*, int, int, int)",128,8704,0,208,0,128,"GL2C_MISS_sum",1423878.000000,2971859276147,2972380830973
622,622,"Agent 1",1,22417,22417,524288,17,"pk_gemm(__half const*, __half const*, __half*, int, int, int)",128,8704,0,208,0,128,"GL2C_HIT_sum",0.00000000e+00,2972381062909,2972694965380
622,622,"Agent 1",1,22417,22417,524288,17,"pk_gemm(__half const*, __half const*, __half*, int, int, int)",128,8704,0,208,0,128,"GL2C_MISS_sum",1450944.000000,2972381062909,2972694965380
623,623,"Agent 1",1,22417,22417,524288,17,"pk_gemm(__half const*, __half const*, __half*, int, int, int)",128,8704,0,208,0,128,"GL2C_HIT_sum",0.00000000e+00,2972695193927,2973229958093
623,623,"Agent 1",1,22417,22417,524288,17,"pk_gemm(__half const*, __half const*, __half*, int, int, int)",128,8704,0,208,0,128,"GL2C_MISS_sum",1548958.000000,2972695193927,2973229958093
624,624,"Agent 1",1,22417,22417,524288,17,"pk_gemm(__half const*, __half const*, __half*, int, int, int)",128,8704,0,208,0,128,"GL2C_HIT_sum",0.00000000e+00,2973230187868,2973779739009
624,624,"Agent 1",1,22417,22417,524288,17,"pk_gemm(__half const*, __half const*, __half*, int, int, int)",128,8704,0,208,0,128,"GL2C_MISS_sum",1571339.000000,2973230187868,2973779739009
625,625,"Agent 1",1,22417,22417,524288,17,"pk_gemm(__half const*, __half const*, __half*, int, int, int)",128,8704,0,208,0,128,"GL2C_HIT_sum",0.00000000e+00,2973779968009,2974306341419
625,625,"Agent 1",1,22417,22417,524288,17,"pk_gemm(__half const*, __half const*, __half*, int, int, int)",128,8704,0,208,0,128,"GL2C_MISS_sum",1515054.000000,2973779968009,2974306341419
626,626,"Agent 1",1,22417,22417,524288,17,"pk_gemm(__half const*, __half const*, __half*, int, int, int)",128,8704,0,208,0,128,"GL2C_HIT_sum",0.00000000e+00,2974306573352,2974777339735
626,626,"Agent 1",1,22417,22417,524288,17,"pk_gemm(__half const*, __half const*, __half*, int, int, int)",128,8704,0,208,0,128,"GL2C_MISS_sum",1417262.000000,2974306573352,2974777339735
627,627,"Agent 1",1,22417,22417,524288,17,"pk_gemm(__half const*, __half const*, __half*, int, int, int)",128,8704,0,208,0,128,"GL2C_HIT_sum",0.00000000e+00,2974777569477,2975291114180
627,627,"Agent 1",1,22417,22417,524288,17,"pk_gemm(__half const*, __half const*, __half*, int, int, int)",128,8704,0,208,0,128,"GL2C_MISS_sum",1415694.000000,2974777569477,2975291114180
628,628,"Agent 1",1,22417,22417,524288,17,"pk_gemm(__half const*, __half const*, __half*, int, int, int)",128,8704,0,208,0,128,"GL2C_HIT_sum",0.00000000e+00,2975291343223,2975838082377
628,628,"Agent 1",1,22417,22417,524288,17,"pk_gemm(__half const*, __half const*, __half*, int, int, int)",128,8704,0,208,0,128,"GL2C_MISS_sum",1621988.000000,2975291343223,2975838082377
629,629,"Agent 1",1,22417,22417,524288,17,"pk_gemm(__half const*, __half const*, __half*, int, int, int)",128,8704,0,208,0,128,"GL2C_HIT_sum",0.00000000e+00,2975838314021,2976285164453
629,629,"Agent 1",1,22417,22417,524288,17,"pk_gemm(__half const*, __half const*, __half*, int, int, int)",128,8704,0,208,0,128,"GL2C_MISS_sum",1382942.000000,2975838314021,2976285164453
630,630,"Agent 1",1,22417,22417,524288,17,"pk_gemm(__half const*, __half const*, __half*, int, int, int)",128,8704,0,208,0,128,"GL2C_HIT_sum",0.00000000e+00,2976285392199,2976730829183
630,630,"Agent 1",1,22417,22417,524288,17,"pk_gemm(__half const*, __half const*, __half*, int, int, int)",128,8704,0,208,0,128,"GL2C_MISS_sum",1380602.000000,2976285392199,2976730829183
631,631,"Agent 1",1,22417,22417,524288,17,"pk_gemm(__half const*, __half const*, __half*, int, int, int)",128,8704,0,208,0,128,"GL2C_HIT_sum",0.00000000e+00,2976731057522,2977205131420
631,631,"Agent 1",1,22417,22417,524288,17,"pk_gemm(__half const*, __half const*, __half*, int, int, int)",128,8704,0,208,0,128,"GL2C_MISS_sum",1353190.000000,2976731057522,2977205131420
632,632,"Agent 1",1,22417,22417,524288,17,"pk_gemm(__half const*, __half const*, __half*, int, int, int)",128,8704,0,208,0,128,"GL2C_HIT_sum",0.00000000e+00,2977205357672,2977499547023
632,632,"Agent 1",1,22417,22417,524288,17,"pk_gemm(__half const*, __half const*, __half*, int, int, int)",128,8704,0,208,0,128,"GL2C_MISS_sum",1340390.000000,2977205357672,2977499547023
633,633,"Agent 1",1,22417,22417,524288,17,"pk_gemm(__half const*, __half const*, __half*, int, int, int)",128,8704,0,208,0,128,"GL2C_HIT_sum",0.00000000e+00,2977499773730,2977928632905
633,633,"Agent 1",1,22417,22417,524288,17,"pk_gemm(__half const*, __half const*, __half*, int, int, int)",128,8704,0,208,0,128,"GL2C_MISS_sum",1405136.000000,2977499773730,2977928632905
634,634,"Agent 1",1,22417,22417,524288,17,"pk_gemm(__half const*, __half const*, __half*, int, int, int)",128,8704,0,208,0,128,"GL2C_HIT_sum",0.00000000e+00,2977928864359,2978446064589
634,634,"Agent 1",1,22417,22417,524288,17,"pk_gemm(__half const*, __half const*, __half*, int, int, int)",128,8704,0,208,0,128,"GL2C_MISS_sum",1633472.000000,2977928864359,2978446064589
635,635,"Agent 1",1,22417,22417,524288,17,"pk_gemm(__half const*, __half const*, __half*, int, int, int)",128,8704,0,208,0,128,"GL2C_HIT_sum",0.00000000e+00,2978446292629,2978844748301
635,635,"Agent 1",1,22417,22417,524288,17,"pk_gemm(__half const*, __half const*, __half*, int, int, int)",128,8704,0,208,0,128,"GL2C_MISS_sum",1485959.000000,2978446292629,2978844748301
636,636,"Agent 1",1,22417,22417,524288,17,"pk_gemm(__half const*, __half const*, __half*, int, int, int)",128,8704,0,208,0,128,"GL2C_HIT_sum",0.00000000e+00,2978844973099,2979362346253
636,636,"Agent 1",1,22417,22417,524288,17,"pk_gemm(__half const*, __half const*, __half*, int, int, int)",128,8704,0,208,0,128,"GL2C_MISS_sum",1466973.000000,2978844973099,2979362346253
637,637,"Agent 1",1,22417,22417,524288,17,"pk_gemm(__half const*, __half const*, __half*, int, int, int)",128,8704,0,208,0,128,"GL2C_HIT_sum",0.00000000e+00,2979362575164,2979827069480
637,637,"Agent 1",1,22417,22417,524288,17,"pk_gemm(__half const*, __half const*, __half*, int, int, int)",128,8704,0,208,0,128,"GL2C_MISS_sum",1507397.000000,2979362575164,2979827069480
638,638,"Agent 1",1,22417,22417,524288,17,"pk_gemm(__half const*, __half const*, __half*, int, int, int)",128,8704,0,208,0,128,"GL2C_HIT_sum",0.00000000e+00,2979827319301,2980368396651
638,638,"Agent 1",1,22417,22417,524288,17,"pk_gemm(__half const*, __half const*, __half*, int, int, int)",128,8704,0,208,0,128,"GL2C_MISS_sum",1497719.000000,2979827319301,2980368396651
639,639,"Agent 1",1,22417,22417,524288,17,"pk_gemm(__half const*, __half const*, __half*, int, int, int)",128,8704,0,208,0,128,"GL2C_HIT_sum",0.00000000e+00,2980368626181,2980888763632
639,639,"Agent 1",1,22417,22417,524288,17,"pk_gemm(__half const*, __half const*, __half*, int, int, int)",128,8704,0,208,0,128,"GL2C_MISS_sum",1391667.000000,2980368626181,2980888763632
640,640,"Agent 1",1,22417,22417,524288,17,"pk_gemm(__half const*, __half const*, __half*, int, int, int)",128,8704,0,208,0,128,"GL2C_HIT_sum",0.00000000e+00,2980888990841,2981409306065
640,640,"Agent 1",1,22417,22417,524288,17,"pk_gemm(__half const*, __half const*, __half*, int, int, int)",128,8704,0,208,0,128,"GL2C_MISS_sum",1498048.000000,2980888990841,2981409306065
641,641,"Agent 1",1,22417,22417,524288,17,"pk_gemm(__half const*, __half const*, __half*, int, int, int)",128,8704,0,208,0,128,"GL2C_HIT_sum",0.00000000e+00,2981409531596,2981895533915
641,641,"Agent 1",1,22417,22417,524288,17,"pk_gemm(__half const*, __half const*, __half*, int, int, int)",128,8704,0,208,0,128,"GL2C_MISS_sum",1423865.000000,2981409531596,2981895533915
