"Correlation_Id","Dispatch_Id","Agent_Id","Queue_Id","Process_Id","Thread_Id","Grid_Size","Kernel_Id","Kernel_Name","Workgroup_Size","LDS_Block_Size","Scratch_Size","VGPR_Count","Accum_VGPR_Count","SGPR_Count","Counter_Name","Counter_Value","Start_Timestamp","End_Timestamp"
1,1,"Agent 1",1,1919,1919,256,17,"pk_gemm(__half const*, __half const*, __half*, int, int, int)",128,8704,0,208,0,128,"SQ_INSTS_LDS",10240.000000,250459112974,250459197452
1,1,"Agent 1",1,1919,1919,256,17,"pk_gemm(__half const*, __half const*, __half*, int, int, int)",128,8704,0,208,0,128,"SQ_INSTS_VALU",150000.000000,250459112974,250459197452
1,1,"Agent 1",1,1919,1919,256,17,"pk_gemm(__half const*, __half const*, __half*, int, int, int)",128,8704,0,208,0,128,"SQ_WAVES",8.000000,250459112974,250459197452
2,2,"Agent 1",1,1919,1919,2048,17,"pk_gemm(__half const*, __half const*, __half*, int, int, int)",128,8704,0,208,0,128,"SQ_INSTS_LDS",166016.000000,250466383416,250466704777
2,2,"Agent 1",1,1919,1919,2048,17,"pk_gemm(__half const*, __half const*, __half*, int, int, int)",128,8704,0,208,0,128,"SQ_INSTS_VALU",2413664.000000,250466383416,250466704777
2,2,"Agent 1",1,1919,1919,2048,17,"pk_gemm(__half const*, __half const*, __half*, int, int, int)",128,8704,0,208,0,128,"SQ_WAVES",192.000000,250466383416,250466704777
3,3,"Agent 1",1,1919,1919,2048,17,"pk_gemm(__half const*, __half const*, __half*, int, int, int)",128,8704,0,208,0,128,"SQ_INSTS_LDS",167104.000000,250466792261,250467173614
3,3,"Agent 1",1,1919,1919,2048,17,"pk_gemm(__half const*, __half const*, __half*, int, int, int)",128,8704,0,208,0,128,"SQ_INSTS_VALU",2440912.000000,250466792261,250467173614
3,3,"Agent 1",1,1919,1919,2048,17,"pk_gemm(__half const*, __half const*, __half*, int, int, int)",128,8704,0,208,0,128,"SQ_WAVES",256.000000,250466792261,250467173614
4,4,"Agent 1",1,1919,1919,2048,17,"pk_gemm(__half const*, __half const*, __half*, int, int, int)",128,8704,0,208,0,128,"SQ_INSTS_LDS",166016.000000,250467225271,250467530522
4,4,"Agent 1",1,1919,1919,2048,17,"pk_gemm(__half const*, __half const*, __half*, int, int, int)",128,8704,0,208,0,128,"SQ_INSTS_VALU",2413664.000000,250467225271,250467530522
4,4,"Agent 1",1,1919,1919,2048,17,"pk_gemm(__half const*, __half const*, __half*, int, int, int)",128,8704,0,208,0,128,"SQ_WAVES",192.000000,250467225271,250467530522
5,5,"Agent 1",1,1919,1919,2048,17,"pk_gemm(__half const*, __half const*, __half*, int, int, int)",128,8704,0,208,0,128,"SQ_INSTS_LDS",163840.000000,250467560178,250467723964
5,5,"Agent 1",1,1919,1919,2048,17,"pk_gemm(__half const*, __half const*, __half*, int, int, int)",128,8704,0,208,0,128,"SQ_INSTS_VALU",2359168.000000,250467560178,250467723964
5,5,"Agent 1",1,1919,1919,2048,17,"pk_gemm(__half const*, __half const*, __half*, int, int, int)",128,8704,0,208,0,128,"SQ_WAVES",64.000000,250467560178,250467723964
6,6,"Agent 1",1,1919,1919,2048,17,"pk_gemm(__half const*, __half const*, __half*, int, int, int)",128,8704,0,208,0,128,"SQ_INSTS_LDS",163840.000000,250467753620,250467914561
6,6,"Agent 1",1,1919,1919,2048,17,"pk_gemm(__half const*, __half const*, __half*, int, int, int)",128,8704,0,208,0,128,"SQ_INSTS_VALU",2359168.000000,250467753620,250467914561
6,6,"Agent 1",1,1919,1919,2048,17,"pk_gemm(__half const*, __half const*, __half*, int, int, int)",128,8704,0,208,0,128,"SQ_WAVES",64.000000,250467753620,250467914561
7,7,"Agent 1",1,1919,1919,2048,17,"pk_gemm(__half const*, __half const*, __half*, int, int, int)",128,8704,0,208,0,128,"SQ_INSTS_LDS",163840.000000,250467942693,250468104356
7,7,"Agent 1",1,1919,1919,2048,17,"pk_gemm(__half const*, __half const*, __half*, int, int, int)",128,8704,0,208,0,128,"SQ_INSTS_VALU",2359168.000000,250467942693,250468104356
7,7,"Agent 1",1,1919,1919,2048,17,"pk_gemm(__half const*, __half const*, __half*, int, int, int)",128,8704,0,208,0,128,"SQ_WAVES",64.000000,250467942693,250468104356
8,8,"Agent 1",1,1919,1919,2048,17,"pk_gemm(__half const*, __half const*, __half*, int, int, int)",128,8704,0,208,0,128,"SQ_INSTS_LDS",163840.000000,250468132729,250468295553
8,8,"Agent 1",1,1919,1919,2048,17,"pk_gemm(__half const*, __half const*, __half*, int, int, int)",128,8704,0,208,0,128,"SQ_INSTS_VALU",2359168.000000,250468132729,250468295553
8,8,"Agent 1",1,1919,1919,2048,17,"pk_gemm(__half const*, __half const*, __half*, int, int, int)",128,8704,0,208,0,128,"SQ_WAVES",64.000000,250468132729,250468295553
9,9,"Agent 1",1,1919,1919,2048,17,"pk_gemm(__half const*, __half const*, __half*, int, int, int)",128,8704,0,208,0,128,"SQ_INSTS_LDS",163840.000000,250468322524,250468483946
9,9,"Agent 1",1,1919,1919,2048,17,"pk_gemm(__half const*, __half const*, __half*, int, int, int)",128,8704,0,208,0,128,"SQ_INSTS_VALU",2359168.000000,250468322524,250468483946
9,9,"Agent 1",1,1919,1919,2048,17,"pk_gemm(__half const*, __half const*, __half*, int, int, int)",128,8704,0,208,0,128,"SQ_WAVES",64.000000,250468322524,250468483946
10,10,"Agent 1",1,1919,1919,2048,17,"pk_gemm(__half const*, __half const*, __half*, int, int, int)",128,8704,0,208,0,128,"SQ_INSTS_LDS",167104.000000,250468539931,250468896117
10,10,"Agent 1",1,1919,1919,2048,17,"pk_gemm(__half const*, __half const*, __half*, int, int, int)",128,8704,0,208,0,128,"SQ_INSTS_VALU",2440912.000000,250468539931,250468896117
10,10,"Agent 1",1,1919,1919,2048,17,"pk_gemm(__half const*, __half const*, __half*, int, int, int)",128,8704,0,208,0,128,"SQ_WAVES",256.000000,250468539931,250468896117
11,11,"Agent 1",1,1919,1919,2048,17,"pk_gemm(__half const*, __half const*, __half*, int, int, int)",128,8704,0,208,0,128,"SQ_INSTS_LDS",168192.000000,250468979633,250469407073
11,11,"Agent 1",1,1919,1919,2048,17,"pk_gemm(__half const*, __half const*, __half*, int, int, int)",128,8704,0,208,0,128,"SQ_INSTS_VALU",2468160.000000,250468979633,250469407073
11,11,"Agent 1",1,1919,1919,2048,17,"pk_gemm(__half const*, __half const*, __half*, int, int, int)",128,8704,0,208,0,128,"SQ_WAVES",320.000000,250468979633,250469407073
12,12,"Agent 1",1,1919,1919,2048,17,"pk_gemm(__half const*, __half const*, __half*, int, int, int)",128,8704,0,208,0,128,"SQ_INSTS_LDS",167104.000000,250469479889,250469855953
12,12,"Agent 1",1,1919,1919,2048,17,"pk_gemm(__half const*, __half const*, __half*, int, int, int)",128,8704,0,208,0,128,"SQ_INSTS_VALU",2440912.000000,250469479889,250469855953
12,12,"Agent 1",1,1919,1919,2048,17,"pk_gemm(__half const*, __half const*, __half*, int, int, int)",128,8704,0,208,0,128,"SQ_WAVES",256.000000,250469479889,250469855953
13,13,"Agent 1",1,1919,1919,2048,17,"pk_gemm(__half const*, __half const*, __half*, int, int, int)",128,8704,0,208,0,128,"SQ_INSTS_LDS",168192.000000,250469905486,250470339377
13,13,"Agent 1",1,1919,1919,2048,17,"pk_gemm(__half const*, __half const*, __half*, int, int, int)",128,8704,0,208,0,128,"SQ_INSTS_VALU",2468160.000000,250469905486,250470339377
13,13,"Agent 1",1,1919,1919,2048,17,"pk_gemm(__half const*, __half const*, __half*, int, int, int)",128,8704,0,208,0,128,"SQ_WAVES",320.000000,250469905486,250470339377
14,14,"Agent 1",1,1919,1919,2048,17,"pk_gemm(__half const*, __half const*, __half*, int, int, int)",128,8704,0,208,0,128,"SQ_INSTS_LDS",167104.000000,250470389391,250470767458
14,14,"Agent 1",1,1919,1919,2048,17,"pk_gemm(__half const*, __half const*, __half*, int, int, int)",128,8704,0,208,0,128,"SQ_INSTS_VALU",2440912.000000,250470389391,250470767458
14,14,"Agent 1",1,1919,1919,2048,17,"pk_gemm(__half const*, __half const*, __half*, int, int, int)",128,8704,0,208,0,128,"SQ_WAVES",256.000000,250470389391,250470767458
15,15,"Agent 1",1,1919,1919,2048,17,"pk_gemm(__half const*, __half const*, __half*, int, int, int)",128,8704,0,208,0,128,"SQ_INSTS_LDS",166016.000000,250470844082,250471155705
15,15,"Agent 1",1,1919,1919,2048,17,"pk_gemm(__half const*, __half const*, __half*, int, int, int)",128,8704,0,208,0,128,"SQ_INSTS_VALU",2413664.000000,250470844082,250471155705
15,15,"Agent 1",1,1919,1919,2048,17,"pk_gemm(__half const*, __half const*, __half*, int, int, int)",128,8704,0,208,0,128,"SQ_WAVES",192.000000,250470844082,250471155705
16,16,"Agent 1",1,1919,1919,2048,17,"pk_gemm(__half const*, __half const*, __half*, int, int, int)",128,8704,0,208,0,128,"SQ_INSTS_LDS",166016.000000,250471258818,250471555332
16,16,"Agent 1",1,1919,1919,2048,17,"pk_gemm(__half const*, __half const*, __half*, int, int, int)",128,8704,0,208,0,128,"SQ_INSTS_VALU",2413664.000000,250471258818,250471555332
16,16,"Agent 1",1,1919,1919,2048,17,"pk_gemm(__half const*, __half const*, __half*, int, int, int)",128,8704,0,208,0,128,"SQ_WAVES",192.000000,250471258818,250471555332
17,17,"Agent 1",1,1919,1919,2048,17,"pk_gemm(__half const*, __half const*, __half*, int, int, int)",128,8704,0,208,0,128,"SQ_INSTS_LDS",166016.000000,250471610596,250471921137
17,17,"Agent 1",1,1919,1919,2048,17,"pk_gemm(__half const*, __half const*, __half*, int, int, int)",128,8704,0,208,0,128,"SQ_INSTS_VALU",2413664.000000,250471610596,250471921137
17,17,"Agent 1",1,1919,1919,2048,17,"pk_gemm(__half const*, __half const*, __half*, int, int, int)",128,8704,0,208,0,128,"SQ_WAVES",192.000000,250471610596,250471921137
18,18,"Agent 1",1,1919,1919,2048,17,"pk_gemm(__half const*, __half const*, __half*, int, int, int)",128,8704,0,208,0,128,"SQ_INSTS_LDS",163840.000000,250471976921,250472148883
18,18,"Agent 1",1,1919,1919,2048,17,"pk_gemm(__half const*, __half const*, __half*, int, int, int)",128,8704,0,208,0,128,"SQ_INSTS_VALU",2359168.000000,250471976921,250472148883
18,18,"Agent 1",1,1919,1919,2048,17,"pk_gemm(__half const*, __half const*, __half*, int, int, int)",128,8704,0,208,0,128,"SQ_WAVES",64.000000,250471976921,250472148883
19,19,"Agent 1",1,1919,1919,2048,17,"pk_gemm(__half const*, __half const*, __half*, int, int, int)",128,8704,0,208,0,128,"SQ_INSTS_LDS",163840.000000,250472177657,250472341203
19,19,"Agent 1",1,1919,1919,2048,17,"pk_gemm(__half const*, __half const*, __half*, int, int, int)",128,8704,0,208,0,128,"SQ_INSTS_VALU",2359168.000000,250472177657,250472341203
19,19,"Agent 1",1,1919,1919,2048,17,"pk_gemm(__half const*, __half const*, __half*, int, int, int)",128,8704,0,208,0,128,"SQ_WAVES",64.000000,250472177657,250472341203
20,20,"Agent 1",1,1919,1919,2048,17,"pk_gemm(__half const*, __half const*, __half*, int, int, int)",128,8704,0,208,0,128,"SQ_INSTS_LDS",163840.000000,250472369335,250472532120
20,20,"Agent 1",1,1919,1919,2048,17,"pk_gemm(__half const*, __half const*, __half*, int, int, int)",128,8704,0,208,0,128,"SQ_INSTS_VALU",2359168.000000,250472369335,250472532120
20,20,"Agent 1",1,1919,1919,2048,17,"pk_gemm(__half const*, __half const*, __half*, int, int, int)",128,8704,0,208,0,128,"SQ_WAVES",64.000000,250472369335,250472532120
21,21,"Agent 1",1,1919,1919,2048,17,"pk_gemm(__half const*, __half const*, __half*, int, int, int)",128,8704,0,208,0,128,"SQ_INSTS_LDS",163840.000000,250472561735,250472722997
21,21,"Agent 1",1,1919,1919,2048,17,"pk_gemm(__half const*, __half const*, __half*, int, int, int)",128,8704,0,208,0,128,"SQ_INSTS_VALU",2359168.000000,250472561735,250472722997
21,21,"Agent 1",1,1919,1919,2048,17,"pk_gemm(__half const*, __half const*, __half*, int, int, int)",128,8704,0,208,0,128,"SQ_WAVES",64.000000,250472561735,250472722997
22,22,"Agent 1",1,1919,1919,2048,17,"pk_gemm(__half const*, __half const*, __half*, int, int, int)",128,8704,0,208,0,128,"SQ_INSTS_LDS",163840.000000,250472750689,250472912672
22,22,"Agent 1",1,1919,1919,2048,17,"pk_gemm(__half const*, __half const*, __half*, int, int, int)",128,8704,0,208,0,128,"SQ_INSTS_VALU",2359168.000000,250472750689,250472912672
22,22,"Agent 1",1,1919,1919,2048,17,"pk_gemm(__half const*, __half const*, __half*, int, int, int)",128,8704,0,208,0,128,"SQ_WAVES",64.000000,250472750689,250472912672
23,23,"Agent 1",1,1919,1919,2048,17,"pk_gemm(__half const*, __half const*, __half*, int, int, int)",128,8704,0,208,0,128,"SQ_INSTS_LDS",163840.000000,250472943009,250473104310
23,23,"Agent 1",1,1919,1919,2048,17,"pk_gemm(__half const*, __half const*, __half*, int, int, int)",128,8704,0,208,0,128,"SQ_INSTS_VALU",2359168.000000,250472943009,250473104310
23,23,"Agent 1",1,1919,1919,2048,17,"pk_gemm(__half const*, __half const*, __half*, int, int, int)",128,8704,0,208,0,128,"SQ_WAVES",64.000000,250472943009,250473104310
24,24,"Agent 1",1,1919,1919,2048,17,"pk_gemm(__half const*, __half const*, __half*, int, int, int)",128,8704,0,208,0,128,"SQ_INSTS_LDS",163840.000000,250473132523,250473294105
24,24,"Agent 1",1,1919,1919,2048,17,"pk_gemm(__half const*, __half const*, __half*, int, int, int)",128,8704,0,208,0,128,"SQ_INSTS_VALU",2359168.000000,250473132523,250473294105
24,24,"Agent 1",1,1919,1919,2048,17,"pk_gemm(__half const*, __half const*, __half*, int, int, int)",128,8704,0,208,0,128,"SQ_WAVES",64.000000,250473132523,250473294105
25,25,"Agent 1",1,1919,1919,2048,17,"pk_gemm(__half const*, __half const*, __half*, int, int, int)",128,8704,0,208,0,128,"SQ_INSTS_LDS",163840.000000,250473323841,250473486746
25,25,"Agent 1",1,1919,1919,2048,17,"pk_gemm(__half const*, __half const*, __half*, int, int, int)",128,8704,0,208,0,128,"SQ_INSTS_VALU",2359168.000000,250473323841,250473486746
25,25,"Agent 1",1,1919,1919,2048,17,"pk_gemm(__half const*, __half const*, __half*, int, int, int)",128,8704,0,208,0,128,"SQ_WAVES",64.000000,250473323841,250473486746
26,26,"Agent 1",1,1919,1919,2048,17,"pk_gemm(__half const*, __half const*, __half*, int, int, int)",128,8704,0,208,0,128,"SQ_INSTS_LDS",163840.000000,250473516321,250473677984
26,26,"Agent 1",1,1919,1919,2048,17,"pk_gemm(__half const*, __half const*, __half*, int, int, int)",128,8704,0,208,0,128,"SQ_INSTS_VALU",2359168.000000,250473516321,250473677984
26,26,"Agent 1",1,1919,1919,2048,17,"pk_gemm(__half const*, __half const*, __half*, int, int, int)",128,8704,0,208,0,128,"SQ_WAVES",64.000000,250473516321,250473677984
27,27,"Agent 1",1,1919,1919,2048,17,"pk_gemm(__half const*, __half const*, __half*, int, int, int)",128,8704,0,208,0,128,"SQ_INSTS_LDS",163840.000000,250473706036,250473868220
27,27,"Agent 1",1,1919,1919,2048,17,"pk_gemm(__half const*, __half const*, __half*, int, int, int)",128,8704,0,208,0,128,"SQ_INSTS_VALU",2359168.000000,250473706036,250473868220
27,27,"Agent 1",1,1919,1919,2048,17,"pk_gemm(__half const*, __half const*, __half*, int, int, int)",128,8704,0,208,0,128,"SQ_WAVES",64.000000,250473706036,250473868220
28,28,"Agent 1",1,1919,1919,2048,17,"pk_gemm(__half const*, __half const*, __half*, int, int, int)",128,8704,0,208,0,128,"SQ_INSTS_LDS",163840.000000,250473896753,250474058335
28,28,"Agent 1",1,1919,1919,2048,17,"pk_gemm(__half const*, __half const*, __half*, int, int, int)",128,8704,0,208,0,128,"SQ_INSTS_VALU",2359168.000000,250473896753,250474058335
28,28,"Agent 1",1,1919,1919,2048,17,"pk_gemm(__half const*, __half const*, __half*, int, int, int)",128,8704,0,208,0,128,"SQ_WAVES",64.000000,250473896753,250474058335
29,29,"Agent 1",1,1919,1919,2048,17,"pk_gemm(__half const*, __half const*, __half*, int, int, int)",128,8704,0,208,0,128,"SQ_INSTS_LDS",163840.000000,250474086348,250474247810
29,29,"Agent 1",1,1919,1919,2048,17,"pk_gemm(__half const*, __half const*, __half*, int, int, int)",128,8704,0,208,0,128,"SQ_INSTS_VALU",2359168.000000,250474086348,250474247810
29,29,"Agent 1",1,1919,1919,2048,17,"pk_gemm(__half const*, __half const*, __half*, int, int, int)",128,8704,0,208,0,128,"SQ_WAVES",64.000000,250474086348,250474247810
30,30,"Agent 1",1,1919,1919,2048,17,"pk_gemm(__half const*, __half const*, __half*, int, int, int)",128,8704,0,208,0,128,"SQ_INSTS_LDS",163840.000000,250474276864,250474439929
30,30,"Agent 1",1,1919,1919,2048,17,"pk_gemm(__half const*, __half const*, __half*, int, int, int)",128,8704,0,208,0,128,"SQ_INSTS_VALU",2359168.000000,250474276864,250474439929
30,30,"Agent 1",1,1919,1919,2048,17,"pk_gemm(__half const*, __half const*, __half*, int, int, int)",128,8704,0,208,0,128,"SQ_WAVES",64.000000,250474276864,250474439929
31,31,"Agent 1",1,1919,1919,2048,17,"pk_gemm(__half const*, __half const*, __half*, int, int, int)",128,8704,0,208,0,128,"SQ_INSTS_LDS",163840.000000,250474467701,250474628963
31,31,"Agent 1",1,1919,1919,2048,17,"pk_gemm(__half const*, __half const*, __half*, int, int, int)",128,8704,0,208,0,128,"SQ_INSTS_VALU",2359168.000000,250474467701,250474628963
31,31,"Agent 1",1,1919,1919,2048,17,"pk_gemm(__half const*, __half const*, __half*, int, int, int)",128,8704,0,208,0,128,"SQ_WAVES",64.000000,250474467701,250474628963
32,32,"Agent 1",1,1919,1919,2048,17,"pk_gemm(__half const*, __half const*, __half*, int, int, int)",128,8704,0,208,0,128,"SQ_INSTS_LDS",163840.000000,250474658057,250474820802
32,32,"Agent 1",1,1919,1919,2048,17,"pk_gemm(__half const*, __half const*, __half*, int, int, int)",128,8704,0,208,0,128,"SQ_INSTS_VALU",2359168.000000,250474658057,250474820802
32,32,"Agent 1",1,1919,1919,2048,17,"pk_gemm(__half const*, __half const*, __half*, int, int, int)",128,8704,0,208,0,128,"SQ_WAVES",64.000000,250474658057,250474820802
33,33,"Agent 1",1,1919,1919,2048,17,"pk_gemm(__half const*, __half const*, __half*, int, int, int)",128,8704,0,208,0,128,"SQ_INSTS_LDS",163840.000000,250474850137,250475012040
33,33,"Agent 1",1,1919,1919,2048,17,"pk_gemm(__half const*, __half const*, __half*, int, int, int)",128,8704,0,208,0,128,"SQ_INSTS_VALU",2359168.000000,250474850137,250475012040
33,33,"Agent 1",1,1919,1919,2048,17,"pk_gemm(__half const*, __half const*, __half*, int, int, int)",128,8704,0,208,0,128,"SQ_WAVES",64.000000,250474850137,250475012040
34,34,"Agent 1",1,1919,1919,2048,17,"pk_gemm(__half const*, __half const*, __half*, int, int, int)",128,8704,0,208,0,128,"SQ_INSTS_LDS",163840.000000,250475039291,250475200793
34,34,"Agent 1",1,1919,1919,2048,17,"pk_gemm(__half const*, __half const*, __half*, int, int, int)",128,8704,0,208,0,128,"SQ_INSTS_VALU",2359168.000000,250475039291,250475200793
34,34,"Agent 1",1,1919,1919,2048,17,"pk_gemm(__half const*, __half const*, __half*, int, int, int)",128,8704,0,208,0,128,"SQ_WAVES",64.000000,250475039291,250475200793
35,35,"Agent 1",1,1919,1919,2048,17,"pk_gemm(__half const*, __half const*, __half*, int, int, int)",128,8704,0,208,0,128,"SQ_INSTS_LDS",163840.000000,250475228204,250475391029
35,35,"Agent 1",1,1919,1919,2048,17,"pk_gemm(__half const*, __half const*, __half*, int, int, int)",128,8704,0,208,0,128,"SQ_INSTS_VALU",2359168.000000,250475228204,250475391029
35,35,"Agent 1",1,1919,1919,2048,17,"pk_gemm(__half const*, __half const*, __half*, int, int, int)",128,8704,0,208,0,128,"SQ_WAVES",64.000000,250475228204,250475391029
36,36,"Agent 1",1,1919,1919,2048,17,"pk_gemm(__half const*, __half const*, __half*, int, int, int)",128,8704,0,208,0,128,"SQ_INSTS_LDS",163840.000000,250475419402,250475581064
36,36,"Agent 1",1,1919,1919,2048,17,"pk_gemm(__half const*, __half const*, __half*, int, int, int)",128,8704,0,208,0,128,"SQ_INSTS_VALU",2359168.000000,250475419402,250475581064
36,36,"Agent 1",1,1919,1919,2048,17,"pk_gemm(__half const*, __half const*, __half*, int, int, int)",128,8704,0,208,0,128,"SQ_WAVES",64.000000,250475419402,250475581064
37,37,"Agent 1",1,1919,1919,2048,17,"pk_gemm(__half const*, __half const*, __half*, int, int, int)",128,8704,0,208,0,128,"SQ_INSTS_LDS",163840.000000,250475608636,250475771581
37,37,"Agent 1",1,1919,1919,2048,17,"pk_gemm(__half const*, __half const*, __half*, int, int, int)",128,8704,0,208,0,128,"SQ_INSTS_VALU",2359168.000000,250475608636,250475771581
37,37,"Agent 1",1,1919,1919,2048,17,"pk_gemm(__half const*, __half const*, __half*, int, int, int)",128,8704,0,208,0,128,"SQ_WAVES",64.000000,250475608636,250475771581
38,38,"Agent 1",1,1919,1919,2048,17,"pk_gemm(__half const*, __half const*, __half*, int, int, int)",128,8704,0,208,0,128,"SQ_INSTS_LDS",163840.000000,250475799633,250475960815
38,38,"Agent 1",1,1919,1919,2048,17,"pk_gemm(__half const*, __half const*, __half*, int, int, int)",128,8704,0,208,0,128,"SQ_INSTS_VALU",2359168.000000,250475799633,250475960815
38,38,"Agent 1",1,1919,1919,2048,17,"pk_gemm(__half const*, __half const*, __half*, int, int, int)",128,8704,0,208,0,128,"SQ_WAVES",64.000000,250475799633,250475960815
39,39,"Agent 1",1,1919,1919,2048,17,"pk_gemm(__half const*, __half const*, __half*, int, int, int)",128,8704,0,208,0,128,"SQ_INSTS_LDS",163840.000000,250475988186,250476149808
39,39,"Agent 1",1,1919,1919,2048,17,"pk_gemm(__half const*, __half const*, __half*, int, int, int)",128,8704,0,208,0,128,"SQ_INSTS_VALU",2359168.000000,250475988186,250476149808
39,39,"Agent 1",1,1919,1919,2048,17,"pk_gemm(__half const*, __half const*, __half*, int, int, int)",128,8704,0,208,0,128,"SQ_WAVES",64.000000,250475988186,250476149808
40,40,"Agent 1",1,1919,1919,2048,17,"pk_gemm(__half const*, __half const*, __half*, int, int, int)",128,8704,0,208,0,128,"SQ_INSTS_LDS",163840.000000,250476206314,250476369459
40,40,"Agent 1",1,1919,1919,2048,17,"pk_gemm(__half const*, __half const*, __half*, int, int, int)",128,8704,0,208,0,128,"SQ_INSTS_VALU",2359168.000000,250476206314,250476369459
40,40,"Agent 1",1,1919,1919,2048,17,"pk_gemm(__half const*, __half const*, __half*, int, int, int)",128,8704,0,208,0,128,"SQ_WAVES",64.000000,250476206314,250476369459
41,41,"Agent 1",1,1919,1919,2048,17,"pk_gemm(__half const*, __half const*, __half*, int, int, int)",128,8704,0,208,0,128,"SQ_INSTS_LDS",163840.000000,250476398914,250476560417
41,41,"Agent 1",1,1919,1919,2048,17,"pk_gemm(__half const*, __half const*, __half*, int, int, int)",128,8704,0,208,0,128,"SQ_INSTS_VALU",2359168.000000,250476398914,250476560417
41,41,"Agent 1",1,1919,1919,2048,17,"pk_gemm(__half const*, __half const*, __half*, int, int, int)",128,8704,0,208,0,128,"SQ_WAVES",64.000000,250476398914,250476560417
42,42,"Agent 1",1,1919,1919,2048,17,"pk_gemm(__half const*, __half const*, __half*, int, int, int)",128,8704,0,208,0,128,"SQ_INSTS_LDS",163840.000000,250476592036,250476754940
42,42,"Agent 1",1,1919,1919,2048,17,"pk_gemm(__half const*, __half const*, __half*, int, int, int)",128,8704,0,208,0,128,"SQ_INSTS_VALU",2359168.000000,250476592036,250476754940
42,42,"Agent 1",1,1919,1919,2048,17,"pk_gemm(__half const*, __half const*, __half*, int, int, int)",128,8704,0,208,0,128,"SQ_WAVES",64.000000,250476592036,250476754940
43,43,"Agent 1",1,1919,1919,2048,17,"pk_gemm(__half const*, __half const*, __half*, int, int, int)",128,8704,0,208,0,128,"SQ_INSTS_LDS",164928.000000,250476786039,250477013945
43,43,"Agent 1",1,1919,1919,2048,17,"pk_gemm(__half const*, __half const*, __half*, int, int, int)",128,8704,0,208,0,128,"SQ_INSTS_VALU",2386416.000000,250476786039,250477013945
43,43,"Agent 1",1,1919,1919,2048,17,"pk_gemm(__half const*, __half const*, __half*, int, int, int)",128,8704,0,208,0,128,"SQ_WAVES",128.000000,250476786039,250477013945
44,44,"Agent 1",1,1919,1919,2048,17,"pk_gemm(__half const*, __half const*, __half*, int, int, int)",128,8704,0,208,0,128,"SQ_INSTS_LDS",164928.000000,250477095417,250477336589
44,44,"Agent 1",1,1919,1919,2048,17,"pk_gemm(__half const*, __half const*, __half*, int, int, int)",128,8704,0,208,0,128,"SQ_INSTS_VALU",2386416.000000,250477095417,250477336589
44,44,"Agent 1",1,1919,1919,2048,17,"pk_gemm(__half const*, __half const*, __half*, int, int, int)",128,8704,0,208,0,128,"SQ_WAVES",128.000000,250477095417,250477336589
45,45,"Agent 1",1,1919,1919,2048,17,"pk_gemm(__half const*, __half const*, __half*, int, int, int)",128,8704,0,208,0,128,"SQ_INSTS_LDS",166016.000000,250477409846,250477712612
45,45,"Agent 1",1,1919,1919,2048,17,"pk_gemm(__half const*, __half const*, __half*, int, int, int)",128,8704,0,208,0,128,"SQ_INSTS_VALU",2413664.000000,250477409846,250477712612
45,45,"Agent 1",1,1919,1919,2048,17,"pk_gemm(__half const*, __half const*, __half*, int, int, int)",128,8704,0,208,0,128,"SQ_WAVES",192.000000,250477409846,250477712612
46,46,"Agent 1",1,1919,1919,2048,17,"pk_gemm(__half const*, __half const*, __half*, int, int, int)",128,8704,0,208,0,128,"SQ_INSTS_LDS",163840.000000,250477747518,250477911584
46,46,"Agent 1",1,1919,1919,2048,17,"pk_gemm(__half const*, __half const*, __half*, int, int, int)",128,8704,0,208,0,128,"SQ_INSTS_VALU",2359168.000000,250477747518,250477911584
46,46,"Agent 1",1,1919,1919,2048,17,"pk_gemm(__half const*, __half const*, __half*, int, int, int)",128,8704,0,208,0,128,"SQ_WAVES",64.000000,250477747518,250477911584
47,47,"Agent 1",1,1919,1919,2048,17,"pk_gemm(__half const*, __half const*, __half*, int, int, int)",128,8704,0,208,0,128,"SQ_INSTS_LDS",163840.000000,250477943484,250478105066
47,47,"Agent 1",1,1919,1919,2048,17,"pk_gemm(__half const*, __half const*, __half*, int, int, int)",128,8704,0,208,0,128,"SQ_INSTS_VALU",2359168.000000,250477943484,250478105066
47,47,"Agent 1",1,1919,1919,2048,17,"pk_gemm(__half const*, __half const*, __half*, int, int, int)",128,8704,0,208,0,128,"SQ_WAVES",64.000000,250477943484,250478105066
48,48,"Agent 1",1,1919,1919,2048,17,"pk_gemm(__half const*, __half const*, __half*, int, int, int)",128,8704,0,208,0,128,"SQ_INSTS_LDS",163840.000000,250478136726,250478299350
48,48,"Agent 1",1,1919,1919,2048,17,"pk_gemm(__half const*, __half const*, __half*, int, int, int)",128,8704,0,208,0,128,"SQ_INSTS_VALU",2359168.000000,250478136726,250478299350
48,48,"Agent 1",1,1919,1919,2048,17,"pk_gemm(__half const*, __half const*, __half*, int, int, int)",128,8704,0,208,0,128,"SQ_WAVES",64.000000,250478136726,250478299350
49,49,"Agent 1",1,1919,1919,2048,17,"pk_gemm(__half const*, __half const*, __half*, int, int, int)",128,8704,0,208,0,128,"SQ_INSTS_LDS",163840.000000,250478329206,250478490508
49,49,"Agent 1",1,1919,1919,2048,17,"pk_gemm(__half const*, __half const*, __half*, int, int, int)",128,8704,0,208,0,128,"SQ_INSTS_VALU",2359168.000000,250478329206,250478490508
49,49,"Agent 1",1,1919,1919,2048,17,"pk_gemm(__half const*, __half const*, __half*, int, int, int)",128,8704,0,208,0,128,"SQ_WAVES",64.000000,250478329206,250478490508
50,50,"Agent 1",1,1919,1919,2048,17,"pk_gemm(__half const*, __half const*, __half*, int, int, int)",128,8704,0,208,0,128,"SQ_INSTS_LDS",163840.000000,250478520524,250478681705
50,50,"Agent 1",1,1919,1919,2048,17,"pk_gemm(__half const*, __half const*, __half*, int, int, int)",128,8704,0,208,0,128,"SQ_INSTS_VALU",2359168.000000,250478520524,250478681705
50,50,"Agent 1",1,1919,1919,2048,17,"pk_gemm(__half const*, __half const*, __half*, int, int, int)",128,8704,0,208,0,128,"SQ_WAVES",64.000000,250478520524,250478681705
51,51,"Agent 1",1,1919,1919,2048,17,"pk_gemm(__half const*, __half const*, __half*, int, int, int)",128,8704,0,208,0,128,"SQ_INSTS_LDS",163840.000000,250478711561,250478874586
51,51,"Agent 1",1,1919,1919,2048,17,"pk_gemm(__half const*, __half const*, __half*, int, int, int)",128,8704,0,208,0,128,"SQ_INSTS_VALU",2359168.000000,250478711561,250478874586
51,51,"Agent 1",1,1919,1919,2048,17,"pk_gemm(__half const*, __half const*, __half*, int, int, int)",128,8704,0,208,0,128,"SQ_WAVES",64.000000,250478711561,250478874586
52,52,"Agent 1",1,1919,1919,2048,17,"pk_gemm(__half const*, __half const*, __half*, int, int, int)",128,8704,0,208,0,128,"SQ_INSTS_LDS",163840.000000,250478904562,250479066024
52,52,"Agent 1",1,1919,1919,2048,17,"pk_gemm(__half const*, __half const*, __half*, int, int, int)",128,8704,0,208,0,128,"SQ_INSTS_VALU",2359168.000000,250478904562,250479066024
52,52,"Agent 1",1,1919,1919,2048,17,"pk_gemm(__half const*, __half const*, __half*, int, int, int)",128,8704,0,208,0,128,"SQ_WAVES",64.000000,250478904562,250479066024
53,53,"Agent 1",1,1919,1919,2048,17,"pk_gemm(__half const*, __half const*, __half*, int, int, int)",128,8704,0,208,0,128,"SQ_INSTS_LDS",163840.000000,250479094999,250479257463
53,53,"Agent 1",1,1919,1919,2048,17,"pk_gemm(__half const*, __half const*, __half*, int, int, int)",128,8704,0,208,0,128,"SQ_INSTS_VALU",2359168.000000,250479094999,250479257463
53,53,"Agent 1",1,1919,1919,2048,17,"pk_gemm(__half const*, __half const*, __half*, int, int, int)",128,8704,0,208,0,128,"SQ_WAVES",64.000000,250479094999,250479257463
54,54,"Agent 1",1,1919,1919,2048,17,"pk_gemm(__half const*, __half const*, __half*, int, int, int)",128,8704,0,208,0,128,"SQ_INSTS_LDS",163840.000000,250479288080,250479449542
54,54,"Agent 1",1,1919,1919,2048,17,"pk_gemm(__half const*, __half const*, __half*, int, int, int)",128,8704,0,208,0,128,"SQ_INSTS_VALU",2359168.000000,250479288080,250479449542
54,54,"Agent 1",1,1919,1919,2048,17,"pk_gemm(__half const*, __half const*, __half*, int, int, int)",128,8704,0,208,0,128,"SQ_WAVES",64.000000,250479288080,250479449542
55,55,"Agent 1",1,1919,1919,2048,17,"pk_gemm(__half const*, __half const*, __half*, int, int, int)",128,8704,0,208,0,128,"SQ_INSTS_LDS",163840.000000,250479478917,250479640780
55,55,"Agent 1",1,1919,1919,2048,17,"pk_gemm(__half const*, __half const*, __half*, int, int, int)",128,8704,0,208,0,128,"SQ_INSTS_VALU",2359168.000000,250479478917,250479640780
55,55,"Agent 1",1,1919,1919,2048,17,"pk_gemm(__half const*, __half const*, __half*, int, int, int)",128,8704,0,208,0,128,"SQ_WAVES",64.000000,250479478917,250479640780
56,56,"Agent 1",1,1919,1919,2048,17,"pk_gemm(__half const*, __half const*, __half*, int, int, int)",128,8704,0,208,0,128,"SQ_INSTS_LDS",163840.000000,250479668512,250479831176
56,56,"Agent 1",1,1919,1919,2048,17,"pk_gemm(__half const*, __half const*, __half*, int, int, int)",128,8704,0,208,0,128,"SQ_INSTS_VALU",2359168.000000,250479668512,250479831176
56,56,"Agent 1",1,1919,1919,2048,17,"pk_gemm(__half const*, __half const*, __half*, int, int, int)",128,8704,0,208,0,128,"SQ_WAVES",64.000000,250479668512,250479831176
57,57,"Agent 1",1,1919,1919,2048,17,"pk_gemm(__half const*, __half const*, __half*, int, int, int)",128,8704,0,208,0,128,"SQ_INSTS_LDS",163840.000000,250479862034,250480023816
57,57,"Agent 1",1,1919,1919,2048,17,"pk_gemm(__half const*, __half const*, __half*, int, int, int)",128,8704,0,208,0,128,"SQ_INSTS_VALU",2359168.000000,250479862034,250480023816
57,57,"Agent 1",1,1919,1919,2048,17,"pk_gemm(__half const*, __half const*, __half*, int, int, int)",128,8704,0,208,0,128,"SQ_WAVES",64.000000,250479862034,250480023816
58,58,"Agent 1",1,1919,1919,2048,17,"pk_gemm(__half const*, __half const*, __half*, int, int, int)",128,8704,0,208,0,128,"SQ_INSTS_LDS",163840.000000,250480053071,250480216176
58,58,"Agent 1",1,1919,1919,2048,17,"pk_gemm(__half const*, __half const*, __half*, int, int, int)",128,8704,0,208,0,128,"SQ_INSTS_VALU",2359168.000000,250480053071,250480216176
58,58,"Agent 1",1,1919,1919,2048,17,"pk_gemm(__half const*, __half const*, __half*, int, int, int)",128,8704,0,208,0,128,"SQ_WAVES",64.000000,250480053071,250480216176
59,59,"Agent 1",1,1919,1919,2048,17,"pk_gemm(__half const*, __half const*, __half*, int, int, int)",128,8704,0,208,0,128,"SQ_INSTS_LDS",163840.000000,250480246393,250480407614
59,59,"Agent 1",1,1919,1919,2048,17,"pk_gemm(__half const*, __half const*, __half*, int, int, int)",128,8704,0,208,0,128,"SQ_INSTS_VALU",2359168.000000,250480246393,250480407614
59,59,"Agent 1",1,1919,1919,2048,17,"pk_gemm(__half const*, __half const*, __half*, int, int, int)",128,8704,0,208,0,128,"SQ_WAVES",64.000000,250480246393,250480407614
60,60,"Agent 1",1,1919,1919,2048,17,"pk_gemm(__half const*, __half const*, __half*, int, int, int)",128,8704,0,208,0,128,"SQ_INSTS_LDS",163840.000000,250480435346,250480597169
60,60,"Agent 1",1,1919,1919,2048,17,"pk_gemm(__half const*, __half const*, __half*, int, int, int)",128,8704,0,208,0,128,"SQ_INSTS_VALU",2359168.000000,250480435346,250480597169
60,60,"Agent 1",1,1919,1919,2048,17,"pk_gemm(__half const*, __half const*, __half*, int, int, int)",128,8704,0,208,0,128,"SQ_WAVES",64.000000,250480435346,250480597169
61,61,"Agent 1",1,1919,1919,2048,17,"pk_gemm(__half const*, __half const*, __half*, int, int, int)",128,8704,0,208,0,128,"SQ_INSTS_LDS",163840.000000,250480625502,250480788407
61,61,"Agent 1",1,1919,1919,2048,17,"pk_gemm(__half const*, __half const*, __half*, int, int, int)",128,8704,0,208,0,128,"SQ_INSTS_VALU",2359168.000000,250480625502,250480788407
61,61,"Agent 1",1,1919,1919,2048,17,"pk_gemm(__half const*, __half const*, __half*, int, int, int)",128,8704,0,208,0,128,"SQ_WAVES",64.000000,250480625502,250480788407
62,62,"Agent 1",1,1919,1919,2048,17,"pk_gemm(__half const*, __half const*, __half*, int, int, int)",128,8704,0,208,0,128,"SQ_INSTS_LDS",163840.000000,250480816499,250480977881
62,62,"Agent 1",1,1919,1919,2048,17,"pk_gemm(__half const*, __half const*, __half*, int, int, int)",128,8704,0,208,0,128,"SQ_INSTS_VALU",2359168.000000,250480816499,250480977881
62,62,"Agent 1",1,1919,1919,2048,17,"pk_gemm(__half const*, __half const*, __half*, int, int, int)",128,8704,0,208,0,128,"SQ_WAVES",64.000000,250480816499,250480977881
63,63,"Agent 1",1,1919,1919,2048,17,"pk_gemm(__half const*, __half const*, __half*, int, int, int)",128,8704,0,208,0,128,"SQ_INSTS_LDS",163840.000000,250481006014,250481168718
63,63,"Agent 1",1,1919,1919,2048,17,"pk_gemm(__half const*, __half const*, __half*, int, int, int)",128,8704,0,208,0,128,"SQ_INSTS_VALU",2359168.000000,250481006014,250481168718
63,63,"Agent 1",1,1919,1919,2048,17,"pk_gemm(__half const*, __half const*, __half*, int, int, int)",128,8704,0,208,0,128,"SQ_WAVES",64.000000,250481006014,250481168718
64,64,"Agent 1",1,1919,1919,2048,17,"pk_gemm(__half const*, __half const*, __half*, int, int, int)",128,8704,0,208,0,128,"SQ_INSTS_LDS",163840.000000,250481196611,250481358233
64,64,"Agent 1",1,1919,1919,2048,17,"pk_gemm(__half const*, __half const*, __half*, int, int, int)",128,8704,0,208,0,128,"SQ_INSTS_VALU",2359168.000000,250481196611,250481358233
64,64,"Agent 1",1,1919,1919,2048,17,"pk_gemm(__half const*, __half const*, __half*, int, int, int)",128,8704,0,208,0,128,"SQ_WAVES",64.000000,250481196611,250481358233
65,65,"Agent 1",1,1919,1919,2048,17,"pk_gemm(__half const*, __half const*, __half*, int, int, int)",128,8704,0,208,0,128,"SQ_INSTS_LDS",163840.000000,250481386967,250481548749
65,65,"Agent 1",1,1919,1919,2048,17,"pk_gemm(__half const*, __half const*, __half*, int, int, int)",128,8704,0,208,0,128,"SQ_INSTS_VALU",2359168.000000,250481386967,250481548749
65,65,"Agent 1",1,1919,1919,2048,17,"pk_gemm(__half const*, __half const*, __half*, int, int, int)",128,8704,0,208,0,128,"SQ_WAVES",64.000000,250481386967,250481548749
66,66,"Agent 1",1,1919,1919,2048,17,"pk_gemm(__half const*, __half const*, __half*, int, int, int)",128,8704,0,208,0,128,"SQ_INSTS_LDS",163840.000000,250481577283,250481739787
66,66,"Agent 1",1,1919,1919,2048,17,"pk_gemm(__half const*, __half const*, __half*, int, int, int)",128,8704,0,208,0,128,"SQ_INSTS_VALU",2359168.000000,250481577283,250481739787
66,66,"Agent 1",1,1919,1919,2048,17,"pk_gemm(__half const*, __half const*, __half*, int, int, int)",128,8704,0,208,0,128,"SQ_WAVES",64.000000,250481577283,250481739787
67,67,"Agent 1",1,1919,1919,2048,17,"pk_gemm(__half const*, __half const*, __half*, int, int, int)",128,8704,0,208,0,128,"SQ_INSTS_LDS",163840.000000,250481766998,250481928219
67,67,"Agent 1",1,1919,1919,2048,17,"pk_gemm(__half const*, __half const*, __half*, int, int, int)",128,8704,0,208,0,128,"SQ_INSTS_VALU",2359168.000000,250481766998,250481928219
67,67,"Agent 1",1,1919,1919,2048,17,"pk_gemm(__half const*, __half const*, __half*, int, int, int)",128,8704,0,208,0,128,"SQ_WAVES",64.000000,250481766998,250481928219
68,68,"Agent 1",1,1919,1919,2048,17,"pk_gemm(__half const*, __half const*, __half*, int, int, int)",128,8704,0,208,0,128,"SQ_INSTS_LDS",163840.000000,250481955951,250482118535
68,68,"Agent 1",1,1919,1919,2048,17,"pk_gemm(__half const*, __half const*, __half*, int, int, int)",128,8704,0,208,0,128,"SQ_INSTS_VALU",2359168.000000,250481955951,250482118535
68,68,"Agent 1",1,1919,1919,2048,17,"pk_gemm(__half const*, __half const*, __half*, int, int, int)",128,8704,0,208,0,128,"SQ_WAVES",64.000000,250481955951,250482118535
69,69,"Agent 1",1,1919,1919,2048,17,"pk_gemm(__half const*, __half const*, __half*, int, int, int)",128,8704,0,208,0,128,"SQ_INSTS_LDS",163840.000000,250482146027,250482307369
69,69,"Agent 1",1,1919,1919,2048,17,"pk_gemm(__half const*, __half const*, __half*, int, int, int)",128,8704,0,208,0,128,"SQ_INSTS_VALU",2359168.000000,250482146027,250482307369
69,69,"Agent 1",1,1919,1919,2048,17,"pk_gemm(__half const*, __half const*, __half*, int, int, int)",128,8704,0,208,0,128,"SQ_WAVES",64.000000,250482146027,250482307369
70,70,"Agent 1",1,1919,1919,2048,17,"pk_gemm(__half const*, __half const*, __half*, int, int, int)",128,8704,0,208,0,128,"SQ_INSTS_LDS",163840.000000,250482361831,250482522892
70,70,"Agent 1",1,1919,1919,2048,17,"pk_gemm(__half const*, __half const*, __half*, int, int, int)",128,8704,0,208,0,128,"SQ_INSTS_VALU",2359168.000000,250482361831,250482522892
70,70,"Agent 1",1,1919,1919,2048,17,"pk_gemm(__half const*, __half const*, __half*, int, int, int)",128,8704,0,208,0,128,"SQ_WAVES",64.000000,250482361831,250482522892
71,71,"Agent 1",1,1919,1919,2048,17,"pk_gemm(__half const*, __half const*, __half*, int, int, int)",128,8704,0,208,0,128,"SQ_INSTS_LDS",163840.000000,250482559400,250482722305
71,71,"Agent 1",1,1919,1919,2048,17,"pk_gemm(__half const*, __half const*, __half*, int, int, int)",128,8704,0,208,0,128,"SQ_INSTS_VALU",2359168.000000,250482559400,250482722305
71,71,"Agent 1",1,1919,1919,2048,17,"pk_gemm(__half const*, __half const*, __half*, int, int, int)",128,8704,0,208,0,128,"SQ_WAVES",64.000000,250482559400,250482722305
72,72,"Agent 1",1,1919,1919,2048,17,"pk_gemm(__half const*, __half const*, __half*, int, int, int)",128,8704,0,208,0,128,"SQ_INSTS_LDS",163840.000000,250482752642,250482913783
72,72,"Agent 1",1,1919,1919,2048,17,"pk_gemm(__half const*, __half const*, __half*, int, int, int)",128,8704,0,208,0,128,"SQ_INSTS_VALU",2359168.000000,250482752642,250482913783
72,72,"Agent 1",1,1919,1919,2048,17,"pk_gemm(__half const*, __half const*, __half*, int, int, int)",128,8704,0,208,0,128,"SQ_WAVES",64.000000,250482752642,250482913783
73,73,"Agent 1",1,1919,1919,2048,17,"pk_gemm(__half const*, __half const*, __half*, int, int, int)",128,8704,0,208,0,128,"SQ_INSTS_LDS",163840.000000,250482943078,250483105502
73,73,"Agent 1",1,1919,1919,2048,17,"pk_gemm(__half const*, __half const*, __half*, int, int, int)",128,8704,0,208,0,128,"SQ_INSTS_VALU",2359168.000000,250482943078,250483105502
73,73,"Agent 1",1,1919,1919,2048,17,"pk_gemm(__half const*, __half const*, __half*, int, int, int)",128,8704,0,208,0,128,"SQ_WAVES",64.000000,250482943078,250483105502
74,74,"Agent 1",1,1919,1919,2048,17,"pk_gemm(__half const*, __half const*, __half*, int, int, int)",128,8704,0,208,0,128,"SQ_INSTS_LDS",163840.000000,250483135558,250483296940
74,74,"Agent 1",1,1919,1919,2048,17,"pk_gemm(__half const*, __half const*, __half*, int, int, int)",128,8704,0,208,0,128,"SQ_INSTS_VALU",2359168.000000,250483135558,250483296940
74,74,"Agent 1",1,1919,1919,2048,17,"pk_gemm(__half const*, __half const*, __half*, int, int, int)",128,8704,0,208,0,128,"SQ_WAVES",64.000000,250483135558,250483296940
75,75,"Agent 1",1,1919,1919,2048,17,"pk_gemm(__half const*, __half const*, __half*, int, int, int)",128,8704,0,208,0,128,"SQ_INSTS_LDS",163840.000000,250483328599,250483490502
75,75,"Agent 1",1,1919,1919,2048,17,"pk_gemm(__half const*, __half const*, __half*, int, int, int)",128,8704,0,208,0,128,"SQ_INSTS_VALU",2359168.000000,250483328599,250483490502
75,75,"Agent 1",1,1919,1919,2048,17,"pk_gemm(__half const*, __half const*, __half*, int, int, int)",128,8704,0,208,0,128,"SQ_WAVES",64.000000,250483328599,250483490502
76,76,"Agent 1",1,1919,1919,2048,17,"pk_gemm(__half const*, __half const*, __half*, int, int, int)",128,8704,0,208,0,128,"SQ_INSTS_LDS",163840.000000,250483519557,250483682542
76,76,"Agent 1",1,1919,1919,2048,17,"pk_gemm(__half const*, __half const*, __half*, int, int, int)",128,8704,0,208,0,128,"SQ_INSTS_VALU",2359168.000000,250483519557,250483682542
76,76,"Agent 1",1,1919,1919,2048,17,"pk_gemm(__half const*, __half const*, __half*, int, int, int)",128,8704,0,208,0,128,"SQ_WAVES",64.000000,250483519557,250483682542
77,77,"Agent 1",1,1919,1919,2048,17,"pk_gemm(__half const*, __half const*, __half*, int, int, int)",128,8704,0,208,0,128,"SQ_INSTS_LDS",163840.000000,250483712317,250483873779
77,77,"Agent 1",1,1919,1919,2048,17,"pk_gemm(__half const*, __half const*, __half*, int, int, int)",128,8704,0,208,0,128,"SQ_INSTS_VALU",2359168.000000,250483712317,250483873779
77,77,"Agent 1",1,1919,1919,2048,17,"pk_gemm(__half const*, __half const*, __half*, int, int, int)",128,8704,0,208,0,128,"SQ_WAVES",64.000000,250483712317,250483873779
78,78,"Agent 1",1,1919,1919,2048,17,"pk_gemm(__half const*, __half const*, __half*, int, int, int)",128,8704,0,208,0,128,"SQ_INSTS_LDS",163840.000000,250483902433,250484065218
78,78,"Agent 1",1,1919,1919,2048,17,"pk_gemm(__half const*, __half const*, __half*, int, int, int)",128,8704,0,208,0,128,"SQ_INSTS_VALU",2359168.000000,250483902433,250484065218
78,78,"Agent 1",1,1919,1919,2048,17,"pk_gemm(__half const*, __half const*, __half*, int, int, int)",128,8704,0,208,0,128,"SQ_WAVES",64.000000,250483902433,250484065218
79,79,"Agent 1",1,1919,1919,2048,17,"pk_gemm(__half const*, __half const*, __half*, int, int, int)",128,8704,0,208,0,128,"SQ_INSTS_LDS",163840.000000,250484095514,250484256856
79,79,"Agent 1",1,1919,1919,2048,17,"pk_gemm(__half const*, __half const*, __half*, int, int, int)",128,8704,0,208,0,128,"SQ_INSTS_VALU",2359168.000000,250484095514,250484256856
79,79,"Agent 1",1,1919,1919,2048,17,"pk_gemm(__half const*, __half const*, __half*, int, int, int)",128,8704,0,208,0,128,"SQ_WAVES",64.000000,250484095514,250484256856
80,80,"Agent 1",1,1919,1919,2048,17,"pk_gemm(__half const*, __half const*, __half*, int, int, int)",128,8704,0,208,0,128,"SQ_INSTS_LDS",163840.000000,250484287874,250484449617
80,80,"Agent 1",1,1919,1919,2048,17,"pk_gemm(__half const*, __half const*, __half*, int, int, int)",128,8704,0,208,0,128,"SQ_INSTS_VALU",2359168.000000,250484287874,250484449617
80,80,"Agent 1",1,1919,1919,2048,17,"pk_gemm(__half const*, __half const*, __half*, int, int, int)",128,8704,0,208,0,128,"SQ_WAVES",64.000000,250484287874,250484449617
81,81,"Agent 1",1,1919,1919,2048,17,"pk_gemm(__half const*, __half const*, __half*, int, int, int)",128,8704,0,208,0,128,"SQ_INSTS_LDS",163840.000000,250484481556,250484644782
81,81,"Agent 1",1,1919,1919,2048,17,"pk_gemm(__half const*, __half const*, __half*, int, int, int)",128,8704,0,208,0,128,"SQ_INSTS_VALU",2359168.000000,250484481556,250484644782
81,81,"Agent 1",1,1919,1919,2048,17,"pk_gemm(__half const*, __half const*, __half*, int, int, int)",128,8704,0,208,0,128,"SQ_WAVES",64.000000,250484481556,250484644782
82,82,"Agent 1",1,1919,1919,2048,17,"pk_gemm(__half const*, __half const*, __half*, int, int, int)",128,8704,0,208,0,128,"SQ_INSTS_LDS",163840.000000,250484674437,250484836420
82,82,"Agent 1",1,1919,1919,2048,17,"pk_gemm(__half const*, __half const*, __half*, int, int, int)",128,8704,0,208,0,128,"SQ_INSTS_VALU",2359168.000000,250484674437,250484836420
82,82,"Agent 1",1,1919,1919,2048,17,"pk_gemm(__half const*, __half const*, __half*, int, int, int)",128,8704,0,208,0,128,"SQ_WAVES",64.000000,250484674437,250484836420
83,83,"Agent 1",1,1919,1919,2048,17,"pk_gemm(__half const*, __half const*, __half*, int, int, int)",128,8704,0,208,0,128,"SQ_INSTS_LDS",163840.000000,250484866557,250485028540
83,83,"Agent 1",1,1919,1919,2048,17,"pk_gemm(__half const*, __half const*, __half*, int, int, int)",128,8704,0,208,0,128,"SQ_INSTS_VALU",2359168.000000,250484866557,250485028540
83,83,"Agent 1",1,1919,1919,2048,17,"pk_gemm(__half const*, __half const*, __half*, int, int, int)",128,8704,0,208,0,128,"SQ_WAVES",64.000000,250484866557,250485028540
84,84,"Agent 1",1,1919,1919,2048,17,"pk_gemm(__half const*, __half const*, __half*, int, int, int)",128,8704,0,208,0,128,"SQ_INSTS_LDS",163840.000000,250485059237,250485221060
84,84,"Agent 1",1,1919,1919,2048,17,"pk_gemm(__half const*, __half const*, __half*, int, int, int)",128,8704,0,208,0,128,"SQ_INSTS_VALU",2359168.000000,250485059237,250485221060
84,84,"Agent 1",1,1919,1919,2048,17,"pk_gemm(__half const*, __half const*, __half*, int, int, int)",128,8704,0,208,0,128,"SQ_WAVES",64.000000,250485059237,250485221060
85,85,"Agent 1",1,1919,1919,2048,17,"pk_gemm(__half const*, __half const*, __half*, int, int, int)",128,8704,0,208,0,128,"SQ_INSTS_LDS",163840.000000,250485249994,250485411216
85,85,"Agent 1",1,1919,1919,2048,17,"pk_gemm(__half const*, __half const*, __half*, int, int, int)",128,8704,0,208,0,128,"SQ_INSTS_VALU",2359168.000000,250485249994,250485411216
85,85,"Agent 1",1,1919,1919,2048,17,"pk_gemm(__half const*, __half const*, __half*, int, int, int)",128,8704,0,208,0,128,"SQ_WAVES",64.000000,250485249994,250485411216
86,86,"Agent 1",1,1919,1919,2048,17,"pk_gemm(__half const*, __half const*, __half*, int, int, int)",128,8704,0,208,0,128,"SQ_INSTS_LDS",163840.000000,250485439188,250485601772
86,86,"Agent 1",1,1919,1919,2048,17,"pk_gemm(__half const*, __half const*, __half*, int, int, int)",128,8704,0,208,0,128,"SQ_INSTS_VALU",2359168.000000,250485439188,250485601772
86,86,"Agent 1",1,1919,1919,2048,17,"pk_gemm(__half const*, __half const*, __half*, int, int, int)",128,8704,0,208,0,128,"SQ_WAVES",64.000000,250485439188,250485601772
87,87,"Agent 1",1,1919,1919,2048,17,"pk_gemm(__half const*, __half const*, __half*, int, int, int)",128,8704,0,208,0,128,"SQ_INSTS_LDS",163840.000000,250485631268,250485792609
87,87,"Agent 1",1,1919,1919,2048,17,"pk_gemm(__half const*, __half const*, __half*, int, int, int)",128,8704,0,208,0,128,"SQ_INSTS_VALU",2359168.000000,250485631268,250485792609
87,87,"Agent 1",1,1919,1919,2048,17,"pk_gemm(__half const*, __half const*, __half*, int, int, int)",128,8704,0,208,0,128,"SQ_WAVES",64.000000,250485631268,250485792609
88,88,"Agent 1",1,1919,1919,2048,17,"pk_gemm(__half const*, __half const*, __half*, int, int, int)",128,8704,0,208,0,128,"SQ_INSTS_LDS",163840.000000,250485819981,250485982845
88,88,"Agent 1",1,1919,1919,2048,17,"pk_gemm(__half const*, __half const*, __half*, int, int, int)",128,8704,0,208,0,128,"SQ_INSTS_VALU",2359168.000000,250485819981,250485982845
88,88,"Agent 1",1,1919,1919,2048,17,"pk_gemm(__half const*, __half const*, __half*, int, int, int)",128,8704,0,208,0,128,"SQ_WAVES",64.000000,250485819981,250485982845
89,89,"Agent 1",1,1919,1919,2048,17,"pk_gemm(__half const*, __half const*, __half*, int, int, int)",128,8704,0,208,0,128,"SQ_INSTS_LDS",163840.000000,250486010457,250486172200
89,89,"Agent 1",1,1919,1919,2048,17,"pk_gemm(__half const*, __half const*, __half*, int, int, int)",128,8704,0,208,0,128,"SQ_INSTS_VALU",2359168.000000,250486010457,250486172200
89,89,"Agent 1",1,1919,1919,2048,17,"pk_gemm(__half const*, __half const*, __half*, int, int, int)",128,8704,0,208,0,128,"SQ_WAVES",64.000000,250486010457,250486172200
90,90,"Agent 1",1,1919,1919,2048,17,"pk_gemm(__half const*, __half const*, __half*, int, int, int)",128,8704,0,208,0,128,"SQ_INSTS_LDS",163840.000000,250486200933,250486362115
90,90,"Agent 1",1,1919,1919,2048,17,"pk_gemm(__half const*, __half const*, __half*, int, int, int)",128,8704,0,208,0,128,"SQ_INSTS_VALU",2359168.000000,250486200933,250486362115
90,90,"Agent 1",1,1919,1919,2048,17,"pk_gemm(__half const*, __half const*, __half*, int, int, int)",128,8704,0,208,0,128,"SQ_WAVES",64.000000,250486200933,250486362115
91,91,"Agent 1",1,1919,1919,2048,17,"pk_gemm(__half const*, __half const*, __half*, int, int, int)",128,8704,0,208,0,128,"SQ_INSTS_LDS",163840.000000,250486391009,250486553874
91,91,"Agent 1",1,1919,1919,2048,17,"pk_gemm(__half const*, __half const*, __half*, int, int, int)",128,8704,0,208,0,128,"SQ_INSTS_VALU",2359168.000000,250486391009,250486553874
91,91,"Agent 1",1,1919,1919,2048,17,"pk_gemm(__half const*, __half const*, __half*, int, int, int)",128,8704,0,208,0,128,"SQ_WAVES",64.000000,250486391009,250486553874
92,92,"Agent 1",1,1919,1919,2048,17,"pk_gemm(__half const*, __half const*, __half*, int, int, int)",128,8704,0,208,0,128,"SQ_INSTS_LDS",163840.000000,250486581325,250486742627
92,92,"Agent 1",1,1919,1919,2048,17,"pk_gemm(__half const*, __half const*, __half*, int, int, int)",128,8704,0,208,0,128,"SQ_INSTS_VALU",2359168.000000,250486581325,250486742627
92,92,"Agent 1",1,1919,1919,2048,17,"pk_gemm(__half const*, __half const*, __half*, int, int, int)",128,8704,0,208,0,128,"SQ_WAVES",64.000000,250486581325,250486742627
93,93,"Agent 1",1,1919,1919,2048,17,"pk_gemm(__half const*, __half const*, __half*, int, int, int)",128,8704,0,208,0,128,"SQ_INSTS_LDS",163840.000000,250486770599,250486933624
93,93,"Agent 1",1,1919,1919,2048,17,"pk_gemm(__half const*, __half const*, __half*, int, int, int)",128,8704,0,208,0,128,"SQ_INSTS_VALU",2359168.000000,250486770599,250486933624
93,93,"Agent 1",1,1919,1919,2048,17,"pk_gemm(__half const*, __half const*, __half*, int, int, int)",128,8704,0,208,0,128,"SQ_WAVES",64.000000,250486770599,250486933624
94,94,"Agent 1",1,1919,1919,2048,17,"pk_gemm(__half const*, __half const*, __half*, int, int, int)",128,8704,0,208,0,128,"SQ_INSTS_LDS",163840.000000,250486960795,250487122538
94,94,"Agent 1",1,1919,1919,2048,17,"pk_gemm(__half const*, __half const*, __half*, int, int, int)",128,8704,0,208,0,128,"SQ_INSTS_VALU",2359168.000000,250486960795,250487122538
94,94,"Agent 1",1,1919,1919,2048,17,"pk_gemm(__half const*, __half const*, __half*, int, int, int)",128,8704,0,208,0,128,"SQ_WAVES",64.000000,250486960795,250487122538
95,95,"Agent 1",1,1919,1919,2048,17,"pk_gemm(__half const*, __half const*, __half*, int, int, int)",128,8704,0,208,0,128,"SQ_INSTS_LDS",163840.000000,250487149348,250487310890
95,95,"Agent 1",1,1919,1919,2048,17,"pk_gemm(__half const*, __half const*, __half*, int, int, int)",128,8704,0,208,0,128,"SQ_INSTS_VALU",2359168.000000,250487149348,250487310890
95,95,"Agent 1",1,1919,1919,2048,17,"pk_gemm(__half const*, __half const*, __half*, int, int, int)",128,8704,0,208,0,128,"SQ_WAVES",64.000000,250487149348,250487310890
96,96,"Agent 1",1,1919,1919,2048,17,"pk_gemm(__half const*, __half const*, __half*, int, int, int)",128,8704,0,208,0,128,"SQ_INSTS_LDS",163840.000000,250487339023,250487502048
96,96,"Agent 1",1,1919,1919,2048,17,"pk_gemm(__half const*, __half const*, __half*, int, int, int)",128,8704,0,208,0,128,"SQ_INSTS_VALU",2359168.000000,250487339023,250487502048
96,96,"Agent 1",1,1919,1919,2048,17,"pk_gemm(__half const*, __half const*, __half*, int, int, int)",128,8704,0,208,0,128,"SQ_WAVES",64.000000,250487339023,250487502048
97,97,"Agent 1",1,1919,1919,2048,17,"pk_gemm(__half const*, __half const*, __half*, int, int, int)",128,8704,0,208,0,128,"SQ_INSTS_LDS",163840.000000,250487529459,250487691001
97,97,"Agent 1",1,1919,1919,2048,17,"pk_gemm(__half const*, __half const*, __half*, int, int, int)",128,8704,0,208,0,128,"SQ_INSTS_VALU",2359168.000000,250487529459,250487691001
97,97,"Agent 1",1,1919,1919,2048,17,"pk_gemm(__half const*, __half const*, __half*, int, int, int)",128,8704,0,208,0,128,"SQ_WAVES",64.000000,250487529459,250487691001
98,98,"Agent 1",1,1919,1919,2048,17,"pk_gemm(__half const*, __half const*, __half*, int, int, int)",128,8704,0,208,0,128,"SQ_INSTS_LDS",163840.000000,250487718372,250487880716
98,98,"Agent 1",1,1919,1919,2048,17,"pk_gemm(__half const*, __half const*, __half*, int, int, int)",128,8704,0,208,0,128,"SQ_INSTS_VALU",2359168.000000,250487718372,250487880716
98,98,"Agent 1",1,1919,1919,2048,17,"pk_gemm(__half const*, __half const*, __half*, int, int, int)",128,8704,0,208,0,128,"SQ_WAVES",64.000000,250487718372,250487880716
99,99,"Agent 1",1,1919,1919,2048,17,"pk_gemm(__half const*, __half const*, __half*, int, int, int)",128,8704,0,208,0,128,"SQ_INSTS_LDS",163840.000000,250487907486,250488068748
99,99,"Agent 1",1,1919,1919,2048,17,"pk_gemm(__half const*, __half const*, __half*, int, int, int)",128,8704,0,208,0,128,"SQ_INSTS_VALU",2359168.000000,250487907486,250488068748
99,99,"Agent 1",1,1919,1919,2048,17,"pk_gemm(__half const*, __half const*, __half*, int, int, int)",128,8704,0,208,0,128,"SQ_WAVES",64.000000,250487907486,250488068748
100,100,"Agent 1",1,1919,1919,2048,17,"pk_gemm(__half const*, __half const*, __half*, int, int, int)",128,8704,0,208,0,128,"SQ_INSTS_LDS",163840.000000,250488119483,250488280985
100,100,"Agent 1",1,1919,1919,2048,17,"pk_gemm(__half const*, __half const*, __half*, int, int, int)",128,8704,0,208,0,128,"SQ_INSTS_VALU",2359168.000000,250488119483,250488280985
100,100,"Agent 1",1,1919,1919,2048,17,"pk_gemm(__half const*, __half const*, __half*, int, int, int)",128,8704,0,208,0,128,"SQ_WAVES",64.000000,250488119483,250488280985
101,101,"Agent 1",1,1919,1919,2048,17,"pk_gemm(__half const*, __half const*, __half*, int, int, int)",128,8704,0,208,0,128,"SQ_INSTS_LDS",163840.000000,250488308997,250488471582
101,101,"Agent 1",1,1919,1919,2048,17,"pk_gemm(__half const*, __half const*, __half*, int, int, int)",128,8704,0,208,0,128,"SQ_INSTS_VALU",2359168.000000,250488308997,250488471582
101,101,"Agent 1",1,1919,1919,2048,17,"pk_gemm(__half const*, __half const*, __half*, int, int, int)",128,8704,0,208,0,128,"SQ_WAVES",64.000000,250488308997,250488471582
102,102,"Agent 1",1,1919,1919,2048,17,"pk_gemm(__half const*, __half const*, __half*, int, int, int)",128,8704,0,208,0,128,"SQ_INSTS_LDS",163840.000000,250488500556,250488661938
102,102,"Agent 1",1,1919,1919,2048,17,"pk_gemm(__half const*, __half const*, __half*, int, int, int)",128,8704,0,208,0,128,"SQ_INSTS_VALU",2359168.000000,250488500556,250488661938
102,102,"Agent 1",1,1919,1919,2048,17,"pk_gemm(__half const*, __half const*, __half*, int, int, int)",128,8704,0,208,0,128,"SQ_WAVES",64.000000,250488500556,250488661938
103,103,"Agent 1",1,1919,1919,2048,17,"pk_gemm(__half const*, __half const*, __half*, int, int, int)",128,8704,0,208,0,128,"SQ_INSTS_LDS",163840.000000,250488691273,250488854338
103,103,"Agent 1",1,1919,1919,2048,17,"pk_gemm(__half const*, __half const*, __half*, int, int, int)",128,8704,0,208,0,128,"SQ_INSTS_VALU",2359168.000000,250488691273,250488854338
103,103,"Agent 1",1,1919,1919,2048,17,"pk_gemm(__half const*, __half const*, __half*, int, int, int)",128,8704,0,208,0,128,"SQ_WAVES",64.000000,250488691273,250488854338
104,104,"Agent 1",1,1919,1919,2048,17,"pk_gemm(__half const*, __half const*, __half*, int, int, int)",128,8704,0,208,0,128,"SQ_INSTS_LDS",163840.000000,250488886077,250489048100
104,104,"Agent 1",1,1919,1919,2048,17,"pk_gemm(__half const*, __half const*, __half*, int, int, int)",128,8704,0,208,0,128,"SQ_INSTS_VALU",2359168.000000,250488886077,250489048100
104,104,"Agent 1",1,1919,1919,2048,17,"pk_gemm(__half const*, __half const*, __half*, int, int, int)",128,8704,0,208,0,128,"SQ_WAVES",64.000000,250488886077,250489048100
105,105,"Agent 1",1,1919,1919,2048,17,"pk_gemm(__half const*, __half const*, __half*, int, int, int)",128,8704,0,208,0,128,"SQ_INSTS_LDS",163840.000000,250489080561,250489242263
105,105,"Agent 1",1,1919,1919,2048,17,"pk_gemm(__half const*, __half const*, __half*, int, int, int)",128,8704,0,208,0,128,"SQ_INSTS_VALU",2359168.000000,250489080561,250489242263
105,105,"Agent 1",1,1919,1919,2048,17,"pk_gemm(__half const*, __half const*, __half*, int, int, int)",128,8704,0,208,0,128,"SQ_WAVES",64.000000,250489080561,250489242263
106,106,"Agent 1",1,1919,1919,2048,17,"pk_gemm(__half const*, __half const*, __half*, int, int, int)",128,8704,0,208,0,128,"SQ_INSTS_LDS",163840.000000,250489273522,250489436547
106,106,"Agent 1",1,1919,1919,2048,17,"pk_gemm(__half const*, __half const*, __half*, int, int, int)",128,8704,0,208,0,128,"SQ_INSTS_VALU",2359168.000000,250489273522,250489436547
106,106,"Agent 1",1,1919,1919,2048,17,"pk_gemm(__half const*, __half const*, __half*, int, int, int)",128,8704,0,208,0,128,"SQ_WAVES",64.000000,250489273522,250489436547
107,107,"Agent 1",1,1919,1919,2048,17,"pk_gemm(__half const*, __half const*, __half*, int, int, int)",128,8704,0,208,0,128,"SQ_INSTS_LDS",163840.000000,250489468527,250489629628
107,107,"Agent 1",1,1919,1919,2048,17,"pk_gemm(__half const*, __half const*, __half*, int, int, int)",128,8704,0,208,0,128,"SQ_INSTS_VALU",2359168.000000,250489468527,250489629628
107,107,"Agent 1",1,1919,1919,2048,17,"pk_gemm(__half const*, __half const*, __half*, int, int, int)",128,8704,0,208,0,128,"SQ_WAVES",64.000000,250489468527,250489629628
108,108,"Agent 1",1,1919,1919,2048,17,"pk_gemm(__half const*, __half const*, __half*, int, int, int)",128,8704,0,208,0,128,"SQ_INSTS_LDS",163840.000000,250489660085,250489822669
108,108,"Agent 1",1,1919,1919,2048,17,"pk_gemm(__half const*, __half const*, __half*, int, int, int)",128,8704,0,208,0,128,"SQ_INSTS_VALU",2359168.000000,250489660085,250489822669
108,108,"Agent 1",1,1919,1919,2048,17,"pk_gemm(__half const*, __half const*, __half*, int, int, int)",128,8704,0,208,0,128,"SQ_WAVES",64.000000,250489660085,250489822669
109,109,"Agent 1",1,1919,1919,2048,17,"pk_gemm(__half const*, __half const*, __half*, int, int, int)",128,8704,0,208,0,128,"SQ_INSTS_LDS",163840.000000,250489851443,250490013226
109,109,"Agent 1",1,1919,1919,2048,17,"pk_gemm(__half const*, __half const*, __half*, int, int, int)",128,8704,0,208,0,128,"SQ_INSTS_VALU",2359168.000000,250489851443,250490013226
109,109,"Agent 1",1,1919,1919,2048,17,"pk_gemm(__half const*, __half const*, __half*, int, int, int)",128,8704,0,208,0,128,"SQ_WAVES",64.000000,250489851443,250490013226
110,110,"Agent 1",1,1919,1919,2048,17,"pk_gemm(__half const*, __half const*, __half*, int, int, int)",128,8704,0,208,0,128,"SQ_INSTS_LDS",163840.000000,250490043803,250490205746
110,110,"Agent 1",1,1919,1919,2048,17,"pk_gemm(__half const*, __half const*, __half*, int, int, int)",128,8704,0,208,0,128,"SQ_INSTS_VALU",2359168.000000,250490043803,250490205746
110,110,"Agent 1",1,1919,1919,2048,17,"pk_gemm(__half const*, __half const*, __half*, int, int, int)",128,8704,0,208,0,128,"SQ_WAVES",64.000000,250490043803,250490205746
111,111,"Agent 1",1,1919,1919,2048,17,"pk_gemm(__half const*, __half const*, __half*, int, int, int)",128,8704,0,208,0,128,"SQ_INSTS_LDS",163840.000000,250490234520,250490397665
111,111,"Agent 1",1,1919,1919,2048,17,"pk_gemm(__half const*, __half const*, __half*, int, int, int)",128,8704,0,208,0,128,"SQ_INSTS_VALU",2359168.000000,250490234520,250490397665
111,111,"Agent 1",1,1919,1919,2048,17,"pk_gemm(__half const*, __half const*, __half*, int, int, int)",128,8704,0,208,0,128,"SQ_WAVES",64.000000,250490234520,250490397665
112,112,"Agent 1",1,1919,1919,2048,17,"pk_gemm(__half const*, __half const*, __half*, int, int, int)",128,8704,0,208,0,128,"SQ_INSTS_LDS",163840.000000,250490426038,250490587540
112,112,"Agent 1",1,1919,1919,2048,17,"pk_gemm(__half const*, __half const*, __half*, int, int, int)",128,8704,0,208,0,128,"SQ_INSTS_VALU",2359168.000000,250490426038,250490587540
112,112,"Agent 1",1,1919,1919,2048,17,"pk_gemm(__half const*, __half const*, __half*, int, int, int)",128,8704,0,208,0,128,"SQ_WAVES",64.000000,250490426038,250490587540
113,113,"Agent 1",1,1919,1919,2048,17,"pk_gemm(__half const*, __half const*, __half*, int, int, int)",128,8704,0,208,0,128,"SQ_INSTS_LDS",163840.000000,250490615633,250490778057
113,113,"Agent 1",1,1919,1919,2048,17,"pk_gemm(__half const*, __half const*, __half*, int, int, int)",128,8704,0,208,0,128,"SQ_INSTS_VALU",2359168.000000,250490615633,250490778057
113,113,"Agent 1",1,1919,1919,2048,17,"pk_gemm(__half const*, __half const*, __half*, int, int, int)",128,8704,0,208,0,128,"SQ_WAVES",64.000000,250490615633,250490778057
114,114,"Agent 1",1,1919,1919,2048,17,"pk_gemm(__half const*, __half const*, __half*, int, int, int)",128,8704,0,208,0,128,"SQ_INSTS_LDS",163840.000000,250490807231,250490968613
114,114,"Agent 1",1,1919,1919,2048,17,"pk_gemm(__half const*, __half const*, __half*, int, int, int)",128,8704,0,208,0,128,"SQ_INSTS_VALU",2359168.000000,250490807231,250490968613
114,114,"Agent 1",1,1919,1919,2048,17,"pk_gemm(__half const*, __half const*, __half*, int, int, int)",128,8704,0,208,0,128,"SQ_WAVES",64.000000,250490807231,250490968613
115,115,"Agent 1",1,1919,1919,2048,17,"pk_gemm(__half const*, __half const*, __half*, int, int, int)",128,8704,0,208,0,128,"SQ_INSTS_LDS",163840.000000,250490996706,250491158128
115,115,"Agent 1",1,1919,1919,2048,17,"pk_gemm(__half const*, __half const*, __half*, int, int, int)",128,8704,0,208,0,128,"SQ_INSTS_VALU",2359168.000000,250490996706,250491158128
115,115,"Agent 1",1,1919,1919,2048,17,"pk_gemm(__half const*, __half const*, __half*, int, int, int)",128,8704,0,208,0,128,"SQ_WAVES",64.000000,250490996706,250491158128
116,116,"Agent 1",1,1919,1919,2048,17,"pk_gemm(__half const*, __half const*, __half*, int, int, int)",128,8704,0,208,0,128,"SQ_INSTS_LDS",163840.000000,250491188665,250491351650
116,116,"Agent 1",1,1919,1919,2048,17,"pk_gemm(__half const*, __half const*, __half*, int, int, int)",128,8704,0,208,0,128,"SQ_INSTS_VALU",2359168.000000,250491188665,250491351650
116,116,"Agent 1",1,1919,1919,2048,17,"pk_gemm(__half const*, __half const*, __half*, int, int, int)",128,8704,0,208,0,128,"SQ_WAVES",64.000000,250491188665,250491351650
117,117,"Agent 1",1,1919,1919,2048,17,"pk_gemm(__half const*, __half const*, __half*, int, int, int)",128,8704,0,208,0,128,"SQ_INSTS_LDS",163840.000000,250491380624,250491542327
117,117,"Agent 1",1,1919,1919,2048,17,"pk_gemm(__half const*, __half const*, __half*, int, int, int)",128,8704,0,208,0,128,"SQ_INSTS_VALU",2359168.000000,250491380624,250491542327
117,117,"Agent 1",1,1919,1919,2048,17,"pk_gemm(__half const*, __half const*, __half*, int, int, int)",128,8704,0,208,0,128,"SQ_WAVES",64.000000,250491380624,250491542327
118,118,"Agent 1",1,1919,1919,2048,17,"pk_gemm(__half const*, __half const*, __half*, int, int, int)",128,8704,0,208,0,128,"SQ_INSTS_LDS",163840.000000,250491570620,250491732963
118,118,"Agent 1",1,1919,1919,2048,17,"pk_gemm(__half const*, __half const*, __half*, int, int, int)",128,8704,0,208,0,128,"SQ_INSTS_VALU",2359168.000000,250491570620,250491732963
118,118,"Agent 1",1,1919,1919,2048,17,"pk_gemm(__half const*, __half const*, __half*, int, int, int)",128,8704,0,208,0,128,"SQ_WAVES",64.000000,250491570620,250491732963
119,119,"Agent 1",1,1919,1919,2048,17,"pk_gemm(__half const*, __half const*, __half*, int, int, int)",128,8704,0,208,0,128,"SQ_INSTS_LDS",163840.000000,250491762619,250491924321
119,119,"Agent 1",1,1919,1919,2048,17,"pk_gemm(__half const*, __half const*, __half*, int, int, int)",128,8704,0,208,0,128,"SQ_INSTS_VALU",2359168.000000,250491762619,250491924321
119,119,"Agent 1",1,1919,1919,2048,17,"pk_gemm(__half const*, __half const*, __half*, int, int, int)",128,8704,0,208,0,128,"SQ_WAVES",64.000000,250491762619,250491924321
120,120,"Agent 1",1,1919,1919,2048,17,"pk_gemm(__half const*, __half const*, __half*, int, int, int)",128,8704,0,208,0,128,"SQ_INSTS_LDS",163840.000000,250491952294,250492113796
120,120,"Agent 1",1,1919,1919,2048,17,"pk_gemm(__half const*, __half const*, __half*, int, int, int)",128,8704,0,208,0,128,"SQ_INSTS_VALU",2359168.000000,250491952294,250492113796
120,120,"Agent 1",1,1919,1919,2048,17,"pk_gemm(__half const*, __half const*, __half*, int, int, int)",128,8704,0,208,0,128,"SQ_WAVES",64.000000,250491952294,250492113796
121,121,"Agent 1",1,1919,1919,2048,17,"pk_gemm(__half const*, __half const*, __half*, int, int, int)",128,8704,0,208,0,128,"SQ_INSTS_LDS",163840.000000,250492142049,250492305314
121,121,"Agent 1",1,1919,1919,2048,17,"pk_gemm(__half const*, __half const*, __half*, int, int, int)",128,8704,0,208,0,128,"SQ_INSTS_VALU",2359168.000000,250492142049,250492305314
121,121,"Agent 1",1,1919,1919,2048,17,"pk_gemm(__half const*, __half const*, __half*, int, int, int)",128,8704,0,208,0,128,"SQ_WAVES",64.000000,250492142049,250492305314
122,122,"Agent 1",1,1919,1919,2048,17,"pk_gemm(__half const*, __half const*, __half*, int, int, int)",128,8704,0,208,0,128,"SQ_INSTS_LDS",163840.000000,250492332565,250492494067
122,122,"Agent 1",1,1919,1919,2048,17,"pk_gemm(__half const*, __half const*, __half*, int, int, int)",128,8704,0,208,0,128,"SQ_INSTS_VALU",2359168.000000,250492332565,250492494067
122,122,"Agent 1",1,1919,1919,2048,17,"pk_gemm(__half const*, __half const*, __half*, int, int, int)",128,8704,0,208,0,128,"SQ_WAVES",64.000000,250492332565,250492494067
123,123,"Agent 1",1,1919,1919,2048,17,"pk_gemm(__half const*, __half const*, __half*, int, int, int)",128,8704,0,208,0,128,"SQ_INSTS_LDS",163840.000000,250492521479,250492683943
123,123,"Agent 1",1,1919,1919,2048,17,"pk_gemm(__half const*, __half const*, __half*, int, int, int)",128,8704,0,208,0,128,"SQ_INSTS_VALU",2359168.000000,250492521479,250492683943
123,123,"Agent 1",1,1919,1919,2048,17,"pk_gemm(__half const*, __half const*, __half*, int, int, int)",128,8704,0,208,0,128,"SQ_WAVES",64.000000,250492521479,250492683943
124,124,"Agent 1",1,1919,1919,2048,17,"pk_gemm(__half const*, __half const*, __half*, int, int, int)",128,8704,0,208,0,128,"SQ_INSTS_LDS",163840.000000,250492711314,250492872736
124,124,"Agent 1",1,1919,1919,2048,17,"pk_gemm(__half const*, __half const*, __half*, int, int, int)",128,8704,0,208,0,128,"SQ_INSTS_VALU",2359168.000000,250492711314,250492872736
124,124,"Agent 1",1,1919,1919,2048,17,"pk_gemm(__half const*, __half const*, __half*, int, int, int)",128,8704,0,208,0,128,"SQ_WAVES",64.000000,250492711314,250492872736
125,125,"Agent 1",1,1919,1919,2048,17,"pk_gemm(__half const*, __half const*, __half*, int, int, int)",128,8704,0,208,0,128,"SQ_INSTS_LDS",163840.000000,250492900227,250493061890
125,125,"Agent 1",1,1919,1919,2048,17,"pk_gemm(__half const*, __half const*, __half*, int, int, int)",128,8704,0,208,0,128,"SQ_INSTS_VALU",2359168.000000,250492900227,250493061890
125,125,"Agent 1",1,1919,1919,2048,17,"pk_gemm(__half const*, __half const*, __half*, int, int, int)",128,8704,0,208,0,128,"SQ_WAVES",64.000000,250492900227,250493061890
126,126,"Agent 1",1,1919,1919,2048,17,"pk_gemm(__half const*, __half const*, __half*, int, int, int)",128,8704,0,208,0,128,"SQ_INSTS_LDS",163840.000000,250493089662,250493252486
126,126,"Agent 1",1,1919,1919,2048,17,"pk_gemm(__half const*, __half const*, __half*, int, int, int)",128,8704,0,208,0,128,"SQ_INSTS_VALU",2359168.000000,250493089662,250493252486
126,126,"Agent 1",1,1919,1919,2048,17,"pk_gemm(__half const*, __half const*, __half*, int, int, int)",128,8704,0,208,0,128,"SQ_WAVES",64.000000,250493089662,250493252486
127,127,"Agent 1",1,1919,1919,2048,17,"pk_gemm(__half const*, __half const*, __half*, int, int, int)",128,8704,0,208,0,128,"SQ_INSTS_LDS",163840.000000,250493280258,250493441760
127,127,"Agent 1",1,1919,1919,2048,17,"pk_gemm(__half const*, __half const*, __half*, int, int, int)",128,8704,0,208,0,128,"SQ_INSTS_VALU",2359168.000000,250493280258,250493441760
127,127,"Agent 1",1,1919,1919,2048,17,"pk_gemm(__half const*, __half const*, __half*, int, int, int)",128,8704,0,208,0,128,"SQ_WAVES",64.000000,250493280258,250493441760
128,128,"Agent 1",1,1919,1919,2048,17,"pk_gemm(__half const*, __half const*, __half*, int, int, int)",128,8704,0,208,0,128,"SQ_INSTS_LDS",163840.000000,250493469292,250493631475
128,128,"Agent 1",1,1919,1919,2048,17,"pk_gemm(__half const*, __half const*, __half*, int, int, int)",128,8704,0,208,0,128,"SQ_INSTS_VALU",2359168.000000,250493469292,250493631475
128,128,"Agent 1",1,1919,1919,2048,17,"pk_gemm(__half const*, __half const*, __half*, int, int, int)",128,8704,0,208,0,128,"SQ_WAVES",64.000000,250493469292,250493631475
129,129,"Agent 1",1,1919,1919,2048,17,"pk_gemm(__half const*, __half const*, __half*, int, int, int)",128,8704,0,208,0,128,"SQ_INSTS_LDS",163840.000000,250493658366,250493819988
129,129,"Agent 1",1,1919,1919,2048,17,"pk_gemm(__half const*, __half const*, __half*, int, int, int)",128,8704,0,208,0,128,"SQ_INSTS_VALU",2359168.000000,250493658366,250493819988
129,129,"Agent 1",1,1919,1919,2048,17,"pk_gemm(__half const*, __half const*, __half*, int, int, int)",128,8704,0,208,0,128,"SQ_WAVES",64.000000,250493658366,250493819988
130,130,"Agent 1",1,1919,1919,8192,17,"pk_gemm(__half const*, __half const*, __half*, int, int, int)",128,8704,0,208,0,128,"SQ_INSTS_LDS",1310720.000000,250521213651,250521726892
130,130,"Agent 1",1,1919,1919,8192,17,"pk_gemm(__half const*, __half const*, __half*, int, int, int)",128,8704,0,208,0,128,"SQ_INSTS_VALU",18710016.000000,250521213651,250521726892
130,130,"Agent 1",1,1919,1919,8192,17,"pk_gemm(__half const*, __half const*, __half*, int, int, int)",128,8704,0,208,0,128,"SQ_WAVES",256.000000,250521213651,250521726892
131,131,"Agent 1",1,1919,1919,8192,17,"pk_gemm(__half const*, __half const*, __half*, int, int, int)",128,8704,0,208,0,128,"SQ_INSTS_LDS",1310720.000000,250521759712,250522269265
131,131,"Agent 1",1,1919,1919,8192,17,"pk_gemm(__half const*, __half const*, __half*, int, int, int)",128,8704,0,208,0,128,"SQ_INSTS_VALU",18710016.000000,250521759712,250522269265
131,131,"Agent 1",1,1919,1919,8192,17,"pk_gemm(__half const*, __half const*, __half*, int, int, int)",128,8704,0,208,0,128,"SQ_WAVES",256.000000,250521759712,250522269265
132,132,"Agent 1",1,1919,1919,8192,17,"pk_gemm(__half const*, __half const*, __half*, int, int, int)",128,8704,0,208,0,128,"SQ_INSTS_LDS",1310720.000000,250522301125,250522787635
132,132,"Agent 1",1,1919,1919,8192,17,"pk_gemm(__half const*, __half const*, __half*, int, int, int)",128,8704,0,208,0,128,"SQ_INSTS_VALU",18710016.000000,250522301125,250522787635
132,132,"Agent 1",1,1919,1919,8192,17,"pk_gemm(__half const*, __half const*, __half*, int, int, int)",128,8704,0,208,0,128,"SQ_WAVES",256.000000,250522301125,250522787635
133,133,"Agent 1",1,1919,1919,8192,17,"pk_gemm(__half const*, __half const*, __half*, int, int, int)",128,8704,0,208,0,128,"SQ_INSTS_LDS",1310720.000000,250522817531,250523344237
133,133,"Agent 1",1,1919,1919,8192,17,"pk_gemm(__half const*, __half const*, __half*, int, int, int)",128,8704,0,208,0,128,"SQ_INSTS_VALU",18710016.000000,250522817531,250523344237
133,133,"Agent 1",1,1919,1919,8192,17,"pk_gemm(__half const*, __half const*, __half*, int, int, int)",128,8704,0,208,0,128,"SQ_WAVES",256.000000,250522817531,250523344237
134,134,"Agent 1",1,1919,1919,8192,17,"pk_gemm(__half const*, __half const*, __half*, int, int, int)",128,8704,0,208,0,128,"SQ_INSTS_LDS",1310720.000000,250523374253,250523875992
134,134,"Agent 1",1,1919,1919,8192,17,"pk_gemm(__half const*, __half const*, __half*, int, int, int)",128,8704,0,208,0,128,"SQ_INSTS_VALU",18710016.000000,250523374253,250523875992
134,134,"Agent 1",1,1919,1919,8192,17,"pk_gemm(__half const*, __half const*, __half*, int, int, int)",128,8704,0,208,0,128,"SQ_WAVES",256.000000,250523374253,250523875992
135,135,"Agent 1",1,1919,1919,8192,17,"pk_gemm(__half const*, __half const*, __half*, int, int, int)",128,8704,0,208,0,128,"SQ_INSTS_LDS",1310720.000000,250523905928,250524409350
135,135,"Agent 1",1,1919,1919,8192,17,"pk_gemm(__half const*, __half const*, __half*, int, int, int)",128,8704,0,208,0,128,"SQ_INSTS_VALU",18710016.000000,250523905928,250524409350
135,135,"Agent 1",1,1919,1919,8192,17,"pk_gemm(__half const*, __half const*, __half*, int, int, int)",128,8704,0,208,0,128,"SQ_WAVES",256.000000,250523905928,250524409350
136,136,"Agent 1",1,1919,1919,8192,17,"pk_gemm(__half const*, __half const*, __half*, int, int, int)",128,8704,0,208,0,128,"SQ_INSTS_LDS",1310720.000000,250524439486,250524940463
136,136,"Agent 1",1,1919,1919,8192,17,"pk_gemm(__half const*, __half const*, __half*, int, int, int)",128,8704,0,208,0,128,"SQ_INSTS_VALU",18710016.000000,250524439486,250524940463
136,136,"Agent 1",1,1919,1919,8192,17,"pk_gemm(__half const*, __half const*, __half*, int, int, int)",128,8704,0,208,0,128,"SQ_WAVES",256.000000,250524439486,250524940463
137,137,"Agent 1",1,1919,1919,8192,17,"pk_gemm(__half const*, __half const*, __half*, int, int, int)",128,8704,0,208,0,128,"SQ_INSTS_LDS",1310720.000000,250524970399,250525458152
137,137,"Agent 1",1,1919,1919,8192,17,"pk_gemm(__half const*, __half const*, __half*, int, int, int)",128,8704,0,208,0,128,"SQ_INSTS_VALU",18710016.000000,250524970399,250525458152
137,137,"Agent 1",1,1919,1919,8192,17,"pk_gemm(__half const*, __half const*, __half*, int, int, int)",128,8704,0,208,0,128,"SQ_WAVES",256.000000,250524970399,250525458152
138,138,"Agent 1",1,1919,1919,8192,17,"pk_gemm(__half const*, __half const*, __half*, int, int, int)",128,8704,0,208,0,128,"SQ_INSTS_LDS",1310720.000000,250525513535,250526024572
138,138,"Agent 1",1,1919,1919,8192,17,"pk_gemm(__half const*, __half const*, __half*, int, int, int)",128,8704,0,208,0,128,"SQ_INSTS_VALU",18710016.000000,250525513535,250526024572
138,138,"Agent 1",1,1919,1919,8192,17,"pk_gemm(__half const*, __half const*, __half*, int, int, int)",128,8704,0,208,0,128,"SQ_WAVES",256.000000,250525513535,250526024572
139,139,"Agent 1",1,1919,1919,8192,17,"pk_gemm(__half const*, __half const*, __half*, int, int, int)",128,8704,0,208,0,128,"SQ_INSTS_LDS",1328400.000000,250526056912,250526938361
139,139,"Agent 1",1,1919,1919,8192,17,"pk_gemm(__half const*, __half const*, __half*, int, int, int)",128,8704,0,208,0,128,"SQ_INSTS_VALU",19149532.000000,250526056912,250526938361
139,139,"Agent 1",1,1919,1919,8192,17,"pk_gemm(__half const*, __half const*, __half*, int, int, int)",128,8704,0,208,0,128,"SQ_WAVES",1288.000000,250526056912,250526938361
140,140,"Agent 1",1,1919,1919,8192,17,"pk_gemm(__half const*, __half const*, __half*, int, int, int)",128,8704,0,208,0,128,"SQ_INSTS_LDS",1310720.000000,250527023681,250527529628
140,140,"Agent 1",1,1919,1919,8192,17,"pk_gemm(__half const*, __half const*, __half*, int, int, int)",128,8704,0,208,0,128,"SQ_INSTS_VALU",18710016.000000,250527023681,250527529628
140,140,"Agent 1",1,1919,1919,8192,17,"pk_gemm(__half const*, __half const*, __half*, int, int, int)",128,8704,0,208,0,128,"SQ_WAVES",256.000000,250527023681,250527529628
141,141,"Agent 1",1,1919,1919,8192,17,"pk_gemm(__half const*, __half const*, __half*, int, int, int)",128,8704,0,208,0,128,"SQ_INSTS_LDS",1310720.000000,250527563010,250528063827
141,141,"Agent 1",1,1919,1919,8192,17,"pk_gemm(__half const*, __half const*, __half*, int, int, int)",128,8704,0,208,0,128,"SQ_INSTS_VALU",18710016.000000,250527563010,250528063827
141,141,"Agent 1",1,1919,1919,8192,17,"pk_gemm(__half const*, __half const*, __half*, int, int, int)",128,8704,0,208,0,128,"SQ_WAVES",256.000000,250527563010,250528063827
142,142,"Agent 1",1,1919,1919,8192,17,"pk_gemm(__half const*, __half const*, __half*, int, int, int)",128,8704,0,208,0,128,"SQ_INSTS_LDS",1310720.000000,250528096889,250528583119
142,142,"Agent 1",1,1919,1919,8192,17,"pk_gemm(__half const*, __half const*, __half*, int, int, int)",128,8704,0,208,0,128,"SQ_INSTS_VALU",18710016.000000,250528096889,250528583119
142,142,"Agent 1",1,1919,1919,8192,17,"pk_gemm(__half const*, __half const*, __half*, int, int, int)",128,8704,0,208,0,128,"SQ_WAVES",256.000000,250528096889,250528583119
143,143,"Agent 1",1,1919,1919,8192,17,"pk_gemm(__half const*, __half const*, __half*, int, int, int)",128,8704,0,208,0,128,"SQ_INSTS_LDS",1310720.000000,250528615660,250529121526
143,143,"Agent 1",1,1919,1919,8192,17,"pk_gemm(__half const*, __half const*, __half*, int, int, int)",128,8704,0,208,0,128,"SQ_INSTS_VALU",18710016.000000,250528615660,250529121526
143,143,"Agent 1",1,1919,1919,8192,17,"pk_gemm(__half const*, __half const*, __half*, int, int, int)",128,8704,0,208,0,128,"SQ_WAVES",256.000000,250528615660,250529121526
144,144,"Agent 1",1,1919,1919,8192,17,"pk_gemm(__half const*, __half const*, __half*, int, int, int)",128,8704,0,208,0,128,"SQ_INSTS_LDS",1310720.000000,250529154788,250529650315
144,144,"Agent 1",1,1919,1919,8192,17,"pk_gemm(__half const*, __half const*, __half*, int, int, int)",128,8704,0,208,0,128,"SQ_INSTS_VALU",18710016.000000,250529154788,250529650315
144,144,"Agent 1",1,1919,1919,8192,17,"pk_gemm(__half const*, __half const*, __half*, int, int, int)",128,8704,0,208,0,128,"SQ_WAVES",256.000000,250529154788,250529650315
145,145,"Agent 1",1,1919,1919,8192,17,"pk_gemm(__half const*, __half const*, __half*, int, int, int)",128,8704,0,208,0,128,"SQ_INSTS_LDS",1310720.000000,250529683538,250530189324
145,145,"Agent 1",1,1919,1919,8192,17,"pk_gemm(__half const*, __half const*, __half*, int, int, int)",128,8704,0,208,0,128,"SQ_INSTS_VALU",18710016.000000,250529683538,250530189324
145,145,"Agent 1",1,1919,1919,8192,17,"pk_gemm(__half const*, __half const*, __half*, int, int, int)",128,8704,0,208,0,128,"SQ_WAVES",256.000000,250529683538,250530189324
146,146,"Agent 1",1,1919,1919,8192,17,"pk_gemm(__half const*, __half const*, __half*, int, int, int)",128,8704,0,208,0,128,"SQ_INSTS_LDS",1310720.000000,250530223708,250530720598
146,146,"Agent 1",1,1919,1919,8192,17,"pk_gemm(__half const*, __half const*, __half*, int, int, int)",128,8704,0,208,0,128,"SQ_INSTS_VALU",18710016.000000,250530223708,250530720598
146,146,"Agent 1",1,1919,1919,8192,17,"pk_gemm(__half const*, __half const*, __half*, int, int, int)",128,8704,0,208,0,128,"SQ_WAVES",256.000000,250530223708,250530720598
147,147,"Agent 1",1,1919,1919,8192,17,"pk_gemm(__half const*, __half const*, __half*, int, int, int)",128,8704,0,208,0,128,"SQ_INSTS_LDS",1310720.000000,250530754261,250531246021
147,147,"Agent 1",1,1919,1919,8192,17,"pk_gemm(__half const*, __half const*, __half*, int, int, int)",128,8704,0,208,0,128,"SQ_INSTS_VALU",18710016.000000,250530754261,250531246021
147,147,"Agent 1",1,1919,1919,8192,17,"pk_gemm(__half const*, __half const*, __half*, int, int, int)",128,8704,0,208,0,128,"SQ_WAVES",256.000000,250530754261,250531246021
148,148,"Agent 1",1,1919,1919,8192,17,"pk_gemm(__half const*, __half const*, __half*, int, int, int)",128,8704,0,208,0,128,"SQ_INSTS_LDS",1310720.000000,250531277720,250531789999
148,148,"Agent 1",1,1919,1919,8192,17,"pk_gemm(__half const*, __half const*, __half*, int, int, int)",128,8704,0,208,0,128,"SQ_INSTS_VALU",18710016.000000,250531277720,250531789999
148,148,"Agent 1",1,1919,1919,8192,17,"pk_gemm(__half const*, __half const*, __half*, int, int, int)",128,8704,0,208,0,128,"SQ_WAVES",256.000000,250531277720,250531789999
149,149,"Agent 1",1,1919,1919,8192,17,"pk_gemm(__half const*, __half const*, __half*, int, int, int)",128,8704,0,208,0,128,"SQ_INSTS_LDS",1310720.000000,250531823501,250532331492
149,149,"Agent 1",1,1919,1919,8192,17,"pk_gemm(__half const*, __half const*, __half*, int, int, int)",128,8704,0,208,0,128,"SQ_INSTS_VALU",18710016.000000,250531823501,250532331492
149,149,"Agent 1",1,1919,1919,8192,17,"pk_gemm(__half const*, __half const*, __half*, int, int, int)",128,8704,0,208,0,128,"SQ_WAVES",256.000000,250531823501,250532331492
150,150,"Agent 1",1,1919,1919,8192,17,"pk_gemm(__half const*, __half const*, __half*, int, int, int)",128,8704,0,208,0,128,"SQ_INSTS_LDS",1310720.000000,250532365876,250532869298
150,150,"Agent 1",1,1919,1919,8192,17,"pk_gemm(__half const*, __half const*, __half*, int, int, int)",128,8704,0,208,0,128,"SQ_INSTS_VALU",18710016.000000,250532365876,250532869298
150,150,"Agent 1",1,1919,1919,8192,17,"pk_gemm(__half const*, __half const*, __half*, int, int, int)",128,8704,0,208,0,128,"SQ_WAVES",256.000000,250532365876,250532869298
151,151,"Agent 1",1,1919,1919,8192,17,"pk_gemm(__half const*, __half const*, __half*, int, int, int)",128,8704,0,208,0,128,"SQ_INSTS_LDS",1310720.000000,250532901959,250533401013
151,151,"Agent 1",1,1919,1919,8192,17,"pk_gemm(__half const*, __half const*, __half*, int, int, int)",128,8704,0,208,0,128,"SQ_INSTS_VALU",18710016.000000,250532901959,250533401013
151,151,"Agent 1",1,1919,1919,8192,17,"pk_gemm(__half const*, __half const*, __half*, int, int, int)",128,8704,0,208,0,128,"SQ_WAVES",256.000000,250532901959,250533401013
152,152,"Agent 1",1,1919,1919,8192,17,"pk_gemm(__half const*, __half const*, __half*, int, int, int)",128,8704,0,208,0,128,"SQ_INSTS_LDS",1310720.000000,250533432752,250533925875
152,152,"Agent 1",1,1919,1919,8192,17,"pk_gemm(__half const*, __half const*, __half*, int, int, int)",128,8704,0,208,0,128,"SQ_INSTS_VALU",18710016.000000,250533432752,250533925875
152,152,"Agent 1",1,1919,1919,8192,17,"pk_gemm(__half const*, __half const*, __half*, int, int, int)",128,8704,0,208,0,128,"SQ_WAVES",256.000000,250533432752,250533925875
153,153,"Agent 1",1,1919,1919,8192,17,"pk_gemm(__half const*, __half const*, __half*, int, int, int)",128,8704,0,208,0,128,"SQ_INSTS_LDS",1310720.000000,250533958175,250534474822
153,153,"Agent 1",1,1919,1919,8192,17,"pk_gemm(__half const*, __half const*, __half*, int, int, int)",128,8704,0,208,0,128,"SQ_INSTS_VALU",18710016.000000,250533958175,250534474822
153,153,"Agent 1",1,1919,1919,8192,17,"pk_gemm(__half const*, __half const*, __half*, int, int, int)",128,8704,0,208,0,128,"SQ_WAVES",256.000000,250533958175,250534474822
154,154,"Agent 1",1,1919,1919,8192,17,"pk_gemm(__half const*, __half const*, __half*, int, int, int)",128,8704,0,208,0,128,"SQ_INSTS_LDS",1310720.000000,250534506401,250535009062
154,154,"Agent 1",1,1919,1919,8192,17,"pk_gemm(__half const*, __half const*, __half*, int, int, int)",128,8704,0,208,0,128,"SQ_INSTS_VALU",18710016.000000,250534506401,250535009062
154,154,"Agent 1",1,1919,1919,8192,17,"pk_gemm(__half const*, __half const*, __half*, int, int, int)",128,8704,0,208,0,128,"SQ_WAVES",256.000000,250534506401,250535009062
155,155,"Agent 1",1,1919,1919,8192,17,"pk_gemm(__half const*, __half const*, __half*, int, int, int)",128,8704,0,208,0,128,"SQ_INSTS_LDS",1310720.000000,250535039839,250535542419
155,155,"Agent 1",1,1919,1919,8192,17,"pk_gemm(__half const*, __half const*, __half*, int, int, int)",128,8704,0,208,0,128,"SQ_INSTS_VALU",18710016.000000,250535039839,250535542419
155,155,"Agent 1",1,1919,1919,8192,17,"pk_gemm(__half const*, __half const*, __half*, int, int, int)",128,8704,0,208,0,128,"SQ_WAVES",256.000000,250535039839,250535542419
156,156,"Agent 1",1,1919,1919,8192,17,"pk_gemm(__half const*, __half const*, __half*, int, int, int)",128,8704,0,208,0,128,"SQ_INSTS_LDS",1310720.000000,250535574319,250536079785
156,156,"Agent 1",1,1919,1919,8192,17,"pk_gemm(__half const*, __half const*, __half*, int, int, int)",128,8704,0,208,0,128,"SQ_INSTS_VALU",18710016.000000,250535574319,250536079785
156,156,"Agent 1",1,1919,1919,8192,17,"pk_gemm(__half const*, __half const*, __half*, int, int, int)",128,8704,0,208,0,128,"SQ_WAVES",256.000000,250535574319,250536079785
157,157,"Agent 1",1,1919,1919,8192,17,"pk_gemm(__half const*, __half const*, __half*, int, int, int)",128,8704,0,208,0,128,"SQ_INSTS_LDS",1310720.000000,250536111805,250536604967
157,157,"Agent 1",1,1919,1919,8192,17,"pk_gemm(__half const*, __half const*, __half*, int, int, int)",128,8704,0,208,0,128,"SQ_INSTS_VALU",18710016.000000,250536111805,250536604967
157,157,"Agent 1",1,1919,1919,8192,17,"pk_gemm(__half const*, __half const*, __half*, int, int, int)",128,8704,0,208,0,128,"SQ_WAVES",256.000000,250536111805,250536604967
158,158,"Agent 1",1,1919,1919,8192,17,"pk_gemm(__half const*, __half const*, __half*, int, int, int)",128,8704,0,208,0,128,"SQ_INSTS_LDS",1310720.000000,250536635104,250537146501
158,158,"Agent 1",1,1919,1919,8192,17,"pk_gemm(__half const*, __half const*, __half*, int, int, int)",128,8704,0,208,0,128,"SQ_INSTS_VALU",18710016.000000,250536635104,250537146501
158,158,"Agent 1",1,1919,1919,8192,17,"pk_gemm(__half const*, __half const*, __half*, int, int, int)",128,8704,0,208,0,128,"SQ_WAVES",256.000000,250536635104,250537146501
159,159,"Agent 1",1,1919,1919,8192,17,"pk_gemm(__half const*, __half const*, __half*, int, int, int)",128,8704,0,208,0,128,"SQ_INSTS_LDS",1310720.000000,250537177799,250537673046
159,159,"Agent 1",1,1919,1919,8192,17,"pk_gemm(__half const*, __half const*, __half*, int, int, int)",128,8704,0,208,0,128,"SQ_INSTS_VALU",18710016.000000,250537177799,250537673046
159,159,"Agent 1",1,1919,1919,8192,17,"pk_gemm(__half const*, __half const*, __half*, int, int, int)",128,8704,0,208,0,128,"SQ_WAVES",256.000000,250537177799,250537673046
160,160,"Agent 1",1,1919,1919,8192,17,"pk_gemm(__half const*, __half const*, __half*, int, int, int)",128,8704,0,208,0,128,"SQ_INSTS_LDS",1310720.000000,250537703823,250538211854
160,160,"Agent 1",1,1919,1919,8192,17,"pk_gemm(__half const*, __half const*, __half*, int, int, int)",128,8704,0,208,0,128,"SQ_INSTS_VALU",18710016.000000,250537703823,250538211854
160,160,"Agent 1",1,1919,1919,8192,17,"pk_gemm(__half const*, __half const*, __half*, int, int, int)",128,8704,0,208,0,128,"SQ_WAVES",256.000000,250537703823,250538211854
161,161,"Agent 1",1,1919,1919,8192,17,"pk_gemm(__half const*, __half const*, __half*, int, int, int)",128,8704,0,208,0,128,"SQ_INSTS_LDS",1310720.000000,250538242631,250538740844
161,161,"Agent 1",1,1919,1919,8192,17,"pk_gemm(__half const*, __half const*, __half*, int, int, int)",128,8704,0,208,0,128,"SQ_INSTS_VALU",18710016.000000,250538242631,250538740844
161,161,"Agent 1",1,1919,1919,8192,17,"pk_gemm(__half const*, __half const*, __half*, int, int, int)",128,8704,0,208,0,128,"SQ_WAVES",256.000000,250538242631,250538740844
162,162,"Agent 1",1,1919,1919,8192,17,"pk_gemm(__half const*, __half const*, __half*, int, int, int)",128,8704,0,208,0,128,"SQ_INSTS_LDS",1310720.000000,250538771220,250539250557
162,162,"Agent 1",1,1919,1919,8192,17,"pk_gemm(__half const*, __half const*, __half*, int, int, int)",128,8704,0,208,0,128,"SQ_INSTS_VALU",18710016.000000,250538771220,250539250557
162,162,"Agent 1",1,1919,1919,8192,17,"pk_gemm(__half const*, __half const*, __half*, int, int, int)",128,8704,0,208,0,128,"SQ_WAVES",256.000000,250538771220,250539250557
163,163,"Agent 1",1,1919,1919,8192,17,"pk_gemm(__half const*, __half const*, __half*, int, int, int)",128,8704,0,208,0,128,"SQ_INSTS_LDS",1310720.000000,250539281696,250539783434
163,163,"Agent 1",1,1919,1919,8192,17,"pk_gemm(__half const*, __half const*, __half*, int, int, int)",128,8704,0,208,0,128,"SQ_INSTS_VALU",18710016.000000,250539281696,250539783434
163,163,"Agent 1",1,1919,1919,8192,17,"pk_gemm(__half const*, __half const*, __half*, int, int, int)",128,8704,0,208,0,128,"SQ_WAVES",256.000000,250539281696,250539783434
164,164,"Agent 1",1,1919,1919,8192,17,"pk_gemm(__half const*, __half const*, __half*, int, int, int)",128,8704,0,208,0,128,"SQ_INSTS_LDS",1310720.000000,250539813611,250540309378
164,164,"Agent 1",1,1919,1919,8192,17,"pk_gemm(__half const*, __half const*, __half*, int, int, int)",128,8704,0,208,0,128,"SQ_INSTS_VALU",18710016.000000,250539813611,250540309378
164,164,"Agent 1",1,1919,1919,8192,17,"pk_gemm(__half const*, __half const*, __half*, int, int, int)",128,8704,0,208,0,128,"SQ_WAVES",256.000000,250539813611,250540309378
165,165,"Agent 1",1,1919,1919,8192,17,"pk_gemm(__half const*, __half const*, __half*, int, int, int)",128,8704,0,208,0,128,"SQ_INSTS_LDS",1310720.000000,250540340156,250540829351
165,165,"Agent 1",1,1919,1919,8192,17,"pk_gemm(__half const*, __half const*, __half*, int, int, int)",128,8704,0,208,0,128,"SQ_INSTS_VALU",18710016.000000,250540340156,250540829351
165,165,"Agent 1",1,1919,1919,8192,17,"pk_gemm(__half const*, __half const*, __half*, int, int, int)",128,8704,0,208,0,128,"SQ_WAVES",256.000000,250540340156,250540829351
166,166,"Agent 1",1,1919,1919,8192,17,"pk_gemm(__half const*, __half const*, __half*, int, int, int)",128,8704,0,208,0,128,"SQ_INSTS_LDS",1310720.000000,250540859688,250541356217
166,166,"Agent 1",1,1919,1919,8192,17,"pk_gemm(__half const*, __half const*, __half*, int, int, int)",128,8704,0,208,0,128,"SQ_INSTS_VALU",18710016.000000,250540859688,250541356217
166,166,"Agent 1",1,1919,1919,8192,17,"pk_gemm(__half const*, __half const*, __half*, int, int, int)",128,8704,0,208,0,128,"SQ_WAVES",256.000000,250540859688,250541356217
167,167,"Agent 1",1,1919,1919,8192,17,"pk_gemm(__half const*, __half const*, __half*, int, int, int)",128,8704,0,208,0,128,"SQ_INSTS_LDS",1310720.000000,250541386874,250541868055
167,167,"Agent 1",1,1919,1919,8192,17,"pk_gemm(__half const*, __half const*, __half*, int, int, int)",128,8704,0,208,0,128,"SQ_INSTS_VALU",18710016.000000,250541386874,250541868055
167,167,"Agent 1",1,1919,1919,8192,17,"pk_gemm(__half const*, __half const*, __half*, int, int, int)",128,8704,0,208,0,128,"SQ_WAVES",256.000000,250541386874,250541868055
168,168,"Agent 1",1,1919,1919,8192,17,"pk_gemm(__half const*, __half const*, __half*, int, int, int)",128,8704,0,208,0,128,"SQ_INSTS_LDS",1310720.000000,250541925001,250542430146
168,168,"Agent 1",1,1919,1919,8192,17,"pk_gemm(__half const*, __half const*, __half*, int, int, int)",128,8704,0,208,0,128,"SQ_INSTS_VALU",18710016.000000,250541925001,250542430146
168,168,"Agent 1",1,1919,1919,8192,17,"pk_gemm(__half const*, __half const*, __half*, int, int, int)",128,8704,0,208,0,128,"SQ_WAVES",256.000000,250541925001,250542430146
169,169,"Agent 1",1,1919,1919,8192,17,"pk_gemm(__half const*, __half const*, __half*, int, int, int)",128,8704,0,208,0,128,"SQ_INSTS_LDS",1310720.000000,250542461164,250542965508
169,169,"Agent 1",1,1919,1919,8192,17,"pk_gemm(__half const*, __half const*, __half*, int, int, int)",128,8704,0,208,0,128,"SQ_INSTS_VALU",18710016.000000,250542461164,250542965508
169,169,"Agent 1",1,1919,1919,8192,17,"pk_gemm(__half const*, __half const*, __half*, int, int, int)",128,8704,0,208,0,128,"SQ_WAVES",256.000000,250542461164,250542965508
170,170,"Agent 1",1,1919,1919,8192,17,"pk_gemm(__half const*, __half const*, __half*, int, int, int)",128,8704,0,208,0,128,"SQ_INSTS_LDS",1310720.000000,250542998930,250543502954
170,170,"Agent 1",1,1919,1919,8192,17,"pk_gemm(__half const*, __half const*, __half*, int, int, int)",128,8704,0,208,0,128,"SQ_INSTS_VALU",18710016.000000,250542998930,250543502954
170,170,"Agent 1",1,1919,1919,8192,17,"pk_gemm(__half const*, __half const*, __half*, int, int, int)",128,8704,0,208,0,128,"SQ_WAVES",256.000000,250542998930,250543502954
171,171,"Agent 1",1,1919,1919,8192,17,"pk_gemm(__half const*, __half const*, __half*, int, int, int)",128,8704,0,208,0,128,"SQ_INSTS_LDS",1310720.000000,250543536496,250544031342
171,171,"Agent 1",1,1919,1919,8192,17,"pk_gemm(__half const*, __half const*, __half*, int, int, int)",128,8704,0,208,0,128,"SQ_INSTS_VALU",18710016.000000,250543536496,250544031342
171,171,"Agent 1",1,1919,1919,8192,17,"pk_gemm(__half const*, __half const*, __half*, int, int, int)",128,8704,0,208,0,128,"SQ_WAVES",256.000000,250543536496,250544031342
172,172,"Agent 1",1,1919,1919,8192,17,"pk_gemm(__half const*, __half const*, __half*, int, int, int)",128,8704,0,208,0,128,"SQ_INSTS_LDS",1310720.000000,250544065165,250544555763
172,172,"Agent 1",1,1919,1919,8192,17,"pk_gemm(__half const*, __half const*, __half*, int, int, int)",128,8704,0,208,0,128,"SQ_INSTS_VALU",18710016.000000,250544065165,250544555763
172,172,"Agent 1",1,1919,1919,8192,17,"pk_gemm(__half const*, __half const*, __half*, int, int, int)",128,8704,0,208,0,128,"SQ_WAVES",256.000000,250544065165,250544555763
173,173,"Agent 1",1,1919,1919,8192,17,"pk_gemm(__half const*, __half const*, __half*, int, int, int)",128,8704,0,208,0,128,"SQ_INSTS_LDS",1310720.000000,250544589306,250545092968
173,173,"Agent 1",1,1919,1919,8192,17,"pk_gemm(__half const*, __half const*, __half*, int, int, int)",128,8704,0,208,0,128,"SQ_INSTS_VALU",18710016.000000,250544589306,250545092968
173,173,"Agent 1",1,1919,1919,8192,17,"pk_gemm(__half const*, __half const*, __half*, int, int, int)",128,8704,0,208,0,128,"SQ_WAVES",256.000000,250544589306,250545092968
174,174,"Agent 1",1,1919,1919,8192,17,"pk_gemm(__half const*, __half const*, __half*, int, int, int)",128,8704,0,208,0,128,"SQ_INSTS_LDS",1310720.000000,250545128475,250545649570
174,174,"Agent 1",1,1919,1919,8192,17,"pk_gemm(__half const*, __half const*, __half*, int, int, int)",128,8704,0,208,0,128,"SQ_INSTS_VALU",18710016.000000,250545128475,250545649570
174,174,"Agent 1",1,1919,1919,8192,17,"pk_gemm(__half const*, __half const*, __half*, int, int, int)",128,8704,0,208,0,128,"SQ_WAVES",256.000000,250545128475,250545649570
175,175,"Agent 1",1,1919,1919,8192,17,"pk_gemm(__half const*, __half const*, __half*, int, int, int)",128,8704,0,208,0,128,"SQ_INSTS_LDS",1310720.000000,250545683393,250546181645
175,175,"Agent 1",1,1919,1919,8192,17,"pk_gemm(__half const*, __half const*, __half*, int, int, int)",128,8704,0,208,0,128,"SQ_INSTS_VALU",18710016.000000,250545683393,250546181645
175,175,"Agent 1",1,1919,1919,8192,17,"pk_gemm(__half const*, __half const*, __half*, int, int, int)",128,8704,0,208,0,128,"SQ_WAVES",256.000000,250545683393,250546181645
176,176,"Agent 1",1,1919,1919,8192,17,"pk_gemm(__half const*, __half const*, __half*, int, int, int)",128,8704,0,208,0,128,"SQ_INSTS_LDS",1310720.000000,250546215789,250546720213
176,176,"Agent 1",1,1919,1919,8192,17,"pk_gemm(__half const*, __half const*, __half*, int, int, int)",128,8704,0,208,0,128,"SQ_INSTS_VALU",18710016.000000,250546215789,250546720213
176,176,"Agent 1",1,1919,1919,8192,17,"pk_gemm(__half const*, __half const*, __half*, int, int, int)",128,8704,0,208,0,128,"SQ_WAVES",256.000000,250546215789,250546720213
177,177,"Agent 1",1,1919,1919,8192,17,"pk_gemm(__half const*, __half const*, __half*, int, int, int)",128,8704,0,208,0,128,"SQ_INSTS_LDS",1310720.000000,250546752113,250547238423
177,177,"Agent 1",1,1919,1919,8192,17,"pk_gemm(__half const*, __half const*, __half*, int, int, int)",128,8704,0,208,0,128,"SQ_INSTS_VALU",18710016.000000,250546752113,250547238423
177,177,"Agent 1",1,1919,1919,8192,17,"pk_gemm(__half const*, __half const*, __half*, int, int, int)",128,8704,0,208,0,128,"SQ_WAVES",256.000000,250546752113,250547238423
178,178,"Agent 1",1,1919,1919,8192,17,"pk_gemm(__half const*, __half const*, __half*, int, int, int)",128,8704,0,208,0,128,"SQ_INSTS_LDS",1310720.000000,250547270322,250547776469
178,178,"Agent 1",1,1919,1919,8192,17,"pk_gemm(__half const*, __half const*, __half*, int, int, int)",128,8704,0,208,0,128,"SQ_INSTS_VALU",18710016.000000,250547270322,250547776469
178,178,"Agent 1",1,1919,1919,8192,17,"pk_gemm(__half const*, __half const*, __half*, int, int, int)",128,8704,0,208,0,128,"SQ_WAVES",256.000000,250547270322,250547776469
179,179,"Agent 1",1,1919,1919,8192,17,"pk_gemm(__half const*, __half const*, __half*, int, int, int)",128,8704,0,208,0,128,"SQ_INSTS_LDS",1310720.000000,250547809050,250548303856
179,179,"Agent 1",1,1919,1919,8192,17,"pk_gemm(__half const*, __half const*, __half*, int, int, int)",128,8704,0,208,0,128,"SQ_INSTS_VALU",18710016.000000,250547809050,250548303856
179,179,"Agent 1",1,1919,1919,8192,17,"pk_gemm(__half const*, __half const*, __half*, int, int, int)",128,8704,0,208,0,128,"SQ_WAVES",256.000000,250547809050,250548303856
180,180,"Agent 1",1,1919,1919,8192,17,"pk_gemm(__half const*, __half const*, __half*, int, int, int)",128,8704,0,208,0,128,"SQ_INSTS_LDS",1310720.000000,250548335916,250548823628
180,180,"Agent 1",1,1919,1919,8192,17,"pk_gemm(__half const*, __half const*, __half*, int, int, int)",128,8704,0,208,0,128,"SQ_INSTS_VALU",18710016.000000,250548335916,250548823628
180,180,"Agent 1",1,1919,1919,8192,17,"pk_gemm(__half const*, __half const*, __half*, int, int, int)",128,8704,0,208,0,128,"SQ_WAVES",256.000000,250548335916,250548823628
181,181,"Agent 1",1,1919,1919,8192,17,"pk_gemm(__half const*, __half const*, __half*, int, int, int)",128,8704,0,208,0,128,"SQ_INSTS_LDS",1310720.000000,250548857051,250549356666
181,181,"Agent 1",1,1919,1919,8192,17,"pk_gemm(__half const*, __half const*, __half*, int, int, int)",128,8704,0,208,0,128,"SQ_INSTS_VALU",18710016.000000,250548857051,250549356666
181,181,"Agent 1",1,1919,1919,8192,17,"pk_gemm(__half const*, __half const*, __half*, int, int, int)",128,8704,0,208,0,128,"SQ_WAVES",256.000000,250548857051,250549356666
182,182,"Agent 1",1,1919,1919,8192,17,"pk_gemm(__half const*, __half const*, __half*, int, int, int)",128,8704,0,208,0,128,"SQ_INSTS_LDS",1310720.000000,250549390249,250549876358
182,182,"Agent 1",1,1919,1919,8192,17,"pk_gemm(__half const*, __half const*, __half*, int, int, int)",128,8704,0,208,0,128,"SQ_INSTS_VALU",18710016.000000,250549390249,250549876358
182,182,"Agent 1",1,1919,1919,8192,17,"pk_gemm(__half const*, __half const*, __half*, int, int, int)",128,8704,0,208,0,128,"SQ_WAVES",256.000000,250549390249,250549876358
183,183,"Agent 1",1,1919,1919,8192,17,"pk_gemm(__half const*, __half const*, __half*, int, int, int)",128,8704,0,208,0,128,"SQ_INSTS_LDS",1310720.000000,250549907015,250550417130
183,183,"Agent 1",1,1919,1919,8192,17,"pk_gemm(__half const*, __half const*, __half*, int, int, int)",128,8704,0,208,0,128,"SQ_INSTS_VALU",18710016.000000,250549907015,250550417130
183,183,"Agent 1",1,1919,1919,8192,17,"pk_gemm(__half const*, __half const*, __half*, int, int, int)",128,8704,0,208,0,128,"SQ_WAVES",256.000000,250549907015,250550417130
184,184,"Agent 1",1,1919,1919,8192,17,"pk_gemm(__half const*, __half const*, __half*, int, int, int)",128,8704,0,208,0,128,"SQ_INSTS_LDS",1310720.000000,250550449751,250550955297
184,184,"Agent 1",1,1919,1919,8192,17,"pk_gemm(__half const*, __half const*, __half*, int, int, int)",128,8704,0,208,0,128,"SQ_INSTS_VALU",18710016.000000,250550449751,250550955297
184,184,"Agent 1",1,1919,1919,8192,17,"pk_gemm(__half const*, __half const*, __half*, int, int, int)",128,8704,0,208,0,128,"SQ_WAVES",256.000000,250550449751,250550955297
185,185,"Agent 1",1,1919,1919,8192,17,"pk_gemm(__half const*, __half const*, __half*, int, int, int)",128,8704,0,208,0,128,"SQ_INSTS_LDS",1310720.000000,250550988238,250551482203
185,185,"Agent 1",1,1919,1919,8192,17,"pk_gemm(__half const*, __half const*, __half*, int, int, int)",128,8704,0,208,0,128,"SQ_INSTS_VALU",18710016.000000,250550988238,250551482203
185,185,"Agent 1",1,1919,1919,8192,17,"pk_gemm(__half const*, __half const*, __half*, int, int, int)",128,8704,0,208,0,128,"SQ_WAVES",256.000000,250550988238,250551482203
186,186,"Agent 1",1,1919,1919,8192,17,"pk_gemm(__half const*, __half const*, __half*, int, int, int)",128,8704,0,208,0,128,"SQ_INSTS_LDS",1310720.000000,250551513661,250552013437
186,186,"Agent 1",1,1919,1919,8192,17,"pk_gemm(__half const*, __half const*, __half*, int, int, int)",128,8704,0,208,0,128,"SQ_INSTS_VALU",18710016.000000,250551513661,250552013437
186,186,"Agent 1",1,1919,1919,8192,17,"pk_gemm(__half const*, __half const*, __half*, int, int, int)",128,8704,0,208,0,128,"SQ_WAVES",256.000000,250551513661,250552013437
187,187,"Agent 1",1,1919,1919,8192,17,"pk_gemm(__half const*, __half const*, __half*, int, int, int)",128,8704,0,208,0,128,"SQ_INSTS_LDS",1310720.000000,250552043934,250552537697
187,187,"Agent 1",1,1919,1919,8192,17,"pk_gemm(__half const*, __half const*, __half*, int, int, int)",128,8704,0,208,0,128,"SQ_INSTS_VALU",18710016.000000,250552043934,250552537697
187,187,"Agent 1",1,1919,1919,8192,17,"pk_gemm(__half const*, __half const*, __half*, int, int, int)",128,8704,0,208,0,128,"SQ_WAVES",256.000000,250552043934,250552537697
188,188,"Agent 1",1,1919,1919,8192,17,"pk_gemm(__half const*, __half const*, __half*, int, int, int)",128,8704,0,208,0,128,"SQ_INSTS_LDS",1310720.000000,250552568876,250553065886
188,188,"Agent 1",1,1919,1919,8192,17,"pk_gemm(__half const*, __half const*, __half*, int, int, int)",128,8704,0,208,0,128,"SQ_INSTS_VALU",18710016.000000,250552568876,250553065886
188,188,"Agent 1",1,1919,1919,8192,17,"pk_gemm(__half const*, __half const*, __half*, int, int, int)",128,8704,0,208,0,128,"SQ_WAVES",256.000000,250552568876,250553065886
189,189,"Agent 1",1,1919,1919,8192,17,"pk_gemm(__half const*, __half const*, __half*, int, int, int)",128,8704,0,208,0,128,"SQ_INSTS_LDS",1310720.000000,250553097585,250553593192
189,189,"Agent 1",1,1919,1919,8192,17,"pk_gemm(__half const*, __half const*, __half*, int, int, int)",128,8704,0,208,0,128,"SQ_INSTS_VALU",18710016.000000,250553097585,250553593192
189,189,"Agent 1",1,1919,1919,8192,17,"pk_gemm(__half const*, __half const*, __half*, int, int, int)",128,8704,0,208,0,128,"SQ_WAVES",256.000000,250553097585,250553593192
190,190,"Agent 1",1,1919,1919,8192,17,"pk_gemm(__half const*, __half const*, __half*, int, int, int)",128,8704,0,208,0,128,"SQ_INSTS_LDS",1310720.000000,250553624531,250554123745
190,190,"Agent 1",1,1919,1919,8192,17,"pk_gemm(__half const*, __half const*, __half*, int, int, int)",128,8704,0,208,0,128,"SQ_INSTS_VALU",18710016.000000,250553624531,250554123745
190,190,"Agent 1",1,1919,1919,8192,17,"pk_gemm(__half const*, __half const*, __half*, int, int, int)",128,8704,0,208,0,128,"SQ_WAVES",256.000000,250553624531,250554123745
191,191,"Agent 1",1,1919,1919,8192,17,"pk_gemm(__half const*, __half const*, __half*, int, int, int)",128,8704,0,208,0,128,"SQ_INSTS_LDS",1310720.000000,250554154563,250554652334
191,191,"Agent 1",1,1919,1919,8192,17,"pk_gemm(__half const*, __half const*, __half*, int, int, int)",128,8704,0,208,0,128,"SQ_INSTS_VALU",18710016.000000,250554154563,250554652334
191,191,"Agent 1",1,1919,1919,8192,17,"pk_gemm(__half const*, __half const*, __half*, int, int, int)",128,8704,0,208,0,128,"SQ_WAVES",256.000000,250554154563,250554652334
192,192,"Agent 1",1,1919,1919,8192,17,"pk_gemm(__half const*, __half const*, __half*, int, int, int)",128,8704,0,208,0,128,"SQ_INSTS_LDS",1310720.000000,250554682510,250555170263
192,192,"Agent 1",1,1919,1919,8192,17,"pk_gemm(__half const*, __half const*, __half*, int, int, int)",128,8704,0,208,0,128,"SQ_INSTS_VALU",18710016.000000,250554682510,250555170263
192,192,"Agent 1",1,1919,1919,8192,17,"pk_gemm(__half const*, __half const*, __half*, int, int, int)",128,8704,0,208,0,128,"SQ_WAVES",256.000000,250554682510,250555170263
193,193,"Agent 1",1,1919,1919,8192,17,"pk_gemm(__half const*, __half const*, __half*, int, int, int)",128,8704,0,208,0,128,"SQ_INSTS_LDS",1310720.000000,250555199918,250555713279
193,193,"Agent 1",1,1919,1919,8192,17,"pk_gemm(__half const*, __half const*, __half*, int, int, int)",128,8704,0,208,0,128,"SQ_INSTS_VALU",18710016.000000,250555199918,250555713279
193,193,"Agent 1",1,1919,1919,8192,17,"pk_gemm(__half const*, __half const*, __half*, int, int, int)",128,8704,0,208,0,128,"SQ_WAVES",256.000000,250555199918,250555713279
194,194,"Agent 1",1,1919,1919,8192,17,"pk_gemm(__half const*, __half const*, __half*, int, int, int)",128,8704,0,208,0,128,"SQ_INSTS_LDS",1310720.000000,250555743135,250556240986
194,194,"Agent 1",1,1919,1919,8192,17,"pk_gemm(__half const*, __half const*, __half*, int, int, int)",128,8704,0,208,0,128,"SQ_INSTS_VALU",18710016.000000,250555743135,250556240986
194,194,"Agent 1",1,1919,1919,8192,17,"pk_gemm(__half const*, __half const*, __half*, int, int, int)",128,8704,0,208,0,128,"SQ_WAVES",256.000000,250555743135,250556240986
195,195,"Agent 1",1,1919,1919,8192,17,"pk_gemm(__half const*, __half const*, __half*, int, int, int)",128,8704,0,208,0,128,"SQ_INSTS_LDS",1310720.000000,250556271203,250556770978
195,195,"Agent 1",1,1919,1919,8192,17,"pk_gemm(__half const*, __half const*, __half*, int, int, int)",128,8704,0,208,0,128,"SQ_INSTS_VALU",18710016.000000,250556271203,250556770978
195,195,"Agent 1",1,1919,1919,8192,17,"pk_gemm(__half const*, __half const*, __half*, int, int, int)",128,8704,0,208,0,128,"SQ_WAVES",256.000000,250556271203,250556770978
196,196,"Agent 1",1,1919,1919,8192,17,"pk_gemm(__half const*, __half const*, __half*, int, int, int)",128,8704,0,208,0,128,"SQ_INSTS_LDS",1310720.000000,250556801876,250557299567
196,196,"Agent 1",1,1919,1919,8192,17,"pk_gemm(__half const*, __half const*, __half*, int, int, int)",128,8704,0,208,0,128,"SQ_INSTS_VALU",18710016.000000,250556801876,250557299567
196,196,"Agent 1",1,1919,1919,8192,17,"pk_gemm(__half const*, __half const*, __half*, int, int, int)",128,8704,0,208,0,128,"SQ_WAVES",256.000000,250556801876,250557299567
197,197,"Agent 1",1,1919,1919,8192,17,"pk_gemm(__half const*, __half const*, __half*, int, int, int)",128,8704,0,208,0,128,"SQ_INSTS_LDS",1310720.000000,250557330384,250557823828
197,197,"Agent 1",1,1919,1919,8192,17,"pk_gemm(__half const*, __half const*, __half*, int, int, int)",128,8704,0,208,0,128,"SQ_INSTS_VALU",18710016.000000,250557330384,250557823828
197,197,"Agent 1",1,1919,1919,8192,17,"pk_gemm(__half const*, __half const*, __half*, int, int, int)",128,8704,0,208,0,128,"SQ_WAVES",256.000000,250557330384,250557823828
198,198,"Agent 1",1,1919,1919,8192,17,"pk_gemm(__half const*, __half const*, __half*, int, int, int)",128,8704,0,208,0,128,"SQ_INSTS_LDS",1310720.000000,250557879171,250558394535
198,198,"Agent 1",1,1919,1919,8192,17,"pk_gemm(__half const*, __half const*, __half*, int, int, int)",128,8704,0,208,0,128,"SQ_INSTS_VALU",18710016.000000,250557879171,250558394535
198,198,"Agent 1",1,1919,1919,8192,17,"pk_gemm(__half const*, __half const*, __half*, int, int, int)",128,8704,0,208,0,128,"SQ_WAVES",256.000000,250557879171,250558394535
199,199,"Agent 1",1,1919,1919,8192,17,"pk_gemm(__half const*, __half const*, __half*, int, int, int)",128,8704,0,208,0,128,"SQ_INSTS_LDS",1310720.000000,250558429321,250558921602
199,199,"Agent 1",1,1919,1919,8192,17,"pk_gemm(__half const*, __half const*, __half*, int, int, int)",128,8704,0,208,0,128,"SQ_INSTS_VALU",18710016.000000,250558429321,250558921602
199,199,"Agent 1",1,1919,1919,8192,17,"pk_gemm(__half const*, __half const*, __half*, int, int, int)",128,8704,0,208,0,128,"SQ_WAVES",256.000000,250558429321,250558921602
200,200,"Agent 1",1,1919,1919,8192,17,"pk_gemm(__half const*, __half const*, __half*, int, int, int)",128,8704,0,208,0,128,"SQ_INSTS_LDS",1310720.000000,250558957549,250559465139
200,200,"Agent 1",1,1919,1919,8192,17,"pk_gemm(__half const*, __half const*, __half*, int, int, int)",128,8704,0,208,0,128,"SQ_INSTS_VALU",18710016.000000,250558957549,250559465139
200,200,"Agent 1",1,1919,1919,8192,17,"pk_gemm(__half const*, __half const*, __half*, int, int, int)",128,8704,0,208,0,128,"SQ_WAVES",256.000000,250558957549,250559465139
201,201,"Agent 1",1,1919,1919,8192,17,"pk_gemm(__half const*, __half const*, __half*, int, int, int)",128,8704,0,208,0,128,"SQ_INSTS_LDS",1310720.000000,250559498080,250560014927
201,201,"Agent 1",1,1919,1919,8192,17,"pk_gemm(__half const*, __half const*, __half*, int, int, int)",128,8704,0,208,0,128,"SQ_INSTS_VALU",18710016.000000,250559498080,250560014927
201,201,"Agent 1",1,1919,1919,8192,17,"pk_gemm(__half const*, __half const*, __half*, int, int, int)",128,8704,0,208,0,128,"SQ_WAVES",256.000000,250559498080,250560014927
202,202,"Agent 1",1,1919,1919,8192,17,"pk_gemm(__half const*, __half const*, __half*, int, int, int)",128,8704,0,208,0,128,"SQ_INSTS_LDS",1310720.000000,250560047588,250560532816
202,202,"Agent 1",1,1919,1919,8192,17,"pk_gemm(__half const*, __half const*, __half*, int, int, int)",128,8704,0,208,0,128,"SQ_INSTS_VALU",18710016.000000,250560047588,250560532816
202,202,"Agent 1",1,1919,1919,8192,17,"pk_gemm(__half const*, __half const*, __half*, int, int, int)",128,8704,0,208,0,128,"SQ_WAVES",256.000000,250560047588,250560532816
203,203,"Agent 1",1,1919,1919,8192,17,"pk_gemm(__half const*, __half const*, __half*, int, int, int)",128,8704,0,208,0,128,"SQ_INSTS_LDS",1310720.000000,250560565357,250561068378
203,203,"Agent 1",1,1919,1919,8192,17,"pk_gemm(__half const*, __half const*, __half*, int, int, int)",128,8704,0,208,0,128,"SQ_INSTS_VALU",18710016.000000,250560565357,250561068378
203,203,"Agent 1",1,1919,1919,8192,17,"pk_gemm(__half const*, __half const*, __half*, int, int, int)",128,8704,0,208,0,128,"SQ_WAVES",256.000000,250560565357,250561068378
204,204,"Agent 1",1,1919,1919,8192,17,"pk_gemm(__half const*, __half const*, __half*, int, int, int)",128,8704,0,208,0,128,"SQ_INSTS_LDS",1310720.000000,250561101841,250561601135
204,204,"Agent 1",1,1919,1919,8192,17,"pk_gemm(__half const*, __half const*, __half*, int, int, int)",128,8704,0,208,0,128,"SQ_INSTS_VALU",18710016.000000,250561101841,250561601135
204,204,"Agent 1",1,1919,1919,8192,17,"pk_gemm(__half const*, __half const*, __half*, int, int, int)",128,8704,0,208,0,128,"SQ_WAVES",256.000000,250561101841,250561601135
205,205,"Agent 1",1,1919,1919,8192,17,"pk_gemm(__half const*, __half const*, __half*, int, int, int)",128,8704,0,208,0,128,"SQ_INSTS_LDS",1310720.000000,250561635599,250562137579
205,205,"Agent 1",1,1919,1919,8192,17,"pk_gemm(__half const*, __half const*, __half*, int, int, int)",128,8704,0,208,0,128,"SQ_INSTS_VALU",18710016.000000,250561635599,250562137579
205,205,"Agent 1",1,1919,1919,8192,17,"pk_gemm(__half const*, __half const*, __half*, int, int, int)",128,8704,0,208,0,128,"SQ_WAVES",256.000000,250561635599,250562137579
206,206,"Agent 1",1,1919,1919,8192,17,"pk_gemm(__half const*, __half const*, __half*, int, int, int)",128,8704,0,208,0,128,"SQ_INSTS_LDS",1310720.000000,250562170600,250562668292
206,206,"Agent 1",1,1919,1919,8192,17,"pk_gemm(__half const*, __half const*, __half*, int, int, int)",128,8704,0,208,0,128,"SQ_INSTS_VALU",18710016.000000,250562170600,250562668292
206,206,"Agent 1",1,1919,1919,8192,17,"pk_gemm(__half const*, __half const*, __half*, int, int, int)",128,8704,0,208,0,128,"SQ_WAVES",256.000000,250562170600,250562668292
207,207,"Agent 1",1,1919,1919,8192,17,"pk_gemm(__half const*, __half const*, __half*, int, int, int)",128,8704,0,208,0,128,"SQ_INSTS_LDS",1310720.000000,250562700993,250563183415
207,207,"Agent 1",1,1919,1919,8192,17,"pk_gemm(__half const*, __half const*, __half*, int, int, int)",128,8704,0,208,0,128,"SQ_INSTS_VALU",18710016.000000,250562700993,250563183415
207,207,"Agent 1",1,1919,1919,8192,17,"pk_gemm(__half const*, __half const*, __half*, int, int, int)",128,8704,0,208,0,128,"SQ_WAVES",256.000000,250562700993,250563183415
208,208,"Agent 1",1,1919,1919,8192,17,"pk_gemm(__half const*, __half const*, __half*, int, int, int)",128,8704,0,208,0,128,"SQ_INSTS_LDS",1310720.000000,250563217159,250563723185
208,208,"Agent 1",1,1919,1919,8192,17,"pk_gemm(__half const*, __half const*, __half*, int, int, int)",128,8704,0,208,0,128,"SQ_INSTS_VALU",18710016.000000,250563217159,250563723185
208,208,"Agent 1",1,1919,1919,8192,17,"pk_gemm(__half const*, __half const*, __half*, int, int, int)",128,8704,0,208,0,128,"SQ_WAVES",256.000000,250563217159,250563723185
209,209,"Agent 1",1,1919,1919,8192,17,"pk_gemm(__half const*, __half const*, __half*, int, int, int)",128,8704,0,208,0,128,"SQ_INSTS_LDS",1310720.000000,250563756928,250564253017
209,209,"Agent 1",1,1919,1919,8192,17,"pk_gemm(__half const*, __half const*, __half*, int, int, int)",128,8704,0,208,0,128,"SQ_INSTS_VALU",18710016.000000,250563756928,250564253017
209,209,"Agent 1",1,1919,1919,8192,17,"pk_gemm(__half const*, __half const*, __half*, int, int, int)",128,8704,0,208,0,128,"SQ_WAVES",256.000000,250563756928,250564253017
210,210,"Agent 1",1,1919,1919,8192,17,"pk_gemm(__half const*, __half const*, __half*, int, int, int)",128,8704,0,208,0,128,"SQ_INSTS_LDS",1310720.000000,250564284676,250564777839
210,210,"Agent 1",1,1919,1919,8192,17,"pk_gemm(__half const*, __half const*, __half*, int, int, int)",128,8704,0,208,0,128,"SQ_INSTS_VALU",18710016.000000,250564284676,250564777839
210,210,"Agent 1",1,1919,1919,8192,17,"pk_gemm(__half const*, __half const*, __half*, int, int, int)",128,8704,0,208,0,128,"SQ_WAVES",256.000000,250564284676,250564777839
211,211,"Agent 1",1,1919,1919,8192,17,"pk_gemm(__half const*, __half const*, __half*, int, int, int)",128,8704,0,208,0,128,"SQ_INSTS_LDS",1310720.000000,250564808817,250565314002
211,211,"Agent 1",1,1919,1919,8192,17,"pk_gemm(__half const*, __half const*, __half*, int, int, int)",128,8704,0,208,0,128,"SQ_INSTS_VALU",18710016.000000,250564808817,250565314002
211,211,"Agent 1",1,1919,1919,8192,17,"pk_gemm(__half const*, __half const*, __half*, int, int, int)",128,8704,0,208,0,128,"SQ_WAVES",256.000000,250564808817,250565314002
212,212,"Agent 1",1,1919,1919,8192,17,"pk_gemm(__half const*, __half const*, __half*, int, int, int)",128,8704,0,208,0,128,"SQ_INSTS_LDS",1310720.000000,250565345260,250565834816
212,212,"Agent 1",1,1919,1919,8192,17,"pk_gemm(__half const*, __half const*, __half*, int, int, int)",128,8704,0,208,0,128,"SQ_INSTS_VALU",18710016.000000,250565345260,250565834816
212,212,"Agent 1",1,1919,1919,8192,17,"pk_gemm(__half const*, __half const*, __half*, int, int, int)",128,8704,0,208,0,128,"SQ_WAVES",256.000000,250565345260,250565834816
213,213,"Agent 1",1,1919,1919,8192,17,"pk_gemm(__half const*, __half const*, __half*, int, int, int)",128,8704,0,208,0,128,"SQ_INSTS_LDS",1310720.000000,250565866716,250566367052
213,213,"Agent 1",1,1919,1919,8192,17,"pk_gemm(__half const*, __half const*, __half*, int, int, int)",128,8704,0,208,0,128,"SQ_INSTS_VALU",18710016.000000,250565866716,250566367052
213,213,"Agent 1",1,1919,1919,8192,17,"pk_gemm(__half const*, __half const*, __half*, int, int, int)",128,8704,0,208,0,128,"SQ_WAVES",256.000000,250565866716,250566367052
214,214,"Agent 1",1,1919,1919,8192,17,"pk_gemm(__half const*, __half const*, __half*, int, int, int)",128,8704,0,208,0,128,"SQ_INSTS_LDS",1310720.000000,250566399192,250566918243
214,214,"Agent 1",1,1919,1919,8192,17,"pk_gemm(__half const*, __half const*, __half*, int, int, int)",128,8704,0,208,0,128,"SQ_INSTS_VALU",18710016.000000,250566399192,250566918243
214,214,"Agent 1",1,1919,1919,8192,17,"pk_gemm(__half const*, __half const*, __half*, int, int, int)",128,8704,0,208,0,128,"SQ_WAVES",256.000000,250566399192,250566918243
215,215,"Agent 1",1,1919,1919,8192,17,"pk_gemm(__half const*, __half const*, __half*, int, int, int)",128,8704,0,208,0,128,"SQ_INSTS_LDS",1310720.000000,250566950864,250567451361
215,215,"Agent 1",1,1919,1919,8192,17,"pk_gemm(__half const*, __half const*, __half*, int, int, int)",128,8704,0,208,0,128,"SQ_INSTS_VALU",18710016.000000,250566950864,250567451361
215,215,"Agent 1",1,1919,1919,8192,17,"pk_gemm(__half const*, __half const*, __half*, int, int, int)",128,8704,0,208,0,128,"SQ_WAVES",256.000000,250566950864,250567451361
216,216,"Agent 1",1,1919,1919,8192,17,"pk_gemm(__half const*, __half const*, __half*, int, int, int)",128,8704,0,208,0,128,"SQ_INSTS_LDS",1310720.000000,250567482499,250567981553
216,216,"Agent 1",1,1919,1919,8192,17,"pk_gemm(__half const*, __half const*, __half*, int, int, int)",128,8704,0,208,0,128,"SQ_INSTS_VALU",18710016.000000,250567482499,250567981553
216,216,"Agent 1",1,1919,1919,8192,17,"pk_gemm(__half const*, __half const*, __half*, int, int, int)",128,8704,0,208,0,128,"SQ_WAVES",256.000000,250567482499,250567981553
217,217,"Agent 1",1,1919,1919,8192,17,"pk_gemm(__half const*, __half const*, __half*, int, int, int)",128,8704,0,208,0,128,"SQ_INSTS_LDS",1310720.000000,250568013693,250568515672
217,217,"Agent 1",1,1919,1919,8192,17,"pk_gemm(__half const*, __half const*, __half*, int, int, int)",128,8704,0,208,0,128,"SQ_INSTS_VALU",18710016.000000,250568013693,250568515672
217,217,"Agent 1",1,1919,1919,8192,17,"pk_gemm(__half const*, __half const*, __half*, int, int, int)",128,8704,0,208,0,128,"SQ_WAVES",256.000000,250568013693,250568515672
218,218,"Agent 1",1,1919,1919,8192,17,"pk_gemm(__half const*, __half const*, __half*, int, int, int)",128,8704,0,208,0,128,"SQ_INSTS_LDS",1310720.000000,250568547251,250569068827
218,218,"Agent 1",1,1919,1919,8192,17,"pk_gemm(__half const*, __half const*, __half*, int, int, int)",128,8704,0,208,0,128,"SQ_INSTS_VALU",18710016.000000,250568547251,250569068827
218,218,"Agent 1",1,1919,1919,8192,17,"pk_gemm(__half const*, __half const*, __half*, int, int, int)",128,8704,0,208,0,128,"SQ_WAVES",256.000000,250568547251,250569068827
219,219,"Agent 1",1,1919,1919,8192,17,"pk_gemm(__half const*, __half const*, __half*, int, int, int)",128,8704,0,208,0,128,"SQ_INSTS_LDS",1310720.000000,250569099204,250569601504
219,219,"Agent 1",1,1919,1919,8192,17,"pk_gemm(__half const*, __half const*, __half*, int, int, int)",128,8704,0,208,0,128,"SQ_INSTS_VALU",18710016.000000,250569099204,250569601504
219,219,"Agent 1",1,1919,1919,8192,17,"pk_gemm(__half const*, __half const*, __half*, int, int, int)",128,8704,0,208,0,128,"SQ_WAVES",256.000000,250569099204,250569601504
220,220,"Agent 1",1,1919,1919,8192,17,"pk_gemm(__half const*, __half const*, __half*, int, int, int)",128,8704,0,208,0,128,"SQ_INSTS_LDS",1310720.000000,250569631880,250570145161
220,220,"Agent 1",1,1919,1919,8192,17,"pk_gemm(__half const*, __half const*, __half*, int, int, int)",128,8704,0,208,0,128,"SQ_INSTS_VALU",18710016.000000,250569631880,250570145161
220,220,"Agent 1",1,1919,1919,8192,17,"pk_gemm(__half const*, __half const*, __half*, int, int, int)",128,8704,0,208,0,128,"SQ_WAVES",256.000000,250569631880,250570145161
221,221,"Agent 1",1,1919,1919,8192,17,"pk_gemm(__half const*, __half const*, __half*, int, int, int)",128,8704,0,208,0,128,"SQ_INSTS_LDS",1310720.000000,250570175818,250570679240
221,221,"Agent 1",1,1919,1919,8192,17,"pk_gemm(__half const*, __half const*, __half*, int, int, int)",128,8704,0,208,0,128,"SQ_INSTS_VALU",18710016.000000,250570175818,250570679240
221,221,"Agent 1",1,1919,1919,8192,17,"pk_gemm(__half const*, __half const*, __half*, int, int, int)",128,8704,0,208,0,128,"SQ_WAVES",256.000000,250570175818,250570679240
222,222,"Agent 1",1,1919,1919,8192,17,"pk_gemm(__half const*, __half const*, __half*, int, int, int)",128,8704,0,208,0,128,"SQ_INSTS_LDS",1310720.000000,250570709417,250571198932
222,222,"Agent 1",1,1919,1919,8192,17,"pk_gemm(__half const*, __half const*, __half*, int, int, int)",128,8704,0,208,0,128,"SQ_INSTS_VALU",18710016.000000,250570709417,250571198932
222,222,"Agent 1",1,1919,1919,8192,17,"pk_gemm(__half const*, __half const*, __half*, int, int, int)",128,8704,0,208,0,128,"SQ_WAVES",256.000000,250570709417,250571198932
223,223,"Agent 1",1,1919,1919,8192,17,"pk_gemm(__half const*, __half const*, __half*, int, int, int)",128,8704,0,208,0,128,"SQ_INSTS_LDS",1310720.000000,250571229389,250571743471
223,223,"Agent 1",1,1919,1919,8192,17,"pk_gemm(__half const*, __half const*, __half*, int, int, int)",128,8704,0,208,0,128,"SQ_INSTS_VALU",18710016.000000,250571229389,250571743471
223,223,"Agent 1",1,1919,1919,8192,17,"pk_gemm(__half const*, __half const*, __half*, int, int, int)",128,8704,0,208,0,128,"SQ_WAVES",256.000000,250571229389,250571743471
224,224,"Agent 1",1,1919,1919,8192,17,"pk_gemm(__half const*, __half const*, __half*, int, int, int)",128,8704,0,208,0,128,"SQ_INSTS_LDS",1310720.000000,250571773327,250572266891
224,224,"Agent 1",1,1919,1919,8192,17,"pk_gemm(__half const*, __half const*, __half*, int, int, int)",128,8704,0,208,0,128,"SQ_INSTS_VALU",18710016.000000,250571773327,250572266891
224,224,"Agent 1",1,1919,1919,8192,17,"pk_gemm(__half const*, __half const*, __half*, int, int, int)",128,8704,0,208,0,128,"SQ_WAVES",256.000000,250571773327,250572266891
225,225,"Agent 1",1,1919,1919,8192,17,"pk_gemm(__half const*, __half const*, __half*, int, int, int)",128,8704,0,208,0,128,"SQ_INSTS_LDS",1310720.000000,250572296670,250572787188
225,225,"Agent 1",1,1919,1919,8192,17,"pk_gemm(__half const*, __half const*, __half*, int, int, int)",128,8704,0,208,0,128,"SQ_INSTS_VALU",18710016.000000,250572296670,250572787188
225,225,"Agent 1",1,1919,1919,8192,17,"pk_gemm(__half const*, __half const*, __half*, int, int, int)",128,8704,0,208,0,128,"SQ_WAVES",256.000000,250572296670,250572787188
226,226,"Agent 1",1,1919,1919,8192,17,"pk_gemm(__half const*, __half const*, __half*, int, int, int)",128,8704,0,208,0,128,"SQ_INSTS_LDS",1310720.000000,250572820089,250573312530
226,226,"Agent 1",1,1919,1919,8192,17,"pk_gemm(__half const*, __half const*, __half*, int, int, int)",128,8704,0,208,0,128,"SQ_INSTS_VALU",18710016.000000,250572820089,250573312530
226,226,"Agent 1",1,1919,1919,8192,17,"pk_gemm(__half const*, __half const*, __half*, int, int, int)",128,8704,0,208,0,128,"SQ_WAVES",256.000000,250572820089,250573312530
227,227,"Agent 1",1,1919,1919,8192,17,"pk_gemm(__half const*, __half const*, __half*, int, int, int)",128,8704,0,208,0,128,"SQ_INSTS_LDS",1310720.000000,250573342907,250573836871
227,227,"Agent 1",1,1919,1919,8192,17,"pk_gemm(__half const*, __half const*, __half*, int, int, int)",128,8704,0,208,0,128,"SQ_INSTS_VALU",18710016.000000,250573342907,250573836871
227,227,"Agent 1",1,1919,1919,8192,17,"pk_gemm(__half const*, __half const*, __half*, int, int, int)",128,8704,0,208,0,128,"SQ_WAVES",256.000000,250573342907,250573836871
228,228,"Agent 1",1,1919,1919,8192,17,"pk_gemm(__half const*, __half const*, __half*, int, int, int)",128,8704,0,208,0,128,"SQ_INSTS_LDS",1310720.000000,250573892055,250574398041
228,228,"Agent 1",1,1919,1919,8192,17,"pk_gemm(__half const*, __half const*, __half*, int, int, int)",128,8704,0,208,0,128,"SQ_INSTS_VALU",18710016.000000,250573892055,250574398041
228,228,"Agent 1",1,1919,1919,8192,17,"pk_gemm(__half const*, __half const*, __half*, int, int, int)",128,8704,0,208,0,128,"SQ_WAVES",256.000000,250573892055,250574398041
229,229,"Agent 1",1,1919,1919,8192,17,"pk_gemm(__half const*, __half const*, __half*, int, int, int)",128,8704,0,208,0,128,"SQ_INSTS_LDS",1310720.000000,250574432826,250574938212
229,229,"Agent 1",1,1919,1919,8192,17,"pk_gemm(__half const*, __half const*, __half*, int, int, int)",128,8704,0,208,0,128,"SQ_INSTS_VALU",18710016.000000,250574432826,250574938212
229,229,"Agent 1",1,1919,1919,8192,17,"pk_gemm(__half const*, __half const*, __half*, int, int, int)",128,8704,0,208,0,128,"SQ_WAVES",256.000000,250574432826,250574938212
230,230,"Agent 1",1,1919,1919,8192,17,"pk_gemm(__half const*, __half const*, __half*, int, int, int)",128,8704,0,208,0,128,"SQ_INSTS_LDS",1310720.000000,250574974480,250575482711
230,230,"Agent 1",1,1919,1919,8192,17,"pk_gemm(__half const*, __half const*, __half*, int, int, int)",128,8704,0,208,0,128,"SQ_INSTS_VALU",18710016.000000,250574974480,250575482711
230,230,"Agent 1",1,1919,1919,8192,17,"pk_gemm(__half const*, __half const*, __half*, int, int, int)",128,8704,0,208,0,128,"SQ_WAVES",256.000000,250574974480,250575482711
231,231,"Agent 1",1,1919,1919,8192,17,"pk_gemm(__half const*, __half const*, __half*, int, int, int)",128,8704,0,208,0,128,"SQ_INSTS_LDS",1310720.000000,250575518297,250576021840
231,231,"Agent 1",1,1919,1919,8192,17,"pk_gemm(__half const*, __half const*, __half*, int, int, int)",128,8704,0,208,0,128,"SQ_INSTS_VALU",18710016.000000,250575518297,250576021840
231,231,"Agent 1",1,1919,1919,8192,17,"pk_gemm(__half const*, __half const*, __half*, int, int, int)",128,8704,0,208,0,128,"SQ_WAVES",256.000000,250575518297,250576021840
232,232,"Agent 1",1,1919,1919,8192,17,"pk_gemm(__half const*, __half const*, __half*, int, int, int)",128,8704,0,208,0,128,"SQ_INSTS_LDS",1310720.000000,250576055262,250576545339
232,232,"Agent 1",1,1919,1919,8192,17,"pk_gemm(__half const*, __half const*, __half*, int, int, int)",128,8704,0,208,0,128,"SQ_INSTS_VALU",18710016.000000,250576055262,250576545339
232,232,"Agent 1",1,1919,1919,8192,17,"pk_gemm(__half const*, __half const*, __half*, int, int, int)",128,8704,0,208,0,128,"SQ_WAVES",256.000000,250576055262,250576545339
233,233,"Agent 1",1,1919,1919,8192,17,"pk_gemm(__half const*, __half const*, __half*, int, int, int)",128,8704,0,208,0,128,"SQ_INSTS_LDS",1310720.000000,250576577720,250577089477
233,233,"Agent 1",1,1919,1919,8192,17,"pk_gemm(__half const*, __half const*, __half*, int, int, int)",128,8704,0,208,0,128,"SQ_INSTS_VALU",18710016.000000,250576577720,250577089477
233,233,"Agent 1",1,1919,1919,8192,17,"pk_gemm(__half const*, __half const*, __half*, int, int, int)",128,8704,0,208,0,128,"SQ_WAVES",256.000000,250576577720,250577089477
234,234,"Agent 1",1,1919,1919,8192,17,"pk_gemm(__half const*, __half const*, __half*, int, int, int)",128,8704,0,208,0,128,"SQ_INSTS_LDS",1310720.000000,250577123341,250577622835
234,234,"Agent 1",1,1919,1919,8192,17,"pk_gemm(__half const*, __half const*, __half*, int, int, int)",128,8704,0,208,0,128,"SQ_INSTS_VALU",18710016.000000,250577123341,250577622835
234,234,"Agent 1",1,1919,1919,8192,17,"pk_gemm(__half const*, __half const*, __half*, int, int, int)",128,8704,0,208,0,128,"SQ_WAVES",256.000000,250577123341,250577622835
235,235,"Agent 1",1,1919,1919,8192,17,"pk_gemm(__half const*, __half const*, __half*, int, int, int)",128,8704,0,208,0,128,"SQ_INSTS_LDS",1310720.000000,250577656579,250578153428
235,235,"Agent 1",1,1919,1919,8192,17,"pk_gemm(__half const*, __half const*, __half*, int, int, int)",128,8704,0,208,0,128,"SQ_INSTS_VALU",18710016.000000,250577656579,250578153428
235,235,"Agent 1",1,1919,1919,8192,17,"pk_gemm(__half const*, __half const*, __half*, int, int, int)",128,8704,0,208,0,128,"SQ_WAVES",256.000000,250577656579,250578153428
236,236,"Agent 1",1,1919,1919,8192,17,"pk_gemm(__half const*, __half const*, __half*, int, int, int)",128,8704,0,208,0,128,"SQ_INSTS_LDS",1310720.000000,250578184927,250578682418
236,236,"Agent 1",1,1919,1919,8192,17,"pk_gemm(__half const*, __half const*, __half*, int, int, int)",128,8704,0,208,0,128,"SQ_INSTS_VALU",18710016.000000,250578184927,250578682418
236,236,"Agent 1",1,1919,1919,8192,17,"pk_gemm(__half const*, __half const*, __half*, int, int, int)",128,8704,0,208,0,128,"SQ_WAVES",256.000000,250578184927,250578682418
237,237,"Agent 1",1,1919,1919,8192,17,"pk_gemm(__half const*, __half const*, __half*, int, int, int)",128,8704,0,208,0,128,"SQ_INSTS_LDS",1310720.000000,250578715159,250579204755
237,237,"Agent 1",1,1919,1919,8192,17,"pk_gemm(__half const*, __half const*, __half*, int, int, int)",128,8704,0,208,0,128,"SQ_INSTS_VALU",18710016.000000,250578715159,250579204755
237,237,"Agent 1",1,1919,1919,8192,17,"pk_gemm(__half const*, __half const*, __half*, int, int, int)",128,8704,0,208,0,128,"SQ_WAVES",256.000000,250578715159,250579204755
238,238,"Agent 1",1,1919,1919,8192,17,"pk_gemm(__half const*, __half const*, __half*, int, int, int)",128,8704,0,208,0,128,"SQ_INSTS_LDS",1310720.000000,250579237537,250579740959
238,238,"Agent 1",1,1919,1919,8192,17,"pk_gemm(__half const*, __half const*, __half*, int, int, int)",128,8704,0,208,0,128,"SQ_INSTS_VALU",18710016.000000,250579237537,250579740959
238,238,"Agent 1",1,1919,1919,8192,17,"pk_gemm(__half const*, __half const*, __half*, int, int, int)",128,8704,0,208,0,128,"SQ_WAVES",256.000000,250579237537,250579740959
239,239,"Agent 1",1,1919,1919,8192,17,"pk_gemm(__half const*, __half const*, __half*, int, int, int)",128,8704,0,208,0,128,"SQ_INSTS_LDS",1310720.000000,250579772618,250580279967
239,239,"Agent 1",1,1919,1919,8192,17,"pk_gemm(__half const*, __half const*, __half*, int, int, int)",128,8704,0,208,0,128,"SQ_INSTS_VALU",18710016.000000,250579772618,250580279967
239,239,"Agent 1",1,1919,1919,8192,17,"pk_gemm(__half const*, __half const*, __half*, int, int, int)",128,8704,0,208,0,128,"SQ_WAVES",256.000000,250579772618,250580279967
240,240,"Agent 1",1,1919,1919,8192,17,"pk_gemm(__half const*, __half const*, __half*, int, int, int)",128,8704,0,208,0,128,"SQ_INSTS_LDS",1310720.000000,250580312588,250580816331
240,240,"Agent 1",1,1919,1919,8192,17,"pk_gemm(__half const*, __half const*, __half*, int, int, int)",128,8704,0,208,0,128,"SQ_INSTS_VALU",18710016.000000,250580312588,250580816331
240,240,"Agent 1",1,1919,1919,8192,17,"pk_gemm(__half const*, __half const*, __half*, int, int, int)",128,8704,0,208,0,128,"SQ_WAVES",256.000000,250580312588,250580816331
241,241,"Agent 1",1,1919,1919,8192,17,"pk_gemm(__half const*, __half const*, __half*, int, int, int)",128,8704,0,208,0,128,"SQ_INSTS_LDS",1310720.000000,250580849152,250581355660
241,241,"Agent 1",1,1919,1919,8192,17,"pk_gemm(__half const*, __half const*, __half*, int, int, int)",128,8704,0,208,0,128,"SQ_INSTS_VALU",18710016.000000,250580849152,250581355660
241,241,"Agent 1",1,1919,1919,8192,17,"pk_gemm(__half const*, __half const*, __half*, int, int, int)",128,8704,0,208,0,128,"SQ_WAVES",256.000000,250580849152,250581355660
242,242,"Agent 1",1,1919,1919,8192,17,"pk_gemm(__half const*, __half const*, __half*, int, int, int)",128,8704,0,208,0,128,"SQ_INSTS_LDS",1310720.000000,250581388441,250581876354
242,242,"Agent 1",1,1919,1919,8192,17,"pk_gemm(__half const*, __half const*, __half*, int, int, int)",128,8704,0,208,0,128,"SQ_INSTS_VALU",18710016.000000,250581388441,250581876354
242,242,"Agent 1",1,1919,1919,8192,17,"pk_gemm(__half const*, __half const*, __half*, int, int, int)",128,8704,0,208,0,128,"SQ_WAVES",256.000000,250581388441,250581876354
243,243,"Agent 1",1,1919,1919,8192,17,"pk_gemm(__half const*, __half const*, __half*, int, int, int)",128,8704,0,208,0,128,"SQ_INSTS_LDS",1310720.000000,250581908454,250582409793
243,243,"Agent 1",1,1919,1919,8192,17,"pk_gemm(__half const*, __half const*, __half*, int, int, int)",128,8704,0,208,0,128,"SQ_INSTS_VALU",18710016.000000,250581908454,250582409793
243,243,"Agent 1",1,1919,1919,8192,17,"pk_gemm(__half const*, __half const*, __half*, int, int, int)",128,8704,0,208,0,128,"SQ_WAVES",256.000000,250581908454,250582409793
244,244,"Agent 1",1,1919,1919,8192,17,"pk_gemm(__half const*, __half const*, __half*, int, int, int)",128,8704,0,208,0,128,"SQ_INSTS_LDS",1310720.000000,250582441492,250582940706
244,244,"Agent 1",1,1919,1919,8192,17,"pk_gemm(__half const*, __half const*, __half*, int, int, int)",128,8704,0,208,0,128,"SQ_INSTS_VALU",18710016.000000,250582441492,250582940706
244,244,"Agent 1",1,1919,1919,8192,17,"pk_gemm(__half const*, __half const*, __half*, int, int, int)",128,8704,0,208,0,128,"SQ_WAVES",256.000000,250582441492,250582940706
245,245,"Agent 1",1,1919,1919,8192,17,"pk_gemm(__half const*, __half const*, __half*, int, int, int)",128,8704,0,208,0,128,"SQ_INSTS_LDS",1310720.000000,250582973207,250583492979
245,245,"Agent 1",1,1919,1919,8192,17,"pk_gemm(__half const*, __half const*, __half*, int, int, int)",128,8704,0,208,0,128,"SQ_INSTS_VALU",18710016.000000,250582973207,250583492979
245,245,"Agent 1",1,1919,1919,8192,17,"pk_gemm(__half const*, __half const*, __half*, int, int, int)",128,8704,0,208,0,128,"SQ_WAVES",256.000000,250582973207,250583492979
246,246,"Agent 1",1,1919,1919,8192,17,"pk_gemm(__half const*, __half const*, __half*, int, int, int)",128,8704,0,208,0,128,"SQ_INSTS_LDS",1310720.000000,250583524959,250584024975
246,246,"Agent 1",1,1919,1919,8192,17,"pk_gemm(__half const*, __half const*, __half*, int, int, int)",128,8704,0,208,0,128,"SQ_INSTS_VALU",18710016.000000,250583524959,250584024975
246,246,"Agent 1",1,1919,1919,8192,17,"pk_gemm(__half const*, __half const*, __half*, int, int, int)",128,8704,0,208,0,128,"SQ_WAVES",256.000000,250583524959,250584024975
247,247,"Agent 1",1,1919,1919,8192,17,"pk_gemm(__half const*, __half const*, __half*, int, int, int)",128,8704,0,208,0,128,"SQ_INSTS_LDS",1310720.000000,250584057315,250584558052
247,247,"Agent 1",1,1919,1919,8192,17,"pk_gemm(__half const*, __half const*, __half*, int, int, int)",128,8704,0,208,0,128,"SQ_INSTS_VALU",18710016.000000,250584057315,250584558052
247,247,"Agent 1",1,1919,1919,8192,17,"pk_gemm(__half const*, __half const*, __half*, int, int, int)",128,8704,0,208,0,128,"SQ_WAVES",256.000000,250584057315,250584558052
248,248,"Agent 1",1,1919,1919,8192,17,"pk_gemm(__half const*, __half const*, __half*, int, int, int)",128,8704,0,208,0,128,"SQ_INSTS_LDS",1310720.000000,250584588670,250585096780
248,248,"Agent 1",1,1919,1919,8192,17,"pk_gemm(__half const*, __half const*, __half*, int, int, int)",128,8704,0,208,0,128,"SQ_INSTS_VALU",18710016.000000,250584588670,250585096780
248,248,"Agent 1",1,1919,1919,8192,17,"pk_gemm(__half const*, __half const*, __half*, int, int, int)",128,8704,0,208,0,128,"SQ_WAVES",256.000000,250584588670,250585096780
249,249,"Agent 1",1,1919,1919,8192,17,"pk_gemm(__half const*, __half const*, __half*, int, int, int)",128,8704,0,208,0,128,"SQ_INSTS_LDS",1310720.000000,250585127478,250585630579
249,249,"Agent 1",1,1919,1919,8192,17,"pk_gemm(__half const*, __half const*, __half*, int, int, int)",128,8704,0,208,0,128,"SQ_INSTS_VALU",18710016.000000,250585127478,250585630579
249,249,"Agent 1",1,1919,1919,8192,17,"pk_gemm(__half const*, __half const*, __half*, int, int, int)",128,8704,0,208,0,128,"SQ_WAVES",256.000000,250585127478,250585630579
250,250,"Agent 1",1,1919,1919,8192,17,"pk_gemm(__half const*, __half const*, __half*, int, int, int)",128,8704,0,208,0,128,"SQ_INSTS_LDS",1310720.000000,250585662198,250586155842
250,250,"Agent 1",1,1919,1919,8192,17,"pk_gemm(__half const*, __half const*, __half*, int, int, int)",128,8704,0,208,0,128,"SQ_INSTS_VALU",18710016.000000,250585662198,250586155842
250,250,"Agent 1",1,1919,1919,8192,17,"pk_gemm(__half const*, __half const*, __half*, int, int, int)",128,8704,0,208,0,128,"SQ_WAVES",256.000000,250585662198,250586155842
251,251,"Agent 1",1,1919,1919,8192,17,"pk_gemm(__half const*, __half const*, __half*, int, int, int)",128,8704,0,208,0,128,"SQ_INSTS_LDS",1310720.000000,250586186780,250586699620
251,251,"Agent 1",1,1919,1919,8192,17,"pk_gemm(__half const*, __half const*, __half*, int, int, int)",128,8704,0,208,0,128,"SQ_INSTS_VALU",18710016.000000,250586186780,250586699620
251,251,"Agent 1",1,1919,1919,8192,17,"pk_gemm(__half const*, __half const*, __half*, int, int, int)",128,8704,0,208,0,128,"SQ_WAVES",256.000000,250586186780,250586699620
252,252,"Agent 1",1,1919,1919,8192,17,"pk_gemm(__half const*, __half const*, __half*, int, int, int)",128,8704,0,208,0,128,"SQ_INSTS_LDS",1310720.000000,250586729956,250587228329
252,252,"Agent 1",1,1919,1919,8192,17,"pk_gemm(__half const*, __half const*, __half*, int, int, int)",128,8704,0,208,0,128,"SQ_INSTS_VALU",18710016.000000,250586729956,250587228329
252,252,"Agent 1",1,1919,1919,8192,17,"pk_gemm(__half const*, __half const*, __half*, int, int, int)",128,8704,0,208,0,128,"SQ_WAVES",256.000000,250586729956,250587228329
253,253,"Agent 1",1,1919,1919,8192,17,"pk_gemm(__half const*, __half const*, __half*, int, int, int)",128,8704,0,208,0,128,"SQ_INSTS_LDS",1310720.000000,250587259066,250587766776
253,253,"Agent 1",1,1919,1919,8192,17,"pk_gemm(__half const*, __half const*, __half*, int, int, int)",128,8704,0,208,0,128,"SQ_INSTS_VALU",18710016.000000,250587259066,250587766776
253,253,"Agent 1",1,1919,1919,8192,17,"pk_gemm(__half const*, __half const*, __half*, int, int, int)",128,8704,0,208,0,128,"SQ_WAVES",256.000000,250587259066,250587766776
254,254,"Agent 1",1,1919,1919,8192,17,"pk_gemm(__half const*, __half const*, __half*, int, int, int)",128,8704,0,208,0,128,"SQ_INSTS_LDS",1310720.000000,250587796913,250588300535
254,254,"Agent 1",1,1919,1919,8192,17,"pk_gemm(__half const*, __half const*, __half*, int, int, int)",128,8704,0,208,0,128,"SQ_INSTS_VALU",18710016.000000,250587796913,250588300535
254,254,"Agent 1",1,1919,1919,8192,17,"pk_gemm(__half const*, __half const*, __half*, int, int, int)",128,8704,0,208,0,128,"SQ_WAVES",256.000000,250587796913,250588300535
255,255,"Agent 1",1,1919,1919,8192,17,"pk_gemm(__half const*, __half const*, __half*, int, int, int)",128,8704,0,208,0,128,"SQ_INSTS_LDS",1310720.000000,250588329990,250588827201
255,255,"Agent 1",1,1919,1919,8192,17,"pk_gemm(__half const*, __half const*, __half*, int, int, int)",128,8704,0,208,0,128,"SQ_INSTS_VALU",18710016.000000,250588329990,250588827201
255,255,"Agent 1",1,1919,1919,8192,17,"pk_gemm(__half const*, __half const*, __half*, int, int, int)",128,8704,0,208,0,128,"SQ_WAVES",256.000000,250588329990,250588827201
256,256,"Agent 1",1,1919,1919,8192,17,"pk_gemm(__half const*, __half const*, __half*, int, int, int)",128,8704,0,208,0,128,"SQ_INSTS_LDS",1310720.000000,250588857457,250589368093
256,256,"Agent 1",1,1919,1919,8192,17,"pk_gemm(__half const*, __half const*, __half*, int, int, int)",128,8704,0,208,0,128,"SQ_INSTS_VALU",18710016.000000,250588857457,250589368093
256,256,"Agent 1",1,1919,1919,8192,17,"pk_gemm(__half const*, __half const*, __half*, int, int, int)",128,8704,0,208,0,128,"SQ_WAVES",256.000000,250588857457,250589368093
257,257,"Agent 1",1,1919,1919,8192,17,"pk_gemm(__half const*, __half const*, __half*, int, int, int)",128,8704,0,208,0,128,"SQ_INSTS_LDS",1310720.000000,250589397708,250589887024
257,257,"Agent 1",1,1919,1919,8192,17,"pk_gemm(__half const*, __half const*, __half*, int, int, int)",128,8704,0,208,0,128,"SQ_INSTS_VALU",18710016.000000,250589397708,250589887024
257,257,"Agent 1",1,1919,1919,8192,17,"pk_gemm(__half const*, __half const*, __half*, int, int, int)",128,8704,0,208,0,128,"SQ_WAVES",256.000000,250589397708,250589887024
258,258,"Agent 1",1,1919,1919,32768,17,"pk_gemm(__half const*, __half const*, __half*, int, int, int)",128,8704,0,208,0,128,"SQ_INSTS_LDS",10485760.000000,250698441449,250704816218
258,258,"Agent 1",1,1919,1919,32768,17,"pk_gemm(__half const*, __half const*, __half*, int, int, int)",128,8704,0,208,0,128,"SQ_INSTS_VALU",149026816.000000,250698441449,250704816218
258,258,"Agent 1",1,1919,1919,32768,17,"pk_gemm(__half const*, __half const*, __half*, int, int, int)",128,8704,0,208,0,128,"SQ_WAVES",1024.000000,250698441449,250704816218
259,259,"Agent 1",1,1919,1919,32768,17,"pk_gemm(__half const*, __half const*, __half*, int, int, int)",128,8704,0,208,0,128,"SQ_INSTS_LDS",10485760.000000,250704850882,250711409796
259,259,"Agent 1",1,1919,1919,32768,17,"pk_gemm(__half const*, __half const*, __half*, int, int, int)",128,8704,0,208,0,128,"SQ_INSTS_VALU",149026816.000000,250704850882,250711409796
259,259,"Agent 1",1,1919,1919,32768,17,"pk_gemm(__half const*, __half const*, __half*, int, int, int)",128,8704,0,208,0,128,"SQ_WAVES",1024.000000,250704850882,250711409796
260,260,"Agent 1",1,1919,1919,32768,17,"pk_gemm(__half const*, __half const*, __half*, int, int, int)",128,8704,0,208,0,128,"SQ_INSTS_LDS",10485760.000000,250711441856,250718324936
260,260,"Agent 1",1,1919,1919,32768,17,"pk_gemm(__half const*, __half const*, __half*, int, int, int)",128,8704,0,208,0,128,"SQ_INSTS_VALU",149026816.000000,250711441856,250718324936
260,260,"Agent 1",1,1919,1919,32768,17,"pk_gemm(__half const*, __half const*, __half*, int, int, int)",128,8704,0,208,0,128,"SQ_WAVES",1024.000000,250711441856,250718324936
261,261,"Agent 1",1,1919,1919,32768,17,"pk_gemm(__half const*, __half const*, __half*, int, int, int)",128,8704,0,208,0,128,"SQ_INSTS_LDS",10485760.000000,250718353269,250725039421
261,261,"Agent 1",1,1919,1919,32768,17,"pk_gemm(__half const*, __half const*, __half*, int, int, int)",128,8704,0,208,0,128,"SQ_INSTS_VALU",149026816.000000,250718353269,250725039421
261,261,"Agent 1",1,1919,1919,32768,17,"pk_gemm(__half const*, __half const*, __half*, int, int, int)",128,8704,0,208,0,128,"SQ_WAVES",1024.000000,250718353269,250725039421
262,262,"Agent 1",1,1919,1919,32768,17,"pk_gemm(__half const*, __half const*, __half*, int, int, int)",128,8704,0,208,0,128,"SQ_INSTS_LDS",10485760.000000,250725069878,250731020053
262,262,"Agent 1",1,1919,1919,32768,17,"pk_gemm(__half const*, __half const*, __half*, int, int, int)",128,8704,0,208,0,128,"SQ_INSTS_VALU",149026816.000000,250725069878,250731020053
262,262,"Agent 1",1,1919,1919,32768,17,"pk_gemm(__half const*, __half const*, __half*, int, int, int)",128,8704,0,208,0,128,"SQ_WAVES",1024.000000,250725069878,250731020053
263,263,"Agent 1",1,1919,1919,32768,17,"pk_gemm(__half const*, __half const*, __half*, int, int, int)",128,8704,0,208,0,128,"SQ_INSTS_LDS",10485760.000000,250731051712,250737393460
263,263,"Agent 1",1,1919,1919,32768,17,"pk_gemm(__half const*, __half const*, __half*, int, int, int)",128,8704,0,208,0,128,"SQ_INSTS_VALU",149026816.000000,250731051712,250737393460
263,263,"Agent 1",1,1919,1919,32768,17,"pk_gemm(__half const*, __half const*, __half*, int, int, int)",128,8704,0,208,0,128,"SQ_WAVES",1024.000000,250731051712,250737393460
264,264,"Agent 1",1,1919,1919,32768,17,"pk_gemm(__half const*, __half const*, __half*, int, int, int)",128,8704,0,208,0,128,"SQ_INSTS_LDS",10485760.000000,250737422193,250744044145
264,264,"Agent 1",1,1919,1919,32768,17,"pk_gemm(__half const*, __half const*, __half*, int, int, int)",128,8704,0,208,0,128,"SQ_INSTS_VALU",149026816.000000,250737422193,250744044145
264,264,"Agent 1",1,1919,1919,32768,17,"pk_gemm(__half const*, __half const*, __half*, int, int, int)",128,8704,0,208,0,128,"SQ_WAVES",1024.000000,250737422193,250744044145
265,265,"Agent 1",1,1919,1919,32768,17,"pk_gemm(__half const*, __half const*, __half*, int, int, int)",128,8704,0,208,0,128,"SQ_INSTS_LDS",10485760.000000,250744074242,250750149651
265,265,"Agent 1",1,1919,1919,32768,17,"pk_gemm(__half const*, __half const*, __half*, int, int, int)",128,8704,0,208,0,128,"SQ_INSTS_VALU",149026816.000000,250744074242,250750149651
265,265,"Agent 1",1,1919,1919,32768,17,"pk_gemm(__half const*, __half const*, __half*, int, int, int)",128,8704,0,208,0,128,"SQ_WAVES",1024.000000,250744074242,250750149651
266,266,"Agent 1",1,1919,1919,32768,17,"pk_gemm(__half const*, __half const*, __half*, int, int, int)",128,8704,0,208,0,128,"SQ_INSTS_LDS",10496640.000000,250750196378,250757272500
266,266,"Agent 1",1,1919,1919,32768,17,"pk_gemm(__half const*, __half const*, __half*, int, int, int)",128,8704,0,208,0,128,"SQ_INSTS_VALU",149299296.000000,250750196378,250757272500
266,266,"Agent 1",1,1919,1919,32768,17,"pk_gemm(__half const*, __half const*, __half*, int, int, int)",128,8704,0,208,0,128,"SQ_WAVES",1664.000000,250750196378,250757272500
267,267,"Agent 1",1,1919,1919,32768,17,"pk_gemm(__half const*, __half const*, __half*, int, int, int)",128,8704,0,208,0,128,"SQ_INSTS_LDS",10485760.000000,250757310531,250763772543
267,267,"Agent 1",1,1919,1919,32768,17,"pk_gemm(__half const*, __half const*, __half*, int, int, int)",128,8704,0,208,0,128,"SQ_INSTS_VALU",149026816.000000,250757310531,250763772543
267,267,"Agent 1",1,1919,1919,32768,17,"pk_gemm(__half const*, __half const*, __half*, int, int, int)",128,8704,0,208,0,128,"SQ_WAVES",1024.000000,250757310531,250763772543
268,268,"Agent 1",1,1919,1919,32768,17,"pk_gemm(__half const*, __half const*, __half*, int, int, int)",128,8704,0,208,0,128,"SQ_INSTS_LDS",10485760.000000,250763807156,250770715685
268,268,"Agent 1",1,1919,1919,32768,17,"pk_gemm(__half const*, __half const*, __half*, int, int, int)",128,8704,0,208,0,128,"SQ_INSTS_VALU",149026816.000000,250763807156,250770715685
268,268,"Agent 1",1,1919,1919,32768,17,"pk_gemm(__half const*, __half const*, __half*, int, int, int)",128,8704,0,208,0,128,"SQ_WAVES",1024.000000,250763807156,250770715685
269,269,"Agent 1",1,1919,1919,32768,17,"pk_gemm(__half const*, __half const*, __half*, int, int, int)",128,8704,0,208,0,128,"SQ_INSTS_LDS",10485760.000000,250770753154,250776723326
269,269,"Agent 1",1,1919,1919,32768,17,"pk_gemm(__half const*, __half const*, __half*, int, int, int)",128,8704,0,208,0,128,"SQ_INSTS_VALU",149026816.000000,250770753154,250776723326
269,269,"Agent 1",1,1919,1919,32768,17,"pk_gemm(__half const*, __half const*, __half*, int, int, int)",128,8704,0,208,0,128,"SQ_WAVES",1024.000000,250770753154,250776723326
270,270,"Agent 1",1,1919,1919,32768,17,"pk_gemm(__half const*, __half const*, __half*, int, int, int)",128,8704,0,208,0,128,"SQ_INSTS_LDS",10485760.000000,250776757911,250783142058
270,270,"Agent 1",1,1919,1919,32768,17,"pk_gemm(__half const*, __half const*, __half*, int, int, int)",128,8704,0,208,0,128,"SQ_INSTS_VALU",149026816.000000,250776757911,250783142058
270,270,"Agent 1",1,1919,1919,32768,17,"pk_gemm(__half const*, __half const*, __half*, int, int, int)",128,8704,0,208,0,128,"SQ_WAVES",1024.000000,250776757911,250783142058
271,271,"Agent 1",1,1919,1919,32768,17,"pk_gemm(__half const*, __half const*, __half*, int, int, int)",128,8704,0,208,0,128,"SQ_INSTS_LDS",10485760.000000,250783173317,250789877342
271,271,"Agent 1",1,1919,1919,32768,17,"pk_gemm(__half const*, __half const*, __half*, int, int, int)",128,8704,0,208,0,128,"SQ_INSTS_VALU",149026816.000000,250783173317,250789877342
271,271,"Agent 1",1,1919,1919,32768,17,"pk_gemm(__half const*, __half const*, __half*, int, int, int)",128,8704,0,208,0,128,"SQ_WAVES",1024.000000,250783173317,250789877342
272,272,"Agent 1",1,1919,1919,32768,17,"pk_gemm(__half const*, __half const*, __half*, int, int, int)",128,8704,0,208,0,128,"SQ_INSTS_LDS",10485760.000000,250789911526,250796207989
272,272,"Agent 1",1,1919,1919,32768,17,"pk_gemm(__half const*, __half const*, __half*, int, int, int)",128,8704,0,208,0,128,"SQ_INSTS_VALU",149026816.000000,250789911526,250796207989
272,272,"Agent 1",1,1919,1919,32768,17,"pk_gemm(__half const*, __half const*, __half*, int, int, int)",128,8704,0,208,0,128,"SQ_WAVES",1024.000000,250789911526,250796207989
273,273,"Agent 1",1,1919,1919,32768,17,"pk_gemm(__half const*, __half const*, __half*, int, int, int)",128,8704,0,208,0,128,"SQ_INSTS_LDS",10485760.000000,250796242173,250802907447
273,273,"Agent 1",1,1919,1919,32768,17,"pk_gemm(__half const*, __half const*, __half*, int, int, int)",128,8704,0,208,0,128,"SQ_INSTS_VALU",149026816.000000,250796242173,250802907447
273,273,"Agent 1",1,1919,1919,32768,17,"pk_gemm(__half const*, __half const*, __half*, int, int, int)",128,8704,0,208,0,128,"SQ_WAVES",1024.000000,250796242173,250802907447
274,274,"Agent 1",1,1919,1919,32768,17,"pk_gemm(__half const*, __half const*, __half*, int, int, int)",128,8704,0,208,0,128,"SQ_INSTS_LDS",10485760.000000,250802939467,250809845470
274,274,"Agent 1",1,1919,1919,32768,17,"pk_gemm(__half const*, __half const*, __half*, int, int, int)",128,8704,0,208,0,128,"SQ_INSTS_VALU",149026816.000000,250802939467,250809845470
274,274,"Agent 1",1,1919,1919,32768,17,"pk_gemm(__half const*, __half const*, __half*, int, int, int)",128,8704,0,208,0,128,"SQ_WAVES",1024.000000,250802939467,250809845470
275,275,"Agent 1",1,1919,1919,32768,17,"pk_gemm(__half const*, __half const*, __half*, int, int, int)",128,8704,0,208,0,128,"SQ_INSTS_LDS",10485760.000000,250809879013,250816982547
275,275,"Agent 1",1,1919,1919,32768,17,"pk_gemm(__half const*, __half const*, __half*, int, int, int)",128,8704,0,208,0,128,"SQ_INSTS_VALU",149026816.000000,250809879013,250816982547
275,275,"Agent 1",1,1919,1919,32768,17,"pk_gemm(__half const*, __half const*, __half*, int, int, int)",128,8704,0,208,0,128,"SQ_WAVES",1024.000000,250809879013,250816982547
276,276,"Agent 1",1,1919,1919,32768,17,"pk_gemm(__half const*, __half const*, __half*, int, int, int)",128,8704,0,208,0,128,"SQ_INSTS_LDS",10485760.000000,250817015528,250823248593
276,276,"Agent 1",1,1919,1919,32768,17,"pk_gemm(__half const*, __half const*, __half*, int, int, int)",128,8704,0,208,0,128,"SQ_INSTS_VALU",149026816.000000,250817015528,250823248593
276,276,"Agent 1",1,1919,1919,32768,17,"pk_gemm(__half const*, __half const*, __half*, int, int, int)",128,8704,0,208,0,128,"SQ_WAVES",1024.000000,250817015528,250823248593
277,277,"Agent 1",1,1919,1919,32768,17,"pk_gemm(__half const*, __half const*, __half*, int, int, int)",128,8704,0,208,0,128,"SQ_INSTS_LDS",10485760.000000,250823282135,250829727678
277,277,"Agent 1",1,1919,1919,32768,17,"pk_gemm(__half const*, __half const*, __half*, int, int, int)",128,8704,0,208,0,128,"SQ_INSTS_VALU",149026816.000000,250823282135,250829727678
277,277,"Agent 1",1,1919,1919,32768,17,"pk_gemm(__half const*, __half const*, __half*, int, int, int)",128,8704,0,208,0,128,"SQ_WAVES",1024.000000,250823282135,250829727678
278,278,"Agent 1",1,1919,1919,32768,17,"pk_gemm(__half const*, __half const*, __half*, int, int, int)",128,8704,0,208,0,128,"SQ_INSTS_LDS",10485760.000000,250829760070,250836284520
278,278,"Agent 1",1,1919,1919,32768,17,"pk_gemm(__half const*, __half const*, __half*, int, int, int)",128,8704,0,208,0,128,"SQ_INSTS_VALU",149026816.000000,250829760070,250836284520
278,278,"Agent 1",1,1919,1919,32768,17,"pk_gemm(__half const*, __half const*, __half*, int, int, int)",128,8704,0,208,0,128,"SQ_WAVES",1024.000000,250829760070,250836284520
279,279,"Agent 1",1,1919,1919,32768,17,"pk_gemm(__half const*, __half const*, __half*, int, int, int)",128,8704,0,208,0,128,"SQ_INSTS_LDS",10485760.000000,250836320185,250842867438
279,279,"Agent 1",1,1919,1919,32768,17,"pk_gemm(__half const*, __half const*, __half*, int, int, int)",128,8704,0,208,0,128,"SQ_INSTS_VALU",149026816.000000,250836320185,250842867438
279,279,"Agent 1",1,1919,1919,32768,17,"pk_gemm(__half const*, __half const*, __half*, int, int, int)",128,8704,0,208,0,128,"SQ_WAVES",1024.000000,250836320185,250842867438
280,280,"Agent 1",1,1919,1919,32768,17,"pk_gemm(__half const*, __half const*, __half*, int, int, int)",128,8704,0,208,0,128,"SQ_INSTS_LDS",10485760.000000,250842898456,250848669977
280,280,"Agent 1",1,1919,1919,32768,17,"pk_gemm(__half const*, __half const*, __half*, int, int, int)",128,8704,0,208,0,128,"SQ_INSTS_VALU",149026816.000000,250842898456,250848669977
280,280,"Agent 1",1,1919,1919,32768,17,"pk_gemm(__half const*, __half const*, __half*, int, int, int)",128,8704,0,208,0,128,"SQ_WAVES",1024.000000,250842898456,250848669977
281,281,"Agent 1",1,1919,1919,32768,17,"pk_gemm(__half const*, __half const*, __half*, int, int, int)",128,8704,0,208,0,128,"SQ_INSTS_LDS",10485760.000000,250848701716,250855047712
281,281,"Agent 1",1,1919,1919,32768,17,"pk_gemm(__half const*, __half const*, __half*, int, int, int)",128,8704,0,208,0,128,"SQ_INSTS_VALU",149026816.000000,250848701716,250855047712
281,281,"Agent 1",1,1919,1919,32768,17,"pk_gemm(__half const*, __half const*, __half*, int, int, int)",128,8704,0,208,0,128,"SQ_WAVES",1024.000000,250848701716,250855047712
282,282,"Agent 1",1,1919,1919,32768,17,"pk_gemm(__half const*, __half const*, __half*, int, int, int)",128,8704,0,208,0,128,"SQ_INSTS_LDS",10485760.000000,250855080013,250861314279
282,282,"Agent 1",1,1919,1919,32768,17,"pk_gemm(__half const*, __half const*, __half*, int, int, int)",128,8704,0,208,0,128,"SQ_INSTS_VALU",149026816.000000,250855080013,250861314279
282,282,"Agent 1",1,1919,1919,32768,17,"pk_gemm(__half const*, __half const*, __half*, int, int, int)",128,8704,0,208,0,128,"SQ_WAVES",1024.000000,250855080013,250861314279
283,283,"Agent 1",1,1919,1919,32768,17,"pk_gemm(__half const*, __half const*, __half*, int, int, int)",128,8704,0,208,0,128,"SQ_INSTS_LDS",10485760.000000,250861347662,250867614149
283,283,"Agent 1",1,1919,1919,32768,17,"pk_gemm(__half const*, __half const*, __half*, int, int, int)",128,8704,0,208,0,128,"SQ_INSTS_VALU",149026816.000000,250861347662,250867614149
283,283,"Agent 1",1,1919,1919,32768,17,"pk_gemm(__half const*, __half const*, __half*, int, int, int)",128,8704,0,208,0,128,"SQ_WAVES",1024.000000,250861347662,250867614149
284,284,"Agent 1",1,1919,1919,32768,17,"pk_gemm(__half const*, __half const*, __half*, int, int, int)",128,8704,0,208,0,128,"SQ_INSTS_LDS",10485760.000000,250867648052,250873923476
284,284,"Agent 1",1,1919,1919,32768,17,"pk_gemm(__half const*, __half const*, __half*, int, int, int)",128,8704,0,208,0,128,"SQ_INSTS_VALU",149026816.000000,250867648052,250873923476
284,284,"Agent 1",1,1919,1919,32768,17,"pk_gemm(__half const*, __half const*, __half*, int, int, int)",128,8704,0,208,0,128,"SQ_WAVES",1024.000000,250867648052,250873923476
285,285,"Agent 1",1,1919,1919,32768,17,"pk_gemm(__half const*, __half const*, __half*, int, int, int)",128,8704,0,208,0,128,"SQ_INSTS_LDS",10485760.000000,250873955256,250880181147
285,285,"Agent 1",1,1919,1919,32768,17,"pk_gemm(__half const*, __half const*, __half*, int, int, int)",128,8704,0,208,0,128,"SQ_INSTS_VALU",149026816.000000,250873955256,250880181147
285,285,"Agent 1",1,1919,1919,32768,17,"pk_gemm(__half const*, __half const*, __half*, int, int, int)",128,8704,0,208,0,128,"SQ_WAVES",1024.000000,250873955256,250880181147
286,286,"Agent 1",1,1919,1919,32768,17,"pk_gemm(__half const*, __half const*, __half*, int, int, int)",128,8704,0,208,0,128,"SQ_INSTS_LDS",10485760.000000,250880213167,250886622321
286,286,"Agent 1",1,1919,1919,32768,17,"pk_gemm(__half const*, __half const*, __half*, int, int, int)",128,8704,0,208,0,128,"SQ_INSTS_VALU",149026816.000000,250880213167,250886622321
286,286,"Agent 1",1,1919,1919,32768,17,"pk_gemm(__half const*, __half const*, __half*, int, int, int)",128,8704,0,208,0,128,"SQ_WAVES",1024.000000,250880213167,250886622321
287,287,"Agent 1",1,1919,1919,32768,17,"pk_gemm(__half const*, __half const*, __half*, int, int, int)",128,8704,0,208,0,128,"SQ_INSTS_LDS",10485760.000000,250886652898,250893433387
287,287,"Agent 1",1,1919,1919,32768,17,"pk_gemm(__half const*, __half const*, __half*, int, int, int)",128,8704,0,208,0,128,"SQ_INSTS_VALU",149026816.000000,250886652898,250893433387
287,287,"Agent 1",1,1919,1919,32768,17,"pk_gemm(__half const*, __half const*, __half*, int, int, int)",128,8704,0,208,0,128,"SQ_WAVES",1024.000000,250886652898,250893433387
288,288,"Agent 1",1,1919,1919,32768,17,"pk_gemm(__half const*, __half const*, __half*, int, int, int)",128,8704,0,208,0,128,"SQ_INSTS_LDS",10485760.000000,250893463256,250900078837
288,288,"Agent 1",1,1919,1919,32768,17,"pk_gemm(__half const*, __half const*, __half*, int, int, int)",128,8704,0,208,0,128,"SQ_INSTS_VALU",149026816.000000,250893463256,250900078837
288,288,"Agent 1",1,1919,1919,32768,17,"pk_gemm(__half const*, __half const*, __half*, int, int, int)",128,8704,0,208,0,128,"SQ_WAVES",1024.000000,250893463256,250900078837
289,289,"Agent 1",1,1919,1919,32768,17,"pk_gemm(__half const*, __half const*, __half*, int, int, int)",128,8704,0,208,0,128,"SQ_INSTS_LDS",10485760.000000,250900111738,250906676062
289,289,"Agent 1",1,1919,1919,32768,17,"pk_gemm(__half const*, __half const*, __half*, int, int, int)",128,8704,0,208,0,128,"SQ_INSTS_VALU",149026816.000000,250900111738,250906676062
289,289,"Agent 1",1,1919,1919,32768,17,"pk_gemm(__half const*, __half const*, __half*, int, int, int)",128,8704,0,208,0,128,"SQ_WAVES",1024.000000,250900111738,250906676062
290,290,"Agent 1",1,1919,1919,32768,17,"pk_gemm(__half const*, __half const*, __half*, int, int, int)",128,8704,0,208,0,128,"SQ_INSTS_LDS",10485760.000000,250906706720,250913031195
290,290,"Agent 1",1,1919,1919,32768,17,"pk_gemm(__half const*, __half const*, __half*, int, int, int)",128,8704,0,208,0,128,"SQ_INSTS_VALU",149026816.000000,250906706720,250913031195
290,290,"Agent 1",1,1919,1919,32768,17,"pk_gemm(__half const*, __half const*, __half*, int, int, int)",128,8704,0,208,0,128,"SQ_WAVES",1024.000000,250906706720,250913031195
291,291,"Agent 1",1,1919,1919,32768,17,"pk_gemm(__half const*, __half const*, __half*, int, int, int)",128,8704,0,208,0,128,"SQ_INSTS_LDS",10485760.000000,250913062374,250919446561
291,291,"Agent 1",1,1919,1919,32768,17,"pk_gemm(__half const*, __half const*, __half*, int, int, int)",128,8704,0,208,0,128,"SQ_INSTS_VALU",149026816.000000,250913062374,250919446561
291,291,"Agent 1",1,1919,1919,32768,17,"pk_gemm(__half const*, __half const*, __half*, int, int, int)",128,8704,0,208,0,128,"SQ_WAVES",1024.000000,250913062374,250919446561
292,292,"Agent 1",1,1919,1919,32768,17,"pk_gemm(__half const*, __half const*, __half*, int, int, int)",128,8704,0,208,0,128,"SQ_INSTS_LDS",10485760.000000,250919477419,250926578268
292,292,"Agent 1",1,1919,1919,32768,17,"pk_gemm(__half const*, __half const*, __half*, int, int, int)",128,8704,0,208,0,128,"SQ_INSTS_VALU",149026816.000000,250919477419,250926578268
292,292,"Agent 1",1,1919,1919,32768,17,"pk_gemm(__half const*, __half const*, __half*, int, int, int)",128,8704,0,208,0,128,"SQ_WAVES",1024.000000,250919477419,250926578268
293,293,"Agent 1",1,1919,1919,32768,17,"pk_gemm(__half const*, __half const*, __half*, int, int, int)",128,8704,0,208,0,128,"SQ_INSTS_LDS",10485760.000000,250926607282,250932698842
293,293,"Agent 1",1,1919,1919,32768,17,"pk_gemm(__half const*, __half const*, __half*, int, int, int)",128,8704,0,208,0,128,"SQ_INSTS_VALU",149026816.000000,250926607282,250932698842
293,293,"Agent 1",1,1919,1919,32768,17,"pk_gemm(__half const*, __half const*, __half*, int, int, int)",128,8704,0,208,0,128,"SQ_WAVES",1024.000000,250926607282,250932698842
294,294,"Agent 1",1,1919,1919,32768,17,"pk_gemm(__half const*, __half const*, __half*, int, int, int)",128,8704,0,208,0,128,"SQ_INSTS_LDS",10485760.000000,250932730621,250939382350
294,294,"Agent 1",1,1919,1919,32768,17,"pk_gemm(__half const*, __half const*, __half*, int, int, int)",128,8704,0,208,0,128,"SQ_INSTS_VALU",149026816.000000,250932730621,250939382350
294,294,"Agent 1",1,1919,1919,32768,17,"pk_gemm(__half const*, __half const*, __half*, int, int, int)",128,8704,0,208,0,128,"SQ_WAVES",1024.000000,250932730621,250939382350
295,295,"Agent 1",1,1919,1919,32768,17,"pk_gemm(__half const*, __half const*, __half*, int, int, int)",128,8704,0,208,0,128,"SQ_INSTS_LDS",10485760.000000,250939411684,250946244231
295,295,"Agent 1",1,1919,1919,32768,17,"pk_gemm(__half const*, __half const*, __half*, int, int, int)",128,8704,0,208,0,128,"SQ_INSTS_VALU",149026816.000000,250939411684,250946244231
295,295,"Agent 1",1,1919,1919,32768,17,"pk_gemm(__half const*, __half const*, __half*, int, int, int)",128,8704,0,208,0,128,"SQ_WAVES",1024.000000,250939411684,250946244231
296,296,"Agent 1",1,1919,1919,32768,17,"pk_gemm(__half const*, __half const*, __half*, int, int, int)",128,8704,0,208,0,128,"SQ_INSTS_LDS",10485760.000000,250946339249,250952886542
296,296,"Agent 1",1,1919,1919,32768,17,"pk_gemm(__half const*, __half const*, __half*, int, int, int)",128,8704,0,208,0,128,"SQ_INSTS_VALU",149026816.000000,250946339249,250952886542
296,296,"Agent 1",1,1919,1919,32768,17,"pk_gemm(__half const*, __half const*, __half*, int, int, int)",128,8704,0,208,0,128,"SQ_WAVES",1024.000000,250946339249,250952886542
297,297,"Agent 1",1,1919,1919,32768,17,"pk_gemm(__half const*, __half const*, __half*, int, int, int)",128,8704,0,208,0,128,"SQ_INSTS_LDS",10485760.000000,250952921367,250959782527
297,297,"Agent 1",1,1919,1919,32768,17,"pk_gemm(__half const*, __half const*, __half*, int, int, int)",128,8704,0,208,0,128,"SQ_INSTS_VALU",149026816.000000,250952921367,250959782527
297,297,"Agent 1",1,1919,1919,32768,17,"pk_gemm(__half const*, __half const*, __half*, int, int, int)",128,8704,0,208,0,128,"SQ_WAVES",1024.000000,250952921367,250959782527
298,298,"Agent 1",1,1919,1919,32768,17,"pk_gemm(__half const*, __half const*, __half*, int, int, int)",128,8704,0,208,0,128,"SQ_INSTS_LDS",10485760.000000,250959817013,250966656813
298,298,"Agent 1",1,1919,1919,32768,17,"pk_gemm(__half const*, __half const*, __half*, int, int, int)",128,8704,0,208,0,128,"SQ_INSTS_VALU",149026816.000000,250959817013,250966656813
298,298,"Agent 1",1,1919,1919,32768,17,"pk_gemm(__half const*, __half const*, __half*, int, int, int)",128,8704,0,208,0,128,"SQ_WAVES",1024.000000,250959817013,250966656813
299,299,"Agent 1",1,1919,1919,32768,17,"pk_gemm(__half const*, __half const*, __half*, int, int, int)",128,8704,0,208,0,128,"SQ_INSTS_LDS",10485760.000000,250966692399,250972423844
299,299,"Agent 1",1,1919,1919,32768,17,"pk_gemm(__half const*, __half const*, __half*, int, int, int)",128,8704,0,208,0,128,"SQ_INSTS_VALU",149026816.000000,250966692399,250972423844
299,299,"Agent 1",1,1919,1919,32768,17,"pk_gemm(__half const*, __half const*, __half*, int, int, int)",128,8704,0,208,0,128,"SQ_WAVES",1024.000000,250966692399,250972423844
300,300,"Agent 1",1,1919,1919,32768,17,"pk_gemm(__half const*, __half const*, __half*, int, int, int)",128,8704,0,208,0,128,"SQ_INSTS_LDS",10485760.000000,250972454221,250979122180
300,300,"Agent 1",1,1919,1919,32768,17,"pk_gemm(__half const*, __half const*, __half*, int, int, int)",128,8704,0,208,0,128,"SQ_INSTS_VALU",149026816.000000,250972454221,250979122180
300,300,"Agent 1",1,1919,1919,32768,17,"pk_gemm(__half const*, __half const*, __half*, int, int, int)",128,8704,0,208,0,128,"SQ_WAVES",1024.000000,250972454221,250979122180
301,301,"Agent 1",1,1919,1919,32768,17,"pk_gemm(__half const*, __half const*, __half*, int, int, int)",128,8704,0,208,0,128,"SQ_INSTS_LDS",10485760.000000,250979155241,250985190776
301,301,"Agent 1",1,1919,1919,32768,17,"pk_gemm(__half const*, __half const*, __half*, int, int, int)",128,8704,0,208,0,128,"SQ_INSTS_VALU",149026816.000000,250979155241,250985190776
301,301,"Agent 1",1,1919,1919,32768,17,"pk_gemm(__half const*, __half const*, __half*, int, int, int)",128,8704,0,208,0,128,"SQ_WAVES",1024.000000,250979155241,250985190776
302,302,"Agent 1",1,1919,1919,32768,17,"pk_gemm(__half const*, __half const*, __half*, int, int, int)",128,8704,0,208,0,128,"SQ_INSTS_LDS",10485760.000000,250985225962,250992178894
302,302,"Agent 1",1,1919,1919,32768,17,"pk_gemm(__half const*, __half const*, __half*, int, int, int)",128,8704,0,208,0,128,"SQ_INSTS_VALU",149026816.000000,250985225962,250992178894
302,302,"Agent 1",1,1919,1919,32768,17,"pk_gemm(__half const*, __half const*, __half*, int, int, int)",128,8704,0,208,0,128,"SQ_WAVES",1024.000000,250985225962,250992178894
303,303,"Agent 1",1,1919,1919,32768,17,"pk_gemm(__half const*, __half const*, __half*, int, int, int)",128,8704,0,208,0,128,"SQ_INSTS_LDS",10485760.000000,250992210954,250998139569
303,303,"Agent 1",1,1919,1919,32768,17,"pk_gemm(__half const*, __half const*, __half*, int, int, int)",128,8704,0,208,0,128,"SQ_INSTS_VALU",149026816.000000,250992210954,250998139569
303,303,"Agent 1",1,1919,1919,32768,17,"pk_gemm(__half const*, __half const*, __half*, int, int, int)",128,8704,0,208,0,128,"SQ_WAVES",1024.000000,250992210954,250998139569
304,304,"Agent 1",1,1919,1919,32768,17,"pk_gemm(__half const*, __half const*, __half*, int, int, int)",128,8704,0,208,0,128,"SQ_INSTS_LDS",10485760.000000,250998171228,251005391019
304,304,"Agent 1",1,1919,1919,32768,17,"pk_gemm(__half const*, __half const*, __half*, int, int, int)",128,8704,0,208,0,128,"SQ_INSTS_VALU",149026816.000000,250998171228,251005391019
304,304,"Agent 1",1,1919,1919,32768,17,"pk_gemm(__half const*, __half const*, __half*, int, int, int)",128,8704,0,208,0,128,"SQ_WAVES",1024.000000,250998171228,251005391019
305,305,"Agent 1",1,1919,1919,32768,17,"pk_gemm(__half const*, __half const*, __half*, int, int, int)",128,8704,0,208,0,128,"SQ_INSTS_LDS",10485760.000000,251005422638,251011605288
305,305,"Agent 1",1,1919,1919,32768,17,"pk_gemm(__half const*, __half const*, __half*, int, int, int)",128,8704,0,208,0,128,"SQ_INSTS_VALU",149026816.000000,251005422638,251011605288
305,305,"Agent 1",1,1919,1919,32768,17,"pk_gemm(__half const*, __half const*, __half*, int, int, int)",128,8704,0,208,0,128,"SQ_WAVES",1024.000000,251005422638,251011605288
306,306,"Agent 1",1,1919,1919,32768,17,"pk_gemm(__half const*, __half const*, __half*, int, int, int)",128,8704,0,208,0,128,"SQ_INSTS_LDS",10485760.000000,251011637869,251018269039
306,306,"Agent 1",1,1919,1919,32768,17,"pk_gemm(__half const*, __half const*, __half*, int, int, int)",128,8704,0,208,0,128,"SQ_INSTS_VALU",149026816.000000,251011637869,251018269039
306,306,"Agent 1",1,1919,1919,32768,17,"pk_gemm(__half const*, __half const*, __half*, int, int, int)",128,8704,0,208,0,128,"SQ_WAVES",1024.000000,251011637869,251018269039
307,307,"Agent 1",1,1919,1919,32768,17,"pk_gemm(__half const*, __half const*, __half*, int, int, int)",128,8704,0,208,0,128,"SQ_INSTS_LDS",10485760.000000,251018299496,251024427003
307,307,"Agent 1",1,1919,1919,32768,17,"pk_gemm(__half const*, __half const*, __half*, int, int, int)",128,8704,0,208,0,128,"SQ_INSTS_VALU",149026816.000000,251018299496,251024427003
307,307,"Agent 1",1,1919,1919,32768,17,"pk_gemm(__half const*, __half const*, __half*, int, int, int)",128,8704,0,208,0,128,"SQ_WAVES",1024.000000,251018299496,251024427003
308,308,"Agent 1",1,1919,1919,32768,17,"pk_gemm(__half const*, __half const*, __half*, int, int, int)",128,8704,0,208,0,128,"SQ_INSTS_LDS",10485760.000000,251024457733,251031243432
308,308,"Agent 1",1,1919,1919,32768,17,"pk_gemm(__half const*, __half const*, __half*, int, int, int)",128,8704,0,208,0,128,"SQ_INSTS_VALU",149026816.000000,251024457733,251031243432
308,308,"Agent 1",1,1919,1919,32768,17,"pk_gemm(__half const*, __half const*, __half*, int, int, int)",128,8704,0,208,0,128,"SQ_WAVES",1024.000000,251024457733,251031243432
309,309,"Agent 1",1,1919,1919,32768,17,"pk_gemm(__half const*, __half const*, __half*, int, int, int)",128,8704,0,208,0,128,"SQ_INSTS_LDS",10485760.000000,251031279258,251038072010
309,309,"Agent 1",1,1919,1919,32768,17,"pk_gemm(__half const*, __half const*, __half*, int, int, int)",128,8704,0,208,0,128,"SQ_INSTS_VALU",149026816.000000,251031279258,251038072010
309,309,"Agent 1",1,1919,1919,32768,17,"pk_gemm(__half const*, __half const*, __half*, int, int, int)",128,8704,0,208,0,128,"SQ_WAVES",1024.000000,251031279258,251038072010
310,310,"Agent 1",1,1919,1919,32768,17,"pk_gemm(__half const*, __half const*, __half*, int, int, int)",128,8704,0,208,0,128,"SQ_INSTS_LDS",10485760.000000,251038103469,251045079324
310,310,"Agent 1",1,1919,1919,32768,17,"pk_gemm(__half const*, __half const*, __half*, int, int, int)",128,8704,0,208,0,128,"SQ_INSTS_VALU",149026816.000000,251038103469,251045079324
310,310,"Agent 1",1,1919,1919,32768,17,"pk_gemm(__half const*, __half const*, __half*, int, int, int)",128,8704,0,208,0,128,"SQ_WAVES",1024.000000,251038103469,251045079324
311,311,"Agent 1",1,1919,1919,32768,17,"pk_gemm(__half const*, __half const*, __half*, int, int, int)",128,8704,0,208,0,128,"SQ_INSTS_LDS",10485760.000000,251045110863,251051551997
311,311,"Agent 1",1,1919,1919,32768,17,"pk_gemm(__half const*, __half const*, __half*, int, int, int)",128,8704,0,208,0,128,"SQ_INSTS_VALU",149026816.000000,251045110863,251051551997
311,311,"Agent 1",1,1919,1919,32768,17,"pk_gemm(__half const*, __half const*, __half*, int, int, int)",128,8704,0,208,0,128,"SQ_WAVES",1024.000000,251045110863,251051551997
312,312,"Agent 1",1,1919,1919,32768,17,"pk_gemm(__half const*, __half const*, __half*, int, int, int)",128,8704,0,208,0,128,"SQ_INSTS_LDS",10485760.000000,251051581973,251057873467
312,312,"Agent 1",1,1919,1919,32768,17,"pk_gemm(__half const*, __half const*, __half*, int, int, int)",128,8704,0,208,0,128,"SQ_INSTS_VALU",149026816.000000,251051581973,251057873467
312,312,"Agent 1",1,1919,1919,32768,17,"pk_gemm(__half const*, __half const*, __half*, int, int, int)",128,8704,0,208,0,128,"SQ_WAVES",1024.000000,251051581973,251057873467
313,313,"Agent 1",1,1919,1919,32768,17,"pk_gemm(__half const*, __half const*, __half*, int, int, int)",128,8704,0,208,0,128,"SQ_INSTS_LDS",10485760.000000,251057905447,251063970678
313,313,"Agent 1",1,1919,1919,32768,17,"pk_gemm(__half const*, __half const*, __half*, int, int, int)",128,8704,0,208,0,128,"SQ_INSTS_VALU",149026816.000000,251057905447,251063970678
313,313,"Agent 1",1,1919,1919,32768,17,"pk_gemm(__half const*, __half const*, __half*, int, int, int)",128,8704,0,208,0,128,"SQ_WAVES",1024.000000,251057905447,251063970678
314,314,"Agent 1",1,1919,1919,32768,17,"pk_gemm(__half const*, __half const*, __half*, int, int, int)",128,8704,0,208,0,128,"SQ_INSTS_LDS",10485760.000000,251064002016,251070739345
314,314,"Agent 1",1,1919,1919,32768,17,"pk_gemm(__half const*, __half const*, __half*, int, int, int)",128,8704,0,208,0,128,"SQ_INSTS_VALU",149026816.000000,251064002016,251070739345
314,314,"Agent 1",1,1919,1919,32768,17,"pk_gemm(__half const*, __half const*, __half*, int, int, int)",128,8704,0,208,0,128,"SQ_WAVES",1024.000000,251064002016,251070739345
315,315,"Agent 1",1,1919,1919,32768,17,"pk_gemm(__half const*, __half const*, __half*, int, int, int)",128,8704,0,208,0,128,"SQ_INSTS_LDS",10485760.000000,251070770283,251077522359
315,315,"Agent 1",1,1919,1919,32768,17,"pk_gemm(__half const*, __half const*, __half*, int, int, int)",128,8704,0,208,0,128,"SQ_INSTS_VALU",149026816.000000,251070770283,251077522359
315,315,"Agent 1",1,1919,1919,32768,17,"pk_gemm(__half const*, __half const*, __half*, int, int, int)",128,8704,0,208,0,128,"SQ_WAVES",1024.000000,251070770283,251077522359
316,316,"Agent 1",1,1919,1919,32768,17,"pk_gemm(__half const*, __half const*, __half*, int, int, int)",128,8704,0,208,0,128,"SQ_INSTS_LDS",10485760.000000,251077553577,251082563753
316,316,"Agent 1",1,1919,1919,32768,17,"pk_gemm(__half const*, __half const*, __half*, int, int, int)",128,8704,0,208,0,128,"SQ_INSTS_VALU",149026816.000000,251077553577,251082563753
316,316,"Agent 1",1,1919,1919,32768,17,"pk_gemm(__half const*, __half const*, __half*, int, int, int)",128,8704,0,208,0,128,"SQ_WAVES",1024.000000,251077553577,251082563753
317,317,"Agent 1",1,1919,1919,32768,17,"pk_gemm(__half const*, __half const*, __half*, int, int, int)",128,8704,0,208,0,128,"SQ_INSTS_LDS",10485760.000000,251082594210,251089132767
317,317,"Agent 1",1,1919,1919,32768,17,"pk_gemm(__half const*, __half const*, __half*, int, int, int)",128,8704,0,208,0,128,"SQ_INSTS_VALU",149026816.000000,251082594210,251089132767
317,317,"Agent 1",1,1919,1919,32768,17,"pk_gemm(__half const*, __half const*, __half*, int, int, int)",128,8704,0,208,0,128,"SQ_WAVES",1024.000000,251082594210,251089132767
318,318,"Agent 1",1,1919,1919,32768,17,"pk_gemm(__half const*, __half const*, __half*, int, int, int)",128,8704,0,208,0,128,"SQ_INSTS_LDS",10485760.000000,251089162089,251096011828
318,318,"Agent 1",1,1919,1919,32768,17,"pk_gemm(__half const*, __half const*, __half*, int, int, int)",128,8704,0,208,0,128,"SQ_INSTS_VALU",149026816.000000,251089162089,251096011828
318,318,"Agent 1",1,1919,1919,32768,17,"pk_gemm(__half const*, __half const*, __half*, int, int, int)",128,8704,0,208,0,128,"SQ_WAVES",1024.000000,251089162089,251096011828
319,319,"Agent 1",1,1919,1919,32768,17,"pk_gemm(__half const*, __half const*, __half*, int, int, int)",128,8704,0,208,0,128,"SQ_INSTS_LDS",10485760.000000,251096044247,251102565251
319,319,"Agent 1",1,1919,1919,32768,17,"pk_gemm(__half const*, __half const*, __half*, int, int, int)",128,8704,0,208,0,128,"SQ_INSTS_VALU",149026816.000000,251096044247,251102565251
319,319,"Agent 1",1,1919,1919,32768,17,"pk_gemm(__half const*, __half const*, __half*, int, int, int)",128,8704,0,208,0,128,"SQ_WAVES",1024.000000,251096044247,251102565251
320,320,"Agent 1",1,1919,1919,32768,17,"pk_gemm(__half const*, __half const*, __half*, int, int, int)",128,8704,0,208,0,128,"SQ_INSTS_LDS",10485760.000000,251102596269,251109074713
320,320,"Agent 1",1,1919,1919,32768,17,"pk_gemm(__half const*, __half const*, __half*, int, int, int)",128,8704,0,208,0,128,"SQ_INSTS_VALU",149026816.000000,251102596269,251109074713
320,320,"Agent 1",1,1919,1919,32768,17,"pk_gemm(__half const*, __half const*, __half*, int, int, int)",128,8704,0,208,0,128,"SQ_WAVES",1024.000000,251102596269,251109074713
321,321,"Agent 1",1,1919,1919,32768,17,"pk_gemm(__half const*, __half const*, __half*, int, int, int)",128,8704,0,208,0,128,"SQ_INSTS_LDS",10485760.000000,251109104569,251116011054
321,321,"Agent 1",1,1919,1919,32768,17,"pk_gemm(__half const*, __half const*, __half*, int, int, int)",128,8704,0,208,0,128,"SQ_INSTS_VALU",149026816.000000,251109104569,251116011054
321,321,"Agent 1",1,1919,1919,32768,17,"pk_gemm(__half const*, __half const*, __half*, int, int, int)",128,8704,0,208,0,128,"SQ_WAVES",1024.000000,251109104569,251116011054
322,322,"Agent 1",1,1919,1919,32768,17,"pk_gemm(__half const*, __half const*, __half*, int, int, int)",128,8704,0,208,0,128,"SQ_INSTS_LDS",10485760.000000,251116039226,251122893854
322,322,"Agent 1",1,1919,1919,32768,17,"pk_gemm(__half const*, __half const*, __half*, int, int, int)",128,8704,0,208,0,128,"SQ_INSTS_VALU",149026816.000000,251116039226,251122893854
322,322,"Agent 1",1,1919,1919,32768,17,"pk_gemm(__half const*, __half const*, __half*, int, int, int)",128,8704,0,208,0,128,"SQ_WAVES",1024.000000,251116039226,251122893854
323,323,"Agent 1",1,1919,1919,32768,17,"pk_gemm(__half const*, __half const*, __half*, int, int, int)",128,8704,0,208,0,128,"SQ_INSTS_LDS",10485760.000000,251122924231,251129507872
323,323,"Agent 1",1,1919,1919,32768,17,"pk_gemm(__half const*, __half const*, __half*, int, int, int)",128,8704,0,208,0,128,"SQ_INSTS_VALU",149026816.000000,251122924231,251129507872
323,323,"Agent 1",1,1919,1919,32768,17,"pk_gemm(__half const*, __half const*, __half*, int, int, int)",128,8704,0,208,0,128,"SQ_WAVES",1024.000000,251122924231,251129507872
324,324,"Agent 1",1,1919,1919,32768,17,"pk_gemm(__half const*, __half const*, __half*, int, int, int)",128,8704,0,208,0,128,"SQ_INSTS_LDS",10485760.000000,251129537968,251136700292
324,324,"Agent 1",1,1919,1919,32768,17,"pk_gemm(__half const*, __half const*, __half*, int, int, int)",128,8704,0,208,0,128,"SQ_INSTS_VALU",149026816.000000,251129537968,251136700292
324,324,"Agent 1",1,1919,1919,32768,17,"pk_gemm(__half const*, __half const*, __half*, int, int, int)",128,8704,0,208,0,128,"SQ_WAVES",1024.000000,251129537968,251136700292
325,325,"Agent 1",1,1919,1919,32768,17,"pk_gemm(__half const*, __half const*, __half*, int, int, int)",128,8704,0,208,0,128,"SQ_INSTS_LDS",10485760.000000,251136729186,251143017153
325,325,"Agent 1",1,1919,1919,32768,17,"pk_gemm(__half const*, __half const*, __half*, int, int, int)",128,8704,0,208,0,128,"SQ_INSTS_VALU",149026816.000000,251136729186,251143017153
325,325,"Agent 1",1,1919,1919,32768,17,"pk_gemm(__half const*, __half const*, __half*, int, int, int)",128,8704,0,208,0,128,"SQ_WAVES",1024.000000,251136729186,251143017153
326,326,"Agent 1",1,1919,1919,32768,17,"pk_gemm(__half const*, __half const*, __half*, int, int, int)",128,8704,0,208,0,128,"SQ_INSTS_LDS",10485760.000000,251143086162,251149720177
326,326,"Agent 1",1,1919,1919,32768,17,"pk_gemm(__half const*, __half const*, __half*, int, int, int)",128,8704,0,208,0,128,"SQ_INSTS_VALU",149026816.000000,251143086162,251149720177
326,326,"Agent 1",1,1919,1919,32768,17,"pk_gemm(__half const*, __half const*, __half*, int, int, int)",128,8704,0,208,0,128,"SQ_WAVES",1024.000000,251143086162,251149720177
327,327,"Agent 1",1,1919,1919,32768,17,"pk_gemm(__half const*, __half const*, __half*, int, int, int)",128,8704,0,208,0,128,"SQ_INSTS_LDS",10485760.000000,251149753840,251156507119
327,327,"Agent 1",1,1919,1919,32768,17,"pk_gemm(__half const*, __half const*, __half*, int, int, int)",128,8704,0,208,0,128,"SQ_INSTS_VALU",149026816.000000,251149753840,251156507119
327,327,"Agent 1",1,1919,1919,32768,17,"pk_gemm(__half const*, __half const*, __half*, int, int, int)",128,8704,0,208,0,128,"SQ_WAVES",1024.000000,251149753840,251156507119
328,328,"Agent 1",1,1919,1919,32768,17,"pk_gemm(__half const*, __half const*, __half*, int, int, int)",128,8704,0,208,0,128,"SQ_INSTS_LDS",10485760.000000,251156543080,251162788408
328,328,"Agent 1",1,1919,1919,32768,17,"pk_gemm(__half const*, __half const*, __half*, int, int, int)",128,8704,0,208,0,128,"SQ_INSTS_VALU",149026816.000000,251156543080,251162788408
328,328,"Agent 1",1,1919,1919,32768,17,"pk_gemm(__half const*, __half const*, __half*, int, int, int)",128,8704,0,208,0,128,"SQ_WAVES",1024.000000,251156543080,251162788408
329,329,"Agent 1",1,1919,1919,32768,17,"pk_gemm(__half const*, __half const*, __half*, int, int, int)",128,8704,0,208,0,128,"SQ_INSTS_LDS",10485760.000000,251162823313,251169256712
329,329,"Agent 1",1,1919,1919,32768,17,"pk_gemm(__half const*, __half const*, __half*, int, int, int)",128,8704,0,208,0,128,"SQ_INSTS_VALU",149026816.000000,251162823313,251169256712
329,329,"Agent 1",1,1919,1919,32768,17,"pk_gemm(__half const*, __half const*, __half*, int, int, int)",128,8704,0,208,0,128,"SQ_WAVES",1024.000000,251162823313,251169256712
330,330,"Agent 1",1,1919,1919,32768,17,"pk_gemm(__half const*, __half const*, __half*, int, int, int)",128,8704,0,208,0,128,"SQ_INSTS_LDS",10485760.000000,251169289093,251175722573
330,330,"Agent 1",1,1919,1919,32768,17,"pk_gemm(__half const*, __half const*, __half*, int, int, int)",128,8704,0,208,0,128,"SQ_INSTS_VALU",149026816.000000,251169289093,251175722573
330,330,"Agent 1",1,1919,1919,32768,17,"pk_gemm(__half const*, __half const*, __half*, int, int, int)",128,8704,0,208,0,128,"SQ_WAVES",1024.000000,251169289093,251175722573
331,331,"Agent 1",1,1919,1919,32768,17,"pk_gemm(__half const*, __half const*, __half*, int, int, int)",128,8704,0,208,0,128,"SQ_INSTS_LDS",10485760.000000,251175755234,251182670095
331,331,"Agent 1",1,1919,1919,32768,17,"pk_gemm(__half const*, __half const*, __half*, int, int, int)",128,8704,0,208,0,128,"SQ_INSTS_VALU",149026816.000000,251175755234,251182670095
331,331,"Agent 1",1,1919,1919,32768,17,"pk_gemm(__half const*, __half const*, __half*, int, int, int)",128,8704,0,208,0,128,"SQ_WAVES",1024.000000,251175755234,251182670095
332,332,"Agent 1",1,1919,1919,32768,17,"pk_gemm(__half const*, __half const*, __half*, int, int, int)",128,8704,0,208,0,128,"SQ_INSTS_LDS",10485760.000000,251182701553,251188816597
332,332,"Agent 1",1,1919,1919,32768,17,"pk_gemm(__half const*, __half const*, __half*, int, int, int)",128,8704,0,208,0,128,"SQ_INSTS_VALU",149026816.000000,251182701553,251188816597
332,332,"Agent 1",1,1919,1919,32768,17,"pk_gemm(__half const*, __half const*, __half*, int, int, int)",128,8704,0,208,0,128,"SQ_WAVES",1024.000000,251182701553,251188816597
333,333,"Agent 1",1,1919,1919,32768,17,"pk_gemm(__half const*, __half const*, __half*, int, int, int)",128,8704,0,208,0,128,"SQ_INSTS_LDS",10485760.000000,251188847976,251195482672
333,333,"Agent 1",1,1919,1919,32768,17,"pk_gemm(__half const*, __half const*, __half*, int, int, int)",128,8704,0,208,0,128,"SQ_INSTS_VALU",149026816.000000,251188847976,251195482672
333,333,"Agent 1",1,1919,1919,32768,17,"pk_gemm(__half const*, __half const*, __half*, int, int, int)",128,8704,0,208,0,128,"SQ_WAVES",1024.000000,251188847976,251195482672
334,334,"Agent 1",1,1919,1919,32768,17,"pk_gemm(__half const*, __half const*, __half*, int, int, int)",128,8704,0,208,0,128,"SQ_INSTS_LDS",10485760.000000,251195514011,251202356617
334,334,"Agent 1",1,1919,1919,32768,17,"pk_gemm(__half const*, __half const*, __half*, int, int, int)",128,8704,0,208,0,128,"SQ_INSTS_VALU",149026816.000000,251195514011,251202356617
334,334,"Agent 1",1,1919,1919,32768,17,"pk_gemm(__half const*, __half const*, __half*, int, int, int)",128,8704,0,208,0,128,"SQ_WAVES",1024.000000,251195514011,251202356617
335,335,"Agent 1",1,1919,1919,32768,17,"pk_gemm(__half const*, __half const*, __half*, int, int, int)",128,8704,0,208,0,128,"SQ_INSTS_LDS",10485760.000000,251202391241,251208827406
335,335,"Agent 1",1,1919,1919,32768,17,"pk_gemm(__half const*, __half const*, __half*, int, int, int)",128,8704,0,208,0,128,"SQ_INSTS_VALU",149026816.000000,251202391241,251208827406
335,335,"Agent 1",1,1919,1919,32768,17,"pk_gemm(__half const*, __half const*, __half*, int, int, int)",128,8704,0,208,0,128,"SQ_WAVES",1024.000000,251202391241,251208827406
336,336,"Agent 1",1,1919,1919,32768,17,"pk_gemm(__half const*, __half const*, __half*, int, int, int)",128,8704,0,208,0,128,"SQ_INSTS_LDS",10485760.000000,251208859586,251215346767
336,336,"Agent 1",1,1919,1919,32768,17,"pk_gemm(__half const*, __half const*, __half*, int, int, int)",128,8704,0,208,0,128,"SQ_INSTS_VALU",149026816.000000,251208859586,251215346767
336,336,"Agent 1",1,1919,1919,32768,17,"pk_gemm(__half const*, __half const*, __half*, int, int, int)",128,8704,0,208,0,128,"SQ_WAVES",1024.000000,251208859586,251215346767
337,337,"Agent 1",1,1919,1919,32768,17,"pk_gemm(__half const*, __half const*, __half*, int, int, int)",128,8704,0,208,0,128,"SQ_INSTS_LDS",10485760.000000,251215381111,251221297102
337,337,"Agent 1",1,1919,1919,32768,17,"pk_gemm(__half const*, __half const*, __half*, int, int, int)",128,8704,0,208,0,128,"SQ_INSTS_VALU",149026816.000000,251215381111,251221297102
337,337,"Agent 1",1,1919,1919,32768,17,"pk_gemm(__half const*, __half const*, __half*, int, int, int)",128,8704,0,208,0,128,"SQ_WAVES",1024.000000,251215381111,251221297102
338,338,"Agent 1",1,1919,1919,32768,17,"pk_gemm(__half const*, __half const*, __half*, int, int, int)",128,8704,0,208,0,128,"SQ_INSTS_LDS",10485760.000000,251221327546,251227916036
338,338,"Agent 1",1,1919,1919,32768,17,"pk_gemm(__half const*, __half const*, __half*, int, int, int)",128,8704,0,208,0,128,"SQ_INSTS_VALU",149026816.000000,251221327546,251227916036
338,338,"Agent 1",1,1919,1919,32768,17,"pk_gemm(__half const*, __half const*, __half*, int, int, int)",128,8704,0,208,0,128,"SQ_WAVES",1024.000000,251221327546,251227916036
339,339,"Agent 1",1,1919,1919,32768,17,"pk_gemm(__half const*, __half const*, __half*, int, int, int)",128,8704,0,208,0,128,"SQ_INSTS_LDS",10485760.000000,251227949618,251234620141
339,339,"Agent 1",1,1919,1919,32768,17,"pk_gemm(__half const*, __half const*, __half*, int, int, int)",128,8704,0,208,0,128,"SQ_INSTS_VALU",149026816.000000,251227949618,251234620141
339,339,"Agent 1",1,1919,1919,32768,17,"pk_gemm(__half const*, __half const*, __half*, int, int, int)",128,8704,0,208,0,128,"SQ_WAVES",1024.000000,251227949618,251234620141
340,340,"Agent 1",1,1919,1919,32768,17,"pk_gemm(__half const*, __half const*, __half*, int, int, int)",128,8704,0,208,0,128,"SQ_INSTS_LDS",10485760.000000,251234652242,251241284534
340,340,"Agent 1",1,1919,1919,32768,17,"pk_gemm(__half const*, __half const*, __half*, int, int, int)",128,8704,0,208,0,128,"SQ_INSTS_VALU",149026816.000000,251234652242,251241284534
340,340,"Agent 1",1,1919,1919,32768,17,"pk_gemm(__half const*, __half const*, __half*, int, int, int)",128,8704,0,208,0,128,"SQ_WAVES",1024.000000,251234652242,251241284534
341,341,"Agent 1",1,1919,1919,32768,17,"pk_gemm(__half const*, __half const*, __half*, int, int, int)",128,8704,0,208,0,128,"SQ_INSTS_LDS",10485760.000000,251241315672,251247462936
341,341,"Agent 1",1,1919,1919,32768,17,"pk_gemm(__half const*, __half const*, __half*, int, int, int)",128,8704,0,208,0,128,"SQ_INSTS_VALU",149026816.000000,251241315672,251247462936
341,341,"Agent 1",1,1919,1919,32768,17,"pk_gemm(__half const*, __half const*, __half*, int, int, int)",128,8704,0,208,0,128,"SQ_WAVES",1024.000000,251241315672,251247462936
342,342,"Agent 1",1,1919,1919,32768,17,"pk_gemm(__half const*, __half const*, __half*, int, int, int)",128,8704,0,208,0,128,"SQ_INSTS_LDS",10485760.000000,251247494275,251254327102
342,342,"Agent 1",1,1919,1919,32768,17,"pk_gemm(__half const*, __half const*, __half*, int, int, int)",128,8704,0,208,0,128,"SQ_INSTS_VALU",149026816.000000,251247494275,251254327102
342,342,"Agent 1",1,1919,1919,32768,17,"pk_gemm(__half const*, __half const*, __half*, int, int, int)",128,8704,0,208,0,128,"SQ_WAVES",1024.000000,251247494275,251254327102
343,343,"Agent 1",1,1919,1919,32768,17,"pk_gemm(__half const*, __half const*, __half*, int, int, int)",128,8704,0,208,0,128,"SQ_INSTS_LDS",10485760.000000,251254357479,251261001112
343,343,"Agent 1",1,1919,1919,32768,17,"pk_gemm(__half const*, __half const*, __half*, int, int, int)",128,8704,0,208,0,128,"SQ_INSTS_VALU",149026816.000000,251254357479,251261001112
343,343,"Agent 1",1,1919,1919,32768,17,"pk_gemm(__half const*, __half const*, __half*, int, int, int)",128,8704,0,208,0,128,"SQ_WAVES",1024.000000,251254357479,251261001112
344,344,"Agent 1",1,1919,1919,32768,17,"pk_gemm(__half const*, __half const*, __half*, int, int, int)",128,8704,0,208,0,128,"SQ_INSTS_LDS",10485760.000000,251261031289,251267402452
344,344,"Agent 1",1,1919,1919,32768,17,"pk_gemm(__half const*, __half const*, __half*, int, int, int)",128,8704,0,208,0,128,"SQ_INSTS_VALU",149026816.000000,251261031289,251267402452
344,344,"Agent 1",1,1919,1919,32768,17,"pk_gemm(__half const*, __half const*, __half*, int, int, int)",128,8704,0,208,0,128,"SQ_WAVES",1024.000000,251261031289,251267402452
345,345,"Agent 1",1,1919,1919,32768,17,"pk_gemm(__half const*, __half const*, __half*, int, int, int)",128,8704,0,208,0,128,"SQ_INSTS_LDS",10485760.000000,251267431907,251273426486
345,345,"Agent 1",1,1919,1919,32768,17,"pk_gemm(__half const*, __half const*, __half*, int, int, int)",128,8704,0,208,0,128,"SQ_INSTS_VALU",149026816.000000,251267431907,251273426486
345,345,"Agent 1",1,1919,1919,32768,17,"pk_gemm(__half const*, __half const*, __half*, int, int, int)",128,8704,0,208,0,128,"SQ_WAVES",1024.000000,251267431907,251273426486
346,346,"Agent 1",1,1919,1919,32768,17,"pk_gemm(__half const*, __half const*, __half*, int, int, int)",128,8704,0,208,0,128,"SQ_INSTS_LDS",10485760.000000,251273455941,251279761582
346,346,"Agent 1",1,1919,1919,32768,17,"pk_gemm(__half const*, __half const*, __half*, int, int, int)",128,8704,0,208,0,128,"SQ_INSTS_VALU",149026816.000000,251273455941,251279761582
346,346,"Agent 1",1,1919,1919,32768,17,"pk_gemm(__half const*, __half const*, __half*, int, int, int)",128,8704,0,208,0,128,"SQ_WAVES",1024.000000,251273455941,251279761582
347,347,"Agent 1",1,1919,1919,32768,17,"pk_gemm(__half const*, __half const*, __half*, int, int, int)",128,8704,0,208,0,128,"SQ_INSTS_LDS",10485760.000000,251279790877,251286245917
347,347,"Agent 1",1,1919,1919,32768,17,"pk_gemm(__half const*, __half const*, __half*, int, int, int)",128,8704,0,208,0,128,"SQ_INSTS_VALU",149026816.000000,251279790877,251286245917
347,347,"Agent 1",1,1919,1919,32768,17,"pk_gemm(__half const*, __half const*, __half*, int, int, int)",128,8704,0,208,0,128,"SQ_WAVES",1024.000000,251279790877,251286245917
348,348,"Agent 1",1,1919,1919,32768,17,"pk_gemm(__half const*, __half const*, __half*, int, int, int)",128,8704,0,208,0,128,"SQ_INSTS_LDS",10485760.000000,251286277136,251292214287
348,348,"Agent 1",1,1919,1919,32768,17,"pk_gemm(__half const*, __half const*, __half*, int, int, int)",128,8704,0,208,0,128,"SQ_INSTS_VALU",149026816.000000,251286277136,251292214287
348,348,"Agent 1",1,1919,1919,32768,17,"pk_gemm(__half const*, __half const*, __half*, int, int, int)",128,8704,0,208,0,128,"SQ_WAVES",1024.000000,251286277136,251292214287
349,349,"Agent 1",1,1919,1919,32768,17,"pk_gemm(__half const*, __half const*, __half*, int, int, int)",128,8704,0,208,0,128,"SQ_INSTS_LDS",10485760.000000,251292245425,251299083823
349,349,"Agent 1",1,1919,1919,32768,17,"pk_gemm(__half const*, __half const*, __half*, int, int, int)",128,8704,0,208,0,128,"SQ_INSTS_VALU",149026816.000000,251292245425,251299083823
349,349,"Agent 1",1,1919,1919,32768,17,"pk_gemm(__half const*, __half const*, __half*, int, int, int)",128,8704,0,208,0,128,"SQ_WAVES",1024.000000,251292245425,251299083823
350,350,"Agent 1",1,1919,1919,32768,17,"pk_gemm(__half const*, __half const*, __half*, int, int, int)",128,8704,0,208,0,128,"SQ_INSTS_LDS",10485760.000000,251299114280,251306053787
350,350,"Agent 1",1,1919,1919,32768,17,"pk_gemm(__half const*, __half const*, __half*, int, int, int)",128,8704,0,208,0,128,"SQ_INSTS_VALU",149026816.000000,251299114280,251306053787
350,350,"Agent 1",1,1919,1919,32768,17,"pk_gemm(__half const*, __half const*, __half*, int, int, int)",128,8704,0,208,0,128,"SQ_WAVES",1024.000000,251299114280,251306053787
351,351,"Agent 1",1,1919,1919,32768,17,"pk_gemm(__half const*, __half const*, __half*, int, int, int)",128,8704,0,208,0,128,"SQ_INSTS_LDS",10485760.000000,251306082080,251312720864
351,351,"Agent 1",1,1919,1919,32768,17,"pk_gemm(__half const*, __half const*, __half*, int, int, int)",128,8704,0,208,0,128,"SQ_INSTS_VALU",149026816.000000,251306082080,251312720864
351,351,"Agent 1",1,1919,1919,32768,17,"pk_gemm(__half const*, __half const*, __half*, int, int, int)",128,8704,0,208,0,128,"SQ_WAVES",1024.000000,251306082080,251312720864
352,352,"Agent 1",1,1919,1919,32768,17,"pk_gemm(__half const*, __half const*, __half*, int, int, int)",128,8704,0,208,0,128,"SQ_INSTS_LDS",10485760.000000,251312750279,251319749738
352,352,"Agent 1",1,1919,1919,32768,17,"pk_gemm(__half const*, __half const*, __half*, int, int, int)",128,8704,0,208,0,128,"SQ_INSTS_VALU",149026816.000000,251312750279,251319749738
352,352,"Agent 1",1,1919,1919,32768,17,"pk_gemm(__half const*, __half const*, __half*, int, int, int)",128,8704,0,208,0,128,"SQ_WAVES",1024.000000,251312750279,251319749738
353,353,"Agent 1",1,1919,1919,32768,17,"pk_gemm(__half const*, __half const*, __half*, int, int, int)",128,8704,0,208,0,128,"SQ_INSTS_LDS",10485760.000000,251319778031,251325903895
353,353,"Agent 1",1,1919,1919,32768,17,"pk_gemm(__half const*, __half const*, __half*, int, int, int)",128,8704,0,208,0,128,"SQ_INSTS_VALU",149026816.000000,251319778031,251325903895
353,353,"Agent 1",1,1919,1919,32768,17,"pk_gemm(__half const*, __half const*, __half*, int, int, int)",128,8704,0,208,0,128,"SQ_WAVES",1024.000000,251319778031,251325903895
354,354,"Agent 1",1,1919,1919,32768,17,"pk_gemm(__half const*, __half const*, __half*, int, int, int)",128,8704,0,208,0,128,"SQ_INSTS_LDS",10485760.000000,251325934312,251332572215
354,354,"Agent 1",1,1919,1919,32768,17,"pk_gemm(__half const*, __half const*, __half*, int, int, int)",128,8704,0,208,0,128,"SQ_INSTS_VALU",149026816.000000,251325934312,251332572215
354,354,"Agent 1",1,1919,1919,32768,17,"pk_gemm(__half const*, __half const*, __half*, int, int, int)",128,8704,0,208,0,128,"SQ_WAVES",1024.000000,251325934312,251332572215
355,355,"Agent 1",1,1919,1919,32768,17,"pk_gemm(__half const*, __half const*, __half*, int, int, int)",128,8704,0,208,0,128,"SQ_INSTS_LDS",10485760.000000,251332602231,251338860864
355,355,"Agent 1",1,1919,1919,32768,17,"pk_gemm(__half const*, __half const*, __half*, int, int, int)",128,8704,0,208,0,128,"SQ_INSTS_VALU",149026816.000000,251332602231,251338860864
355,355,"Agent 1",1,1919,1919,32768,17,"pk_gemm(__half const*, __half const*, __half*, int, int, int)",128,8704,0,208,0,128,"SQ_WAVES",1024.000000,251332602231,251338860864
356,356,"Agent 1",1,1919,1919,32768,17,"pk_gemm(__half const*, __half const*, __half*, int, int, int)",128,8704,0,208,0,128,"SQ_INSTS_LDS",10485760.000000,251338917009,251345377499
356,356,"Agent 1",1,1919,1919,32768,17,"pk_gemm(__half const*, __half const*, __half*, int, int, int)",128,8704,0,208,0,128,"SQ_INSTS_VALU",149026816.000000,251338917009,251345377499
356,356,"Agent 1",1,1919,1919,32768,17,"pk_gemm(__half const*, __half const*, __half*, int, int, int)",128,8704,0,208,0,128,"SQ_WAVES",1024.000000,251338917009,251345377499
357,357,"Agent 1",1,1919,1919,32768,17,"pk_gemm(__half const*, __half const*, __half*, int, int, int)",128,8704,0,208,0,128,"SQ_INSTS_LDS",10485760.000000,251345411203,251351602229
357,357,"Agent 1",1,1919,1919,32768,17,"pk_gemm(__half const*, __half const*, __half*, int, int, int)",128,8704,0,208,0,128,"SQ_INSTS_VALU",149026816.000000,251345411203,251351602229
357,357,"Agent 1",1,1919,1919,32768,17,"pk_gemm(__half const*, __half const*, __half*, int, int, int)",128,8704,0,208,0,128,"SQ_WAVES",1024.000000,251345411203,251351602229
358,358,"Agent 1",1,1919,1919,32768,17,"pk_gemm(__half const*, __half const*, __half*, int, int, int)",128,8704,0,208,0,128,"SQ_INSTS_LDS",10485760.000000,251351635280,251358126788
358,358,"Agent 1",1,1919,1919,32768,17,"pk_gemm(__half const*, __half const*, __half*, int, int, int)",128,8704,0,208,0,128,"SQ_INSTS_VALU",149026816.000000,251351635280,251358126788
358,358,"Agent 1",1,1919,1919,32768,17,"pk_gemm(__half const*, __half const*, __half*, int, int, int)",128,8704,0,208,0,128,"SQ_WAVES",1024.000000,251351635280,251358126788
359,359,"Agent 1",1,1919,1919,32768,17,"pk_gemm(__half const*, __half const*, __half*, int, int, int)",128,8704,0,208,0,128,"SQ_INSTS_LDS",10485760.000000,251358164818,251364483563
359,359,"Agent 1",1,1919,1919,32768,17,"pk_gemm(__half const*, __half const*, __half*, int, int, int)",128,8704,0,208,0,128,"SQ_INSTS_VALU",149026816.000000,251358164818,251364483563
359,359,"Agent 1",1,1919,1919,32768,17,"pk_gemm(__half const*, __half const*, __half*, int, int, int)",128,8704,0,208,0,128,"SQ_WAVES",1024.000000,251358164818,251364483563
360,360,"Agent 1",1,1919,1919,32768,17,"pk_gemm(__half const*, __half const*, __half*, int, int, int)",128,8704,0,208,0,128,"SQ_INSTS_LDS",10485760.000000,251364516265,251370594360
360,360,"Agent 1",1,1919,1919,32768,17,"pk_gemm(__half const*, __half const*, __half*, int, int, int)",128,8704,0,208,0,128,"SQ_INSTS_VALU",149026816.000000,251364516265,251370594360
360,360,"Agent 1",1,1919,1919,32768,17,"pk_gemm(__half const*, __half const*, __half*, int, int, int)",128,8704,0,208,0,128,"SQ_WAVES",1024.000000,251364516265,251370594360
361,361,"Agent 1",1,1919,1919,32768,17,"pk_gemm(__half const*, __half const*, __half*, int, int, int)",128,8704,0,208,0,128,"SQ_INSTS_LDS",10485760.000000,251370628343,251377162692
361,361,"Agent 1",1,1919,1919,32768,17,"pk_gemm(__half const*, __half const*, __half*, int, int, int)",128,8704,0,208,0,128,"SQ_INSTS_VALU",149026816.000000,251370628343,251377162692
361,361,"Agent 1",1,1919,1919,32768,17,"pk_gemm(__half const*, __half const*, __half*, int, int, int)",128,8704,0,208,0,128,"SQ_WAVES",1024.000000,251370628343,251377162692
362,362,"Agent 1",1,1919,1919,32768,17,"pk_gemm(__half const*, __half const*, __half*, int, int, int)",128,8704,0,208,0,128,"SQ_INSTS_LDS",10485760.000000,251377195834,251383387501
362,362,"Agent 1",1,1919,1919,32768,17,"pk_gemm(__half const*, __half const*, __half*, int, int, int)",128,8704,0,208,0,128,"SQ_INSTS_VALU",149026816.000000,251377195834,251383387501
362,362,"Agent 1",1,1919,1919,32768,17,"pk_gemm(__half const*, __half const*, __half*, int, int, int)",128,8704,0,208,0,128,"SQ_WAVES",1024.000000,251377195834,251383387501
363,363,"Agent 1",1,1919,1919,32768,17,"pk_gemm(__half const*, __half const*, __half*, int, int, int)",128,8704,0,208,0,128,"SQ_INSTS_LDS",10485760.000000,251383418599,251389574841
363,363,"Agent 1",1,1919,1919,32768,17,"pk_gemm(__half const*, __half const*, __half*, int, int, int)",128,8704,0,208,0,128,"SQ_INSTS_VALU",149026816.000000,251383418599,251389574841
363,363,"Agent 1",1,1919,1919,32768,17,"pk_gemm(__half const*, __half const*, __half*, int, int, int)",128,8704,0,208,0,128,"SQ_WAVES",1024.000000,251383418599,251389574841
364,364,"Agent 1",1,1919,1919,32768,17,"pk_gemm(__half const*, __half const*, __half*, int, int, int)",128,8704,0,208,0,128,"SQ_INSTS_LDS",10485760.000000,251389606099,251395788189
364,364,"Agent 1",1,1919,1919,32768,17,"pk_gemm(__half const*, __half const*, __half*, int, int, int)",128,8704,0,208,0,128,"SQ_INSTS_VALU",149026816.000000,251389606099,251395788189
364,364,"Agent 1",1,1919,1919,32768,17,"pk_gemm(__half const*, __half const*, __half*, int, int, int)",128,8704,0,208,0,128,"SQ_WAVES",1024.000000,251389606099,251395788189
365,365,"Agent 1",1,1919,1919,32768,17,"pk_gemm(__half const*, __half const*, __half*, int, int, int)",128,8704,0,208,0,128,"SQ_INSTS_LDS",10485760.000000,251395822012,251402444886
365,365,"Agent 1",1,1919,1919,32768,17,"pk_gemm(__half const*, __half const*, __half*, int, int, int)",128,8704,0,208,0,128,"SQ_INSTS_VALU",149026816.000000,251395822012,251402444886
365,365,"Agent 1",1,1919,1919,32768,17,"pk_gemm(__half const*, __half const*, __half*, int, int, int)",128,8704,0,208,0,128,"SQ_WAVES",1024.000000,251395822012,251402444886
366,366,"Agent 1",1,1919,1919,32768,17,"pk_gemm(__half const*, __half const*, __half*, int, int, int)",128,8704,0,208,0,128,"SQ_INSTS_LDS",10485760.000000,251402478629,251408685525
366,366,"Agent 1",1,1919,1919,32768,17,"pk_gemm(__half const*, __half const*, __half*, int, int, int)",128,8704,0,208,0,128,"SQ_INSTS_VALU",149026816.000000,251402478629,251408685525
366,366,"Agent 1",1,1919,1919,32768,17,"pk_gemm(__half const*, __half const*, __half*, int, int, int)",128,8704,0,208,0,128,"SQ_WAVES",1024.000000,251402478629,251408685525
367,367,"Agent 1",1,1919,1919,32768,17,"pk_gemm(__half const*, __half const*, __half*, int, int, int)",128,8704,0,208,0,128,"SQ_INSTS_LDS",10485760.000000,251408719389,251415051078
367,367,"Agent 1",1,1919,1919,32768,17,"pk_gemm(__half const*, __half const*, __half*, int, int, int)",128,8704,0,208,0,128,"SQ_INSTS_VALU",149026816.000000,251408719389,251415051078
367,367,"Agent 1",1,1919,1919,32768,17,"pk_gemm(__half const*, __half const*, __half*, int, int, int)",128,8704,0,208,0,128,"SQ_WAVES",1024.000000,251408719389,251415051078
368,368,"Agent 1",1,1919,1919,32768,17,"pk_gemm(__half const*, __half const*, __half*, int, int, int)",128,8704,0,208,0,128,"SQ_INSTS_LDS",10485760.000000,251415083707,251421619739
368,368,"Agent 1",1,1919,1919,32768,17,"pk_gemm(__half const*, __half const*, __half*, int, int, int)",128,8704,0,208,0,128,"SQ_INSTS_VALU",149026816.000000,251415083707,251421619739
368,368,"Agent 1",1,1919,1919,32768,17,"pk_gemm(__half const*, __half const*, __half*, int, int, int)",128,8704,0,208,0,128,"SQ_WAVES",1024.000000,251415083707,251421619739
369,369,"Agent 1",1,1919,1919,32768,17,"pk_gemm(__half const*, __half const*, __half*, int, int, int)",128,8704,0,208,0,128,"SQ_INSTS_LDS",10485760.000000,251421653481,251428006811
369,369,"Agent 1",1,1919,1919,32768,17,"pk_gemm(__half const*, __half const*, __half*, int, int, int)",128,8704,0,208,0,128,"SQ_INSTS_VALU",149026816.000000,251421653481,251428006811
369,369,"Agent 1",1,1919,1919,32768,17,"pk_gemm(__half const*, __half const*, __half*, int, int, int)",128,8704,0,208,0,128,"SQ_WAVES",1024.000000,251421653481,251428006811
370,370,"Agent 1",1,1919,1919,32768,17,"pk_gemm(__half const*, __half const*, __half*, int, int, int)",128,8704,0,208,0,128,"SQ_INSTS_LDS",10485760.000000,251428037869,251434501205
370,370,"Agent 1",1,1919,1919,32768,17,"pk_gemm(__half const*, __half const*, __half*, int, int, int)",128,8704,0,208,0,128,"SQ_INSTS_VALU",149026816.000000,251428037869,251434501205
370,370,"Agent 1",1,1919,1919,32768,17,"pk_gemm(__half const*, __half const*, __half*, int, int, int)",128,8704,0,208,0,128,"SQ_WAVES",1024.000000,251428037869,251434501205
371,371,"Agent 1",1,1919,1919,32768,17,"pk_gemm(__half const*, __half const*, __half*, int, int, int)",128,8704,0,208,0,128,"SQ_INSTS_LDS",10485760.000000,251434532784,251440915850
371,371,"Agent 1",1,1919,1919,32768,17,"pk_gemm(__half const*, __half const*, __half*, int, int, int)",128,8704,0,208,0,128,"SQ_INSTS_VALU",149026816.000000,251434532784,251440915850
371,371,"Agent 1",1,1919,1919,32768,17,"pk_gemm(__half const*, __half const*, __half*, int, int, int)",128,8704,0,208,0,128,"SQ_WAVES",1024.000000,251434532784,251440915850
372,372,"Agent 1",1,1919,1919,32768,17,"pk_gemm(__half const*, __half const*, __half*, int, int, int)",128,8704,0,208,0,128,"SQ_INSTS_LDS",10485760.000000,251440946989,251447994618
372,372,"Agent 1",1,1919,1919,32768,17,"pk_gemm(__half const*, __half const*, __half*, int, int, int)",128,8704,0,208,0,128,"SQ_INSTS_VALU",149026816.000000,251440946989,251447994618
372,372,"Agent 1",1,1919,1919,32768,17,"pk_gemm(__half const*, __half const*, __half*, int, int, int)",128,8704,0,208,0,128,"SQ_WAVES",1024.000000,251440946989,251447994618
373,373,"Agent 1",1,1919,1919,32768,17,"pk_gemm(__half const*, __half const*, __half*, int, int, int)",128,8704,0,208,0,128,"SQ_INSTS_LDS",10485760.000000,251448024153,251454792661
373,373,"Agent 1",1,1919,1919,32768,17,"pk_gemm(__half const*, __half const*, __half*, int, int, int)",128,8704,0,208,0,128,"SQ_INSTS_VALU",149026816.000000,251448024153,251454792661
373,373,"Agent 1",1,1919,1919,32768,17,"pk_gemm(__half const*, __half const*, __half*, int, int, int)",128,8704,0,208,0,128,"SQ_WAVES",1024.000000,251448024153,251454792661
374,374,"Agent 1",1,1919,1919,32768,17,"pk_gemm(__half const*, __half const*, __half*, int, int, int)",128,8704,0,208,0,128,"SQ_INSTS_LDS",10485760.000000,251454825282,251461585093
374,374,"Agent 1",1,1919,1919,32768,17,"pk_gemm(__half const*, __half const*, __half*, int, int, int)",128,8704,0,208,0,128,"SQ_INSTS_VALU",149026816.000000,251454825282,251461585093
374,374,"Agent 1",1,1919,1919,32768,17,"pk_gemm(__half const*, __half const*, __half*, int, int, int)",128,8704,0,208,0,128,"SQ_WAVES",1024.000000,251454825282,251461585093
375,375,"Agent 1",1,1919,1919,32768,17,"pk_gemm(__half const*, __half const*, __half*, int, int, int)",128,8704,0,208,0,128,"SQ_INSTS_LDS",10485760.000000,251461615109,251468062134
375,375,"Agent 1",1,1919,1919,32768,17,"pk_gemm(__half const*, __half const*, __half*, int, int, int)",128,8704,0,208,0,128,"SQ_INSTS_VALU",149026816.000000,251461615109,251468062134
375,375,"Agent 1",1,1919,1919,32768,17,"pk_gemm(__half const*, __half const*, __half*, int, int, int)",128,8704,0,208,0,128,"SQ_WAVES",1024.000000,251461615109,251468062134
376,376,"Agent 1",1,1919,1919,32768,17,"pk_gemm(__half const*, __half const*, __half*, int, int, int)",128,8704,0,208,0,128,"SQ_INSTS_LDS",10485760.000000,251468092551,251474897647
376,376,"Agent 1",1,1919,1919,32768,17,"pk_gemm(__half const*, __half const*, __half*, int, int, int)",128,8704,0,208,0,128,"SQ_INSTS_VALU",149026816.000000,251468092551,251474897647
376,376,"Agent 1",1,1919,1919,32768,17,"pk_gemm(__half const*, __half const*, __half*, int, int, int)",128,8704,0,208,0,128,"SQ_WAVES",1024.000000,251468092551,251474897647
377,377,"Agent 1",1,1919,1919,32768,17,"pk_gemm(__half const*, __half const*, __half*, int, int, int)",128,8704,0,208,0,128,"SQ_INSTS_LDS",10485760.000000,251474927703,251481096288
377,377,"Agent 1",1,1919,1919,32768,17,"pk_gemm(__half const*, __half const*, __half*, int, int, int)",128,8704,0,208,0,128,"SQ_INSTS_VALU",149026816.000000,251474927703,251481096288
377,377,"Agent 1",1,1919,1919,32768,17,"pk_gemm(__half const*, __half const*, __half*, int, int, int)",128,8704,0,208,0,128,"SQ_WAVES",1024.000000,251474927703,251481096288
378,378,"Agent 1",1,1919,1919,32768,17,"pk_gemm(__half const*, __half const*, __half*, int, int, int)",128,8704,0,208,0,128,"SQ_INSTS_LDS",10485760.000000,251481126201,251487586732
378,378,"Agent 1",1,1919,1919,32768,17,"pk_gemm(__half const*, __half const*, __half*, int, int, int)",128,8704,0,208,0,128,"SQ_INSTS_VALU",149026816.000000,251481126201,251487586732
378,378,"Agent 1",1,1919,1919,32768,17,"pk_gemm(__half const*, __half const*, __half*, int, int, int)",128,8704,0,208,0,128,"SQ_WAVES",1024.000000,251481126201,251487586732
379,379,"Agent 1",1,1919,1919,32768,17,"pk_gemm(__half const*, __half const*, __half*, int, int, int)",128,8704,0,208,0,128,"SQ_INSTS_LDS",10485760.000000,251487618471,251494034799
379,379,"Agent 1",1,1919,1919,32768,17,"pk_gemm(__half const*, __half const*, __half*, int, int, int)",128,8704,0,208,0,128,"SQ_INSTS_VALU",149026816.000000,251487618471,251494034799
379,379,"Agent 1",1,1919,1919,32768,17,"pk_gemm(__half const*, __half const*, __half*, int, int, int)",128,8704,0,208,0,128,"SQ_WAVES",1024.000000,251487618471,251494034799
380,380,"Agent 1",1,1919,1919,32768,17,"pk_gemm(__half const*, __half const*, __half*, int, int, int)",128,8704,0,208,0,128,"SQ_INSTS_LDS",10485760.000000,251494063853,251500360277
380,380,"Agent 1",1,1919,1919,32768,17,"pk_gemm(__half const*, __half const*, __half*, int, int, int)",128,8704,0,208,0,128,"SQ_INSTS_VALU",149026816.000000,251494063853,251500360277
380,380,"Agent 1",1,1919,1919,32768,17,"pk_gemm(__half const*, __half const*, __half*, int, int, int)",128,8704,0,208,0,128,"SQ_WAVES",1024.000000,251494063853,251500360277
381,381,"Agent 1",1,1919,1919,32768,17,"pk_gemm(__half const*, __half const*, __half*, int, int, int)",128,8704,0,208,0,128,"SQ_INSTS_LDS",10485760.000000,251500389892,251506556473
381,381,"Agent 1",1,1919,1919,32768,17,"pk_gemm(__half const*, __half const*, __half*, int, int, int)",128,8704,0,208,0,128,"SQ_INSTS_VALU",149026816.000000,251500389892,251506556473
381,381,"Agent 1",1,1919,1919,32768,17,"pk_gemm(__half const*, __half const*, __half*, int, int, int)",128,8704,0,208,0,128,"SQ_WAVES",1024.000000,251500389892,251506556473
382,382,"Agent 1",1,1919,1919,32768,17,"pk_gemm(__half const*, __half const*, __half*, int, int, int)",128,8704,0,208,0,128,"SQ_INSTS_LDS",10485760.000000,251506585648,251513323257
382,382,"Agent 1",1,1919,1919,32768,17,"pk_gemm(__half const*, __half const*, __half*, int, int, int)",128,8704,0,208,0,128,"SQ_INSTS_VALU",149026816.000000,251506585648,251513323257
382,382,"Agent 1",1,1919,1919,32768,17,"pk_gemm(__half const*, __half const*, __half*, int, int, int)",128,8704,0,208,0,128,"SQ_WAVES",1024.000000,251506585648,251513323257
383,383,"Agent 1",1,1919,1919,32768,17,"pk_gemm(__half const*, __half const*, __half*, int, int, int)",128,8704,0,208,0,128,"SQ_INSTS_LDS",10485760.000000,251513351590,251520016864
383,383,"Agent 1",1,1919,1919,32768,17,"pk_gemm(__half const*, __half const*, __half*, int, int, int)",128,8704,0,208,0,128,"SQ_INSTS_VALU",149026816.000000,251513351590,251520016864
383,383,"Agent 1",1,1919,1919,32768,17,"pk_gemm(__half const*, __half const*, __half*, int, int, int)",128,8704,0,208,0,128,"SQ_WAVES",1024.000000,251513351590,251520016864
384,384,"Agent 1",1,1919,1919,32768,17,"pk_gemm(__half const*, __half const*, __half*, int, int, int)",128,8704,0,208,0,128,"SQ_INSTS_LDS",10485760.000000,251520045358,251526500198
384,384,"Agent 1",1,1919,1919,32768,17,"pk_gemm(__half const*, __half const*, __half*, int, int, int)",128,8704,0,208,0,128,"SQ_INSTS_VALU",149026816.000000,251520045358,251526500198
384,384,"Agent 1",1,1919,1919,32768,17,"pk_gemm(__half const*, __half const*, __half*, int, int, int)",128,8704,0,208,0,128,"SQ_WAVES",1024.000000,251520045358,251526500198
385,385,"Agent 1",1,1919,1919,32768,17,"pk_gemm(__half const*, __half const*, __half*, int, int, int)",128,8704,0,208,0,128,"SQ_INSTS_LDS",10485760.000000,251526530815,251532687858
385,385,"Agent 1",1,1919,1919,32768,17,"pk_gemm(__half const*, __half const*, __half*, int, int, int)",128,8704,0,208,0,128,"SQ_INSTS_VALU",149026816.000000,251526530815,251532687858
385,385,"Agent 1",1,1919,1919,32768,17,"pk_gemm(__half const*, __half const*, __half*, int, int, int)",128,8704,0,208,0,128,"SQ_WAVES",1024.000000,251526530815,251532687858
386,386,"Agent 1",1,1919,1919,131072,17,"pk_gemm(__half const*, __half const*, __half*, int, int, int)",128,8704,0,208,0,128,"SQ_INSTS_LDS",83886080.000000,251973668314,252029953011
386,386,"Agent 1",1,1919,1919,131072,17,"pk_gemm(__half const*, __half const*, __half*, int, int, int)",128,8704,0,208,0,128,"SQ_INSTS_VALU",1189601280.000000,251973668314,252029953011
386,386,"Agent 1",1,1919,1919,131072,17,"pk_gemm(__half const*, __half const*, __half*, int, int, int)",128,8704,0,208,0,128,"SQ_WAVES",4096.000000,251973668314,252029953011
387,387,"Agent 1",1,1919,1919,131072,17,"pk_gemm(__half const*, __half const*, __half*, int, int, int)",128,8704,0,208,0,128,"SQ_INSTS_LDS",83886080.000000,252029992123,252067590489
387,387,"Agent 1",1,1919,1919,131072,17,"pk_gemm(__half const*, __half const*, __half*, int, int, int)",128,8704,0,208,0,128,"SQ_INSTS_VALU",1189601280.000000,252029992123,252067590489
387,387,"Agent 1",1,1919,1919,131072,17,"pk_gemm(__half const*, __half const*, __half*, int, int, int)",128,8704,0,208,0,128,"SQ_WAVES",4096.000000,252029992123,252067590489
388,388,"Agent 1",1,1919,1919,131072,17,"pk_gemm(__half const*, __half const*, __half*, int, int, int)",128,8704,0,208,0,128,"SQ_INSTS_LDS",83886080.000000,252067622736,252135429518
388,388,"Agent 1",1,1919,1919,131072,17,"pk_gemm(__half const*, __half const*, __half*, int, int, int)",128,8704,0,208,0,128,"SQ_INSTS_VALU",1189601280.000000,252067622736,252135429518
388,388,"Agent 1",1,1919,1919,131072,17,"pk_gemm(__half const*, __half const*, __half*, int, int, int)",128,8704,0,208,0,128,"SQ_WAVES",4096.000000,252067622736,252135429518
389,389,"Agent 1",1,1919,1919,131072,17,"pk_gemm(__half const*, __half const*, __half*, int, int, int)",128,8704,0,208,0,128,"SQ_INSTS_LDS",83886080.000000,252135462458,252174003589
389,389,"Agent 1",1,1919,1919,131072,17,"pk_gemm(__half const*, __half const*, __half*, int, int, int)",128,8704,0,208,0,128,"SQ_INSTS_VALU",1189601280.000000,252135462458,252174003589
389,389,"Agent 1",1,1919,1919,131072,17,"pk_gemm(__half const*, __half const*, __half*, int, int, int)",128,8704,0,208,0,128,"SQ_WAVES",4096.000000,252135462458,252174003589
390,390,"Agent 1",1,1919,1919,131072,17,"pk_gemm(__half const*, __half const*, __half*, int, int, int)",128,8704,0,208,0,128,"SQ_INSTS_LDS",83886080.000000,252174032319,252240334323
390,390,"Agent 1",1,1919,1919,131072,17,"pk_gemm(__half const*, __half const*, __half*, int, int, int)",128,8704,0,208,0,128,"SQ_INSTS_VALU",1189601280.000000,252174032319,252240334323
390,390,"Agent 1",1,1919,1919,131072,17,"pk_gemm(__half const*, __half const*, __half*, int, int, int)",128,8704,0,208,0,128,"SQ_WAVES",4096.000000,252174032319,252240334323
391,391,"Agent 1",1,1919,1919,131072,17,"pk_gemm(__half const*, __half const*, __half*, int, int, int)",128,8704,0,208,0,128,"SQ_INSTS_LDS",83886080.000000,252240366983,252285248298
391,391,"Agent 1",1,1919,1919,131072,17,"pk_gemm(__half const*, __half const*, __half*, int, int, int)",128,8704,0,208,0,128,"SQ_INSTS_VALU",1189601280.000000,252240366983,252285248298
391,391,"Agent 1",1,1919,1919,131072,17,"pk_gemm(__half const*, __half const*, __half*, int, int, int)",128,8704,0,208,0,128,"SQ_WAVES",4096.000000,252240366983,252285248298
392,392,"Agent 1",1,1919,1919,131072,17,"pk_gemm(__half const*, __half const*, __half*, int, int, int)",128,8704,0,208,0,128,"SQ_INSTS_LDS",83886080.000000,252285278380,252335529667
392,392,"Agent 1",1,1919,1919,131072,17,"pk_gemm(__half const*, __half const*, __half*, int, int, int)",128,8704,0,208,0,128,"SQ_INSTS_VALU",1189601280.000000,252285278380,252335529667
392,392,"Agent 1",1,1919,1919,131072,17,"pk_gemm(__half const*, __half const*, __half*, int, int, int)",128,8704,0,208,0,128,"SQ_WAVES",4096.000000,252285278380,252335529667
393,393,"Agent 1",1,1919,1919,131072,17,"pk_gemm(__half const*, __half const*, __half*, int, int, int)",128,8704,0,208,0,128,"SQ_INSTS_LDS",83886080.000000,252335563730,252382146793
393,393,"Agent 1",1,1919,1919,131072,17,"pk_gemm(__half const*, __half const*, __half*, int, int, int)",128,8704,0,208,0,128,"SQ_INSTS_VALU",1189601280.000000,252335563730,252382146793
393,393,"Agent 1",1,1919,1919,131072,17,"pk_gemm(__half const*, __half const*, __half*, int, int, int)",128,8704,0,208,0,128,"SQ_WAVES",4096.000000,252335563730,252382146793
394,394,"Agent 1",1,1919,1919,131072,17,"pk_gemm(__half const*, __half const*, __half*, int, int, int)",128,8704,0,208,0,128,"SQ_INSTS_LDS",83886080.000000,252382197751,252440639289
394,394,"Agent 1",1,1919,1919,131072,17,"pk_gemm(__half const*, __half const*, __half*, int, int, int)",128,8704,0,208,0,128,"SQ_INSTS_VALU",1189601280.000000,252382197751,252440639289
394,394,"Agent 1",1,1919,1919,131072,17,"pk_gemm(__half const*, __half const*, __half*, int, int, int)",128,8704,0,208,0,128,"SQ_WAVES",4096.000000,252382197751,252440639289
395,395,"Agent 1",1,1919,1919,131072,17,"pk_gemm(__half const*, __half const*, __half*, int, int, int)",128,8704,0,208,0,128,"SQ_INSTS_LDS",83886080.000000,252440675476,252483147286
395,395,"Agent 1",1,1919,1919,131072,17,"pk_gemm(__half const*, __half const*, __half*, int, int, int)",128,8704,0,208,0,128,"SQ_INSTS_VALU",1189601280.000000,252440675476,252483147286
395,395,"Agent 1",1,1919,1919,131072,17,"pk_gemm(__half const*, __half const*, __half*, int, int, int)",128,8704,0,208,0,128,"SQ_WAVES",4096.000000,252440675476,252483147286
396,396,"Agent 1",1,1919,1919,131072,17,"pk_gemm(__half const*, __half const*, __half*, int, int, int)",128,8704,0,208,0,128,"SQ_INSTS_LDS",83886080.000000,252483181703,252535102835
396,396,"Agent 1",1,1919,1919,131072,17,"pk_gemm(__half const*, __half const*, __half*, int, int, int)",128,8704,0,208,0,128,"SQ_INSTS_VALU",1189601280.000000,252483181703,252535102835
396,396,"Agent 1",1,1919,1919,131072,17,"pk_gemm(__half const*, __half const*, __half*, int, int, int)",128,8704,0,208,0,128,"SQ_WAVES",4096.000000,252483181703,252535102835
397,397,"Agent 1",1,1919,1919,131072,17,"pk_gemm(__half const*, __half const*, __half*, int, int, int)",128,8704,0,208,0,128,"SQ_INSTS_LDS",83886080.000000,252535140184,252578984801
397,397,"Agent 1",1,1919,1919,131072,17,"pk_gemm(__half const*, __half const*, __half*, int, int, int)",128,8704,0,208,0,128,"SQ_INSTS_VALU",1189601280.000000,252535140184,252578984801
397,397,"Agent 1",1,1919,1919,131072,17,"pk_gemm(__half const*, __half const*, __half*, int, int, int)",128,8704,0,208,0,128,"SQ_WAVES",4096.000000,252535140184,252578984801
398,398,"Agent 1",1,1919,1919,131072,17,"pk_gemm(__half const*, __half const*, __half*, int, int, int)",128,8704,0,208,0,128,"SQ_INSTS_LDS",83886080.000000,252579022728,252637980470
398,398,"Agent 1",1,1919,1919,131072,17,"pk_gemm(__half const*, __half const*, __half*, int, int, int)",128,8704,0,208,0,128,"SQ_INSTS_VALU",1189601280.000000,252579022728,252637980470
398,398,"Agent 1",1,1919,1919,131072,17,"pk_gemm(__half const*, __half const*, __half*, int, int, int)",128,8704,0,208,0,128,"SQ_WAVES",4096.000000,252579022728,252637980470
399,399,"Agent 1",1,1919,1919,131072,17,"pk_gemm(__half const*, __half const*, __half*, int, int, int)",128,8704,0,208,0,128,"SQ_INSTS_LDS",83886080.000000,252638022789,252695294495
399,399,"Agent 1",1,1919,1919,131072,17,"pk_gemm(__half const*, __half const*, __half*, int, int, int)",128,8704,0,208,0,128,"SQ_INSTS_VALU",1189601280.000000,252638022789,252695294495
399,399,"Agent 1",1,1919,1919,131072,17,"pk_gemm(__half const*, __half const*, __half*, int, int, int)",128,8704,0,208,0,128,"SQ_WAVES",4096.000000,252638022789,252695294495
400,400,"Agent 1",1,1919,1919,131072,17,"pk_gemm(__half const*, __half const*, __half*, int, int, int)",128,8704,0,208,0,128,"SQ_INSTS_LDS",83886080.000000,252695326908,252749124593
400,400,"Agent 1",1,1919,1919,131072,17,"pk_gemm(__half const*, __half const*, __half*, int, int, int)",128,8704,0,208,0,128,"SQ_INSTS_VALU",1189601280.000000,252695326908,252749124593
400,400,"Agent 1",1,1919,1919,131072,17,"pk_gemm(__half const*, __half const*, __half*, int, int, int)",128,8704,0,208,0,128,"SQ_WAVES",4096.000000,252695326908,252749124593
401,401,"Agent 1",1,1919,1919,131072,17,"pk_gemm(__half const*, __half const*, __half*, int, int, int)",128,8704,0,208,0,128,"SQ_INSTS_LDS",83886080.000000,252749158255,252806258841
401,401,"Agent 1",1,1919,1919,131072,17,"pk_gemm(__half const*, __half const*, __half*, int, int, int)",128,8704,0,208,0,128,"SQ_INSTS_VALU",1189601280.000000,252749158255,252806258841
401,401,"Agent 1",1,1919,1919,131072,17,"pk_gemm(__half const*, __half const*, __half*, int, int, int)",128,8704,0,208,0,128,"SQ_WAVES",4096.000000,252749158255,252806258841
402,402,"Agent 1",1,1919,1919,131072,17,"pk_gemm(__half const*, __half const*, __half*, int, int, int)",128,8704,0,208,0,128,"SQ_INSTS_LDS",83886080.000000,252806293450,252866220125
402,402,"Agent 1",1,1919,1919,131072,17,"pk_gemm(__half const*, __half const*, __half*, int, int, int)",128,8704,0,208,0,128,"SQ_INSTS_VALU",1189601280.000000,252806293450,252866220125
402,402,"Agent 1",1,1919,1919,131072,17,"pk_gemm(__half const*, __half const*, __half*, int, int, int)",128,8704,0,208,0,128,"SQ_WAVES",4096.000000,252806293450,252866220125
403,403,"Agent 1",1,1919,1919,131072,17,"pk_gemm(__half const*, __half const*, __half*, int, int, int)",128,8704,0,208,0,128,"SQ_INSTS_LDS",83886080.000000,252866254428,252910365664
403,403,"Agent 1",1,1919,1919,131072,17,"pk_gemm(__half const*, __half const*, __half*, int, int, int)",128,8704,0,208,0,128,"SQ_INSTS_VALU",1189601280.000000,252866254428,252910365664
403,403,"Agent 1",1,1919,1919,131072,17,"pk_gemm(__half const*, __half const*, __half*, int, int, int)",128,8704,0,208,0,128,"SQ_WAVES",4096.000000,252866254428,252910365664
404,404,"Agent 1",1,1919,1919,131072,17,"pk_gemm(__half const*, __half const*, __half*, int, int, int)",128,8704,0,208,0,128,"SQ_INSTS_LDS",83886080.000000,252910398450,252947433162
404,404,"Agent 1",1,1919,1919,131072,17,"pk_gemm(__half const*, __half const*, __half*, int, int, int)",128,8704,0,208,0,128,"SQ_INSTS_VALU",1189601280.000000,252910398450,252947433162
404,404,"Agent 1",1,1919,1919,131072,17,"pk_gemm(__half const*, __half const*, __half*, int, int, int)",128,8704,0,208,0,128,"SQ_WAVES",4096.000000,252910398450,252947433162
405,405,"Agent 1",1,1919,1919,131072,17,"pk_gemm(__half const*, __half const*, __half*, int, int, int)",128,8704,0,208,0,128,"SQ_INSTS_LDS",83886080.000000,252947467921,253010759093
405,405,"Agent 1",1,1919,1919,131072,17,"pk_gemm(__half const*, __half const*, __half*, int, int, int)",128,8704,0,208,0,128,"SQ_INSTS_VALU",1189601280.000000,252947467921,253010759093
405,405,"Agent 1",1,1919,1919,131072,17,"pk_gemm(__half const*, __half const*, __half*, int, int, int)",128,8704,0,208,0,128,"SQ_WAVES",4096.000000,252947467921,253010759093
406,406,"Agent 1",1,1919,1919,131072,17,"pk_gemm(__half const*, __half const*, __half*, int, int, int)",128,8704,0,208,0,128,"SQ_INSTS_LDS",83886080.000000,253010792915,253064709262
406,406,"Agent 1",1,1919,1919,131072,17,"pk_gemm(__half const*, __half const*, __half*, int, int, int)",128,8704,0,208,0,128,"SQ_INSTS_VALU",1189601280.000000,253010792915,253064709262
406,406,"Agent 1",1,1919,1919,131072,17,"pk_gemm(__half const*, __half const*, __half*, int, int, int)",128,8704,0,208,0,128,"SQ_WAVES",4096.000000,253010792915,253064709262
407,407,"Agent 1",1,1919,1919,131072,17,"pk_gemm(__half const*, __half const*, __half*, int, int, int)",128,8704,0,208,0,128,"SQ_INSTS_LDS",83886080.000000,253064741996,253119860553
407,407,"Agent 1",1,1919,1919,131072,17,"pk_gemm(__half const*, __half const*, __half*, int, int, int)",128,8704,0,208,0,128,"SQ_INSTS_VALU",1189601280.000000,253064741996,253119860553
407,407,"Agent 1",1,1919,1919,131072,17,"pk_gemm(__half const*, __half const*, __half*, int, int, int)",128,8704,0,208,0,128,"SQ_WAVES",4096.000000,253064741996,253119860553
408,408,"Agent 1",1,1919,1919,131072,17,"pk_gemm(__half const*, __half const*, __half*, int, int, int)",128,8704,0,208,0,128,"SQ_INSTS_LDS",83886080.000000,253119895056,253180575823
408,408,"Agent 1",1,1919,1919,131072,17,"pk_gemm(__half const*, __half const*, __half*, int, int, int)",128,8704,0,208,0,128,"SQ_INSTS_VALU",1189601280.000000,253119895056,253180575823
408,408,"Agent 1",1,1919,1919,131072,17,"pk_gemm(__half const*, __half const*, __half*, int, int, int)",128,8704,0,208,0,128,"SQ_WAVES",4096.000000,253119895056,253180575823
409,409,"Agent 1",1,1919,1919,131072,17,"pk_gemm(__half const*, __half const*, __half*, int, int, int)",128,8704,0,208,0,128,"SQ_INSTS_LDS",83886080.000000,253180606956,253232082254
409,409,"Agent 1",1,1919,1919,131072,17,"pk_gemm(__half const*, __half const*, __half*, int, int, int)",128,8704,0,208,0,128,"SQ_INSTS_VALU",1189601280.000000,253180606956,253232082254
409,409,"Agent 1",1,1919,1919,131072,17,"pk_gemm(__half const*, __half const*, __half*, int, int, int)",128,8704,0,208,0,128,"SQ_WAVES",4096.000000,253180606956,253232082254
410,410,"Agent 1",1,1919,1919,131072,17,"pk_gemm(__half const*, __half const*, __half*, int, int, int)",128,8704,0,208,0,128,"SQ_INSTS_LDS",83886080.000000,253232116998,253284156953
410,410,"Agent 1",1,1919,1919,131072,17,"pk_gemm(__half const*, __half const*, __half*, int, int, int)",128,8704,0,208,0,128,"SQ_INSTS_VALU",1189601280.000000,253232116998,253284156953
410,410,"Agent 1",1,1919,1919,131072,17,"pk_gemm(__half const*, __half const*, __half*, int, int, int)",128,8704,0,208,0,128,"SQ_WAVES",4096.000000,253232116998,253284156953
411,411,"Agent 1",1,1919,1919,131072,17,"pk_gemm(__half const*, __half const*, __half*, int, int, int)",128,8704,0,208,0,128,"SQ_INSTS_LDS",83886080.000000,253284187534,253323151256
411,411,"Agent 1",1,1919,1919,131072,17,"pk_gemm(__half const*, __half const*, __half*, int, int, int)",128,8704,0,208,0,128,"SQ_INSTS_VALU",1189601280.000000,253284187534,253323151256
411,411,"Agent 1",1,1919,1919,131072,17,"pk_gemm(__half const*, __half const*, __half*, int, int, int)",128,8704,0,208,0,128,"SQ_WAVES",4096.000000,253284187534,253323151256
412,412,"Agent 1",1,1919,1919,131072,17,"pk_gemm(__half const*, __half const*, __half*, int, int, int)",128,8704,0,208,0,128,"SQ_INSTS_LDS",83886080.000000,253323183034,253375766806
412,412,"Agent 1",1,1919,1919,131072,17,"pk_gemm(__half const*, __half const*, __half*, int, int, int)",128,8704,0,208,0,128,"SQ_INSTS_VALU",1189601280.000000,253323183034,253375766806
412,412,"Agent 1",1,1919,1919,131072,17,"pk_gemm(__half const*, __half const*, __half*, int, int, int)",128,8704,0,208,0,128,"SQ_WAVES",4096.000000,253323183034,253375766806
413,413,"Agent 1",1,1919,1919,131072,17,"pk_gemm(__half const*, __half const*, __half*, int, int, int)",128,8704,0,208,0,128,"SQ_INSTS_LDS",83886080.000000,253375797920,253410408775
413,413,"Agent 1",1,1919,1919,131072,17,"pk_gemm(__half const*, __half const*, __half*, int, int, int)",128,8704,0,208,0,128,"SQ_INSTS_VALU",1189601280.000000,253375797920,253410408775
413,413,"Agent 1",1,1919,1919,131072,17,"pk_gemm(__half const*, __half const*, __half*, int, int, int)",128,8704,0,208,0,128,"SQ_WAVES",4096.000000,253375797920,253410408775
414,414,"Agent 1",1,1919,1919,131072,17,"pk_gemm(__half const*, __half const*, __half*, int, int, int)",128,8704,0,208,0,128,"SQ_INSTS_LDS",83886080.000000,253410440954,253451818313
414,414,"Agent 1",1,1919,1919,131072,17,"pk_gemm(__half const*, __half const*, __half*, int, int, int)",128,8704,0,208,0,128,"SQ_INSTS_VALU",1189601280.000000,253410440954,253451818313
414,414,"Agent 1",1,1919,1919,131072,17,"pk_gemm(__half const*, __half const*, __half*, int, int, int)",128,8704,0,208,0,128,"SQ_WAVES",4096.000000,253410440954,253451818313
415,415,"Agent 1",1,1919,1919,131072,17,"pk_gemm(__half const*, __half const*, __half*, int, int, int)",128,8704,0,208,0,128,"SQ_INSTS_LDS",83886080.000000,253451848087,253516071723
415,415,"Agent 1",1,1919,1919,131072,17,"pk_gemm(__half const*, __half const*, __half*, int, int, int)",128,8704,0,208,0,128,"SQ_INSTS_VALU",1189601280.000000,253451848087,253516071723
415,415,"Agent 1",1,1919,1919,131072,17,"pk_gemm(__half const*, __half const*, __half*, int, int, int)",128,8704,0,208,0,128,"SQ_WAVES",4096.000000,253451848087,253516071723
416,416,"Agent 1",1,1919,1919,131072,17,"pk_gemm(__half const*, __half const*, __half*, int, int, int)",128,8704,0,208,0,128,"SQ_INSTS_LDS",83886080.000000,253516104944,253563049442
416,416,"Agent 1",1,1919,1919,131072,17,"pk_gemm(__half const*, __half const*, __half*, int, int, int)",128,8704,0,208,0,128,"SQ_INSTS_VALU",1189601280.000000,253516104944,253563049442
416,416,"Agent 1",1,1919,1919,131072,17,"pk_gemm(__half const*, __half const*, __half*, int, int, int)",128,8704,0,208,0,128,"SQ_WAVES",4096.000000,253516104944,253563049442
417,417,"Agent 1",1,1919,1919,131072,17,"pk_gemm(__half const*, __half const*, __half*, int, int, int)",128,8704,0,208,0,128,"SQ_INSTS_LDS",83886080.000000,253563077258,253603597092
417,417,"Agent 1",1,1919,1919,131072,17,"pk_gemm(__half const*, __half const*, __half*, int, int, int)",128,8704,0,208,0,128,"SQ_INSTS_VALU",1189601280.000000,253563077258,253603597092
417,417,"Agent 1",1,1919,1919,131072,17,"pk_gemm(__half const*, __half const*, __half*, int, int, int)",128,8704,0,208,0,128,"SQ_WAVES",4096.000000,253563077258,253603597092
418,418,"Agent 1",1,1919,1919,131072,17,"pk_gemm(__half const*, __half const*, __half*, int, int, int)",128,8704,0,208,0,128,"SQ_INSTS_LDS",83886080.000000,253603630634,253654903913
418,418,"Agent 1",1,1919,1919,131072,17,"pk_gemm(__half const*, __half const*, __half*, int, int, int)",128,8704,0,208,0,128,"SQ_INSTS_VALU",1189601280.000000,253603630634,253654903913
418,418,"Agent 1",1,1919,1919,131072,17,"pk_gemm(__half const*, __half const*, __half*, int, int, int)",128,8704,0,208,0,128,"SQ_WAVES",4096.000000,253603630634,253654903913
419,419,"Agent 1",1,1919,1919,131072,17,"pk_gemm(__half const*, __half const*, __half*, int, int, int)",128,8704,0,208,0,128,"SQ_INSTS_LDS",83886080.000000,253654933831,253696996914
419,419,"Agent 1",1,1919,1919,131072,17,"pk_gemm(__half const*, __half const*, __half*, int, int, int)",128,8704,0,208,0,128,"SQ_INSTS_VALU",1189601280.000000,253654933831,253696996914
419,419,"Agent 1",1,1919,1919,131072,17,"pk_gemm(__half const*, __half const*, __half*, int, int, int)",128,8704,0,208,0,128,"SQ_WAVES",4096.000000,253654933831,253696996914
420,420,"Agent 1",1,1919,1919,131072,17,"pk_gemm(__half const*, __half const*, __half*, int, int, int)",128,8704,0,208,0,128,"SQ_INSTS_LDS",83886080.000000,253697030576,253746977173
420,420,"Agent 1",1,1919,1919,131072,17,"pk_gemm(__half const*, __half const*, __half*, int, int, int)",128,8704,0,208,0,128,"SQ_INSTS_VALU",1189601280.000000,253697030576,253746977173
420,420,"Agent 1",1,1919,1919,131072,17,"pk_gemm(__half const*, __half const*, __half*, int, int, int)",128,8704,0,208,0,128,"SQ_WAVES",4096.000000,253697030576,253746977173
421,421,"Agent 1",1,1919,1919,131072,17,"pk_gemm(__half const*, __half const*, __half*, int, int, int)",128,8704,0,208,0,128,"SQ_INSTS_LDS",83886080.000000,253747005394,253807443146
421,421,"Agent 1",1,1919,1919,131072,17,"pk_gemm(__half const*, __half const*, __half*, int, int, int)",128,8704,0,208,0,128,"SQ_INSTS_VALU",1189601280.000000,253747005394,253807443146
421,421,"Agent 1",1,1919,1919,131072,17,"pk_gemm(__half const*, __half const*, __half*, int, int, int)",128,8704,0,208,0,128,"SQ_WAVES",4096.000000,253747005394,253807443146
422,422,"Agent 1",1,1919,1919,131072,17,"pk_gemm(__half const*, __half const*, __half*, int, int, int)",128,8704,0,208,0,128,"SQ_INSTS_LDS",83886080.000000,253807475849,253870168580
422,422,"Agent 1",1,1919,1919,131072,17,"pk_gemm(__half const*, __half const*, __half*, int, int, int)",128,8704,0,208,0,128,"SQ_INSTS_VALU",1189601280.000000,253807475849,253870168580
422,422,"Agent 1",1,1919,1919,131072,17,"pk_gemm(__half const*, __half const*, __half*, int, int, int)",128,8704,0,208,0,128,"SQ_WAVES",4096.000000,253807475849,253870168580
423,423,"Agent 1",1,1919,1919,131072,17,"pk_gemm(__half const*, __half const*, __half*, int, int, int)",128,8704,0,208,0,128,"SQ_INSTS_LDS",83886080.000000,253870201882,253920131327
423,423,"Agent 1",1,1919,1919,131072,17,"pk_gemm(__half const*, __half const*, __half*, int, int, int)",128,8704,0,208,0,128,"SQ_INSTS_VALU",1189601280.000000,253870201882,253920131327
423,423,"Agent 1",1,1919,1919,131072,17,"pk_gemm(__half const*, __half const*, __half*, int, int, int)",128,8704,0,208,0,128,"SQ_WAVES",4096.000000,253870201882,253920131327
424,424,"Agent 1",1,1919,1919,131072,17,"pk_gemm(__half const*, __half const*, __half*, int, int, int)",128,8704,0,208,0,128,"SQ_INSTS_LDS",83886080.000000,253920193137,253974720948
424,424,"Agent 1",1,1919,1919,131072,17,"pk_gemm(__half const*, __half const*, __half*, int, int, int)",128,8704,0,208,0,128,"SQ_INSTS_VALU",1189601280.000000,253920193137,253974720948
424,424,"Agent 1",1,1919,1919,131072,17,"pk_gemm(__half const*, __half const*, __half*, int, int, int)",128,8704,0,208,0,128,"SQ_WAVES",4096.000000,253920193137,253974720948
425,425,"Agent 1",1,1919,1919,131072,17,"pk_gemm(__half const*, __half const*, __half*, int, int, int)",128,8704,0,208,0,128,"SQ_INSTS_LDS",83886080.000000,253974757695,254024102807
425,425,"Agent 1",1,1919,1919,131072,17,"pk_gemm(__half const*, __half const*, __half*, int, int, int)",128,8704,0,208,0,128,"SQ_INSTS_VALU",1189601280.000000,253974757695,254024102807
425,425,"Agent 1",1,1919,1919,131072,17,"pk_gemm(__half const*, __half const*, __half*, int, int, int)",128,8704,0,208,0,128,"SQ_WAVES",4096.000000,253974757695,254024102807
426,426,"Agent 1",1,1919,1919,131072,17,"pk_gemm(__half const*, __half const*, __half*, int, int, int)",128,8704,0,208,0,128,"SQ_INSTS_LDS",83886080.000000,254024137666,254086169201
426,426,"Agent 1",1,1919,1919,131072,17,"pk_gemm(__half const*, __half const*, __half*, int, int, int)",128,8704,0,208,0,128,"SQ_INSTS_VALU",1189601280.000000,254024137666,254086169201
426,426,"Agent 1",1,1919,1919,131072,17,"pk_gemm(__half const*, __half const*, __half*, int, int, int)",128,8704,0,208,0,128,"SQ_WAVES",4096.000000,254024137666,254086169201
427,427,"Agent 1",1,1919,1919,131072,17,"pk_gemm(__half const*, __half const*, __half*, int, int, int)",128,8704,0,208,0,128,"SQ_INSTS_LDS",83886080.000000,254086209787,254153219622
427,427,"Agent 1",1,1919,1919,131072,17,"pk_gemm(__half const*, __half const*, __half*, int, int, int)",128,8704,0,208,0,128,"SQ_INSTS_VALU",1189601280.000000,254086209787,254153219622
427,427,"Agent 1",1,1919,1919,131072,17,"pk_gemm(__half const*, __half const*, __half*, int, int, int)",128,8704,0,208,0,128,"SQ_WAVES",4096.000000,254086209787,254153219622
428,428,"Agent 1",1,1919,1919,131072,17,"pk_gemm(__half const*, __half const*, __half*, int, int, int)",128,8704,0,208,0,128,"SQ_INSTS_LDS",83886080.000000,254153264946,254195626227
428,428,"Agent 1",1,1919,1919,131072,17,"pk_gemm(__half const*, __half const*, __half*, int, int, int)",128,8704,0,208,0,128,"SQ_INSTS_VALU",1189601280.000000,254153264946,254195626227
428,428,"Agent 1",1,1919,1919,131072,17,"pk_gemm(__half const*, __half const*, __half*, int, int, int)",128,8704,0,208,0,128,"SQ_WAVES",4096.000000,254153264946,254195626227
429,429,"Agent 1",1,1919,1919,131072,17,"pk_gemm(__half const*, __half const*, __half*, int, int, int)",128,8704,0,208,0,128,"SQ_INSTS_LDS",83886080.000000,254195654974,254240313194
429,429,"Agent 1",1,1919,1919,131072,17,"pk_gemm(__half const*, __half const*, __half*, int, int, int)",128,8704,0,208,0,128,"SQ_INSTS_VALU",1189601280.000000,254195654974,254240313194
429,429,"Agent 1",1,1919,1919,131072,17,"pk_gemm(__half const*, __half const*, __half*, int, int, int)",128,8704,0,208,0,128,"SQ_WAVES",4096.000000,254195654974,254240313194
430,430,"Agent 1",1,1919,1919,131072,17,"pk_gemm(__half const*, __half const*, __half*, int, int, int)",128,8704,0,208,0,128,"SQ_INSTS_LDS",83886080.000000,254240350183,254283398149
430,430,"Agent 1",1,1919,1919,131072,17,"pk_gemm(__half const*, __half const*, __half*, int, int, int)",128,8704,0,208,0,128,"SQ_INSTS_VALU",1189601280.000000,254240350183,254283398149
430,430,"Agent 1",1,1919,1919,131072,17,"pk_gemm(__half const*, __half const*, __half*, int, int, int)",128,8704,0,208,0,128,"SQ_WAVES",4096.000000,254240350183,254283398149
431,431,"Agent 1",1,1919,1919,131072,17,"pk_gemm(__half const*, __half const*, __half*, int, int, int)",128,8704,0,208,0,128,"SQ_INSTS_LDS",83886080.000000,254283430390,254343921361
431,431,"Agent 1",1,1919,1919,131072,17,"pk_gemm(__half const*, __half const*, __half*, int, int, int)",128,8704,0,208,0,128,"SQ_INSTS_VALU",1189601280.000000,254283430390,254343921361
431,431,"Agent 1",1,1919,1919,131072,17,"pk_gemm(__half const*, __half const*, __half*, int, int, int)",128,8704,0,208,0,128,"SQ_WAVES",4096.000000,254283430390,254343921361
432,432,"Agent 1",1,1919,1919,131072,17,"pk_gemm(__half const*, __half const*, __half*, int, int, int)",128,8704,0,208,0,128,"SQ_INSTS_LDS",83886080.000000,254343958784,254407670985
432,432,"Agent 1",1,1919,1919,131072,17,"pk_gemm(__half const*, __half const*, __half*, int, int, int)",128,8704,0,208,0,128,"SQ_INSTS_VALU",1189601280.000000,254343958784,254407670985
432,432,"Agent 1",1,1919,1919,131072,17,"pk_gemm(__half const*, __half const*, __half*, int, int, int)",128,8704,0,208,0,128,"SQ_WAVES",4096.000000,254343958784,254407670985
433,433,"Agent 1",1,1919,1919,131072,17,"pk_gemm(__half const*, __half const*, __half*, int, int, int)",128,8704,0,208,0,128,"SQ_INSTS_LDS",83886080.000000,254407704767,254462829015
433,433,"Agent 1",1,1919,1919,131072,17,"pk_gemm(__half const*, __half const*, __half*, int, int, int)",128,8704,0,208,0,128,"SQ_INSTS_VALU",1189601280.000000,254407704767,254462829015
433,433,"Agent 1",1,1919,1919,131072,17,"pk_gemm(__half const*, __half const*, __half*, int, int, int)",128,8704,0,208,0,128,"SQ_WAVES",4096.000000,254407704767,254462829015
434,434,"Agent 1",1,1919,1919,131072,17,"pk_gemm(__half const*, __half const*, __half*, int, int, int)",128,8704,0,208,0,128,"SQ_INSTS_LDS",83886080.000000,254462859456,254511597952
434,434,"Agent 1",1,1919,1919,131072,17,"pk_gemm(__half const*, __half const*, __half*, int, int, int)",128,8704,0,208,0,128,"SQ_INSTS_VALU",1189601280.000000,254462859456,254511597952
434,434,"Agent 1",1,1919,1919,131072,17,"pk_gemm(__half const*, __half const*, __half*, int, int, int)",128,8704,0,208,0,128,"SQ_WAVES",4096.000000,254462859456,254511597952
435,435,"Agent 1",1,1919,1919,131072,17,"pk_gemm(__half const*, __half const*, __half*, int, int, int)",128,8704,0,208,0,128,"SQ_INSTS_LDS",83886080.000000,254511632896,254556860903
435,435,"Agent 1",1,1919,1919,131072,17,"pk_gemm(__half const*, __half const*, __half*, int, int, int)",128,8704,0,208,0,128,"SQ_INSTS_VALU",1189601280.000000,254511632896,254556860903
435,435,"Agent 1",1,1919,1919,131072,17,"pk_gemm(__half const*, __half const*, __half*, int, int, int)",128,8704,0,208,0,128,"SQ_WAVES",4096.000000,254511632896,254556860903
436,436,"Agent 1",1,1919,1919,131072,17,"pk_gemm(__half const*, __half const*, __half*, int, int, int)",128,8704,0,208,0,128,"SQ_INSTS_LDS",83886080.000000,254556891775,254618929481
436,436,"Agent 1",1,1919,1919,131072,17,"pk_gemm(__half const*, __half const*, __half*, int, int, int)",128,8704,0,208,0,128,"SQ_INSTS_VALU",1189601280.000000,254556891775,254618929481
436,436,"Agent 1",1,1919,1919,131072,17,"pk_gemm(__half const*, __half const*, __half*, int, int, int)",128,8704,0,208,0,128,"SQ_WAVES",4096.000000,254556891775,254618929481
437,437,"Agent 1",1,1919,1919,131072,17,"pk_gemm(__half const*, __half const*, __half*, int, int, int)",128,8704,0,208,0,128,"SQ_INSTS_LDS",83886080.000000,254618964867,254672242057
437,437,"Agent 1",1,1919,1919,131072,17,"pk_gemm(__half const*, __half const*, __half*, int, int, int)",128,8704,0,208,0,128,"SQ_INSTS_VALU",1189601280.000000,254618964867,254672242057
437,437,"Agent 1",1,1919,1919,131072,17,"pk_gemm(__half const*, __half const*, __half*, int, int, int)",128,8704,0,208,0,128,"SQ_WAVES",4096.000000,254618964867,254672242057
438,438,"Agent 1",1,1919,1919,131072,17,"pk_gemm(__half const*, __half const*, __half*, int, int, int)",128,8704,0,208,0,128,"SQ_INSTS_LDS",83886080.000000,254672274662,254716494301
438,438,"Agent 1",1,1919,1919,131072,17,"pk_gemm(__half const*, __half const*, __half*, int, int, int)",128,8704,0,208,0,128,"SQ_INSTS_VALU",1189601280.000000,254672274662,254716494301
438,438,"Agent 1",1,1919,1919,131072,17,"pk_gemm(__half const*, __half const*, __half*, int, int, int)",128,8704,0,208,0,128,"SQ_WAVES",4096.000000,254672274662,254716494301
439,439,"Agent 1",1,1919,1919,131072,17,"pk_gemm(__half const*, __half const*, __half*, int, int, int)",128,8704,0,208,0,128,"SQ_INSTS_LDS",83886080.000000,254716529686,254770525942
439,439,"Agent 1",1,1919,1919,131072,17,"pk_gemm(__half const*, __half const*, __half*, int, int, int)",128,8704,0,208,0,128,"SQ_INSTS_VALU",1189601280.000000,254716529686,254770525942
439,439,"Agent 1",1,1919,1919,131072,17,"pk_gemm(__half const*, __half const*, __half*, int, int, int)",128,8704,0,208,0,128,"SQ_WAVES",4096.000000,254716529686,254770525942
440,440,"Agent 1",1,1919,1919,131072,17,"pk_gemm(__half const*, __half const*, __half*, int, int, int)",128,8704,0,208,0,128,"SQ_INSTS_LDS",83886080.000000,254770557306,254813337371
440,440,"Agent 1",1,1919,1919,131072,17,"pk_gemm(__half const*, __half const*, __half*, int, int, int)",128,8704,0,208,0,128,"SQ_INSTS_VALU",1189601280.000000,254770557306,254813337371
440,440,"Agent 1",1,1919,1919,131072,17,"pk_gemm(__half const*, __half const*, __half*, int, int, int)",128,8704,0,208,0,128,"SQ_WAVES",4096.000000,254770557306,254813337371
441,441,"Agent 1",1,1919,1919,131072,17,"pk_gemm(__half const*, __half const*, __half*, int, int, int)",128,8704,0,208,0,128,"SQ_INSTS_LDS",83886080.000000,254813372075,254852503953
441,441,"Agent 1",1,1919,1919,131072,17,"pk_gemm(__half const*, __half const*, __half*, int, int, int)",128,8704,0,208,0,128,"SQ_INSTS_VALU",1189601280.000000,254813372075,254852503953
441,441,"Agent 1",1,1919,1919,131072,17,"pk_gemm(__half const*, __half const*, __half*, int, int, int)",128,8704,0,208,0,128,"SQ_WAVES",4096.000000,254813372075,254852503953
442,442,"Agent 1",1,1919,1919,131072,17,"pk_gemm(__half const*, __half const*, __half*, int, int, int)",128,8704,0,208,0,128,"SQ_INSTS_LDS",83886080.000000,254852533599,254908771972
442,442,"Agent 1",1,1919,1919,131072,17,"pk_gemm(__half const*, __half const*, __half*, int, int, int)",128,8704,0,208,0,128,"SQ_INSTS_VALU",1189601280.000000,254852533599,254908771972
442,442,"Agent 1",1,1919,1919,131072,17,"pk_gemm(__half const*, __half const*, __half*, int, int, int)",128,8704,0,208,0,128,"SQ_WAVES",4096.000000,254852533599,254908771972
443,443,"Agent 1",1,1919,1919,131072,17,"pk_gemm(__half const*, __half const*, __half*, int, int, int)",128,8704,0,208,0,128,"SQ_INSTS_LDS",83886080.000000,254908805834,254965764315
443,443,"Agent 1",1,1919,1919,131072,17,"pk_gemm(__half const*, __half const*, __half*, int, int, int)",128,8704,0,208,0,128,"SQ_INSTS_VALU",1189601280.000000,254908805834,254965764315
443,443,"Agent 1",1,1919,1919,131072,17,"pk_gemm(__half const*, __half const*, __half*, int, int, int)",128,8704,0,208,0,128,"SQ_WAVES",4096.000000,254908805834,254965764315
444,444,"Agent 1",1,1919,1919,131072,17,"pk_gemm(__half const*, __half const*, __half*, int, int, int)",128,8704,0,208,0,128,"SQ_INSTS_LDS",83886080.000000,254965795989,255015418099
444,444,"Agent 1",1,1919,1919,131072,17,"pk_gemm(__half const*, __half const*, __half*, int, int, int)",128,8704,0,208,0,128,"SQ_INSTS_VALU",1189601280.000000,254965795989,255015418099
444,444,"Agent 1",1,1919,1919,131072,17,"pk_gemm(__half const*, __half const*, __half*, int, int, int)",128,8704,0,208,0,128,"SQ_WAVES",4096.000000,254965795989,255015418099
445,445,"Agent 1",1,1919,1919,131072,17,"pk_gemm(__half const*, __half const*, __half*, int, int, int)",128,8704,0,208,0,128,"SQ_INSTS_LDS",83886080.000000,255015449758,255053620757
445,445,"Agent 1",1,1919,1919,131072,17,"pk_gemm(__half const*, __half const*, __half*, int, int, int)",128,8704,0,208,0,128,"SQ_INSTS_VALU",1189601280.000000,255015449758,255053620757
445,445,"Agent 1",1,1919,1919,131072,17,"pk_gemm(__half const*, __half const*, __half*, int, int, int)",128,8704,0,208,0,128,"SQ_WAVES",4096.000000,255015449758,255053620757
446,446,"Agent 1",1,1919,1919,131072,17,"pk_gemm(__half const*, __half const*, __half*, int, int, int)",128,8704,0,208,0,128,"SQ_INSTS_LDS",83886080.000000,255053651348,255118521957
446,446,"Agent 1",1,1919,1919,131072,17,"pk_gemm(__half const*, __half const*, __half*, int, int, int)",128,8704,0,208,0,128,"SQ_INSTS_VALU",1189601280.000000,255053651348,255118521957
446,446,"Agent 1",1,1919,1919,131072,17,"pk_gemm(__half const*, __half const*, __half*, int, int, int)",128,8704,0,208,0,128,"SQ_WAVES",4096.000000,255053651348,255118521957
447,447,"Agent 1",1,1919,1919,131072,17,"pk_gemm(__half const*, __half const*, __half*, int, int, int)",128,8704,0,208,0,128,"SQ_INSTS_LDS",83886080.000000,255118554816,255184995444
447,447,"Agent 1",1,1919,1919,131072,17,"pk_gemm(__half const*, __half const*, __half*, int, int, int)",128,8704,0,208,0,128,"SQ_INSTS_VALU",1189601280.000000,255118554816,255184995444
447,447,"Agent 1",1,1919,1919,131072,17,"pk_gemm(__half const*, __half const*, __half*, int, int, int)",128,8704,0,208,0,128,"SQ_WAVES",4096.000000,255118554816,255184995444
448,448,"Agent 1",1,1919,1919,131072,17,"pk_gemm(__half const*, __half const*, __half*, int, int, int)",128,8704,0,208,0,128,"SQ_INSTS_LDS",83886080.000000,255185032554,255248851435
448,448,"Agent 1",1,1919,1919,131072,17,"pk_gemm(__half const*, __half const*, __half*, int, int, int)",128,8704,0,208,0,128,"SQ_INSTS_VALU",1189601280.000000,255185032554,255248851435
448,448,"Agent 1",1,1919,1919,131072,17,"pk_gemm(__half const*, __half const*, __half*, int, int, int)",128,8704,0,208,0,128,"SQ_WAVES",4096.000000,255185032554,255248851435
449,449,"Agent 1",1,1919,1919,131072,17,"pk_gemm(__half const*, __half const*, __half*, int, int, int)",128,8704,0,208,0,128,"SQ_INSTS_LDS",83886080.000000,255248884923,255311390866
449,449,"Agent 1",1,1919,1919,131072,17,"pk_gemm(__half const*, __half const*, __half*, int, int, int)",128,8704,0,208,0,128,"SQ_INSTS_VALU",1189601280.000000,255248884923,255311390866
449,449,"Agent 1",1,1919,1919,131072,17,"pk_gemm(__half const*, __half const*, __half*, int, int, int)",128,8704,0,208,0,128,"SQ_WAVES",4096.000000,255248884923,255311390866
450,450,"Agent 1",1,1919,1919,131072,17,"pk_gemm(__half const*, __half const*, __half*, int, int, int)",128,8704,0,208,0,128,"SQ_INSTS_LDS",83886080.000000,255311423586,255378555827
450,450,"Agent 1",1,1919,1919,131072,17,"pk_gemm(__half const*, __half const*, __half*, int, int, int)",128,8704,0,208,0,128,"SQ_INSTS_VALU",1189601280.000000,255311423586,255378555827
450,450,"Agent 1",1,1919,1919,131072,17,"pk_gemm(__half const*, __half const*, __half*, int, int, int)",128,8704,0,208,0,128,"SQ_WAVES",4096.000000,255311423586,255378555827
451,451,"Agent 1",1,1919,1919,131072,17,"pk_gemm(__half const*, __half const*, __half*, int, int, int)",128,8704,0,208,0,128,"SQ_INSTS_LDS",83886080.000000,255378587125,255438567140
451,451,"Agent 1",1,1919,1919,131072,17,"pk_gemm(__half const*, __half const*, __half*, int, int, int)",128,8704,0,208,0,128,"SQ_INSTS_VALU",1189601280.000000,255378587125,255438567140
451,451,"Agent 1",1,1919,1919,131072,17,"pk_gemm(__half const*, __half const*, __half*, int, int, int)",128,8704,0,208,0,128,"SQ_WAVES",4096.000000,255378587125,255438567140
452,452,"Agent 1",1,1919,1919,131072,17,"pk_gemm(__half const*, __half const*, __half*, int, int, int)",128,8704,0,208,0,128,"SQ_INSTS_LDS",83886080.000000,255438596557,255479785725
452,452,"Agent 1",1,1919,1919,131072,17,"pk_gemm(__half const*, __half const*, __half*, int, int, int)",128,8704,0,208,0,128,"SQ_INSTS_VALU",1189601280.000000,255438596557,255479785725
452,452,"Agent 1",1,1919,1919,131072,17,"pk_gemm(__half const*, __half const*, __half*, int, int, int)",128,8704,0,208,0,128,"SQ_WAVES",4096.000000,255438596557,255479785725
453,453,"Agent 1",1,1919,1919,131072,17,"pk_gemm(__half const*, __half const*, __half*, int, int, int)",128,8704,0,208,0,128,"SQ_INSTS_LDS",83886080.000000,255479816943,255527721439
453,453,"Agent 1",1,1919,1919,131072,17,"pk_gemm(__half const*, __half const*, __half*, int, int, int)",128,8704,0,208,0,128,"SQ_INSTS_VALU",1189601280.000000,255479816943,255527721439
453,453,"Agent 1",1,1919,1919,131072,17,"pk_gemm(__half const*, __half const*, __half*, int, int, int)",128,8704,0,208,0,128,"SQ_WAVES",4096.000000,255479816943,255527721439
454,454,"Agent 1",1,1919,1919,131072,17,"pk_gemm(__half const*, __half const*, __half*, int, int, int)",128,8704,0,208,0,128,"SQ_INSTS_LDS",83886080.000000,255527798988,255583725818
454,454,"Agent 1",1,1919,1919,131072,17,"pk_gemm(__half const*, __half const*, __half*, int, int, int)",128,8704,0,208,0,128,"SQ_INSTS_VALU",1189601280.000000,255527798988,255583725818
454,454,"Agent 1",1,1919,1919,131072,17,"pk_gemm(__half const*, __half const*, __half*, int, int, int)",128,8704,0,208,0,128,"SQ_WAVES",4096.000000,255527798988,255583725818
455,455,"Agent 1",1,1919,1919,131072,17,"pk_gemm(__half const*, __half const*, __half*, int, int, int)",128,8704,0,208,0,128,"SQ_INSTS_LDS",83886080.000000,255583763710,255649093499
455,455,"Agent 1",1,1919,1919,131072,17,"pk_gemm(__half const*, __half const*, __half*, int, int, int)",128,8704,0,208,0,128,"SQ_INSTS_VALU",1189601280.000000,255583763710,255649093499
455,455,"Agent 1",1,1919,1919,131072,17,"pk_gemm(__half const*, __half const*, __half*, int, int, int)",128,8704,0,208,0,128,"SQ_WAVES",4096.000000,255583763710,255649093499
456,456,"Agent 1",1,1919,1919,131072,17,"pk_gemm(__half const*, __half const*, __half*, int, int, int)",128,8704,0,208,0,128,"SQ_INSTS_LDS",83886080.000000,255649132852,255701678834
456,456,"Agent 1",1,1919,1919,131072,17,"pk_gemm(__half const*, __half const*, __half*, int, int, int)",128,8704,0,208,0,128,"SQ_INSTS_VALU",1189601280.000000,255649132852,255701678834
456,456,"Agent 1",1,1919,1919,131072,17,"pk_gemm(__half const*, __half const*, __half*, int, int, int)",128,8704,0,208,0,128,"SQ_WAVES",4096.000000,255649132852,255701678834
457,457,"Agent 1",1,1919,1919,131072,17,"pk_gemm(__half const*, __half const*, __half*, int, int, int)",128,8704,0,208,0,128,"SQ_INSTS_LDS",83886080.000000,255701711528,255744935424
457,457,"Agent 1",1,1919,1919,131072,17,"pk_gemm(__half const*, __half const*, __half*, int, int, int)",128,8704,0,208,0,128,"SQ_INSTS_VALU",1189601280.000000,255701711528,255744935424
457,457,"Agent 1",1,1919,1919,131072,17,"pk_gemm(__half const*, __half const*, __half*, int, int, int)",128,8704,0,208,0,128,"SQ_WAVES",4096.000000,255701711528,255744935424
458,458,"Agent 1",1,1919,1919,131072,17,"pk_gemm(__half const*, __half const*, __half*, int, int, int)",128,8704,0,208,0,128,"SQ_INSTS_LDS",83886080.000000,255744971010,255797773071
458,458,"Agent 1",1,1919,1919,131072,17,"pk_gemm(__half const*, __half const*, __half*, int, int, int)",128,8704,0,208,0,128,"SQ_INSTS_VALU",1189601280.000000,255744971010,255797773071
458,458,"Agent 1",1,1919,1919,131072,17,"pk_gemm(__half const*, __half const*, __half*, int, int, int)",128,8704,0,208,0,128,"SQ_WAVES",4096.000000,255744971010,255797773071
459,459,"Agent 1",1,1919,1919,131072,17,"pk_gemm(__half const*, __half const*, __half*, int, int, int)",128,8704,0,208,0,128,"SQ_INSTS_LDS",83886080.000000,255797805546,255845820088
459,459,"Agent 1",1,1919,1919,131072,17,"pk_gemm(__half const*, __half const*, __half*, int, int, int)",128,8704,0,208,0,128,"SQ_INSTS_VALU",1189601280.000000,255797805546,255845820088
459,459,"Agent 1",1,1919,1919,131072,17,"pk_gemm(__half const*, __half const*, __half*, int, int, int)",128,8704,0,208,0,128,"SQ_WAVES",4096.000000,255797805546,255845820088
460,460,"Agent 1",1,1919,1919,131072,17,"pk_gemm(__half const*, __half const*, __half*, int, int, int)",128,8704,0,208,0,128,"SQ_INSTS_LDS",83886080.000000,255845856989,255909402679
460,460,"Agent 1",1,1919,1919,131072,17,"pk_gemm(__half const*, __half const*, __half*, int, int, int)",128,8704,0,208,0,128,"SQ_INSTS_VALU",1189601280.000000,255845856989,255909402679
460,460,"Agent 1",1,1919,1919,131072,17,"pk_gemm(__half const*, __half const*, __half*, int, int, int)",128,8704,0,208,0,128,"SQ_WAVES",4096.000000,255845856989,255909402679
461,461,"Agent 1",1,1919,1919,131072,17,"pk_gemm(__half const*, __half const*, __half*, int, int, int)",128,8704,0,208,0,128,"SQ_INSTS_LDS",83886080.000000,255909439948,255948953740
461,461,"Agent 1",1,1919,1919,131072,17,"pk_gemm(__half const*, __half const*, __half*, int, int, int)",128,8704,0,208,0,128,"SQ_INSTS_VALU",1189601280.000000,255909439948,255948953740
461,461,"Agent 1",1,1919,1919,131072,17,"pk_gemm(__half const*, __half const*, __half*, int, int, int)",128,8704,0,208,0,128,"SQ_WAVES",4096.000000,255909439948,255948953740
462,462,"Agent 1",1,1919,1919,131072,17,"pk_gemm(__half const*, __half const*, __half*, int, int, int)",128,8704,0,208,0,128,"SQ_INSTS_LDS",83886080.000000,255948988144,255985167095
462,462,"Agent 1",1,1919,1919,131072,17,"pk_gemm(__half const*, __half const*, __half*, int, int, int)",128,8704,0,208,0,128,"SQ_INSTS_VALU",1189601280.000000,255948988144,255985167095
462,462,"Agent 1",1,1919,1919,131072,17,"pk_gemm(__half const*, __half const*, __half*, int, int, int)",128,8704,0,208,0,128,"SQ_WAVES",4096.000000,255948988144,255985167095
463,463,"Agent 1",1,1919,1919,131072,17,"pk_gemm(__half const*, __half const*, __half*, int, int, int)",128,8704,0,208,0,128,"SQ_INSTS_LDS",83886080.000000,255985201879,256037621346
463,463,"Agent 1",1,1919,1919,131072,17,"pk_gemm(__half const*, __half const*, __half*, int, int, int)",128,8704,0,208,0,128,"SQ_INSTS_VALU",1189601280.000000,255985201879,256037621346
463,463,"Agent 1",1,1919,1919,131072,17,"pk_gemm(__half const*, __half const*, __half*, int, int, int)",128,8704,0,208,0,128,"SQ_WAVES",4096.000000,255985201879,256037621346
464,464,"Agent 1",1,1919,1919,131072,17,"pk_gemm(__half const*, __half const*, __half*, int, int, int)",128,8704,0,208,0,128,"SQ_INSTS_LDS",83886080.000000,256037654614,256088857082
464,464,"Agent 1",1,1919,1919,131072,17,"pk_gemm(__half const*, __half const*, __half*, int, int, int)",128,8704,0,208,0,128,"SQ_INSTS_VALU",1189601280.000000,256037654614,256088857082
464,464,"Agent 1",1,1919,1919,131072,17,"pk_gemm(__half const*, __half const*, __half*, int, int, int)",128,8704,0,208,0,128,"SQ_WAVES",4096.000000,256037654614,256088857082
465,465,"Agent 1",1,1919,1919,131072,17,"pk_gemm(__half const*, __half const*, __half*, int, int, int)",128,8704,0,208,0,128,"SQ_INSTS_LDS",83886080.000000,256088892107,256141213389
465,465,"Agent 1",1,1919,1919,131072,17,"pk_gemm(__half const*, __half const*, __half*, int, int, int)",128,8704,0,208,0,128,"SQ_INSTS_VALU",1189601280.000000,256088892107,256141213389
465,465,"Agent 1",1,1919,1919,131072,17,"pk_gemm(__half const*, __half const*, __half*, int, int, int)",128,8704,0,208,0,128,"SQ_WAVES",4096.000000,256088892107,256141213389
466,466,"Agent 1",1,1919,1919,131072,17,"pk_gemm(__half const*, __half const*, __half*, int, int, int)",128,8704,0,208,0,128,"SQ_INSTS_LDS",83886080.000000,256141246253,256188266974
466,466,"Agent 1",1,1919,1919,131072,17,"pk_gemm(__half const*, __half const*, __half*, int, int, int)",128,8704,0,208,0,128,"SQ_INSTS_VALU",1189601280.000000,256141246253,256188266974
466,466,"Agent 1",1,1919,1919,131072,17,"pk_gemm(__half const*, __half const*, __half*, int, int, int)",128,8704,0,208,0,128,"SQ_WAVES",4096.000000,256141246253,256188266974
467,467,"Agent 1",1,1919,1919,131072,17,"pk_gemm(__half const*, __half const*, __half*, int, int, int)",128,8704,0,208,0,128,"SQ_INSTS_LDS",83886080.000000,256188302280,256238303099
467,467,"Agent 1",1,1919,1919,131072,17,"pk_gemm(__half const*, __half const*, __half*, int, int, int)",128,8704,0,208,0,128,"SQ_INSTS_VALU",1189601280.000000,256188302280,256238303099
467,467,"Agent 1",1,1919,1919,131072,17,"pk_gemm(__half const*, __half const*, __half*, int, int, int)",128,8704,0,208,0,128,"SQ_WAVES",4096.000000,256188302280,256238303099
468,468,"Agent 1",1,1919,1919,131072,17,"pk_gemm(__half const*, __half const*, __half*, int, int, int)",128,8704,0,208,0,128,"SQ_INSTS_LDS",83886080.000000,256238334992,256298274933
468,468,"Agent 1",1,1919,1919,131072,17,"pk_gemm(__half const*, __half const*, __half*, int, int, int)",128,8704,0,208,0,128,"SQ_INSTS_VALU",1189601280.000000,256238334992,256298274933
468,468,"Agent 1",1,1919,1919,131072,17,"pk_gemm(__half const*, __half const*, __half*, int, int, int)",128,8704,0,208,0,128,"SQ_WAVES",4096.000000,256238334992,256298274933
469,469,"Agent 1",1,1919,1919,131072,17,"pk_gemm(__half const*, __half const*, __half*, int, int, int)",128,8704,0,208,0,128,"SQ_INSTS_LDS",83886080.000000,256298311079,256355106655
469,469,"Agent 1",1,1919,1919,131072,17,"pk_gemm(__half const*, __half const*, __half*, int, int, int)",128,8704,0,208,0,128,"SQ_INSTS_VALU",1189601280.000000,256298311079,256355106655
469,469,"Agent 1",1,1919,1919,131072,17,"pk_gemm(__half const*, __half const*, __half*, int, int, int)",128,8704,0,208,0,128,"SQ_WAVES",4096.000000,256298311079,256355106655
470,470,"Agent 1",1,1919,1919,131072,17,"pk_gemm(__half const*, __half const*, __half*, int, int, int)",128,8704,0,208,0,128,"SQ_INSTS_LDS",83886080.000000,256355137533,256397863497
470,470,"Agent 1",1,1919,1919,131072,17,"pk_gemm(__half const*, __half const*, __half*, int, int, int)",128,8704,0,208,0,128,"SQ_INSTS_VALU",1189601280.000000,256355137533,256397863497
470,470,"Agent 1",1,1919,1919,131072,17,"pk_gemm(__half const*, __half const*, __half*, int, int, int)",128,8704,0,208,0,128,"SQ_WAVES",4096.000000,256355137533,256397863497
471,471,"Agent 1",1,1919,1919,131072,17,"pk_gemm(__half const*, __half const*, __half*, int, int, int)",128,8704,0,208,0,128,"SQ_INSTS_LDS",83886080.000000,256397897761,256436769672
471,471,"Agent 1",1,1919,1919,131072,17,"pk_gemm(__half const*, __half const*, __half*, int, int, int)",128,8704,0,208,0,128,"SQ_INSTS_VALU",1189601280.000000,256397897761,256436769672
471,471,"Agent 1",1,1919,1919,131072,17,"pk_gemm(__half const*, __half const*, __half*, int, int, int)",128,8704,0,208,0,128,"SQ_WAVES",4096.000000,256397897761,256436769672
472,472,"Agent 1",1,1919,1919,131072,17,"pk_gemm(__half const*, __half const*, __half*, int, int, int)",128,8704,0,208,0,128,"SQ_INSTS_LDS",83886080.000000,256436800609,256483753285
472,472,"Agent 1",1,1919,1919,131072,17,"pk_gemm(__half const*, __half const*, __half*, int, int, int)",128,8704,0,208,0,128,"SQ_INSTS_VALU",1189601280.000000,256436800609,256483753285
472,472,"Agent 1",1,1919,1919,131072,17,"pk_gemm(__half const*, __half const*, __half*, int, int, int)",128,8704,0,208,0,128,"SQ_WAVES",4096.000000,256436800609,256483753285
473,473,"Agent 1",1,1919,1919,131072,17,"pk_gemm(__half const*, __half const*, __half*, int, int, int)",128,8704,0,208,0,128,"SQ_INSTS_LDS",83886080.000000,256483787067,256531812912
473,473,"Agent 1",1,1919,1919,131072,17,"pk_gemm(__half const*, __half const*, __half*, int, int, int)",128,8704,0,208,0,128,"SQ_INSTS_VALU",1189601280.000000,256483787067,256531812912
473,473,"Agent 1",1,1919,1919,131072,17,"pk_gemm(__half const*, __half const*, __half*, int, int, int)",128,8704,0,208,0,128,"SQ_WAVES",4096.000000,256483787067,256531812912
474,474,"Agent 1",1,1919,1919,131072,17,"pk_gemm(__half const*, __half const*, __half*, int, int, int)",128,8704,0,208,0,128,"SQ_INSTS_LDS",83886080.000000,256531842681,256575899256
474,474,"Agent 1",1,1919,1919,131072,17,"pk_gemm(__half const*, __half const*, __half*, int, int, int)",128,8704,0,208,0,128,"SQ_INSTS_VALU",1189601280.000000,256531842681,256575899256
474,474,"Agent 1",1,1919,1919,131072,17,"pk_gemm(__half const*, __half const*, __half*, int, int, int)",128,8704,0,208,0,128,"SQ_WAVES",4096.000000,256531842681,256575899256
475,475,"Agent 1",1,1919,1919,131072,17,"pk_gemm(__half const*, __half const*, __half*, int, int, int)",128,8704,0,208,0,128,"SQ_INSTS_LDS",83886080.000000,256575932757,256619525544
475,475,"Agent 1",1,1919,1919,131072,17,"pk_gemm(__half const*, __half const*, __half*, int, int, int)",128,8704,0,208,0,128,"SQ_INSTS_VALU",1189601280.000000,256575932757,256619525544
475,475,"Agent 1",1,1919,1919,131072,17,"pk_gemm(__half const*, __half const*, __half*, int, int, int)",128,8704,0,208,0,128,"SQ_WAVES",4096.000000,256575932757,256619525544
476,476,"Agent 1",1,1919,1919,131072,17,"pk_gemm(__half const*, __half const*, __half*, int, int, int)",128,8704,0,208,0,128,"SQ_INSTS_LDS",83886080.000000,256619556536,256675378369
476,476,"Agent 1",1,1919,1919,131072,17,"pk_gemm(__half const*, __half const*, __half*, int, int, int)",128,8704,0,208,0,128,"SQ_INSTS_VALU",1189601280.000000,256619556536,256675378369
476,476,"Agent 1",1,1919,1919,131072,17,"pk_gemm(__half const*, __half const*, __half*, int, int, int)",128,8704,0,208,0,128,"SQ_WAVES",4096.000000,256619556536,256675378369
477,477,"Agent 1",1,1919,1919,131072,17,"pk_gemm(__half const*, __half const*, __half*, int, int, int)",128,8704,0,208,0,128,"SQ_INSTS_LDS",83886080.000000,256675410068,256724235487
477,477,"Agent 1",1,1919,1919,131072,17,"pk_gemm(__half const*, __half const*, __half*, int, int, int)",128,8704,0,208,0,128,"SQ_INSTS_VALU",1189601280.000000,256675410068,256724235487
477,477,"Agent 1",1,1919,1919,131072,17,"pk_gemm(__half const*, __half const*, __half*, int, int, int)",128,8704,0,208,0,128,"SQ_WAVES",4096.000000,256675410068,256724235487
478,478,"Agent 1",1,1919,1919,131072,17,"pk_gemm(__half const*, __half const*, __half*, int, int, int)",128,8704,0,208,0,128,"SQ_INSTS_LDS",83886080.000000,256724265765,256765407364
478,478,"Agent 1",1,1919,1919,131072,17,"pk_gemm(__half const*, __half const*, __half*, int, int, int)",128,8704,0,208,0,128,"SQ_INSTS_VALU",1189601280.000000,256724265765,256765407364
478,478,"Agent 1",1,1919,1919,131072,17,"pk_gemm(__half const*, __half const*, __half*, int, int, int)",128,8704,0,208,0,128,"SQ_WAVES",4096.000000,256724265765,256765407364
479,479,"Agent 1",1,1919,1919,131072,17,"pk_gemm(__half const*, __half const*, __half*, int, int, int)",128,8704,0,208,0,128,"SQ_INSTS_LDS",83886080.000000,256765439367,256829821502
479,479,"Agent 1",1,1919,1919,131072,17,"pk_gemm(__half const*, __half const*, __half*, int, int, int)",128,8704,0,208,0,128,"SQ_INSTS_VALU",1189601280.000000,256765439367,256829821502
479,479,"Agent 1",1,1919,1919,131072,17,"pk_gemm(__half const*, __half const*, __half*, int, int, int)",128,8704,0,208,0,128,"SQ_WAVES",4096.000000,256765439367,256829821502
480,480,"Agent 1",1,1919,1919,131072,17,"pk_gemm(__half const*, __half const*, __half*, int, int, int)",128,8704,0,208,0,128,"SQ_INSTS_LDS",83886080.000000,256829854362,256889673758
480,480,"Agent 1",1,1919,1919,131072,17,"pk_gemm(__half const*, __half const*, __half*, int, int, int)",128,8704,0,208,0,128,"SQ_INSTS_VALU",1189601280.000000,256829854362,256889673758
480,480,"Agent 1",1,1919,1919,131072,17,"pk_gemm(__half const*, __half const*, __half*, int, int, int)",128,8704,0,208,0,128,"SQ_WAVES",4096.000000,256829854362,256889673758
481,481,"Agent 1",1,1919,1919,131072,17,"pk_gemm(__half const*, __half const*, __half*, int, int, int)",128,8704,0,208,0,128,"SQ_INSTS_LDS",83886080.000000,256889703411,256945534543
481,481,"Agent 1",1,1919,1919,131072,17,"pk_gemm(__half const*, __half const*, __half*, int, int, int)",128,8704,0,208,0,128,"SQ_INSTS_VALU",1189601280.000000,256889703411,256945534543
481,481,"Agent 1",1,1919,1919,131072,17,"pk_gemm(__half const*, __half const*, __half*, int, int, int)",128,8704,0,208,0,128,"SQ_WAVES",4096.000000,256889703411,256945534543
482,482,"Agent 1",1,1919,1919,131072,17,"pk_gemm(__half const*, __half const*, __half*, int, int, int)",128,8704,0,208,0,128,"SQ_INSTS_LDS",83886080.000000,256945565600,256993338290
482,482,"Agent 1",1,1919,1919,131072,17,"pk_gemm(__half const*, __half const*, __half*, int, int, int)",128,8704,0,208,0,128,"SQ_INSTS_VALU",1189601280.000000,256945565600,256993338290
482,482,"Agent 1",1,1919,1919,131072,17,"pk_gemm(__half const*, __half const*, __half*, int, int, int)",128,8704,0,208,0,128,"SQ_WAVES",4096.000000,256945565600,256993338290
483,483,"Agent 1",1,1919,1919,131072,17,"pk_gemm(__half const*, __half const*, __half*, int, int, int)",128,8704,0,208,0,128,"SQ_INSTS_LDS",83886080.000000,256993367861,257055782153
483,483,"Agent 1",1,1919,1919,131072,17,"pk_gemm(__half const*, __half const*, __half*, int, int, int)",128,8704,0,208,0,128,"SQ_INSTS_VALU",1189601280.000000,256993367861,257055782153
483,483,"Agent 1",1,1919,1919,131072,17,"pk_gemm(__half const*, __half const*, __half*, int, int, int)",128,8704,0,208,0,128,"SQ_WAVES",4096.000000,256993367861,257055782153
484,484,"Agent 1",1,1919,1919,131072,17,"pk_gemm(__half const*, __half const*, __half*, int, int, int)",128,8704,0,208,0,128,"SQ_INSTS_LDS",83886080.000000,257055846633,257106782523
484,484,"Agent 1",1,1919,1919,131072,17,"pk_gemm(__half const*, __half const*, __half*, int, int, int)",128,8704,0,208,0,128,"SQ_INSTS_VALU",1189601280.000000,257055846633,257106782523
484,484,"Agent 1",1,1919,1919,131072,17,"pk_gemm(__half const*, __half const*, __half*, int, int, int)",128,8704,0,208,0,128,"SQ_WAVES",4096.000000,257055846633,257106782523
485,485,"Agent 1",1,1919,1919,131072,17,"pk_gemm(__half const*, __half const*, __half*, int, int, int)",128,8704,0,208,0,128,"SQ_INSTS_LDS",83886080.000000,257106816346,257164901696
485,485,"Agent 1",1,1919,1919,131072,17,"pk_gemm(__half const*, __half const*, __half*, int, int, int)",128,8704,0,208,0,128,"SQ_INSTS_VALU",1189601280.000000,257106816346,257164901696
485,485,"Agent 1",1,1919,1919,131072,17,"pk_gemm(__half const*, __half const*, __half*, int, int, int)",128,8704,0,208,0,128,"SQ_WAVES",4096.000000,257106816346,257164901696
486,486,"Agent 1",1,1919,1919,131072,17,"pk_gemm(__half const*, __half const*, __half*, int, int, int)",128,8704,0,208,0,128,"SQ_INSTS_LDS",83886080.000000,257164938925,257211912679
486,486,"Agent 1",1,1919,1919,131072,17,"pk_gemm(__half const*, __half const*, __half*, int, int, int)",128,8704,0,208,0,128,"SQ_INSTS_VALU",1189601280.000000,257164938925,257211912679
486,486,"Agent 1",1,1919,1919,131072,17,"pk_gemm(__half const*, __half const*, __half*, int, int, int)",128,8704,0,208,0,128,"SQ_WAVES",4096.000000,257164938925,257211912679
487,487,"Agent 1",1,1919,1919,131072,17,"pk_gemm(__half const*, __half const*, __half*, int, int, int)",128,8704,0,208,0,128,"SQ_INSTS_LDS",83886080.000000,257211945793,257267765303
487,487,"Agent 1",1,1919,1919,131072,17,"pk_gemm(__half const*, __half const*, __half*, int, int, int)",128,8704,0,208,0,128,"SQ_INSTS_VALU",1189601280.000000,257211945793,257267765303
487,487,"Agent 1",1,1919,1919,131072,17,"pk_gemm(__half const*, __half const*, __half*, int, int, int)",128,8704,0,208,0,128,"SQ_WAVES",4096.000000,257211945793,257267765303
488,488,"Agent 1",1,1919,1919,131072,17,"pk_gemm(__half const*, __half const*, __half*, int, int, int)",128,8704,0,208,0,128,"SQ_INSTS_LDS",83886080.000000,257267802051,257315884801
488,488,"Agent 1",1,1919,1919,131072,17,"pk_gemm(__half const*, __half const*, __half*, int, int, int)",128,8704,0,208,0,128,"SQ_INSTS_VALU",1189601280.000000,257267802051,257315884801
488,488,"Agent 1",1,1919,1919,131072,17,"pk_gemm(__half const*, __half const*, __half*, int, int, int)",128,8704,0,208,0,128,"SQ_WAVES",4096.000000,257267802051,257315884801
489,489,"Agent 1",1,1919,1919,131072,17,"pk_gemm(__half const*, __half const*, __half*, int, int, int)",128,8704,0,208,0,128,"SQ_INSTS_LDS",83886080.000000,257315916576,257372153226
489,489,"Agent 1",1,1919,1919,131072,17,"pk_gemm(__half const*, __half const*, __half*, int, int, int)",128,8704,0,208,0,128,"SQ_INSTS_VALU",1189601280.000000,257315916576,257372153226
489,489,"Agent 1",1,1919,1919,131072,17,"pk_gemm(__half const*, __half const*, __half*, int, int, int)",128,8704,0,208,0,128,"SQ_WAVES",4096.000000,257315916576,257372153226
490,490,"Agent 1",1,1919,1919,131072,17,"pk_gemm(__half const*, __half const*, __half*, int, int, int)",128,8704,0,208,0,128,"SQ_INSTS_LDS",83886080.000000,257372187346,257439086071
490,490,"Agent 1",1,1919,1919,131072,17,"pk_gemm(__half const*, __half const*, __half*, int, int, int)",128,8704,0,208,0,128,"SQ_INSTS_VALU",1189601280.000000,257372187346,257439086071
490,490,"Agent 1",1,1919,1919,131072,17,"pk_gemm(__half const*, __half const*, __half*, int, int, int)",128,8704,0,208,0,128,"SQ_WAVES",4096.000000,257372187346,257439086071
491,491,"Agent 1",1,1919,1919,131072,17,"pk_gemm(__half const*, __half const*, __half*, int, int, int)",128,8704,0,208,0,128,"SQ_INSTS_LDS",83886080.000000,257439121176,257497812179
491,491,"Agent 1",1,1919,1919,131072,17,"pk_gemm(__half const*, __half const*, __half*, int, int, int)",128,8704,0,208,0,128,"SQ_INSTS_VALU",1189601280.000000,257439121176,257497812179
491,491,"Agent 1",1,1919,1919,131072,17,"pk_gemm(__half const*, __half const*, __half*, int, int, int)",128,8704,0,208,0,128,"SQ_WAVES",4096.000000,257439121176,257497812179
492,492,"Agent 1",1,1919,1919,131072,17,"pk_gemm(__half const*, __half const*, __half*, int, int, int)",128,8704,0,208,0,128,"SQ_INSTS_LDS",83886080.000000,257497843793,257534844161
492,492,"Agent 1",1,1919,1919,131072,17,"pk_gemm(__half const*, __half const*, __half*, int, int, int)",128,8704,0,208,0,128,"SQ_INSTS_VALU",1189601280.000000,257497843793,257534844161
492,492,"Agent 1",1,1919,1919,131072,17,"pk_gemm(__half const*, __half const*, __half*, int, int, int)",128,8704,0,208,0,128,"SQ_WAVES",4096.000000,257497843793,257534844161
493,493,"Agent 1",1,1919,1919,131072,17,"pk_gemm(__half const*, __half const*, __half*, int, int, int)",128,8704,0,208,0,128,"SQ_INSTS_LDS",83886080.000000,257534877536,257600842834
493,493,"Agent 1",1,1919,1919,131072,17,"pk_gemm(__half const*, __half const*, __half*, int, int, int)",128,8704,0,208,0,128,"SQ_INSTS_VALU",1189601280.000000,257534877536,257600842834
493,493,"Agent 1",1,1919,1919,131072,17,"pk_gemm(__half const*, __half const*, __half*, int, int, int)",128,8704,0,208,0,128,"SQ_WAVES",4096.000000,257534877536,257600842834
494,494,"Agent 1",1,1919,1919,131072,17,"pk_gemm(__half const*, __half const*, __half*, int, int, int)",128,8704,0,208,0,128,"SQ_INSTS_LDS",83886080.000000,257600877208,257673834071
494,494,"Agent 1",1,1919,1919,131072,17,"pk_gemm(__half const*, __half const*, __half*, int, int, int)",128,8704,0,208,0,128,"SQ_INSTS_VALU",1189601280.000000,257600877208,257673834071
494,494,"Agent 1",1,1919,1919,131072,17,"pk_gemm(__half const*, __half const*, __half*, int, int, int)",128,8704,0,208,0,128,"SQ_WAVES",4096.000000,257600877208,257673834071
495,495,"Agent 1",1,1919,1919,131072,17,"pk_gemm(__half const*, __half const*, __half*, int, int, int)",128,8704,0,208,0,128,"SQ_INSTS_LDS",83886080.000000,257673867434,257740673505
495,495,"Agent 1",1,1919,1919,131072,17,"pk_gemm(__half const*, __half const*, __half*, int, int, int)",128,8704,0,208,0,128,"SQ_INSTS_VALU",1189601280.000000,257673867434,257740673505
495,495,"Agent 1",1,1919,1919,131072,17,"pk_gemm(__half const*, __half const*, __half*, int, int, int)",128,8704,0,208,0,128,"SQ_WAVES",4096.000000,257673867434,257740673505
496,496,"Agent 1",1,1919,1919,131072,17,"pk_gemm(__half const*, __half const*, __half*, int, int, int)",128,8704,0,208,0,128,"SQ_INSTS_LDS",83886080.000000,257740709423,257805049920
496,496,"Agent 1",1,1919,1919,131072,17,"pk_gemm(__half const*, __half const*, __half*, int, int, int)",128,8704,0,208,0,128,"SQ_INSTS_VALU",1189601280.000000,257740709423,257805049920
496,496,"Agent 1",1,1919,1919,131072,17,"pk_gemm(__half const*, __half const*, __half*, int, int, int)",128,8704,0,208,0,128,"SQ_WAVES",4096.000000,257740709423,257805049920
497,497,"Agent 1",1,1919,1919,131072,17,"pk_gemm(__half const*, __half const*, __half*, int, int, int)",128,8704,0,208,0,128,"SQ_INSTS_LDS",83886080.000000,257805084985,257856894149
497,497,"Agent 1",1,1919,1919,131072,17,"pk_gemm(__half const*, __half const*, __half*, int, int, int)",128,8704,0,208,0,128,"SQ_INSTS_VALU",1189601280.000000,257805084985,257856894149
497,497,"Agent 1",1,1919,1919,131072,17,"pk_gemm(__half const*, __half const*, __half*, int, int, int)",128,8704,0,208,0,128,"SQ_WAVES",4096.000000,257805084985,257856894149
498,498,"Agent 1",1,1919,1919,131072,17,"pk_gemm(__half const*, __half const*, __half*, int, int, int)",128,8704,0,208,0,128,"SQ_INSTS_LDS",83886080.000000,257856925523,257919284912
498,498,"Agent 1",1,1919,1919,131072,17,"pk_gemm(__half const*, __half const*, __half*, int, int, int)",128,8704,0,208,0,128,"SQ_INSTS_VALU",1189601280.000000,257856925523,257919284912
498,498,"Agent 1",1,1919,1919,131072,17,"pk_gemm(__half const*, __half const*, __half*, int, int, int)",128,8704,0,208,0,128,"SQ_WAVES",4096.000000,257856925523,257919284912
499,499,"Agent 1",1,1919,1919,131072,17,"pk_gemm(__half const*, __half const*, __half*, int, int, int)",128,8704,0,208,0,128,"SQ_INSTS_LDS",83886080.000000,257919319255,257970075889
499,499,"Agent 1",1,1919,1919,131072,17,"pk_gemm(__half const*, __half const*, __half*, int, int, int)",128,8704,0,208,0,128,"SQ_INSTS_VALU",1189601280.000000,257919319255,257970075889
499,499,"Agent 1",1,1919,1919,131072,17,"pk_gemm(__half const*, __half const*, __half*, int, int, int)",128,8704,0,208,0,128,"SQ_WAVES",4096.000000,257919319255,257970075889
500,500,"Agent 1",1,1919,1919,131072,17,"pk_gemm(__half const*, __half const*, __half*, int, int, int)",128,8704,0,208,0,128,"SQ_INSTS_LDS",83886080.000000,257970108119,258015676323
500,500,"Agent 1",1,1919,1919,131072,17,"pk_gemm(__half const*, __half const*, __half*, int, int, int)",128,8704,0,208,0,128,"SQ_INSTS_VALU",1189601280.000000,257970108119,258015676323
500,500,"Agent 1",1,1919,1919,131072,17,"pk_gemm(__half const*, __half const*, __half*, int, int, int)",128,8704,0,208,0,128,"SQ_WAVES",4096.000000,257970108119,258015676323
501,501,"Agent 1",1,1919,1919,131072,17,"pk_gemm(__half const*, __half const*, __half*, int, int, int)",128,8704,0,208,0,128,"SQ_INSTS_LDS",83886080.000000,258015708943,258068414224
501,501,"Agent 1",1,1919,1919,131072,17,"pk_gemm(__half const*, __half const*, __half*, int, int, int)",128,8704,0,208,0,128,"SQ_INSTS_VALU",1189601280.000000,258015708943,258068414224
501,501,"Agent 1",1,1919,1919,131072,17,"pk_gemm(__half const*, __half const*, __half*, int, int, int)",128,8704,0,208,0,128,"SQ_WAVES",4096.000000,258015708943,258068414224
502,502,"Agent 1",1,1919,1919,131072,17,"pk_gemm(__half const*, __half const*, __half*, int, int, int)",128,8704,0,208,0,128,"SQ_INSTS_LDS",83886080.000000,258068443531,258126629349
502,502,"Agent 1",1,1919,1919,131072,17,"pk_gemm(__half const*, __half const*, __half*, int, int, int)",128,8704,0,208,0,128,"SQ_INSTS_VALU",1189601280.000000,258068443531,258126629349
502,502,"Agent 1",1,1919,1919,131072,17,"pk_gemm(__half const*, __half const*, __half*, int, int, int)",128,8704,0,208,0,128,"SQ_WAVES",4096.000000,258068443531,258126629349
503,503,"Agent 1",1,1919,1919,131072,17,"pk_gemm(__half const*, __half const*, __half*, int, int, int)",128,8704,0,208,0,128,"SQ_INSTS_LDS",83886080.000000,258126661262,258191605409
503,503,"Agent 1",1,1919,1919,131072,17,"pk_gemm(__half const*, __half const*, __half*, int, int, int)",128,8704,0,208,0,128,"SQ_INSTS_VALU",1189601280.000000,258126661262,258191605409
503,503,"Agent 1",1,1919,1919,131072,17,"pk_gemm(__half const*, __half const*, __half*, int, int, int)",128,8704,0,208,0,128,"SQ_WAVES",4096.000000,258126661262,258191605409
504,504,"Agent 1",1,1919,1919,131072,17,"pk_gemm(__half const*, __half const*, __half*, int, int, int)",128,8704,0,208,0,128,"SQ_INSTS_LDS",83886080.000000,258191637407,258257149698
504,504,"Agent 1",1,1919,1919,131072,17,"pk_gemm(__half const*, __half const*, __half*, int, int, int)",128,8704,0,208,0,128,"SQ_INSTS_VALU",1189601280.000000,258191637407,258257149698
504,504,"Agent 1",1,1919,1919,131072,17,"pk_gemm(__half const*, __half const*, __half*, int, int, int)",128,8704,0,208,0,128,"SQ_WAVES",4096.000000,258191637407,258257149698
505,505,"Agent 1",1,1919,1919,131072,17,"pk_gemm(__half const*, __half const*, __half*, int, int, int)",128,8704,0,208,0,128,"SQ_INSTS_LDS",83886080.000000,258257183360,258307250103
505,505,"Agent 1",1,1919,1919,131072,17,"pk_gemm(__half const*, __half const*, __half*, int, int, int)",128,8704,0,208,0,128,"SQ_INSTS_VALU",1189601280.000000,258257183360,258307250103
505,505,"Agent 1",1,1919,1919,131072,17,"pk_gemm(__half const*, __half const*, __half*, int, int, int)",128,8704,0,208,0,128,"SQ_WAVES",4096.000000,258257183360,258307250103
506,506,"Agent 1",1,1919,1919,131072,17,"pk_gemm(__half const*, __half const*, __half*, int, int, int)",128,8704,0,208,0,128,"SQ_INSTS_LDS",83886080.000000,258307279725,258356788543
506,506,"Agent 1",1,1919,1919,131072,17,"pk_gemm(__half const*, __half const*, __half*, int, int, int)",128,8704,0,208,0,128,"SQ_INSTS_VALU",1189601280.000000,258307279725,258356788543
506,506,"Agent 1",1,1919,1919,131072,17,"pk_gemm(__half const*, __half const*, __half*, int, int, int)",128,8704,0,208,0,128,"SQ_WAVES",4096.000000,258307279725,258356788543
507,507,"Agent 1",1,1919,1919,131072,17,"pk_gemm(__half const*, __half const*, __half*, int, int, int)",128,8704,0,208,0,128,"SQ_INSTS_LDS",83886080.000000,258356820402,258408747426
507,507,"Agent 1",1,1919,1919,131072,17,"pk_gemm(__half const*, __half const*, __half*, int, int, int)",128,8704,0,208,0,128,"SQ_INSTS_VALU",1189601280.000000,258356820402,258408747426
507,507,"Agent 1",1,1919,1919,131072,17,"pk_gemm(__half const*, __half const*, __half*, int, int, int)",128,8704,0,208,0,128,"SQ_WAVES",4096.000000,258356820402,258408747426
508,508,"Agent 1",1,1919,1919,131072,17,"pk_gemm(__half const*, __half const*, __half*, int, int, int)",128,8704,0,208,0,128,"SQ_INSTS_LDS",83886080.000000,258408778385,258458787780
508,508,"Agent 1",1,1919,1919,131072,17,"pk_gemm(__half const*, __half const*, __half*, int, int, int)",128,8704,0,208,0,128,"SQ_INSTS_VALU",1189601280.000000,258408778385,258458787780
508,508,"Agent 1",1,1919,1919,131072,17,"pk_gemm(__half const*, __half const*, __half*, int, int, int)",128,8704,0,208,0,128,"SQ_WAVES",4096.000000,258408778385,258458787780
509,509,"Agent 1",1,1919,1919,131072,17,"pk_gemm(__half const*, __half const*, __half*, int, int, int)",128,8704,0,208,0,128,"SQ_INSTS_LDS",83886080.000000,258458819960,258501456436
509,509,"Agent 1",1,1919,1919,131072,17,"pk_gemm(__half const*, __half const*, __half*, int, int, int)",128,8704,0,208,0,128,"SQ_INSTS_VALU",1189601280.000000,258458819960,258501456436
509,509,"Agent 1",1,1919,1919,131072,17,"pk_gemm(__half const*, __half const*, __half*, int, int, int)",128,8704,0,208,0,128,"SQ_WAVES",4096.000000,258458819960,258501456436
510,510,"Agent 1",1,1919,1919,131072,17,"pk_gemm(__half const*, __half const*, __half*, int, int, int)",128,8704,0,208,0,128,"SQ_INSTS_LDS",83886080.000000,258501488029,258540418025
510,510,"Agent 1",1,1919,1919,131072,17,"pk_gemm(__half const*, __half const*, __half*, int, int, int)",128,8704,0,208,0,128,"SQ_INSTS_VALU",1189601280.000000,258501488029,258540418025
510,510,"Agent 1",1,1919,1919,131072,17,"pk_gemm(__half const*, __half const*, __half*, int, int, int)",128,8704,0,208,0,128,"SQ_WAVES",4096.000000,258501488029,258540418025
511,511,"Agent 1",1,1919,1919,131072,17,"pk_gemm(__half const*, __half const*, __half*, int, int, int)",128,8704,0,208,0,128,"SQ_INSTS_LDS",83886080.000000,258540456056,258602278828
511,511,"Agent 1",1,1919,1919,131072,17,"pk_gemm(__half const*, __half const*, __half*, int, int, int)",128,8704,0,208,0,128,"SQ_INSTS_VALU",1189601280.000000,258540456056,258602278828
511,511,"Agent 1",1,1919,1919,131072,17,"pk_gemm(__half const*, __half const*, __half*, int, int, int)",128,8704,0,208,0,128,"SQ_WAVES",4096.000000,258540456056,258602278828
512,512,"Agent 1",1,1919,1919,131072,17,"pk_gemm(__half const*, __half const*, __half*, int, int, int)",128,8704,0,208,0,128,"SQ_INSTS_LDS",83886080.000000,258602306078,258648725796
512,512,"Agent 1",1,1919,1919,131072,17,"pk_gemm(__half const*, __half const*, __half*, int, int, int)",128,8704,0,208,0,128,"SQ_INSTS_VALU",1189601280.000000,258602306078,258648725796
512,512,"Agent 1",1,1919,1919,131072,17,"pk_gemm(__half const*, __half const*, __half*, int, int, int)",128,8704,0,208,0,128,"SQ_WAVES",4096.000000,258602306078,258648725796
513,513,"Agent 1",1,1919,1919,131072,17,"pk_gemm(__half const*, __half const*, __half*, int, int, int)",128,8704,0,208,0,128,"SQ_INSTS_LDS",83886080.000000,258648757013,258701741938
513,513,"Agent 1",1,1919,1919,131072,17,"pk_gemm(__half const*, __half const*, __half*, int, int, int)",128,8704,0,208,0,128,"SQ_INSTS_VALU",1189601280.000000,258648757013,258701741938
513,513,"Agent 1",1,1919,1919,131072,17,"pk_gemm(__half const*, __half const*, __half*, int, int, int)",128,8704,0,208,0,128,"SQ_WAVES",4096.000000,258648757013,258701741938
514,514,"Agent 1",1,1919,1919,524288,17,"pk_gemm(__half const*, __half const*, __half*, int, int, int)",128,8704,0,208,0,128,"SQ_INSTS_LDS",671088640.000000,260467359521,260988048387
514,514,"Agent 1",1,1919,1919,524288,17,"pk_gemm(__half const*, __half const*, __half*, int, int, int)",128,8704,0,208,0,128,"SQ_INSTS_VALU",9506357248.000000,260467359521,260988048387
514,514,"Agent 1",1,1919,1919,524288,17,"pk_gemm(__half const*, __half const*, __half*, int, int, int)",128,8704,0,208,0,128,"SQ_WAVES",16384.000000,260467359521,260988048387
515,515,"Agent 1",1,1919,1919,524288,17,"pk_gemm(__half const*, __half const*, __half*, int, int, int)",128,8704,0,208,0,128,"SQ_INSTS_LDS",671088640.000000,260988090807,261399709987
515,515,"Agent 1",1,1919,1919,524288,17,"pk_gemm(__half const*, __half const*, __half*, int, int, int)",128,8704,0,208,0,128,"SQ_INSTS_VALU",9506357248.000000,260988090807,261399709987
515,515,"Agent 1",1,1919,1919,524288,17,"pk_gemm(__half const*, __half const*, __half*, int, int, int)",128,8704,0,208,0,128,"SQ_WAVES",16384.000000,260988090807,261399709987
516,516,"Agent 1",1,1919,1919,524288,17,"pk_gemm(__half const*, __half const*, __half*, int, int, int)",128,8704,0,208,0,128,"SQ_INSTS_LDS",671088640.000000,261399744154,261834979895
516,516,"Agent 1",1,1919,1919,524288,17,"pk_gemm(__half const*, __half const*, __half*, int, int, int)",128,8704,0,208,0,128,"SQ_INSTS_VALU",9506357248.000000,261399744154,261834979895
516,516,"Agent 1",1,1919,1919,524288,17,"pk_gemm(__half const*, __half const*, __half*, int, int, int)",128,8704,0,208,0,128,"SQ_WAVES",16384.000000,261399744154,261834979895
517,517,"Agent 1",1,1919,1919,524288,17,"pk_gemm(__half const*, __half const*, __half*, int, int, int)",128,8704,0,208,0,128,"SQ_INSTS_LDS",671088640.000000,261835019450,262316474086
517,517,"Agent 1",1,1919,1919,524288,17,"pk_gemm(__half const*, __half const*, __half*, int, int, int)",128,8704,0,208,0,128,"SQ_INSTS_VALU",9506357248.000000,261835019450,262316474086
517,517,"Agent 1",1,1919,1919,524288,17,"pk_gemm(__half const*, __half const*, __half*, int, int, int)",128,8704,0,208,0,128,"SQ_WAVES",16384.000000,261835019450,262316474086
518,518,"Agent 1",1,1919,1919,524288,17,"pk_gemm(__half const*, __half const*, __half*, int, int, int)",128,8704,0,208,0,128,"SQ_INSTS_LDS",671088640.000000,262316510639,262699895489
518,518,"Agent 1",1,1919,1919,524288,17,"pk_gemm(__half const*, __half const*, __half*, int, int, int)",128,8704,0,208,0,128,"SQ_INSTS_VALU",9506357248.000000,262316510639,262699895489
518,518,"Agent 1",1,1919,1919,524288,17,"pk_gemm(__half const*, __half const*, __half*, int, int, int)",128,8704,0,208,0,128,"SQ_WAVES",16384.000000,262316510639,262699895489
519,519,"Agent 1",1,1919,1919,524288,17,"pk_gemm(__half const*, __half const*, __half*, int, int, int)",128,8704,0,208,0,128,"SQ_INSTS_LDS",671088640.000000,262699934073,263124321062
519,519,"Agent 1",1,1919,1919,524288,17,"pk_gemm(__half const*, __half const*, __half*, int, int, int)",128,8704,0,208,0,128,"SQ_INSTS_VALU",9506357248.000000,262699934073,263124321062
519,519,"Agent 1",1,1919,1919,524288,17,"pk_gemm(__half const*, __half const*, __half*, int, int, int)",128,8704,0,208,0,128,"SQ_WAVES",16384.000000,262699934073,263124321062
520,520,"Agent 1",1,1919,1919,524288,17,"pk_gemm(__half const*, __half const*, __half*, int, int, int)",128,8704,0,208,0,128,"SQ_INSTS_LDS",671088640.000000,263124358363,263524171681
520,520,"Agent 1",1,1919,1919,524288,17,"pk_gemm(__half const*, __half const*, __half*, int, int, int)",128,8704,0,208,0,128,"SQ_INSTS_VALU",9506357248.000000,263124358363,263524171681
520,520,"Agent 1",1,1919,1919,524288,17,"pk_gemm(__half const*, __half const*, __half*, int, int, int)",128,8704,0,208,0,128,"SQ_WAVES",16384.000000,263124358363,263524171681
521,521,"Agent 1",1,1919,1919,524288,17,"pk_gemm(__half const*, __half const*, __half*, int, int, int)",128,8704,0,208,0,128,"SQ_INSTS_LDS",671088640.000000,263524208642,264070542385
521,521,"Agent 1",1,1919,1919,524288,17,"pk_gemm(__half const*, __half const*, __half*, int, int, int)",128,8704,0,208,0,128,"SQ_INSTS_VALU",9506357248.000000,263524208642,264070542385
521,521,"Agent 1",1,1919,1919,524288,17,"pk_gemm(__half const*, __half const*, __half*, int, int, int)",128,8704,0,208,0,128,"SQ_WAVES",16384.000000,263524208642,264070542385
522,522,"Agent 1",1,1919,1919,524288,17,"pk_gemm(__half const*, __half const*, __half*, int, int, int)",128,8704,0,208,0,128,"SQ_INSTS_LDS",671088640.000000,264070627759,264430869777
522,522,"Agent 1",1,1919,1919,524288,17,"pk_gemm(__half const*, __half const*, __half*, int, int, int)",128,8704,0,208,0,128,"SQ_INSTS_VALU",9506357248.000000,264070627759,264430869777
522,522,"Agent 1",1,1919,1919,524288,17,"pk_gemm(__half const*, __half const*, __half*, int, int, int)",128,8704,0,208,0,128,"SQ_WAVES",16384.000000,264070627759,264430869777
523,523,"Agent 1",1,1919,1919,524288,17,"pk_gemm(__half const*, __half const*, __half*, int, int, int)",128,8704,0,208,0,128,"SQ_INSTS_LDS",671088640.000000,264430912326,264954225462
523,523,"Agent 1",1,1919,1919,524288,17,"pk_gemm(__half const*, __half const*, __half*, int, int, int)",128,8704,0,208,0,128,"SQ_INSTS_VALU",9506357248.000000,264430912326,264954225462
523,523,"Agent 1",1,1919,1919,524288,17,"pk_gemm(__half const*, __half const*, __half*, int, int, int)",128,8704,0,208,0,128,"SQ_WAVES",16384.000000,264430912326,264954225462
524,524,"Agent 1",1,1919,1919,524288,17,"pk_gemm(__half const*, __half const*, __half*, int, int, int)",128,8704,0,208,0,128,"SQ_INSTS_LDS",671088640.000000,264954262936,265454723864
524,524,"Agent 1",1,1919,1919,524288,17,"pk_gemm(__half const*, __half const*, __half*, int, int, int)",128,8704,0,208,0,128,"SQ_INSTS_VALU",9506357248.000000,264954262936,265454723864
524,524,"Agent 1",1,1919,1919,524288,17,"pk_gemm(__half const*, __half const*, __half*, int, int, int)",128,8704,0,208,0,128,"SQ_WAVES",16384.000000,264954262936,265454723864
525,525,"Agent 1",1,1919,1919,524288,17,"pk_gemm(__half const*, __half const*, __half*, int, int, int)",128,8704,0,208,0,128,"SQ_INSTS_LDS",671088640.000000,265454759383,265991057300
525,525,"Agent 1",1,1919,1919,524288,17,"pk_gemm(__half const*, __half const*, __half*, int, int, int)",128,8704,0,208,0,128,"SQ_INSTS_VALU",9506357248.000000,265454759383,265991057300
525,525,"Agent 1",1,1919,1919,524288,17,"pk_gemm(__half const*, __half const*, __half*, int, int, int)",128,8704,0,208,0,128,"SQ_WAVES",16384.000000,265454759383,265991057300
526,526,"Agent 1",1,1919,1919,524288,17,"pk_gemm(__half const*, __half const*, __half*, int, int, int)",128,8704,0,208,0,128,"SQ_INSTS_LDS",671088640.000000,265991097277,266357079959
526,526,"Agent 1",1,1919,1919,524288,17,"pk_gemm(__half const*, __half const*, __half*, int, int, int)",128,8704,0,208,0,128,"SQ_INSTS_VALU",9506357248.000000,265991097277,266357079959
526,526,"Agent 1",1,1919,1919,524288,17,"pk_gemm(__half const*, __half const*, __half*, int, int, int)",128,8704,0,208,0,128,"SQ_WAVES",16384.000000,265991097277,266357079959
527,527,"Agent 1",1,1919,1919,524288,17,"pk_gemm(__half const*, __half const*, __half*, int, int, int)",128,8704,0,208,0,128,"SQ_INSTS_LDS",671088640.000000,266357121239,266812122365
527,527,"Agent 1",1,1919,1919,524288,17,"pk_gemm(__half const*, __half const*, __half*, int, int, int)",128,8704,0,208,0,128,"SQ_INSTS_VALU",9506357248.000000,266357121239,266812122365
527,527,"Agent 1",1,1919,1919,524288,17,"pk_gemm(__half const*, __half const*, __half*, int, int, int)",128,8704,0,208,0,128,"SQ_WAVES",16384.000000,266357121239,266812122365
528,528,"Agent 1",1,1919,1919,524288,17,"pk_gemm(__half const*, __half const*, __half*, int, int, int)",128,8704,0,208,0,128,"SQ_INSTS_LDS",671088640.000000,266812158982,267244802908
528,528,"Agent 1",1,1919,1919,524288,17,"pk_gemm(__half const*, __half const*, __half*, int, int, int)",128,8704,0,208,0,128,"SQ_INSTS_VALU",9506357248.000000,266812158982,267244802908
528,528,"Agent 1",1,1919,1919,524288,17,"pk_gemm(__half const*, __half const*, __half*, int, int, int)",128,8704,0,208,0,128,"SQ_WAVES",16384.000000,266812158982,267244802908
529,529,"Agent 1",1,1919,1919,524288,17,"pk_gemm(__half const*, __half const*, __half*, int, int, int)",128,8704,0,208,0,128,"SQ_INSTS_LDS",671088640.000000,267244841666,267790765240
529,529,"Agent 1",1,1919,1919,524288,17,"pk_gemm(__half const*, __half const*, __half*, int, int, int)",128,8704,0,208,0,128,"SQ_INSTS_VALU",9506357248.000000,267244841666,267790765240
529,529,"Agent 1",1,1919,1919,524288,17,"pk_gemm(__half const*, __half const*, __half*, int, int, int)",128,8704,0,208,0,128,"SQ_WAVES",16384.000000,267244841666,267790765240
530,530,"Agent 1",1,1919,1919,524288,17,"pk_gemm(__half const*, __half const*, __half*, int, int, int)",128,8704,0,208,0,128,"SQ_INSTS_LDS",671088640.000000,267790802188,268306852331
530,530,"Agent 1",1,1919,1919,524288,17,"pk_gemm(__half const*, __half const*, __half*, int, int, int)",128,8704,0,208,0,128,"SQ_INSTS_VALU",9506357248.000000,267790802188,268306852331
530,530,"Agent 1",1,1919,1919,524288,17,"pk_gemm(__half const*, __half const*, __half*, int, int, int)",128,8704,0,208,0,128,"SQ_WAVES",16384.000000,267790802188,268306852331
531,531,"Agent 1",1,1919,1919,524288,17,"pk_gemm(__half const*, __half const*, __half*, int, int, int)",128,8704,0,208,0,128,"SQ_INSTS_LDS",671088640.000000,268306892923,268830292863
531,531,"Agent 1",1,1919,1919,524288,17,"pk_gemm(__half const*, __half const*, __half*, int, int, int)",128,8704,0,208,0,128,"SQ_INSTS_VALU",9506357248.000000,268306892923,268830292863
531,531,"Agent 1",1,1919,1919,524288,17,"pk_gemm(__half const*, __half const*, __half*, int, int, int)",128,8704,0,208,0,128,"SQ_WAVES",16384.000000,268306892923,268830292863
532,532,"Agent 1",1,1919,1919,524288,17,"pk_gemm(__half const*, __half const*, __half*, int, int, int)",128,8704,0,208,0,128,"SQ_INSTS_LDS",671088640.000000,268830337618,269221182713
532,532,"Agent 1",1,1919,1919,524288,17,"pk_gemm(__half const*, __half const*, __half*, int, int, int)",128,8704,0,208,0,128,"SQ_INSTS_VALU",9506357248.000000,268830337618,269221182713
532,532,"Agent 1",1,1919,1919,524288,17,"pk_gemm(__half const*, __half const*, __half*, int, int, int)",128,8704,0,208,0,128,"SQ_WAVES",16384.000000,268830337618,269221182713
533,533,"Agent 1",1,1919,1919,524288,17,"pk_gemm(__half const*, __half const*, __half*, int, int, int)",128,8704,0,208,0,128,"SQ_INSTS_LDS",671088640.000000,269221218579,269645033899
533,533,"Agent 1",1,1919,1919,524288,17,"pk_gemm(__half const*, __half const*, __half*, int, int, int)",128,8704,0,208,0,128,"SQ_INSTS_VALU",9506357248.000000,269221218579,269645033899
533,533,"Agent 1",1,1919,1919,524288,17,"pk_gemm(__half const*, __half const*, __half*, int, int, int)",128,8704,0,208,0,128,"SQ_WAVES",16384.000000,269221218579,269645033899
534,534,"Agent 1",1,1919,1919,524288,17,"pk_gemm(__half const*, __half const*, __half*, int, int, int)",128,8704,0,208,0,128,"SQ_INSTS_LDS",671088640.000000,269645073873,270164104521
534,534,"Agent 1",1,1919,1919,524288,17,"pk_gemm(__half const*, __half const*, __half*, int, int, int)",128,8704,0,208,0,128,"SQ_INSTS_VALU",9506357248.000000,269645073873,270164104521
534,534,"Agent 1",1,1919,1919,524288,17,"pk_gemm(__half const*, __half const*, __half*, int, int, int)",128,8704,0,208,0,128,"SQ_WAVES",16384.000000,269645073873,270164104521
535,535,"Agent 1",1,1919,1919,524288,17,"pk_gemm(__half const*, __half const*, __half*, int, int, int)",128,8704,0,208,0,128,"SQ_INSTS_LDS",671088640.000000,270164143653,270666980961
535,535,"Agent 1",1,1919,1919,524288,17,"pk_gemm(__half const*, __half const*, __half*, int, int, int)",128,8704,0,208,0,128,"SQ_INSTS_VALU",9506357248.000000,270164143653,270666980961
535,535,"Agent 1",1,1919,1919,524288,17,"pk_gemm(__half const*, __half const*, __half*, int, int, int)",128,8704,0,208,0,128,"SQ_WAVES",16384.000000,270164143653,270666980961
536,536,"Agent 1",1,1919,1919,524288,17,"pk_gemm(__half const*, __half const*, __half*, int, int, int)",128,8704,0,208,0,128,"SQ_INSTS_LDS",671088640.000000,270667021436,271184455851
536,536,"Agent 1",1,1919,1919,524288,17,"pk_gemm(__half const*, __half const*, __half*, int, int, int)",128,8704,0,208,0,128,"SQ_INSTS_VALU",9506357248.000000,270667021436,271184455851
536,536,"Agent 1",1,1919,1919,524288,17,"pk_gemm(__half const*, __half const*, __half*, int, int, int)",128,8704,0,208,0,128,"SQ_WAVES",16384.000000,270667021436,271184455851
537,537,"Agent 1",1,1919,1919,524288,17,"pk_gemm(__half const*, __half const*, __half*, int, int, int)",128,8704,0,208,0,128,"SQ_INSTS_LDS",671088640.000000,271184490708,271617784728
537,537,"Agent 1",1,1919,1919,524288,17,"pk_gemm(__half const*, __half const*, __half*, int, int, int)",128,8704,0,208,0,128,"SQ_INSTS_VALU",9506357248.000000,271184490708,271617784728
537,537,"Agent 1",1,1919,1919,524288,17,"pk_gemm(__half const*, __half const*, __half*, int, int, int)",128,8704,0,208,0,128,"SQ_WAVES",16384.000000,271184490708,271617784728
538,538,"Agent 1",1,1919,1919,524288,17,"pk_gemm(__half const*, __half const*, __half*, int, int, int)",128,8704,0,208,0,128,"SQ_INSTS_LDS",671088640.000000,271617822831,272133497191
538,538,"Agent 1",1,1919,1919,524288,17,"pk_gemm(__half const*, __half const*, __half*, int, int, int)",128,8704,0,208,0,128,"SQ_INSTS_VALU",9506357248.000000,271617822831,272133497191
538,538,"Agent 1",1,1919,1919,524288,17,"pk_gemm(__half const*, __half const*, __half*, int, int, int)",128,8704,0,208,0,128,"SQ_WAVES",16384.000000,271617822831,272133497191
539,539,"Agent 1",1,1919,1919,524288,17,"pk_gemm(__half const*, __half const*, __half*, int, int, int)",128,8704,0,208,0,128,"SQ_INSTS_LDS",671088640.000000,272133537822,272632317123
539,539,"Agent 1",1,1919,1919,524288,17,"pk_gemm(__half const*, __half const*, __half*, int, int, int)",128,8704,0,208,0,128,"SQ_INSTS_VALU",9506357248.000000,272133537822,272632317123
539,539,"Agent 1",1,1919,1919,524288,17,"pk_gemm(__half const*, __half const*, __half*, int, int, int)",128,8704,0,208,0,128,"SQ_WAVES",16384.000000,272133537822,272632317123
540,540,"Agent 1",1,1919,1919,524288,17,"pk_gemm(__half const*, __half const*, __half*, int, int, int)",128,8704,0,208,0,128,"SQ_INSTS_LDS",671088640.000000,272632353250,273177542169
540,540,"Agent 1",1,1919,1919,524288,17,"pk_gemm(__half const*, __half const*, __half*, int, int, int)",128,8704,0,208,0,128,"SQ_INSTS_VALU",9506357248.000000,272632353250,273177542169
540,540,"Agent 1",1,1919,1919,524288,17,"pk_gemm(__half const*, __half const*, __half*, int, int, int)",128,8704,0,208,0,128,"SQ_WAVES",16384.000000,272632353250,273177542169
541,541,"Agent 1",1,1919,1919,524288,17,"pk_gemm(__half const*, __half const*, __half*, int, int, int)",128,8704,0,208,0,128,"SQ_INSTS_LDS",671088640.000000,273177577035,273729312366
541,541,"Agent 1",1,1919,1919,524288,17,"pk_gemm(__half const*, __half const*, __half*, int, int, int)",128,8704,0,208,0,128,"SQ_INSTS_VALU",9506357248.000000,273177577035,273729312366
541,541,"Agent 1",1,1919,1919,524288,17,"pk_gemm(__half const*, __half const*, __half*, int, int, int)",128,8704,0,208,0,128,"SQ_WAVES",16384.000000,273177577035,273729312366
542,542,"Agent 1",1,1919,1919,524288,17,"pk_gemm(__half const*, __half const*, __half*, int, int, int)",128,8704,0,208,0,128,"SQ_INSTS_LDS",671088640.000000,273729350703,274188071591
542,542,"Agent 1",1,1919,1919,524288,17,"pk_gemm(__half const*, __half const*, __half*, int, int, int)",128,8704,0,208,0,128,"SQ_INSTS_VALU",9506357248.000000,273729350703,274188071591
542,542,"Agent 1",1,1919,1919,524288,17,"pk_gemm(__half const*, __half const*, __half*, int, int, int)",128,8704,0,208,0,128,"SQ_WAVES",16384.000000,273729350703,274188071591
543,543,"Agent 1",1,1919,1919,524288,17,"pk_gemm(__half const*, __half const*, __half*, int, int, int)",128,8704,0,208,0,128,"SQ_INSTS_LDS",671088640.000000,274188107798,274697529259
543,543,"Agent 1",1,1919,1919,524288,17,"pk_gemm(__half const*, __half const*, __half*, int, int, int)",128,8704,0,208,0,128,"SQ_INSTS_VALU",9506357248.000000,274188107798,274697529259
543,543,"Agent 1",1,1919,1919,524288,17,"pk_gemm(__half const*, __half const*, __half*, int, int, int)",128,8704,0,208,0,128,"SQ_WAVES",16384.000000,274188107798,274697529259
544,544,"Agent 1",1,1919,1919,524288,17,"pk_gemm(__half const*, __half const*, __half*, int, int, int)",128,8704,0,208,0,128,"SQ_INSTS_LDS",671088640.000000,274697565699,275155881069
544,544,"Agent 1",1,1919,1919,524288,17,"pk_gemm(__half const*, __half const*, __half*, int, int, int)",128,8704,0,208,0,128,"SQ_INSTS_VALU",9506357248.000000,274697565699,275155881069
544,544,"Agent 1",1,1919,1919,524288,17,"pk_gemm(__half const*, __half const*, __half*, int, int, int)",128,8704,0,208,0,128,"SQ_WAVES",16384.000000,274697565699,275155881069
545,545,"Agent 1",1,1919,1919,524288,17,"pk_gemm(__half const*, __half const*, __half*, int, int, int)",128,8704,0,208,0,128,"SQ_INSTS_LDS",671088640.000000,275155916225,275707969272
545,545,"Agent 1",1,1919,1919,524288,17,"pk_gemm(__half const*, __half const*, __half*, int, int, int)",128,8704,0,208,0,128,"SQ_INSTS_VALU",9506357248.000000,275155916225,275707969272
545,545,"Agent 1",1,1919,1919,524288,17,"pk_gemm(__half const*, __half const*, __half*, int, int, int)",128,8704,0,208,0,128,"SQ_WAVES",16384.000000,275155916225,275707969272
546,546,"Agent 1",1,1919,1919,524288,17,"pk_gemm(__half const*, __half const*, __half*, int, int, int)",128,8704,0,208,0,128,"SQ_INSTS_LDS",671088640.000000,275708006113,276123388009
546,546,"Agent 1",1,1919,1919,524288,17,"pk_gemm(__half const*, __half const*, __half*, int, int, int)",128,8704,0,208,0,128,"SQ_INSTS_VALU",9506357248.000000,275708006113,276123388009
546,546,"Agent 1",1,1919,1919,524288,17,"pk_gemm(__half const*, __half const*, __half*, int, int, int)",128,8704,0,208,0,128,"SQ_WAVES",16384.000000,275708006113,276123388009
547,547,"Agent 1",1,1919,1919,524288,17,"pk_gemm(__half const*, __half const*, __half*, int, int, int)",128,8704,0,208,0,128,"SQ_INSTS_LDS",671088640.000000,276123423154,276660250946
547,547,"Agent 1",1,1919,1919,524288,17,"pk_gemm(__half const*, __half const*, __half*, int, int, int)",128,8704,0,208,0,128,"SQ_INSTS_VALU",9506357248.000000,276123423154,276660250946
547,547,"Agent 1",1,1919,1919,524288,17,"pk_gemm(__half const*, __half const*, __half*, int, int, int)",128,8704,0,208,0,128,"SQ_WAVES",16384.000000,276123423154,276660250946
548,548,"Agent 1",1,1919,1919,524288,17,"pk_gemm(__half const*, __half const*, __half*, int, int, int)",128,8704,0,208,0,128,"SQ_INSTS_LDS",671088640.000000,276660286167,277152120910
548,548,"Agent 1",1,1919,1919,524288,17,"pk_gemm(__half const*, __half const*, __half*, int, int, int)",128,8704,0,208,0,128,"SQ_INSTS_VALU",9506357248.000000,276660286167,277152120910
548,548,"Agent 1",1,1919,1919,524288,17,"pk_gemm(__half const*, __half const*, __half*, int, int, int)",128,8704,0,208,0,128,"SQ_WAVES",16384.000000,276660286167,277152120910
549,549,"Agent 1",1,1919,1919,524288,17,"pk_gemm(__half const*, __half const*, __half*, int, int, int)",128,8704,0,208,0,128,"SQ_INSTS_LDS",671088640.000000,277152155880,277468882780
549,549,"Agent 1",1,1919,1919,524288,17,"pk_gemm(__half const*, __half const*, __half*, int, int, int)",128,8704,0,208,0,128,"SQ_INSTS_VALU",9506357248.000000,277152155880,277468882780
549,549,"Agent 1",1,1919,1919,524288,17,"pk_gemm(__half const*, __half const*, __half*, int, int, int)",128,8704,0,208,0,128,"SQ_WAVES",16384.000000,277152155880,277468882780
550,550,"Agent 1",1,1919,1919,524288,17,"pk_gemm(__half const*, __half const*, __half*, int, int, int)",128,8704,0,208,0,128,"SQ_INSTS_LDS",671088640.000000,277468919977,277957222949
550,550,"Agent 1",1,1919,1919,524288,17,"pk_gemm(__half const*, __half const*, __half*, int, int, int)",128,8704,0,208,0,128,"SQ_INSTS_VALU",9506357248.000000,277468919977,277957222949
550,550,"Agent 1",1,1919,1919,524288,17,"pk_gemm(__half const*, __half const*, __half*, int, int, int)",128,8704,0,208,0,128,"SQ_WAVES",16384.000000,277468919977,277957222949
551,551,"Agent 1",1,1919,1919,524288,17,"pk_gemm(__half const*, __half const*, __half*, int, int, int)",128,8704,0,208,0,128,"SQ_INSTS_LDS",671088640.000000,277957258754,278456373094
551,551,"Agent 1",1,1919,1919,524288,17,"pk_gemm(__half const*, __half const*, __half*, int, int, int)",128,8704,0,208,0,128,"SQ_INSTS_VALU",9506357248.000000,277957258754,278456373094
551,551,"Agent 1",1,1919,1919,524288,17,"pk_gemm(__half const*, __half const*, __half*, int, int, int)",128,8704,0,208,0,128,"SQ_WAVES",16384.000000,277957258754,278456373094
552,552,"Agent 1",1,1919,1919,524288,17,"pk_gemm(__half const*, __half const*, __half*, int, int, int)",128,8704,0,208,0,128,"SQ_INSTS_LDS",671088640.000000,278456485601,278934496300
552,552,"Agent 1",1,1919,1919,524288,17,"pk_gemm(__half const*, __half const*, __half*, int, int, int)",128,8704,0,208,0,128,"SQ_INSTS_VALU",9506357248.000000,278456485601,278934496300
552,552,"Agent 1",1,1919,1919,524288,17,"pk_gemm(__half const*, __half const*, __half*, int, int, int)",128,8704,0,208,0,128,"SQ_WAVES",16384.000000,278456485601,278934496300
553,553,"Agent 1",1,1919,1919,524288,17,"pk_gemm(__half const*, __half const*, __half*, int, int, int)",128,8704,0,208,0,128,"SQ_INSTS_LDS",671088640.000000,278934530832,279459631230
553,553,"Agent 1",1,1919,1919,524288,17,"pk_gemm(__half const*, __half const*, __half*, int, int, int)",128,8704,0,208,0,128,"SQ_INSTS_VALU",9506357248.000000,278934530832,279459631230
553,553,"Agent 1",1,1919,1919,524288,17,"pk_gemm(__half const*, __half const*, __half*, int, int, int)",128,8704,0,208,0,128,"SQ_WAVES",16384.000000,278934530832,279459631230
554,554,"Agent 1",1,1919,1919,524288,17,"pk_gemm(__half const*, __half const*, __half*, int, int, int)",128,8704,0,208,0,128,"SQ_INSTS_LDS",671088640.000000,279459673782,279830401874
554,554,"Agent 1",1,1919,1919,524288,17,"pk_gemm(__half const*, __half const*, __half*, int, int, int)",128,8704,0,208,0,128,"SQ_INSTS_VALU",9506357248.000000,279459673782,279830401874
554,554,"Agent 1",1,1919,1919,524288,17,"pk_gemm(__half const*, __half const*, __half*, int, int, int)",128,8704,0,208,0,128,"SQ_WAVES",16384.000000,279459673782,279830401874
555,555,"Agent 1",1,1919,1919,524288,17,"pk_gemm(__half const*, __half const*, __half*, int, int, int)",128,8704,0,208,0,128,"SQ_INSTS_LDS",671088640.000000,279830444729,280320479385
555,555,"Agent 1",1,1919,1919,524288,17,"pk_gemm(__half const*, __half const*, __half*, int, int, int)",128,8704,0,208,0,128,"SQ_INSTS_VALU",9506357248.000000,279830444729,280320479385
555,555,"Agent 1",1,1919,1919,524288,17,"pk_gemm(__half const*, __half const*, __half*, int, int, int)",128,8704,0,208,0,128,"SQ_WAVES",16384.000000,279830444729,280320479385
556,556,"Agent 1",1,1919,1919,524288,17,"pk_gemm(__half const*, __half const*, __half*, int, int, int)",128,8704,0,208,0,128,"SQ_INSTS_LDS",671088640.000000,280320515956,280745185517
556,556,"Agent 1",1,1919,1919,524288,17,"pk_gemm(__half const*, __half const*, __half*, int, int, int)",128,8704,0,208,0,128,"SQ_INSTS_VALU",9506357248.000000,280320515956,280745185517
556,556,"Agent 1",1,1919,1919,524288,17,"pk_gemm(__half const*, __half const*, __half*, int, int, int)",128,8704,0,208,0,128,"SQ_WAVES",16384.000000,280320515956,280745185517
557,557,"Agent 1",1,1919,1919,524288,17,"pk_gemm(__half const*, __half const*, __half*, int, int, int)",128,8704,0,208,0,128,"SQ_INSTS_LDS",671088640.000000,280745225658,281281747663
557,557,"Agent 1",1,1919,1919,524288,17,"pk_gemm(__half const*, __half const*, __half*, int, int, int)",128,8704,0,208,0,128,"SQ_INSTS_VALU",9506357248.000000,280745225658,281281747663
557,557,"Agent 1",1,1919,1919,524288,17,"pk_gemm(__half const*, __half const*, __half*, int, int, int)",128,8704,0,208,0,128,"SQ_WAVES",16384.000000,280745225658,281281747663
558,558,"Agent 1",1,1919,1919,524288,17,"pk_gemm(__half const*, __half const*, __half*, int, int, int)",128,8704,0,208,0,128,"SQ_INSTS_LDS",671088640.000000,281281790856,281812138286
558,558,"Agent 1",1,1919,1919,524288,17,"pk_gemm(__half const*, __half const*, __half*, int, int, int)",128,8704,0,208,0,128,"SQ_INSTS_VALU",9506357248.000000,281281790856,281812138286
558,558,"Agent 1",1,1919,1919,524288,17,"pk_gemm(__half const*, __half const*, __half*, int, int, int)",128,8704,0,208,0,128,"SQ_WAVES",16384.000000,281281790856,281812138286
559,559,"Agent 1",1,1919,1919,524288,17,"pk_gemm(__half const*, __half const*, __half*, int, int, int)",128,8704,0,208,0,128,"SQ_INSTS_LDS",671088640.000000,281812170955,282357702292
559,559,"Agent 1",1,1919,1919,524288,17,"pk_gemm(__half const*, __half const*, __half*, int, int, int)",128,8704,0,208,0,128,"SQ_INSTS_VALU",9506357248.000000,281812170955,282357702292
559,559,"Agent 1",1,1919,1919,524288,17,"pk_gemm(__half const*, __half const*, __half*, int, int, int)",128,8704,0,208,0,128,"SQ_WAVES",16384.000000,281812170955,282357702292
560,560,"Agent 1",1,1919,1919,524288,17,"pk_gemm(__half const*, __half const*, __half*, int, int, int)",128,8704,0,208,0,128,"SQ_INSTS_LDS",671088640.000000,282357741317,282843985065
560,560,"Agent 1",1,1919,1919,524288,17,"pk_gemm(__half const*, __half const*, __half*, int, int, int)",128,8704,0,208,0,128,"SQ_INSTS_VALU",9506357248.000000,282357741317,282843985065
560,560,"Agent 1",1,1919,1919,524288,17,"pk_gemm(__half const*, __half const*, __half*, int, int, int)",128,8704,0,208,0,128,"SQ_WAVES",16384.000000,282357741317,282843985065
561,561,"Agent 1",1,1919,1919,524288,17,"pk_gemm(__half const*, __half const*, __half*, int, int, int)",128,8704,0,208,0,128,"SQ_INSTS_LDS",671088640.000000,282844024016,283358056172
561,561,"Agent 1",1,1919,1919,524288,17,"pk_gemm(__half const*, __half const*, __half*, int, int, int)",128,8704,0,208,0,128,"SQ_INSTS_VALU",9506357248.000000,282844024016,283358056172
561,561,"Agent 1",1,1919,1919,524288,17,"pk_gemm(__half const*, __half const*, __half*, int, int, int)",128,8704,0,208,0,128,"SQ_WAVES",16384.000000,282844024016,283358056172
562,562,"Agent 1",1,1919,1919,524288,17,"pk_gemm(__half const*, __half const*, __half*, int, int, int)",128,8704,0,208,0,128,"SQ_INSTS_LDS",671088640.000000,283358091726,283817648018
562,562,"Agent 1",1,1919,1919,524288,17,"pk_gemm(__half const*, __half const*, __half*, int, int, int)",128,8704,0,208,0,128,"SQ_INSTS_VALU",9506357248.000000,283358091726,283817648018
562,562,"Agent 1",1,1919,1919,524288,17,"pk_gemm(__half const*, __half const*, __half*, int, int, int)",128,8704,0,208,0,128,"SQ_WAVES",16384.000000,283358091726,283817648018
563,563,"Agent 1",1,1919,1919,524288,17,"pk_gemm(__half const*, __half const*, __half*, int, int, int)",128,8704,0,208,0,128,"SQ_INSTS_LDS",671088640.000000,283817688530,284349440764
563,563,"Agent 1",1,1919,1919,524288,17,"pk_gemm(__half const*, __half const*, __half*, int, int, int)",128,8704,0,208,0,128,"SQ_INSTS_VALU",9506357248.000000,283817688530,284349440764
563,563,"Agent 1",1,1919,1919,524288,17,"pk_gemm(__half const*, __half const*, __half*, int, int, int)",128,8704,0,208,0,128,"SQ_WAVES",16384.000000,283817688530,284349440764
564,564,"Agent 1",1,1919,1919,524288,17,"pk_gemm(__half const*, __half const*, __half*, int, int, int)",128,8704,0,208,0,128,"SQ_INSTS_LDS",671088640.000000,284349477587,284876578458
564,564,"Agent 1",1,1919,1919,524288,17,"pk_gemm(__half const*, __half const*, __half*, int, int, int)",128,8704,0,208,0,128,"SQ_INSTS_VALU",9506357248.000000,284349477587,284876578458
564,564,"Agent 1",1,1919,1919,524288,17,"pk_gemm(__half const*, __half const*, __half*, int, int, int)",128,8704,0,208,0,128,"SQ_WAVES",16384.000000,284349477587,284876578458
565,565,"Agent 1",1,1919,1919,524288,17,"pk_gemm(__half const*, __half const*, __half*, int, int, int)",128,8704,0,208,0,128,"SQ_INSTS_LDS",671088640.000000,284876613149,285408486976
565,565,"Agent 1",1,1919,1919,524288,17,"pk_gemm(__half const*, __half const*, __half*, int, int, int)",128,8704,0,208,0,128,"SQ_INSTS_VALU",9506357248.000000,284876613149,285408486976
565,565,"Agent 1",1,1919,1919,524288,17,"pk_gemm(__half const*, __half const*, __half*, int, int, int)",128,8704,0,208,0,128,"SQ_WAVES",16384.000000,284876613149,285408486976
566,566,"Agent 1",1,1919,1919,524288,17,"pk_gemm(__half const*, __half const*, __half*, int, int, int)",128,8704,0,208,0,128,"SQ_INSTS_LDS",671088640.000000,285408521542,285941024644
566,566,"Agent 1",1,1919,1919,524288,17,"pk_gemm(__half const*, __half const*, __half*, int, int, int)",128,8704,0,208,0,128,"SQ_INSTS_VALU",9506357248.000000,285408521542,285941024644
566,566,"Agent 1",1,1919,1919,524288,17,"pk_gemm(__half const*, __half const*, __half*, int, int, int)",128,8704,0,208,0,128,"SQ_WAVES",16384.000000,285408521542,285941024644
567,567,"Agent 1",1,1919,1919,524288,17,"pk_gemm(__half const*, __half const*, __half*, int, int, int)",128,8704,0,208,0,128,"SQ_INSTS_LDS",671088640.000000,285941063045,286390794596
567,567,"Agent 1",1,1919,1919,524288,17,"pk_gemm(__half const*, __half const*, __half*, int, int, int)",128,8704,0,208,0,128,"SQ_INSTS_VALU",9506357248.000000,285941063045,286390794596
567,567,"Agent 1",1,1919,1919,524288,17,"pk_gemm(__half const*, __half const*, __half*, int, int, int)",128,8704,0,208,0,128,"SQ_WAVES",16384.000000,285941063045,286390794596
568,568,"Agent 1",1,1919,1919,524288,17,"pk_gemm(__half const*, __half const*, __half*, int, int, int)",128,8704,0,208,0,128,"SQ_INSTS_LDS",671088640.000000,286390828888,286805626753
568,568,"Agent 1",1,1919,1919,524288,17,"pk_gemm(__half const*, __half const*, __half*, int, int, int)",128,8704,0,208,0,128,"SQ_INSTS_VALU",9506357248.000000,286390828888,286805626753
568,568,"Agent 1",1,1919,1919,524288,17,"pk_gemm(__half const*, __half const*, __half*, int, int, int)",128,8704,0,208,0,128,"SQ_WAVES",16384.000000,286390828888,286805626753
569,569,"Agent 1",1,1919,1919,524288,17,"pk_gemm(__half const*, __half const*, __half*, int, int, int)",128,8704,0,208,0,128,"SQ_INSTS_LDS",671088640.000000,286805660873,287287157186
569,569,"Agent 1",1,1919,1919,524288,17,"pk_gemm(__half const*, __half const*, __half*, int, int, int)",128,8704,0,208,0,128,"SQ_INSTS_VALU",9506357248.000000,286805660873,287287157186
569,569,"Agent 1",1,1919,1919,524288,17,"pk_gemm(__half const*, __half const*, __half*, int, int, int)",128,8704,0,208,0,128,"SQ_WAVES",16384.000000,286805660873,287287157186
570,570,"Agent 1",1,1919,1919,524288,17,"pk_gemm(__half const*, __half const*, __half*, int, int, int)",128,8704,0,208,0,128,"SQ_INSTS_LDS",671088640.000000,287287191653,287822953832
570,570,"Agent 1",1,1919,1919,524288,17,"pk_gemm(__half const*, __half const*, __half*, int, int, int)",128,8704,0,208,0,128,"SQ_INSTS_VALU",9506357248.000000,287287191653,287822953832
570,570,"Agent 1",1,1919,1919,524288,17,"pk_gemm(__half const*, __half const*, __half*, int, int, int)",128,8704,0,208,0,128,"SQ_WAVES",16384.000000,287287191653,287822953832
571,571,"Agent 1",1,1919,1919,524288,17,"pk_gemm(__half const*, __half const*, __half*, int, int, int)",128,8704,0,208,0,128,"SQ_INSTS_LDS",671088640.000000,287822988046,288367252317
571,571,"Agent 1",1,1919,1919,524288,17,"pk_gemm(__half const*, __half const*, __half*, int, int, int)",128,8704,0,208,0,128,"SQ_INSTS_VALU",9506357248.000000,287822988046,288367252317
571,571,"Agent 1",1,1919,1919,524288,17,"pk_gemm(__half const*, __half const*, __half*, int, int, int)",128,8704,0,208,0,128,"SQ_WAVES",16384.000000,287822988046,288367252317
572,572,"Agent 1",1,1919,1919,524288,17,"pk_gemm(__half const*, __half const*, __half*, int, int, int)",128,8704,0,208,0,128,"SQ_INSTS_LDS",671088640.000000,288367285121,288887046896
572,572,"Agent 1",1,1919,1919,524288,17,"pk_gemm(__half const*, __half const*, __half*, int, int, int)",128,8704,0,208,0,128,"SQ_INSTS_VALU",9506357248.000000,288367285121,288887046896
572,572,"Agent 1",1,1919,1919,524288,17,"pk_gemm(__half const*, __half const*, __half*, int, int, int)",128,8704,0,208,0,128,"SQ_WAVES",16384.000000,288367285121,288887046896
573,573,"Agent 1",1,1919,1919,524288,17,"pk_gemm(__half const*, __half const*, __half*, int, int, int)",128,8704,0,208,0,128,"SQ_INSTS_LDS",671088640.000000,288887085120,289363019533
573,573,"Agent 1",1,1919,1919,524288,17,"pk_gemm(__half const*, __half const*, __half*, int, int, int)",128,8704,0,208,0,128,"SQ_INSTS_VALU",9506357248.000000,288887085120,289363019533
573,573,"Agent 1",1,1919,1919,524288,17,"pk_gemm(__half const*, __half const*, __half*, int, int, int)",128,8704,0,208,0,128,"SQ_WAVES",16384.000000,288887085120,289363019533
574,574,"Agent 1",1,1919,1919,524288,17,"pk_gemm(__half const*, __half const*, __half*, int, int, int)",128,8704,0,208,0,128,"SQ_INSTS_LDS",671088640.000000,289363054554,289891953074
574,574,"Agent 1",1,1919,1919,524288,17,"pk_gemm(__half const*, __half const*, __half*, int, int, int)",128,8704,0,208,0,128,"SQ_INSTS_VALU",9506357248.000000,289363054554,289891953074
574,574,"Agent 1",1,1919,1919,524288,17,"pk_gemm(__half const*, __half const*, __half*, int, int, int)",128,8704,0,208,0,128,"SQ_WAVES",16384.000000,289363054554,289891953074
575,575,"Agent 1",1,1919,1919,524288,17,"pk_gemm(__half const*, __half const*, __half*, int, int, int)",128,8704,0,208,0,128,"SQ_INSTS_LDS",671088640.000000,289891988781,290207614690
575,575,"Agent 1",1,1919,1919,524288,17,"pk_gemm(__half const*, __half const*, __half*, int, int, int)",128,8704,0,208,0,128,"SQ_INSTS_VALU",9506357248.000000,289891988781,290207614690
575,575,"Agent 1",1,1919,1919,524288,17,"pk_gemm(__half const*, __half const*, __half*, int, int, int)",128,8704,0,208,0,128,"SQ_WAVES",16384.000000,289891988781,290207614690
576,576,"Agent 1",1,1919,1919,524288,17,"pk_gemm(__half const*, __half const*, __half*, int, int, int)",128,8704,0,208,0,128,"SQ_INSTS_LDS",671088640.000000,290207647861,290730743863
576,576,"Agent 1",1,1919,1919,524288,17,"pk_gemm(__half const*, __half const*, __half*, int, int, int)",128,8704,0,208,0,128,"SQ_INSTS_VALU",9506357248.000000,290207647861,290730743863
576,576,"Agent 1",1,1919,1919,524288,17,"pk_gemm(__half const*, __half const*, __half*, int, int, int)",128,8704,0,208,0,128,"SQ_WAVES",16384.000000,290207647861,290730743863
577,577,"Agent 1",1,1919,1919,524288,17,"pk_gemm(__half const*, __half const*, __half*, int, int, int)",128,8704,0,208,0,128,"SQ_INSTS_LDS",671088640.000000,290730795216,291156961288
577,577,"Agent 1",1,1919,1919,524288,17,"pk_gemm(__half const*, __half const*, __half*, int, int, int)",128,8704,0,208,0,128,"SQ_INSTS_VALU",9506357248.000000,290730795216,291156961288
577,577,"Agent 1",1,1919,1919,524288,17,"pk_gemm(__half const*, __half const*, __half*, int, int, int)",128,8704,0,208,0,128,"SQ_WAVES",16384.000000,290730795216,291156961288
578,578,"Agent 1",1,1919,1919,524288,17,"pk_gemm(__half const*, __half const*, __half*, int, int, int)",128,8704,0,208,0,128,"SQ_INSTS_LDS",671088640.000000,291156998625,291673598813
578,578,"Agent 1",1,1919,1919,524288,17,"pk_gemm(__half const*, __half const*, __half*, int, int, int)",128,8704,0,208,0,128,"SQ_INSTS_VALU",9506357248.000000,291156998625,291673598813
578,578,"Agent 1",1,1919,1919,524288,17,"pk_gemm(__half const*, __half const*, __half*, int, int, int)",128,8704,0,208,0,128,"SQ_WAVES",16384.000000,291156998625,291673598813
579,579,"Agent 1",1,1919,1919,524288,17,"pk_gemm(__half const*, __half const*, __half*, int, int, int)",128,8704,0,208,0,128,"SQ_INSTS_LDS",671088640.000000,291673632628,292134921540
579,579,"Agent 1",1,1919,1919,524288,17,"pk_gemm(__half const*, __half const*, __half*, int, int, int)",128,8704,0,208,0,128,"SQ_INSTS_VALU",9506357248.000000,291673632628,292134921540
579,579,"Agent 1",1,1919,1919,524288,17,"pk_gemm(__half const*, __half const*, __half*, int, int, int)",128,8704,0,208,0,128,"SQ_WAVES",16384.000000,291673632628,292134921540
580,580,"Agent 1",1,1919,1919,524288,17,"pk_gemm(__half const*, __half const*, __half*, int, int, int)",128,8704,0,208,0,128,"SQ_INSTS_LDS",671088640.000000,292134955002,292568937787
580,580,"Agent 1",1,1919,1919,524288,17,"pk_gemm(__half const*, __half const*, __half*, int, int, int)",128,8704,0,208,0,128,"SQ_INSTS_VALU",9506357248.000000,292134955002,292568937787
580,580,"Agent 1",1,1919,1919,524288,17,"pk_gemm(__half const*, __half const*, __half*, int, int, int)",128,8704,0,208,0,128,"SQ_WAVES",16384.000000,292134955002,292568937787
581,581,"Agent 1",1,1919,1919,524288,17,"pk_gemm(__half const*, __half const*, __half*, int, int, int)",128,8704,0,208,0,128,"SQ_INSTS_LDS",671088640.000000,292568973090,292905438020
581,581,"Agent 1",1,1919,1919,524288,17,"pk_gemm(__half const*, __half const*, __half*, int, int, int)",128,8704,0,208,0,128,"SQ_INSTS_VALU",9506357248.000000,292568973090,292905438020
581,581,"Agent 1",1,1919,1919,524288,17,"pk_gemm(__half const*, __half const*, __half*, int, int, int)",128,8704,0,208,0,128,"SQ_WAVES",16384.000000,292568973090,292905438020
582,582,"Agent 1",1,1919,1919,524288,17,"pk_gemm(__half const*, __half const*, __half*, int, int, int)",128,8704,0,208,0,128,"SQ_INSTS_LDS",671088640.000000,292905544661,293302865255
582,582,"Agent 1",1,1919,1919,524288,17,"pk_gemm(__half const*, __half const*, __half*, int, int, int)",128,8704,0,208,0,128,"SQ_INSTS_VALU",9506357248.000000,292905544661,293302865255
582,582,"Agent 1",1,1919,1919,524288,17,"pk_gemm(__half const*, __half const*, __half*, int, int, int)",128,8704,0,208,0,128,"SQ_WAVES",16384.000000,292905544661,293302865255
583,583,"Agent 1",1,1919,1919,524288,17,"pk_gemm(__half const*, __half const*, __half*, int, int, int)",128,8704,0,208,0,128,"SQ_INSTS_LDS",671088640.000000,293302896856,293827978297
583,583,"Agent 1",1,1919,1919,524288,17,"pk_gemm(__half const*, __half const*, __half*, int, int, int)",128,8704,0,208,0,128,"SQ_INSTS_VALU",9506357248.000000,293302896856,293827978297
583,583,"Agent 1",1,1919,1919,524288,17,"pk_gemm(__half const*, __half const*, __half*, int, int, int)",128,8704,0,208,0,128,"SQ_WAVES",16384.000000,293302896856,293827978297
584,584,"Agent 1",1,1919,1919,524288,17,"pk_gemm(__half const*, __half const*, __half*, int, int, int)",128,8704,0,208,0,128,"SQ_INSTS_LDS",671088640.000000,293828016730,294376076458
584,584,"Agent 1",1,1919,1919,524288,17,"pk_gemm(__half const*, __half const*, __half*, int, int, int)",128,8704,0,208,0,128,"SQ_INSTS_VALU",9506357248.000000,293828016730,294376076458
584,584,"Agent 1",1,1919,1919,524288,17,"pk_gemm(__half const*, __half const*, __half*, int, int, int)",128,8704,0,208,0,128,"SQ_WAVES",16384.000000,293828016730,294376076458
585,585,"Agent 1",1,1919,1919,524288,17,"pk_gemm(__half const*, __half const*, __half*, int, int, int)",128,8704,0,208,0,128,"SQ_INSTS_LDS",671088640.000000,294376112382,294916957043
585,585,"Agent 1",1,1919,1919,524288,17,"pk_gemm(__half const*, __half const*, __half*, int, int, int)",128,8704,0,208,0,128,"SQ_INSTS_VALU",9506357248.000000,294376112382,294916957043
585,585,"Agent 1",1,1919,1919,524288,17,"pk_gemm(__half const*, __half const*, __half*, int, int, int)",128,8704,0,208,0,128,"SQ_WAVES",16384.000000,294376112382,294916957043
586,586,"Agent 1",1,1919,1919,524288,17,"pk_gemm(__half const*, __half const*, __half*, int, int, int)",128,8704,0,208,0,128,"SQ_INSTS_LDS",671088640.000000,294917000291,295381048579
586,586,"Agent 1",1,1919,1919,524288,17,"pk_gemm(__half const*, __half const*, __half*, int, int, int)",128,8704,0,208,0,128,"SQ_INSTS_VALU",9506357248.000000,294917000291,295381048579
586,586,"Agent 1",1,1919,1919,524288,17,"pk_gemm(__half const*, __half const*, __half*, int, int, int)",128,8704,0,208,0,128,"SQ_WAVES",16384.000000,294917000291,295381048579
587,587,"Agent 1",1,1919,1919,524288,17,"pk_gemm(__half const*, __half const*, __half*, int, int, int)",128,8704,0,208,0,128,"SQ_INSTS_LDS",671088640.000000,295381083197,295874360427
587,587,"Agent 1",1,1919,1919,524288,17,"pk_gemm(__half const*, __half const*, __half*, int, int, int)",128,8704,0,208,0,128,"SQ_INSTS_VALU",9506357248.000000,295381083197,295874360427
587,587,"Agent 1",1,1919,1919,524288,17,"pk_gemm(__half const*, __half const*, __half*, int, int, int)",128,8704,0,208,0,128,"SQ_WAVES",16384.000000,295381083197,295874360427
588,588,"Agent 1",1,1919,1919,524288,17,"pk_gemm(__half const*, __half const*, __half*, int, int, int)",128,8704,0,208,0,128,"SQ_INSTS_LDS",671088640.000000,295874398438,296340475624
588,588,"Agent 1",1,1919,1919,524288,17,"pk_gemm(__half const*, __half const*, __half*, int, int, int)",128,8704,0,208,0,128,"SQ_INSTS_VALU",9506357248.000000,295874398438,296340475624
588,588,"Agent 1",1,1919,1919,524288,17,"pk_gemm(__half const*, __half const*, __half*, int, int, int)",128,8704,0,208,0,128,"SQ_WAVES",16384.000000,295874398438,296340475624
589,589,"Agent 1",1,1919,1919,524288,17,"pk_gemm(__half const*, __half const*, __half*, int, int, int)",128,8704,0,208,0,128,"SQ_INSTS_LDS",671088640.000000,296340509616,296857323130
589,589,"Agent 1",1,1919,1919,524288,17,"pk_gemm(__half const*, __half const*, __half*, int, int, int)",128,8704,0,208,0,128,"SQ_INSTS_VALU",9506357248.000000,296340509616,296857323130
589,589,"Agent 1",1,1919,1919,524288,17,"pk_gemm(__half const*, __half const*, __half*, int, int, int)",128,8704,0,208,0,128,"SQ_WAVES",16384.000000,296340509616,296857323130
590,590,"Agent 1",1,1919,1919,524288,17,"pk_gemm(__half const*, __half const*, __half*, int, int, int)",128,8704,0,208,0,128,"SQ_INSTS_LDS",671088640.000000,296857358969,297319949538
590,590,"Agent 1",1,1919,1919,524288,17,"pk_gemm(__half const*, __half const*, __half*, int, int, int)",128,8704,0,208,0,128,"SQ_INSTS_VALU",9506357248.000000,296857358969,297319949538
590,590,"Agent 1",1,1919,1919,524288,17,"pk_gemm(__half const*, __half const*, __half*, int, int, int)",128,8704,0,208,0,128,"SQ_WAVES",16384.000000,296857358969,297319949538
591,591,"Agent 1",1,1919,1919,524288,17,"pk_gemm(__half const*, __half const*, __half*, int, int, int)",128,8704,0,208,0,128,"SQ_INSTS_LDS",671088640.000000,297319986506,297806989846
591,591,"Agent 1",1,1919,1919,524288,17,"pk_gemm(__half const*, __half const*, __half*, int, int, int)",128,8704,0,208,0,128,"SQ_INSTS_VALU",9506357248.000000,297319986506,297806989846
591,591,"Agent 1",1,1919,1919,524288,17,"pk_gemm(__half const*, __half const*, __half*, int, int, int)",128,8704,0,208,0,128,"SQ_WAVES",16384.000000,297319986506,297806989846
592,592,"Agent 1",1,1919,1919,524288,17,"pk_gemm(__half const*, __half const*, __half*, int, int, int)",128,8704,0,208,0,128,"SQ_INSTS_LDS",671088640.000000,297807026174,298124399766
592,592,"Agent 1",1,1919,1919,524288,17,"pk_gemm(__half const*, __half const*, __half*, int, int, int)",128,8704,0,208,0,128,"SQ_INSTS_VALU",9506357248.000000,297807026174,298124399766
592,592,"Agent 1",1,1919,1919,524288,17,"pk_gemm(__half const*, __half const*, __half*, int, int, int)",128,8704,0,208,0,128,"SQ_WAVES",16384.000000,297807026174,298124399766
593,593,"Agent 1",1,1919,1919,524288,17,"pk_gemm(__half const*, __half const*, __half*, int, int, int)",128,8704,0,208,0,128,"SQ_INSTS_LDS",671088640.000000,298124432711,298629493008
593,593,"Agent 1",1,1919,1919,524288,17,"pk_gemm(__half const*, __half const*, __half*, int, int, int)",128,8704,0,208,0,128,"SQ_INSTS_VALU",9506357248.000000,298124432711,298629493008
593,593,"Agent 1",1,1919,1919,524288,17,"pk_gemm(__half const*, __half const*, __half*, int, int, int)",128,8704,0,208,0,128,"SQ_WAVES",16384.000000,298124432711,298629493008
594,594,"Agent 1",1,1919,1919,524288,17,"pk_gemm(__half const*, __half const*, __half*, int, int, int)",128,8704,0,208,0,128,"SQ_INSTS_LDS",671088640.000000,298629529200,299078883743
594,594,"Agent 1",1,1919,1919,524288,17,"pk_gemm(__half const*, __half const*, __half*, int, int, int)",128,8704,0,208,0,128,"SQ_INSTS_VALU",9506357248.000000,298629529200,299078883743
594,594,"Agent 1",1,1919,1919,524288,17,"pk_gemm(__half const*, __half const*, __half*, int, int, int)",128,8704,0,208,0,128,"SQ_WAVES",16384.000000,298629529200,299078883743
595,595,"Agent 1",1,1919,1919,524288,17,"pk_gemm(__half const*, __half const*, __half*, int, int, int)",128,8704,0,208,0,128,"SQ_INSTS_LDS",671088640.000000,299078918579,299566661712
595,595,"Agent 1",1,1919,1919,524288,17,"pk_gemm(__half const*, __half const*, __half*, int, int, int)",128,8704,0,208,0,128,"SQ_INSTS_VALU",9506357248.000000,299078918579,299566661712
595,595,"Agent 1",1,1919,1919,524288,17,"pk_gemm(__half const*, __half const*, __half*, int, int, int)",128,8704,0,208,0,128,"SQ_WAVES",16384.000000,299078918579,299566661712
596,596,"Agent 1",1,1919,1919,524288,17,"pk_gemm(__half const*, __half const*, __half*, int, int, int)",128,8704,0,208,0,128,"SQ_INSTS_LDS",671088640.000000,299566696488,300055206849
596,596,"Agent 1",1,1919,1919,524288,17,"pk_gemm(__half const*, __half const*, __half*, int, int, int)",128,8704,0,208,0,128,"SQ_INSTS_VALU",9506357248.000000,299566696488,300055206849
596,596,"Agent 1",1,1919,1919,524288,17,"pk_gemm(__half const*, __half const*, __half*, int, int, int)",128,8704,0,208,0,128,"SQ_WAVES",16384.000000,299566696488,300055206849
597,597,"Agent 1",1,1919,1919,524288,17,"pk_gemm(__half const*, __half const*, __half*, int, int, int)",128,8704,0,208,0,128,"SQ_INSTS_LDS",671088640.000000,300055239792,300546031451
597,597,"Agent 1",1,1919,1919,524288,17,"pk_gemm(__half const*, __half const*, __half*, int, int, int)",128,8704,0,208,0,128,"SQ_INSTS_VALU",9506357248.000000,300055239792,300546031451
597,597,"Agent 1",1,1919,1919,524288,17,"pk_gemm(__half const*, __half const*, __half*, int, int, int)",128,8704,0,208,0,128,"SQ_WAVES",16384.000000,300055239792,300546031451
598,598,"Agent 1",1,1919,1919,524288,17,"pk_gemm(__half const*, __half const*, __half*, int, int, int)",128,8704,0,208,0,128,"SQ_INSTS_LDS",671088640.000000,300546065918,300944253180
598,598,"Agent 1",1,1919,1919,524288,17,"pk_gemm(__half const*, __half const*, __half*, int, int, int)",128,8704,0,208,0,128,"SQ_INSTS_VALU",9506357248.000000,300546065918,300944253180
598,598,"Agent 1",1,1919,1919,524288,17,"pk_gemm(__half const*, __half const*, __half*, int, int, int)",128,8704,0,208,0,128,"SQ_WAVES",16384.000000,300546065918,300944253180
599,599,"Agent 1",1,1919,1919,524288,17,"pk_gemm(__half const*, __half const*, __half*, int, int, int)",128,8704,0,208,0,128,"SQ_INSTS_LDS",671088640.000000,300944287563,301380442547
599,599,"Agent 1",1,1919,1919,524288,17,"pk_gemm(__half const*, __half const*, __half*, int, int, int)",128,8704,0,208,0,128,"SQ_INSTS_VALU",9506357248.000000,300944287563,301380442547
599,599,"Agent 1",1,1919,1919,524288,17,"pk_gemm(__half const*, __half const*, __half*, int, int, int)",128,8704,0,208,0,128,"SQ_WAVES",16384.000000,300944287563,301380442547
600,600,"Agent 1",1,1919,1919,524288,17,"pk_gemm(__half const*, __half const*, __half*, int, int, int)",128,8704,0,208,0,128,"SQ_INSTS_LDS",671088640.000000,301380479966,301906571543
600,600,"Agent 1",1,1919,1919,524288,17,"pk_gemm(__half const*, __half const*, __half*, int, int, int)",128,8704,0,208,0,128,"SQ_INSTS_VALU",9506357248.000000,301380479966,301906571543
600,600,"Agent 1",1,1919,1919,524288,17,"pk_gemm(__half const*, __half const*, __half*, int, int, int)",128,8704,0,208,0,128,"SQ_WAVES",16384.000000,301380479966,301906571543
601,601,"Agent 1",1,1919,1919,524288,17,"pk_gemm(__half const*, __half const*, __half*, int, int, int)",128,8704,0,208,0,128,"SQ_INSTS_LDS",671088640.000000,301906606537,302423489764
601,601,"Agent 1",1,1919,1919,524288,17,"pk_gemm(__half const*, __half const*, __half*, int, int, int)",128,8704,0,208,0,128,"SQ_INSTS_VALU",9506357248.000000,301906606537,302423489764
601,601,"Agent 1",1,1919,1919,524288,17,"pk_gemm(__half const*, __half const*, __half*, int, int, int)",128,8704,0,208,0,128,"SQ_WAVES",16384.000000,301906606537,302423489764
602,602,"Agent 1",1,1919,1919,524288,17,"pk_gemm(__half const*, __half const*, __half*, int, int, int)",128,8704,0,208,0,128,"SQ_INSTS_LDS",671088640.000000,302423526408,302812994477
602,602,"Agent 1",1,1919,1919,524288,17,"pk_gemm(__half const*, __half const*, __half*, int, int, int)",128,8704,0,208,0,128,"SQ_INSTS_VALU",9506357248.000000,302423526408,302812994477
602,602,"Agent 1",1,1919,1919,524288,17,"pk_gemm(__half const*, __half const*, __half*, int, int, int)",128,8704,0,208,0,128,"SQ_WAVES",16384.000000,302423526408,302812994477
603,603,"Agent 1",1,1919,1919,524288,17,"pk_gemm(__half const*, __half const*, __half*, int, int, int)",128,8704,0,208,0,128,"SQ_INSTS_LDS",671088640.000000,302813028504,303133770384
603,603,"Agent 1",1,1919,1919,524288,17,"pk_gemm(__half const*, __half const*, __half*, int, int, int)",128,8704,0,208,0,128,"SQ_INSTS_VALU",9506357248.000000,302813028504,303133770384
603,603,"Agent 1",1,1919,1919,524288,17,"pk_gemm(__half const*, __half const*, __half*, int, int, int)",128,8704,0,208,0,128,"SQ_WAVES",16384.000000,302813028504,303133770384
604,604,"Agent 1",1,1919,1919,524288,17,"pk_gemm(__half const*, __half const*, __half*, int, int, int)",128,8704,0,208,0,128,"SQ_INSTS_LDS",671088640.000000,303133803556,303401765848
604,604,"Agent 1",1,1919,1919,524288,17,"pk_gemm(__half const*, __half const*, __half*, int, int, int)",128,8704,0,208,0,128,"SQ_INSTS_VALU",9506357248.000000,303133803556,303401765848
604,604,"Agent 1",1,1919,1919,524288,17,"pk_gemm(__half const*, __half const*, __half*, int, int, int)",128,8704,0,208,0,128,"SQ_WAVES",16384.000000,303133803556,303401765848
605,605,"Agent 1",1,1919,1919,524288,17,"pk_gemm(__half const*, __half const*, __half*, int, int, int)",128,8704,0,208,0,128,"SQ_INSTS_LDS",671088640.000000,303401798611,303933201369
605,605,"Agent 1",1,1919,1919,524288,17,"pk_gemm(__half const*, __half const*, __half*, int, int, int)",128,8704,0,208,0,128,"SQ_INSTS_VALU",9506357248.000000,303401798611,303933201369
605,605,"Agent 1",1,1919,1919,524288,17,"pk_gemm(__half const*, __half const*, __half*, int, int, int)",128,8704,0,208,0,128,"SQ_WAVES",16384.000000,303401798611,303933201369
606,606,"Agent 1",1,1919,1919,524288,17,"pk_gemm(__half const*, __half const*, __half*, int, int, int)",128,8704,0,208,0,128,"SQ_INSTS_LDS",671088640.000000,303933232233,304448184258
606,606,"Agent 1",1,1919,1919,524288,17,"pk_gemm(__half const*, __half const*, __half*, int, int, int)",128,8704,0,208,0,128,"SQ_INSTS_VALU",9506357248.000000,303933232233,304448184258
606,606,"Agent 1",1,1919,1919,524288,17,"pk_gemm(__half const*, __half const*, __half*, int, int, int)",128,8704,0,208,0,128,"SQ_WAVES",16384.000000,303933232233,304448184258
607,607,"Agent 1",1,1919,1919,524288,17,"pk_gemm(__half const*, __half const*, __half*, int, int, int)",128,8704,0,208,0,128,"SQ_INSTS_LDS",671088640.000000,304448217464,304965511341
607,607,"Agent 1",1,1919,1919,524288,17,"pk_gemm(__half const*, __half const*, __half*, int, int, int)",128,8704,0,208,0,128,"SQ_INSTS_VALU",9506357248.000000,304448217464,304965511341
607,607,"Agent 1",1,1919,1919,524288,17,"pk_gemm(__half const*, __half const*, __half*, int, int, int)",128,8704,0,208,0,128,"SQ_WAVES",16384.000000,304448217464,304965511341
608,608,"Agent 1",1,1919,1919,524288,17,"pk_gemm(__half const*, __half const*, __half*, int, int, int)",128,8704,0,208,0,128,"SQ_INSTS_LDS",671088640.000000,304965547594,305466614278
608,608,"Agent 1",1,1919,1919,524288,17,"pk_gemm(__half const*, __half const*, __half*, int, int, int)",128,8704,0,208,0,128,"SQ_INSTS_VALU",9506357248.000000,304965547594,305466614278
608,608,"Agent 1",1,1919,1919,524288,17,"pk_gemm(__half const*, __half const*, __half*, int, int, int)",128,8704,0,208,0,128,"SQ_WAVES",16384.000000,304965547594,305466614278
609,609,"Agent 1",1,1919,1919,524288,17,"pk_gemm(__half const*, __half const*, __half*, int, int, int)",128,8704,0,208,0,128,"SQ_INSTS_LDS",671088640.000000,305466646675,305961790557
609,609,"Agent 1",1,1919,1919,524288,17,"pk_gemm(__half const*, __half const*, __half*, int, int, int)",128,8704,0,208,0,128,"SQ_INSTS_VALU",9506357248.000000,305466646675,305961790557
609,609,"Agent 1",1,1919,1919,524288,17,"pk_gemm(__half const*, __half const*, __half*, int, int, int)",128,8704,0,208,0,128,"SQ_WAVES",16384.000000,305466646675,305961790557
610,610,"Agent 1",1,1919,1919,524288,17,"pk_gemm(__half const*, __half const*, __half*, int, int, int)",128,8704,0,208,0,128,"SQ_INSTS_LDS",671088640.000000,305961823118,306489501313
610,610,"Agent 1",1,1919,1919,524288,17,"pk_gemm(__half const*, __half const*, __half*, int, int, int)",128,8704,0,208,0,128,"SQ_INSTS_VALU",9506357248.000000,305961823118,306489501313
610,610,"Agent 1",1,1919,1919,524288,17,"pk_gemm(__half const*, __half const*, __half*, int, int, int)",128,8704,0,208,0,128,"SQ_WAVES",16384.000000,305961823118,306489501313
611,611,"Agent 1",1,1919,1919,524288,17,"pk_gemm(__half const*, __half const*, __half*, int, int, int)",128,8704,0,208,0,128,"SQ_INSTS_LDS",671088640.000000,306489533020,306974323687
611,611,"Agent 1",1,1919,1919,524288,17,"pk_gemm(__half const*, __half const*, __half*, int, int, int)",128,8704,0,208,0,128,"SQ_INSTS_VALU",9506357248.000000,306489533020,306974323687
611,611,"Agent 1",1,1919,1919,524288,17,"pk_gemm(__half const*, __half const*, __half*, int, int, int)",128,8704,0,208,0,128,"SQ_WAVES",16384.000000,306489533020,306974323687
612,612,"Agent 1",1,1919,1919,524288,17,"pk_gemm(__half const*, __half const*, __half*, int, int, int)",128,8704,0,208,0,128,"SQ_INSTS_LDS",671088640.000000,306974419636,307360731498
612,612,"Agent 1",1,1919,1919,524288,17,"pk_gemm(__half const*, __half const*, __half*, int, int, int)",128,8704,0,208,0,128,"SQ_INSTS_VALU",9506357248.000000,306974419636,307360731498
612,612,"Agent 1",1,1919,1919,524288,17,"pk_gemm(__half const*, __half const*, __half*, int, int, int)",128,8704,0,208,0,128,"SQ_WAVES",16384.000000,306974419636,307360731498
613,613,"Agent 1",1,1919,1919,524288,17,"pk_gemm(__half const*, __half const*, __half*, int, int, int)",128,8704,0,208,0,128,"SQ_INSTS_LDS",671088640.000000,307360766630,307725720549
613,613,"Agent 1",1,1919,1919,524288,17,"pk_gemm(__half const*, __half const*, __half*, int, int, int)",128,8704,0,208,0,128,"SQ_INSTS_VALU",9506357248.000000,307360766630,307725720549
613,613,"Agent 1",1,1919,1919,524288,17,"pk_gemm(__half const*, __half const*, __half*, int, int, int)",128,8704,0,208,0,128,"SQ_WAVES",16384.000000,307360766630,307725720549
614,614,"Agent 1",1,1919,1919,524288,17,"pk_gemm(__half const*, __half const*, __half*, int, int, int)",128,8704,0,208,0,128,"SQ_INSTS_LDS",671088640.000000,307725757593,308259280978
614,614,"Agent 1",1,1919,1919,524288,17,"pk_gemm(__half const*, __half const*, __half*, int, int, int)",128,8704,0,208,0,128,"SQ_INSTS_VALU",9506357248.000000,307725757593,308259280978
614,614,"Agent 1",1,1919,1919,524288,17,"pk_gemm(__half const*, __half const*, __half*, int, int, int)",128,8704,0,208,0,128,"SQ_WAVES",16384.000000,307725757593,308259280978
615,615,"Agent 1",1,1919,1919,524288,17,"pk_gemm(__half const*, __half const*, __half*, int, int, int)",128,8704,0,208,0,128,"SQ_INSTS_LDS",671088640.000000,308259318296,308733013194
615,615,"Agent 1",1,1919,1919,524288,17,"pk_gemm(__half const*, __half const*, __half*, int, int, int)",128,8704,0,208,0,128,"SQ_INSTS_VALU",9506357248.000000,308259318296,308733013194
615,615,"Agent 1",1,1919,1919,524288,17,"pk_gemm(__half const*, __half const*, __half*, int, int, int)",128,8704,0,208,0,128,"SQ_WAVES",16384.000000,308259318296,308733013194
616,616,"Agent 1",1,1919,1919,524288,17,"pk_gemm(__half const*, __half const*, __half*, int, int, int)",128,8704,0,208,0,128,"SQ_INSTS_LDS",671088640.000000,308733056992,309021608386
616,616,"Agent 1",1,1919,1919,524288,17,"pk_gemm(__half const*, __half const*, __half*, int, int, int)",128,8704,0,208,0,128,"SQ_INSTS_VALU",9506357248.000000,308733056992,309021608386
616,616,"Agent 1",1,1919,1919,524288,17,"pk_gemm(__half const*, __half const*, __half*, int, int, int)",128,8704,0,208,0,128,"SQ_WAVES",16384.000000,308733056992,309021608386
617,617,"Agent 1",1,1919,1919,524288,17,"pk_gemm(__half const*, __half const*, __half*, int, int, int)",128,8704,0,208,0,128,"SQ_INSTS_LDS",671088640.000000,309021644824,309391568382
617,617,"Agent 1",1,1919,1919,524288,17,"pk_gemm(__half const*, __half const*, __half*, int, int, int)",128,8704,0,208,0,128,"SQ_INSTS_VALU",9506357248.000000,309021644824,309391568382
617,617,"Agent 1",1,1919,1919,524288,17,"pk_gemm(__half const*, __half const*, __half*, int, int, int)",128,8704,0,208,0,128,"SQ_WAVES",16384.000000,309021644824,309391568382
618,618,"Agent 1",1,1919,1919,524288,17,"pk_gemm(__half const*, __half const*, __half*, int, int, int)",128,8704,0,208,0,128,"SQ_INSTS_LDS",671088640.000000,309391612275,309920385155
618,618,"Agent 1",1,1919,1919,524288,17,"pk_gemm(__half const*, __half const*, __half*, int, int, int)",128,8704,0,208,0,128,"SQ_INSTS_VALU",9506357248.000000,309391612275,309920385155
618,618,"Agent 1",1,1919,1919,524288,17,"pk_gemm(__half const*, __half const*, __half*, int, int, int)",128,8704,0,208,0,128,"SQ_WAVES",16384.000000,309391612275,309920385155
619,619,"Agent 1",1,1919,1919,524288,17,"pk_gemm(__half const*, __half const*, __half*, int, int, int)",128,8704,0,208,0,128,"SQ_INSTS_LDS",671088640.000000,309920425345,310442777732
619,619,"Agent 1",1,1919,1919,524288,17,"pk_gemm(__half const*, __half const*, __half*, int, int, int)",128,8704,0,208,0,128,"SQ_INSTS_VALU",9506357248.000000,309920425345,310442777732
619,619,"Agent 1",1,1919,1919,524288,17,"pk_gemm(__half const*, __half const*, __half*, int, int, int)",128,8704,0,208,0,128,"SQ_WAVES",16384.000000,309920425345,310442777732
620,620,"Agent 1",1,1919,1919,524288,17,"pk_gemm(__half const*, __half const*, __half*, int, int, int)",128,8704,0,208,0,128,"SQ_INSTS_LDS",671088640.000000,310442814252,310899482327
620,620,"Agent 1",1,1919,1919,524288,17,"pk_gemm(__half const*, __half const*, __half*, int, int, int)",128,8704,0,208,0,128,"SQ_INSTS_VALU",9506357248.000000,310442814252,310899482327
620,620,"Agent 1",1,1919,1919,524288,17,"pk_gemm(__half const*, __half const*, __half*, int, int, int)",128,8704,0,208,0,128,"SQ_WAVES",16384.000000,310442814252,310899482327
621,621,"Agent 1",1,1919,1919,524288,17,"pk_gemm(__half const*, __half const*, __half*, int, int, int)",128,8704,0,208,0,128,"SQ_INSTS_LDS",671088640.000000,310899520262,311406362355
621,621,"Agent 1",1,1919,1919,524288,17,"pk_gemm(__half const*, __half const*, __half*, int, int, int)",128,8704,0,208,0,128,"SQ_INSTS_VALU",9506357248.000000,310899520262,311406362355
621,621,"Agent 1",1,1919,1919,524288,17,"pk_gemm(__half const*, __half const*, __half*, int, int, int)",128,8704,0,208,0,128,"SQ_WAVES",16384.000000,310899520262,311406362355
622,622,"Agent 1",1,1919,1919,524288,17,"pk_gemm(__half const*, __half const*, __half*, int, int, int)",128,8704,0,208,0,128,"SQ_INSTS_LDS",671088640.000000,311406399745,311937582349
622,622,"Agent 1",1,1919,1919,524288,17,"pk_gemm(__half const*, __half const*, __half*, int, int, int)",128,8704,0,208,0,128,"SQ_INSTS_VALU",9506357248.000000,311406399745,311937582349
622,622,"Agent 1",1,1919,1919,524288,17,"pk_gemm(__half const*, __half const*, __half*, int, int, int)",128,8704,0,208,0,128,"SQ_WAVES",16384.000000,311406399745,311937582349
623,623,"Agent 1",1,1919,1919,524288,17,"pk_gemm(__half const*, __half const*, __half*, int, int, int)",128,8704,0,208,0,128,"SQ_INSTS_LDS",671088640.000000,311937617718,312425264425
623,623,"Agent 1",1,1919,1919,524288,17,"pk_gemm(__half const*, __half const*, __half*, int, int, int)",128,8704,0,208,0,128,"SQ_INSTS_VALU",9506357248.000000,311937617718,312425264425
623,623,"Agent 1",1,1919,1919,524288,17,"pk_gemm(__half const*, __half const*, __half*, int, int, int)",128,8704,0,208,0,128,"SQ_WAVES",16384.000000,311937617718,312425264425
624,624,"Agent 1",1,1919,1919,524288,17,"pk_gemm(__half const*, __half const*, __half*, int, int, int)",128,8704,0,208,0,128,"SQ_INSTS_LDS",671088640.000000,312425299707,312923931871
624,624,"Agent 1",1,1919,1919,524288,17,"pk_gemm(__half const*, __half const*, __half*, int, int, int)",128,8704,0,208,0,128,"SQ_INSTS_VALU",9506357248.000000,312425299707,312923931871
624,624,"Agent 1",1,1919,1919,524288,17,"pk_gemm(__half const*, __half const*, __half*, int, int, int)",128,8704,0,208,0,128,"SQ_WAVES",16384.000000,312425299707,312923931871
625,625,"Agent 1",1,1919,1919,524288,17,"pk_gemm(__half const*, __half const*, __half*, int, int, int)",128,8704,0,208,0,128,"SQ_INSTS_LDS",671088640.000000,312923966043,313375230068
625,625,"Agent 1",1,1919,1919,524288,17,"pk_gemm(__half const*, __half const*, __half*, int, int, int)",128,8704,0,208,0,128,"SQ_INSTS_VALU",9506357248.000000,312923966043,313375230068
625,625,"Agent 1",1,1919,1919,524288,17,"pk_gemm(__half const*, __half const*, __half*, int, int, int)",128,8704,0,208,0,128,"SQ_WAVES",16384.000000,312923966043,313375230068
626,626,"Agent 1",1,1919,1919,524288,17,"pk_gemm(__half const*, __half const*, __half*, int, int, int)",128,8704,0,208,0,128,"SQ_INSTS_LDS",671088640.000000,313375266546,313800848905
626,626,"Agent 1",1,1919,1919,524288,17,"pk_gemm(__half const*, __half const*, __half*, int, int, int)",128,8704,0,208,0,128,"SQ_INSTS_VALU",9506357248.000000,313375266546,313800848905
626,626,"Agent 1",1,1919,1919,524288,17,"pk_gemm(__half const*, __half const*, __half*, int, int, int)",128,8704,0,208,0,128,"SQ_WAVES",16384.000000,313375266546,313800848905
627,627,"Agent 1",1,1919,1919,524288,17,"pk_gemm(__half const*, __half const*, __half*, int, int, int)",128,8704,0,208,0,128,"SQ_INSTS_LDS",671088640.000000,313800886529,314222932913
627,627,"Agent 1",1,1919,1919,524288,17,"pk_gemm(__half const*, __half const*, __half*, int, int, int)",128,8704,0,208,0,128,"SQ_INSTS_VALU",9506357248.000000,313800886529,314222932913
627,627,"Agent 1",1,1919,1919,524288,17,"pk_gemm(__half const*, __half const*, __half*, int, int, int)",128,8704,0,208,0,128,"SQ_WAVES",16384.000000,313800886529,314222932913
628,628,"Agent 1",1,1919,1919,524288,17,"pk_gemm(__half const*, __half const*, __half*, int, int, int)",128,8704,0,208,0,128,"SQ_INSTS_LDS",671088640.000000,314222971482,314750436582
628,628,"Agent 1",1,1919,1919,524288,17,"pk_gemm(__half const*, __half const*, __half*, int, int, int)",128,8704,0,208,0,128,"SQ_INSTS_VALU",9506357248.000000,314222971482,314750436582
628,628,"Agent 1",1,1919,1919,524288,17,"pk_gemm(__half const*, __half const*, __half*, int, int, int)",128,8704,0,208,0,128,"SQ_WAVES",16384.000000,314222971482,314750436582
629,629,"Agent 1",1,1919,1919,524288,17,"pk_gemm(__half const*, __half const*, __half*, int, int, int)",128,8704,0,208,0,128,"SQ_INSTS_LDS",671088640.000000,314750469697,315188134237
629,629,"Agent 1",1,1919,1919,524288,17,"pk_gemm(__half const*, __half const*, __half*, int, int, int)",128,8704,0,208,0,128,"SQ_INSTS_VALU",9506357248.000000,314750469697,315188134237
629,629,"Agent 1",1,1919,1919,524288,17,"pk_gemm(__half const*, __half const*, __half*, int, int, int)",128,8704,0,208,0,128,"SQ_WAVES",16384.000000,314750469697,315188134237
630,630,"Agent 1",1,1919,1919,524288,17,"pk_gemm(__half const*, __half const*, __half*, int, int, int)",128,8704,0,208,0,128,"SQ_INSTS_LDS",671088640.000000,315188167543,315650764660
630,630,"Agent 1",1,1919,1919,524288,17,"pk_gemm(__half const*, __half const*, __half*, int, int, int)",128,8704,0,208,0,128,"SQ_INSTS_VALU",9506357248.000000,315188167543,315650764660
630,630,"Agent 1",1,1919,1919,524288,17,"pk_gemm(__half const*, __half const*, __half*, int, int, int)",128,8704,0,208,0,128,"SQ_WAVES",16384.000000,315188167543,315650764660
631,631,"Agent 1",1,1919,1919,524288,17,"pk_gemm(__half const*, __half const*, __half*, int, int, int)",128,8704,0,208,0,128,"SQ_INSTS_LDS",671088640.000000,315650801537,316181895207
631,631,"Agent 1",1,1919,1919,524288,17,"pk_gemm(__half const*, __half const*, __half*, int, int, int)",128,8704,0,208,0,128,"SQ_INSTS_VALU",9506357248.000000,315650801537,316181895207
631,631,"Agent 1",1,1919,1919,524288,17,"pk_gemm(__half const*, __half const*, __half*, int, int, int)",128,8704,0,208,0,128,"SQ_WAVES",16384.000000,315650801537,316181895207
632,632,"Agent 1",1,1919,1919,524288,17,"pk_gemm(__half const*, __half const*, __half*, int, int, int)",128,8704,0,208,0,128,"SQ_INSTS_LDS",671088640.000000,316181928240,316695562259
632,632,"Agent 1",1,1919,1919,524288,17,"pk_gemm(__half const*, __half const*, __half*, int, int, int)",128,8704,0,208,0,128,"SQ_INSTS_VALU",9506357248.000000,316181928240,316695562259
632,632,"Agent 1",1,1919,1919,524288,17,"pk_gemm(__half const*, __half const*, __half*, int, int, int)",128,8704,0,208,0,128,"SQ_WAVES",16384.000000,316181928240,316695562259
633,633,"Agent 1",1,1919,1919,524288,17,"pk_gemm(__half const*, __half const*, __half*, int, int, int)",128,8704,0,208,0,128,"SQ_INSTS_LDS",671088640.000000,316695596109,317217599011
633,633,"Agent 1",1,1919,1919,524288,17,"pk_gemm(__half const*, __half const*, __half*, int, int, int)",128,8704,0,208,0,128,"SQ_INSTS_VALU",9506357248.000000,316695596109,317217599011
633,633,"Agent 1",1,1919,1919,524288,17,"pk_gemm(__half const*, __half const*, __half*, int, int, int)",128,8704,0,208,0,128,"SQ_WAVES",16384.000000,316695596109,317217599011
634,634,"Agent 1",1,1919,1919,524288,17,"pk_gemm(__half const*, __half const*, __half*, int, int, int)",128,8704,0,208,0,128,"SQ_INSTS_LDS",671088640.000000,317217630836,317590239032
634,634,"Agent 1",1,1919,1919,524288,17,"pk_gemm(__half const*, __half const*, __half*, int, int, int)",128,8704,0,208,0,128,"SQ_INSTS_VALU",9506357248.000000,317217630836,317590239032
634,634,"Agent 1",1,1919,1919,524288,17,"pk_gemm(__half const*, __half const*, __half*, int, int, int)",128,8704,0,208,0,128,"SQ_WAVES",16384.000000,317217630836,317590239032
635,635,"Agent 1",1,1919,1919,524288,17,"pk_gemm(__half const*, __half const*, __half*, int, int, int)",128,8704,0,208,0,128,"SQ_INSTS_LDS",671088640.000000,317590272510,318136749245
635,635,"Agent 1",1,1919,1919,524288,17,"pk_gemm(__half const*, __half const*, __half*, int, int, int)",128,8704,0,208,0,128,"SQ_INSTS_VALU",9506357248.000000,317590272510,318136749245
635,635,"Agent 1",1,1919,1919,524288,17,"pk_gemm(__half const*, __half const*, __half*, int, int, int)",128,8704,0,208,0,128,"SQ_WAVES",16384.000000,317590272510,318136749245
636,636,"Agent 1",1,1919,1919,524288,17,"pk_gemm(__half const*, __half const*, __half*, int, int, int)",128,8704,0,208,0,128,"SQ_INSTS_LDS",671088640.000000,318136785282,318500186737
636,636,"Agent 1",1,1919,1919,524288,17,"pk_gemm(__half const*, __half const*, __half*, int, int, int)",128,8704,0,208,0,128,"SQ_INSTS_VALU",9506357248.000000,318136785282,318500186737
636,636,"Agent 1",1,1919,1919,524288,17,"pk_gemm(__half const*, __half const*, __half*, int, int, int)",128,8704,0,208,0,128,"SQ_WAVES",16384.000000,318136785282,318500186737
637,637,"Agent 1",1,1919,1919,524288,17,"pk_gemm(__half const*, __half const*, __half*, int, int, int)",128,8704,0,208,0,128,"SQ_INSTS_LDS",671088640.000000,318500220455,319009323020
637,637,"Agent 1",1,1919,1919,524288,17,"pk_gemm(__half const*, __half const*, __half*, int, int, int)",128,8704,0,208,0,128,"SQ_INSTS_VALU",9506357248.000000,318500220455,319009323020
637,637,"Agent 1",1,1919,1919,524288,17,"pk_gemm(__half const*, __half const*, __half*, int, int, int)",128,8704,0,208,0,128,"SQ_WAVES",16384.000000,318500220455,319009323020
638,638,"Agent 1",1,1919,1919,524288,17,"pk_gemm(__half const*, __half const*, __half*, int, int, int)",128,8704,0,208,0,128,"SQ_INSTS_LDS",671088640.000000,319009358318,319416774466
638,638,"Agent 1",1,1919,1919,524288,17,"pk_gemm(__half const*, __half const*, __half*, int, int, int)",128,8704,0,208,0,128,"SQ_INSTS_VALU",9506357248.000000,319009358318,319416774466
638,638,"Agent 1",1,1919,1919,524288,17,"pk_gemm(__half const*, __half const*, __half*, int, int, int)",128,8704,0,208,0,128,"SQ_WAVES",16384.000000,319009358318,319416774466
639,639,"Agent 1",1,1919,1919,524288,17,"pk_gemm(__half const*, __half const*, __half*, int, int, int)",128,8704,0,208,0,128,"SQ_INSTS_LDS",671088640.000000,319416806136,319973650641
639,639,"Agent 1",1,1919,1919,524288,17,"pk_gemm(__half const*, __half const*, __half*, int, int, int)",128,8704,0,208,0,128,"SQ_INSTS_VALU",9506357248.000000,319416806136,319973650641
639,639,"Agent 1",1,1919,1919,524288,17,"pk_gemm(__half const*, __half const*, __half*, int, int, int)",128,8704,0,208,0,128,"SQ_WAVES",16384.000000,319416806136,319973650641
640,640,"Agent 1",1,1919,1919,524288,17,"pk_gemm(__half const*, __half const*, __half*, int, int, int)",128,8704,0,208,0,128,"SQ_INSTS_LDS",671088640.000000,319973708180,320381107009
640,640,"Agent 1",1,1919,1919,524288,17,"pk_gemm(__half const*, __half const*, __half*, int, int, int)",128,8704,0,208,0,128,"SQ_INSTS_VALU",9506357248.000000,319973708180,320381107009
640,640,"Agent 1",1,1919,1919,524288,17,"pk_gemm(__half const*, __half const*, __half*, int, int, int)",128,8704,0,208,0,128,"SQ_WAVES",16384.000000,319973708180,320381107009
641,641,"Agent 1",1,1919,1919,524288,17,"pk_gemm(__half const*, __half const*, __half*, int, int, int)",128,8704,0,208,0,128,"SQ_INSTS_LDS",671088640.000000,320381142072,320825322350
641,641,"Agent 1",1,1919,1919,524288,17,"pk_gemm(__half const*, __half const*, __half*, int, int, int)",128,8704,0,208,0,128,"SQ_INSTS_VALU",9506357248.000000,320381142072,320825322350
641,641,"Agent 1",1,1919,1919,524288,17,"pk_gemm(__half const*, __half const*, __half*, int, int, int)",128,8704,0,208,0,128,"SQ_WAVES",16384.000000,320381142072,320825322350
