"Correlation_Id","Dispatch_Id","Agent_Id","Queue_Id","Process_Id","Thread_Id","Grid_Size","Kernel_Id","Kernel_Name","Workgroup_Size","LDS_Block_Size","Scratch_Size","VGPR_Count","Accum_VGPR_Count","SGPR_Count","Counter_Name","Counter_Value","Start_Timestamp","End_Timestamp"
1,1,"Agent 1",1,22397,22397,1280,5,"c_f32(float*, long long*, int)",32,0,0,24,0,128,"SQ_INSTS_SALU",20920.000000,2908557225725,2908557278704
1,1,"Agent 1",1,22397,22397,1280,5,"c_f32(float*, long long*, int)",32,0,0,24,0,128,"SQ_INSTS_VALU",1312320.000000,2908557225725,2908557278704
1,1,"Agent 1",1,22397,22397,1280,5,"c_f32(float*, long long*, int)",32,0,0,24,0,128,"SQ_WAVES",40.000000,2908557225725,2908557278704
2,2,"Agent 1",1,22397,22397,1280,5,"c_f32(float*, long long*, int)",32,0,0,24,0,128,"SQ_INSTS_SALU",20920.000000,2908557371677,2908557424135
2,2,"Agent 1",1,22397,22397,1280,5,"c_f32(float*, long long*, int)",32,0,0,24,0,128,"SQ_INSTS_VALU",1312320.000000,2908557371677,2908557424135
2,2,"Agent 1",1,22397,22397,1280,5,"c_f32(float*, long long*, int)",32,0,0,24,0,128,"SQ_WAVES",40.000000,2908557371677,2908557424135
3,3,"Agent 1",1,22397,22397,1280,5,"c_f32(float*, long long*, int)",32,0,0,24,0,128,"SQ_INSTS_SALU",20920.000000,2908557543639,2908557575820
3,3,"Agent 1",1,22397,22397,1280,5,"c_f32(float*, long long*, int)",32,0,0,24,0,128,"SQ_INSTS_VALU",1312320.000000,2908557543639,2908557575820
3,3,"Agent 1",1,22397,22397,1280,5,"c_f32(float*, long long*, int)",32,0,0,24,0,128,"SQ_WAVES",40.000000,2908557543639,2908557575820
4,4,"Agent 1",1,22397,22397,1280,5,"c_f32(float*, long long*, int)",32,0,0,24,0,128,"SQ_INSTS_SALU",22676.000000,2908557658174,2908557741170
4,4,"Agent 1",1,22397,22397,1280,5,"c_f32(float*, long long*, int)",32,0,0,24,0,128,"SQ_INSTS_VALU",1312480.000000,2908557658174,2908557741170
4,4,"Agent 1",1,22397,22397,1280,5,"c_f32(float*, long long*, int)",32,0,0,24,0,128,"SQ_WAVES",44.000000,2908557658174,2908557741170
5,5,"Agent 1",1,22397,22397,1280,5,"c_f32(float*, long long*, int)",32,0,0,24,0,128,"SQ_INSTS_SALU",20920.000000,2908557831178,2908557863078
5,5,"Agent 1",1,22397,22397,1280,5,"c_f32(float*, long long*, int)",32,0,0,24,0,128,"SQ_INSTS_VALU",1312320.000000,2908557831178,2908557863078
5,5,"Agent 1",1,22397,22397,1280,5,"c_f32(float*, long long*, int)",32,0,0,24,0,128,"SQ_WAVES",40.000000,2908557831178,2908557863078
6,6,"Agent 1",1,22397,22397,1280,5,"c_f32(float*, long long*, int)",32,0,0,24,0,128,"SQ_INSTS_SALU",20920.000000,2908557931246,2908557983985
6,6,"Agent 1",1,22397,22397,1280,5,"c_f32(float*, long long*, int)",32,0,0,24,0,128,"SQ_INSTS_VALU",1312320.000000,2908557931246,2908557983985
6,6,"Agent 1",1,22397,22397,1280,5,"c_f32(float*, long long*, int)",32,0,0,24,0,128,"SQ_WAVES",40.000000,2908557931246,2908557983985
7,7,"Agent 1",1,22397,22397,1280,5,"c_f32(float*, long long*, int)",32,0,0,24,0,128,"SQ_INSTS_SALU",20920.000000,2908558098559,2908558130780
7,7,"Agent 1",1,22397,22397,1280,5,"c_f32(float*, long long*, int)",32,0,0,24,0,128,"SQ_INSTS_VALU",1312320.000000,2908558098559,2908558130780
7,7,"Agent 1",1,22397,22397,1280,5,"c_f32(float*, long long*, int)",32,0,0,24,0,128,"SQ_WAVES",40.000000,2908558098559,2908558130780
8,8,"Agent 1",1,22397,22397,1280,5,"c_f32(float*, long long*, int)",32,0,0,24,0,128,"SQ_INSTS_SALU",20920.000000,2908558223313,2908558275491
8,8,"Agent 1",1,22397,22397,1280,5,"c_f32(float*, long long*, int)",32,0,0,24,0,128,"SQ_INSTS_VALU",1312320.000000,2908558223313,2908558275491
8,8,"Agent 1",1,22397,22397,1280,5,"c_f32(float*, long long*, int)",32,0,0,24,0,128,"SQ_WAVES",40.000000,2908558223313,2908558275491
9,9,"Agent 1",1,22397,22397,1280,5,"c_f32(float*, long long*, int)",32,0,0,24,0,128,"SQ_INSTS_SALU",20920.000000,2908558367744,2908558399964
9,9,"Agent 1",1,22397,22397,1280,5,"c_f32(float*, long long*, int)",32,0,0,24,0,128,"SQ_INSTS_VALU",1312320.000000,2908558367744,2908558399964
9,9,"Agent 1",1,22397,22397,1280,5,"c_f32(float*, long long*, int)",32,0,0,24,0,128,"SQ_WAVES",40.000000,2908558367744,2908558399964
10,10,"Agent 1",1,22397,22397,1280,5,"c_f32(float*, long long*, int)",32,0,0,24,0,128,"SQ_INSTS_SALU",20920.000000,2908558496345,2908558548643
10,10,"Agent 1",1,22397,22397,1280,5,"c_f32(float*, long long*, int)",32,0,0,24,0,128,"SQ_INSTS_VALU",1312320.000000,2908558496345,2908558548643
10,10,"Agent 1",1,22397,22397,1280,5,"c_f32(float*, long long*, int)",32,0,0,24,0,128,"SQ_WAVES",40.000000,2908558496345,2908558548643
11,11,"Agent 1",1,22397,22397,1280,5,"c_f32(float*, long long*, int)",32,0,0,24,0,128,"SQ_INSTS_SALU",20920.000000,2908558622902,2908558675080
11,11,"Agent 1",1,22397,22397,1280,5,"c_f32(float*, long long*, int)",32,0,0,24,0,128,"SQ_INSTS_VALU",1312320.000000,2908558622902,2908558675080
11,11,"Agent 1",1,22397,22397,1280,5,"c_f32(float*, long long*, int)",32,0,0,24,0,128,"SQ_WAVES",40.000000,2908558622902,2908558675080
12,12,"Agent 1",1,22397,22397,1280,5,"c_f32(float*, long long*, int)",32,0,0,24,0,128,"SQ_INSTS_SALU",20920.000000,2908558759237,2908558810213
12,12,"Agent 1",1,22397,22397,1280,5,"c_f32(float*, long long*, int)",32,0,0,24,0,128,"SQ_INSTS_VALU",1312320.000000,2908558759237,2908558810213
12,12,"Agent 1",1,22397,22397,1280,5,"c_f32(float*, long long*, int)",32,0,0,24,0,128,"SQ_WAVES",40.000000,2908558759237,2908558810213
13,13,"Agent 1",1,22397,22397,1280,5,"c_f32(float*, long long*, int)",32,0,0,24,0,128,"SQ_INSTS_SALU",20920.000000,2908558836021,2908558864715
13,13,"Agent 1",1,22397,22397,1280,5,"c_f32(float*, long long*, int)",32,0,0,24,0,128,"SQ_INSTS_VALU",1312320.000000,2908558836021,2908558864715
13,13,"Agent 1",1,22397,22397,1280,5,"c_f32(float*, long long*, int)",32,0,0,24,0,128,"SQ_WAVES",40.000000,2908558836021,2908558864715
14,14,"Agent 1",1,22397,22397,1280,5,"c_f32(float*, long long*, int)",32,0,0,24,0,128,"SQ_INSTS_SALU",20920.000000,2908558890684,2908558939656
14,14,"Agent 1",1,22397,22397,1280,5,"c_f32(float*, long long*, int)",32,0,0,24,0,128,"SQ_INSTS_VALU",1312320.000000,2908558890684,2908558939656
14,14,"Agent 1",1,22397,22397,1280,5,"c_f32(float*, long long*, int)",32,0,0,24,0,128,"SQ_WAVES",40.000000,2908558890684,2908558939656
15,15,"Agent 1",1,22397,22397,1280,5,"c_f32(float*, long long*, int)",32,0,0,24,0,128,"SQ_INSTS_SALU",20920.000000,2908558964863,2908558993316
15,15,"Agent 1",1,22397,22397,1280,5,"c_f32(float*, long long*, int)",32,0,0,24,0,128,"SQ_INSTS_VALU",1312320.000000,2908558964863,2908558993316
15,15,"Agent 1",1,22397,22397,1280,5,"c_f32(float*, long long*, int)",32,0,0,24,0,128,"SQ_WAVES",40.000000,2908558964863,2908558993316
16,16,"Agent 1",1,22397,22397,1280,5,"c_f32(float*, long long*, int)",32,0,0,24,0,128,"SQ_INSTS_SALU",20920.000000,2908559022571,2908559071583
16,16,"Agent 1",1,22397,22397,1280,5,"c_f32(float*, long long*, int)",32,0,0,24,0,128,"SQ_INSTS_VALU",1312320.000000,2908559022571,2908559071583
16,16,"Agent 1",1,22397,22397,1280,5,"c_f32(float*, long long*, int)",32,0,0,24,0,128,"SQ_WAVES",40.000000,2908559022571,2908559071583
17,17,"Agent 1",1,22397,22397,1280,5,"c_f32(float*, long long*, int)",32,0,0,24,0,128,"SQ_INSTS_SALU",20920.000000,2908559097752,2908559126325
17,17,"Agent 1",1,22397,22397,1280,5,"c_f32(float*, long long*, int)",32,0,0,24,0,128,"SQ_INSTS_VALU",1312320.000000,2908559097752,2908559126325
17,17,"Agent 1",1,22397,22397,1280,5,"c_f32(float*, long long*, int)",32,0,0,24,0,128,"SQ_WAVES",40.000000,2908559097752,2908559126325
18,18,"Agent 1",1,22397,22397,1280,5,"c_f32(float*, long long*, int)",32,0,0,24,0,128,"SQ_INSTS_SALU",20920.000000,2908559153336,2908559202308
18,18,"Agent 1",1,22397,22397,1280,5,"c_f32(float*, long long*, int)",32,0,0,24,0,128,"SQ_INSTS_VALU",1312320.000000,2908559153336,2908559202308
18,18,"Agent 1",1,22397,22397,1280,5,"c_f32(float*, long long*, int)",32,0,0,24,0,128,"SQ_WAVES",40.000000,2908559153336,2908559202308
19,19,"Agent 1",1,22397,22397,1280,5,"c_f32(float*, long long*, int)",32,0,0,24,0,128,"SQ_INSTS_SALU",20920.000000,2908559228637,2908559257050
19,19,"Agent 1",1,22397,22397,1280,5,"c_f32(float*, long long*, int)",32,0,0,24,0,128,"SQ_INSTS_VALU",1312320.000000,2908559228637,2908559257050
19,19,"Agent 1",1,22397,22397,1280,5,"c_f32(float*, long long*, int)",32,0,0,24,0,128,"SQ_WAVES",40.000000,2908559228637,2908559257050
20,20,"Agent 1",1,22397,22397,1280,5,"c_f32(float*, long long*, int)",32,0,0,24,0,128,"SQ_INSTS_SALU",20920.000000,2908559283179,2908559332151
20,20,"Agent 1",1,22397,22397,1280,5,"c_f32(float*, long long*, int)",32,0,0,24,0,128,"SQ_INSTS_VALU",1312320.000000,2908559283179,2908559332151
20,20,"Agent 1",1,22397,22397,1280,5,"c_f32(float*, long long*, int)",32,0,0,24,0,128,"SQ_WAVES",40.000000,2908559283179,2908559332151
21,21,"Agent 1",1,22397,22397,1280,5,"c_f32(float*, long long*, int)",32,0,0,24,0,128,"SQ_INSTS_SALU",20920.000000,2908559385972,2908559434904
21,21,"Agent 1",1,22397,22397,1280,5,"c_f32(float*, long long*, int)",32,0,0,24,0,128,"SQ_INSTS_VALU",1312320.000000,2908559385972,2908559434904
21,21,"Agent 1",1,22397,22397,1280,5,"c_f32(float*, long long*, int)",32,0,0,24,0,128,"SQ_WAVES",40.000000,2908559385972,2908559434904
22,22,"Agent 1",1,22397,22397,1280,5,"c_f32(float*, long long*, int)",32,0,0,24,0,128,"SQ_INSTS_SALU",20920.000000,2908559461714,2908559510726
22,22,"Agent 1",1,22397,22397,1280,5,"c_f32(float*, long long*, int)",32,0,0,24,0,128,"SQ_INSTS_VALU",1312320.000000,2908559461714,2908559510726
22,22,"Agent 1",1,22397,22397,1280,5,"c_f32(float*, long long*, int)",32,0,0,24,0,128,"SQ_WAVES",40.000000,2908559461714,2908559510726
23,23,"Agent 1",1,22397,22397,1280,5,"c_f32(float*, long long*, int)",32,0,0,24,0,128,"SQ_INSTS_SALU",20920.000000,2908559537095,2908559565749
23,23,"Agent 1",1,22397,22397,1280,5,"c_f32(float*, long long*, int)",32,0,0,24,0,128,"SQ_INSTS_VALU",1312320.000000,2908559537095,2908559565749
23,23,"Agent 1",1,22397,22397,1280,5,"c_f32(float*, long long*, int)",32,0,0,24,0,128,"SQ_WAVES",40.000000,2908559537095,2908559565749
24,24,"Agent 1",1,22397,22397,1280,5,"c_f32(float*, long long*, int)",32,0,0,24,0,128,"SQ_INSTS_SALU",20920.000000,2908559591557,2908559640529
24,24,"Agent 1",1,22397,22397,1280,5,"c_f32(float*, long long*, int)",32,0,0,24,0,128,"SQ_INSTS_VALU",1312320.000000,2908559591557,2908559640529
24,24,"Agent 1",1,22397,22397,1280,5,"c_f32(float*, long long*, int)",32,0,0,24,0,128,"SQ_WAVES",40.000000,2908559591557,2908559640529
25,25,"Agent 1",1,22397,22397,512,10,"__amd_rocclr_copyBuffer",512,0,0,16,0,128,"SQ_INSTS_SALU",148.000000,2908559692346,2908559695352
25,25,"Agent 1",1,22397,22397,512,10,"__amd_rocclr_copyBuffer",512,0,0,16,0,128,"SQ_INSTS_VALU",142.000000,2908559692346,2908559695352
25,25,"Agent 1",1,22397,22397,512,10,"__amd_rocclr_copyBuffer",512,0,0,16,0,128,"SQ_WAVES",16.000000,2908559692346,2908559695352
26,26,"Agent 1",1,22397,22397,1280,4,"c_f16(float*, long long*, int)",32,0,0,24,0,128,"SQ_INSTS_SALU",20880.000000,2908559768008,2908559818663
26,26,"Agent 1",1,22397,22397,1280,4,"c_f16(float*, long long*, int)",32,0,0,24,0,128,"SQ_INSTS_VALU",1313000.000000,2908559768008,2908559818663
26,26,"Agent 1",1,22397,22397,1280,4,"c_f16(float*, long long*, int)",32,0,0,24,0,128,"SQ_WAVES",40.000000,2908559768008,2908559818663
27,27,"Agent 1",1,22397,22397,1280,4,"c_f16(float*, long long*, int)",32,0,0,24,0,128,"SQ_INSTS_SALU",20880.000000,2908559844391,2908559875569
27,27,"Agent 1",1,22397,22397,1280,4,"c_f16(float*, long long*, int)",32,0,0,24,0,128,"SQ_INSTS_VALU",1313000.000000,2908559844391,2908559875569
27,27,"Agent 1",1,22397,22397,1280,4,"c_f16(float*, long long*, int)",32,0,0,24,0,128,"SQ_WAVES",40.000000,2908559844391,2908559875569
28,28,"Agent 1",1,22397,22397,1280,4,"c_f16(float*, long long*, int)",32,0,0,24,0,128,"SQ_INSTS_SALU",20880.000000,2908560000203,2908560051619
28,28,"Agent 1",1,22397,22397,1280,4,"c_f16(float*, long long*, int)",32,0,0,24,0,128,"SQ_INSTS_VALU",1313000.000000,2908560000203,2908560051619
28,28,"Agent 1",1,22397,22397,1280,4,"c_f16(float*, long long*, int)",32,0,0,24,0,128,"SQ_WAVES",40.000000,2908560000203,2908560051619
29,29,"Agent 1",1,22397,22397,1280,4,"c_f16(float*, long long*, int)",32,0,0,24,0,128,"SQ_INSTS_SALU",20880.000000,2908560098547,2908560150685
29,29,"Agent 1",1,22397,22397,1280,4,"c_f16(float*, long long*, int)",32,0,0,24,0,128,"SQ_INSTS_VALU",1313000.000000,2908560098547,2908560150685
29,29,"Agent 1",1,22397,22397,1280,4,"c_f16(float*, long long*, int)",32,0,0,24,0,128,"SQ_WAVES",40.000000,2908560098547,2908560150685
30,30,"Agent 1",1,22397,22397,1280,4,"c_f16(float*, long long*, int)",32,0,0,24,0,128,"SQ_INSTS_SALU",20880.000000,2908560201019,2908560253478
30,30,"Agent 1",1,22397,22397,1280,4,"c_f16(float*, long long*, int)",32,0,0,24,0,128,"SQ_INSTS_VALU",1313000.000000,2908560201019,2908560253478
30,30,"Agent 1",1,22397,22397,1280,4,"c_f16(float*, long long*, int)",32,0,0,24,0,128,"SQ_WAVES",40.000000,2908560201019,2908560253478
31,31,"Agent 1",1,22397,22397,1280,4,"c_f16(float*, long long*, int)",32,0,0,24,0,128,"SQ_INSTS_SALU",20880.000000,2908560363444,2908560395464
31,31,"Agent 1",1,22397,22397,1280,4,"c_f16(float*, long long*, int)",32,0,0,24,0,128,"SQ_INSTS_VALU",1313000.000000,2908560363444,2908560395464
31,31,"Agent 1",1,22397,22397,1280,4,"c_f16(float*, long long*, int)",32,0,0,24,0,128,"SQ_WAVES",40.000000,2908560363444,2908560395464
32,32,"Agent 1",1,22397,22397,1280,4,"c_f16(float*, long long*, int)",32,0,0,24,0,128,"SQ_INSTS_SALU",20880.000000,2908560480784,2908560532721
32,32,"Agent 1",1,22397,22397,1280,4,"c_f16(float*, long long*, int)",32,0,0,24,0,128,"SQ_INSTS_VALU",1313000.000000,2908560480784,2908560532721
32,32,"Agent 1",1,22397,22397,1280,4,"c_f16(float*, long long*, int)",32,0,0,24,0,128,"SQ_WAVES",40.000000,2908560480784,2908560532721
33,33,"Agent 1",1,22397,22397,1280,4,"c_f16(float*, long long*, int)",32,0,0,24,0,128,"SQ_INSTS_SALU",20880.000000,2908560579048,2908560630584
33,33,"Agent 1",1,22397,22397,1280,4,"c_f16(float*, long long*, int)",32,0,0,24,0,128,"SQ_INSTS_VALU",1313000.000000,2908560579048,2908560630584
33,33,"Agent 1",1,22397,22397,1280,4,"c_f16(float*, long long*, int)",32,0,0,24,0,128,"SQ_WAVES",40.000000,2908560579048,2908560630584
34,34,"Agent 1",1,22397,22397,1280,4,"c_f16(float*, long long*, int)",32,0,0,24,0,128,"SQ_INSTS_SALU",20880.000000,2908560658557,2908560708170
34,34,"Agent 1",1,22397,22397,1280,4,"c_f16(float*, long long*, int)",32,0,0,24,0,128,"SQ_INSTS_VALU",1313000.000000,2908560658557,2908560708170
34,34,"Agent 1",1,22397,22397,1280,4,"c_f16(float*, long long*, int)",32,0,0,24,0,128,"SQ_WAVES",40.000000,2908560658557,2908560708170
35,35,"Agent 1",1,22397,22397,1280,4,"c_f16(float*, long long*, int)",32,0,0,24,0,128,"SQ_INSTS_SALU",20880.000000,2908560736262,2908560785755
35,35,"Agent 1",1,22397,22397,1280,4,"c_f16(float*, long long*, int)",32,0,0,24,0,128,"SQ_INSTS_VALU",1313000.000000,2908560736262,2908560785755
35,35,"Agent 1",1,22397,22397,1280,4,"c_f16(float*, long long*, int)",32,0,0,24,0,128,"SQ_WAVES",40.000000,2908560736262,2908560785755
36,36,"Agent 1",1,22397,22397,1280,4,"c_f16(float*, long long*, int)",32,0,0,24,0,128,"SQ_INSTS_SALU",20880.000000,2908560814209,2908560863701
36,36,"Agent 1",1,22397,22397,1280,4,"c_f16(float*, long long*, int)",32,0,0,24,0,128,"SQ_INSTS_VALU",1313000.000000,2908560814209,2908560863701
36,36,"Agent 1",1,22397,22397,1280,4,"c_f16(float*, long long*, int)",32,0,0,24,0,128,"SQ_WAVES",40.000000,2908560814209,2908560863701
37,37,"Agent 1",1,22397,22397,1280,4,"c_f16(float*, long long*, int)",32,0,0,24,0,128,"SQ_INSTS_SALU",20880.000000,2908560890872,2908560920488
37,37,"Agent 1",1,22397,22397,1280,4,"c_f16(float*, long long*, int)",32,0,0,24,0,128,"SQ_INSTS_VALU",1313000.000000,2908560890872,2908560920488
37,37,"Agent 1",1,22397,22397,1280,4,"c_f16(float*, long long*, int)",32,0,0,24,0,128,"SQ_WAVES",40.000000,2908560890872,2908560920488
38,38,"Agent 1",1,22397,22397,1280,4,"c_f16(float*, long long*, int)",32,0,0,24,0,128,"SQ_INSTS_SALU",20880.000000,2908560947619,2908560997272
38,38,"Agent 1",1,22397,22397,1280,4,"c_f16(float*, long long*, int)",32,0,0,24,0,128,"SQ_INSTS_VALU",1313000.000000,2908560947619,2908560997272
38,38,"Agent 1",1,22397,22397,1280,4,"c_f16(float*, long long*, int)",32,0,0,24,0,128,"SQ_WAVES",40.000000,2908560947619,2908560997272
39,39,"Agent 1",1,22397,22397,1280,4,"c_f16(float*, long long*, int)",32,0,0,24,0,128,"SQ_INSTS_SALU",20880.000000,2908561022559,2908561072012
39,39,"Agent 1",1,22397,22397,1280,4,"c_f16(float*, long long*, int)",32,0,0,24,0,128,"SQ_INSTS_VALU",1313000.000000,2908561022559,2908561072012
39,39,"Agent 1",1,22397,22397,1280,4,"c_f16(float*, long long*, int)",32,0,0,24,0,128,"SQ_WAVES",40.000000,2908561022559,2908561072012
40,40,"Agent 1",1,22397,22397,1280,4,"c_f16(float*, long long*, int)",32,0,0,24,0,128,"SQ_INSTS_SALU",20880.000000,2908561097820,2908561147273
40,40,"Agent 1",1,22397,22397,1280,4,"c_f16(float*, long long*, int)",32,0,0,24,0,128,"SQ_INSTS_VALU",1313000.000000,2908561097820,2908561147273
40,40,"Agent 1",1,22397,22397,1280,4,"c_f16(float*, long long*, int)",32,0,0,24,0,128,"SQ_WAVES",40.000000,2908561097820,2908561147273
41,41,"Agent 1",1,22397,22397,1280,4,"c_f16(float*, long long*, int)",32,0,0,24,0,128,"SQ_INSTS_SALU",20880.000000,2908561173722,2908561203298
41,41,"Agent 1",1,22397,22397,1280,4,"c_f16(float*, long long*, int)",32,0,0,24,0,128,"SQ_INSTS_VALU",1313000.000000,2908561173722,2908561203298
41,41,"Agent 1",1,22397,22397,1280,4,"c_f16(float*, long long*, int)",32,0,0,24,0,128,"SQ_WAVES",40.000000,2908561173722,2908561203298
42,42,"Agent 1",1,22397,22397,1280,4,"c_f16(float*, long long*, int)",32,0,0,24,0,128,"SQ_INSTS_SALU",20880.000000,2908561230308,2908561279961
42,42,"Agent 1",1,22397,22397,1280,4,"c_f16(float*, long long*, int)",32,0,0,24,0,128,"SQ_INSTS_VALU",1313000.000000,2908561230308,2908561279961
42,42,"Agent 1",1,22397,22397,1280,4,"c_f16(float*, long long*, int)",32,0,0,24,0,128,"SQ_WAVES",40.000000,2908561230308,2908561279961
43,43,"Agent 1",1,22397,22397,1280,4,"c_f16(float*, long long*, int)",32,0,0,24,0,128,"SQ_INSTS_SALU",20880.000000,2908561305169,2908561354621
43,43,"Agent 1",1,22397,22397,1280,4,"c_f16(float*, long long*, int)",32,0,0,24,0,128,"SQ_INSTS_VALU",1313000.000000,2908561305169,2908561354621
43,43,"Agent 1",1,22397,22397,1280,4,"c_f16(float*, long long*, int)",32,0,0,24,0,128,"SQ_WAVES",40.000000,2908561305169,2908561354621
44,44,"Agent 1",1,22397,22397,1280,4,"c_f16(float*, long long*, int)",32,0,0,24,0,128,"SQ_INSTS_SALU",20880.000000,2908561380309,2908561429802
44,44,"Agent 1",1,22397,22397,1280,4,"c_f16(float*, long long*, int)",32,0,0,24,0,128,"SQ_INSTS_VALU",1313000.000000,2908561380309,2908561429802
44,44,"Agent 1",1,22397,22397,1280,4,"c_f16(float*, long long*, int)",32,0,0,24,0,128,"SQ_WAVES",40.000000,2908561380309,2908561429802
45,45,"Agent 1",1,22397,22397,1280,4,"c_f16(float*, long long*, int)",32,0,0,24,0,128,"SQ_INSTS_SALU",20880.000000,2908561456172,2908561505704
45,45,"Agent 1",1,22397,22397,1280,4,"c_f16(float*, long long*, int)",32,0,0,24,0,128,"SQ_INSTS_VALU",1313000.000000,2908561456172,2908561505704
45,45,"Agent 1",1,22397,22397,1280,4,"c_f16(float*, long long*, int)",32,0,0,24,0,128,"SQ_WAVES",40.000000,2908561456172,2908561505704
46,46,"Agent 1",1,22397,22397,1280,4,"c_f16(float*, long long*, int)",32,0,0,24,0,128,"SQ_INSTS_SALU",20880.000000,2908561558924,2908561608457
46,46,"Agent 1",1,22397,22397,1280,4,"c_f16(float*, long long*, int)",32,0,0,24,0,128,"SQ_INSTS_VALU",1313000.000000,2908561558924,2908561608457
46,46,"Agent 1",1,22397,22397,1280,4,"c_f16(float*, long long*, int)",32,0,0,24,0,128,"SQ_WAVES",40.000000,2908561558924,2908561608457
47,47,"Agent 1",1,22397,22397,1280,4,"c_f16(float*, long long*, int)",32,0,0,24,0,128,"SQ_INSTS_SALU",20880.000000,2908561634746,2908561664362
47,47,"Agent 1",1,22397,22397,1280,4,"c_f16(float*, long long*, int)",32,0,0,24,0,128,"SQ_INSTS_VALU",1313000.000000,2908561634746,2908561664362
47,47,"Agent 1",1,22397,22397,1280,4,"c_f16(float*, long long*, int)",32,0,0,24,0,128,"SQ_WAVES",40.000000,2908561634746,2908561664362
48,48,"Agent 1",1,22397,22397,1280,4,"c_f16(float*, long long*, int)",32,0,0,24,0,128,"SQ_INSTS_SALU",20880.000000,2908561690330,2908561740064
48,48,"Agent 1",1,22397,22397,1280,4,"c_f16(float*, long long*, int)",32,0,0,24,0,128,"SQ_INSTS_VALU",1313000.000000,2908561690330,2908561740064
48,48,"Agent 1",1,22397,22397,1280,4,"c_f16(float*, long long*, int)",32,0,0,24,0,128,"SQ_WAVES",40.000000,2908561690330,2908561740064
49,49,"Agent 1",1,22397,22397,1280,4,"c_f16(float*, long long*, int)",32,0,0,24,0,128,"SQ_INSTS_SALU",20880.000000,2908561765952,2908561815405
49,49,"Agent 1",1,22397,22397,1280,4,"c_f16(float*, long long*, int)",32,0,0,24,0,128,"SQ_INSTS_VALU",1313000.000000,2908561765952,2908561815405
49,49,"Agent 1",1,22397,22397,1280,4,"c_f16(float*, long long*, int)",32,0,0,24,0,128,"SQ_WAVES",40.000000,2908561765952,2908561815405
50,50,"Agent 1",1,22397,22397,512,10,"__amd_rocclr_copyBuffer",512,0,0,16,0,128,"SQ_INSTS_SALU",148.000000,2908561855199,2908561858165
50,50,"Agent 1",1,22397,22397,512,10,"__amd_rocclr_copyBuffer",512,0,0,16,0,128,"SQ_INSTS_VALU",142.000000,2908561855199,2908561858165
50,50,"Agent 1",1,22397,22397,512,10,"__amd_rocclr_copyBuffer",512,0,0,16,0,128,"SQ_WAVES",16.000000,2908561855199,2908561858165
51,51,"Agent 1",1,22397,22397,1280,2,"c_f16x2(float*, long long*, int)",32,0,0,24,0,128,"SQ_INSTS_SALU",20880.000000,2908561906776,2908561936993
51,51,"Agent 1",1,22397,22397,1280,2,"c_f16x2(float*, long long*, int)",32,0,0,24,0,128,"SQ_INSTS_VALU",1313640.000000,2908561906776,2908561936993
51,51,"Agent 1",1,22397,22397,1280,2,"c_f16x2(float*, long long*, int)",32,0,0,24,0,128,"SQ_WAVES",40.000000,2908561906776,2908561936993
52,52,"Agent 1",1,22397,22397,1280,2,"c_f16x2(float*, long long*, int)",32,0,0,24,0,128,"SQ_INSTS_SALU",20880.000000,2908561966167,2908562016542
52,52,"Agent 1",1,22397,22397,1280,2,"c_f16x2(float*, long long*, int)",32,0,0,24,0,128,"SQ_INSTS_VALU",1313640.000000,2908561966167,2908562016542
52,52,"Agent 1",1,22397,22397,1280,2,"c_f16x2(float*, long long*, int)",32,0,0,24,0,128,"SQ_WAVES",40.000000,2908561966167,2908562016542
53,53,"Agent 1",1,22397,22397,1280,2,"c_f16x2(float*, long long*, int)",32,0,0,24,0,128,"SQ_INSTS_SALU",21319.000000,2908562100900,2908562183495
53,53,"Agent 1",1,22397,22397,1280,2,"c_f16x2(float*, long long*, int)",32,0,0,24,0,128,"SQ_INSTS_VALU",1313680.000000,2908562100900,2908562183495
53,53,"Agent 1",1,22397,22397,1280,2,"c_f16x2(float*, long long*, int)",32,0,0,24,0,128,"SQ_WAVES",41.000000,2908562100900,2908562183495
54,54,"Agent 1",1,22397,22397,1280,2,"c_f16x2(float*, long long*, int)",32,0,0,24,0,128,"SQ_INSTS_SALU",20880.000000,2908562213511,2908562265088
54,54,"Agent 1",1,22397,22397,1280,2,"c_f16x2(float*, long long*, int)",32,0,0,24,0,128,"SQ_INSTS_VALU",1313640.000000,2908562213511,2908562265088
54,54,"Agent 1",1,22397,22397,1280,2,"c_f16x2(float*, long long*, int)",32,0,0,24,0,128,"SQ_WAVES",40.000000,2908562213511,2908562265088
55,55,"Agent 1",1,22397,22397,1280,2,"c_f16x2(float*, long long*, int)",32,0,0,24,0,128,"SQ_INSTS_SALU",20880.000000,2908562331051,2908562382107
55,55,"Agent 1",1,22397,22397,1280,2,"c_f16x2(float*, long long*, int)",32,0,0,24,0,128,"SQ_INSTS_VALU",1313640.000000,2908562331051,2908562382107
55,55,"Agent 1",1,22397,22397,1280,2,"c_f16x2(float*, long long*, int)",32,0,0,24,0,128,"SQ_WAVES",40.000000,2908562331051,2908562382107
56,56,"Agent 1",1,22397,22397,1280,2,"c_f16x2(float*, long long*, int)",32,0,0,24,0,128,"SQ_INSTS_SALU",20880.000000,2908562409799,2908562458811
56,56,"Agent 1",1,22397,22397,1280,2,"c_f16x2(float*, long long*, int)",32,0,0,24,0,128,"SQ_INSTS_VALU",1313640.000000,2908562409799,2908562458811
56,56,"Agent 1",1,22397,22397,1280,2,"c_f16x2(float*, long long*, int)",32,0,0,24,0,128,"SQ_WAVES",40.000000,2908562409799,2908562458811
57,57,"Agent 1",1,22397,22397,1280,2,"c_f16x2(float*, long long*, int)",32,0,0,24,0,128,"SQ_INSTS_SALU",20880.000000,2908562486502,2908562535554
57,57,"Agent 1",1,22397,22397,1280,2,"c_f16x2(float*, long long*, int)",32,0,0,24,0,128,"SQ_INSTS_VALU",1313640.000000,2908562486502,2908562535554
57,57,"Agent 1",1,22397,22397,1280,2,"c_f16x2(float*, long long*, int)",32,0,0,24,0,128,"SQ_WAVES",40.000000,2908562486502,2908562535554
58,58,"Agent 1",1,22397,22397,1280,2,"c_f16x2(float*, long long*, int)",32,0,0,24,0,128,"SQ_INSTS_SALU",20880.000000,2908562562605,2908562611577
58,58,"Agent 1",1,22397,22397,1280,2,"c_f16x2(float*, long long*, int)",32,0,0,24,0,128,"SQ_INSTS_VALU",1313640.000000,2908562562605,2908562611577
58,58,"Agent 1",1,22397,22397,1280,2,"c_f16x2(float*, long long*, int)",32,0,0,24,0,128,"SQ_WAVES",40.000000,2908562562605,2908562611577
59,59,"Agent 1",1,22397,22397,1280,2,"c_f16x2(float*, long long*, int)",32,0,0,24,0,128,"SQ_INSTS_SALU",20880.000000,2908562637425,2908562686638
59,59,"Agent 1",1,22397,22397,1280,2,"c_f16x2(float*, long long*, int)",32,0,0,24,0,128,"SQ_INSTS_VALU",1313640.000000,2908562637425,2908562686638
59,59,"Agent 1",1,22397,22397,1280,2,"c_f16x2(float*, long long*, int)",32,0,0,24,0,128,"SQ_WAVES",40.000000,2908562637425,2908562686638
60,60,"Agent 1",1,22397,22397,1280,2,"c_f16x2(float*, long long*, int)",32,0,0,24,0,128,"SQ_INSTS_SALU",20880.000000,2908562714450,2908562763542
60,60,"Agent 1",1,22397,22397,1280,2,"c_f16x2(float*, long long*, int)",32,0,0,24,0,128,"SQ_INSTS_VALU",1313640.000000,2908562714450,2908562763542
60,60,"Agent 1",1,22397,22397,1280,2,"c_f16x2(float*, long long*, int)",32,0,0,24,0,128,"SQ_WAVES",40.000000,2908562714450,2908562763542
61,61,"Agent 1",1,22397,22397,1280,2,"c_f16x2(float*, long long*, int)",32,0,0,24,0,128,"SQ_INSTS_SALU",20880.000000,2908562791755,2908562840806
61,61,"Agent 1",1,22397,22397,1280,2,"c_f16x2(float*, long long*, int)",32,0,0,24,0,128,"SQ_INSTS_VALU",1313640.000000,2908562791755,2908562840806
61,61,"Agent 1",1,22397,22397,1280,2,"c_f16x2(float*, long long*, int)",32,0,0,24,0,128,"SQ_WAVES",40.000000,2908562791755,2908562840806
62,62,"Agent 1",1,22397,22397,1280,2,"c_f16x2(float*, long long*, int)",32,0,0,24,0,128,"SQ_INSTS_SALU",20880.000000,2908562869260,2908562918352
62,62,"Agent 1",1,22397,22397,1280,2,"c_f16x2(float*, long long*, int)",32,0,0,24,0,128,"SQ_INSTS_VALU",1313640.000000,2908562869260,2908562918352
62,62,"Agent 1",1,22397,22397,1280,2,"c_f16x2(float*, long long*, int)",32,0,0,24,0,128,"SQ_WAVES",40.000000,2908562869260,2908562918352
63,63,"Agent 1",1,22397,22397,1280,2,"c_f16x2(float*, long long*, int)",32,0,0,24,0,128,"SQ_INSTS_SALU",20880.000000,2908562944320,2908562993573
63,63,"Agent 1",1,22397,22397,1280,2,"c_f16x2(float*, long long*, int)",32,0,0,24,0,128,"SQ_INSTS_VALU",1313640.000000,2908562944320,2908562993573
63,63,"Agent 1",1,22397,22397,1280,2,"c_f16x2(float*, long long*, int)",32,0,0,24,0,128,"SQ_WAVES",40.000000,2908562944320,2908562993573
64,64,"Agent 1",1,22397,22397,1280,2,"c_f16x2(float*, long long*, int)",32,0,0,24,0,128,"SQ_INSTS_SALU",20880.000000,2908563021385,2908563070477
64,64,"Agent 1",1,22397,22397,1280,2,"c_f16x2(float*, long long*, int)",32,0,0,24,0,128,"SQ_INSTS_VALU",1313640.000000,2908563021385,2908563070477
64,64,"Agent 1",1,22397,22397,1280,2,"c_f16x2(float*, long long*, int)",32,0,0,24,0,128,"SQ_WAVES",40.000000,2908563021385,2908563070477
65,65,"Agent 1",1,22397,22397,1280,2,"c_f16x2(float*, long long*, int)",32,0,0,24,0,128,"SQ_INSTS_SALU",20880.000000,2908563097287,2908563146259
65,65,"Agent 1",1,22397,22397,1280,2,"c_f16x2(float*, long long*, int)",32,0,0,24,0,128,"SQ_INSTS_VALU",1313640.000000,2908563097287,2908563146259
65,65,"Agent 1",1,22397,22397,1280,2,"c_f16x2(float*, long long*, int)",32,0,0,24,0,128,"SQ_WAVES",40.000000,2908563097287,2908563146259
66,66,"Agent 1",1,22397,22397,1280,2,"c_f16x2(float*, long long*, int)",32,0,0,24,0,128,"SQ_INSTS_SALU",20880.000000,2908563173670,2908563222762
66,66,"Agent 1",1,22397,22397,1280,2,"c_f16x2(float*, long long*, int)",32,0,0,24,0,128,"SQ_INSTS_VALU",1313640.000000,2908563173670,2908563222762
66,66,"Agent 1",1,22397,22397,1280,2,"c_f16x2(float*, long long*, int)",32,0,0,24,0,128,"SQ_WAVES",40.000000,2908563173670,2908563222762
67,67,"Agent 1",1,22397,22397,1280,2,"c_f16x2(float*, long long*, int)",32,0,0,24,0,128,"SQ_INSTS_SALU",20880.000000,2908563249653,2908563298785
67,67,"Agent 1",1,22397,22397,1280,2,"c_f16x2(float*, long long*, int)",32,0,0,24,0,128,"SQ_INSTS_VALU",1313640.000000,2908563249653,2908563298785
67,67,"Agent 1",1,22397,22397,1280,2,"c_f16x2(float*, long long*, int)",32,0,0,24,0,128,"SQ_WAVES",40.000000,2908563249653,2908563298785
68,68,"Agent 1",1,22397,22397,1280,2,"c_f16x2(float*, long long*, int)",32,0,0,24,0,128,"SQ_INSTS_SALU",20880.000000,2908563324753,2908563373765
68,68,"Agent 1",1,22397,22397,1280,2,"c_f16x2(float*, long long*, int)",32,0,0,24,0,128,"SQ_INSTS_VALU",1313640.000000,2908563324753,2908563373765
68,68,"Agent 1",1,22397,22397,1280,2,"c_f16x2(float*, long long*, int)",32,0,0,24,0,128,"SQ_WAVES",40.000000,2908563324753,2908563373765
69,69,"Agent 1",1,22397,22397,1280,2,"c_f16x2(float*, long long*, int)",32,0,0,24,0,128,"SQ_INSTS_SALU",20880.000000,2908563399133,2908563448185
69,69,"Agent 1",1,22397,22397,1280,2,"c_f16x2(float*, long long*, int)",32,0,0,24,0,128,"SQ_INSTS_VALU",1313640.000000,2908563399133,2908563448185
69,69,"Agent 1",1,22397,22397,1280,2,"c_f16x2(float*, long long*, int)",32,0,0,24,0,128,"SQ_WAVES",40.000000,2908563399133,2908563448185
70,70,"Agent 1",1,22397,22397,1280,2,"c_f16x2(float*, long long*, int)",32,0,0,24,0,128,"SQ_INSTS_SALU",20880.000000,2908563473793,2908563522805
70,70,"Agent 1",1,22397,22397,1280,2,"c_f16x2(float*, long long*, int)",32,0,0,24,0,128,"SQ_INSTS_VALU",1313640.000000,2908563473793,2908563522805
70,70,"Agent 1",1,22397,22397,1280,2,"c_f16x2(float*, long long*, int)",32,0,0,24,0,128,"SQ_WAVES",40.000000,2908563473793,2908563522805
71,71,"Agent 1",1,22397,22397,1280,2,"c_f16x2(float*, long long*, int)",32,0,0,24,0,128,"SQ_INSTS_SALU",20880.000000,2908563571816,2908563620908
71,71,"Agent 1",1,22397,22397,1280,2,"c_f16x2(float*, long long*, int)",32,0,0,24,0,128,"SQ_INSTS_VALU",1313640.000000,2908563571816,2908563620908
71,71,"Agent 1",1,22397,22397,1280,2,"c_f16x2(float*, long long*, int)",32,0,0,24,0,128,"SQ_WAVES",40.000000,2908563571816,2908563620908
72,72,"Agent 1",1,22397,22397,1280,2,"c_f16x2(float*, long long*, int)",32,0,0,24,0,128,"SQ_INSTS_SALU",20880.000000,2908563646556,2908563695648
72,72,"Agent 1",1,22397,22397,1280,2,"c_f16x2(float*, long long*, int)",32,0,0,24,0,128,"SQ_INSTS_VALU",1313640.000000,2908563646556,2908563695648
72,72,"Agent 1",1,22397,22397,1280,2,"c_f16x2(float*, long long*, int)",32,0,0,24,0,128,"SQ_WAVES",40.000000,2908563646556,2908563695648
73,73,"Agent 1",1,22397,22397,1280,2,"c_f16x2(float*, long long*, int)",32,0,0,24,0,128,"SQ_INSTS_SALU",20880.000000,2908563721497,2908563770709
73,73,"Agent 1",1,22397,22397,1280,2,"c_f16x2(float*, long long*, int)",32,0,0,24,0,128,"SQ_INSTS_VALU",1313640.000000,2908563721497,2908563770709
73,73,"Agent 1",1,22397,22397,1280,2,"c_f16x2(float*, long long*, int)",32,0,0,24,0,128,"SQ_WAVES",40.000000,2908563721497,2908563770709
74,74,"Agent 1",1,22397,22397,1280,2,"c_f16x2(float*, long long*, int)",32,0,0,24,0,128,"SQ_INSTS_SALU",20880.000000,2908563795596,2908563844648
74,74,"Agent 1",1,22397,22397,1280,2,"c_f16x2(float*, long long*, int)",32,0,0,24,0,128,"SQ_INSTS_VALU",1313640.000000,2908563795596,2908563844648
74,74,"Agent 1",1,22397,22397,1280,2,"c_f16x2(float*, long long*, int)",32,0,0,24,0,128,"SQ_WAVES",40.000000,2908563795596,2908563844648
75,75,"Agent 1",1,22397,22397,512,10,"__amd_rocclr_copyBuffer",512,0,0,16,0,128,"SQ_INSTS_SALU",148.000000,2908563883841,2908563886767
75,75,"Agent 1",1,22397,22397,512,10,"__amd_rocclr_copyBuffer",512,0,0,16,0,128,"SQ_INSTS_VALU",142.000000,2908563883841,2908563886767
75,75,"Agent 1",1,22397,22397,512,10,"__amd_rocclr_copyBuffer",512,0,0,16,0,128,"SQ_WAVES",16.000000,2908563883841,2908563886767
76,76,"Agent 1",1,22397,22397,1280,3,"c_dp4a(float*, long long*, int)",32,0,0,32,0,128,"SQ_INSTS_SALU",164440.000000,2908563933534,2908564123250
76,76,"Agent 1",1,22397,22397,1280,3,"c_dp4a(float*, long long*, int)",32,0,0,32,0,128,"SQ_INSTS_VALU",7865200.000000,2908563933534,2908564123250
76,76,"Agent 1",1,22397,22397,1280,3,"c_dp4a(float*, long long*, int)",32,0,0,32,0,128,"SQ_WAVES",40.000000,2908563933534,2908564123250
77,77,"Agent 1",1,22397,22397,1280,3,"c_dp4a(float*, long long*, int)",32,0,0,32,0,128,"SQ_INSTS_SALU",183382.000000,2908564225201,2908564599583
77,77,"Agent 1",1,22397,22397,1280,3,"c_dp4a(float*, long long*, int)",32,0,0,32,0,128,"SQ_INSTS_VALU",7867552.000000,2908564225201,2908564599583
77,77,"Agent 1",1,22397,22397,1280,3,"c_dp4a(float*, long long*, int)",32,0,0,32,0,128,"SQ_WAVES",82.000000,2908564225201,2908564599583
78,78,"Agent 1",1,22397,22397,1280,3,"c_dp4a(float*, long long*, int)",32,0,0,32,0,128,"SQ_INSTS_SALU",164440.000000,2908564629839,2908564943547
78,78,"Agent 1",1,22397,22397,1280,3,"c_dp4a(float*, long long*, int)",32,0,0,32,0,128,"SQ_INSTS_VALU",7865200.000000,2908564629839,2908564943547
78,78,"Agent 1",1,22397,22397,1280,3,"c_dp4a(float*, long long*, int)",32,0,0,32,0,128,"SQ_WAVES",40.000000,2908564629839,2908564943547
79,79,"Agent 1",1,22397,22397,1280,3,"c_dp4a(float*, long long*, int)",32,0,0,32,0,128,"SQ_INSTS_SALU",164440.000000,2908564973082,2908565285708
79,79,"Agent 1",1,22397,22397,1280,3,"c_dp4a(float*, long long*, int)",32,0,0,32,0,128,"SQ_INSTS_VALU",7865200.000000,2908564973082,2908565285708
79,79,"Agent 1",1,22397,22397,1280,3,"c_dp4a(float*, long long*, int)",32,0,0,32,0,128,"SQ_WAVES",40.000000,2908564973082,2908565285708
80,80,"Agent 1",1,22397,22397,1280,3,"c_dp4a(float*, long long*, int)",32,0,0,32,0,128,"SQ_INSTS_SALU",164440.000000,2908565313681,2908565626467
80,80,"Agent 1",1,22397,22397,1280,3,"c_dp4a(float*, long long*, int)",32,0,0,32,0,128,"SQ_INSTS_VALU",7865200.000000,2908565313681,2908565626467
80,80,"Agent 1",1,22397,22397,1280,3,"c_dp4a(float*, long long*, int)",32,0,0,32,0,128,"SQ_WAVES",40.000000,2908565313681,2908565626467
81,81,"Agent 1",1,22397,22397,1280,3,"c_dp4a(float*, long long*, int)",32,0,0,32,0,128,"SQ_INSTS_SALU",164440.000000,2908565652396,2908565965021
81,81,"Agent 1",1,22397,22397,1280,3,"c_dp4a(float*, long long*, int)",32,0,0,32,0,128,"SQ_INSTS_VALU",7865200.000000,2908565652396,2908565965021
81,81,"Agent 1",1,22397,22397,1280,3,"c_dp4a(float*, long long*, int)",32,0,0,32,0,128,"SQ_WAVES",40.000000,2908565652396,2908565965021
82,82,"Agent 1",1,22397,22397,1280,3,"c_dp4a(float*, long long*, int)",32,0,0,32,0,128,"SQ_INSTS_SALU",164440.000000,2908565993515,2908566306061
82,82,"Agent 1",1,22397,22397,1280,3,"c_dp4a(float*, long long*, int)",32,0,0,32,0,128,"SQ_INSTS_VALU",7865200.000000,2908565993515,2908566306061
82,82,"Agent 1",1,22397,22397,1280,3,"c_dp4a(float*, long long*, int)",32,0,0,32,0,128,"SQ_WAVES",40.000000,2908565993515,2908566306061
83,83,"Agent 1",1,22397,22397,1280,3,"c_dp4a(float*, long long*, int)",32,0,0,32,0,128,"SQ_INSTS_SALU",164440.000000,2908566332911,2908566645937
83,83,"Agent 1",1,22397,22397,1280,3,"c_dp4a(float*, long long*, int)",32,0,0,32,0,128,"SQ_INSTS_VALU",7865200.000000,2908566332911,2908566645937
83,83,"Agent 1",1,22397,22397,1280,3,"c_dp4a(float*, long long*, int)",32,0,0,32,0,128,"SQ_WAVES",40.000000,2908566332911,2908566645937
84,84,"Agent 1",1,22397,22397,1280,3,"c_dp4a(float*, long long*, int)",32,0,0,32,0,128,"SQ_INSTS_SALU",164440.000000,2908566675633,2908566988419
84,84,"Agent 1",1,22397,22397,1280,3,"c_dp4a(float*, long long*, int)",32,0,0,32,0,128,"SQ_INSTS_VALU",7865200.000000,2908566675633,2908566988419
84,84,"Agent 1",1,22397,22397,1280,3,"c_dp4a(float*, long long*, int)",32,0,0,32,0,128,"SQ_WAVES",40.000000,2908566675633,2908566988419
85,85,"Agent 1",1,22397,22397,1280,3,"c_dp4a(float*, long long*, int)",32,0,0,32,0,128,"SQ_INSTS_SALU",164440.000000,2908567017033,2908567330100
85,85,"Agent 1",1,22397,22397,1280,3,"c_dp4a(float*, long long*, int)",32,0,0,32,0,128,"SQ_INSTS_VALU",7865200.000000,2908567017033,2908567330100
85,85,"Agent 1",1,22397,22397,1280,3,"c_dp4a(float*, long long*, int)",32,0,0,32,0,128,"SQ_WAVES",40.000000,2908567017033,2908567330100
86,86,"Agent 1",1,22397,22397,1280,3,"c_dp4a(float*, long long*, int)",32,0,0,32,0,128,"SQ_INSTS_SALU",164440.000000,2908567357030,2908567669616
86,86,"Agent 1",1,22397,22397,1280,3,"c_dp4a(float*, long long*, int)",32,0,0,32,0,128,"SQ_INSTS_VALU",7865200.000000,2908567357030,2908567669616
86,86,"Agent 1",1,22397,22397,1280,3,"c_dp4a(float*, long long*, int)",32,0,0,32,0,128,"SQ_WAVES",40.000000,2908567357030,2908567669616
87,87,"Agent 1",1,22397,22397,1280,3,"c_dp4a(float*, long long*, int)",32,0,0,32,0,128,"SQ_INSTS_SALU",164440.000000,2908567698230,2908568010895
87,87,"Agent 1",1,22397,22397,1280,3,"c_dp4a(float*, long long*, int)",32,0,0,32,0,128,"SQ_INSTS_VALU",7865200.000000,2908567698230,2908568010895
87,87,"Agent 1",1,22397,22397,1280,3,"c_dp4a(float*, long long*, int)",32,0,0,32,0,128,"SQ_WAVES",40.000000,2908567698230,2908568010895
88,88,"Agent 1",1,22397,22397,1280,3,"c_dp4a(float*, long long*, int)",32,0,0,32,0,128,"SQ_INSTS_SALU",164440.000000,2908568038026,2908568350853
88,88,"Agent 1",1,22397,22397,1280,3,"c_dp4a(float*, long long*, int)",32,0,0,32,0,128,"SQ_INSTS_VALU",7865200.000000,2908568038026,2908568350853
88,88,"Agent 1",1,22397,22397,1280,3,"c_dp4a(float*, long long*, int)",32,0,0,32,0,128,"SQ_WAVES",40.000000,2908568038026,2908568350853
89,89,"Agent 1",1,22397,22397,1280,3,"c_dp4a(float*, long long*, int)",32,0,0,32,0,128,"SQ_INSTS_SALU",164440.000000,2908568377422,2908568690128
89,89,"Agent 1",1,22397,22397,1280,3,"c_dp4a(float*, long long*, int)",32,0,0,32,0,128,"SQ_INSTS_VALU",7865200.000000,2908568377422,2908568690128
89,89,"Agent 1",1,22397,22397,1280,3,"c_dp4a(float*, long long*, int)",32,0,0,32,0,128,"SQ_WAVES",40.000000,2908568377422,2908568690128
90,90,"Agent 1",1,22397,22397,1280,3,"c_dp4a(float*, long long*, int)",32,0,0,32,0,128,"SQ_INSTS_SALU",164440.000000,2908568717460,2908569030085
90,90,"Agent 1",1,22397,22397,1280,3,"c_dp4a(float*, long long*, int)",32,0,0,32,0,128,"SQ_INSTS_VALU",7865200.000000,2908568717460,2908569030085
90,90,"Agent 1",1,22397,22397,1280,3,"c_dp4a(float*, long long*, int)",32,0,0,32,0,128,"SQ_WAVES",40.000000,2908568717460,2908569030085
91,91,"Agent 1",1,22397,22397,1280,3,"c_dp4a(float*, long long*, int)",32,0,0,32,0,128,"SQ_INSTS_SALU",164440.000000,2908569057617,2908569370283
91,91,"Agent 1",1,22397,22397,1280,3,"c_dp4a(float*, long long*, int)",32,0,0,32,0,128,"SQ_INSTS_VALU",7865200.000000,2908569057617,2908569370283
91,91,"Agent 1",1,22397,22397,1280,3,"c_dp4a(float*, long long*, int)",32,0,0,32,0,128,"SQ_WAVES",40.000000,2908569057617,2908569370283
92,92,"Agent 1",1,22397,22397,1280,3,"c_dp4a(float*, long long*, int)",32,0,0,32,0,128,"SQ_INSTS_SALU",164440.000000,2908569397133,2908569709879
92,92,"Agent 1",1,22397,22397,1280,3,"c_dp4a(float*, long long*, int)",32,0,0,32,0,128,"SQ_INSTS_VALU",7865200.000000,2908569397133,2908569709879
92,92,"Agent 1",1,22397,22397,1280,3,"c_dp4a(float*, long long*, int)",32,0,0,32,0,128,"SQ_WAVES",40.000000,2908569397133,2908569709879
93,93,"Agent 1",1,22397,22397,1280,3,"c_dp4a(float*, long long*, int)",32,0,0,32,0,128,"SQ_INSTS_SALU",164440.000000,2908569736890,2908570049957
93,93,"Agent 1",1,22397,22397,1280,3,"c_dp4a(float*, long long*, int)",32,0,0,32,0,128,"SQ_INSTS_VALU",7865200.000000,2908569736890,2908570049957
93,93,"Agent 1",1,22397,22397,1280,3,"c_dp4a(float*, long long*, int)",32,0,0,32,0,128,"SQ_WAVES",40.000000,2908569736890,2908570049957
94,94,"Agent 1",1,22397,22397,1280,3,"c_dp4a(float*, long long*, int)",32,0,0,32,0,128,"SQ_INSTS_SALU",164440.000000,2908570077007,2908570389593
94,94,"Agent 1",1,22397,22397,1280,3,"c_dp4a(float*, long long*, int)",32,0,0,32,0,128,"SQ_INSTS_VALU",7865200.000000,2908570077007,2908570389593
94,94,"Agent 1",1,22397,22397,1280,3,"c_dp4a(float*, long long*, int)",32,0,0,32,0,128,"SQ_WAVES",40.000000,2908570077007,2908570389593
95,95,"Agent 1",1,22397,22397,1280,3,"c_dp4a(float*, long long*, int)",32,0,0,32,0,128,"SQ_INSTS_SALU",164440.000000,2908570416404,2908570729029
95,95,"Agent 1",1,22397,22397,1280,3,"c_dp4a(float*, long long*, int)",32,0,0,32,0,128,"SQ_INSTS_VALU",7865200.000000,2908570416404,2908570729029
95,95,"Agent 1",1,22397,22397,1280,3,"c_dp4a(float*, long long*, int)",32,0,0,32,0,128,"SQ_WAVES",40.000000,2908570416404,2908570729029
96,96,"Agent 1",1,22397,22397,1280,3,"c_dp4a(float*, long long*, int)",32,0,0,32,0,128,"SQ_INSTS_SALU",164440.000000,2908570798359,2908571110945
96,96,"Agent 1",1,22397,22397,1280,3,"c_dp4a(float*, long long*, int)",32,0,0,32,0,128,"SQ_INSTS_VALU",7865200.000000,2908570798359,2908571110945
96,96,"Agent 1",1,22397,22397,1280,3,"c_dp4a(float*, long long*, int)",32,0,0,32,0,128,"SQ_WAVES",40.000000,2908570798359,2908571110945
97,97,"Agent 1",1,22397,22397,1280,3,"c_dp4a(float*, long long*, int)",32,0,0,32,0,128,"SQ_INSTS_SALU",164440.000000,2908571136994,2908571449660
97,97,"Agent 1",1,22397,22397,1280,3,"c_dp4a(float*, long long*, int)",32,0,0,32,0,128,"SQ_INSTS_VALU",7865200.000000,2908571136994,2908571449660
97,97,"Agent 1",1,22397,22397,1280,3,"c_dp4a(float*, long long*, int)",32,0,0,32,0,128,"SQ_WAVES",40.000000,2908571136994,2908571449660
98,98,"Agent 1",1,22397,22397,1280,3,"c_dp4a(float*, long long*, int)",32,0,0,32,0,128,"SQ_INSTS_SALU",164440.000000,2908571476190,2908571789056
98,98,"Agent 1",1,22397,22397,1280,3,"c_dp4a(float*, long long*, int)",32,0,0,32,0,128,"SQ_INSTS_VALU",7865200.000000,2908571476190,2908571789056
98,98,"Agent 1",1,22397,22397,1280,3,"c_dp4a(float*, long long*, int)",32,0,0,32,0,128,"SQ_WAVES",40.000000,2908571476190,2908571789056
99,99,"Agent 1",1,22397,22397,1280,3,"c_dp4a(float*, long long*, int)",32,0,0,32,0,128,"SQ_INSTS_SALU",164440.000000,2908571815706,2908572128853
99,99,"Agent 1",1,22397,22397,1280,3,"c_dp4a(float*, long long*, int)",32,0,0,32,0,128,"SQ_INSTS_VALU",7865200.000000,2908571815706,2908572128853
99,99,"Agent 1",1,22397,22397,1280,3,"c_dp4a(float*, long long*, int)",32,0,0,32,0,128,"SQ_WAVES",40.000000,2908571815706,2908572128853
100,100,"Agent 1",1,22397,22397,512,10,"__amd_rocclr_copyBuffer",512,0,0,16,0,128,"SQ_INSTS_SALU",148.000000,2908572168206,2908572171252
100,100,"Agent 1",1,22397,22397,512,10,"__amd_rocclr_copyBuffer",512,0,0,16,0,128,"SQ_INSTS_VALU",142.000000,2908572168206,2908572171252
100,100,"Agent 1",1,22397,22397,512,10,"__amd_rocclr_copyBuffer",512,0,0,16,0,128,"SQ_WAVES",16.000000,2908572168206,2908572171252
101,101,"Agent 1",1,22397,22397,5120,5,"c_f32(float*, long long*, int)",32,0,0,24,0,128,"SQ_INSTS_SALU",83680.000000,2908572218220,2908572290836
101,101,"Agent 1",1,22397,22397,5120,5,"c_f32(float*, long long*, int)",32,0,0,24,0,128,"SQ_INSTS_VALU",5249280.000000,2908572218220,2908572290836
101,101,"Agent 1",1,22397,22397,5120,5,"c_f32(float*, long long*, int)",32,0,0,24,0,128,"SQ_WAVES",160.000000,2908572218220,2908572290836
102,102,"Agent 1",1,22397,22397,5120,5,"c_f32(float*, long long*, int)",32,0,0,24,0,128,"SQ_INSTS_SALU",83680.000000,2908572319690,2908572390824
102,102,"Agent 1",1,22397,22397,5120,5,"c_f32(float*, long long*, int)",32,0,0,24,0,128,"SQ_INSTS_VALU",5249280.000000,2908572319690,2908572390824
102,102,"Agent 1",1,22397,22397,5120,5,"c_f32(float*, long long*, int)",32,0,0,24,0,128,"SQ_WAVES",160.000000,2908572319690,2908572390824
103,103,"Agent 1",1,22397,22397,5120,5,"c_f32(float*, long long*, int)",32,0,0,24,0,128,"SQ_INSTS_SALU",83680.000000,2908572417434,2908572488647
103,103,"Agent 1",1,22397,22397,5120,5,"c_f32(float*, long long*, int)",32,0,0,24,0,128,"SQ_INSTS_VALU",5249280.000000,2908572417434,2908572488647
103,103,"Agent 1",1,22397,22397,5120,5,"c_f32(float*, long long*, int)",32,0,0,24,0,128,"SQ_WAVES",160.000000,2908572417434,2908572488647
104,104,"Agent 1",1,22397,22397,5120,5,"c_f32(float*, long long*, int)",32,0,0,24,0,128,"SQ_INSTS_SALU",83680.000000,2908572518062,2908572589195
104,104,"Agent 1",1,22397,22397,5120,5,"c_f32(float*, long long*, int)",32,0,0,24,0,128,"SQ_INSTS_VALU",5249280.000000,2908572518062,2908572589195
104,104,"Agent 1",1,22397,22397,5120,5,"c_f32(float*, long long*, int)",32,0,0,24,0,128,"SQ_WAVES",160.000000,2908572518062,2908572589195
105,105,"Agent 1",1,22397,22397,5120,5,"c_f32(float*, long long*, int)",32,0,0,24,0,128,"SQ_INSTS_SALU",83680.000000,2908572616727,2908572688061
105,105,"Agent 1",1,22397,22397,5120,5,"c_f32(float*, long long*, int)",32,0,0,24,0,128,"SQ_INSTS_VALU",5249280.000000,2908572616727,2908572688061
105,105,"Agent 1",1,22397,22397,5120,5,"c_f32(float*, long long*, int)",32,0,0,24,0,128,"SQ_WAVES",160.000000,2908572616727,2908572688061
106,106,"Agent 1",1,22397,22397,5120,5,"c_f32(float*, long long*, int)",32,0,0,24,0,128,"SQ_INSTS_SALU",83680.000000,2908572718117,2908572789290
106,106,"Agent 1",1,22397,22397,5120,5,"c_f32(float*, long long*, int)",32,0,0,24,0,128,"SQ_INSTS_VALU",5249280.000000,2908572718117,2908572789290
106,106,"Agent 1",1,22397,22397,5120,5,"c_f32(float*, long long*, int)",32,0,0,24,0,128,"SQ_WAVES",160.000000,2908572718117,2908572789290
107,107,"Agent 1",1,22397,22397,5120,5,"c_f32(float*, long long*, int)",32,0,0,24,0,128,"SQ_INSTS_SALU",83680.000000,2908572815459,2908572886593
107,107,"Agent 1",1,22397,22397,5120,5,"c_f32(float*, long long*, int)",32,0,0,24,0,128,"SQ_INSTS_VALU",5249280.000000,2908572815459,2908572886593
107,107,"Agent 1",1,22397,22397,5120,5,"c_f32(float*, long long*, int)",32,0,0,24,0,128,"SQ_WAVES",160.000000,2908572815459,2908572886593
108,108,"Agent 1",1,22397,22397,5120,5,"c_f32(float*, long long*, int)",32,0,0,24,0,128,"SQ_INSTS_SALU",83680.000000,2908572914605,2908572985698
108,108,"Agent 1",1,22397,22397,5120,5,"c_f32(float*, long long*, int)",32,0,0,24,0,128,"SQ_INSTS_VALU",5249280.000000,2908572914605,2908572985698
108,108,"Agent 1",1,22397,22397,5120,5,"c_f32(float*, long long*, int)",32,0,0,24,0,128,"SQ_WAVES",160.000000,2908572914605,2908572985698
109,109,"Agent 1",1,22397,22397,5120,5,"c_f32(float*, long long*, int)",32,0,0,24,0,128,"SQ_INSTS_SALU",83680.000000,2908573016636,2908573087930
109,109,"Agent 1",1,22397,22397,5120,5,"c_f32(float*, long long*, int)",32,0,0,24,0,128,"SQ_INSTS_VALU",5249280.000000,2908573016636,2908573087930
109,109,"Agent 1",1,22397,22397,5120,5,"c_f32(float*, long long*, int)",32,0,0,24,0,128,"SQ_WAVES",160.000000,2908573016636,2908573087930
110,110,"Agent 1",1,22397,22397,5120,5,"c_f32(float*, long long*, int)",32,0,0,24,0,128,"SQ_INSTS_SALU",83680.000000,2908573113298,2908573184431
110,110,"Agent 1",1,22397,22397,5120,5,"c_f32(float*, long long*, int)",32,0,0,24,0,128,"SQ_INSTS_VALU",5249280.000000,2908573113298,2908573184431
110,110,"Agent 1",1,22397,22397,5120,5,"c_f32(float*, long long*, int)",32,0,0,24,0,128,"SQ_WAVES",160.000000,2908573113298,2908573184431
111,111,"Agent 1",1,22397,22397,5120,5,"c_f32(float*, long long*, int)",32,0,0,24,0,128,"SQ_INSTS_SALU",83680.000000,2908573212443,2908573283577
111,111,"Agent 1",1,22397,22397,5120,5,"c_f32(float*, long long*, int)",32,0,0,24,0,128,"SQ_INSTS_VALU",5249280.000000,2908573212443,2908573283577
111,111,"Agent 1",1,22397,22397,5120,5,"c_f32(float*, long long*, int)",32,0,0,24,0,128,"SQ_WAVES",160.000000,2908573212443,2908573283577
112,112,"Agent 1",1,22397,22397,5120,5,"c_f32(float*, long long*, int)",32,0,0,24,0,128,"SQ_INSTS_SALU",83680.000000,2908573309986,2908573381160
112,112,"Agent 1",1,22397,22397,5120,5,"c_f32(float*, long long*, int)",32,0,0,24,0,128,"SQ_INSTS_VALU",5249280.000000,2908573309986,2908573381160
112,112,"Agent 1",1,22397,22397,5120,5,"c_f32(float*, long long*, int)",32,0,0,24,0,128,"SQ_WAVES",160.000000,2908573309986,2908573381160
113,113,"Agent 1",1,22397,22397,5120,5,"c_f32(float*, long long*, int)",32,0,0,24,0,128,"SQ_INSTS_SALU",83680.000000,2908573407248,2908573478582
113,113,"Agent 1",1,22397,22397,5120,5,"c_f32(float*, long long*, int)",32,0,0,24,0,128,"SQ_INSTS_VALU",5249280.000000,2908573407248,2908573478582
113,113,"Agent 1",1,22397,22397,5120,5,"c_f32(float*, long long*, int)",32,0,0,24,0,128,"SQ_WAVES",160.000000,2908573407248,2908573478582
114,114,"Agent 1",1,22397,22397,5120,5,"c_f32(float*, long long*, int)",32,0,0,24,0,128,"SQ_INSTS_SALU",83680.000000,2908573504791,2908573575925
114,114,"Agent 1",1,22397,22397,5120,5,"c_f32(float*, long long*, int)",32,0,0,24,0,128,"SQ_INSTS_VALU",5249280.000000,2908573504791,2908573575925
114,114,"Agent 1",1,22397,22397,5120,5,"c_f32(float*, long long*, int)",32,0,0,24,0,128,"SQ_WAVES",160.000000,2908573504791,2908573575925
115,115,"Agent 1",1,22397,22397,5120,5,"c_f32(float*, long long*, int)",32,0,0,24,0,128,"SQ_INSTS_SALU",83680.000000,2908573602454,2908573673588
115,115,"Agent 1",1,22397,22397,5120,5,"c_f32(float*, long long*, int)",32,0,0,24,0,128,"SQ_INSTS_VALU",5249280.000000,2908573602454,2908573673588
115,115,"Agent 1",1,22397,22397,5120,5,"c_f32(float*, long long*, int)",32,0,0,24,0,128,"SQ_WAVES",160.000000,2908573602454,2908573673588
116,116,"Agent 1",1,22397,22397,5120,5,"c_f32(float*, long long*, int)",32,0,0,24,0,128,"SQ_INSTS_SALU",83680.000000,2908573699436,2908573770609
116,116,"Agent 1",1,22397,22397,5120,5,"c_f32(float*, long long*, int)",32,0,0,24,0,128,"SQ_INSTS_VALU",5249280.000000,2908573699436,2908573770609
116,116,"Agent 1",1,22397,22397,5120,5,"c_f32(float*, long long*, int)",32,0,0,24,0,128,"SQ_WAVES",160.000000,2908573699436,2908573770609
117,117,"Agent 1",1,22397,22397,5120,5,"c_f32(float*, long long*, int)",32,0,0,24,0,128,"SQ_INSTS_SALU",83680.000000,2908573796578,2908573867832
117,117,"Agent 1",1,22397,22397,5120,5,"c_f32(float*, long long*, int)",32,0,0,24,0,128,"SQ_INSTS_VALU",5249280.000000,2908573796578,2908573867832
117,117,"Agent 1",1,22397,22397,5120,5,"c_f32(float*, long long*, int)",32,0,0,24,0,128,"SQ_WAVES",160.000000,2908573796578,2908573867832
118,118,"Agent 1",1,22397,22397,5120,5,"c_f32(float*, long long*, int)",32,0,0,24,0,128,"SQ_INSTS_SALU",83680.000000,2908573894121,2908573965334
118,118,"Agent 1",1,22397,22397,5120,5,"c_f32(float*, long long*, int)",32,0,0,24,0,128,"SQ_INSTS_VALU",5249280.000000,2908573894121,2908573965334
118,118,"Agent 1",1,22397,22397,5120,5,"c_f32(float*, long long*, int)",32,0,0,24,0,128,"SQ_WAVES",160.000000,2908573894121,2908573965334
119,119,"Agent 1",1,22397,22397,5120,5,"c_f32(float*, long long*, int)",32,0,0,24,0,128,"SQ_INSTS_SALU",83680.000000,2908573990421,2908574061515
119,119,"Agent 1",1,22397,22397,5120,5,"c_f32(float*, long long*, int)",32,0,0,24,0,128,"SQ_INSTS_VALU",5249280.000000,2908573990421,2908574061515
119,119,"Agent 1",1,22397,22397,5120,5,"c_f32(float*, long long*, int)",32,0,0,24,0,128,"SQ_WAVES",160.000000,2908573990421,2908574061515
120,120,"Agent 1",1,22397,22397,5120,5,"c_f32(float*, long long*, int)",32,0,0,24,0,128,"SQ_INSTS_SALU",83680.000000,2908574086842,2908574157975
120,120,"Agent 1",1,22397,22397,5120,5,"c_f32(float*, long long*, int)",32,0,0,24,0,128,"SQ_INSTS_VALU",5249280.000000,2908574086842,2908574157975
120,120,"Agent 1",1,22397,22397,5120,5,"c_f32(float*, long long*, int)",32,0,0,24,0,128,"SQ_WAVES",160.000000,2908574086842,2908574157975
121,121,"Agent 1",1,22397,22397,5120,5,"c_f32(float*, long long*, int)",32,0,0,24,0,128,"SQ_INSTS_SALU",83680.000000,2908574208470,2908574279603
121,121,"Agent 1",1,22397,22397,5120,5,"c_f32(float*, long long*, int)",32,0,0,24,0,128,"SQ_INSTS_VALU",5249280.000000,2908574208470,2908574279603
121,121,"Agent 1",1,22397,22397,5120,5,"c_f32(float*, long long*, int)",32,0,0,24,0,128,"SQ_WAVES",160.000000,2908574208470,2908574279603
122,122,"Agent 1",1,22397,22397,5120,5,"c_f32(float*, long long*, int)",32,0,0,24,0,128,"SQ_INSTS_SALU",83680.000000,2908574305251,2908574376425
122,122,"Agent 1",1,22397,22397,5120,5,"c_f32(float*, long long*, int)",32,0,0,24,0,128,"SQ_INSTS_VALU",5249280.000000,2908574305251,2908574376425
122,122,"Agent 1",1,22397,22397,5120,5,"c_f32(float*, long long*, int)",32,0,0,24,0,128,"SQ_WAVES",160.000000,2908574305251,2908574376425
123,123,"Agent 1",1,22397,22397,5120,5,"c_f32(float*, long long*, int)",32,0,0,24,0,128,"SQ_INSTS_SALU",83680.000000,2908574401552,2908574472926
123,123,"Agent 1",1,22397,22397,5120,5,"c_f32(float*, long long*, int)",32,0,0,24,0,128,"SQ_INSTS_VALU",5249280.000000,2908574401552,2908574472926
123,123,"Agent 1",1,22397,22397,5120,5,"c_f32(float*, long long*, int)",32,0,0,24,0,128,"SQ_WAVES",160.000000,2908574401552,2908574472926
124,124,"Agent 1",1,22397,22397,5120,5,"c_f32(float*, long long*, int)",32,0,0,24,0,128,"SQ_INSTS_SALU",83680.000000,2908574498574,2908574569827
124,124,"Agent 1",1,22397,22397,5120,5,"c_f32(float*, long long*, int)",32,0,0,24,0,128,"SQ_INSTS_VALU",5249280.000000,2908574498574,2908574569827
124,124,"Agent 1",1,22397,22397,5120,5,"c_f32(float*, long long*, int)",32,0,0,24,0,128,"SQ_WAVES",160.000000,2908574498574,2908574569827
125,125,"Agent 1",1,22397,22397,512,10,"__amd_rocclr_copyBuffer",512,0,0,16,0,128,"SQ_INSTS_SALU",156.000000,2908574608379,2908574610944
125,125,"Agent 1",1,22397,22397,512,10,"__amd_rocclr_copyBuffer",512,0,0,16,0,128,"SQ_INSTS_VALU",170.000000,2908574608379,2908574610944
125,125,"Agent 1",1,22397,22397,512,10,"__amd_rocclr_copyBuffer",512,0,0,16,0,128,"SQ_WAVES",16.000000,2908574608379,2908574610944
126,126,"Agent 1",1,22397,22397,5120,4,"c_f16(float*, long long*, int)",32,0,0,24,0,128,"SQ_INSTS_SALU",83520.000000,2908574658473,2908574731410
126,126,"Agent 1",1,22397,22397,5120,4,"c_f16(float*, long long*, int)",32,0,0,24,0,128,"SQ_INSTS_VALU",5252000.000000,2908574658473,2908574731410
126,126,"Agent 1",1,22397,22397,5120,4,"c_f16(float*, long long*, int)",32,0,0,24,0,128,"SQ_WAVES",160.000000,2908574658473,2908574731410
127,127,"Agent 1",1,22397,22397,5120,4,"c_f16(float*, long long*, int)",32,0,0,24,0,128,"SQ_INSTS_SALU",83520.000000,2908574757419,2908574829153
127,127,"Agent 1",1,22397,22397,5120,4,"c_f16(float*, long long*, int)",32,0,0,24,0,128,"SQ_INSTS_VALU",5252000.000000,2908574757419,2908574829153
127,127,"Agent 1",1,22397,22397,5120,4,"c_f16(float*, long long*, int)",32,0,0,24,0,128,"SQ_WAVES",160.000000,2908574757419,2908574829153
128,128,"Agent 1",1,22397,22397,5120,4,"c_f16(float*, long long*, int)",32,0,0,24,0,128,"SQ_INSTS_SALU",83520.000000,2908574858168,2908574930022
128,128,"Agent 1",1,22397,22397,5120,4,"c_f16(float*, long long*, int)",32,0,0,24,0,128,"SQ_INSTS_VALU",5252000.000000,2908574858168,2908574930022
128,128,"Agent 1",1,22397,22397,5120,4,"c_f16(float*, long long*, int)",32,0,0,24,0,128,"SQ_WAVES",160.000000,2908574858168,2908574930022
129,129,"Agent 1",1,22397,22397,5120,4,"c_f16(float*, long long*, int)",32,0,0,24,0,128,"SQ_INSTS_SALU",83520.000000,2908574957674,2908575029489
129,129,"Agent 1",1,22397,22397,5120,4,"c_f16(float*, long long*, int)",32,0,0,24,0,128,"SQ_INSTS_VALU",5252000.000000,2908574957674,2908575029489
129,129,"Agent 1",1,22397,22397,5120,4,"c_f16(float*, long long*, int)",32,0,0,24,0,128,"SQ_WAVES",160.000000,2908574957674,2908575029489
130,130,"Agent 1",1,22397,22397,5120,4,"c_f16(float*, long long*, int)",32,0,0,24,0,128,"SQ_INSTS_SALU",83520.000000,2908575056139,2908575128073
130,130,"Agent 1",1,22397,22397,5120,4,"c_f16(float*, long long*, int)",32,0,0,24,0,128,"SQ_INSTS_VALU",5252000.000000,2908575056139,2908575128073
130,130,"Agent 1",1,22397,22397,5120,4,"c_f16(float*, long long*, int)",32,0,0,24,0,128,"SQ_WAVES",160.000000,2908575056139,2908575128073
131,131,"Agent 1",1,22397,22397,5120,4,"c_f16(float*, long long*, int)",32,0,0,24,0,128,"SQ_INSTS_SALU",83520.000000,2908575155084,2908575226899
131,131,"Agent 1",1,22397,22397,5120,4,"c_f16(float*, long long*, int)",32,0,0,24,0,128,"SQ_INSTS_VALU",5252000.000000,2908575155084,2908575226899
131,131,"Agent 1",1,22397,22397,5120,4,"c_f16(float*, long long*, int)",32,0,0,24,0,128,"SQ_WAVES",160.000000,2908575155084,2908575226899
132,132,"Agent 1",1,22397,22397,5120,4,"c_f16(float*, long long*, int)",32,0,0,24,0,128,"SQ_INSTS_SALU",83520.000000,2908575255873,2908575327647
132,132,"Agent 1",1,22397,22397,5120,4,"c_f16(float*, long long*, int)",32,0,0,24,0,128,"SQ_INSTS_VALU",5252000.000000,2908575255873,2908575327647
132,132,"Agent 1",1,22397,22397,5120,4,"c_f16(float*, long long*, int)",32,0,0,24,0,128,"SQ_WAVES",160.000000,2908575255873,2908575327647
133,133,"Agent 1",1,22397,22397,5120,4,"c_f16(float*, long long*, int)",32,0,0,24,0,128,"SQ_INSTS_SALU",83520.000000,2908575354738,2908575426513
133,133,"Agent 1",1,22397,22397,5120,4,"c_f16(float*, long long*, int)",32,0,0,24,0,128,"SQ_INSTS_VALU",5252000.000000,2908575354738,2908575426513
133,133,"Agent 1",1,22397,22397,5120,4,"c_f16(float*, long long*, int)",32,0,0,24,0,128,"SQ_WAVES",160.000000,2908575354738,2908575426513
134,134,"Agent 1",1,22397,22397,5120,4,"c_f16(float*, long long*, int)",32,0,0,24,0,128,"SQ_INSTS_SALU",83520.000000,2908575453764,2908575525739
134,134,"Agent 1",1,22397,22397,5120,4,"c_f16(float*, long long*, int)",32,0,0,24,0,128,"SQ_INSTS_VALU",5252000.000000,2908575453764,2908575525739
134,134,"Agent 1",1,22397,22397,5120,4,"c_f16(float*, long long*, int)",32,0,0,24,0,128,"SQ_WAVES",160.000000,2908575453764,2908575525739
135,135,"Agent 1",1,22397,22397,5120,4,"c_f16(float*, long long*, int)",32,0,0,24,0,128,"SQ_INSTS_SALU",83520.000000,2908575552789,2908575624484
135,135,"Agent 1",1,22397,22397,5120,4,"c_f16(float*, long long*, int)",32,0,0,24,0,128,"SQ_INSTS_VALU",5252000.000000,2908575552789,2908575624484
135,135,"Agent 1",1,22397,22397,5120,4,"c_f16(float*, long long*, int)",32,0,0,24,0,128,"SQ_WAVES",160.000000,2908575552789,2908575624484
136,136,"Agent 1",1,22397,22397,5120,4,"c_f16(float*, long long*, int)",32,0,0,24,0,128,"SQ_INSTS_SALU",83520.000000,2908575650933,2908575722708
136,136,"Agent 1",1,22397,22397,5120,4,"c_f16(float*, long long*, int)",32,0,0,24,0,128,"SQ_INSTS_VALU",5252000.000000,2908575650933,2908575722708
136,136,"Agent 1",1,22397,22397,5120,4,"c_f16(float*, long long*, int)",32,0,0,24,0,128,"SQ_WAVES",160.000000,2908575650933,2908575722708
137,137,"Agent 1",1,22397,22397,5120,4,"c_f16(float*, long long*, int)",32,0,0,24,0,128,"SQ_INSTS_SALU",83520.000000,2908575750640,2908575822455
137,137,"Agent 1",1,22397,22397,5120,4,"c_f16(float*, long long*, int)",32,0,0,24,0,128,"SQ_INSTS_VALU",5252000.000000,2908575750640,2908575822455
137,137,"Agent 1",1,22397,22397,5120,4,"c_f16(float*, long long*, int)",32,0,0,24,0,128,"SQ_WAVES",160.000000,2908575750640,2908575822455
138,138,"Agent 1",1,22397,22397,5120,4,"c_f16(float*, long long*, int)",32,0,0,24,0,128,"SQ_INSTS_SALU",83520.000000,2908575849666,2908575921641
138,138,"Agent 1",1,22397,22397,5120,4,"c_f16(float*, long long*, int)",32,0,0,24,0,128,"SQ_INSTS_VALU",5252000.000000,2908575849666,2908575921641
138,138,"Agent 1",1,22397,22397,5120,4,"c_f16(float*, long long*, int)",32,0,0,24,0,128,"SQ_WAVES",160.000000,2908575849666,2908575921641
139,139,"Agent 1",1,22397,22397,5120,4,"c_f16(float*, long long*, int)",32,0,0,24,0,128,"SQ_INSTS_SALU",83520.000000,2908575948331,2908576020145
139,139,"Agent 1",1,22397,22397,5120,4,"c_f16(float*, long long*, int)",32,0,0,24,0,128,"SQ_INSTS_VALU",5252000.000000,2908575948331,2908576020145
139,139,"Agent 1",1,22397,22397,5120,4,"c_f16(float*, long long*, int)",32,0,0,24,0,128,"SQ_WAVES",160.000000,2908575948331,2908576020145
140,140,"Agent 1",1,22397,22397,5120,4,"c_f16(float*, long long*, int)",32,0,0,24,0,128,"SQ_INSTS_SALU",83520.000000,2908576047516,2908576119331
140,140,"Agent 1",1,22397,22397,5120,4,"c_f16(float*, long long*, int)",32,0,0,24,0,128,"SQ_INSTS_VALU",5252000.000000,2908576047516,2908576119331
140,140,"Agent 1",1,22397,22397,5120,4,"c_f16(float*, long long*, int)",32,0,0,24,0,128,"SQ_WAVES",160.000000,2908576047516,2908576119331
141,141,"Agent 1",1,22397,22397,5120,4,"c_f16(float*, long long*, int)",32,0,0,24,0,128,"SQ_INSTS_SALU",83520.000000,2908576146622,2908576218477
141,141,"Agent 1",1,22397,22397,5120,4,"c_f16(float*, long long*, int)",32,0,0,24,0,128,"SQ_INSTS_VALU",5252000.000000,2908576146622,2908576218477
141,141,"Agent 1",1,22397,22397,5120,4,"c_f16(float*, long long*, int)",32,0,0,24,0,128,"SQ_WAVES",160.000000,2908576146622,2908576218477
142,142,"Agent 1",1,22397,22397,5120,4,"c_f16(float*, long long*, int)",32,0,0,24,0,128,"SQ_INSTS_SALU",83520.000000,2908576244846,2908576316821
142,142,"Agent 1",1,22397,22397,5120,4,"c_f16(float*, long long*, int)",32,0,0,24,0,128,"SQ_INSTS_VALU",5252000.000000,2908576244846,2908576316821
142,142,"Agent 1",1,22397,22397,5120,4,"c_f16(float*, long long*, int)",32,0,0,24,0,128,"SQ_WAVES",160.000000,2908576244846,2908576316821
143,143,"Agent 1",1,22397,22397,5120,4,"c_f16(float*, long long*, int)",32,0,0,24,0,128,"SQ_INSTS_SALU",83520.000000,2908576342750,2908576414564
143,143,"Agent 1",1,22397,22397,5120,4,"c_f16(float*, long long*, int)",32,0,0,24,0,128,"SQ_INSTS_VALU",5252000.000000,2908576342750,2908576414564
143,143,"Agent 1",1,22397,22397,5120,4,"c_f16(float*, long long*, int)",32,0,0,24,0,128,"SQ_WAVES",160.000000,2908576342750,2908576414564
144,144,"Agent 1",1,22397,22397,5120,4,"c_f16(float*, long long*, int)",32,0,0,24,0,128,"SQ_INSTS_SALU",83520.000000,2908576440172,2908576511867
144,144,"Agent 1",1,22397,22397,5120,4,"c_f16(float*, long long*, int)",32,0,0,24,0,128,"SQ_INSTS_VALU",5252000.000000,2908576440172,2908576511867
144,144,"Agent 1",1,22397,22397,5120,4,"c_f16(float*, long long*, int)",32,0,0,24,0,128,"SQ_WAVES",160.000000,2908576440172,2908576511867
145,145,"Agent 1",1,22397,22397,5120,4,"c_f16(float*, long long*, int)",32,0,0,24,0,128,"SQ_INSTS_SALU",83520.000000,2908576537755,2908576609490
145,145,"Agent 1",1,22397,22397,5120,4,"c_f16(float*, long long*, int)",32,0,0,24,0,128,"SQ_INSTS_VALU",5252000.000000,2908576537755,2908576609490
145,145,"Agent 1",1,22397,22397,5120,4,"c_f16(float*, long long*, int)",32,0,0,24,0,128,"SQ_WAVES",160.000000,2908576537755,2908576609490
146,146,"Agent 1",1,22397,22397,5120,4,"c_f16(float*, long long*, int)",32,0,0,24,0,128,"SQ_INSTS_SALU",83520.000000,2908576661708,2908576733562
146,146,"Agent 1",1,22397,22397,5120,4,"c_f16(float*, long long*, int)",32,0,0,24,0,128,"SQ_INSTS_VALU",5252000.000000,2908576661708,2908576733562
146,146,"Agent 1",1,22397,22397,5120,4,"c_f16(float*, long long*, int)",32,0,0,24,0,128,"SQ_WAVES",160.000000,2908576661708,2908576733562
147,147,"Agent 1",1,22397,22397,5120,4,"c_f16(float*, long long*, int)",32,0,0,24,0,128,"SQ_INSTS_SALU",83520.000000,2908576760212,2908576832067
147,147,"Agent 1",1,22397,22397,5120,4,"c_f16(float*, long long*, int)",32,0,0,24,0,128,"SQ_INSTS_VALU",5252000.000000,2908576760212,2908576832067
147,147,"Agent 1",1,22397,22397,5120,4,"c_f16(float*, long long*, int)",32,0,0,24,0,128,"SQ_WAVES",160.000000,2908576760212,2908576832067
148,148,"Agent 1",1,22397,22397,5120,4,"c_f16(float*, long long*, int)",32,0,0,24,0,128,"SQ_INSTS_SALU",83520.000000,2908576857394,2908576929289
148,148,"Agent 1",1,22397,22397,5120,4,"c_f16(float*, long long*, int)",32,0,0,24,0,128,"SQ_INSTS_VALU",5252000.000000,2908576857394,2908576929289
148,148,"Agent 1",1,22397,22397,5120,4,"c_f16(float*, long long*, int)",32,0,0,24,0,128,"SQ_WAVES",160.000000,2908576857394,2908576929289
149,149,"Agent 1",1,22397,22397,5120,4,"c_f16(float*, long long*, int)",32,0,0,24,0,128,"SQ_INSTS_SALU",83520.000000,2908576954937,2908577026752
149,149,"Agent 1",1,22397,22397,5120,4,"c_f16(float*, long long*, int)",32,0,0,24,0,128,"SQ_INSTS_VALU",5252000.000000,2908576954937,2908577026752
149,149,"Agent 1",1,22397,22397,5120,4,"c_f16(float*, long long*, int)",32,0,0,24,0,128,"SQ_WAVES",160.000000,2908576954937,2908577026752
150,150,"Agent 1",1,22397,22397,512,10,"__amd_rocclr_copyBuffer",512,0,0,16,0,128,"SQ_INSTS_SALU",156.000000,2908577065144,2908577067628
150,150,"Agent 1",1,22397,22397,512,10,"__amd_rocclr_copyBuffer",512,0,0,16,0,128,"SQ_INSTS_VALU",170.000000,2908577065144,2908577067628
150,150,"Agent 1",1,22397,22397,512,10,"__amd_rocclr_copyBuffer",512,0,0,16,0,128,"SQ_WAVES",16.000000,2908577065144,2908577067628
151,151,"Agent 1",1,22397,22397,5120,2,"c_f16x2(float*, long long*, int)",32,0,0,24,0,128,"SQ_INSTS_SALU",83520.000000,2908577111991,2908577184367
151,151,"Agent 1",1,22397,22397,5120,2,"c_f16x2(float*, long long*, int)",32,0,0,24,0,128,"SQ_INSTS_VALU",5254560.000000,2908577111991,2908577184367
151,151,"Agent 1",1,22397,22397,5120,2,"c_f16x2(float*, long long*, int)",32,0,0,24,0,128,"SQ_WAVES",160.000000,2908577111991,2908577184367
152,152,"Agent 1",1,22397,22397,5120,2,"c_f16x2(float*, long long*, int)",32,0,0,24,0,128,"SQ_INSTS_SALU",83520.000000,2908577210456,2908577281790
152,152,"Agent 1",1,22397,22397,5120,2,"c_f16x2(float*, long long*, int)",32,0,0,24,0,128,"SQ_INSTS_VALU",5254560.000000,2908577210456,2908577281790
152,152,"Agent 1",1,22397,22397,5120,2,"c_f16x2(float*, long long*, int)",32,0,0,24,0,128,"SQ_WAVES",160.000000,2908577210456,2908577281790
153,153,"Agent 1",1,22397,22397,5120,2,"c_f16x2(float*, long long*, int)",32,0,0,24,0,128,"SQ_INSTS_SALU",83520.000000,2908577309562,2908577380855
153,153,"Agent 1",1,22397,22397,5120,2,"c_f16x2(float*, long long*, int)",32,0,0,24,0,128,"SQ_INSTS_VALU",5254560.000000,2908577309562,2908577380855
153,153,"Agent 1",1,22397,22397,5120,2,"c_f16x2(float*, long long*, int)",32,0,0,24,0,128,"SQ_WAVES",160.000000,2908577309562,2908577380855
154,154,"Agent 1",1,22397,22397,5120,2,"c_f16x2(float*, long long*, int)",32,0,0,24,0,128,"SQ_INSTS_SALU",83520.000000,2908577408788,2908577480081
154,154,"Agent 1",1,22397,22397,5120,2,"c_f16x2(float*, long long*, int)",32,0,0,24,0,128,"SQ_INSTS_VALU",5254560.000000,2908577408788,2908577480081
154,154,"Agent 1",1,22397,22397,5120,2,"c_f16x2(float*, long long*, int)",32,0,0,24,0,128,"SQ_WAVES",160.000000,2908577408788,2908577480081
155,155,"Agent 1",1,22397,22397,5120,2,"c_f16x2(float*, long long*, int)",32,0,0,24,0,128,"SQ_INSTS_SALU",83520.000000,2908577509296,2908577580750
155,155,"Agent 1",1,22397,22397,5120,2,"c_f16x2(float*, long long*, int)",32,0,0,24,0,128,"SQ_INSTS_VALU",5254560.000000,2908577509296,2908577580750
155,155,"Agent 1",1,22397,22397,5120,2,"c_f16x2(float*, long long*, int)",32,0,0,24,0,128,"SQ_WAVES",160.000000,2908577509296,2908577580750
156,156,"Agent 1",1,22397,22397,5120,2,"c_f16x2(float*, long long*, int)",32,0,0,24,0,128,"SQ_INSTS_SALU",83520.000000,2908577609363,2908577680697
156,156,"Agent 1",1,22397,22397,5120,2,"c_f16x2(float*, long long*, int)",32,0,0,24,0,128,"SQ_INSTS_VALU",5254560.000000,2908577609363,2908577680697
156,156,"Agent 1",1,22397,22397,5120,2,"c_f16x2(float*, long long*, int)",32,0,0,24,0,128,"SQ_WAVES",160.000000,2908577609363,2908577680697
157,157,"Agent 1",1,22397,22397,5120,2,"c_f16x2(float*, long long*, int)",32,0,0,24,0,128,"SQ_INSTS_SALU",83520.000000,2908577707267,2908577778561
157,157,"Agent 1",1,22397,22397,5120,2,"c_f16x2(float*, long long*, int)",32,0,0,24,0,128,"SQ_INSTS_VALU",5254560.000000,2908577707267,2908577778561
157,157,"Agent 1",1,22397,22397,5120,2,"c_f16x2(float*, long long*, int)",32,0,0,24,0,128,"SQ_WAVES",160.000000,2908577707267,2908577778561
158,158,"Agent 1",1,22397,22397,5120,2,"c_f16x2(float*, long long*, int)",32,0,0,24,0,128,"SQ_INSTS_SALU",83520.000000,2908577806974,2908577878227
158,158,"Agent 1",1,22397,22397,5120,2,"c_f16x2(float*, long long*, int)",32,0,0,24,0,128,"SQ_INSTS_VALU",5254560.000000,2908577806974,2908577878227
158,158,"Agent 1",1,22397,22397,5120,2,"c_f16x2(float*, long long*, int)",32,0,0,24,0,128,"SQ_WAVES",160.000000,2908577806974,2908577878227
159,159,"Agent 1",1,22397,22397,5120,2,"c_f16x2(float*, long long*, int)",32,0,0,24,0,128,"SQ_INSTS_SALU",83520.000000,2908577904036,2908577975570
159,159,"Agent 1",1,22397,22397,5120,2,"c_f16x2(float*, long long*, int)",32,0,0,24,0,128,"SQ_INSTS_VALU",5254560.000000,2908577904036,2908577975570
159,159,"Agent 1",1,22397,22397,5120,2,"c_f16x2(float*, long long*, int)",32,0,0,24,0,128,"SQ_WAVES",160.000000,2908577904036,2908577975570
160,160,"Agent 1",1,22397,22397,5120,2,"c_f16x2(float*, long long*, int)",32,0,0,24,0,128,"SQ_INSTS_SALU",83520.000000,2908578004183,2908578075597
160,160,"Agent 1",1,22397,22397,5120,2,"c_f16x2(float*, long long*, int)",32,0,0,24,0,128,"SQ_INSTS_VALU",5254560.000000,2908578004183,2908578075597
160,160,"Agent 1",1,22397,22397,5120,2,"c_f16x2(float*, long long*, int)",32,0,0,24,0,128,"SQ_WAVES",160.000000,2908578004183,2908578075597
161,161,"Agent 1",1,22397,22397,5120,2,"c_f16x2(float*, long long*, int)",32,0,0,24,0,128,"SQ_INSTS_SALU",83520.000000,2908578101005,2908578172298
161,161,"Agent 1",1,22397,22397,5120,2,"c_f16x2(float*, long long*, int)",32,0,0,24,0,128,"SQ_INSTS_VALU",5254560.000000,2908578101005,2908578172298
161,161,"Agent 1",1,22397,22397,5120,2,"c_f16x2(float*, long long*, int)",32,0,0,24,0,128,"SQ_WAVES",160.000000,2908578101005,2908578172298
162,162,"Agent 1",1,22397,22397,5120,2,"c_f16x2(float*, long long*, int)",32,0,0,24,0,128,"SQ_INSTS_SALU",83520.000000,2908578199189,2908578270482
162,162,"Agent 1",1,22397,22397,5120,2,"c_f16x2(float*, long long*, int)",32,0,0,24,0,128,"SQ_INSTS_VALU",5254560.000000,2908578199189,2908578270482
162,162,"Agent 1",1,22397,22397,5120,2,"c_f16x2(float*, long long*, int)",32,0,0,24,0,128,"SQ_WAVES",160.000000,2908578199189,2908578270482
163,163,"Agent 1",1,22397,22397,5120,2,"c_f16x2(float*, long long*, int)",32,0,0,24,0,128,"SQ_INSTS_SALU",83520.000000,2908578296732,2908578368186
163,163,"Agent 1",1,22397,22397,5120,2,"c_f16x2(float*, long long*, int)",32,0,0,24,0,128,"SQ_INSTS_VALU",5254560.000000,2908578296732,2908578368186
163,163,"Agent 1",1,22397,22397,5120,2,"c_f16x2(float*, long long*, int)",32,0,0,24,0,128,"SQ_WAVES",160.000000,2908578296732,2908578368186
164,164,"Agent 1",1,22397,22397,5120,2,"c_f16x2(float*, long long*, int)",32,0,0,24,0,128,"SQ_INSTS_SALU",83520.000000,2908578393753,2908578465087
164,164,"Agent 1",1,22397,22397,5120,2,"c_f16x2(float*, long long*, int)",32,0,0,24,0,128,"SQ_INSTS_VALU",5254560.000000,2908578393753,2908578465087
164,164,"Agent 1",1,22397,22397,5120,2,"c_f16x2(float*, long long*, int)",32,0,0,24,0,128,"SQ_WAVES",160.000000,2908578393753,2908578465087
165,165,"Agent 1",1,22397,22397,5120,2,"c_f16x2(float*, long long*, int)",32,0,0,24,0,128,"SQ_INSTS_SALU",83520.000000,2908578491577,2908578562870
165,165,"Agent 1",1,22397,22397,5120,2,"c_f16x2(float*, long long*, int)",32,0,0,24,0,128,"SQ_INSTS_VALU",5254560.000000,2908578491577,2908578562870
165,165,"Agent 1",1,22397,22397,5120,2,"c_f16x2(float*, long long*, int)",32,0,0,24,0,128,"SQ_WAVES",160.000000,2908578491577,2908578562870
166,166,"Agent 1",1,22397,22397,5120,2,"c_f16x2(float*, long long*, int)",32,0,0,24,0,128,"SQ_INSTS_SALU",83520.000000,2908578588799,2908578660012
166,166,"Agent 1",1,22397,22397,5120,2,"c_f16x2(float*, long long*, int)",32,0,0,24,0,128,"SQ_INSTS_VALU",5254560.000000,2908578588799,2908578660012
166,166,"Agent 1",1,22397,22397,5120,2,"c_f16x2(float*, long long*, int)",32,0,0,24,0,128,"SQ_WAVES",160.000000,2908578588799,2908578660012
167,167,"Agent 1",1,22397,22397,5120,2,"c_f16x2(float*, long long*, int)",32,0,0,24,0,128,"SQ_INSTS_SALU",83520.000000,2908578686021,2908578757475
167,167,"Agent 1",1,22397,22397,5120,2,"c_f16x2(float*, long long*, int)",32,0,0,24,0,128,"SQ_INSTS_VALU",5254560.000000,2908578686021,2908578757475
167,167,"Agent 1",1,22397,22397,5120,2,"c_f16x2(float*, long long*, int)",32,0,0,24,0,128,"SQ_WAVES",160.000000,2908578686021,2908578757475
168,168,"Agent 1",1,22397,22397,5120,2,"c_f16x2(float*, long long*, int)",32,0,0,24,0,128,"SQ_INSTS_SALU",83520.000000,2908578782522,2908578853776
168,168,"Agent 1",1,22397,22397,5120,2,"c_f16x2(float*, long long*, int)",32,0,0,24,0,128,"SQ_INSTS_VALU",5254560.000000,2908578782522,2908578853776
168,168,"Agent 1",1,22397,22397,5120,2,"c_f16x2(float*, long long*, int)",32,0,0,24,0,128,"SQ_WAVES",160.000000,2908578782522,2908578853776
169,169,"Agent 1",1,22397,22397,5120,2,"c_f16x2(float*, long long*, int)",32,0,0,24,0,128,"SQ_INSTS_SALU",83520.000000,2908578879864,2908578951158
169,169,"Agent 1",1,22397,22397,5120,2,"c_f16x2(float*, long long*, int)",32,0,0,24,0,128,"SQ_INSTS_VALU",5254560.000000,2908578879864,2908578951158
169,169,"Agent 1",1,22397,22397,5120,2,"c_f16x2(float*, long long*, int)",32,0,0,24,0,128,"SQ_WAVES",160.000000,2908578879864,2908578951158
170,170,"Agent 1",1,22397,22397,5120,2,"c_f16x2(float*, long long*, int)",32,0,0,24,0,128,"SQ_INSTS_SALU",83520.000000,2908578977688,2908579048901
170,170,"Agent 1",1,22397,22397,5120,2,"c_f16x2(float*, long long*, int)",32,0,0,24,0,128,"SQ_INSTS_VALU",5254560.000000,2908578977688,2908579048901
170,170,"Agent 1",1,22397,22397,5120,2,"c_f16x2(float*, long long*, int)",32,0,0,24,0,128,"SQ_WAVES",160.000000,2908578977688,2908579048901
171,171,"Agent 1",1,22397,22397,5120,2,"c_f16x2(float*, long long*, int)",32,0,0,24,0,128,"SQ_INSTS_SALU",83520.000000,2908579103964,2908579175218
171,171,"Agent 1",1,22397,22397,5120,2,"c_f16x2(float*, long long*, int)",32,0,0,24,0,128,"SQ_INSTS_VALU",5254560.000000,2908579103964,2908579175218
171,171,"Agent 1",1,22397,22397,5120,2,"c_f16x2(float*, long long*, int)",32,0,0,24,0,128,"SQ_WAVES",160.000000,2908579103964,2908579175218
172,172,"Agent 1",1,22397,22397,5120,2,"c_f16x2(float*, long long*, int)",32,0,0,24,0,128,"SQ_INSTS_SALU",83520.000000,2908579201668,2908579272961
172,172,"Agent 1",1,22397,22397,5120,2,"c_f16x2(float*, long long*, int)",32,0,0,24,0,128,"SQ_INSTS_VALU",5254560.000000,2908579201668,2908579272961
172,172,"Agent 1",1,22397,22397,5120,2,"c_f16x2(float*, long long*, int)",32,0,0,24,0,128,"SQ_WAVES",160.000000,2908579201668,2908579272961
173,173,"Agent 1",1,22397,22397,5120,2,"c_f16x2(float*, long long*, int)",32,0,0,24,0,128,"SQ_INSTS_SALU",83520.000000,2908579298689,2908579370223
173,173,"Agent 1",1,22397,22397,5120,2,"c_f16x2(float*, long long*, int)",32,0,0,24,0,128,"SQ_INSTS_VALU",5254560.000000,2908579298689,2908579370223
173,173,"Agent 1",1,22397,22397,5120,2,"c_f16x2(float*, long long*, int)",32,0,0,24,0,128,"SQ_WAVES",160.000000,2908579298689,2908579370223
174,174,"Agent 1",1,22397,22397,5120,2,"c_f16x2(float*, long long*, int)",32,0,0,24,0,128,"SQ_INSTS_SALU",83520.000000,2908579395631,2908579466885
174,174,"Agent 1",1,22397,22397,5120,2,"c_f16x2(float*, long long*, int)",32,0,0,24,0,128,"SQ_INSTS_VALU",5254560.000000,2908579395631,2908579466885
174,174,"Agent 1",1,22397,22397,5120,2,"c_f16x2(float*, long long*, int)",32,0,0,24,0,128,"SQ_WAVES",160.000000,2908579395631,2908579466885
175,175,"Agent 1",1,22397,22397,512,10,"__amd_rocclr_copyBuffer",512,0,0,16,0,128,"SQ_INSTS_SALU",156.000000,2908579505838,2908579508322
175,175,"Agent 1",1,22397,22397,512,10,"__amd_rocclr_copyBuffer",512,0,0,16,0,128,"SQ_INSTS_VALU",170.000000,2908579505838,2908579508322
175,175,"Agent 1",1,22397,22397,512,10,"__amd_rocclr_copyBuffer",512,0,0,16,0,128,"SQ_WAVES",16.000000,2908579505838,2908579508322
176,176,"Agent 1",1,22397,22397,5120,3,"c_dp4a(float*, long long*, int)",32,0,0,32,0,128,"SQ_INSTS_SALU",662270.000000,2908579555050,2908580055989
176,176,"Agent 1",1,22397,22397,5120,3,"c_dp4a(float*, long long*, int)",32,0,0,32,0,128,"SQ_INSTS_VALU",31461360.000000,2908579555050,2908580055989
176,176,"Agent 1",1,22397,22397,5120,3,"c_dp4a(float*, long long*, int)",32,0,0,32,0,128,"SQ_WAVES",170.000000,2908579555050,2908580055989
177,177,"Agent 1",1,22397,22397,5120,3,"c_dp4a(float*, long long*, int)",32,0,0,32,0,128,"SQ_INSTS_SALU",657760.000000,2908580088129,2908580531880
177,177,"Agent 1",1,22397,22397,5120,3,"c_dp4a(float*, long long*, int)",32,0,0,32,0,128,"SQ_INSTS_VALU",31460800.000000,2908580088129,2908580531880
177,177,"Agent 1",1,22397,22397,5120,3,"c_dp4a(float*, long long*, int)",32,0,0,32,0,128,"SQ_WAVES",160.000000,2908580088129,2908580531880
178,178,"Agent 1",1,22397,22397,5120,3,"c_dp4a(float*, long long*, int)",32,0,0,32,0,128,"SQ_INSTS_SALU",657760.000000,2908580560334,2908581003725
178,178,"Agent 1",1,22397,22397,5120,3,"c_dp4a(float*, long long*, int)",32,0,0,32,0,128,"SQ_INSTS_VALU",31460800.000000,2908580560334,2908581003725
178,178,"Agent 1",1,22397,22397,5120,3,"c_dp4a(float*, long long*, int)",32,0,0,32,0,128,"SQ_WAVES",160.000000,2908580560334,2908581003725
179,179,"Agent 1",1,22397,22397,5120,3,"c_dp4a(float*, long long*, int)",32,0,0,32,0,128,"SQ_INSTS_SALU",657760.000000,2908581031457,2908581473725
179,179,"Agent 1",1,22397,22397,5120,3,"c_dp4a(float*, long long*, int)",32,0,0,32,0,128,"SQ_INSTS_VALU",31460800.000000,2908581031457,2908581473725
179,179,"Agent 1",1,22397,22397,5120,3,"c_dp4a(float*, long long*, int)",32,0,0,32,0,128,"SQ_WAVES",160.000000,2908581031457,2908581473725
180,180,"Agent 1",1,22397,22397,5120,3,"c_dp4a(float*, long long*, int)",32,0,0,32,0,128,"SQ_INSTS_SALU",657760.000000,2908581500776,2908581943927
180,180,"Agent 1",1,22397,22397,5120,3,"c_dp4a(float*, long long*, int)",32,0,0,32,0,128,"SQ_INSTS_VALU",31460800.000000,2908581500776,2908581943927
180,180,"Agent 1",1,22397,22397,5120,3,"c_dp4a(float*, long long*, int)",32,0,0,32,0,128,"SQ_WAVES",160.000000,2908581500776,2908581943927
181,181,"Agent 1",1,22397,22397,5120,3,"c_dp4a(float*, long long*, int)",32,0,0,32,0,128,"SQ_INSTS_SALU",657760.000000,2908581973582,2908582416893
181,181,"Agent 1",1,22397,22397,5120,3,"c_dp4a(float*, long long*, int)",32,0,0,32,0,128,"SQ_INSTS_VALU",31460800.000000,2908581973582,2908582416893
181,181,"Agent 1",1,22397,22397,5120,3,"c_dp4a(float*, long long*, int)",32,0,0,32,0,128,"SQ_WAVES",160.000000,2908581973582,2908582416893
182,182,"Agent 1",1,22397,22397,5120,3,"c_dp4a(float*, long long*, int)",32,0,0,32,0,128,"SQ_INSTS_SALU",657760.000000,2908582444865,2908582887896
182,182,"Agent 1",1,22397,22397,5120,3,"c_dp4a(float*, long long*, int)",32,0,0,32,0,128,"SQ_INSTS_VALU",31460800.000000,2908582444865,2908582887896
182,182,"Agent 1",1,22397,22397,5120,3,"c_dp4a(float*, long long*, int)",32,0,0,32,0,128,"SQ_WAVES",160.000000,2908582444865,2908582887896
183,183,"Agent 1",1,22397,22397,5120,3,"c_dp4a(float*, long long*, int)",32,0,0,32,0,128,"SQ_INSTS_SALU",657760.000000,2908582915948,2908583358498
183,183,"Agent 1",1,22397,22397,5120,3,"c_dp4a(float*, long long*, int)",32,0,0,32,0,128,"SQ_INSTS_VALU",31460800.000000,2908582915948,2908583358498
183,183,"Agent 1",1,22397,22397,5120,3,"c_dp4a(float*, long long*, int)",32,0,0,32,0,128,"SQ_WAVES",160.000000,2908582915948,2908583358498
184,184,"Agent 1",1,22397,22397,5120,3,"c_dp4a(float*, long long*, int)",32,0,0,32,0,128,"SQ_INSTS_SALU",657760.000000,2908583387793,2908583830823
184,184,"Agent 1",1,22397,22397,5120,3,"c_dp4a(float*, long long*, int)",32,0,0,32,0,128,"SQ_INSTS_VALU",31460800.000000,2908583387793,2908583830823
184,184,"Agent 1",1,22397,22397,5120,3,"c_dp4a(float*, long long*, int)",32,0,0,32,0,128,"SQ_WAVES",160.000000,2908583387793,2908583830823
185,185,"Agent 1",1,22397,22397,5120,3,"c_dp4a(float*, long long*, int)",32,0,0,32,0,128,"SQ_INSTS_SALU",657760.000000,2908583857713,2908584300583
185,185,"Agent 1",1,22397,22397,5120,3,"c_dp4a(float*, long long*, int)",32,0,0,32,0,128,"SQ_INSTS_VALU",31460800.000000,2908583857713,2908584300583
185,185,"Agent 1",1,22397,22397,5120,3,"c_dp4a(float*, long long*, int)",32,0,0,32,0,128,"SQ_WAVES",160.000000,2908583857713,2908584300583
186,186,"Agent 1",1,22397,22397,5120,3,"c_dp4a(float*, long long*, int)",32,0,0,32,0,128,"SQ_INSTS_SALU",657760.000000,2908584329197,2908584772628
186,186,"Agent 1",1,22397,22397,5120,3,"c_dp4a(float*, long long*, int)",32,0,0,32,0,128,"SQ_INSTS_VALU",31460800.000000,2908584329197,2908584772628
186,186,"Agent 1",1,22397,22397,5120,3,"c_dp4a(float*, long long*, int)",32,0,0,32,0,128,"SQ_WAVES",160.000000,2908584329197,2908584772628
187,187,"Agent 1",1,22397,22397,5120,3,"c_dp4a(float*, long long*, int)",32,0,0,32,0,128,"SQ_INSTS_SALU",657760.000000,2908584800841,2908585243711
187,187,"Agent 1",1,22397,22397,5120,3,"c_dp4a(float*, long long*, int)",32,0,0,32,0,128,"SQ_INSTS_VALU",31460800.000000,2908584800841,2908585243711
187,187,"Agent 1",1,22397,22397,5120,3,"c_dp4a(float*, long long*, int)",32,0,0,32,0,128,"SQ_WAVES",160.000000,2908584800841,2908585243711
188,188,"Agent 1",1,22397,22397,5120,3,"c_dp4a(float*, long long*, int)",32,0,0,32,0,128,"SQ_INSTS_SALU",657760.000000,2908585270561,2908585713751
188,188,"Agent 1",1,22397,22397,5120,3,"c_dp4a(float*, long long*, int)",32,0,0,32,0,128,"SQ_INSTS_VALU",31460800.000000,2908585270561,2908585713751
188,188,"Agent 1",1,22397,22397,5120,3,"c_dp4a(float*, long long*, int)",32,0,0,32,0,128,"SQ_WAVES",160.000000,2908585270561,2908585713751
189,189,"Agent 1",1,22397,22397,5120,3,"c_dp4a(float*, long long*, int)",32,0,0,32,0,128,"SQ_INSTS_SALU",657760.000000,2908585740882,2908586183432
189,189,"Agent 1",1,22397,22397,5120,3,"c_dp4a(float*, long long*, int)",32,0,0,32,0,128,"SQ_INSTS_VALU",31460800.000000,2908585740882,2908586183432
189,189,"Agent 1",1,22397,22397,5120,3,"c_dp4a(float*, long long*, int)",32,0,0,32,0,128,"SQ_WAVES",160.000000,2908585740882,2908586183432
190,190,"Agent 1",1,22397,22397,5120,3,"c_dp4a(float*, long long*, int)",32,0,0,32,0,128,"SQ_INSTS_SALU",657760.000000,2908586211084,2908586654154
190,190,"Agent 1",1,22397,22397,5120,3,"c_dp4a(float*, long long*, int)",32,0,0,32,0,128,"SQ_INSTS_VALU",31460800.000000,2908586211084,2908586654154
190,190,"Agent 1",1,22397,22397,5120,3,"c_dp4a(float*, long long*, int)",32,0,0,32,0,128,"SQ_WAVES",160.000000,2908586211084,2908586654154
191,191,"Agent 1",1,22397,22397,5120,3,"c_dp4a(float*, long long*, int)",32,0,0,32,0,128,"SQ_INSTS_SALU",657760.000000,2908586682808,2908587125357
191,191,"Agent 1",1,22397,22397,5120,3,"c_dp4a(float*, long long*, int)",32,0,0,32,0,128,"SQ_INSTS_VALU",31460800.000000,2908586682808,2908587125357
191,191,"Agent 1",1,22397,22397,5120,3,"c_dp4a(float*, long long*, int)",32,0,0,32,0,128,"SQ_WAVES",160.000000,2908586682808,2908587125357
192,192,"Agent 1",1,22397,22397,5120,3,"c_dp4a(float*, long long*, int)",32,0,0,32,0,128,"SQ_INSTS_SALU",657760.000000,2908587152047,2908587594356
192,192,"Agent 1",1,22397,22397,5120,3,"c_dp4a(float*, long long*, int)",32,0,0,32,0,128,"SQ_INSTS_VALU",31460800.000000,2908587152047,2908587594356
192,192,"Agent 1",1,22397,22397,5120,3,"c_dp4a(float*, long long*, int)",32,0,0,32,0,128,"SQ_WAVES",160.000000,2908587152047,2908587594356
193,193,"Agent 1",1,22397,22397,5120,3,"c_dp4a(float*, long long*, int)",32,0,0,32,0,128,"SQ_INSTS_SALU",657760.000000,2908587620244,2908588062914
193,193,"Agent 1",1,22397,22397,5120,3,"c_dp4a(float*, long long*, int)",32,0,0,32,0,128,"SQ_INSTS_VALU",31460800.000000,2908587620244,2908588062914
193,193,"Agent 1",1,22397,22397,5120,3,"c_dp4a(float*, long long*, int)",32,0,0,32,0,128,"SQ_WAVES",160.000000,2908587620244,2908588062914
194,194,"Agent 1",1,22397,22397,5120,3,"c_dp4a(float*, long long*, int)",32,0,0,32,0,128,"SQ_INSTS_SALU",657760.000000,2908588089203,2908588531953
194,194,"Agent 1",1,22397,22397,5120,3,"c_dp4a(float*, long long*, int)",32,0,0,32,0,128,"SQ_INSTS_VALU",31460800.000000,2908588089203,2908588531953
194,194,"Agent 1",1,22397,22397,5120,3,"c_dp4a(float*, long long*, int)",32,0,0,32,0,128,"SQ_WAVES",160.000000,2908588089203,2908588531953
195,195,"Agent 1",1,22397,22397,5120,3,"c_dp4a(float*, long long*, int)",32,0,0,32,0,128,"SQ_INSTS_SALU",657760.000000,2908588558964,2908589001753
195,195,"Agent 1",1,22397,22397,5120,3,"c_dp4a(float*, long long*, int)",32,0,0,32,0,128,"SQ_INSTS_VALU",31460800.000000,2908588558964,2908589001753
195,195,"Agent 1",1,22397,22397,5120,3,"c_dp4a(float*, long long*, int)",32,0,0,32,0,128,"SQ_WAVES",160.000000,2908588558964,2908589001753
196,196,"Agent 1",1,22397,22397,5120,3,"c_dp4a(float*, long long*, int)",32,0,0,32,0,128,"SQ_INSTS_SALU",657760.000000,2908589063229,2908589505658
196,196,"Agent 1",1,22397,22397,5120,3,"c_dp4a(float*, long long*, int)",32,0,0,32,0,128,"SQ_INSTS_VALU",31460800.000000,2908589063229,2908589505658
196,196,"Agent 1",1,22397,22397,5120,3,"c_dp4a(float*, long long*, int)",32,0,0,32,0,128,"SQ_WAVES",160.000000,2908589063229,2908589505658
197,197,"Agent 1",1,22397,22397,5120,3,"c_dp4a(float*, long long*, int)",32,0,0,32,0,128,"SQ_INSTS_SALU",657760.000000,2908589531707,2908589974536
197,197,"Agent 1",1,22397,22397,5120,3,"c_dp4a(float*, long long*, int)",32,0,0,32,0,128,"SQ_INSTS_VALU",31460800.000000,2908589531707,2908589974536
197,197,"Agent 1",1,22397,22397,5120,3,"c_dp4a(float*, long long*, int)",32,0,0,32,0,128,"SQ_WAVES",160.000000,2908589531707,2908589974536
198,198,"Agent 1",1,22397,22397,5120,3,"c_dp4a(float*, long long*, int)",32,0,0,32,0,128,"SQ_INSTS_SALU",657760.000000,2908590000465,2908590443415
198,198,"Agent 1",1,22397,22397,5120,3,"c_dp4a(float*, long long*, int)",32,0,0,32,0,128,"SQ_INSTS_VALU",31460800.000000,2908590000465,2908590443415
198,198,"Agent 1",1,22397,22397,5120,3,"c_dp4a(float*, long long*, int)",32,0,0,32,0,128,"SQ_WAVES",160.000000,2908590000465,2908590443415
199,199,"Agent 1",1,22397,22397,5120,3,"c_dp4a(float*, long long*, int)",32,0,0,32,0,128,"SQ_INSTS_SALU",657760.000000,2908590468582,2908590912053
199,199,"Agent 1",1,22397,22397,5120,3,"c_dp4a(float*, long long*, int)",32,0,0,32,0,128,"SQ_INSTS_VALU",31460800.000000,2908590468582,2908590912053
199,199,"Agent 1",1,22397,22397,5120,3,"c_dp4a(float*, long long*, int)",32,0,0,32,0,128,"SQ_WAVES",160.000000,2908590468582,2908590912053
200,200,"Agent 1",1,22397,22397,512,10,"__amd_rocclr_copyBuffer",512,0,0,16,0,128,"SQ_INSTS_SALU",156.000000,2908590950646,2908590953491
200,200,"Agent 1",1,22397,22397,512,10,"__amd_rocclr_copyBuffer",512,0,0,16,0,128,"SQ_INSTS_VALU",170.000000,2908590950646,2908590953491
200,200,"Agent 1",1,22397,22397,512,10,"__amd_rocclr_copyBuffer",512,0,0,16,0,128,"SQ_WAVES",16.000000,2908590950646,2908590953491
201,201,"Agent 1",1,22397,22397,20480,5,"c_f32(float*, long long*, int)",32,0,0,24,0,128,"SQ_INSTS_SALU",334720.000000,2908591002944,2908591206245
201,201,"Agent 1",1,22397,22397,20480,5,"c_f32(float*, long long*, int)",32,0,0,24,0,128,"SQ_INSTS_VALU",20997120.000000,2908591002944,2908591206245
201,201,"Agent 1",1,22397,22397,20480,5,"c_f32(float*, long long*, int)",32,0,0,24,0,128,"SQ_WAVES",640.000000,2908591002944,2908591206245
202,202,"Agent 1",1,22397,22397,20480,5,"c_f32(float*, long long*, int)",32,0,0,24,0,128,"SQ_INSTS_SALU",334720.000000,2908591233736,2908591436115
202,202,"Agent 1",1,22397,22397,20480,5,"c_f32(float*, long long*, int)",32,0,0,24,0,128,"SQ_INSTS_VALU",20997120.000000,2908591233736,2908591436115
202,202,"Agent 1",1,22397,22397,20480,5,"c_f32(float*, long long*, int)",32,0,0,24,0,128,"SQ_WAVES",640.000000,2908591233736,2908591436115
203,203,"Agent 1",1,22397,22397,20480,5,"c_f32(float*, long long*, int)",32,0,0,24,0,128,"SQ_INSTS_SALU",334720.000000,2908591464008,2908591666387
203,203,"Agent 1",1,22397,22397,20480,5,"c_f32(float*, long long*, int)",32,0,0,24,0,128,"SQ_INSTS_VALU",20997120.000000,2908591464008,2908591666387
203,203,"Agent 1",1,22397,22397,20480,5,"c_f32(float*, long long*, int)",32,0,0,24,0,128,"SQ_WAVES",640.000000,2908591464008,2908591666387
204,204,"Agent 1",1,22397,22397,20480,5,"c_f32(float*, long long*, int)",32,0,0,24,0,128,"SQ_INSTS_SALU",334720.000000,2908591695922,2908591898302
204,204,"Agent 1",1,22397,22397,20480,5,"c_f32(float*, long long*, int)",32,0,0,24,0,128,"SQ_INSTS_VALU",20997120.000000,2908591695922,2908591898302
204,204,"Agent 1",1,22397,22397,20480,5,"c_f32(float*, long long*, int)",32,0,0,24,0,128,"SQ_WAVES",640.000000,2908591695922,2908591898302
205,205,"Agent 1",1,22397,22397,20480,5,"c_f32(float*, long long*, int)",32,0,0,24,0,128,"SQ_INSTS_SALU",334720.000000,2908591926915,2908592129495
205,205,"Agent 1",1,22397,22397,20480,5,"c_f32(float*, long long*, int)",32,0,0,24,0,128,"SQ_INSTS_VALU",20997120.000000,2908591926915,2908592129495
205,205,"Agent 1",1,22397,22397,20480,5,"c_f32(float*, long long*, int)",32,0,0,24,0,128,"SQ_WAVES",640.000000,2908591926915,2908592129495
206,206,"Agent 1",1,22397,22397,20480,5,"c_f32(float*, long long*, int)",32,0,0,24,0,128,"SQ_INSTS_SALU",334720.000000,2908592157042,2908592359501
206,206,"Agent 1",1,22397,22397,20480,5,"c_f32(float*, long long*, int)",32,0,0,24,0,128,"SQ_INSTS_VALU",20997120.000000,2908592157042,2908592359501
206,206,"Agent 1",1,22397,22397,20480,5,"c_f32(float*, long long*, int)",32,0,0,24,0,128,"SQ_WAVES",640.000000,2908592157042,2908592359501
207,207,"Agent 1",1,22397,22397,20480,5,"c_f32(float*, long long*, int)",32,0,0,24,0,128,"SQ_INSTS_SALU",334720.000000,2908592388394,2908592590973
207,207,"Agent 1",1,22397,22397,20480,5,"c_f32(float*, long long*, int)",32,0,0,24,0,128,"SQ_INSTS_VALU",20997120.000000,2908592388394,2908592590973
207,207,"Agent 1",1,22397,22397,20480,5,"c_f32(float*, long long*, int)",32,0,0,24,0,128,"SQ_WAVES",640.000000,2908592388394,2908592590973
208,208,"Agent 1",1,22397,22397,20480,5,"c_f32(float*, long long*, int)",32,0,0,24,0,128,"SQ_INSTS_SALU",334720.000000,2908592619747,2908592822086
208,208,"Agent 1",1,22397,22397,20480,5,"c_f32(float*, long long*, int)",32,0,0,24,0,128,"SQ_INSTS_VALU",20997120.000000,2908592619747,2908592822086
208,208,"Agent 1",1,22397,22397,20480,5,"c_f32(float*, long long*, int)",32,0,0,24,0,128,"SQ_WAVES",640.000000,2908592619747,2908592822086
209,209,"Agent 1",1,22397,22397,20480,5,"c_f32(float*, long long*, int)",32,0,0,24,0,128,"SQ_INSTS_SALU",334720.000000,2908592850339,2908593052918
209,209,"Agent 1",1,22397,22397,20480,5,"c_f32(float*, long long*, int)",32,0,0,24,0,128,"SQ_INSTS_VALU",20997120.000000,2908592850339,2908593052918
209,209,"Agent 1",1,22397,22397,20480,5,"c_f32(float*, long long*, int)",32,0,0,24,0,128,"SQ_WAVES",640.000000,2908592850339,2908593052918
210,210,"Agent 1",1,22397,22397,20480,5,"c_f32(float*, long long*, int)",32,0,0,24,0,128,"SQ_INSTS_SALU",334720.000000,2908593080690,2908593283149
210,210,"Agent 1",1,22397,22397,20480,5,"c_f32(float*, long long*, int)",32,0,0,24,0,128,"SQ_INSTS_VALU",20997120.000000,2908593080690,2908593283149
210,210,"Agent 1",1,22397,22397,20480,5,"c_f32(float*, long long*, int)",32,0,0,24,0,128,"SQ_WAVES",640.000000,2908593080690,2908593283149
211,211,"Agent 1",1,22397,22397,20480,5,"c_f32(float*, long long*, int)",32,0,0,24,0,128,"SQ_INSTS_SALU",334720.000000,2908593310240,2908593512659
211,211,"Agent 1",1,22397,22397,20480,5,"c_f32(float*, long long*, int)",32,0,0,24,0,128,"SQ_INSTS_VALU",20997120.000000,2908593310240,2908593512659
211,211,"Agent 1",1,22397,22397,20480,5,"c_f32(float*, long long*, int)",32,0,0,24,0,128,"SQ_WAVES",640.000000,2908593310240,2908593512659
212,212,"Agent 1",1,22397,22397,20480,5,"c_f32(float*, long long*, int)",32,0,0,24,0,128,"SQ_INSTS_SALU",334720.000000,2908593539429,2908593741848
212,212,"Agent 1",1,22397,22397,20480,5,"c_f32(float*, long long*, int)",32,0,0,24,0,128,"SQ_INSTS_VALU",20997120.000000,2908593539429,2908593741848
212,212,"Agent 1",1,22397,22397,20480,5,"c_f32(float*, long long*, int)",32,0,0,24,0,128,"SQ_WAVES",640.000000,2908593539429,2908593741848
213,213,"Agent 1",1,22397,22397,20480,5,"c_f32(float*, long long*, int)",32,0,0,24,0,128,"SQ_INSTS_SALU",334720.000000,2908593769900,2908593972520
213,213,"Agent 1",1,22397,22397,20480,5,"c_f32(float*, long long*, int)",32,0,0,24,0,128,"SQ_INSTS_VALU",20997120.000000,2908593769900,2908593972520
213,213,"Agent 1",1,22397,22397,20480,5,"c_f32(float*, long long*, int)",32,0,0,24,0,128,"SQ_WAVES",640.000000,2908593769900,2908593972520
214,214,"Agent 1",1,22397,22397,20480,5,"c_f32(float*, long long*, int)",32,0,0,24,0,128,"SQ_INSTS_SALU",334720.000000,2908593999490,2908594201989
214,214,"Agent 1",1,22397,22397,20480,5,"c_f32(float*, long long*, int)",32,0,0,24,0,128,"SQ_INSTS_VALU",20997120.000000,2908593999490,2908594201989
214,214,"Agent 1",1,22397,22397,20480,5,"c_f32(float*, long long*, int)",32,0,0,24,0,128,"SQ_WAVES",640.000000,2908593999490,2908594201989
215,215,"Agent 1",1,22397,22397,20480,5,"c_f32(float*, long long*, int)",32,0,0,24,0,128,"SQ_INSTS_SALU",334720.000000,2908594228920,2908594431298
215,215,"Agent 1",1,22397,22397,20480,5,"c_f32(float*, long long*, int)",32,0,0,24,0,128,"SQ_INSTS_VALU",20997120.000000,2908594228920,2908594431298
215,215,"Agent 1",1,22397,22397,20480,5,"c_f32(float*, long long*, int)",32,0,0,24,0,128,"SQ_WAVES",640.000000,2908594228920,2908594431298
216,216,"Agent 1",1,22397,22397,20480,5,"c_f32(float*, long long*, int)",32,0,0,24,0,128,"SQ_INSTS_SALU",334720.000000,2908594457908,2908594660327
216,216,"Agent 1",1,22397,22397,20480,5,"c_f32(float*, long long*, int)",32,0,0,24,0,128,"SQ_INSTS_VALU",20997120.000000,2908594457908,2908594660327
216,216,"Agent 1",1,22397,22397,20480,5,"c_f32(float*, long long*, int)",32,0,0,24,0,128,"SQ_WAVES",640.000000,2908594457908,2908594660327
217,217,"Agent 1",1,22397,22397,20480,5,"c_f32(float*, long long*, int)",32,0,0,24,0,128,"SQ_INSTS_SALU",334720.000000,2908594688861,2908594891440
217,217,"Agent 1",1,22397,22397,20480,5,"c_f32(float*, long long*, int)",32,0,0,24,0,128,"SQ_INSTS_VALU",20997120.000000,2908594688861,2908594891440
217,217,"Agent 1",1,22397,22397,20480,5,"c_f32(float*, long long*, int)",32,0,0,24,0,128,"SQ_WAVES",640.000000,2908594688861,2908594891440
218,218,"Agent 1",1,22397,22397,20480,5,"c_f32(float*, long long*, int)",32,0,0,24,0,128,"SQ_INSTS_SALU",334720.000000,2908594918290,2908595120669
218,218,"Agent 1",1,22397,22397,20480,5,"c_f32(float*, long long*, int)",32,0,0,24,0,128,"SQ_INSTS_VALU",20997120.000000,2908594918290,2908595120669
218,218,"Agent 1",1,22397,22397,20480,5,"c_f32(float*, long long*, int)",32,0,0,24,0,128,"SQ_WAVES",640.000000,2908594918290,2908595120669
219,219,"Agent 1",1,22397,22397,20480,5,"c_f32(float*, long long*, int)",32,0,0,24,0,128,"SQ_INSTS_SALU",334720.000000,2908595147399,2908595349818
219,219,"Agent 1",1,22397,22397,20480,5,"c_f32(float*, long long*, int)",32,0,0,24,0,128,"SQ_INSTS_VALU",20997120.000000,2908595147399,2908595349818
219,219,"Agent 1",1,22397,22397,20480,5,"c_f32(float*, long long*, int)",32,0,0,24,0,128,"SQ_WAVES",640.000000,2908595147399,2908595349818
220,220,"Agent 1",1,22397,22397,20480,5,"c_f32(float*, long long*, int)",32,0,0,24,0,128,"SQ_INSTS_SALU",334720.000000,2908595376267,2908595578646
220,220,"Agent 1",1,22397,22397,20480,5,"c_f32(float*, long long*, int)",32,0,0,24,0,128,"SQ_INSTS_VALU",20997120.000000,2908595376267,2908595578646
220,220,"Agent 1",1,22397,22397,20480,5,"c_f32(float*, long long*, int)",32,0,0,24,0,128,"SQ_WAVES",640.000000,2908595376267,2908595578646
221,221,"Agent 1",1,22397,22397,20480,5,"c_f32(float*, long long*, int)",32,0,0,24,0,128,"SQ_INSTS_SALU",334720.000000,2908595644850,2908595847269
221,221,"Agent 1",1,22397,22397,20480,5,"c_f32(float*, long long*, int)",32,0,0,24,0,128,"SQ_INSTS_VALU",20997120.000000,2908595644850,2908595847269
221,221,"Agent 1",1,22397,22397,20480,5,"c_f32(float*, long long*, int)",32,0,0,24,0,128,"SQ_WAVES",640.000000,2908595644850,2908595847269
222,222,"Agent 1",1,22397,22397,20480,5,"c_f32(float*, long long*, int)",32,0,0,24,0,128,"SQ_INSTS_SALU",334720.000000,2908595874520,2908596076939
222,222,"Agent 1",1,22397,22397,20480,5,"c_f32(float*, long long*, int)",32,0,0,24,0,128,"SQ_INSTS_VALU",20997120.000000,2908595874520,2908596076939
222,222,"Agent 1",1,22397,22397,20480,5,"c_f32(float*, long long*, int)",32,0,0,24,0,128,"SQ_WAVES",640.000000,2908595874520,2908596076939
223,223,"Agent 1",1,22397,22397,20480,5,"c_f32(float*, long long*, int)",32,0,0,24,0,128,"SQ_INSTS_SALU",334720.000000,2908596103830,2908596306329
223,223,"Agent 1",1,22397,22397,20480,5,"c_f32(float*, long long*, int)",32,0,0,24,0,128,"SQ_INSTS_VALU",20997120.000000,2908596103830,2908596306329
223,223,"Agent 1",1,22397,22397,20480,5,"c_f32(float*, long long*, int)",32,0,0,24,0,128,"SQ_WAVES",640.000000,2908596103830,2908596306329
224,224,"Agent 1",1,22397,22397,20480,5,"c_f32(float*, long long*, int)",32,0,0,24,0,128,"SQ_INSTS_SALU",334720.000000,2908596332778,2908596535117
224,224,"Agent 1",1,22397,22397,20480,5,"c_f32(float*, long long*, int)",32,0,0,24,0,128,"SQ_INSTS_VALU",20997120.000000,2908596332778,2908596535117
224,224,"Agent 1",1,22397,22397,20480,5,"c_f32(float*, long long*, int)",32,0,0,24,0,128,"SQ_WAVES",640.000000,2908596332778,2908596535117
225,225,"Agent 1",1,22397,22397,512,10,"__amd_rocclr_copyBuffer",512,0,0,16,0,128,"SQ_INSTS_SALU",184.000000,2908596578558,2908596581083
225,225,"Agent 1",1,22397,22397,512,10,"__amd_rocclr_copyBuffer",512,0,0,16,0,128,"SQ_INSTS_VALU",268.000000,2908596578558,2908596581083
225,225,"Agent 1",1,22397,22397,512,10,"__amd_rocclr_copyBuffer",512,0,0,16,0,128,"SQ_WAVES",16.000000,2908596578558,2908596581083
226,226,"Agent 1",1,22397,22397,20480,4,"c_f16(float*, long long*, int)",32,0,0,24,0,128,"SQ_INSTS_SALU",334080.000000,2908596641837,2908596845338
226,226,"Agent 1",1,22397,22397,20480,4,"c_f16(float*, long long*, int)",32,0,0,24,0,128,"SQ_INSTS_VALU",21008000.000000,2908596641837,2908596845338
226,226,"Agent 1",1,22397,22397,20480,4,"c_f16(float*, long long*, int)",32,0,0,24,0,128,"SQ_WAVES",640.000000,2908596641837,2908596845338
227,227,"Agent 1",1,22397,22397,20480,4,"c_f16(float*, long long*, int)",32,0,0,24,0,128,"SQ_INSTS_SALU",334080.000000,2908596872308,2908597075328
227,227,"Agent 1",1,22397,22397,20480,4,"c_f16(float*, long long*, int)",32,0,0,24,0,128,"SQ_INSTS_VALU",21008000.000000,2908596872308,2908597075328
227,227,"Agent 1",1,22397,22397,20480,4,"c_f16(float*, long long*, int)",32,0,0,24,0,128,"SQ_WAVES",640.000000,2908596872308,2908597075328
228,228,"Agent 1",1,22397,22397,20480,4,"c_f16(float*, long long*, int)",32,0,0,24,0,128,"SQ_INSTS_SALU",334080.000000,2908597105224,2908597308244
228,228,"Agent 1",1,22397,22397,20480,4,"c_f16(float*, long long*, int)",32,0,0,24,0,128,"SQ_INSTS_VALU",21008000.000000,2908597105224,2908597308244
228,228,"Agent 1",1,22397,22397,20480,4,"c_f16(float*, long long*, int)",32,0,0,24,0,128,"SQ_WAVES",640.000000,2908597105224,2908597308244
229,229,"Agent 1",1,22397,22397,20480,4,"c_f16(float*, long long*, int)",32,0,0,24,0,128,"SQ_INSTS_SALU",334080.000000,2908597338140,2908597541200
229,229,"Agent 1",1,22397,22397,20480,4,"c_f16(float*, long long*, int)",32,0,0,24,0,128,"SQ_INSTS_VALU",21008000.000000,2908597338140,2908597541200
229,229,"Agent 1",1,22397,22397,20480,4,"c_f16(float*, long long*, int)",32,0,0,24,0,128,"SQ_WAVES",640.000000,2908597338140,2908597541200
230,230,"Agent 1",1,22397,22397,20480,4,"c_f16(float*, long long*, int)",32,0,0,24,0,128,"SQ_INSTS_SALU",334080.000000,2908597571257,2908597774477
230,230,"Agent 1",1,22397,22397,20480,4,"c_f16(float*, long long*, int)",32,0,0,24,0,128,"SQ_INSTS_VALU",21008000.000000,2908597571257,2908597774477
230,230,"Agent 1",1,22397,22397,20480,4,"c_f16(float*, long long*, int)",32,0,0,24,0,128,"SQ_WAVES",640.000000,2908597571257,2908597774477
231,231,"Agent 1",1,22397,22397,20480,4,"c_f16(float*, long long*, int)",32,0,0,24,0,128,"SQ_INSTS_SALU",334080.000000,2908597801327,2908598004307
231,231,"Agent 1",1,22397,22397,20480,4,"c_f16(float*, long long*, int)",32,0,0,24,0,128,"SQ_INSTS_VALU",21008000.000000,2908597801327,2908598004307
231,231,"Agent 1",1,22397,22397,20480,4,"c_f16(float*, long long*, int)",32,0,0,24,0,128,"SQ_WAVES",640.000000,2908597801327,2908598004307
232,232,"Agent 1",1,22397,22397,20480,4,"c_f16(float*, long long*, int)",32,0,0,24,0,128,"SQ_INSTS_SALU",334080.000000,2908598031598,2908598234659
232,232,"Agent 1",1,22397,22397,20480,4,"c_f16(float*, long long*, int)",32,0,0,24,0,128,"SQ_INSTS_VALU",21008000.000000,2908598031598,2908598234659
232,232,"Agent 1",1,22397,22397,20480,4,"c_f16(float*, long long*, int)",32,0,0,24,0,128,"SQ_WAVES",640.000000,2908598031598,2908598234659
233,233,"Agent 1",1,22397,22397,20480,4,"c_f16(float*, long long*, int)",32,0,0,24,0,128,"SQ_INSTS_SALU",334080.000000,2908598262952,2908598465972
233,233,"Agent 1",1,22397,22397,20480,4,"c_f16(float*, long long*, int)",32,0,0,24,0,128,"SQ_INSTS_VALU",21008000.000000,2908598262952,2908598465972
233,233,"Agent 1",1,22397,22397,20480,4,"c_f16(float*, long long*, int)",32,0,0,24,0,128,"SQ_WAVES",640.000000,2908598262952,2908598465972
234,234,"Agent 1",1,22397,22397,20480,4,"c_f16(float*, long long*, int)",32,0,0,24,0,128,"SQ_INSTS_SALU",334080.000000,2908598492381,2908598695601
234,234,"Agent 1",1,22397,22397,20480,4,"c_f16(float*, long long*, int)",32,0,0,24,0,128,"SQ_INSTS_VALU",21008000.000000,2908598492381,2908598695601
234,234,"Agent 1",1,22397,22397,20480,4,"c_f16(float*, long long*, int)",32,0,0,24,0,128,"SQ_WAVES",640.000000,2908598492381,2908598695601
235,235,"Agent 1",1,22397,22397,20480,4,"c_f16(float*, long long*, int)",32,0,0,24,0,128,"SQ_INSTS_SALU",334080.000000,2908598722572,2908598925632
235,235,"Agent 1",1,22397,22397,20480,4,"c_f16(float*, long long*, int)",32,0,0,24,0,128,"SQ_INSTS_VALU",21008000.000000,2908598722572,2908598925632
235,235,"Agent 1",1,22397,22397,20480,4,"c_f16(float*, long long*, int)",32,0,0,24,0,128,"SQ_WAVES",640.000000,2908598722572,2908598925632
236,236,"Agent 1",1,22397,22397,20480,4,"c_f16(float*, long long*, int)",32,0,0,24,0,128,"SQ_INSTS_SALU",334080.000000,2908598954406,2908599157506
236,236,"Agent 1",1,22397,22397,20480,4,"c_f16(float*, long long*, int)",32,0,0,24,0,128,"SQ_INSTS_VALU",21008000.000000,2908598954406,2908599157506
236,236,"Agent 1",1,22397,22397,20480,4,"c_f16(float*, long long*, int)",32,0,0,24,0,128,"SQ_WAVES",640.000000,2908598954406,2908599157506
237,237,"Agent 1",1,22397,22397,20480,4,"c_f16(float*, long long*, int)",32,0,0,24,0,128,"SQ_INSTS_SALU",334080.000000,2908599184156,2908599387096
237,237,"Agent 1",1,22397,22397,20480,4,"c_f16(float*, long long*, int)",32,0,0,24,0,128,"SQ_INSTS_VALU",21008000.000000,2908599184156,2908599387096
237,237,"Agent 1",1,22397,22397,20480,4,"c_f16(float*, long long*, int)",32,0,0,24,0,128,"SQ_WAVES",640.000000,2908599184156,2908599387096
238,238,"Agent 1",1,22397,22397,20480,4,"c_f16(float*, long long*, int)",32,0,0,24,0,128,"SQ_INSTS_SALU",334080.000000,2908599414668,2908599617888
238,238,"Agent 1",1,22397,22397,20480,4,"c_f16(float*, long long*, int)",32,0,0,24,0,128,"SQ_INSTS_VALU",21008000.000000,2908599414668,2908599617888
238,238,"Agent 1",1,22397,22397,20480,4,"c_f16(float*, long long*, int)",32,0,0,24,0,128,"SQ_WAVES",640.000000,2908599414668,2908599617888
239,239,"Agent 1",1,22397,22397,20480,4,"c_f16(float*, long long*, int)",32,0,0,24,0,128,"SQ_INSTS_SALU",334080.000000,2908599644057,2908599847077
239,239,"Agent 1",1,22397,22397,20480,4,"c_f16(float*, long long*, int)",32,0,0,24,0,128,"SQ_INSTS_VALU",21008000.000000,2908599644057,2908599847077
239,239,"Agent 1",1,22397,22397,20480,4,"c_f16(float*, long long*, int)",32,0,0,24,0,128,"SQ_WAVES",640.000000,2908599644057,2908599847077
240,240,"Agent 1",1,22397,22397,20480,4,"c_f16(float*, long long*, int)",32,0,0,24,0,128,"SQ_INSTS_SALU",334080.000000,2908599874529,2908600077509
240,240,"Agent 1",1,22397,22397,20480,4,"c_f16(float*, long long*, int)",32,0,0,24,0,128,"SQ_INSTS_VALU",21008000.000000,2908599874529,2908600077509
240,240,"Agent 1",1,22397,22397,20480,4,"c_f16(float*, long long*, int)",32,0,0,24,0,128,"SQ_WAVES",640.000000,2908599874529,2908600077509
241,241,"Agent 1",1,22397,22397,20480,4,"c_f16(float*, long long*, int)",32,0,0,24,0,128,"SQ_INSTS_SALU",334080.000000,2908600103798,2908600306818
241,241,"Agent 1",1,22397,22397,20480,4,"c_f16(float*, long long*, int)",32,0,0,24,0,128,"SQ_INSTS_VALU",21008000.000000,2908600103798,2908600306818
241,241,"Agent 1",1,22397,22397,20480,4,"c_f16(float*, long long*, int)",32,0,0,24,0,128,"SQ_WAVES",640.000000,2908600103798,2908600306818
242,242,"Agent 1",1,22397,22397,20480,4,"c_f16(float*, long long*, int)",32,0,0,24,0,128,"SQ_INSTS_SALU",334080.000000,2908600331945,2908600535125
242,242,"Agent 1",1,22397,22397,20480,4,"c_f16(float*, long long*, int)",32,0,0,24,0,128,"SQ_INSTS_VALU",21008000.000000,2908600331945,2908600535125
242,242,"Agent 1",1,22397,22397,20480,4,"c_f16(float*, long long*, int)",32,0,0,24,0,128,"SQ_WAVES",640.000000,2908600331945,2908600535125
243,243,"Agent 1",1,22397,22397,20480,4,"c_f16(float*, long long*, int)",32,0,0,24,0,128,"SQ_INSTS_SALU",334080.000000,2908600561174,2908600764114
243,243,"Agent 1",1,22397,22397,20480,4,"c_f16(float*, long long*, int)",32,0,0,24,0,128,"SQ_INSTS_VALU",21008000.000000,2908600561174,2908600764114
243,243,"Agent 1",1,22397,22397,20480,4,"c_f16(float*, long long*, int)",32,0,0,24,0,128,"SQ_WAVES",640.000000,2908600561174,2908600764114
244,244,"Agent 1",1,22397,22397,20480,4,"c_f16(float*, long long*, int)",32,0,0,24,0,128,"SQ_INSTS_SALU",334080.000000,2908600790082,2908600993103
244,244,"Agent 1",1,22397,22397,20480,4,"c_f16(float*, long long*, int)",32,0,0,24,0,128,"SQ_INSTS_VALU",21008000.000000,2908600790082,2908600993103
244,244,"Agent 1",1,22397,22397,20480,4,"c_f16(float*, long long*, int)",32,0,0,24,0,128,"SQ_WAVES",640.000000,2908600790082,2908600993103
245,245,"Agent 1",1,22397,22397,20480,4,"c_f16(float*, long long*, int)",32,0,0,24,0,128,"SQ_INSTS_SALU",334080.000000,2908601020754,2908601223774
245,245,"Agent 1",1,22397,22397,20480,4,"c_f16(float*, long long*, int)",32,0,0,24,0,128,"SQ_INSTS_VALU",21008000.000000,2908601020754,2908601223774
245,245,"Agent 1",1,22397,22397,20480,4,"c_f16(float*, long long*, int)",32,0,0,24,0,128,"SQ_WAVES",640.000000,2908601020754,2908601223774
246,246,"Agent 1",1,22397,22397,20480,4,"c_f16(float*, long long*, int)",32,0,0,24,0,128,"SQ_INSTS_SALU",334080.000000,2908601281042,2908601484102
246,246,"Agent 1",1,22397,22397,20480,4,"c_f16(float*, long long*, int)",32,0,0,24,0,128,"SQ_INSTS_VALU",21008000.000000,2908601281042,2908601484102
246,246,"Agent 1",1,22397,22397,20480,4,"c_f16(float*, long long*, int)",32,0,0,24,0,128,"SQ_WAVES",640.000000,2908601281042,2908601484102
247,247,"Agent 1",1,22397,22397,20480,4,"c_f16(float*, long long*, int)",32,0,0,24,0,128,"SQ_INSTS_SALU",334080.000000,2908601510151,2908601713211
247,247,"Agent 1",1,22397,22397,20480,4,"c_f16(float*, long long*, int)",32,0,0,24,0,128,"SQ_INSTS_VALU",21008000.000000,2908601510151,2908601713211
247,247,"Agent 1",1,22397,22397,20480,4,"c_f16(float*, long long*, int)",32,0,0,24,0,128,"SQ_WAVES",640.000000,2908601510151,2908601713211
248,248,"Agent 1",1,22397,22397,20480,4,"c_f16(float*, long long*, int)",32,0,0,24,0,128,"SQ_INSTS_SALU",334080.000000,2908601739179,2908601942360
248,248,"Agent 1",1,22397,22397,20480,4,"c_f16(float*, long long*, int)",32,0,0,24,0,128,"SQ_INSTS_VALU",21008000.000000,2908601739179,2908601942360
248,248,"Agent 1",1,22397,22397,20480,4,"c_f16(float*, long long*, int)",32,0,0,24,0,128,"SQ_WAVES",640.000000,2908601739179,2908601942360
249,249,"Agent 1",1,22397,22397,20480,4,"c_f16(float*, long long*, int)",32,0,0,24,0,128,"SQ_INSTS_SALU",334080.000000,2908601967607,2908602170627
249,249,"Agent 1",1,22397,22397,20480,4,"c_f16(float*, long long*, int)",32,0,0,24,0,128,"SQ_INSTS_VALU",21008000.000000,2908601967607,2908602170627
249,249,"Agent 1",1,22397,22397,20480,4,"c_f16(float*, long long*, int)",32,0,0,24,0,128,"SQ_WAVES",640.000000,2908601967607,2908602170627
250,250,"Agent 1",1,22397,22397,512,10,"__amd_rocclr_copyBuffer",512,0,0,16,0,128,"SQ_INSTS_SALU",184.000000,2908602209540,2908602212185
250,250,"Agent 1",1,22397,22397,512,10,"__amd_rocclr_copyBuffer",512,0,0,16,0,128,"SQ_INSTS_VALU",268.000000,2908602209540,2908602212185
250,250,"Agent 1",1,22397,22397,512,10,"__amd_rocclr_copyBuffer",512,0,0,16,0,128,"SQ_WAVES",16.000000,2908602209540,2908602212185
251,251,"Agent 1",1,22397,22397,20480,2,"c_f16x2(float*, long long*, int)",32,0,0,24,0,128,"SQ_INSTS_SALU",334080.000000,2908602271456,2908602474636
251,251,"Agent 1",1,22397,22397,20480,2,"c_f16x2(float*, long long*, int)",32,0,0,24,0,128,"SQ_INSTS_VALU",21018240.000000,2908602271456,2908602474636
251,251,"Agent 1",1,22397,22397,20480,2,"c_f16x2(float*, long long*, int)",32,0,0,24,0,128,"SQ_WAVES",640.000000,2908602271456,2908602474636
252,252,"Agent 1",1,22397,22397,20480,2,"c_f16x2(float*, long long*, int)",32,0,0,24,0,128,"SQ_INSTS_SALU",334080.000000,2908602502849,2908602705548
252,252,"Agent 1",1,22397,22397,20480,2,"c_f16x2(float*, long long*, int)",32,0,0,24,0,128,"SQ_INSTS_VALU",21018240.000000,2908602502849,2908602705548
252,252,"Agent 1",1,22397,22397,20480,2,"c_f16x2(float*, long long*, int)",32,0,0,24,0,128,"SQ_WAVES",640.000000,2908602502849,2908602705548
253,253,"Agent 1",1,22397,22397,20480,2,"c_f16x2(float*, long long*, int)",32,0,0,24,0,128,"SQ_INSTS_SALU",334080.000000,2908602732318,2908602935058
253,253,"Agent 1",1,22397,22397,20480,2,"c_f16x2(float*, long long*, int)",32,0,0,24,0,128,"SQ_INSTS_VALU",21018240.000000,2908602732318,2908602935058
253,253,"Agent 1",1,22397,22397,20480,2,"c_f16x2(float*, long long*, int)",32,0,0,24,0,128,"SQ_WAVES",640.000000,2908602732318,2908602935058
254,254,"Agent 1",1,22397,22397,20480,2,"c_f16x2(float*, long long*, int)",32,0,0,24,0,128,"SQ_INSTS_SALU",334080.000000,2908602964754,2908603167493
254,254,"Agent 1",1,22397,22397,20480,2,"c_f16x2(float*, long long*, int)",32,0,0,24,0,128,"SQ_INSTS_VALU",21018240.000000,2908602964754,2908603167493
254,254,"Agent 1",1,22397,22397,20480,2,"c_f16x2(float*, long long*, int)",32,0,0,24,0,128,"SQ_WAVES",640.000000,2908602964754,2908603167493
255,255,"Agent 1",1,22397,22397,20480,2,"c_f16x2(float*, long long*, int)",32,0,0,24,0,128,"SQ_INSTS_SALU",334080.000000,2908603194904,2908603397764
255,255,"Agent 1",1,22397,22397,20480,2,"c_f16x2(float*, long long*, int)",32,0,0,24,0,128,"SQ_INSTS_VALU",21018240.000000,2908603194904,2908603397764
255,255,"Agent 1",1,22397,22397,20480,2,"c_f16x2(float*, long long*, int)",32,0,0,24,0,128,"SQ_WAVES",640.000000,2908603194904,2908603397764
256,256,"Agent 1",1,22397,22397,20480,2,"c_f16x2(float*, long long*, int)",32,0,0,24,0,128,"SQ_INSTS_SALU",334080.000000,2908603424695,2908603627434
256,256,"Agent 1",1,22397,22397,20480,2,"c_f16x2(float*, long long*, int)",32,0,0,24,0,128,"SQ_INSTS_VALU",21018240.000000,2908603424695,2908603627434
256,256,"Agent 1",1,22397,22397,20480,2,"c_f16x2(float*, long long*, int)",32,0,0,24,0,128,"SQ_WAVES",640.000000,2908603424695,2908603627434
257,257,"Agent 1",1,22397,22397,20480,2,"c_f16x2(float*, long long*, int)",32,0,0,24,0,128,"SQ_INSTS_SALU",334080.000000,2908603654926,2908603857665
257,257,"Agent 1",1,22397,22397,20480,2,"c_f16x2(float*, long long*, int)",32,0,0,24,0,128,"SQ_INSTS_VALU",21018240.000000,2908603654926,2908603857665
257,257,"Agent 1",1,22397,22397,20480,2,"c_f16x2(float*, long long*, int)",32,0,0,24,0,128,"SQ_WAVES",640.000000,2908603654926,2908603857665
258,258,"Agent 1",1,22397,22397,20480,2,"c_f16x2(float*, long long*, int)",32,0,0,24,0,128,"SQ_INSTS_SALU",334080.000000,2908603886399,2908604089219
258,258,"Agent 1",1,22397,22397,20480,2,"c_f16x2(float*, long long*, int)",32,0,0,24,0,128,"SQ_INSTS_VALU",21018240.000000,2908603886399,2908604089219
258,258,"Agent 1",1,22397,22397,20480,2,"c_f16x2(float*, long long*, int)",32,0,0,24,0,128,"SQ_WAVES",640.000000,2908603886399,2908604089219
259,259,"Agent 1",1,22397,22397,20480,2,"c_f16x2(float*, long long*, int)",32,0,0,24,0,128,"SQ_INSTS_SALU",334080.000000,2908604118073,2908604320973
259,259,"Agent 1",1,22397,22397,20480,2,"c_f16x2(float*, long long*, int)",32,0,0,24,0,128,"SQ_INSTS_VALU",21018240.000000,2908604118073,2908604320973
259,259,"Agent 1",1,22397,22397,20480,2,"c_f16x2(float*, long long*, int)",32,0,0,24,0,128,"SQ_WAVES",640.000000,2908604118073,2908604320973
260,260,"Agent 1",1,22397,22397,20480,2,"c_f16x2(float*, long long*, int)",32,0,0,24,0,128,"SQ_INSTS_SALU",334080.000000,2908604347943,2908604550723
260,260,"Agent 1",1,22397,22397,20480,2,"c_f16x2(float*, long long*, int)",32,0,0,24,0,128,"SQ_INSTS_VALU",21018240.000000,2908604347943,2908604550723
260,260,"Agent 1",1,22397,22397,20480,2,"c_f16x2(float*, long long*, int)",32,0,0,24,0,128,"SQ_WAVES",640.000000,2908604347943,2908604550723
261,261,"Agent 1",1,22397,22397,20480,2,"c_f16x2(float*, long long*, int)",32,0,0,24,0,128,"SQ_INSTS_SALU",334080.000000,2908604577132,2908604779952
261,261,"Agent 1",1,22397,22397,20480,2,"c_f16x2(float*, long long*, int)",32,0,0,24,0,128,"SQ_INSTS_VALU",21018240.000000,2908604577132,2908604779952
261,261,"Agent 1",1,22397,22397,20480,2,"c_f16x2(float*, long long*, int)",32,0,0,24,0,128,"SQ_WAVES",640.000000,2908604577132,2908604779952
262,262,"Agent 1",1,22397,22397,20480,2,"c_f16x2(float*, long long*, int)",32,0,0,24,0,128,"SQ_INSTS_SALU",334080.000000,2908604807644,2908605010303
262,262,"Agent 1",1,22397,22397,20480,2,"c_f16x2(float*, long long*, int)",32,0,0,24,0,128,"SQ_INSTS_VALU",21018240.000000,2908604807644,2908605010303
262,262,"Agent 1",1,22397,22397,20480,2,"c_f16x2(float*, long long*, int)",32,0,0,24,0,128,"SQ_WAVES",640.000000,2908604807644,2908605010303
263,263,"Agent 1",1,22397,22397,20480,2,"c_f16x2(float*, long long*, int)",32,0,0,24,0,128,"SQ_INSTS_SALU",334080.000000,2908605038556,2908605241416
263,263,"Agent 1",1,22397,22397,20480,2,"c_f16x2(float*, long long*, int)",32,0,0,24,0,128,"SQ_INSTS_VALU",21018240.000000,2908605038556,2908605241416
263,263,"Agent 1",1,22397,22397,20480,2,"c_f16x2(float*, long long*, int)",32,0,0,24,0,128,"SQ_WAVES",640.000000,2908605038556,2908605241416
264,264,"Agent 1",1,22397,22397,20480,2,"c_f16x2(float*, long long*, int)",32,0,0,24,0,128,"SQ_INSTS_SALU",334080.000000,2908605268747,2908605471526
264,264,"Agent 1",1,22397,22397,20480,2,"c_f16x2(float*, long long*, int)",32,0,0,24,0,128,"SQ_INSTS_VALU",21018240.000000,2908605268747,2908605471526
264,264,"Agent 1",1,22397,22397,20480,2,"c_f16x2(float*, long long*, int)",32,0,0,24,0,128,"SQ_WAVES",640.000000,2908605268747,2908605471526
265,265,"Agent 1",1,22397,22397,20480,2,"c_f16x2(float*, long long*, int)",32,0,0,24,0,128,"SQ_INSTS_SALU",334080.000000,2908605498938,2908605701677
265,265,"Agent 1",1,22397,22397,20480,2,"c_f16x2(float*, long long*, int)",32,0,0,24,0,128,"SQ_INSTS_VALU",21018240.000000,2908605498938,2908605701677
265,265,"Agent 1",1,22397,22397,20480,2,"c_f16x2(float*, long long*, int)",32,0,0,24,0,128,"SQ_WAVES",640.000000,2908605498938,2908605701677
266,266,"Agent 1",1,22397,22397,20480,2,"c_f16x2(float*, long long*, int)",32,0,0,24,0,128,"SQ_INSTS_SALU",334080.000000,2908605728528,2908605931307
266,266,"Agent 1",1,22397,22397,20480,2,"c_f16x2(float*, long long*, int)",32,0,0,24,0,128,"SQ_INSTS_VALU",21018240.000000,2908605728528,2908605931307
266,266,"Agent 1",1,22397,22397,20480,2,"c_f16x2(float*, long long*, int)",32,0,0,24,0,128,"SQ_WAVES",640.000000,2908605728528,2908605931307
267,267,"Agent 1",1,22397,22397,20480,2,"c_f16x2(float*, long long*, int)",32,0,0,24,0,128,"SQ_INSTS_SALU",334080.000000,2908605957596,2908606160456
267,267,"Agent 1",1,22397,22397,20480,2,"c_f16x2(float*, long long*, int)",32,0,0,24,0,128,"SQ_INSTS_VALU",21018240.000000,2908605957596,2908606160456
267,267,"Agent 1",1,22397,22397,20480,2,"c_f16x2(float*, long long*, int)",32,0,0,24,0,128,"SQ_WAVES",640.000000,2908605957596,2908606160456
268,268,"Agent 1",1,22397,22397,20480,2,"c_f16x2(float*, long long*, int)",32,0,0,24,0,128,"SQ_INSTS_SALU",334080.000000,2908606186826,2908606389565
268,268,"Agent 1",1,22397,22397,20480,2,"c_f16x2(float*, long long*, int)",32,0,0,24,0,128,"SQ_INSTS_VALU",21018240.000000,2908606186826,2908606389565
268,268,"Agent 1",1,22397,22397,20480,2,"c_f16x2(float*, long long*, int)",32,0,0,24,0,128,"SQ_WAVES",640.000000,2908606186826,2908606389565
269,269,"Agent 1",1,22397,22397,20480,2,"c_f16x2(float*, long long*, int)",32,0,0,24,0,128,"SQ_INSTS_SALU",334080.000000,2908606415373,2908606618113
269,269,"Agent 1",1,22397,22397,20480,2,"c_f16x2(float*, long long*, int)",32,0,0,24,0,128,"SQ_INSTS_VALU",21018240.000000,2908606415373,2908606618113
269,269,"Agent 1",1,22397,22397,20480,2,"c_f16x2(float*, long long*, int)",32,0,0,24,0,128,"SQ_WAVES",640.000000,2908606415373,2908606618113
270,270,"Agent 1",1,22397,22397,20480,2,"c_f16x2(float*, long long*, int)",32,0,0,24,0,128,"SQ_INSTS_SALU",334080.000000,2908606644763,2908606847462
270,270,"Agent 1",1,22397,22397,20480,2,"c_f16x2(float*, long long*, int)",32,0,0,24,0,128,"SQ_INSTS_VALU",21018240.000000,2908606644763,2908606847462
270,270,"Agent 1",1,22397,22397,20480,2,"c_f16x2(float*, long long*, int)",32,0,0,24,0,128,"SQ_WAVES",640.000000,2908606644763,2908606847462
271,271,"Agent 1",1,22397,22397,20480,2,"c_f16x2(float*, long long*, int)",32,0,0,24,0,128,"SQ_INSTS_SALU",334080.000000,2908606902686,2908607105505
271,271,"Agent 1",1,22397,22397,20480,2,"c_f16x2(float*, long long*, int)",32,0,0,24,0,128,"SQ_INSTS_VALU",21018240.000000,2908606902686,2908607105505
271,271,"Agent 1",1,22397,22397,20480,2,"c_f16x2(float*, long long*, int)",32,0,0,24,0,128,"SQ_WAVES",640.000000,2908606902686,2908607105505
272,272,"Agent 1",1,22397,22397,20480,2,"c_f16x2(float*, long long*, int)",32,0,0,24,0,128,"SQ_INSTS_SALU",334080.000000,2908607132396,2908607335135
272,272,"Agent 1",1,22397,22397,20480,2,"c_f16x2(float*, long long*, int)",32,0,0,24,0,128,"SQ_INSTS_VALU",21018240.000000,2908607132396,2908607335135
272,272,"Agent 1",1,22397,22397,20480,2,"c_f16x2(float*, long long*, int)",32,0,0,24,0,128,"SQ_WAVES",640.000000,2908607132396,2908607335135
273,273,"Agent 1",1,22397,22397,20480,2,"c_f16x2(float*, long long*, int)",32,0,0,24,0,128,"SQ_INSTS_SALU",334080.000000,2908607360904,2908607563763
273,273,"Agent 1",1,22397,22397,20480,2,"c_f16x2(float*, long long*, int)",32,0,0,24,0,128,"SQ_INSTS_VALU",21018240.000000,2908607360904,2908607563763
273,273,"Agent 1",1,22397,22397,20480,2,"c_f16x2(float*, long long*, int)",32,0,0,24,0,128,"SQ_WAVES",640.000000,2908607360904,2908607563763
274,274,"Agent 1",1,22397,22397,20480,2,"c_f16x2(float*, long long*, int)",32,0,0,24,0,128,"SQ_INSTS_SALU",334080.000000,2908607589331,2908607792031
274,274,"Agent 1",1,22397,22397,20480,2,"c_f16x2(float*, long long*, int)",32,0,0,24,0,128,"SQ_INSTS_VALU",21018240.000000,2908607589331,2908607792031
274,274,"Agent 1",1,22397,22397,20480,2,"c_f16x2(float*, long long*, int)",32,0,0,24,0,128,"SQ_WAVES",640.000000,2908607589331,2908607792031
275,275,"Agent 1",1,22397,22397,512,10,"__amd_rocclr_copyBuffer",512,0,0,16,0,128,"SQ_INSTS_SALU",184.000000,2908607830583,2908607832987
275,275,"Agent 1",1,22397,22397,512,10,"__amd_rocclr_copyBuffer",512,0,0,16,0,128,"SQ_INSTS_VALU",268.000000,2908607830583,2908607832987
275,275,"Agent 1",1,22397,22397,512,10,"__amd_rocclr_copyBuffer",512,0,0,16,0,128,"SQ_WAVES",16.000000,2908607830583,2908607832987
276,276,"Agent 1",1,22397,22397,20480,3,"c_dp4a(float*, long long*, int)",32,0,0,32,0,128,"SQ_INSTS_SALU",2631040.000000,2908607893060,2908608996165
276,276,"Agent 1",1,22397,22397,20480,3,"c_dp4a(float*, long long*, int)",32,0,0,32,0,128,"SQ_INSTS_VALU",125843200.000000,2908607893060,2908608996165
276,276,"Agent 1",1,22397,22397,20480,3,"c_dp4a(float*, long long*, int)",32,0,0,32,0,128,"SQ_WAVES",640.000000,2908607893060,2908608996165
277,277,"Agent 1",1,22397,22397,20480,3,"c_dp4a(float*, long long*, int)",32,0,0,32,0,128,"SQ_INSTS_SALU",2631040.000000,2908609022775,2908610125639
277,277,"Agent 1",1,22397,22397,20480,3,"c_dp4a(float*, long long*, int)",32,0,0,32,0,128,"SQ_INSTS_VALU",125843200.000000,2908609022775,2908610125639
277,277,"Agent 1",1,22397,22397,20480,3,"c_dp4a(float*, long long*, int)",32,0,0,32,0,128,"SQ_WAVES",640.000000,2908609022775,2908610125639
278,278,"Agent 1",1,22397,22397,20480,3,"c_dp4a(float*, long long*, int)",32,0,0,32,0,128,"SQ_INSTS_SALU",2631040.000000,2908610155135,2908611258119
278,278,"Agent 1",1,22397,22397,20480,3,"c_dp4a(float*, long long*, int)",32,0,0,32,0,128,"SQ_INSTS_VALU",125843200.000000,2908610155135,2908611258119
278,278,"Agent 1",1,22397,22397,20480,3,"c_dp4a(float*, long long*, int)",32,0,0,32,0,128,"SQ_WAVES",640.000000,2908610155135,2908611258119
279,279,"Agent 1",1,22397,22397,20480,3,"c_dp4a(float*, long long*, int)",32,0,0,32,0,128,"SQ_INSTS_SALU",2631040.000000,2908611286613,2908612389357
279,279,"Agent 1",1,22397,22397,20480,3,"c_dp4a(float*, long long*, int)",32,0,0,32,0,128,"SQ_INSTS_VALU",125843200.000000,2908611286613,2908612389357
279,279,"Agent 1",1,22397,22397,20480,3,"c_dp4a(float*, long long*, int)",32,0,0,32,0,128,"SQ_WAVES",640.000000,2908611286613,2908612389357
280,280,"Agent 1",1,22397,22397,20480,3,"c_dp4a(float*, long long*, int)",32,0,0,32,0,128,"SQ_INSTS_SALU",2631040.000000,2908612417650,2908613521036
280,280,"Agent 1",1,22397,22397,20480,3,"c_dp4a(float*, long long*, int)",32,0,0,32,0,128,"SQ_INSTS_VALU",125843200.000000,2908612417650,2908613521036
280,280,"Agent 1",1,22397,22397,20480,3,"c_dp4a(float*, long long*, int)",32,0,0,32,0,128,"SQ_WAVES",640.000000,2908612417650,2908613521036
281,281,"Agent 1",1,22397,22397,20480,3,"c_dp4a(float*, long long*, int)",32,0,0,32,0,128,"SQ_INSTS_SALU",2631040.000000,2908613547445,2908614650029
281,281,"Agent 1",1,22397,22397,20480,3,"c_dp4a(float*, long long*, int)",32,0,0,32,0,128,"SQ_INSTS_VALU",125843200.000000,2908613547445,2908614650029
281,281,"Agent 1",1,22397,22397,20480,3,"c_dp4a(float*, long long*, int)",32,0,0,32,0,128,"SQ_WAVES",640.000000,2908613547445,2908614650029
282,282,"Agent 1",1,22397,22397,20480,3,"c_dp4a(float*, long long*, int)",32,0,0,32,0,128,"SQ_INSTS_SALU",2631040.000000,2908614679164,2908615781187
282,282,"Agent 1",1,22397,22397,20480,3,"c_dp4a(float*, long long*, int)",32,0,0,32,0,128,"SQ_INSTS_VALU",125843200.000000,2908614679164,2908615781187
282,282,"Agent 1",1,22397,22397,20480,3,"c_dp4a(float*, long long*, int)",32,0,0,32,0,128,"SQ_WAVES",640.000000,2908614679164,2908615781187
283,283,"Agent 1",1,22397,22397,20480,3,"c_dp4a(float*, long long*, int)",32,0,0,32,0,128,"SQ_INSTS_SALU",2631040.000000,2908615810041,2908616912825
283,283,"Agent 1",1,22397,22397,20480,3,"c_dp4a(float*, long long*, int)",32,0,0,32,0,128,"SQ_INSTS_VALU",125843200.000000,2908615810041,2908616912825
283,283,"Agent 1",1,22397,22397,20480,3,"c_dp4a(float*, long long*, int)",32,0,0,32,0,128,"SQ_WAVES",640.000000,2908615810041,2908616912825
284,284,"Agent 1",1,22397,22397,20480,3,"c_dp4a(float*, long long*, int)",32,0,0,32,0,128,"SQ_INSTS_SALU",2631040.000000,2908616941840,2908618044544
284,284,"Agent 1",1,22397,22397,20480,3,"c_dp4a(float*, long long*, int)",32,0,0,32,0,128,"SQ_INSTS_VALU",125843200.000000,2908616941840,2908618044544
284,284,"Agent 1",1,22397,22397,20480,3,"c_dp4a(float*, long long*, int)",32,0,0,32,0,128,"SQ_WAVES",640.000000,2908616941840,2908618044544
285,285,"Agent 1",1,22397,22397,20480,3,"c_dp4a(float*, long long*, int)",32,0,0,32,0,128,"SQ_INSTS_SALU",2631040.000000,2908618070633,2908619173217
285,285,"Agent 1",1,22397,22397,20480,3,"c_dp4a(float*, long long*, int)",32,0,0,32,0,128,"SQ_INSTS_VALU",125843200.000000,2908618070633,2908619173217
285,285,"Agent 1",1,22397,22397,20480,3,"c_dp4a(float*, long long*, int)",32,0,0,32,0,128,"SQ_WAVES",640.000000,2908618070633,2908619173217
286,286,"Agent 1",1,22397,22397,20480,3,"c_dp4a(float*, long long*, int)",32,0,0,32,0,128,"SQ_INSTS_SALU",2631040.000000,2908619200749,2908620303773
286,286,"Agent 1",1,22397,22397,20480,3,"c_dp4a(float*, long long*, int)",32,0,0,32,0,128,"SQ_INSTS_VALU",125843200.000000,2908619200749,2908620303773
286,286,"Agent 1",1,22397,22397,20480,3,"c_dp4a(float*, long long*, int)",32,0,0,32,0,128,"SQ_WAVES",640.000000,2908619200749,2908620303773
287,287,"Agent 1",1,22397,22397,20480,3,"c_dp4a(float*, long long*, int)",32,0,0,32,0,128,"SQ_INSTS_SALU",2631040.000000,2908620332066,2908621435532
287,287,"Agent 1",1,22397,22397,20480,3,"c_dp4a(float*, long long*, int)",32,0,0,32,0,128,"SQ_INSTS_VALU",125843200.000000,2908620332066,2908621435532
287,287,"Agent 1",1,22397,22397,20480,3,"c_dp4a(float*, long long*, int)",32,0,0,32,0,128,"SQ_WAVES",640.000000,2908620332066,2908621435532
288,288,"Agent 1",1,22397,22397,20480,3,"c_dp4a(float*, long long*, int)",32,0,0,32,0,128,"SQ_INSTS_SALU",2631040.000000,2908621463785,2908622567451
288,288,"Agent 1",1,22397,22397,20480,3,"c_dp4a(float*, long long*, int)",32,0,0,32,0,128,"SQ_INSTS_VALU",125843200.000000,2908621463785,2908622567451
288,288,"Agent 1",1,22397,22397,20480,3,"c_dp4a(float*, long long*, int)",32,0,0,32,0,128,"SQ_WAVES",640.000000,2908621463785,2908622567451
289,289,"Agent 1",1,22397,22397,20480,3,"c_dp4a(float*, long long*, int)",32,0,0,32,0,128,"SQ_INSTS_SALU",2631040.000000,2908622593380,2908623696084
289,289,"Agent 1",1,22397,22397,20480,3,"c_dp4a(float*, long long*, int)",32,0,0,32,0,128,"SQ_INSTS_VALU",125843200.000000,2908622593380,2908623696084
289,289,"Agent 1",1,22397,22397,20480,3,"c_dp4a(float*, long long*, int)",32,0,0,32,0,128,"SQ_WAVES",640.000000,2908622593380,2908623696084
290,290,"Agent 1",1,22397,22397,20480,3,"c_dp4a(float*, long long*, int)",32,0,0,32,0,128,"SQ_INSTS_SALU",2631040.000000,2908623723335,2908624826120
290,290,"Agent 1",1,22397,22397,20480,3,"c_dp4a(float*, long long*, int)",32,0,0,32,0,128,"SQ_INSTS_VALU",125843200.000000,2908623723335,2908624826120
290,290,"Agent 1",1,22397,22397,20480,3,"c_dp4a(float*, long long*, int)",32,0,0,32,0,128,"SQ_WAVES",640.000000,2908623723335,2908624826120
291,291,"Agent 1",1,22397,22397,20480,3,"c_dp4a(float*, long long*, int)",32,0,0,32,0,128,"SQ_INSTS_SALU",2631040.000000,2908624854092,2908625956917
291,291,"Agent 1",1,22397,22397,20480,3,"c_dp4a(float*, long long*, int)",32,0,0,32,0,128,"SQ_INSTS_VALU",125843200.000000,2908624854092,2908625956917
291,291,"Agent 1",1,22397,22397,20480,3,"c_dp4a(float*, long long*, int)",32,0,0,32,0,128,"SQ_WAVES",640.000000,2908624854092,2908625956917
292,292,"Agent 1",1,22397,22397,20480,3,"c_dp4a(float*, long long*, int)",32,0,0,32,0,128,"SQ_INSTS_SALU",2631040.000000,2908625983887,2908627086631
292,292,"Agent 1",1,22397,22397,20480,3,"c_dp4a(float*, long long*, int)",32,0,0,32,0,128,"SQ_INSTS_VALU",125843200.000000,2908625983887,2908627086631
292,292,"Agent 1",1,22397,22397,20480,3,"c_dp4a(float*, long long*, int)",32,0,0,32,0,128,"SQ_WAVES",640.000000,2908625983887,2908627086631
293,293,"Agent 1",1,22397,22397,20480,3,"c_dp4a(float*, long long*, int)",32,0,0,32,0,128,"SQ_INSTS_SALU",2631040.000000,2908627112600,2908628215625
293,293,"Agent 1",1,22397,22397,20480,3,"c_dp4a(float*, long long*, int)",32,0,0,32,0,128,"SQ_INSTS_VALU",125843200.000000,2908627112600,2908628215625
293,293,"Agent 1",1,22397,22397,20480,3,"c_dp4a(float*, long long*, int)",32,0,0,32,0,128,"SQ_WAVES",640.000000,2908627112600,2908628215625
294,294,"Agent 1",1,22397,22397,20480,3,"c_dp4a(float*, long long*, int)",32,0,0,32,0,128,"SQ_INSTS_SALU",2631040.000000,2908628242555,2908629345059
294,294,"Agent 1",1,22397,22397,20480,3,"c_dp4a(float*, long long*, int)",32,0,0,32,0,128,"SQ_INSTS_VALU",125843200.000000,2908628242555,2908629345059
294,294,"Agent 1",1,22397,22397,20480,3,"c_dp4a(float*, long long*, int)",32,0,0,32,0,128,"SQ_WAVES",640.000000,2908628242555,2908629345059
295,295,"Agent 1",1,22397,22397,20480,3,"c_dp4a(float*, long long*, int)",32,0,0,32,0,128,"SQ_INSTS_SALU",2631040.000000,2908629371268,2908630474013
295,295,"Agent 1",1,22397,22397,20480,3,"c_dp4a(float*, long long*, int)",32,0,0,32,0,128,"SQ_INSTS_VALU",125843200.000000,2908629371268,2908630474013
295,295,"Agent 1",1,22397,22397,20480,3,"c_dp4a(float*, long long*, int)",32,0,0,32,0,128,"SQ_WAVES",640.000000,2908629371268,2908630474013
296,296,"Agent 1",1,22397,22397,20480,3,"c_dp4a(float*, long long*, int)",32,0,0,32,0,128,"SQ_INSTS_SALU",2631040.000000,2908630539255,2908631643362
296,296,"Agent 1",1,22397,22397,20480,3,"c_dp4a(float*, long long*, int)",32,0,0,32,0,128,"SQ_INSTS_VALU",125843200.000000,2908630539255,2908631643362
296,296,"Agent 1",1,22397,22397,20480,3,"c_dp4a(float*, long long*, int)",32,0,0,32,0,128,"SQ_WAVES",640.000000,2908630539255,2908631643362
297,297,"Agent 1",1,22397,22397,20480,3,"c_dp4a(float*, long long*, int)",32,0,0,32,0,128,"SQ_INSTS_SALU",2631040.000000,2908631670132,2908632772075
297,297,"Agent 1",1,22397,22397,20480,3,"c_dp4a(float*, long long*, int)",32,0,0,32,0,128,"SQ_INSTS_VALU",125843200.000000,2908631670132,2908632772075
297,297,"Agent 1",1,22397,22397,20480,3,"c_dp4a(float*, long long*, int)",32,0,0,32,0,128,"SQ_WAVES",640.000000,2908631670132,2908632772075
298,298,"Agent 1",1,22397,22397,20480,3,"c_dp4a(float*, long long*, int)",32,0,0,32,0,128,"SQ_INSTS_SALU",2631040.000000,2908632799286,2908633902712
298,298,"Agent 1",1,22397,22397,20480,3,"c_dp4a(float*, long long*, int)",32,0,0,32,0,128,"SQ_INSTS_VALU",125843200.000000,2908632799286,2908633902712
298,298,"Agent 1",1,22397,22397,20480,3,"c_dp4a(float*, long long*, int)",32,0,0,32,0,128,"SQ_WAVES",640.000000,2908632799286,2908633902712
299,299,"Agent 1",1,22397,22397,20480,3,"c_dp4a(float*, long long*, int)",32,0,0,32,0,128,"SQ_INSTS_SALU",2631040.000000,2908633928360,2908635031425
299,299,"Agent 1",1,22397,22397,20480,3,"c_dp4a(float*, long long*, int)",32,0,0,32,0,128,"SQ_INSTS_VALU",125843200.000000,2908633928360,2908635031425
299,299,"Agent 1",1,22397,22397,20480,3,"c_dp4a(float*, long long*, int)",32,0,0,32,0,128,"SQ_WAVES",640.000000,2908633928360,2908635031425
300,300,"Agent 1",1,22397,22397,512,10,"__amd_rocclr_copyBuffer",512,0,0,16,0,128,"SQ_INSTS_SALU",184.000000,2908635071179,2908635073784
300,300,"Agent 1",1,22397,22397,512,10,"__amd_rocclr_copyBuffer",512,0,0,16,0,128,"SQ_INSTS_VALU",268.000000,2908635071179,2908635073784
300,300,"Agent 1",1,22397,22397,512,10,"__amd_rocclr_copyBuffer",512,0,0,16,0,128,"SQ_WAVES",16.000000,2908635071179,2908635073784
