"Correlation_Id","Dispatch_Id","Agent_Id","Queue_Id","Process_Id","Thread_Id","Grid_Size","Kernel_Id","Kernel_Name","Workgroup_Size","LDS_Block_Size","Scratch_Size","VGPR_Count","Accum_VGPR_Count","SGPR_Count","Counter_Name","Counter_Value","Start_Timestamp","End_Timestamp"
1,1,"Agent 1",1,22593,22593,256,17,"pk_gemm(__half const*, __half const*, __half*, int, int, int)",128,8704,0,208,0,128,"FETCH_SIZE",12707.062500,2982683414819,2982683501461
2,2,"Agent 1",1,22593,22593,2048,17,"pk_gemm(__half const*, __half const*, __half*, int, int, int)",128,8704,0,208,0,128,"FETCH_SIZE",187254.000000,2982691088425,2982691337331
3,3,"Agent 1",1,22593,22593,2048,17,"pk_gemm(__half const*, __half const*, __half*, int, int, int)",128,8704,0,208,0,128,"FETCH_SIZE",195397.375000,2982691931964,2982692178626
4,4,"Agent 1",1,22593,22593,2048,17,"pk_gemm(__half const*, __half const*, __half*, int, int, int)",128,8704,0,208,0,128,"FETCH_SIZE",62081.500000,2982692597009,2982692761477
5,5,"Agent 1",1,22593,22593,2048,17,"pk_gemm(__half const*, __half const*, __half*, int, int, int)",128,8704,0,208,0,128,"FETCH_SIZE",61725.562500,2982693176134,2982693337756
6,6,"Agent 1",1,22593,22593,2048,17,"pk_gemm(__half const*, __half const*, __half*, int, int, int)",128,8704,0,208,0,128,"FETCH_SIZE",61390.375000,2982693753575,2982693914636
7,7,"Agent 1",1,22593,22593,2048,17,"pk_gemm(__half const*, __half const*, __half*, int, int, int)",128,8704,0,208,0,128,"FETCH_SIZE",61569.218750,2982694330896,2982694493280
8,8,"Agent 1",1,22593,22593,2048,17,"pk_gemm(__half const*, __half const*, __half*, int, int, int)",128,8704,0,208,0,128,"FETCH_SIZE",61169.718750,2982694908056,2982695068677
9,9,"Agent 1",1,22593,22593,2048,17,"pk_gemm(__half const*, __half const*, __half*, int, int, int)",128,8704,0,208,0,128,"FETCH_SIZE",61320.968750,2982695484495,2982695645356
10,10,"Agent 1",1,22593,22593,2048,17,"pk_gemm(__half const*, __half const*, __half*, int, int, int)",128,8704,0,208,0,128,"FETCH_SIZE",197472.937500,2982696087264,2982696332323
11,11,"Agent 1",1,22593,22593,2048,17,"pk_gemm(__half const*, __half const*, __half*, int, int, int)",128,8704,0,208,0,128,"FETCH_SIZE",465437.000000,2982696964266,2982697366779
12,12,"Agent 1",1,22593,22593,2048,17,"pk_gemm(__half const*, __half const*, __half*, int, int, int)",128,8704,0,208,0,128,"FETCH_SIZE",328959.031250,2982698023168,2982698343047
13,13,"Agent 1",1,22593,22593,2048,17,"pk_gemm(__half const*, __half const*, __half*, int, int, int)",128,8704,0,208,0,128,"FETCH_SIZE",315147.312500,2982698940566,2982699255235
14,14,"Agent 1",1,22593,22593,2048,17,"pk_gemm(__half const*, __half const*, __half*, int, int, int)",128,8704,0,208,0,128,"FETCH_SIZE",62732.250000,2982699715777,2982699887659
15,15,"Agent 1",1,22593,22593,2048,17,"pk_gemm(__half const*, __half const*, __half*, int, int, int)",128,8704,0,208,0,128,"FETCH_SIZE",62765.062500,2982700307205,2982700467064
16,16,"Agent 1",1,22593,22593,2048,17,"pk_gemm(__half const*, __half const*, __half*, int, int, int)",128,8704,0,208,0,128,"FETCH_SIZE",61850.125000,2982700888373,2982701049554
17,17,"Agent 1",1,22593,22593,2048,17,"pk_gemm(__half const*, __half const*, __half*, int, int, int)",128,8704,0,208,0,128,"FETCH_SIZE",61438.375000,2982701466655,2982701628037
18,18,"Agent 1",1,22593,22593,2048,17,"pk_gemm(__half const*, __half const*, __half*, int, int, int)",128,8704,0,208,0,128,"FETCH_SIZE",61356.468750,2982702045659,2982702206440
19,19,"Agent 1",1,22593,22593,2048,17,"pk_gemm(__half const*, __half const*, __half*, int, int, int)",128,8704,0,208,0,128,"FETCH_SIZE",61518.687500,2982702624543,2982702786005
20,20,"Agent 1",1,22593,22593,2048,17,"pk_gemm(__half const*, __half const*, __half*, int, int, int)",128,8704,0,208,0,128,"FETCH_SIZE",61507.000000,2982703203347,2982703364969
21,21,"Agent 1",1,22593,22593,2048,17,"pk_gemm(__half const*, __half const*, __half*, int, int, int)",128,8704,0,208,0,128,"FETCH_SIZE",61472.531250,2982703783433,2982703944775
22,22,"Agent 1",1,22593,22593,2048,17,"pk_gemm(__half const*, __half const*, __half*, int, int, int)",128,8704,0,208,0,128,"FETCH_SIZE",61363.250000,2982704362998,2982704524099
23,23,"Agent 1",1,22593,22593,2048,17,"pk_gemm(__half const*, __half const*, __half*, int, int, int)",128,8704,0,208,0,128,"FETCH_SIZE",61537.468750,2982704940760,2982705101781
24,24,"Agent 1",1,22593,22593,2048,17,"pk_gemm(__half const*, __half const*, __half*, int, int, int)",128,8704,0,208,0,128,"FETCH_SIZE",61906.375000,2982705518882,2982705680905
25,25,"Agent 1",1,22593,22593,2048,17,"pk_gemm(__half const*, __half const*, __half*, int, int, int)",128,8704,0,208,0,128,"FETCH_SIZE",61455.687500,2982706099048,2982706260711
26,26,"Agent 1",1,22593,22593,2048,17,"pk_gemm(__half const*, __half const*, __half*, int, int, int)",128,8704,0,208,0,128,"FETCH_SIZE",61531.062500,2982706677651,2982706838953
27,27,"Agent 1",1,22593,22593,2048,17,"pk_gemm(__half const*, __half const*, __half*, int, int, int)",128,8704,0,208,0,128,"FETCH_SIZE",61582.156250,2982707255573,2982707416755
28,28,"Agent 1",1,22593,22593,2048,17,"pk_gemm(__half const*, __half const*, __half*, int, int, int)",128,8704,0,208,0,128,"FETCH_SIZE",61882.406250,2982707833015,2982707994557
29,29,"Agent 1",1,22593,22593,2048,17,"pk_gemm(__half const*, __half const*, __half*, int, int, int)",128,8704,0,208,0,128,"FETCH_SIZE",61758.718750,2982708412459,2982708573922
30,30,"Agent 1",1,22593,22593,2048,17,"pk_gemm(__half const*, __half const*, __half*, int, int, int)",128,8704,0,208,0,128,"FETCH_SIZE",61564.250000,2982708990502,2982709151964
31,31,"Agent 1",1,22593,22593,2048,17,"pk_gemm(__half const*, __half const*, __half*, int, int, int)",128,8704,0,208,0,128,"FETCH_SIZE",61875.906250,2982709570027,2982709731208
32,32,"Agent 1",1,22593,22593,2048,17,"pk_gemm(__half const*, __half const*, __half*, int, int, int)",128,8704,0,208,0,128,"FETCH_SIZE",61727.218750,2982710148870,2982710310373
33,33,"Agent 1",1,22593,22593,2048,17,"pk_gemm(__half const*, __half const*, __half*, int, int, int)",128,8704,0,208,0,128,"FETCH_SIZE",61270.093750,2982710726111,2982710886571
34,34,"Agent 1",1,22593,22593,2048,17,"pk_gemm(__half const*, __half const*, __half*, int, int, int)",128,8704,0,208,0,128,"FETCH_SIZE",61693.218750,2982711301909,2982711464013
35,35,"Agent 1",1,22593,22593,2048,17,"pk_gemm(__half const*, __half const*, __half*, int, int, int)",128,8704,0,208,0,128,"FETCH_SIZE",61469.656250,2982711878949,2982712040051
36,36,"Agent 1",1,22593,22593,2048,17,"pk_gemm(__half const*, __half const*, __half*, int, int, int)",128,8704,0,208,0,128,"FETCH_SIZE",61642.250000,2982712456110,2982712617252
37,37,"Agent 1",1,22593,22593,2048,17,"pk_gemm(__half const*, __half const*, __half*, int, int, int)",128,8704,0,208,0,128,"FETCH_SIZE",61377.375000,2982713032549,2982713194292
38,38,"Agent 1",1,22593,22593,2048,17,"pk_gemm(__half const*, __half const*, __half*, int, int, int)",128,8704,0,208,0,128,"FETCH_SIZE",61626.437500,2982713609990,2982713771332
39,39,"Agent 1",1,22593,22593,2048,17,"pk_gemm(__half const*, __half const*, __half*, int, int, int)",128,8704,0,208,0,128,"FETCH_SIZE",61832.875000,2982714187191,2982714349054
40,40,"Agent 1",1,22593,22593,2048,17,"pk_gemm(__half const*, __half const*, __half*, int, int, int)",128,8704,0,208,0,128,"FETCH_SIZE",61464.062500,2982714789599,2982714950700
41,41,"Agent 1",1,22593,22593,2048,17,"pk_gemm(__half const*, __half const*, __half*, int, int, int)",128,8704,0,208,0,128,"FETCH_SIZE",61456.312500,2982715372610,2982715533632
42,42,"Agent 1",1,22593,22593,2048,17,"pk_gemm(__half const*, __half const*, __half*, int, int, int)",128,8704,0,208,0,128,"FETCH_SIZE",62653.968750,2982716024150,2982716196192
43,43,"Agent 1",1,22593,22593,2048,17,"pk_gemm(__half const*, __half const*, __half*, int, int, int)",128,8704,0,208,0,128,"FETCH_SIZE",62428.218750,2982716617902,2982716776278
44,44,"Agent 1",1,22593,22593,2048,17,"pk_gemm(__half const*, __half const*, __half*, int, int, int)",128,8704,0,208,0,128,"FETCH_SIZE",61614.281250,2982717196786,2982717358448
45,45,"Agent 1",1,22593,22593,2048,17,"pk_gemm(__half const*, __half const*, __half*, int, int, int)",128,8704,0,208,0,128,"FETCH_SIZE",61041.375000,2982717779597,2982717940538
46,46,"Agent 1",1,22593,22593,2048,17,"pk_gemm(__half const*, __half const*, __half*, int, int, int)",128,8704,0,208,0,128,"FETCH_SIZE",61228.500000,2982718359002,2982718519863
47,47,"Agent 1",1,22593,22593,2048,17,"pk_gemm(__half const*, __half const*, __half*, int, int, int)",128,8704,0,208,0,128,"FETCH_SIZE",61318.906250,2982718939769,2982719101071
48,48,"Agent 1",1,22593,22593,2048,17,"pk_gemm(__half const*, __half const*, __half*, int, int, int)",128,8704,0,208,0,128,"FETCH_SIZE",61572.875000,2982719520256,2982719681397
49,49,"Agent 1",1,22593,22593,2048,17,"pk_gemm(__half const*, __half const*, __half*, int, int, int)",128,8704,0,208,0,128,"FETCH_SIZE",61585.343750,2982720098781,2982720260885
50,50,"Agent 1",1,22593,22593,2048,17,"pk_gemm(__half const*, __half const*, __half*, int, int, int)",128,8704,0,208,0,128,"FETCH_SIZE",61465.843750,2982720683155,2982720844056
51,51,"Agent 1",1,22593,22593,2048,17,"pk_gemm(__half const*, __half const*, __half*, int, int, int)",128,8704,0,208,0,128,"FETCH_SIZE",61674.437500,2982721262961,2982721424383
52,52,"Agent 1",1,22593,22593,2048,17,"pk_gemm(__half const*, __half const*, __half*, int, int, int)",128,8704,0,208,0,128,"FETCH_SIZE",61231.718750,2982721843087,2982722004469
53,53,"Agent 1",1,22593,22593,2048,17,"pk_gemm(__half const*, __half const*, __half*, int, int, int)",128,8704,0,208,0,128,"FETCH_SIZE",61831.750000,2982722423694,2982722584876
54,54,"Agent 1",1,22593,22593,2048,17,"pk_gemm(__half const*, __half const*, __half*, int, int, int)",128,8704,0,208,0,128,"FETCH_SIZE",61368.281250,2982723002017,2982723163560
55,55,"Agent 1",1,22593,22593,2048,17,"pk_gemm(__half const*, __half const*, __half*, int, int, int)",128,8704,0,208,0,128,"FETCH_SIZE",61664.812500,2982723580821,2982723742564
56,56,"Agent 1",1,22593,22593,2048,17,"pk_gemm(__half const*, __half const*, __half*, int, int, int)",128,8704,0,208,0,128,"FETCH_SIZE",61312.093750,2982724159264,2982724320366
57,57,"Agent 1",1,22593,22593,2048,17,"pk_gemm(__half const*, __half const*, __half*, int, int, int)",128,8704,0,208,0,128,"FETCH_SIZE",61133.218750,2982724738349,2982724899411
58,58,"Agent 1",1,22593,22593,2048,17,"pk_gemm(__half const*, __half const*, __half*, int, int, int)",128,8704,0,208,0,128,"FETCH_SIZE",61414.687500,2982725317674,2982725478495
59,59,"Agent 1",1,22593,22593,2048,17,"pk_gemm(__half const*, __half const*, __half*, int, int, int)",128,8704,0,208,0,128,"FETCH_SIZE",61836.843750,2982725896638,2982726058702
60,60,"Agent 1",1,22593,22593,2048,17,"pk_gemm(__half const*, __half const*, __half*, int, int, int)",128,8704,0,208,0,128,"FETCH_SIZE",61272.156250,2982726475843,2982726637025
61,61,"Agent 1",1,22593,22593,2048,17,"pk_gemm(__half const*, __half const*, __half*, int, int, int)",128,8704,0,208,0,128,"FETCH_SIZE",61765.375000,2982727054566,2982727215909
62,62,"Agent 1",1,22593,22593,2048,17,"pk_gemm(__half const*, __half const*, __half*, int, int, int)",128,8704,0,208,0,128,"FETCH_SIZE",61303.343750,2982727632649,2982727794192
63,63,"Agent 1",1,22593,22593,2048,17,"pk_gemm(__half const*, __half const*, __half*, int, int, int)",128,8704,0,208,0,128,"FETCH_SIZE",61414.031250,2982728210331,2982728371312
64,64,"Agent 1",1,22593,22593,2048,17,"pk_gemm(__half const*, __half const*, __half*, int, int, int)",128,8704,0,208,0,128,"FETCH_SIZE",61775.625000,2982728787211,2982728949114
65,65,"Agent 1",1,22593,22593,2048,17,"pk_gemm(__half const*, __half const*, __half*, int, int, int)",128,8704,0,208,0,128,"FETCH_SIZE",61643.687500,2982729365254,2982729526876
66,66,"Agent 1",1,22593,22593,2048,17,"pk_gemm(__half const*, __half const*, __half*, int, int, int)",128,8704,0,208,0,128,"FETCH_SIZE",61335.062500,2982729942935,2982730104238
67,67,"Agent 1",1,22593,22593,2048,17,"pk_gemm(__half const*, __half const*, __half*, int, int, int)",128,8704,0,208,0,128,"FETCH_SIZE",61922.781250,2982730520657,2982730682240
68,68,"Agent 1",1,22593,22593,2048,17,"pk_gemm(__half const*, __half const*, __half*, int, int, int)",128,8704,0,208,0,128,"FETCH_SIZE",61444.968750,2982731097057,2982731258319
69,69,"Agent 1",1,22593,22593,2048,17,"pk_gemm(__half const*, __half const*, __half*, int, int, int)",128,8704,0,208,0,128,"FETCH_SIZE",61534.375000,2982731674057,2982731835720
70,70,"Agent 1",1,22593,22593,2048,17,"pk_gemm(__half const*, __half const*, __half*, int, int, int)",128,8704,0,208,0,128,"FETCH_SIZE",61046.656250,2982732274021,2982732435403
71,71,"Agent 1",1,22593,22593,2048,17,"pk_gemm(__half const*, __half const*, __half*, int, int, int)",128,8704,0,208,0,128,"FETCH_SIZE",61662.781250,2982732852424,2982733013405
72,72,"Agent 1",1,22593,22593,2048,17,"pk_gemm(__half const*, __half const*, __half*, int, int, int)",128,8704,0,208,0,128,"FETCH_SIZE",61750.062500,2982733433272,2982733594694
73,73,"Agent 1",1,22593,22593,2048,17,"pk_gemm(__half const*, __half const*, __half*, int, int, int)",128,8704,0,208,0,128,"FETCH_SIZE",61546.750000,2982734016284,2982734177786
74,74,"Agent 1",1,22593,22593,2048,17,"pk_gemm(__half const*, __half const*, __half*, int, int, int)",128,8704,0,208,0,128,"FETCH_SIZE",61459.593750,2982734598334,2982734759916
75,75,"Agent 1",1,22593,22593,2048,17,"pk_gemm(__half const*, __half const*, __half*, int, int, int)",128,8704,0,208,0,128,"FETCH_SIZE",61506.906250,2982735181987,2982735343329
76,76,"Agent 1",1,22593,22593,2048,17,"pk_gemm(__half const*, __half const*, __half*, int, int, int)",128,8704,0,208,0,128,"FETCH_SIZE",61656.812500,2982735763195,2982735924537
77,77,"Agent 1",1,22593,22593,2048,17,"pk_gemm(__half const*, __half const*, __half*, int, int, int)",128,8704,0,208,0,128,"FETCH_SIZE",61293.562500,2982736344403,2982736505906
78,78,"Agent 1",1,22593,22593,2048,17,"pk_gemm(__half const*, __half const*, __half*, int, int, int)",128,8704,0,208,0,128,"FETCH_SIZE",61592.156250,2982736925932,2982737087034
79,79,"Agent 1",1,22593,22593,2048,17,"pk_gemm(__half const*, __half const*, __half*, int, int, int)",128,8704,0,208,0,128,"FETCH_SIZE",61503.593750,2982737507061,2982737668563
80,80,"Agent 1",1,22593,22593,2048,17,"pk_gemm(__half const*, __half const*, __half*, int, int, int)",128,8704,0,208,0,128,"FETCH_SIZE",61649.687500,2982738087708,2982738249331
81,81,"Agent 1",1,22593,22593,2048,17,"pk_gemm(__half const*, __half const*, __half*, int, int, int)",128,8704,0,208,0,128,"FETCH_SIZE",61656.343750,2982738669397,2982738830820
82,82,"Agent 1",1,22593,22593,2048,17,"pk_gemm(__half const*, __half const*, __half*, int, int, int)",128,8704,0,208,0,128,"FETCH_SIZE",61348.437500,2982739251047,2982739412349
83,83,"Agent 1",1,22593,22593,2048,17,"pk_gemm(__half const*, __half const*, __half*, int, int, int)",128,8704,0,208,0,128,"FETCH_SIZE",61609.750000,2982739831814,2982739992916
84,84,"Agent 1",1,22593,22593,2048,17,"pk_gemm(__half const*, __half const*, __half*, int, int, int)",128,8704,0,208,0,128,"FETCH_SIZE",61720.343750,2982740410859,2982740572601
85,85,"Agent 1",1,22593,22593,2048,17,"pk_gemm(__half const*, __half const*, __half*, int, int, int)",128,8704,0,208,0,128,"FETCH_SIZE",61207.968750,2982740988901,2982741150444
86,86,"Agent 1",1,22593,22593,2048,17,"pk_gemm(__half const*, __half const*, __half*, int, int, int)",128,8704,0,208,0,128,"FETCH_SIZE",61779.437500,2982741567144,2982741728326
87,87,"Agent 1",1,22593,22593,2048,17,"pk_gemm(__half const*, __half const*, __half*, int, int, int)",128,8704,0,208,0,128,"FETCH_SIZE",61110.625000,2982742145948,2982742307090
88,88,"Agent 1",1,22593,22593,2048,17,"pk_gemm(__half const*, __half const*, __half*, int, int, int)",128,8704,0,208,0,128,"FETCH_SIZE",61703.843750,2982742725633,2982742886935
89,89,"Agent 1",1,22593,22593,2048,17,"pk_gemm(__half const*, __half const*, __half*, int, int, int)",128,8704,0,208,0,128,"FETCH_SIZE",61433.000000,2982743302434,2982743463896
90,90,"Agent 1",1,22593,22593,2048,17,"pk_gemm(__half const*, __half const*, __half*, int, int, int)",128,8704,0,208,0,128,"FETCH_SIZE",61697.562500,2982743882360,2982744044183
91,91,"Agent 1",1,22593,22593,2048,17,"pk_gemm(__half const*, __half const*, __half*, int, int, int)",128,8704,0,208,0,128,"FETCH_SIZE",61370.281250,2982744460803,2982744621744
92,92,"Agent 1",1,22593,22593,2048,17,"pk_gemm(__half const*, __half const*, __half*, int, int, int)",128,8704,0,208,0,128,"FETCH_SIZE",61594.437500,2982745039006,2982745199947
93,93,"Agent 1",1,22593,22593,2048,17,"pk_gemm(__half const*, __half const*, __half*, int, int, int)",128,8704,0,208,0,128,"FETCH_SIZE",61495.031250,2982745616727,2982745777669
94,94,"Agent 1",1,22593,22593,2048,17,"pk_gemm(__half const*, __half const*, __half*, int, int, int)",128,8704,0,208,0,128,"FETCH_SIZE",61634.250000,2982746194449,2982746356192
95,95,"Agent 1",1,22593,22593,2048,17,"pk_gemm(__half const*, __half const*, __half*, int, int, int)",128,8704,0,208,0,128,"FETCH_SIZE",61377.750000,2982746772973,2982746933754
96,96,"Agent 1",1,22593,22593,2048,17,"pk_gemm(__half const*, __half const*, __half*, int, int, int)",128,8704,0,208,0,128,"FETCH_SIZE",61720.250000,2982747349773,2982747511195
97,97,"Agent 1",1,22593,22593,2048,17,"pk_gemm(__half const*, __half const*, __half*, int, int, int)",128,8704,0,208,0,128,"FETCH_SIZE",61384.062500,2982747926413,2982748087835
98,98,"Agent 1",1,22593,22593,2048,17,"pk_gemm(__half const*, __half const*, __half*, int, int, int)",128,8704,0,208,0,128,"FETCH_SIZE",61464.718750,2982748504095,2982748665316
99,99,"Agent 1",1,22593,22593,2048,17,"pk_gemm(__half const*, __half const*, __half*, int, int, int)",128,8704,0,208,0,128,"FETCH_SIZE",61261.750000,2982749080013,2982749241355
100,100,"Agent 1",1,22593,22593,2048,17,"pk_gemm(__half const*, __half const*, __half*, int, int, int)",128,8704,0,208,0,128,"FETCH_SIZE",61159.031250,2982749674727,2982749835869
101,101,"Agent 1",1,22593,22593,2048,17,"pk_gemm(__half const*, __half const*, __half*, int, int, int)",128,8704,0,208,0,128,"FETCH_SIZE",61386.125000,2982750257618,2982750418520
102,102,"Agent 1",1,22593,22593,2048,17,"pk_gemm(__half const*, __half const*, __half*, int, int, int)",128,8704,0,208,0,128,"FETCH_SIZE",61594.781250,2982750838827,2982751000209
103,103,"Agent 1",1,22593,22593,2048,17,"pk_gemm(__half const*, __half const*, __half*, int, int, int)",128,8704,0,208,0,128,"FETCH_SIZE",61548.468750,2982751419995,2982751580896
104,104,"Agent 1",1,22593,22593,2048,17,"pk_gemm(__half const*, __half const*, __half*, int, int, int)",128,8704,0,208,0,128,"FETCH_SIZE",61678.218750,2982752000001,2982752161985
105,105,"Agent 1",1,22593,22593,2048,17,"pk_gemm(__half const*, __half const*, __half*, int, int, int)",128,8704,0,208,0,128,"FETCH_SIZE",61550.781250,2982752583213,2982752745077
106,106,"Agent 1",1,22593,22593,2048,17,"pk_gemm(__half const*, __half const*, __half*, int, int, int)",128,8704,0,208,0,128,"FETCH_SIZE",61340.437500,2982753166746,2982753327607
107,107,"Agent 1",1,22593,22593,2048,17,"pk_gemm(__half const*, __half const*, __half*, int, int, int)",128,8704,0,208,0,128,"FETCH_SIZE",61298.218750,2982753747313,2982753908776
108,108,"Agent 1",1,22593,22593,2048,17,"pk_gemm(__half const*, __half const*, __half*, int, int, int)",128,8704,0,208,0,128,"FETCH_SIZE",61510.156250,2982754328362,2982754489423
109,109,"Agent 1",1,22593,22593,2048,17,"pk_gemm(__half const*, __half const*, __half*, int, int, int)",128,8704,0,208,0,128,"FETCH_SIZE",61850.500000,2982754906564,2982755068387
110,110,"Agent 1",1,22593,22593,2048,17,"pk_gemm(__half const*, __half const*, __half*, int, int, int)",128,8704,0,208,0,128,"FETCH_SIZE",61633.562500,2982755486651,2982755648514
111,111,"Agent 1",1,22593,22593,2048,17,"pk_gemm(__half const*, __half const*, __half*, int, int, int)",128,8704,0,208,0,128,"FETCH_SIZE",61508.312500,2982756068420,2982756229642
112,112,"Agent 1",1,22593,22593,2048,17,"pk_gemm(__half const*, __half const*, __half*, int, int, int)",128,8704,0,208,0,128,"FETCH_SIZE",61518.687500,2982756647224,2982756808246
113,113,"Agent 1",1,22593,22593,2048,17,"pk_gemm(__half const*, __half const*, __half*, int, int, int)",128,8704,0,208,0,128,"FETCH_SIZE",61440.937500,2982757225547,2982757386929
114,114,"Agent 1",1,22593,22593,2048,17,"pk_gemm(__half const*, __half const*, __half*, int, int, int)",128,8704,0,208,0,128,"FETCH_SIZE",61484.062500,2982757804191,2982757966014
115,115,"Agent 1",1,22593,22593,2048,17,"pk_gemm(__half const*, __half const*, __half*, int, int, int)",128,8704,0,208,0,128,"FETCH_SIZE",61252.343750,2982758382674,2982758544176
116,116,"Agent 1",1,22593,22593,2048,17,"pk_gemm(__half const*, __half const*, __half*, int, int, int)",128,8704,0,208,0,128,"FETCH_SIZE",61609.250000,2982758960436,2982759121377
117,117,"Agent 1",1,22593,22593,2048,17,"pk_gemm(__half const*, __half const*, __half*, int, int, int)",128,8704,0,208,0,128,"FETCH_SIZE",61533.312500,2982759538078,2982759699380
118,118,"Agent 1",1,22593,22593,2048,17,"pk_gemm(__half const*, __half const*, __half*, int, int, int)",128,8704,0,208,0,128,"FETCH_SIZE",61328.781250,2982760116801,2982760277583
119,119,"Agent 1",1,22593,22593,2048,17,"pk_gemm(__half const*, __half const*, __half*, int, int, int)",128,8704,0,208,0,128,"FETCH_SIZE",61278.625000,2982760695645,2982760857068
120,120,"Agent 1",1,22593,22593,2048,17,"pk_gemm(__half const*, __half const*, __half*, int, int, int)",128,8704,0,208,0,128,"FETCH_SIZE",61341.843750,2982761274329,2982761435551
121,121,"Agent 1",1,22593,22593,2048,17,"pk_gemm(__half const*, __half const*, __half*, int, int, int)",128,8704,0,208,0,128,"FETCH_SIZE",61471.000000,2982761853734,2982762014435
122,122,"Agent 1",1,22593,22593,2048,17,"pk_gemm(__half const*, __half const*, __half*, int, int, int)",128,8704,0,208,0,128,"FETCH_SIZE",61359.093750,2982762433019,2982762594081
123,123,"Agent 1",1,22593,22593,2048,17,"pk_gemm(__half const*, __half const*, __half*, int, int, int)",128,8704,0,208,0,128,"FETCH_SIZE",61410.906250,2982763009579,2982763170079
124,124,"Agent 1",1,22593,22593,2048,17,"pk_gemm(__half const*, __half const*, __half*, int, int, int)",128,8704,0,208,0,128,"FETCH_SIZE",61341.031250,2982763586178,2982763747601
125,125,"Agent 1",1,22593,22593,2048,17,"pk_gemm(__half const*, __half const*, __half*, int, int, int)",128,8704,0,208,0,128,"FETCH_SIZE",61216.500000,2982764163860,2982764325042
126,126,"Agent 1",1,22593,22593,2048,17,"pk_gemm(__half const*, __half const*, __half*, int, int, int)",128,8704,0,208,0,128,"FETCH_SIZE",61581.718750,2982764739739,2982764901001
127,127,"Agent 1",1,22593,22593,2048,17,"pk_gemm(__half const*, __half const*, __half*, int, int, int)",128,8704,0,208,0,128,"FETCH_SIZE",61258.843750,2982765317380,2982765478602
128,128,"Agent 1",1,22593,22593,2048,17,"pk_gemm(__half const*, __half const*, __half*, int, int, int)",128,8704,0,208,0,128,"FETCH_SIZE",61203.750000,2982765893482,2982766053983
129,129,"Agent 1",1,22593,22593,2048,17,"pk_gemm(__half const*, __half const*, __half*, int, int, int)",128,8704,0,208,0,128,"FETCH_SIZE",61681.500000,2982766472566,2982766633787
130,130,"Agent 1",1,22593,22593,8192,17,"pk_gemm(__half const*, __half const*, __half*, int, int, int)",128,8704,0,208,0,128,"FETCH_SIZE",346397.593750,2982794429829,2982794922952
131,131,"Agent 1",1,22593,22593,8192,17,"pk_gemm(__half const*, __half const*, __half*, int, int, int)",128,8704,0,208,0,128,"FETCH_SIZE",370183.062500,2982795342497,2982795828607
132,132,"Agent 1",1,22593,22593,8192,17,"pk_gemm(__half const*, __half const*, __half*, int, int, int)",128,8704,0,208,0,128,"FETCH_SIZE",338505.468750,2982796247632,2982796744482
133,133,"Agent 1",1,22593,22593,8192,17,"pk_gemm(__half const*, __half const*, __half*, int, int, int)",128,8704,0,208,0,128,"FETCH_SIZE",339628.593750,2982797163547,2982797662922
134,134,"Agent 1",1,22593,22593,8192,17,"pk_gemm(__half const*, __half const*, __half*, int, int, int)",128,8704,0,208,0,128,"FETCH_SIZE",350147.281250,2982798081185,2982798578075
135,135,"Agent 1",1,22593,22593,8192,17,"pk_gemm(__half const*, __half const*, __half*, int, int, int)",128,8704,0,208,0,128,"FETCH_SIZE",359577.250000,2982798996098,2982799488660
136,136,"Agent 1",1,22593,22593,8192,17,"pk_gemm(__half const*, __half const*, __half*, int, int, int)",128,8704,0,208,0,128,"FETCH_SIZE",360354.031250,2982799905761,2982800394275
137,137,"Agent 1",1,22593,22593,8192,17,"pk_gemm(__half const*, __half const*, __half*, int, int, int)",128,8704,0,208,0,128,"FETCH_SIZE",393142.812500,2982800812058,2982801299731
138,138,"Agent 1",1,22593,22593,8192,17,"pk_gemm(__half const*, __half const*, __half*, int, int, int)",128,8704,0,208,0,128,"FETCH_SIZE",383161.156250,2982801738111,2982802244379
139,139,"Agent 1",1,22593,22593,8192,17,"pk_gemm(__half const*, __half const*, __half*, int, int, int)",128,8704,0,208,0,128,"FETCH_SIZE",1992153.093750,2982802667852,2982803348406
140,140,"Agent 1",1,22593,22593,8192,17,"pk_gemm(__half const*, __half const*, __half*, int, int, int)",128,8704,0,208,0,128,"FETCH_SIZE",340109.312500,2982803775245,2982804257388
141,141,"Agent 1",1,22593,22593,8192,17,"pk_gemm(__half const*, __half const*, __half*, int, int, int)",128,8704,0,208,0,128,"FETCH_SIZE",379845.531250,2982804678497,2982805181598
142,142,"Agent 1",1,22593,22593,8192,17,"pk_gemm(__half const*, __half const*, __half*, int, int, int)",128,8704,0,208,0,128,"FETCH_SIZE",330880.812500,2982805606113,2982806102603
143,143,"Agent 1",1,22593,22593,8192,17,"pk_gemm(__half const*, __half const*, __half*, int, int, int)",128,8704,0,208,0,128,"FETCH_SIZE",405652.343750,2982806526837,2982807021443
144,144,"Agent 1",1,22593,22593,8192,17,"pk_gemm(__half const*, __half const*, __half*, int, int, int)",128,8704,0,208,0,128,"FETCH_SIZE",415060.062500,2982807445317,2982807930225
145,145,"Agent 1",1,22593,22593,8192,17,"pk_gemm(__half const*, __half const*, __half*, int, int, int)",128,8704,0,208,0,128,"FETCH_SIZE",373421.937500,2982808353497,2982808847582
146,146,"Agent 1",1,22593,22593,8192,17,"pk_gemm(__half const*, __half const*, __half*, int, int, int)",128,8704,0,208,0,128,"FETCH_SIZE",383277.187500,2982809269452,2982809776802
147,147,"Agent 1",1,22593,22593,8192,17,"pk_gemm(__half const*, __half const*, __half*, int, int, int)",128,8704,0,208,0,128,"FETCH_SIZE",382604.875000,2982810196668,2982810700411
148,148,"Agent 1",1,22593,22593,8192,17,"pk_gemm(__half const*, __half const*, __half*, int, int, int)",128,8704,0,208,0,128,"FETCH_SIZE",396828.750000,2982811122521,2982811623339
149,149,"Agent 1",1,22593,22593,8192,17,"pk_gemm(__half const*, __half const*, __half*, int, int, int)",128,8704,0,208,0,128,"FETCH_SIZE",381364.562500,2982812043085,2982812542500
150,150,"Agent 1",1,22593,22593,8192,17,"pk_gemm(__half const*, __half const*, __half*, int, int, int)",128,8704,0,208,0,128,"FETCH_SIZE",379198.500000,2982812962566,2982813455569
151,151,"Agent 1",1,22593,22593,8192,17,"pk_gemm(__half const*, __half const*, __half*, int, int, int)",128,8704,0,208,0,128,"FETCH_SIZE",351775.312500,2982813876558,2982814379780
152,152,"Agent 1",1,22593,22593,8192,17,"pk_gemm(__half const*, __half const*, __half*, int, int, int)",128,8704,0,208,0,128,"FETCH_SIZE",332134.406250,2982814799245,2982815300544
153,153,"Agent 1",1,22593,22593,8192,17,"pk_gemm(__half const*, __half const*, __half*, int, int, int)",128,8704,0,208,0,128,"FETCH_SIZE",435768.718750,2982815720129,2982816223552
154,154,"Agent 1",1,22593,22593,8192,17,"pk_gemm(__half const*, __half const*, __half*, int, int, int)",128,8704,0,208,0,128,"FETCH_SIZE",380889.437500,2982816644219,2982817136501
155,155,"Agent 1",1,22593,22593,8192,17,"pk_gemm(__half const*, __half const*, __half*, int, int, int)",128,8704,0,208,0,128,"FETCH_SIZE",365591.968750,2982817556247,2982818052015
156,156,"Agent 1",1,22593,22593,8192,17,"pk_gemm(__half const*, __half const*, __half*, int, int, int)",128,8704,0,208,0,128,"FETCH_SIZE",357269.500000,2982818471721,2982818985843
157,157,"Agent 1",1,22593,22593,8192,17,"pk_gemm(__half const*, __half const*, __half*, int, int, int)",128,8704,0,208,0,128,"FETCH_SIZE",355031.937500,2982819406190,2982819902399
158,158,"Agent 1",1,22593,22593,8192,17,"pk_gemm(__half const*, __half const*, __half*, int, int, int)",128,8704,0,208,0,128,"FETCH_SIZE",353676.312500,2982820320783,2982820839674
159,159,"Agent 1",1,22593,22593,8192,17,"pk_gemm(__half const*, __half const*, __half*, int, int, int)",128,8704,0,208,0,128,"FETCH_SIZE",359306.031250,2982821260823,2982821751662
160,160,"Agent 1",1,22593,22593,8192,17,"pk_gemm(__half const*, __half const*, __half*, int, int, int)",128,8704,0,208,0,128,"FETCH_SIZE",346016.593750,2982822169404,2982822664090
161,161,"Agent 1",1,22593,22593,8192,17,"pk_gemm(__half const*, __half const*, __half*, int, int, int)",128,8704,0,208,0,128,"FETCH_SIZE",354564.968750,2982823083074,2982823586858
162,162,"Agent 1",1,22593,22593,8192,17,"pk_gemm(__half const*, __half const*, __half*, int, int, int)",128,8704,0,208,0,128,"FETCH_SIZE",406830.281250,2982824011532,2982824514313
163,163,"Agent 1",1,22593,22593,8192,17,"pk_gemm(__half const*, __half const*, __half*, int, int, int)",128,8704,0,208,0,128,"FETCH_SIZE",346178.406250,2982824933739,2982825427904
164,164,"Agent 1",1,22593,22593,8192,17,"pk_gemm(__half const*, __half const*, __half*, int, int, int)",128,8704,0,208,0,128,"FETCH_SIZE",388128.218750,2982825845967,2982826334401
165,165,"Agent 1",1,22593,22593,8192,17,"pk_gemm(__half const*, __half const*, __half*, int, int, int)",128,8704,0,208,0,128,"FETCH_SIZE",370384.000000,2982826752624,2982827245828
166,166,"Agent 1",1,22593,22593,8192,17,"pk_gemm(__half const*, __half const*, __half*, int, int, int)",128,8704,0,208,0,128,"FETCH_SIZE",408341.781250,2982827664371,2982828176049
167,167,"Agent 1",1,22593,22593,8192,17,"pk_gemm(__half const*, __half const*, __half*, int, int, int)",128,8704,0,208,0,128,"FETCH_SIZE",419567.468750,2982828594553,2982829098136
168,168,"Agent 1",1,22593,22593,8192,17,"pk_gemm(__half const*, __half const*, __half*, int, int, int)",128,8704,0,208,0,128,"FETCH_SIZE",398860.687500,2982829540484,2982830037775
169,169,"Agent 1",1,22593,22593,8192,17,"pk_gemm(__half const*, __half const*, __half*, int, int, int)",128,8704,0,208,0,128,"FETCH_SIZE",362190.125000,2982830461489,2982830947919
170,170,"Agent 1",1,22593,22593,8192,17,"pk_gemm(__half const*, __half const*, __half*, int, int, int)",128,8704,0,208,0,128,"FETCH_SIZE",371285.625000,2982831372635,2982831883912
171,171,"Agent 1",1,22593,22593,8192,17,"pk_gemm(__half const*, __half const*, __half*, int, int, int)",128,8704,0,208,0,128,"FETCH_SIZE",399015.500000,2982832306343,2982832809525
172,172,"Agent 1",1,22593,22593,8192,17,"pk_gemm(__half const*, __half const*, __half*, int, int, int)",128,8704,0,208,0,128,"FETCH_SIZE",343333.250000,2982833232878,2982833733215
173,173,"Agent 1",1,22593,22593,8192,17,"pk_gemm(__half const*, __half const*, __half*, int, int, int)",128,8704,0,208,0,128,"FETCH_SIZE",410287.187500,2982834157409,2982834660350
174,174,"Agent 1",1,22593,22593,8192,17,"pk_gemm(__half const*, __half const*, __half*, int, int, int)",128,8704,0,208,0,128,"FETCH_SIZE",428227.093750,2982835082421,2982835586204
175,175,"Agent 1",1,22593,22593,8192,17,"pk_gemm(__half const*, __half const*, __half*, int, int, int)",128,8704,0,208,0,128,"FETCH_SIZE",356005.843750,2982836008274,2982836497510
176,176,"Agent 1",1,22593,22593,8192,17,"pk_gemm(__half const*, __half const*, __half*, int, int, int)",128,8704,0,208,0,128,"FETCH_SIZE",362701.812500,2982836917897,2982837426971
177,177,"Agent 1",1,22593,22593,8192,17,"pk_gemm(__half const*, __half const*, __half*, int, int, int)",128,8704,0,208,0,128,"FETCH_SIZE",385769.625000,2982837849802,2982838351381
178,178,"Agent 1",1,22593,22593,8192,17,"pk_gemm(__half const*, __half const*, __half*, int, int, int)",128,8704,0,208,0,128,"FETCH_SIZE",341968.781250,2982838772971,2982839284248
179,179,"Agent 1",1,22593,22593,8192,17,"pk_gemm(__half const*, __half const*, __half*, int, int, int)",128,8704,0,208,0,128,"FETCH_SIZE",413586.156250,2982839703714,2982840198199
180,180,"Agent 1",1,22593,22593,8192,17,"pk_gemm(__half const*, __half const*, __half*, int, int, int)",128,8704,0,208,0,128,"FETCH_SIZE",357948.250000,2982840620029,2982841112030
181,181,"Agent 1",1,22593,22593,8192,17,"pk_gemm(__half const*, __half const*, __half*, int, int, int)",128,8704,0,208,0,128,"FETCH_SIZE",355500.531250,2982841531736,2982842037724
182,182,"Agent 1",1,22593,22593,8192,17,"pk_gemm(__half const*, __half const*, __half*, int, int, int)",128,8704,0,208,0,128,"FETCH_SIZE",342588.718750,2982842456548,2982842956885
183,183,"Agent 1",1,22593,22593,8192,17,"pk_gemm(__half const*, __half const*, __half*, int, int, int)",128,8704,0,208,0,128,"FETCH_SIZE",353329.500000,2982843377472,2982843886385
184,184,"Agent 1",1,22593,22593,8192,17,"pk_gemm(__half const*, __half const*, __half*, int, int, int)",128,8704,0,208,0,128,"FETCH_SIZE",358767.906250,2982844305610,2982844790077
185,185,"Agent 1",1,22593,22593,8192,17,"pk_gemm(__half const*, __half const*, __half*, int, int, int)",128,8704,0,208,0,128,"FETCH_SIZE",345832.468750,2982845211146,2982845711963
186,186,"Agent 1",1,22593,22593,8192,17,"pk_gemm(__half const*, __half const*, __half*, int, int, int)",128,8704,0,208,0,128,"FETCH_SIZE",413679.875000,2982846131068,2982846647194
187,187,"Agent 1",1,22593,22593,8192,17,"pk_gemm(__half const*, __half const*, __half*, int, int, int)",128,8704,0,208,0,128,"FETCH_SIZE",374415.218750,2982847067101,2982847576014
188,188,"Agent 1",1,22593,22593,8192,17,"pk_gemm(__half const*, __half const*, __half*, int, int, int)",128,8704,0,208,0,128,"FETCH_SIZE",388390.062500,2982847994197,2982848499783
189,189,"Agent 1",1,22593,22593,8192,17,"pk_gemm(__half const*, __half const*, __half*, int, int, int)",128,8704,0,208,0,128,"FETCH_SIZE",377330.281250,2982848917886,2982849405038
190,190,"Agent 1",1,22593,22593,8192,17,"pk_gemm(__half const*, __half const*, __half*, int, int, int)",128,8704,0,208,0,128,"FETCH_SIZE",359389.093750,2982849823341,2982850318188
191,191,"Agent 1",1,22593,22593,8192,17,"pk_gemm(__half const*, __half const*, __half*, int, int, int)",128,8704,0,208,0,128,"FETCH_SIZE",343082.437500,2982850736531,2982851242198
192,192,"Agent 1",1,22593,22593,8192,17,"pk_gemm(__half const*, __half const*, __half*, int, int, int)",128,8704,0,208,0,128,"FETCH_SIZE",317676.062500,2982851661383,2982852158233
193,193,"Agent 1",1,22593,22593,8192,17,"pk_gemm(__half const*, __half const*, __half*, int, int, int)",128,8704,0,208,0,128,"FETCH_SIZE",368760.875000,2982852576176,2982853074990
194,194,"Agent 1",1,22593,22593,8192,17,"pk_gemm(__half const*, __half const*, __half*, int, int, int)",128,8704,0,208,0,128,"FETCH_SIZE",425318.000000,2982853493934,2982853974875
195,195,"Agent 1",1,22593,22593,8192,17,"pk_gemm(__half const*, __half const*, __half*, int, int, int)",128,8704,0,208,0,128,"FETCH_SIZE",382331.343750,2982854396143,2982854909104
196,196,"Agent 1",1,22593,22593,8192,17,"pk_gemm(__half const*, __half const*, __half*, int, int, int)",128,8704,0,208,0,128,"FETCH_SIZE",361724.781250,2982855327567,2982855829828
197,197,"Agent 1",1,22593,22593,8192,17,"pk_gemm(__half const*, __half const*, __half*, int, int, int)",128,8704,0,208,0,128,"FETCH_SIZE",302530.343750,2982856248372,2982856742617
198,198,"Agent 1",1,22593,22593,8192,17,"pk_gemm(__half const*, __half const*, __half*, int, int, int)",128,8704,0,208,0,128,"FETCH_SIZE",424899.531250,2982857182921,2982857679531
199,199,"Agent 1",1,22593,22593,8192,17,"pk_gemm(__half const*, __half const*, __half*, int, int, int)",128,8704,0,208,0,128,"FETCH_SIZE",386993.687500,2982858101521,2982858611636
200,200,"Agent 1",1,22593,22593,8192,17,"pk_gemm(__half const*, __half const*, __half*, int, int, int)",128,8704,0,208,0,128,"FETCH_SIZE",389638.625000,2982859033546,2982859518294
201,201,"Agent 1",1,22593,22593,8192,17,"pk_gemm(__half const*, __half const*, __half*, int, int, int)",128,8704,0,208,0,128,"FETCH_SIZE",385667.906250,2982859941366,2982860450960
202,202,"Agent 1",1,22593,22593,8192,17,"pk_gemm(__half const*, __half const*, __half*, int, int, int)",128,8704,0,208,0,128,"FETCH_SIZE",390750.937500,2982860871307,2982861378657
203,203,"Agent 1",1,22593,22593,8192,17,"pk_gemm(__half const*, __half const*, __half*, int, int, int)",128,8704,0,208,0,128,"FETCH_SIZE",379744.312500,2982861800167,2982862288721
204,204,"Agent 1",1,22593,22593,8192,17,"pk_gemm(__half const*, __half const*, __half*, int, int, int)",128,8704,0,208,0,128,"FETCH_SIZE",376194.812500,2982862711273,2982863202192
205,205,"Agent 1",1,22593,22593,8192,17,"pk_gemm(__half const*, __half const*, __half*, int, int, int)",128,8704,0,208,0,128,"FETCH_SIZE",395407.906250,2982863623220,2982864122836
206,206,"Agent 1",1,22593,22593,8192,17,"pk_gemm(__half const*, __half const*, __half*, int, int, int)",128,8704,0,208,0,128,"FETCH_SIZE",415998.593750,2982864546228,2982865049330
207,207,"Agent 1",1,22593,22593,8192,17,"pk_gemm(__half const*, __half const*, __half*, int, int, int)",128,8704,0,208,0,128,"FETCH_SIZE",410159.593750,2982865471000,2982865981355
208,208,"Agent 1",1,22593,22593,8192,17,"pk_gemm(__half const*, __half const*, __half*, int, int, int)",128,8704,0,208,0,128,"FETCH_SIZE",358431.343750,2982866400540,2982866899154
209,209,"Agent 1",1,22593,22593,8192,17,"pk_gemm(__half const*, __half const*, __half*, int, int, int)",128,8704,0,208,0,128,"FETCH_SIZE",367607.625000,2982867318419,2982867798197
210,210,"Agent 1",1,22593,22593,8192,17,"pk_gemm(__half const*, __half const*, __half*, int, int, int)",128,8704,0,208,0,128,"FETCH_SIZE",380152.875000,2982868216781,2982868705216
211,211,"Agent 1",1,22593,22593,8192,17,"pk_gemm(__half const*, __half const*, __half*, int, int, int)",128,8704,0,208,0,128,"FETCH_SIZE",377086.281250,2982869125282,2982869632872
212,212,"Agent 1",1,22593,22593,8192,17,"pk_gemm(__half const*, __half const*, __half*, int, int, int)",128,8704,0,208,0,128,"FETCH_SIZE",376058.781250,2982870053740,2982870553757
213,213,"Agent 1",1,22593,22593,8192,17,"pk_gemm(__half const*, __half const*, __half*, int, int, int)",128,8704,0,208,0,128,"FETCH_SIZE",389936.156250,2982870972340,2982871471715
214,214,"Agent 1",1,22593,22593,8192,17,"pk_gemm(__half const*, __half const*, __half*, int, int, int)",128,8704,0,208,0,128,"FETCH_SIZE",376933.312500,2982871890059,2982872377451
215,215,"Agent 1",1,22593,22593,8192,17,"pk_gemm(__half const*, __half const*, __half*, int, int, int)",128,8704,0,208,0,128,"FETCH_SIZE",380600.062500,2982872796917,2982873280422
216,216,"Agent 1",1,22593,22593,8192,17,"pk_gemm(__half const*, __half const*, __half*, int, int, int)",128,8704,0,208,0,128,"FETCH_SIZE",342871.906250,2982873699126,2982874194894
217,217,"Agent 1",1,22593,22593,8192,17,"pk_gemm(__half const*, __half const*, __half*, int, int, int)",128,8704,0,208,0,128,"FETCH_SIZE",387374.500000,2982874614039,2982875119025
218,218,"Agent 1",1,22593,22593,8192,17,"pk_gemm(__half const*, __half const*, __half*, int, int, int)",128,8704,0,208,0,128,"FETCH_SIZE",330617.312500,2982875537849,2982876065076
219,219,"Agent 1",1,22593,22593,8192,17,"pk_gemm(__half const*, __half const*, __half*, int, int, int)",128,8704,0,208,0,128,"FETCH_SIZE",359181.625000,2982876483299,2982876993454
220,220,"Agent 1",1,22593,22593,8192,17,"pk_gemm(__half const*, __half const*, __half*, int, int, int)",128,8704,0,208,0,128,"FETCH_SIZE",350498.687500,2982877412238,2982877895704
221,221,"Agent 1",1,22593,22593,8192,17,"pk_gemm(__half const*, __half const*, __half*, int, int, int)",128,8704,0,208,0,128,"FETCH_SIZE",340953.000000,2982878314848,2982878818351
222,222,"Agent 1",1,22593,22593,8192,17,"pk_gemm(__half const*, __half const*, __half*, int, int, int)",128,8704,0,208,0,128,"FETCH_SIZE",365576.531250,2982879237977,2982879736510
223,223,"Agent 1",1,22593,22593,8192,17,"pk_gemm(__half const*, __half const*, __half*, int, int, int)",128,8704,0,208,0,128,"FETCH_SIZE",405514.843750,2982880155294,2982880652305
224,224,"Agent 1",1,22593,22593,8192,17,"pk_gemm(__half const*, __half const*, __half*, int, int, int)",128,8704,0,208,0,128,"FETCH_SIZE",416178.093750,2982881074215,2982881567899
225,225,"Agent 1",1,22593,22593,8192,17,"pk_gemm(__half const*, __half const*, __half*, int, int, int)",128,8704,0,208,0,128,"FETCH_SIZE",436343.281250,2982881985722,2982882476561
226,226,"Agent 1",1,22593,22593,8192,17,"pk_gemm(__half const*, __half const*, __half*, int, int, int)",128,8704,0,208,0,128,"FETCH_SIZE",388913.875000,2982882893662,2982883401292
227,227,"Agent 1",1,22593,22593,8192,17,"pk_gemm(__half const*, __half const*, __half*, int, int, int)",128,8704,0,208,0,128,"FETCH_SIZE",353796.687500,2982883819195,2982884326384
228,228,"Agent 1",1,22593,22593,8192,17,"pk_gemm(__half const*, __half const*, __half*, int, int, int)",128,8704,0,208,0,128,"FETCH_SIZE",362836.125000,2982884764445,2982885261335
229,229,"Agent 1",1,22593,22593,8192,17,"pk_gemm(__half const*, __half const*, __half*, int, int, int)",128,8704,0,208,0,128,"FETCH_SIZE",392127.812500,2982885683726,2982886177530
230,230,"Agent 1",1,22593,22593,8192,17,"pk_gemm(__half const*, __half const*, __half*, int, int, int)",128,8704,0,208,0,128,"FETCH_SIZE",406869.718750,2982886601538,2982887097787
231,231,"Agent 1",1,22593,22593,8192,17,"pk_gemm(__half const*, __half const*, __half*, int, int, int)",128,8704,0,208,0,128,"FETCH_SIZE",345879.812500,2982887522181,2982888034500
232,232,"Agent 1",1,22593,22593,8192,17,"pk_gemm(__half const*, __half const*, __half*, int, int, int)",128,8704,0,208,0,128,"FETCH_SIZE",377516.343750,2982888457172,2982888949133
233,233,"Agent 1",1,22593,22593,8192,17,"pk_gemm(__half const*, __half const*, __half*, int, int, int)",128,8704,0,208,0,128,"FETCH_SIZE",403452.812500,2982889369360,2982889870498
234,234,"Agent 1",1,22593,22593,8192,17,"pk_gemm(__half const*, __half const*, __half*, int, int, int)",128,8704,0,208,0,128,"FETCH_SIZE",369145.656250,2982890291727,2982890778719
235,235,"Agent 1",1,22593,22593,8192,17,"pk_gemm(__half const*, __half const*, __half*, int, int, int)",128,8704,0,208,0,128,"FETCH_SIZE",352085.187500,2982891200108,2982891701727
236,236,"Agent 1",1,22593,22593,8192,17,"pk_gemm(__half const*, __half const*, __half*, int, int, int)",128,8704,0,208,0,128,"FETCH_SIZE",354233.125000,2982892125280,2982892633712
237,237,"Agent 1",1,22593,22593,8192,17,"pk_gemm(__half const*, __half const*, __half*, int, int, int)",128,8704,0,208,0,128,"FETCH_SIZE",407912.812500,2982893055542,2982893576518
238,238,"Agent 1",1,22593,22593,8192,17,"pk_gemm(__half const*, __half const*, __half*, int, int, int)",128,8704,0,208,0,128,"FETCH_SIZE",405553.593750,2982893997306,2982894499646
239,239,"Agent 1",1,22593,22593,8192,17,"pk_gemm(__half const*, __half const*, __half*, int, int, int)",128,8704,0,208,0,128,"FETCH_SIZE",380230.468750,2982894919833,2982895399091
240,240,"Agent 1",1,22593,22593,8192,17,"pk_gemm(__half const*, __half const*, __half*, int, int, int)",128,8704,0,208,0,128,"FETCH_SIZE",356724.125000,2982895819919,2982896303264
241,241,"Agent 1",1,22593,22593,8192,17,"pk_gemm(__half const*, __half const*, __half*, int, int, int)",128,8704,0,208,0,128,"FETCH_SIZE",350977.875000,2982896722168,2982897232043
242,242,"Agent 1",1,22593,22593,8192,17,"pk_gemm(__half const*, __half const*, __half*, int, int, int)",128,8704,0,208,0,128,"FETCH_SIZE",386357.468750,2982897650627,2982898145594
243,243,"Agent 1",1,22593,22593,8192,17,"pk_gemm(__half const*, __half const*, __half*, int, int, int)",128,8704,0,208,0,128,"FETCH_SIZE",428422.656250,2982898564698,2982899057982
244,244,"Agent 1",1,22593,22593,8192,17,"pk_gemm(__half const*, __half const*, __half*, int, int, int)",128,8704,0,208,0,128,"FETCH_SIZE",383059.062500,2982899478049,2982899977344
245,245,"Agent 1",1,22593,22593,8192,17,"pk_gemm(__half const*, __half const*, __half*, int, int, int)",128,8704,0,208,0,128,"FETCH_SIZE",338626.406250,2982900396088,2982900888289
246,246,"Agent 1",1,22593,22593,8192,17,"pk_gemm(__half const*, __half const*, __half*, int, int, int)",128,8704,0,208,0,128,"FETCH_SIZE",335137.812500,2982901307675,2982901819233
247,247,"Agent 1",1,22593,22593,8192,17,"pk_gemm(__half const*, __half const*, __half*, int, int, int)",128,8704,0,208,0,128,"FETCH_SIZE",379625.468750,2982902238818,2982902741079
248,248,"Agent 1",1,22593,22593,8192,17,"pk_gemm(__half const*, __half const*, __half*, int, int, int)",128,8704,0,208,0,128,"FETCH_SIZE",362357.875000,2982903160384,2982903641365
249,249,"Agent 1",1,22593,22593,8192,17,"pk_gemm(__half const*, __half const*, __half*, int, int, int)",128,8704,0,208,0,128,"FETCH_SIZE",403969.281250,2982904060790,2982904548102
250,250,"Agent 1",1,22593,22593,8192,17,"pk_gemm(__half const*, __half const*, __half*, int, int, int)",128,8704,0,208,0,128,"FETCH_SIZE",334169.281250,2982904966245,2982905453838
251,251,"Agent 1",1,22593,22593,8192,17,"pk_gemm(__half const*, __half const*, __half*, int, int, int)",128,8704,0,208,0,128,"FETCH_SIZE",365960.375000,2982905872823,2982906374803
252,252,"Agent 1",1,22593,22593,8192,17,"pk_gemm(__half const*, __half const*, __half*, int, int, int)",128,8704,0,208,0,128,"FETCH_SIZE",332359.843750,2982906793948,2982907286751
253,253,"Agent 1",1,22593,22593,8192,17,"pk_gemm(__half const*, __half const*, __half*, int, int, int)",128,8704,0,208,0,128,"FETCH_SIZE",407673.281250,2982907706497,2982908201904
254,254,"Agent 1",1,22593,22593,8192,17,"pk_gemm(__half const*, __half const*, __half*, int, int, int)",128,8704,0,208,0,128,"FETCH_SIZE",358013.531250,2982908620127,2982909098143
255,255,"Agent 1",1,22593,22593,8192,17,"pk_gemm(__half const*, __half const*, __half*, int, int, int)",128,8704,0,208,0,128,"FETCH_SIZE",354566.843750,2982909515925,2982910000713
256,256,"Agent 1",1,22593,22593,8192,17,"pk_gemm(__half const*, __half const*, __half*, int, int, int)",128,8704,0,208,0,128,"FETCH_SIZE",355604.437500,2982910418174,2982910922679
257,257,"Agent 1",1,22593,22593,8192,17,"pk_gemm(__half const*, __half const*, __half*, int, int, int)",128,8704,0,208,0,128,"FETCH_SIZE",330165.062500,2982911340942,2982911835428
258,258,"Agent 1",1,22593,22593,32768,17,"pk_gemm(__half const*, __half const*, __half*, int, int, int)",128,8704,0,208,0,128,"FETCH_SIZE",56159173.656250,2983021458588,2983028022560
259,259,"Agent 1",1,22593,22593,32768,17,"pk_gemm(__half const*, __half const*, __half*, int, int, int)",128,8704,0,208,0,128,"FETCH_SIZE",46541824.562500,2983028447194,2983035124978
260,260,"Agent 1",1,22593,22593,32768,17,"pk_gemm(__half const*, __half const*, __half*, int, int, int)",128,8704,0,208,0,128,"FETCH_SIZE",41762768.500000,2983035543041,2983041935892
261,261,"Agent 1",1,22593,22593,32768,17,"pk_gemm(__half const*, __half const*, __half*, int, int, int)",128,8704,0,208,0,128,"FETCH_SIZE",38275709.562500,2983042353474,2983048795938
262,262,"Agent 1",1,22593,22593,32768,17,"pk_gemm(__half const*, __half const*, __half*, int, int, int)",128,8704,0,208,0,128,"FETCH_SIZE",54525108.781250,2983049215043,2983055959753
263,263,"Agent 1",1,22593,22593,32768,17,"pk_gemm(__half const*, __half const*, __half*, int, int, int)",128,8704,0,208,0,128,"FETCH_SIZE",50203768.406250,2983056378617,2983062388390
264,264,"Agent 1",1,22593,22593,32768,17,"pk_gemm(__half const*, __half const*, __half*, int, int, int)",128,8704,0,208,0,128,"FETCH_SIZE",45191388.000000,2983062806694,2983069417994
265,265,"Agent 1",1,22593,22593,32768,17,"pk_gemm(__half const*, __half const*, __half*, int, int, int)",128,8704,0,208,0,128,"FETCH_SIZE",43837856.843750,2983069837179,2983076549027
266,266,"Agent 1",1,22593,22593,32768,17,"pk_gemm(__half const*, __half const*, __half*, int, int, int)",128,8704,0,208,0,128,"FETCH_SIZE",40712916.687500,2983076984522,2983083232422
267,267,"Agent 1",1,22593,22593,32768,17,"pk_gemm(__half const*, __half const*, __half*, int, int, int)",128,8704,0,208,0,128,"FETCH_SIZE",43389664.937500,2983083653090,2983090313522
268,268,"Agent 1",1,22593,22593,32768,17,"pk_gemm(__half const*, __half const*, __half*, int, int, int)",128,8704,0,208,0,128,"FETCH_SIZE",47444057.500000,2983090737459,2983097340103
269,269,"Agent 1",1,22593,22593,32768,17,"pk_gemm(__half const*, __half const*, __half*, int, int, int)",128,8704,0,208,0,128,"FETCH_SIZE",41274690.625000,2983097764697,2983104183477
270,270,"Agent 1",1,22593,22593,32768,17,"pk_gemm(__half const*, __half const*, __half*, int, int, int)",128,8704,0,208,0,128,"FETCH_SIZE",45971166.843750,2983104607431,2983111332665
271,271,"Agent 1",1,22593,22593,32768,17,"pk_gemm(__half const*, __half const*, __half*, int, int, int)",128,8704,0,208,0,128,"FETCH_SIZE",52704679.750000,2983111754454,2983118480690
272,272,"Agent 1",1,22593,22593,32768,17,"pk_gemm(__half const*, __half const*, __half*, int, int, int)",128,8704,0,208,0,128,"FETCH_SIZE",36397968.281250,2983118900837,2983125153786
273,273,"Agent 1",1,22593,22593,32768,17,"pk_gemm(__half const*, __half const*, __half*, int, int, int)",128,8704,0,208,0,128,"FETCH_SIZE",45246705.531250,2983125574894,2983132099192
274,274,"Agent 1",1,22593,22593,32768,17,"pk_gemm(__half const*, __half const*, __half*, int, int, int)",128,8704,0,208,0,128,"FETCH_SIZE",44647650.187500,2983132521863,2983138811401
275,275,"Agent 1",1,22593,22593,32768,17,"pk_gemm(__half const*, __half const*, __half*, int, int, int)",128,8704,0,208,0,128,"FETCH_SIZE",61009179.718750,2983139232750,2983145940311
276,276,"Agent 1",1,22593,22593,32768,17,"pk_gemm(__half const*, __half const*, __half*, int, int, int)",128,8704,0,208,0,128,"FETCH_SIZE",64536589.343750,2983146360177,2983153583343
277,277,"Agent 1",1,22593,22593,32768,17,"pk_gemm(__half const*, __half const*, __half*, int, int, int)",128,8704,0,208,0,128,"FETCH_SIZE",44681864.062500,2983154002881,2983160762179
278,278,"Agent 1",1,22593,22593,32768,17,"pk_gemm(__half const*, __half const*, __half*, int, int, int)",128,8704,0,208,0,128,"FETCH_SIZE",41182644.062500,2983161185210,2983167591487
279,279,"Agent 1",1,22593,22593,32768,17,"pk_gemm(__half const*, __half const*, __half*, int, int, int)",128,8704,0,208,0,128,"FETCH_SIZE",37573742.843750,2983168013076,2983174288307
280,280,"Agent 1",1,22593,22593,32768,17,"pk_gemm(__half const*, __half const*, __half*, int, int, int)",128,8704,0,208,0,128,"FETCH_SIZE",45579987.875000,2983174709536,2983180883217
281,281,"Agent 1",1,22593,22593,32768,17,"pk_gemm(__half const*, __half const*, __half*, int, int, int)",128,8704,0,208,0,128,"FETCH_SIZE",42886634.562500,2983181305167,2983187324319
282,282,"Agent 1",1,22593,22593,32768,17,"pk_gemm(__half const*, __half const*, __half*, int, int, int)",128,8704,0,208,0,128,"FETCH_SIZE",56912344.562500,2983187742983,2983194134793
283,283,"Agent 1",1,22593,22593,32768,17,"pk_gemm(__half const*, __half const*, __half*, int, int, int)",128,8704,0,208,0,128,"FETCH_SIZE",50573536.000000,2983194554899,2983201325899
284,284,"Agent 1",1,22593,22593,32768,17,"pk_gemm(__half const*, __half const*, __half*, int, int, int)",128,8704,0,208,0,128,"FETCH_SIZE",34520932.125000,2983201744924,2983207854926
285,285,"Agent 1",1,22593,22593,32768,17,"pk_gemm(__half const*, __half const*, __half*, int, int, int)",128,8704,0,208,0,128,"FETCH_SIZE",47741818.718750,2983208274712,2983214812034
286,286,"Agent 1",1,22593,22593,32768,17,"pk_gemm(__half const*, __half const*, __half*, int, int, int)",128,8704,0,208,0,128,"FETCH_SIZE",39193873.500000,2983215230137,2983221490901
287,287,"Agent 1",1,22593,22593,32768,17,"pk_gemm(__half const*, __half const*, __half*, int, int, int)",128,8704,0,208,0,128,"FETCH_SIZE",46296102.093750,2983221910266,2983227627012
288,288,"Agent 1",1,22593,22593,32768,17,"pk_gemm(__half const*, __half const*, __half*, int, int, int)",128,8704,0,208,0,128,"FETCH_SIZE",43398954.375000,2983228050444,2983234074084
289,289,"Agent 1",1,22593,22593,32768,17,"pk_gemm(__half const*, __half const*, __half*, int, int, int)",128,8704,0,208,0,128,"FETCH_SIZE",44007232.750000,2983234491787,2983241062732
290,290,"Agent 1",1,22593,22593,32768,17,"pk_gemm(__half const*, __half const*, __half*, int, int, int)",128,8704,0,208,0,128,"FETCH_SIZE",57278441.125000,2983241480194,2983248389052
291,291,"Agent 1",1,22593,22593,32768,17,"pk_gemm(__half const*, __half const*, __half*, int, int, int)",128,8704,0,208,0,128,"FETCH_SIZE",40917312.156250,2983248807236,2983255201170
292,292,"Agent 1",1,22593,22593,32768,17,"pk_gemm(__half const*, __half const*, __half*, int, int, int)",128,8704,0,208,0,128,"FETCH_SIZE",48603130.406250,2983255620475,2983261495678
293,293,"Agent 1",1,22593,22593,32768,17,"pk_gemm(__half const*, __half const*, __half*, int, int, int)",128,8704,0,208,0,128,"FETCH_SIZE",41883652.468750,2983261916425,2983268351757
294,294,"Agent 1",1,22593,22593,32768,17,"pk_gemm(__half const*, __half const*, __half*, int, int, int)",128,8704,0,208,0,128,"FETCH_SIZE",34308762.093750,2983268769219,2983275092941
295,295,"Agent 1",1,22593,22593,32768,17,"pk_gemm(__half const*, __half const*, __half*, int, int, int)",128,8704,0,208,0,128,"FETCH_SIZE",46810651.843750,2983275509762,2983282167109
296,296,"Agent 1",1,22593,22593,32768,17,"pk_gemm(__half const*, __half const*, __half*, int, int, int)",128,8704,0,208,0,128,"FETCH_SIZE",53778877.375000,2983282606973,2983288734048
297,297,"Agent 1",1,22593,22593,32768,17,"pk_gemm(__half const*, __half const*, __half*, int, int, int)",128,8704,0,208,0,128,"FETCH_SIZE",46357646.812500,2983289154546,2983295710425
298,298,"Agent 1",1,22593,22593,32768,17,"pk_gemm(__half const*, __half const*, __half*, int, int, int)",128,8704,0,208,0,128,"FETCH_SIZE",44127844.406250,2983296135540,2983302668337
299,299,"Agent 1",1,22593,22593,32768,17,"pk_gemm(__half const*, __half const*, __half*, int, int, int)",128,8704,0,208,0,128,"FETCH_SIZE",43644316.250000,2983303090327,2983309569663
300,300,"Agent 1",1,22593,22593,32768,17,"pk_gemm(__half const*, __half const*, __half*, int, int, int)",128,8704,0,208,0,128,"FETCH_SIZE",37467228.500000,2983309993056,2983316334414
301,301,"Agent 1",1,22593,22593,32768,17,"pk_gemm(__half const*, __half const*, __half*, int, int, int)",128,8704,0,208,0,128,"FETCH_SIZE",47760887.062500,2983316753879,2983322824610
302,302,"Agent 1",1,22593,22593,32768,17,"pk_gemm(__half const*, __half const*, __half*, int, int, int)",128,8704,0,208,0,128,"FETCH_SIZE",50523216.781250,2983323247362,2983329537624
303,303,"Agent 1",1,22593,22593,32768,17,"pk_gemm(__half const*, __half const*, __half*, int, int, int)",128,8704,0,208,0,128,"FETCH_SIZE",41136043.875000,2983329957811,2983335929155
304,304,"Agent 1",1,22593,22593,32768,17,"pk_gemm(__half const*, __half const*, __half*, int, int, int)",128,8704,0,208,0,128,"FETCH_SIZE",41202657.218750,2983336350144,2983342808761
305,305,"Agent 1",1,22593,22593,32768,17,"pk_gemm(__half const*, __half const*, __half*, int, int, int)",128,8704,0,208,0,128,"FETCH_SIZE",33132269.843750,2983343229269,2983349440663
306,306,"Agent 1",1,22593,22593,32768,17,"pk_gemm(__half const*, __half const*, __half*, int, int, int)",128,8704,0,208,0,128,"FETCH_SIZE",47424845.437500,2983349862012,2983356290893
307,307,"Agent 1",1,22593,22593,32768,17,"pk_gemm(__half const*, __half const*, __half*, int, int, int)",128,8704,0,208,0,128,"FETCH_SIZE",48831836.312500,2983356711993,2983362905031
308,308,"Agent 1",1,22593,22593,32768,17,"pk_gemm(__half const*, __half const*, __half*, int, int, int)",128,8704,0,208,0,128,"FETCH_SIZE",54885096.093750,2983363328263,2983370310980
309,309,"Agent 1",1,22593,22593,32768,17,"pk_gemm(__half const*, __half const*, __half*, int, int, int)",128,8704,0,208,0,128,"FETCH_SIZE",39493267.062500,2983370731808,2983376819408
310,310,"Agent 1",1,22593,22593,32768,17,"pk_gemm(__half const*, __half const*, __half*, int, int, int)",128,8704,0,208,0,128,"FETCH_SIZE",55339119.343750,2983377237912,2983383839795
311,311,"Agent 1",1,22593,22593,32768,17,"pk_gemm(__half const*, __half const*, __half*, int, int, int)",128,8704,0,208,0,128,"FETCH_SIZE",44538179.968750,2983384258700,2983390371788
312,312,"Agent 1",1,22593,22593,32768,17,"pk_gemm(__half const*, __half const*, __half*, int, int, int)",128,8704,0,208,0,128,"FETCH_SIZE",44045899.750000,2983390791694,2983397240291
313,313,"Agent 1",1,22593,22593,32768,17,"pk_gemm(__half const*, __half const*, __half*, int, int, int)",128,8704,0,208,0,128,"FETCH_SIZE",46738670.968750,2983397661399,2983403764669
314,314,"Agent 1",1,22593,22593,32768,17,"pk_gemm(__half const*, __half const*, __half*, int, int, int)",128,8704,0,208,0,128,"FETCH_SIZE",58368838.093750,2983404184015,2983411131826
315,315,"Agent 1",1,22593,22593,32768,17,"pk_gemm(__half const*, __half const*, __half*, int, int, int)",128,8704,0,208,0,128,"FETCH_SIZE",44231066.281250,2983411550851,2983418190966
316,316,"Agent 1",1,22593,22593,32768,17,"pk_gemm(__half const*, __half const*, __half*, int, int, int)",128,8704,0,208,0,128,"FETCH_SIZE",47937659.937500,2983418609990,2983425121104
317,317,"Agent 1",1,22593,22593,32768,17,"pk_gemm(__half const*, __half const*, __half*, int, int, int)",128,8704,0,208,0,128,"FETCH_SIZE",46637436.375000,2983425539134,2983432039027
318,318,"Agent 1",1,22593,22593,32768,17,"pk_gemm(__half const*, __half const*, __half*, int, int, int)",128,8704,0,208,0,128,"FETCH_SIZE",53998102.562500,2983432460455,2983438659024
319,319,"Agent 1",1,22593,22593,32768,17,"pk_gemm(__half const*, __half const*, __half*, int, int, int)",128,8704,0,208,0,128,"FETCH_SIZE",47708684.375000,2983439077367,2983445756636
320,320,"Agent 1",1,22593,22593,32768,17,"pk_gemm(__half const*, __half const*, __half*, int, int, int)",128,8704,0,208,0,128,"FETCH_SIZE",47044967.656250,2983446174419,2983452495216
321,321,"Agent 1",1,22593,22593,32768,17,"pk_gemm(__half const*, __half const*, __half*, int, int, int)",128,8704,0,208,0,128,"FETCH_SIZE",41129389.968750,2983452914040,2983458695147
322,322,"Agent 1",1,22593,22593,32768,17,"pk_gemm(__half const*, __half const*, __half*, int, int, int)",128,8704,0,208,0,128,"FETCH_SIZE",43136306.875000,2983459113651,2983465451480
323,323,"Agent 1",1,22593,22593,32768,17,"pk_gemm(__half const*, __half const*, __half*, int, int, int)",128,8704,0,208,0,128,"FETCH_SIZE",38365321.312500,2983465868702,2983472045149
324,324,"Agent 1",1,22593,22593,32768,17,"pk_gemm(__half const*, __half const*, __half*, int, int, int)",128,8704,0,208,0,128,"FETCH_SIZE",44816647.125000,2983472462851,2983478662702
325,325,"Agent 1",1,22593,22593,32768,17,"pk_gemm(__half const*, __half const*, __half*, int, int, int)",128,8704,0,208,0,128,"FETCH_SIZE",55531692.625000,2983479080284,2983485710621
326,326,"Agent 1",1,22593,22593,32768,17,"pk_gemm(__half const*, __half const*, __half*, int, int, int)",128,8704,0,208,0,128,"FETCH_SIZE",59638707.031250,2983486149724,2983493135326
327,327,"Agent 1",1,22593,22593,32768,17,"pk_gemm(__half const*, __half const*, __half*, int, int, int)",128,8704,0,208,0,128,"FETCH_SIZE",43149966.562500,2983493555804,2983500065154
328,328,"Agent 1",1,22593,22593,32768,17,"pk_gemm(__half const*, __half const*, __half*, int, int, int)",128,8704,0,208,0,128,"FETCH_SIZE",41818693.343750,2983500490670,2983506838158
329,329,"Agent 1",1,22593,22593,32768,17,"pk_gemm(__half const*, __half const*, __half*, int, int, int)",128,8704,0,208,0,128,"FETCH_SIZE",64141297.531250,2983507261310,2983514467525
330,330,"Agent 1",1,22593,22593,32768,17,"pk_gemm(__half const*, __half const*, __half*, int, int, int)",128,8704,0,208,0,128,"FETCH_SIZE",48473339.562500,2983514889315,2983521731409
331,331,"Agent 1",1,22593,22593,32768,17,"pk_gemm(__half const*, __half const*, __half*, int, int, int)",128,8704,0,208,0,128,"FETCH_SIZE",42469514.312500,2983522155243,2983528681384
332,332,"Agent 1",1,22593,22593,32768,17,"pk_gemm(__half const*, __half const*, __half*, int, int, int)",128,8704,0,208,0,128,"FETCH_SIZE",41504495.156250,2983529105659,2983535572690
333,333,"Agent 1",1,22593,22593,32768,17,"pk_gemm(__half const*, __half const*, __half*, int, int, int)",128,8704,0,208,0,128,"FETCH_SIZE",41812719.843750,2983535992196,2983542575765
334,334,"Agent 1",1,22593,22593,32768,17,"pk_gemm(__half const*, __half const*, __half*, int, int, int)",128,8704,0,208,0,128,"FETCH_SIZE",39217755.906250,2983542995631,2983549393774
335,335,"Agent 1",1,22593,22593,32768,17,"pk_gemm(__half const*, __half const*, __half*, int, int, int)",128,8704,0,208,0,128,"FETCH_SIZE",39436922.593750,2983549815002,2983556220598
336,336,"Agent 1",1,22593,22593,32768,17,"pk_gemm(__half const*, __half const*, __half*, int, int, int)",128,8704,0,208,0,128,"FETCH_SIZE",53920785.656250,2983556642386,2983563498907
337,337,"Agent 1",1,22593,22593,32768,17,"pk_gemm(__half const*, __half const*, __half*, int, int, int)",128,8704,0,208,0,128,"FETCH_SIZE",47220786.312500,2983563922179,2983570407123
338,338,"Agent 1",1,22593,22593,32768,17,"pk_gemm(__half const*, __half const*, __half*, int, int, int)",128,8704,0,208,0,128,"FETCH_SIZE",41482677.968750,2983570827631,2983577333454
339,339,"Agent 1",1,22593,22593,32768,17,"pk_gemm(__half const*, __half const*, __half*, int, int, int)",128,8704,0,208,0,128,"FETCH_SIZE",43936739.781250,2983577751918,2983584223438
340,340,"Agent 1",1,22593,22593,32768,17,"pk_gemm(__half const*, __half const*, __half*, int, int, int)",128,8704,0,208,0,128,"FETCH_SIZE",42747649.718750,2983584642623,2983591164957
341,341,"Agent 1",1,22593,22593,32768,17,"pk_gemm(__half const*, __half const*, __half*, int, int, int)",128,8704,0,208,0,128,"FETCH_SIZE",62070905.406250,2983591583581,2983598815044
342,342,"Agent 1",1,22593,22593,32768,17,"pk_gemm(__half const*, __half const*, __half*, int, int, int)",128,8704,0,208,0,128,"FETCH_SIZE",38872090.031250,2983599235592,2983605415765
343,343,"Agent 1",1,22593,22593,32768,17,"pk_gemm(__half const*, __half const*, __half*, int, int, int)",128,8704,0,208,0,128,"FETCH_SIZE",45926142.218750,2983605835952,2983612342257
344,344,"Agent 1",1,22593,22593,32768,17,"pk_gemm(__half const*, __half const*, __half*, int, int, int)",128,8704,0,208,0,128,"FETCH_SIZE",61013221.406250,2983612761682,2983619355431
345,345,"Agent 1",1,22593,22593,32768,17,"pk_gemm(__half const*, __half const*, __half*, int, int, int)",128,8704,0,208,0,128,"FETCH_SIZE",46748164.437500,2983619773414,2983626096054
346,346,"Agent 1",1,22593,22593,32768,17,"pk_gemm(__half const*, __half const*, __half*, int, int, int)",128,8704,0,208,0,128,"FETCH_SIZE",46324581.156250,2983626516144,2983633382603
347,347,"Agent 1",1,22593,22593,32768,17,"pk_gemm(__half const*, __half const*, __half*, int, int, int)",128,8704,0,208,0,128,"FETCH_SIZE",46613691.593750,2983633804994,2983640411126
348,348,"Agent 1",1,22593,22593,32768,17,"pk_gemm(__half const*, __half const*, __half*, int, int, int)",128,8704,0,208,0,128,"FETCH_SIZE",47297349.250000,2983640829750,2983647505973
349,349,"Agent 1",1,22593,22593,32768,17,"pk_gemm(__half const*, __half const*, __half*, int, int, int)",128,8704,0,208,0,128,"FETCH_SIZE",48302680.687500,2983647922954,2983654027386
350,350,"Agent 1",1,22593,22593,32768,17,"pk_gemm(__half const*, __half const*, __half*, int, int, int)",128,8704,0,208,0,128,"FETCH_SIZE",41530239.312500,2983654446210,2983660840185
351,351,"Agent 1",1,22593,22593,32768,17,"pk_gemm(__half const*, __half const*, __half*, int, int, int)",128,8704,0,208,0,128,"FETCH_SIZE",59025089.750000,2983661259611,2983667654627
352,352,"Agent 1",1,22593,22593,32768,17,"pk_gemm(__half const*, __half const*, __half*, int, int, int)",128,8704,0,208,0,128,"FETCH_SIZE",55011764.593750,2983668072730,2983674566572
353,353,"Agent 1",1,22593,22593,32768,17,"pk_gemm(__half const*, __half const*, __half*, int, int, int)",128,8704,0,208,0,128,"FETCH_SIZE",42264967.000000,2983674983954,2983681673722
354,354,"Agent 1",1,22593,22593,32768,17,"pk_gemm(__half const*, __half const*, __half*, int, int, int)",128,8704,0,208,0,128,"FETCH_SIZE",44064327.312500,2983682091104,2983688264225
355,355,"Agent 1",1,22593,22593,32768,17,"pk_gemm(__half const*, __half const*, __half*, int, int, int)",128,8704,0,208,0,128,"FETCH_SIZE",39718852.562500,2983688682047,2983694870878
356,356,"Agent 1",1,22593,22593,32768,17,"pk_gemm(__half const*, __half const*, __half*, int, int, int)",128,8704,0,208,0,128,"FETCH_SIZE",59718303.625000,2983695313513,2983701671200
357,357,"Agent 1",1,22593,22593,32768,17,"pk_gemm(__half const*, __half const*, __half*, int, int, int)",128,8704,0,208,0,128,"FETCH_SIZE",46392802.218750,2983702103810,2983707729684
358,358,"Agent 1",1,22593,22593,32768,17,"pk_gemm(__half const*, __half const*, __half*, int, int, int)",128,8704,0,208,0,128,"FETCH_SIZE",42540323.656250,2983708152998,2983714659684
359,359,"Agent 1",1,22593,22593,32768,17,"pk_gemm(__half const*, __half const*, __half*, int, int, int)",128,8704,0,208,0,128,"FETCH_SIZE",37116368.437500,2983715082236,2983721505686
360,360,"Agent 1",1,22593,22593,32768,17,"pk_gemm(__half const*, __half const*, __half*, int, int, int)",128,8704,0,208,0,128,"FETCH_SIZE",41775069.156250,2983721929882,2983728382105
361,361,"Agent 1",1,22593,22593,32768,17,"pk_gemm(__half const*, __half const*, __half*, int, int, int)",128,8704,0,208,0,128,"FETCH_SIZE",56502392.562500,2983728803776,2983735624652
362,362,"Agent 1",1,22593,22593,32768,17,"pk_gemm(__half const*, __half const*, __half*, int, int, int)",128,8704,0,208,0,128,"FETCH_SIZE",45913555.093750,2983736045681,2983742395753
363,363,"Agent 1",1,22593,22593,32768,17,"pk_gemm(__half const*, __half const*, __half*, int, int, int)",128,8704,0,208,0,128,"FETCH_SIZE",50742757.656250,2983742817985,2983749546367
364,364,"Agent 1",1,22593,22593,32768,17,"pk_gemm(__half const*, __half const*, __half*, int, int, int)",128,8704,0,208,0,128,"FETCH_SIZE",45533665.062500,2983749968840,2983756031332
365,365,"Agent 1",1,22593,22593,32768,17,"pk_gemm(__half const*, __half const*, __half*, int, int, int)",128,8704,0,208,0,128,"FETCH_SIZE",45137323.375000,2983756453123,2983762727053
366,366,"Agent 1",1,22593,22593,32768,17,"pk_gemm(__half const*, __half const*, __half*, int, int, int)",128,8704,0,208,0,128,"FETCH_SIZE",36984421.343750,2983763143705,2983769205257
367,367,"Agent 1",1,22593,22593,32768,17,"pk_gemm(__half const*, __half const*, __half*, int, int, int)",128,8704,0,208,0,128,"FETCH_SIZE",48386570.000000,2983769628809,2983776273574
368,368,"Agent 1",1,22593,22593,32768,17,"pk_gemm(__half const*, __half const*, __half*, int, int, int)",128,8704,0,208,0,128,"FETCH_SIZE",60991774.281250,2983776691677,2983783411702
369,369,"Agent 1",1,22593,22593,32768,17,"pk_gemm(__half const*, __half const*, __half*, int, int, int)",128,8704,0,208,0,128,"FETCH_SIZE",47380246.406250,2983783831368,2983790302967
370,370,"Agent 1",1,22593,22593,32768,17,"pk_gemm(__half const*, __half const*, __half*, int, int, int)",128,8704,0,208,0,128,"FETCH_SIZE",56858705.093750,2983790721952,2983797361226
371,371,"Agent 1",1,22593,22593,32768,17,"pk_gemm(__half const*, __half const*, __half*, int, int, int)",128,8704,0,208,0,128,"FETCH_SIZE",41835747.156250,2983797779008,2983804132748
372,372,"Agent 1",1,22593,22593,32768,17,"pk_gemm(__half const*, __half const*, __half*, int, int, int)",128,8704,0,208,0,128,"FETCH_SIZE",40507110.156250,2983804551211,2983810866037
373,373,"Agent 1",1,22593,22593,32768,17,"pk_gemm(__half const*, __half const*, __half*, int, int, int)",128,8704,0,208,0,128,"FETCH_SIZE",36708442.093750,2983811285543,2983817824990
374,374,"Agent 1",1,22593,22593,32768,17,"pk_gemm(__half const*, __half const*, __half*, int, int, int)",128,8704,0,208,0,128,"FETCH_SIZE",38667228.812500,2983818245217,2983824539565
375,375,"Agent 1",1,22593,22593,32768,17,"pk_gemm(__half const*, __half const*, __half*, int, int, int)",128,8704,0,208,0,128,"FETCH_SIZE",50942087.500000,2983824958309,2983831768503
376,376,"Agent 1",1,22593,22593,32768,17,"pk_gemm(__half const*, __half const*, __half*, int, int, int)",128,8704,0,208,0,128,"FETCH_SIZE",47851261.781250,2983832187097,2983838363745
377,377,"Agent 1",1,22593,22593,32768,17,"pk_gemm(__half const*, __half const*, __half*, int, int, int)",128,8704,0,208,0,128,"FETCH_SIZE",48211523.781250,2983838785013,2983845057119
378,378,"Agent 1",1,22593,22593,32768,17,"pk_gemm(__half const*, __half const*, __half*, int, int, int)",128,8704,0,208,0,128,"FETCH_SIZE",41917019.031250,2983845477467,2983851456264
379,379,"Agent 1",1,22593,22593,32768,17,"pk_gemm(__half const*, __half const*, __half*, int, int, int)",128,8704,0,208,0,128,"FETCH_SIZE",46374172.750000,2983851873525,2983858616273
380,380,"Agent 1",1,22593,22593,32768,17,"pk_gemm(__half const*, __half const*, __half*, int, int, int)",128,8704,0,208,0,128,"FETCH_SIZE",40825971.031250,2983859033214,2983865568293
381,381,"Agent 1",1,22593,22593,32768,17,"pk_gemm(__half const*, __half const*, __half*, int, int, int)",128,8704,0,208,0,128,"FETCH_SIZE",48299661.625000,2983865985394,2983871690238
382,382,"Agent 1",1,22593,22593,32768,17,"pk_gemm(__half const*, __half const*, __half*, int, int, int)",128,8704,0,208,0,128,"FETCH_SIZE",49493452.250000,2983872108461,2983878347746
383,383,"Agent 1",1,22593,22593,32768,17,"pk_gemm(__half const*, __half const*, __half*, int, int, int)",128,8704,0,208,0,128,"FETCH_SIZE",35543743.250000,2983878765208,2983885004654
384,384,"Agent 1",1,22593,22593,32768,17,"pk_gemm(__half const*, __half const*, __half*, int, int, int)",128,8704,0,208,0,128,"FETCH_SIZE",53949311.406250,2983885421314,2983891798978
385,385,"Agent 1",1,22593,22593,32768,17,"pk_gemm(__half const*, __half const*, __half*, int, int, int)",128,8704,0,208,0,128,"FETCH_SIZE",61827633.500000,2983892215438,2983898886652
386,386,"Agent 1",1,22593,22593,131072,17,"pk_gemm(__half const*, __half const*, __half*, int, int, int)",128,8704,0,208,0,128,"FETCH_SIZE",514835870.625000,2984344399569,2984390908273
387,387,"Agent 1",1,22593,22593,131072,17,"pk_gemm(__half const*, __half const*, __half*, int, int, int)",128,8704,0,208,0,128,"FETCH_SIZE",577682638.562500,2984391335432,2984441454657
388,388,"Agent 1",1,22593,22593,131072,17,"pk_gemm(__half const*, __half const*, __half*, int, int, int)",128,8704,0,208,0,128,"FETCH_SIZE",729326964.375000,2984441876160,2984492468751
389,389,"Agent 1",1,22593,22593,131072,17,"pk_gemm(__half const*, __half const*, __half*, int, int, int)",128,8704,0,208,0,128,"FETCH_SIZE",304577382.718750,2984492889458,2984526797923
390,390,"Agent 1",1,22593,22593,131072,17,"pk_gemm(__half const*, __half const*, __half*, int, int, int)",128,8704,0,208,0,128,"FETCH_SIZE",448951441.906250,2984527215989,2984565982873
391,391,"Agent 1",1,22593,22593,131072,17,"pk_gemm(__half const*, __half const*, __half*, int, int, int)",128,8704,0,208,0,128,"FETCH_SIZE",745977744.281250,2984566405103,2984627393445
392,392,"Agent 1",1,22593,22593,131072,17,"pk_gemm(__half const*, __half const*, __half*, int, int, int)",128,8704,0,208,0,128,"FETCH_SIZE",927034656.031250,2984627811528,2984694524551
393,393,"Agent 1",1,22593,22593,131072,17,"pk_gemm(__half const*, __half const*, __half*, int, int, int)",128,8704,0,208,0,128,"FETCH_SIZE",853558542.406250,2984694946228,2984757935243
394,394,"Agent 1",1,22593,22593,131072,17,"pk_gemm(__half const*, __half const*, __half*, int, int, int)",128,8704,0,208,0,128,"FETCH_SIZE",516546996.406250,2984758377871,2984803514570
395,395,"Agent 1",1,22593,22593,131072,17,"pk_gemm(__half const*, __half const*, __half*, int, int, int)",128,8704,0,208,0,128,"FETCH_SIZE",739666796.281250,2984803937488,2984864359730
396,396,"Agent 1",1,22593,22593,131072,17,"pk_gemm(__half const*, __half const*, __half*, int, int, int)",128,8704,0,208,0,128,"FETCH_SIZE",724692205.531250,2984864788973,2984924980463
397,397,"Agent 1",1,22593,22593,131072,17,"pk_gemm(__half const*, __half const*, __half*, int, int, int)",128,8704,0,208,0,128,"FETCH_SIZE",520274922.750000,2984925405016,2984969931087
398,398,"Agent 1",1,22593,22593,131072,17,"pk_gemm(__half const*, __half const*, __half*, int, int, int)",128,8704,0,208,0,128,"FETCH_SIZE",670023625.250000,2984970355922,2985026993917
399,399,"Agent 1",1,22593,22593,131072,17,"pk_gemm(__half const*, __half const*, __half*, int, int, int)",128,8704,0,208,0,128,"FETCH_SIZE",474910956.000000,2985027418593,2985072795701
400,400,"Agent 1",1,22593,22593,131072,17,"pk_gemm(__half const*, __half const*, __half*, int, int, int)",128,8704,0,208,0,128,"FETCH_SIZE",532644534.906250,2985073219775,2985114213393
401,401,"Agent 1",1,22593,22593,131072,17,"pk_gemm(__half const*, __half const*, __half*, int, int, int)",128,8704,0,208,0,128,"FETCH_SIZE",671878423.187500,2985114638562,2985167096929
402,402,"Agent 1",1,22593,22593,131072,17,"pk_gemm(__half const*, __half const*, __half*, int, int, int)",128,8704,0,208,0,128,"FETCH_SIZE",797859475.562500,2985167522709,2985232034891
403,403,"Agent 1",1,22593,22593,131072,17,"pk_gemm(__half const*, __half const*, __half*, int, int, int)",128,8704,0,208,0,128,"FETCH_SIZE",513529532.250000,2985232463052,2985279484917
404,404,"Agent 1",1,22593,22593,131072,17,"pk_gemm(__half const*, __half const*, __half*, int, int, int)",128,8704,0,208,0,128,"FETCH_SIZE",831270067.656250,2985279907877,2985335273850
405,405,"Agent 1",1,22593,22593,131072,17,"pk_gemm(__half const*, __half const*, __half*, int, int, int)",128,8704,0,208,0,128,"FETCH_SIZE",750937360.875000,2985335697442,2985396668633
406,406,"Agent 1",1,22593,22593,131072,17,"pk_gemm(__half const*, __half const*, __half*, int, int, int)",128,8704,0,208,0,128,"FETCH_SIZE",694728505.125000,2985397090898,2985455523215
407,407,"Agent 1",1,22593,22593,131072,17,"pk_gemm(__half const*, __half const*, __half*, int, int, int)",128,8704,0,208,0,128,"FETCH_SIZE",706615901.500000,2985455947969,2985513606957
408,408,"Agent 1",1,22593,22593,131072,17,"pk_gemm(__half const*, __half const*, __half*, int, int, int)",128,8704,0,208,0,128,"FETCH_SIZE",620581948.906250,2985514026660,2985567272502
409,409,"Agent 1",1,22593,22593,131072,17,"pk_gemm(__half const*, __half const*, __half*, int, int, int)",128,8704,0,208,0,128,"FETCH_SIZE",777784481.250000,2985567696816,2985628287534
410,410,"Agent 1",1,22593,22593,131072,17,"pk_gemm(__half const*, __half const*, __half*, int, int, int)",128,8704,0,208,0,128,"FETCH_SIZE",441546627.750000,2985628711546,2985669972582
411,411,"Agent 1",1,22593,22593,131072,17,"pk_gemm(__half const*, __half const*, __half*, int, int, int)",128,8704,0,208,0,128,"FETCH_SIZE",501426794.437500,2985670396375,2985716688834
412,412,"Agent 1",1,22593,22593,131072,17,"pk_gemm(__half const*, __half const*, __half*, int, int, int)",128,8704,0,208,0,128,"FETCH_SIZE",599554687.656250,2985717110517,2985769466453
413,413,"Agent 1",1,22593,22593,131072,17,"pk_gemm(__half const*, __half const*, __half*, int, int, int)",128,8704,0,208,0,128,"FETCH_SIZE",356557550.281250,2985769887961,2985806619995
414,414,"Agent 1",1,22593,22593,131072,17,"pk_gemm(__half const*, __half const*, __half*, int, int, int)",128,8704,0,208,0,128,"FETCH_SIZE",589288914.593750,2985807039450,2985859130289
415,415,"Agent 1",1,22593,22593,131072,17,"pk_gemm(__half const*, __half const*, __half*, int, int, int)",128,8704,0,208,0,128,"FETCH_SIZE",708937626.531250,2985859552118,2985916460459
416,416,"Agent 1",1,22593,22593,131072,17,"pk_gemm(__half const*, __half const*, __half*, int, int, int)",128,8704,0,208,0,128,"FETCH_SIZE",797343056.125000,2985916880643,2985981528880
417,417,"Agent 1",1,22593,22593,131072,17,"pk_gemm(__half const*, __half const*, __half*, int, int, int)",128,8704,0,208,0,128,"FETCH_SIZE",659463972.718750,2985981950629,2986035855506
418,418,"Agent 1",1,22593,22593,131072,17,"pk_gemm(__half const*, __half const*, __half*, int, int, int)",128,8704,0,208,0,128,"FETCH_SIZE",655556709.750000,2986036275614,2986092804767
419,419,"Agent 1",1,22593,22593,131072,17,"pk_gemm(__half const*, __half const*, __half*, int, int, int)",128,8704,0,208,0,128,"FETCH_SIZE",517262373.375000,2986093226235,2986140349932
420,420,"Agent 1",1,22593,22593,131072,17,"pk_gemm(__half const*, __half const*, __half*, int, int, int)",128,8704,0,208,0,128,"FETCH_SIZE",693663323.687500,2986140769474,2986190549025
421,421,"Agent 1",1,22593,22593,131072,17,"pk_gemm(__half const*, __half const*, __half*, int, int, int)",128,8704,0,208,0,128,"FETCH_SIZE",926993782.812500,2986190970408,2986261458102
422,422,"Agent 1",1,22593,22593,131072,17,"pk_gemm(__half const*, __half const*, __half*, int, int, int)",128,8704,0,208,0,128,"FETCH_SIZE",858061647.031250,2986261880695,2986330986041
423,423,"Agent 1",1,22593,22593,131072,17,"pk_gemm(__half const*, __half const*, __half*, int, int, int)",128,8704,0,208,0,128,"FETCH_SIZE",466966886.593750,2986331407590,2986376093361
424,424,"Agent 1",1,22593,22593,131072,17,"pk_gemm(__half const*, __half const*, __half*, int, int, int)",128,8704,0,208,0,128,"FETCH_SIZE",868442645.531250,2986376553506,2986440405172
425,425,"Agent 1",1,22593,22593,131072,17,"pk_gemm(__half const*, __half const*, __half*, int, int, int)",128,8704,0,208,0,128,"FETCH_SIZE",630619696.625000,2986440829246,2986494979342
426,426,"Agent 1",1,22593,22593,131072,17,"pk_gemm(__half const*, __half const*, __half*, int, int, int)",128,8704,0,208,0,128,"FETCH_SIZE",794036134.656250,2986495403082,2986555713155
427,427,"Agent 1",1,22593,22593,131072,17,"pk_gemm(__half const*, __half const*, __half*, int, int, int)",128,8704,0,208,0,128,"FETCH_SIZE",600726349.500000,2986556141196,2986600239747
428,428,"Agent 1",1,22593,22593,131072,17,"pk_gemm(__half const*, __half const*, __half*, int, int, int)",128,8704,0,208,0,128,"FETCH_SIZE",786659500.250000,2986600660512,2986659719482
429,429,"Agent 1",1,22593,22593,131072,17,"pk_gemm(__half const*, __half const*, __half*, int, int, int)",128,8704,0,208,0,128,"FETCH_SIZE",689580779.906250,2986660143916,2986717080912
430,430,"Agent 1",1,22593,22593,131072,17,"pk_gemm(__half const*, __half const*, __half*, int, int, int)",128,8704,0,208,0,128,"FETCH_SIZE",682067487.718750,2986717504882,2986773173422
431,431,"Agent 1",1,22593,22593,131072,17,"pk_gemm(__half const*, __half const*, __half*, int, int, int)",128,8704,0,208,0,128,"FETCH_SIZE",452487479.437500,2986773599859,2986816401541
432,432,"Agent 1",1,22593,22593,131072,17,"pk_gemm(__half const*, __half const*, __half*, int, int, int)",128,8704,0,208,0,128,"FETCH_SIZE",783036252.281250,2986816823034,2986878844192
433,433,"Agent 1",1,22593,22593,131072,17,"pk_gemm(__half const*, __half const*, __half*, int, int, int)",128,8704,0,208,0,128,"FETCH_SIZE",526875956.968750,2986879270710,2986927693079
434,434,"Agent 1",1,22593,22593,131072,17,"pk_gemm(__half const*, __half const*, __half*, int, int, int)",128,8704,0,208,0,128,"FETCH_SIZE",825044988.343750,2986928115167,2986993574725
435,435,"Agent 1",1,22593,22593,131072,17,"pk_gemm(__half const*, __half const*, __half*, int, int, int)",128,8704,0,208,0,128,"FETCH_SIZE",558541823.375000,2986993998798,2987044180543
436,436,"Agent 1",1,22593,22593,131072,17,"pk_gemm(__half const*, __half const*, __half*, int, int, int)",128,8704,0,208,0,128,"FETCH_SIZE",633035674.781250,2987044602135,2987097543487
437,437,"Agent 1",1,22593,22593,131072,17,"pk_gemm(__half const*, __half const*, __half*, int, int, int)",128,8704,0,208,0,128,"FETCH_SIZE",515776601.343750,2987097967521,2987145343490
438,438,"Agent 1",1,22593,22593,131072,17,"pk_gemm(__half const*, __half const*, __half*, int, int, int)",128,8704,0,208,0,128,"FETCH_SIZE",540623934.593750,2987145765674,2987193888442
439,439,"Agent 1",1,22593,22593,131072,17,"pk_gemm(__half const*, __half const*, __half*, int, int, int)",128,8704,0,208,0,128,"FETCH_SIZE",816070137.718750,2987194311264,2987257473480
440,440,"Agent 1",1,22593,22593,131072,17,"pk_gemm(__half const*, __half const*, __half*, int, int, int)",128,8704,0,208,0,128,"FETCH_SIZE",376211538.625000,2987257895269,2987296171115
441,441,"Agent 1",1,22593,22593,131072,17,"pk_gemm(__half const*, __half const*, __half*, int, int, int)",128,8704,0,208,0,128,"FETCH_SIZE",563722977.531250,2987296589744,2987343444497
442,442,"Agent 1",1,22593,22593,131072,17,"pk_gemm(__half const*, __half const*, __half*, int, int, int)",128,8704,0,208,0,128,"FETCH_SIZE",406875526.718750,2987343867248,2987384824877
443,443,"Agent 1",1,22593,22593,131072,17,"pk_gemm(__half const*, __half const*, __half*, int, int, int)",128,8704,0,208,0,128,"FETCH_SIZE",552980784.375000,2987385243045,2987433640728
444,444,"Agent 1",1,22593,22593,131072,17,"pk_gemm(__half const*, __half const*, __half*, int, int, int)",128,8704,0,208,0,128,"FETCH_SIZE",571367155.125000,2987434062156,2987482960978
445,445,"Agent 1",1,22593,22593,131072,17,"pk_gemm(__half const*, __half const*, __half*, int, int, int)",128,8704,0,208,0,128,"FETCH_SIZE",657906934.218750,2987483379175,2987538175722
446,446,"Agent 1",1,22593,22593,131072,17,"pk_gemm(__half const*, __half const*, __half*, int, int, int)",128,8704,0,208,0,128,"FETCH_SIZE",775479747.500000,2987538598032,2987594529785
447,447,"Agent 1",1,22593,22593,131072,17,"pk_gemm(__half const*, __half const*, __half*, int, int, int)",128,8704,0,208,0,128,"FETCH_SIZE",666530984.187500,2987594949950,2987650764765
448,448,"Agent 1",1,22593,22593,131072,17,"pk_gemm(__half const*, __half const*, __half*, int, int, int)",128,8704,0,208,0,128,"FETCH_SIZE",816930221.968750,2987651188148,2987715880990
449,449,"Agent 1",1,22593,22593,131072,17,"pk_gemm(__half const*, __half const*, __half*, int, int, int)",128,8704,0,208,0,128,"FETCH_SIZE",353885462.281250,2987716301817,2987752938192
450,450,"Agent 1",1,22593,22593,131072,17,"pk_gemm(__half const*, __half const*, __half*, int, int, int)",128,8704,0,208,0,128,"FETCH_SIZE",610752806.875000,2987753355818,2987805035167
451,451,"Agent 1",1,22593,22593,131072,17,"pk_gemm(__half const*, __half const*, __half*, int, int, int)",128,8704,0,208,0,128,"FETCH_SIZE",612092083.187500,2987805456155,2987858750929
452,452,"Agent 1",1,22593,22593,131072,17,"pk_gemm(__half const*, __half const*, __half*, int, int, int)",128,8704,0,208,0,128,"FETCH_SIZE",865477435.093750,2987859169960,2987927009776
453,453,"Agent 1",1,22593,22593,131072,17,"pk_gemm(__half const*, __half const*, __half*, int, int, int)",128,8704,0,208,0,128,"FETCH_SIZE",805676587.531250,2987927430617,2987989946101
454,454,"Agent 1",1,22593,22593,131072,17,"pk_gemm(__half const*, __half const*, __half*, int, int, int)",128,8704,0,208,0,128,"FETCH_SIZE",710199890.343750,2987990398748,2988049374323
455,455,"Agent 1",1,22593,22593,131072,17,"pk_gemm(__half const*, __half const*, __half*, int, int, int)",128,8704,0,208,0,128,"FETCH_SIZE",406835716.500000,2988049799511,2988090475572
456,456,"Agent 1",1,22593,22593,131072,17,"pk_gemm(__half const*, __half const*, __half*, int, int, int)",128,8704,0,208,0,128,"FETCH_SIZE",425221357.250000,2988090899164,2988132091152
457,457,"Agent 1",1,22593,22593,131072,17,"pk_gemm(__half const*, __half const*, __half*, int, int, int)",128,8704,0,208,0,128,"FETCH_SIZE",739448016.156250,2988132514889,2988192582789
458,458,"Agent 1",1,22593,22593,131072,17,"pk_gemm(__half const*, __half const*, __half*, int, int, int)",128,8704,0,208,0,128,"FETCH_SIZE",436578339.125000,2988193008705,2988234382033
459,459,"Agent 1",1,22593,22593,131072,17,"pk_gemm(__half const*, __half const*, __half*, int, int, int)",128,8704,0,208,0,128,"FETCH_SIZE",681396505.281250,2988234801966,2988289999144
460,460,"Agent 1",1,22593,22593,131072,17,"pk_gemm(__half const*, __half const*, __half*, int, int, int)",128,8704,0,208,0,128,"FETCH_SIZE",513691970.000000,2988290423178,2988338261774
461,461,"Agent 1",1,22593,22593,131072,17,"pk_gemm(__half const*, __half const*, __half*, int, int, int)",128,8704,0,208,0,128,"FETCH_SIZE",692412569.156250,2988338683016,2988390940368
462,462,"Agent 1",1,22593,22593,131072,17,"pk_gemm(__half const*, __half const*, __half*, int, int, int)",128,8704,0,208,0,128,"FETCH_SIZE",895001821.500000,2988391367490,2988456902108
463,463,"Agent 1",1,22593,22593,131072,17,"pk_gemm(__half const*, __half const*, __half*, int, int, int)",128,8704,0,208,0,128,"FETCH_SIZE",826481818.656250,2988457328580,2988522362821
464,464,"Agent 1",1,22593,22593,131072,17,"pk_gemm(__half const*, __half const*, __half*, int, int, int)",128,8704,0,208,0,128,"FETCH_SIZE",935077845.031250,2988522789952,2988591773030
465,465,"Agent 1",1,22593,22593,131072,17,"pk_gemm(__half const*, __half const*, __half*, int, int, int)",128,8704,0,208,0,128,"FETCH_SIZE",500736659.531250,2988592200069,2988637779113
466,466,"Agent 1",1,22593,22593,131072,17,"pk_gemm(__half const*, __half const*, __half*, int, int, int)",128,8704,0,208,0,128,"FETCH_SIZE",721338626.531250,2988638199882,2988697144519
467,467,"Agent 1",1,22593,22593,131072,17,"pk_gemm(__half const*, __half const*, __half*, int, int, int)",128,8704,0,208,0,128,"FETCH_SIZE",582298078.437500,2988697567710,2988748477659
468,468,"Agent 1",1,22593,22593,131072,17,"pk_gemm(__half const*, __half const*, __half*, int, int, int)",128,8704,0,208,0,128,"FETCH_SIZE",436853443.593750,2988748900288,2988790642547
469,469,"Agent 1",1,22593,22593,131072,17,"pk_gemm(__half const*, __half const*, __half*, int, int, int)",128,8704,0,208,0,128,"FETCH_SIZE",900673969.187500,2988791065926,2988858413902
470,470,"Agent 1",1,22593,22593,131072,17,"pk_gemm(__half const*, __half const*, __half*, int, int, int)",128,8704,0,208,0,128,"FETCH_SIZE",540793434.437500,2988858838576,2988907665424
471,471,"Agent 1",1,22593,22593,131072,17,"pk_gemm(__half const*, __half const*, __half*, int, int, int)",128,8704,0,208,0,128,"FETCH_SIZE",669939252.312500,2988908086330,2988963733030
472,472,"Agent 1",1,22593,22593,131072,17,"pk_gemm(__half const*, __half const*, __half*, int, int, int)",128,8704,0,208,0,128,"FETCH_SIZE",463730623.812500,2988964153977,2989005941560
473,473,"Agent 1",1,22593,22593,131072,17,"pk_gemm(__half const*, __half const*, __half*, int, int, int)",128,8704,0,208,0,128,"FETCH_SIZE",813902206.468750,2989006359484,2989070561126
474,474,"Agent 1",1,22593,22593,131072,17,"pk_gemm(__half const*, __half const*, __half*, int, int, int)",128,8704,0,208,0,128,"FETCH_SIZE",955311539.187500,2989070983742,2989137665269
475,475,"Agent 1",1,22593,22593,131072,17,"pk_gemm(__half const*, __half const*, __half*, int, int, int)",128,8704,0,208,0,128,"FETCH_SIZE",421044731.906250,2989138087178,2989178437029
476,476,"Agent 1",1,22593,22593,131072,17,"pk_gemm(__half const*, __half const*, __half*, int, int, int)",128,8704,0,208,0,128,"FETCH_SIZE",591679161.812500,2989178855697,2989229632076
477,477,"Agent 1",1,22593,22593,131072,17,"pk_gemm(__half const*, __half const*, __half*, int, int, int)",128,8704,0,208,0,128,"FETCH_SIZE",837164122.343750,2989230052050,2989293693043
478,478,"Agent 1",1,22593,22593,131072,17,"pk_gemm(__half const*, __half const*, __half*, int, int, int)",128,8704,0,208,0,128,"FETCH_SIZE",828503033.156250,2989294113845,2989359431938
479,479,"Agent 1",1,22593,22593,131072,17,"pk_gemm(__half const*, __half const*, __half*, int, int, int)",128,8704,0,208,0,128,"FETCH_SIZE",787147814.468750,2989359856182,2989422421600
480,480,"Agent 1",1,22593,22593,131072,17,"pk_gemm(__half const*, __half const*, __half*, int, int, int)",128,8704,0,208,0,128,"FETCH_SIZE",439284135.750000,2989422841946,2989464746989
481,481,"Agent 1",1,22593,22593,131072,17,"pk_gemm(__half const*, __half const*, __half*, int, int, int)",128,8704,0,208,0,128,"FETCH_SIZE",624628826.187500,2989465165158,2989518410882
482,482,"Agent 1",1,22593,22593,131072,17,"pk_gemm(__half const*, __half const*, __half*, int, int, int)",128,8704,0,208,0,128,"FETCH_SIZE",559500859.625000,2989518830106,2989568489312
483,483,"Agent 1",1,22593,22593,131072,17,"pk_gemm(__half const*, __half const*, __half*, int, int, int)",128,8704,0,208,0,128,"FETCH_SIZE",631184346.906250,2989568907898,2989622330954
484,484,"Agent 1",1,22593,22593,131072,17,"pk_gemm(__half const*, __half const*, __half*, int, int, int)",128,8704,0,208,0,128,"FETCH_SIZE",477521357.062500,2989622770336,2989667864392
485,485,"Agent 1",1,22593,22593,131072,17,"pk_gemm(__half const*, __half const*, __half*, int, int, int)",128,8704,0,208,0,128,"FETCH_SIZE",509363306.187500,2989668288470,2989715194921
486,486,"Agent 1",1,22593,22593,131072,17,"pk_gemm(__half const*, __half const*, __half*, int, int, int)",128,8704,0,208,0,128,"FETCH_SIZE",498880058.812500,2989715619515,2989762149821
487,487,"Agent 1",1,22593,22593,131072,17,"pk_gemm(__half const*, __half const*, __half*, int, int, int)",128,8704,0,208,0,128,"FETCH_SIZE",454074573.812500,2989762575483,2989803330452
488,488,"Agent 1",1,22593,22593,131072,17,"pk_gemm(__half const*, __half const*, __half*, int, int, int)",128,8704,0,208,0,128,"FETCH_SIZE",555393593.250000,2989803756810,2989851688741
489,489,"Agent 1",1,22593,22593,131072,17,"pk_gemm(__half const*, __half const*, __half*, int, int, int)",128,8704,0,208,0,128,"FETCH_SIZE",929502564.375000,2989852112716,2989917098346
490,490,"Agent 1",1,22593,22593,131072,17,"pk_gemm(__half const*, __half const*, __half*, int, int, int)",128,8704,0,208,0,128,"FETCH_SIZE",409717059.000000,2989917523502,2989958295062
491,491,"Agent 1",1,22593,22593,131072,17,"pk_gemm(__half const*, __half const*, __half*, int, int, int)",128,8704,0,208,0,128,"FETCH_SIZE",553566108.562500,2989958719260,2990007733659
492,492,"Agent 1",1,22593,22593,131072,17,"pk_gemm(__half const*, __half const*, __half*, int, int, int)",128,8704,0,208,0,128,"FETCH_SIZE",717816671.593750,2990008158333,2990065988363
493,493,"Agent 1",1,22593,22593,131072,17,"pk_gemm(__half const*, __half const*, __half*, int, int, int)",128,8704,0,208,0,128,"FETCH_SIZE",488967849.843750,2990066411408,2990111733171
494,494,"Agent 1",1,22593,22593,131072,17,"pk_gemm(__half const*, __half const*, __half*, int, int, int)",128,8704,0,208,0,128,"FETCH_SIZE",704883729.593750,2990112157765,2990169983386
495,495,"Agent 1",1,22593,22593,131072,17,"pk_gemm(__half const*, __half const*, __half*, int, int, int)",128,8704,0,208,0,128,"FETCH_SIZE",619938063.937500,2990170403501,2990222260463
496,496,"Agent 1",1,22593,22593,131072,17,"pk_gemm(__half const*, __half const*, __half*, int, int, int)",128,8704,0,208,0,128,"FETCH_SIZE",535012034.062500,2990222683454,2990269929060
497,497,"Agent 1",1,22593,22593,131072,17,"pk_gemm(__half const*, __half const*, __half*, int, int, int)",128,8704,0,208,0,128,"FETCH_SIZE",478980035.656250,2990270350733,2990314753173
498,498,"Agent 1",1,22593,22593,131072,17,"pk_gemm(__half const*, __half const*, __half*, int, int, int)",128,8704,0,208,0,128,"FETCH_SIZE",516931841.593750,2990315179050,2990356722697
499,499,"Agent 1",1,22593,22593,131072,17,"pk_gemm(__half const*, __half const*, __half*, int, int, int)",128,8704,0,208,0,128,"FETCH_SIZE",659792013.000000,2990357143027,2990412641449
500,500,"Agent 1",1,22593,22593,131072,17,"pk_gemm(__half const*, __half const*, __half*, int, int, int)",128,8704,0,208,0,128,"FETCH_SIZE",756917650.625000,2990413065883,2990475099706
501,501,"Agent 1",1,22593,22593,131072,17,"pk_gemm(__half const*, __half const*, __half*, int, int, int)",128,8704,0,208,0,128,"FETCH_SIZE",454513057.468750,2990475520994,2990517940602
502,502,"Agent 1",1,22593,22593,131072,17,"pk_gemm(__half const*, __half const*, __half*, int, int, int)",128,8704,0,208,0,128,"FETCH_SIZE",478155824.843750,2990518363913,2990563207180
503,503,"Agent 1",1,22593,22593,131072,17,"pk_gemm(__half const*, __half const*, __half*, int, int, int)",128,8704,0,208,0,128,"FETCH_SIZE",807382435.906250,2990563624368,2990625779738
504,504,"Agent 1",1,22593,22593,131072,17,"pk_gemm(__half const*, __half const*, __half*, int, int, int)",128,8704,0,208,0,128,"FETCH_SIZE",627398547.843750,2990626200084,2990679916129
505,505,"Agent 1",1,22593,22593,131072,17,"pk_gemm(__half const*, __half const*, __half*, int, int, int)",128,8704,0,208,0,128,"FETCH_SIZE",689807540.343750,2990680336716,2990735787289
506,506,"Agent 1",1,22593,22593,131072,17,"pk_gemm(__half const*, __half const*, __half*, int, int, int)",128,8704,0,208,0,128,"FETCH_SIZE",530017944.125000,2990736209198,2990781396630
507,507,"Agent 1",1,22593,22593,131072,17,"pk_gemm(__half const*, __half const*, __half*, int, int, int)",128,8704,0,208,0,128,"FETCH_SIZE",689661831.000000,2990781814297,2990839408605
508,508,"Agent 1",1,22593,22593,131072,17,"pk_gemm(__half const*, __half const*, __half*, int, int, int)",128,8704,0,208,0,128,"FETCH_SIZE",651745872.281250,2990839828751,2990893477069
509,509,"Agent 1",1,22593,22593,131072,17,"pk_gemm(__half const*, __half const*, __half*, int, int, int)",128,8704,0,208,0,128,"FETCH_SIZE",701799946.343750,2990893898421,2990947533035
510,510,"Agent 1",1,22593,22593,131072,17,"pk_gemm(__half const*, __half const*, __half*, int, int, int)",128,8704,0,208,0,128,"FETCH_SIZE",611043136.937500,2990947955305,2991001789732
511,511,"Agent 1",1,22593,22593,131072,17,"pk_gemm(__half const*, __half const*, __half*, int, int, int)",128,8704,0,208,0,128,"FETCH_SIZE",710458184.500000,2991002207557,2991060414573
512,512,"Agent 1",1,22593,22593,131072,17,"pk_gemm(__half const*, __half const*, __half*, int, int, int)",128,8704,0,208,0,128,"FETCH_SIZE",697685291.593750,2991060835961,2991117986919
513,513,"Agent 1",1,22593,22593,131072,17,"pk_gemm(__half const*, __half const*, __half*, int, int, int)",128,8704,0,208,0,128,"FETCH_SIZE",832662221.531250,2991118406387,2991184975985
514,514,"Agent 1",1,22593,22593,524288,17,"pk_gemm(__half const*, __half const*, __half*, int, int, int)",128,8704,0,208,0,128,"FETCH_SIZE",5521888162.750000,2992963077466,2993403014104
515,515,"Agent 1",1,22593,22593,524288,17,"pk_gemm(__half const*, __half const*, __half*, int, int, int)",128,8704,0,208,0,128,"FETCH_SIZE",6706691486.687500,2993403442484,2993890798532
516,516,"Agent 1",1,22593,22593,524288,17,"pk_gemm(__half const*, __half const*, __half*, int, int, int)",128,8704,0,208,0,128,"FETCH_SIZE",6737088188.031250,2993891223838,2994403517113
517,517,"Agent 1",1,22593,22593,524288,17,"pk_gemm(__half const*, __half const*, __half*, int, int, int)",128,8704,0,208,0,128,"FETCH_SIZE",7682103257.687500,2994403940733,2994954045342
518,518,"Agent 1",1,22593,22593,524288,17,"pk_gemm(__half const*, __half const*, __half*, int, int, int)",128,8704,0,208,0,128,"FETCH_SIZE",6304244459.968750,2994954468772,2995431445542
519,519,"Agent 1",1,22593,22593,524288,17,"pk_gemm(__half const*, __half const*, __half*, int, int, int)",128,8704,0,208,0,128,"FETCH_SIZE",7139527675.937500,2995431869490,2995969553880
520,520,"Agent 1",1,22593,22593,524288,17,"pk_gemm(__half const*, __half const*, __half*, int, int, int)",128,8704,0,208,0,128,"FETCH_SIZE",6728132967.843750,2995969979375,2996484062883
521,521,"Agent 1",1,22593,22593,524288,17,"pk_gemm(__half const*, __half const*, __half*, int, int, int)",128,8704,0,208,0,128,"FETCH_SIZE",6985647724.468750,2996484485609,2997005975189
522,522,"Agent 1",1,22593,22593,524288,17,"pk_gemm(__half const*, __half const*, __half*, int, int, int)",128,8704,0,208,0,128,"FETCH_SIZE",6911046197.468750,2997006436836,2997533612345
523,523,"Agent 1",1,22593,22593,524288,17,"pk_gemm(__half const*, __half const*, __half*, int, int, int)",128,8704,0,208,0,128,"FETCH_SIZE",7537277923.281250,2997534034824,2998091114621
524,524,"Agent 1",1,22593,22593,524288,17,"pk_gemm(__half const*, __half const*, __half*, int, int, int)",128,8704,0,208,0,128,"FETCH_SIZE",6573031394.406250,2998091540523,2998595405494
525,525,"Agent 1",1,22593,22593,524288,17,"pk_gemm(__half const*, __half const*, __half*, int, int, int)",128,8704,0,208,0,128,"FETCH_SIZE",5797434932.468750,2998595831147,2999045805225
526,526,"Agent 1",1,22593,22593,524288,17,"pk_gemm(__half const*, __half const*, __half*, int, int, int)",128,8704,0,208,0,128,"FETCH_SIZE",7319586395.687500,2999046236454,2999566548269
527,527,"Agent 1",1,22593,22593,524288,17,"pk_gemm(__half const*, __half const*, __half*, int, int, int)",128,8704,0,208,0,128,"FETCH_SIZE",5099009536.125000,2999566971111,2999978422242
528,528,"Agent 1",1,22593,22593,524288,17,"pk_gemm(__half const*, __half const*, __half*, int, int, int)",128,8704,0,208,0,128,"FETCH_SIZE",4527335710.156250,2999978846813,3000355210906
529,529,"Agent 1",1,22593,22593,524288,17,"pk_gemm(__half const*, __half const*, __half*, int, int, int)",128,8704,0,208,0,128,"FETCH_SIZE",6667647612.312500,3000355637411,3000863160674
530,530,"Agent 1",1,22593,22593,524288,17,"pk_gemm(__half const*, __half const*, __half*, int, int, int)",128,8704,0,208,0,128,"FETCH_SIZE",6959517856.968750,3000863589609,3001393815512
531,531,"Agent 1",1,22593,22593,524288,17,"pk_gemm(__half const*, __half const*, __half*, int, int, int)",128,8704,0,208,0,128,"FETCH_SIZE",5971181932.906250,3001394238208,3001860506203
532,532,"Agent 1",1,22593,22593,524288,17,"pk_gemm(__half const*, __half const*, __half*, int, int, int)",128,8704,0,208,0,128,"FETCH_SIZE",3947999768.781250,3001860933606,3002206464553
533,533,"Agent 1",1,22593,22593,524288,17,"pk_gemm(__half const*, __half const*, __half*, int, int, int)",128,8704,0,208,0,128,"FETCH_SIZE",4738151106.281250,3002206888799,3002600980697
534,534,"Agent 1",1,22593,22593,524288,17,"pk_gemm(__half const*, __half const*, __half*, int, int, int)",128,8704,0,208,0,128,"FETCH_SIZE",6347756177.718750,3002601407579,3003085180320
535,535,"Agent 1",1,22593,22593,524288,17,"pk_gemm(__half const*, __half const*, __half*, int, int, int)",128,8704,0,208,0,128,"FETCH_SIZE",6814439314.437500,3003085606422,3003602736677
536,536,"Agent 1",1,22593,22593,524288,17,"pk_gemm(__half const*, __half const*, __half*, int, int, int)",128,8704,0,208,0,128,"FETCH_SIZE",6894323328.843750,3003603160528,3004115381750
537,537,"Agent 1",1,22593,22593,524288,17,"pk_gemm(__half const*, __half const*, __half*, int, int, int)",128,8704,0,208,0,128,"FETCH_SIZE",5909633818.468750,3004115804764,3004580076261
538,538,"Agent 1",1,22593,22593,524288,17,"pk_gemm(__half const*, __half const*, __half*, int, int, int)",128,8704,0,208,0,128,"FETCH_SIZE",7071349132.562500,3004580500950,3005113820287
539,539,"Agent 1",1,22593,22593,524288,17,"pk_gemm(__half const*, __half const*, __half*, int, int, int)",128,8704,0,208,0,128,"FETCH_SIZE",7491233219.312500,3005114244457,3005655724720
540,540,"Agent 1",1,22593,22593,524288,17,"pk_gemm(__half const*, __half const*, __half*, int, int, int)",128,8704,0,208,0,128,"FETCH_SIZE",7224603345.593750,3005656151459,3006181294884
541,541,"Agent 1",1,22593,22593,524288,17,"pk_gemm(__half const*, __half const*, __half*, int, int, int)",128,8704,0,208,0,128,"FETCH_SIZE",5825240419.406250,3006181721126,3006642965034
542,542,"Agent 1",1,22593,22593,524288,17,"pk_gemm(__half const*, __half const*, __half*, int, int, int)",128,8704,0,208,0,128,"FETCH_SIZE",6956450417.125000,3006643389089,3007169654495
543,543,"Agent 1",1,22593,22593,524288,17,"pk_gemm(__half const*, __half const*, __half*, int, int, int)",128,8704,0,208,0,128,"FETCH_SIZE",4489443166.500000,3007170079825,3007543275585
544,544,"Agent 1",1,22593,22593,524288,17,"pk_gemm(__half const*, __half const*, __half*, int, int, int)",128,8704,0,208,0,128,"FETCH_SIZE",6849198602.093750,3007543700994,3008049932800
545,545,"Agent 1",1,22593,22593,524288,17,"pk_gemm(__half const*, __half const*, __half*, int, int, int)",128,8704,0,208,0,128,"FETCH_SIZE",6664316170.093750,3008050358159,3008550161925
546,546,"Agent 1",1,22593,22593,524288,17,"pk_gemm(__half const*, __half const*, __half*, int, int, int)",128,8704,0,208,0,128,"FETCH_SIZE",4392618787.750000,3008550586145,3008920835788
547,547,"Agent 1",1,22593,22593,524288,17,"pk_gemm(__half const*, __half const*, __half*, int, int, int)",128,8704,0,208,0,128,"FETCH_SIZE",7003519403.406250,3008921257417,3009453154491
548,548,"Agent 1",1,22593,22593,524288,17,"pk_gemm(__half const*, __half const*, __half*, int, int, int)",128,8704,0,208,0,128,"FETCH_SIZE",6359351646.156250,3009453577387,3009946650146
549,549,"Agent 1",1,22593,22593,524288,17,"pk_gemm(__half const*, __half const*, __half*, int, int, int)",128,8704,0,208,0,128,"FETCH_SIZE",5366897048.593750,3009947074945,3010376683001
550,550,"Agent 1",1,22593,22593,524288,17,"pk_gemm(__half const*, __half const*, __half*, int, int, int)",128,8704,0,208,0,128,"FETCH_SIZE",5835426171.812500,3010377105819,3010838506580
551,551,"Agent 1",1,22593,22593,524288,17,"pk_gemm(__half const*, __half const*, __half*, int, int, int)",128,8704,0,208,0,128,"FETCH_SIZE",5580019032.656250,3010838945322,3011285323347
552,552,"Agent 1",1,22593,22593,524288,17,"pk_gemm(__half const*, __half const*, __half*, int, int, int)",128,8704,0,208,0,128,"FETCH_SIZE",7128164922.875000,3011285832648,3011819032428
553,553,"Agent 1",1,22593,22593,524288,17,"pk_gemm(__half const*, __half const*, __half*, int, int, int)",128,8704,0,208,0,128,"FETCH_SIZE",6934928473.750000,3011819460330,3012345859508
554,554,"Agent 1",1,22593,22593,524288,17,"pk_gemm(__half const*, __half const*, __half*, int, int, int)",128,8704,0,208,0,128,"FETCH_SIZE",6235939238.656250,3012346289004,3012823326011
555,555,"Agent 1",1,22593,22593,524288,17,"pk_gemm(__half const*, __half const*, __half*, int, int, int)",128,8704,0,208,0,128,"FETCH_SIZE",7124360008.687500,3012823749457,3013356145747
556,556,"Agent 1",1,22593,22593,524288,17,"pk_gemm(__half const*, __half const*, __half*, int, int, int)",128,8704,0,208,0,128,"FETCH_SIZE",5256885555.125000,3013356567752,3013748822689
557,557,"Agent 1",1,22593,22593,524288,17,"pk_gemm(__half const*, __half const*, __half*, int, int, int)",128,8704,0,208,0,128,"FETCH_SIZE",6160932469.031250,3013749254276,3014230357178
558,558,"Agent 1",1,22593,22593,524288,17,"pk_gemm(__half const*, __half const*, __half*, int, int, int)",128,8704,0,208,0,128,"FETCH_SIZE",7283483204.125000,3014230782058,3014772523691
559,559,"Agent 1",1,22593,22593,524288,17,"pk_gemm(__half const*, __half const*, __half*, int, int, int)",128,8704,0,208,0,128,"FETCH_SIZE",5806243620.687500,3014772947417,3015231857635
560,560,"Agent 1",1,22593,22593,524288,17,"pk_gemm(__half const*, __half const*, __half*, int, int, int)",128,8704,0,208,0,128,"FETCH_SIZE",6611605032.687500,3015232285125,3015735634894
561,561,"Agent 1",1,22593,22593,524288,17,"pk_gemm(__half const*, __half const*, __half*, int, int, int)",128,8704,0,208,0,128,"FETCH_SIZE",6651324964.468750,3015736062327,3016246555435
562,562,"Agent 1",1,22593,22593,524288,17,"pk_gemm(__half const*, __half const*, __half*, int, int, int)",128,8704,0,208,0,128,"FETCH_SIZE",7389193016.437500,3016246978889,3016791008287
563,563,"Agent 1",1,22593,22593,524288,17,"pk_gemm(__half const*, __half const*, __half*, int, int, int)",128,8704,0,208,0,128,"FETCH_SIZE",6902542381.093750,3016791435047,3017301428538
564,564,"Agent 1",1,22593,22593,524288,17,"pk_gemm(__half const*, __half const*, __half*, int, int, int)",128,8704,0,208,0,128,"FETCH_SIZE",4317460635.281250,3017301853429,3017670663457
565,565,"Agent 1",1,22593,22593,524288,17,"pk_gemm(__half const*, __half const*, __half*, int, int, int)",128,8704,0,208,0,128,"FETCH_SIZE",6978215949.437500,3017671088294,3018192294866
566,566,"Agent 1",1,22593,22593,524288,17,"pk_gemm(__half const*, __half const*, __half*, int, int, int)",128,8704,0,208,0,128,"FETCH_SIZE",6474396473.000000,3018192717509,3018689695543
567,567,"Agent 1",1,22593,22593,524288,17,"pk_gemm(__half const*, __half const*, __half*, int, int, int)",128,8704,0,208,0,128,"FETCH_SIZE",6928119257.843750,3018690116345,3019211550744
568,568,"Agent 1",1,22593,22593,524288,17,"pk_gemm(__half const*, __half const*, __half*, int, int, int)",128,8704,0,208,0,128,"FETCH_SIZE",7034297688.031250,3019211979748,3019741792719
569,569,"Agent 1",1,22593,22593,524288,17,"pk_gemm(__half const*, __half const*, __half*, int, int, int)",128,8704,0,208,0,128,"FETCH_SIZE",4743804814.187500,3019742219039,3020133516904
570,570,"Agent 1",1,22593,22593,524288,17,"pk_gemm(__half const*, __half const*, __half*, int, int, int)",128,8704,0,208,0,128,"FETCH_SIZE",5402629109.468750,3020133939296,3020566988478
571,571,"Agent 1",1,22593,22593,524288,17,"pk_gemm(__half const*, __half const*, __half*, int, int, int)",128,8704,0,208,0,128,"FETCH_SIZE",7120428260.906250,3020567418996,3021105870628
572,572,"Agent 1",1,22593,22593,524288,17,"pk_gemm(__half const*, __half const*, __half*, int, int, int)",128,8704,0,208,0,128,"FETCH_SIZE",3639843960.687500,3021106304070,3021428160798
573,573,"Agent 1",1,22593,22593,524288,17,"pk_gemm(__half const*, __half const*, __half*, int, int, int)",128,8704,0,208,0,128,"FETCH_SIZE",6331319719.906250,3021428584237,3021913860675
574,574,"Agent 1",1,22593,22593,524288,17,"pk_gemm(__half const*, __half const*, __half*, int, int, int)",128,8704,0,208,0,128,"FETCH_SIZE",4695189550.312500,3021914286292,3022302514328
575,575,"Agent 1",1,22593,22593,524288,17,"pk_gemm(__half const*, __half const*, __half*, int, int, int)",128,8704,0,208,0,128,"FETCH_SIZE",6887165899.875000,3022302938666,3022825833400
576,576,"Agent 1",1,22593,22593,524288,17,"pk_gemm(__half const*, __half const*, __half*, int, int, int)",128,8704,0,208,0,128,"FETCH_SIZE",6954874395.500000,3022826256034,3023344457779
577,577,"Agent 1",1,22593,22593,524288,17,"pk_gemm(__half const*, __half const*, __half*, int, int, int)",128,8704,0,208,0,128,"FETCH_SIZE",3489210285.812500,3023344881165,3023665621843
578,578,"Agent 1",1,22593,22593,524288,17,"pk_gemm(__half const*, __half const*, __half*, int, int, int)",128,8704,0,208,0,128,"FETCH_SIZE",6455984791.125000,3023666044374,3024163071020
579,579,"Agent 1",1,22593,22593,524288,17,"pk_gemm(__half const*, __half const*, __half*, int, int, int)",128,8704,0,208,0,128,"FETCH_SIZE",5547435796.687500,3024163494617,3024605422468
580,580,"Agent 1",1,22593,22593,524288,17,"pk_gemm(__half const*, __half const*, __half*, int, int, int)",128,8704,0,208,0,128,"FETCH_SIZE",5778637130.531250,3024605844737,3025062973979
581,581,"Agent 1",1,22593,22593,524288,17,"pk_gemm(__half const*, __half const*, __half*, int, int, int)",128,8704,0,208,0,128,"FETCH_SIZE",7073713945.562500,3025063397293,3025595640937
582,582,"Agent 1",1,22593,22593,524288,17,"pk_gemm(__half const*, __half const*, __half*, int, int, int)",128,8704,0,208,0,128,"FETCH_SIZE",7237326593.750000,3025596130807,3026137811206
583,583,"Agent 1",1,22593,22593,524288,17,"pk_gemm(__half const*, __half const*, __half*, int, int, int)",128,8704,0,208,0,128,"FETCH_SIZE",5384633267.250000,3026138235845,3026567557004
584,584,"Agent 1",1,22593,22593,524288,17,"pk_gemm(__half const*, __half const*, __half*, int, int, int)",128,8704,0,208,0,128,"FETCH_SIZE",6969202303.593750,3026567979486,3027098616641
585,585,"Agent 1",1,22593,22593,524288,17,"pk_gemm(__half const*, __half const*, __half*, int, int, int)",128,8704,0,208,0,128,"FETCH_SIZE",6529358619.781250,3027099045624,3027599652937
586,586,"Agent 1",1,22593,22593,524288,17,"pk_gemm(__half const*, __half const*, __half*, int, int, int)",128,8704,0,208,0,128,"FETCH_SIZE",6838048613.406250,3027600079307,3028116123932
587,587,"Agent 1",1,22593,22593,524288,17,"pk_gemm(__half const*, __half const*, __half*, int, int, int)",128,8704,0,208,0,128,"FETCH_SIZE",4682198949.906250,3028116545342,3028497012363
588,588,"Agent 1",1,22593,22593,524288,17,"pk_gemm(__half const*, __half const*, __half*, int, int, int)",128,8704,0,208,0,128,"FETCH_SIZE",5747093854.781250,3028497437964,3028944401967
589,589,"Agent 1",1,22593,22593,524288,17,"pk_gemm(__half const*, __half const*, __half*, int, int, int)",128,8704,0,208,0,128,"FETCH_SIZE",4666094411.718750,3028944827184,3029322523495
590,590,"Agent 1",1,22593,22593,524288,17,"pk_gemm(__half const*, __half const*, __half*, int, int, int)",128,8704,0,208,0,128,"FETCH_SIZE",6786110091.468750,3029322949323,3029835248894
591,591,"Agent 1",1,22593,22593,524288,17,"pk_gemm(__half const*, __half const*, __half*, int, int, int)",128,8704,0,208,0,128,"FETCH_SIZE",6911406621.250000,3029835677322,3030349463638
592,592,"Agent 1",1,22593,22593,524288,17,"pk_gemm(__half const*, __half const*, __half*, int, int, int)",128,8704,0,208,0,128,"FETCH_SIZE",6076104113.312500,3030349889106,3030817281931
593,593,"Agent 1",1,22593,22593,524288,17,"pk_gemm(__half const*, __half const*, __half*, int, int, int)",128,8704,0,208,0,128,"FETCH_SIZE",7204882365.437500,3030817705022,3031364396808
594,594,"Agent 1",1,22593,22593,524288,17,"pk_gemm(__half const*, __half const*, __half*, int, int, int)",128,8704,0,208,0,128,"FETCH_SIZE",6635198133.031250,3031364844800,3031871686790
595,595,"Agent 1",1,22593,22593,524288,17,"pk_gemm(__half const*, __half const*, __half*, int, int, int)",128,8704,0,208,0,128,"FETCH_SIZE",5887833260.000000,3031872123566,3032326815684
596,596,"Agent 1",1,22593,22593,524288,17,"pk_gemm(__half const*, __half const*, __half*, int, int, int)",128,8704,0,208,0,128,"FETCH_SIZE",7220863764.562500,3032327249939,3032870211778
597,597,"Agent 1",1,22593,22593,524288,17,"pk_gemm(__half const*, __half const*, __half*, int, int, int)",128,8704,0,208,0,128,"FETCH_SIZE",5230225673.562500,3032870649729,3033289099528
598,598,"Agent 1",1,22593,22593,524288,17,"pk_gemm(__half const*, __half const*, __half*, int, int, int)",128,8704,0,208,0,128,"FETCH_SIZE",7135330658.125000,3033289529022,3033828043732
599,599,"Agent 1",1,22593,22593,524288,17,"pk_gemm(__half const*, __half const*, __half*, int, int, int)",128,8704,0,208,0,128,"FETCH_SIZE",6030010674.062500,3033828465207,3034286559697
600,600,"Agent 1",1,22593,22593,524288,17,"pk_gemm(__half const*, __half const*, __half*, int, int, int)",128,8704,0,208,0,128,"FETCH_SIZE",6796106547.125000,3034286983759,3034800703511
601,601,"Agent 1",1,22593,22593,524288,17,"pk_gemm(__half const*, __half const*, __half*, int, int, int)",128,8704,0,208,0,128,"FETCH_SIZE",6268906260.343750,3034801129802,3035286203301
602,602,"Agent 1",1,22593,22593,524288,17,"pk_gemm(__half const*, __half const*, __half*, int, int, int)",128,8704,0,208,0,128,"FETCH_SIZE",6982048063.281250,3035286625792,3035809034015
603,603,"Agent 1",1,22593,22593,524288,17,"pk_gemm(__half const*, __half const*, __half*, int, int, int)",128,8704,0,208,0,128,"FETCH_SIZE",7166874902.750000,3035809456058,3036349075877
604,604,"Agent 1",1,22593,22593,524288,17,"pk_gemm(__half const*, __half const*, __half*, int, int, int)",128,8704,0,208,0,128,"FETCH_SIZE",2196538506.843750,3036349499301,3036594623116
605,605,"Agent 1",1,22593,22593,524288,17,"pk_gemm(__half const*, __half const*, __half*, int, int, int)",128,8704,0,208,0,128,"FETCH_SIZE",6860080877.781250,3036595044756,3037112809804
606,606,"Agent 1",1,22593,22593,524288,17,"pk_gemm(__half const*, __half const*, __half*, int, int, int)",128,8704,0,208,0,128,"FETCH_SIZE",5554843309.531250,3037113230743,3037554552259
607,607,"Agent 1",1,22593,22593,524288,17,"pk_gemm(__half const*, __half const*, __half*, int, int, int)",128,8704,0,208,0,128,"FETCH_SIZE",6486027476.000000,3037554974503,3038048620779
608,608,"Agent 1",1,22593,22593,524288,17,"pk_gemm(__half const*, __half const*, __half*, int, int, int)",128,8704,0,208,0,128,"FETCH_SIZE",6692131695.125000,3038049046346,3038559962526
609,609,"Agent 1",1,22593,22593,524288,17,"pk_gemm(__half const*, __half const*, __half*, int, int, int)",128,8704,0,208,0,128,"FETCH_SIZE",5859610187.750000,3038560384189,3039020951190
610,610,"Agent 1",1,22593,22593,524288,17,"pk_gemm(__half const*, __half const*, __half*, int, int, int)",128,8704,0,208,0,128,"FETCH_SIZE",3504240929.906250,3039021373429,3039343233284
611,611,"Agent 1",1,22593,22593,524288,17,"pk_gemm(__half const*, __half const*, __half*, int, int, int)",128,8704,0,208,0,128,"FETCH_SIZE",7181847396.531250,3039343653611,3039887710381
612,612,"Agent 1",1,22593,22593,524288,17,"pk_gemm(__half const*, __half const*, __half*, int, int, int)",128,8704,0,208,0,128,"FETCH_SIZE",6046815637.906250,3039888207262,3040363159966
613,613,"Agent 1",1,22593,22593,524288,17,"pk_gemm(__half const*, __half const*, __half*, int, int, int)",128,8704,0,208,0,128,"FETCH_SIZE",4999327795.125000,3040363590774,3040770467017
614,614,"Agent 1",1,22593,22593,524288,17,"pk_gemm(__half const*, __half const*, __half*, int, int, int)",128,8704,0,208,0,128,"FETCH_SIZE",6269064955.875000,3040770889722,3041259979344
615,615,"Agent 1",1,22593,22593,524288,17,"pk_gemm(__half const*, __half const*, __half*, int, int, int)",128,8704,0,208,0,128,"FETCH_SIZE",6786179463.812500,3041260404069,3041776422926
616,616,"Agent 1",1,22593,22593,524288,17,"pk_gemm(__half const*, __half const*, __half*, int, int, int)",128,8704,0,208,0,128,"FETCH_SIZE",6201604272.000000,3041776843829,3042251802344
617,617,"Agent 1",1,22593,22593,524288,17,"pk_gemm(__half const*, __half const*, __half*, int, int, int)",128,8704,0,208,0,128,"FETCH_SIZE",5609836895.687500,3042252226666,3042692751410
618,618,"Agent 1",1,22593,22593,524288,17,"pk_gemm(__half const*, __half const*, __half*, int, int, int)",128,8704,0,208,0,128,"FETCH_SIZE",5041580998.656250,3042693175786,3043100316204
619,619,"Agent 1",1,22593,22593,524288,17,"pk_gemm(__half const*, __half const*, __half*, int, int, int)",128,8704,0,208,0,128,"FETCH_SIZE",7155704480.656250,3043100743165,3043628065312
620,620,"Agent 1",1,22593,22593,524288,17,"pk_gemm(__half const*, __half const*, __half*, int, int, int)",128,8704,0,208,0,128,"FETCH_SIZE",7315067323.875000,3043628492425,3044182385698
621,621,"Agent 1",1,22593,22593,524288,17,"pk_gemm(__half const*, __half const*, __half*, int, int, int)",128,8704,0,208,0,128,"FETCH_SIZE",7116396541.750000,3044182810225,3044710229675
622,622,"Agent 1",1,22593,22593,524288,17,"pk_gemm(__half const*, __half const*, __half*, int, int, int)",128,8704,0,208,0,128,"FETCH_SIZE",7075131995.062500,3044710653969,3045249006455
623,623,"Agent 1",1,22593,22593,524288,17,"pk_gemm(__half const*, __half const*, __half*, int, int, int)",128,8704,0,208,0,128,"FETCH_SIZE",5001476044.781250,3045249433377,3045656388808
624,624,"Agent 1",1,22593,22593,524288,17,"pk_gemm(__half const*, __half const*, __half*, int, int, int)",128,8704,0,208,0,128,"FETCH_SIZE",7340169279.968750,3045656814687,3046193296749
625,625,"Agent 1",1,22593,22593,524288,17,"pk_gemm(__half const*, __half const*, __half*, int, int, int)",128,8704,0,208,0,128,"FETCH_SIZE",7123774586.812500,3046193723299,3046728928450
626,626,"Agent 1",1,22593,22593,524288,17,"pk_gemm(__half const*, __half const*, __half*, int, int, int)",128,8704,0,208,0,128,"FETCH_SIZE",5672486151.500000,3046729351906,3047180378880
627,627,"Agent 1",1,22593,22593,524288,17,"pk_gemm(__half const*, __half const*, __half*, int, int, int)",128,8704,0,208,0,128,"FETCH_SIZE",5627005944.187500,3047180804182,3047618246673
628,628,"Agent 1",1,22593,22593,524288,17,"pk_gemm(__half const*, __half const*, __half*, int, int, int)",128,8704,0,208,0,128,"FETCH_SIZE",6983613622.781250,3047618671000,3048145608307
629,629,"Agent 1",1,22593,22593,524288,17,"pk_gemm(__half const*, __half const*, __half*, int, int, int)",128,8704,0,208,0,128,"FETCH_SIZE",3990855712.187500,3048146033767,3048494962560
630,630,"Agent 1",1,22593,22593,524288,17,"pk_gemm(__half const*, __half const*, __half*, int, int, int)",128,8704,0,208,0,128,"FETCH_SIZE",7332271862.812500,3048495384658,3049034865578
631,631,"Agent 1",1,22593,22593,524288,17,"pk_gemm(__half const*, __half const*, __half*, int, int, int)",128,8704,0,208,0,128,"FETCH_SIZE",5695297551.468750,3049035287432,3049471472648
632,632,"Agent 1",1,22593,22593,524288,17,"pk_gemm(__half const*, __half const*, __half*, int, int, int)",128,8704,0,208,0,128,"FETCH_SIZE",6891322646.343750,3049471894919,3049991624166
633,633,"Agent 1",1,22593,22593,524288,17,"pk_gemm(__half const*, __half const*, __half*, int, int, int)",128,8704,0,208,0,128,"FETCH_SIZE",3954474602.781250,3049992047050,3050335456305
634,634,"Agent 1",1,22593,22593,524288,17,"pk_gemm(__half const*, __half const*, __half*, int, int, int)",128,8704,0,208,0,128,"FETCH_SIZE",7026507643.843750,3050335878435,3050858922810
635,635,"Agent 1",1,22593,22593,524288,17,"pk_gemm(__half const*, __half const*, __half*, int, int, int)",128,8704,0,208,0,128,"FETCH_SIZE",4805879408.937500,3050859344592,3051250292002
636,636,"Agent 1",1,22593,22593,524288,17,"pk_gemm(__half const*, __half const*, __half*, int, int, int)",128,8704,0,208,0,128,"FETCH_SIZE",5943866314.187500,3051250713753,3051717807379
637,637,"Agent 1",1,22593,22593,524288,17,"pk_gemm(__half const*, __half const*, __half*, int, int, int)",128,8704,0,208,0,128,"FETCH_SIZE",5682813806.718750,3051718242481,3052168335105
638,638,"Agent 1",1,22593,22593,524288,17,"pk_gemm(__half const*, __half const*, __half*, int, int, int)",128,8704,0,208,0,128,"FETCH_SIZE",7093577760.500000,3052168760764,3052691810028
639,639,"Agent 1",1,22593,22593,524288,17,"pk_gemm(__half const*, __half const*, __half*, int, int, int)",128,8704,0,208,0,128,"FETCH_SIZE",7197869694.593750,3052692232148,3053230641822
640,640,"Agent 1",1,22593,22593,524288,17,"pk_gemm(__half const*, __half const*, __half*, int, int, int)",128,8704,0,208,0,128,"FETCH_SIZE",6620825100.218750,3053231063564,3053738217739
641,641,"Agent 1",1,22593,22593,524288,17,"pk_gemm(__half const*, __half const*, __half*, int, int, int)",128,8704,0,208,0,128,"FETCH_SIZE",5757612990.187500,3053738640384,3054179211615
