"Correlation_Id","Dispatch_Id","Agent_Id","Queue_Id","Process_Id","Thread_Id","Grid_Size","Kernel_Id","Kernel_Name","Workgroup_Size","LDS_Block_Size","Scratch_Size","VGPR_Count","Accum_VGPR_Count","SGPR_Count","Counter_Name","Counter_Value","Start_Timestamp","End_Timestamp"
1,1,"Agent 1",1,21594,21594,256,17,"pk_gemm(__half const*, __half const*, __half*, int, int, int)",128,8704,0,208,0,128,"SQC_LDS_BANK_CONFLICT",4096.000000,2683583393422,2683583512966
1,1,"Agent 1",1,21594,21594,256,17,"pk_gemm(__half const*, __half const*, __half*, int, int, int)",128,8704,0,208,0,128,"SQC_LDS_IDX_ACTIVE",32768.000000,2683583393422,2683583512966
1,1,"Agent 1",1,21594,21594,256,17,"pk_gemm(__half const*, __half const*, __half*, int, int, int)",128,8704,0,208,0,128,"SQ_INSTS_LDS",10240.000000,2683583393422,2683583512966
1,1,"Agent 1",1,21594,21594,256,17,"pk_gemm(__half const*, __half const*, __half*, int, int, int)",128,8704,0,208,0,128,"SQ_WAIT_INST_LDS",0.00000000e+00,2683583393422,2683583512966
2,2,"Agent 1",1,21594,21594,2048,17,"pk_gemm(__half const*, __half const*, __half*, int, int, int)",128,8704,0,208,0,128,"SQC_LDS_BANK_CONFLICT",65536.000000,2683590793449,2683591232712
2,2,"Agent 1",1,21594,21594,2048,17,"pk_gemm(__half const*, __half const*, __half*, int, int, int)",128,8704,0,208,0,128,"SQC_LDS_IDX_ACTIVE",526464.000000,2683590793449,2683591232712
2,2,"Agent 1",1,21594,21594,2048,17,"pk_gemm(__half const*, __half const*, __half*, int, int, int)",128,8704,0,208,0,128,"SQ_INSTS_LDS",166016.000000,2683590793449,2683591232712
2,2,"Agent 1",1,21594,21594,2048,17,"pk_gemm(__half const*, __half const*, __half*, int, int, int)",128,8704,0,208,0,128,"SQ_WAIT_INST_LDS",0.00000000e+00,2683590793449,2683591232712
3,3,"Agent 1",1,21594,21594,2048,17,"pk_gemm(__half const*, __half const*, __half*, int, int, int)",128,8704,0,208,0,128,"SQC_LDS_BANK_CONFLICT",65536.000000,2683591397661,2683591991454
3,3,"Agent 1",1,21594,21594,2048,17,"pk_gemm(__half const*, __half const*, __half*, int, int, int)",128,8704,0,208,0,128,"SQC_LDS_IDX_ACTIVE",528640.000000,2683591397661,2683591991454
3,3,"Agent 1",1,21594,21594,2048,17,"pk_gemm(__half const*, __half const*, __half*, int, int, int)",128,8704,0,208,0,128,"SQ_INSTS_LDS",168192.000000,2683591397661,2683591991454
3,3,"Agent 1",1,21594,21594,2048,17,"pk_gemm(__half const*, __half const*, __half*, int, int, int)",128,8704,0,208,0,128,"SQ_WAIT_INST_LDS",0.00000000e+00,2683591397661,2683591991454
4,4,"Agent 1",1,21594,21594,2048,17,"pk_gemm(__half const*, __half const*, __half*, int, int, int)",128,8704,0,208,0,128,"SQC_LDS_BANK_CONFLICT",65536.000000,2683592166101,2683592413284
4,4,"Agent 1",1,21594,21594,2048,17,"pk_gemm(__half const*, __half const*, __half*, int, int, int)",128,8704,0,208,0,128,"SQC_LDS_IDX_ACTIVE",524288.000000,2683592166101,2683592413284
4,4,"Agent 1",1,21594,21594,2048,17,"pk_gemm(__half const*, __half const*, __half*, int, int, int)",128,8704,0,208,0,128,"SQ_INSTS_LDS",163840.000000,2683592166101,2683592413284
4,4,"Agent 1",1,21594,21594,2048,17,"pk_gemm(__half const*, __half const*, __half*, int, int, int)",128,8704,0,208,0,128,"SQ_WAIT_INST_LDS",0.00000000e+00,2683592166101,2683592413284
5,5,"Agent 1",1,21594,21594,2048,17,"pk_gemm(__half const*, __half const*, __half*, int, int, int)",128,8704,0,208,0,128,"SQC_LDS_BANK_CONFLICT",65536.000000,2683592451275,2683592682469
5,5,"Agent 1",1,21594,21594,2048,17,"pk_gemm(__half const*, __half const*, __half*, int, int, int)",128,8704,0,208,0,128,"SQC_LDS_IDX_ACTIVE",524288.000000,2683592451275,2683592682469
5,5,"Agent 1",1,21594,21594,2048,17,"pk_gemm(__half const*, __half const*, __half*, int, int, int)",128,8704,0,208,0,128,"SQ_INSTS_LDS",163840.000000,2683592451275,2683592682469
5,5,"Agent 1",1,21594,21594,2048,17,"pk_gemm(__half const*, __half const*, __half*, int, int, int)",128,8704,0,208,0,128,"SQ_WAIT_INST_LDS",0.00000000e+00,2683592451275,2683592682469
6,6,"Agent 1",1,21594,21594,2048,17,"pk_gemm(__half const*, __half const*, __half*, int, int, int)",128,8704,0,208,0,128,"SQC_LDS_BANK_CONFLICT",65536.000000,2683592722103,2683592955701
6,6,"Agent 1",1,21594,21594,2048,17,"pk_gemm(__half const*, __half const*, __half*, int, int, int)",128,8704,0,208,0,128,"SQC_LDS_IDX_ACTIVE",524288.000000,2683592722103,2683592955701
6,6,"Agent 1",1,21594,21594,2048,17,"pk_gemm(__half const*, __half const*, __half*, int, int, int)",128,8704,0,208,0,128,"SQ_INSTS_LDS",163840.000000,2683592722103,2683592955701
6,6,"Agent 1",1,21594,21594,2048,17,"pk_gemm(__half const*, __half const*, __half*, int, int, int)",128,8704,0,208,0,128,"SQ_WAIT_INST_LDS",0.00000000e+00,2683592722103,2683592955701
7,7,"Agent 1",1,21594,21594,2048,17,"pk_gemm(__half const*, __half const*, __half*, int, int, int)",128,8704,0,208,0,128,"SQC_LDS_BANK_CONFLICT",65536.000000,2683592994133,2683593226689
7,7,"Agent 1",1,21594,21594,2048,17,"pk_gemm(__half const*, __half const*, __half*, int, int, int)",128,8704,0,208,0,128,"SQC_LDS_IDX_ACTIVE",524288.000000,2683592994133,2683593226689
7,7,"Agent 1",1,21594,21594,2048,17,"pk_gemm(__half const*, __half const*, __half*, int, int, int)",128,8704,0,208,0,128,"SQ_INSTS_LDS",163840.000000,2683592994133,2683593226689
7,7,"Agent 1",1,21594,21594,2048,17,"pk_gemm(__half const*, __half const*, __half*, int, int, int)",128,8704,0,208,0,128,"SQ_WAIT_INST_LDS",0.00000000e+00,2683592994133,2683593226689
8,8,"Agent 1",1,21594,21594,2048,17,"pk_gemm(__half const*, __half const*, __half*, int, int, int)",128,8704,0,208,0,128,"SQC_LDS_BANK_CONFLICT",65536.000000,2683593265000,2683593500001
8,8,"Agent 1",1,21594,21594,2048,17,"pk_gemm(__half const*, __half const*, __half*, int, int, int)",128,8704,0,208,0,128,"SQC_LDS_IDX_ACTIVE",524288.000000,2683593265000,2683593500001
8,8,"Agent 1",1,21594,21594,2048,17,"pk_gemm(__half const*, __half const*, __half*, int, int, int)",128,8704,0,208,0,128,"SQ_INSTS_LDS",163840.000000,2683593265000,2683593500001
8,8,"Agent 1",1,21594,21594,2048,17,"pk_gemm(__half const*, __half const*, __half*, int, int, int)",128,8704,0,208,0,128,"SQ_WAIT_INST_LDS",0.00000000e+00,2683593265000,2683593500001
9,9,"Agent 1",1,21594,21594,2048,17,"pk_gemm(__half const*, __half const*, __half*, int, int, int)",128,8704,0,208,0,128,"SQC_LDS_BANK_CONFLICT",65536.000000,2683593538513,2683593772391
9,9,"Agent 1",1,21594,21594,2048,17,"pk_gemm(__half const*, __half const*, __half*, int, int, int)",128,8704,0,208,0,128,"SQC_LDS_IDX_ACTIVE",524288.000000,2683593538513,2683593772391
9,9,"Agent 1",1,21594,21594,2048,17,"pk_gemm(__half const*, __half const*, __half*, int, int, int)",128,8704,0,208,0,128,"SQ_INSTS_LDS",163840.000000,2683593538513,2683593772391
9,9,"Agent 1",1,21594,21594,2048,17,"pk_gemm(__half const*, __half const*, __half*, int, int, int)",128,8704,0,208,0,128,"SQ_WAIT_INST_LDS",0.00000000e+00,2683593538513,2683593772391
10,10,"Agent 1",1,21594,21594,2048,17,"pk_gemm(__half const*, __half const*, __half*, int, int, int)",128,8704,0,208,0,128,"SQC_LDS_BANK_CONFLICT",65536.000000,2683593837634,2683594334645
10,10,"Agent 1",1,21594,21594,2048,17,"pk_gemm(__half const*, __half const*, __half*, int, int, int)",128,8704,0,208,0,128,"SQC_LDS_IDX_ACTIVE",527552.000000,2683593837634,2683594334645
10,10,"Agent 1",1,21594,21594,2048,17,"pk_gemm(__half const*, __half const*, __half*, int, int, int)",128,8704,0,208,0,128,"SQ_INSTS_LDS",167104.000000,2683593837634,2683594334645
10,10,"Agent 1",1,21594,21594,2048,17,"pk_gemm(__half const*, __half const*, __half*, int, int, int)",128,8704,0,208,0,128,"SQ_WAIT_INST_LDS",0.00000000e+00,2683593837634,2683594334645
11,11,"Agent 1",1,21594,21594,2048,17,"pk_gemm(__half const*, __half const*, __half*, int, int, int)",128,8704,0,208,0,128,"SQC_LDS_BANK_CONFLICT",65536.000000,2683594491539,2683595070103
11,11,"Agent 1",1,21594,21594,2048,17,"pk_gemm(__half const*, __half const*, __half*, int, int, int)",128,8704,0,208,0,128,"SQC_LDS_IDX_ACTIVE",528640.000000,2683594491539,2683595070103
11,11,"Agent 1",1,21594,21594,2048,17,"pk_gemm(__half const*, __half const*, __half*, int, int, int)",128,8704,0,208,0,128,"SQ_INSTS_LDS",168192.000000,2683594491539,2683595070103
11,11,"Agent 1",1,21594,21594,2048,17,"pk_gemm(__half const*, __half const*, __half*, int, int, int)",128,8704,0,208,0,128,"SQ_WAIT_INST_LDS",0.00000000e+00,2683594491539,2683595070103
12,12,"Agent 1",1,21594,21594,2048,17,"pk_gemm(__half const*, __half const*, __half*, int, int, int)",128,8704,0,208,0,128,"SQC_LDS_BANK_CONFLICT",65536.000000,2683595253968,2683595826721
12,12,"Agent 1",1,21594,21594,2048,17,"pk_gemm(__half const*, __half const*, __half*, int, int, int)",128,8704,0,208,0,128,"SQC_LDS_IDX_ACTIVE",528640.000000,2683595253968,2683595826721
12,12,"Agent 1",1,21594,21594,2048,17,"pk_gemm(__half const*, __half const*, __half*, int, int, int)",128,8704,0,208,0,128,"SQ_INSTS_LDS",168192.000000,2683595253968,2683595826721
12,12,"Agent 1",1,21594,21594,2048,17,"pk_gemm(__half const*, __half const*, __half*, int, int, int)",128,8704,0,208,0,128,"SQ_WAIT_INST_LDS",0.00000000e+00,2683595253968,2683595826721
13,13,"Agent 1",1,21594,21594,2048,17,"pk_gemm(__half const*, __half const*, __half*, int, int, int)",128,8704,0,208,0,128,"SQC_LDS_BANK_CONFLICT",65536.000000,2683595954881,2683596536171
13,13,"Agent 1",1,21594,21594,2048,17,"pk_gemm(__half const*, __half const*, __half*, int, int, int)",128,8704,0,208,0,128,"SQC_LDS_IDX_ACTIVE",528640.000000,2683595954881,2683596536171
13,13,"Agent 1",1,21594,21594,2048,17,"pk_gemm(__half const*, __half const*, __half*, int, int, int)",128,8704,0,208,0,128,"SQ_INSTS_LDS",168192.000000,2683595954881,2683596536171
13,13,"Agent 1",1,21594,21594,2048,17,"pk_gemm(__half const*, __half const*, __half*, int, int, int)",128,8704,0,208,0,128,"SQ_WAIT_INST_LDS",0.00000000e+00,2683595954881,2683596536171
14,14,"Agent 1",1,21594,21594,2048,17,"pk_gemm(__half const*, __half const*, __half*, int, int, int)",128,8704,0,208,0,128,"SQC_LDS_BANK_CONFLICT",65536.000000,2683596632872,2683597129603
14,14,"Agent 1",1,21594,21594,2048,17,"pk_gemm(__half const*, __half const*, __half*, int, int, int)",128,8704,0,208,0,128,"SQC_LDS_IDX_ACTIVE",527552.000000,2683596632872,2683597129603
14,14,"Agent 1",1,21594,21594,2048,17,"pk_gemm(__half const*, __half const*, __half*, int, int, int)",128,8704,0,208,0,128,"SQ_INSTS_LDS",167104.000000,2683596632872,2683597129603
14,14,"Agent 1",1,21594,21594,2048,17,"pk_gemm(__half const*, __half const*, __half*, int, int, int)",128,8704,0,208,0,128,"SQ_WAIT_INST_LDS",0.00000000e+00,2683596632872,2683597129603
15,15,"Agent 1",1,21594,21594,2048,17,"pk_gemm(__half const*, __half const*, __half*, int, int, int)",128,8704,0,208,0,128,"SQC_LDS_BANK_CONFLICT",65536.000000,2683597252273,2683597759463
15,15,"Agent 1",1,21594,21594,2048,17,"pk_gemm(__half const*, __half const*, __half*, int, int, int)",128,8704,0,208,0,128,"SQC_LDS_IDX_ACTIVE",527552.000000,2683597252273,2683597759463
15,15,"Agent 1",1,21594,21594,2048,17,"pk_gemm(__half const*, __half const*, __half*, int, int, int)",128,8704,0,208,0,128,"SQ_INSTS_LDS",167104.000000,2683597252273,2683597759463
15,15,"Agent 1",1,21594,21594,2048,17,"pk_gemm(__half const*, __half const*, __half*, int, int, int)",128,8704,0,208,0,128,"SQ_WAIT_INST_LDS",0.00000000e+00,2683597252273,2683597759463
16,16,"Agent 1",1,21594,21594,2048,17,"pk_gemm(__half const*, __half const*, __half*, int, int, int)",128,8704,0,208,0,128,"SQC_LDS_BANK_CONFLICT",65536.000000,2683597890789,2683598384274
16,16,"Agent 1",1,21594,21594,2048,17,"pk_gemm(__half const*, __half const*, __half*, int, int, int)",128,8704,0,208,0,128,"SQC_LDS_IDX_ACTIVE",527552.000000,2683597890789,2683598384274
16,16,"Agent 1",1,21594,21594,2048,17,"pk_gemm(__half const*, __half const*, __half*, int, int, int)",128,8704,0,208,0,128,"SQ_INSTS_LDS",167104.000000,2683597890789,2683598384274
16,16,"Agent 1",1,21594,21594,2048,17,"pk_gemm(__half const*, __half const*, __half*, int, int, int)",128,8704,0,208,0,128,"SQ_WAIT_INST_LDS",0.00000000e+00,2683597890789,2683598384274
17,17,"Agent 1",1,21594,21594,2048,17,"pk_gemm(__half const*, __half const*, __half*, int, int, int)",128,8704,0,208,0,128,"SQC_LDS_BANK_CONFLICT",65536.000000,2683598500933,2683598748637
17,17,"Agent 1",1,21594,21594,2048,17,"pk_gemm(__half const*, __half const*, __half*, int, int, int)",128,8704,0,208,0,128,"SQC_LDS_IDX_ACTIVE",524288.000000,2683598500933,2683598748637
17,17,"Agent 1",1,21594,21594,2048,17,"pk_gemm(__half const*, __half const*, __half*, int, int, int)",128,8704,0,208,0,128,"SQ_INSTS_LDS",163840.000000,2683598500933,2683598748637
17,17,"Agent 1",1,21594,21594,2048,17,"pk_gemm(__half const*, __half const*, __half*, int, int, int)",128,8704,0,208,0,128,"SQ_WAIT_INST_LDS",0.00000000e+00,2683598500933,2683598748637
18,18,"Agent 1",1,21594,21594,2048,17,"pk_gemm(__half const*, __half const*, __half*, int, int, int)",128,8704,0,208,0,128,"SQC_LDS_BANK_CONFLICT",65536.000000,2683598791157,2683599022470
18,18,"Agent 1",1,21594,21594,2048,17,"pk_gemm(__half const*, __half const*, __half*, int, int, int)",128,8704,0,208,0,128,"SQC_LDS_IDX_ACTIVE",524288.000000,2683598791157,2683599022470
18,18,"Agent 1",1,21594,21594,2048,17,"pk_gemm(__half const*, __half const*, __half*, int, int, int)",128,8704,0,208,0,128,"SQ_INSTS_LDS",163840.000000,2683598791157,2683599022470
18,18,"Agent 1",1,21594,21594,2048,17,"pk_gemm(__half const*, __half const*, __half*, int, int, int)",128,8704,0,208,0,128,"SQ_WAIT_INST_LDS",0.00000000e+00,2683598791157,2683599022470
19,19,"Agent 1",1,21594,21594,2048,17,"pk_gemm(__half const*, __half const*, __half*, int, int, int)",128,8704,0,208,0,128,"SQC_LDS_BANK_CONFLICT",65536.000000,2683599063307,2683599297465
19,19,"Agent 1",1,21594,21594,2048,17,"pk_gemm(__half const*, __half const*, __half*, int, int, int)",128,8704,0,208,0,128,"SQC_LDS_IDX_ACTIVE",524288.000000,2683599063307,2683599297465
19,19,"Agent 1",1,21594,21594,2048,17,"pk_gemm(__half const*, __half const*, __half*, int, int, int)",128,8704,0,208,0,128,"SQ_INSTS_LDS",163840.000000,2683599063307,2683599297465
19,19,"Agent 1",1,21594,21594,2048,17,"pk_gemm(__half const*, __half const*, __half*, int, int, int)",128,8704,0,208,0,128,"SQ_WAIT_INST_LDS",0.00000000e+00,2683599063307,2683599297465
20,20,"Agent 1",1,21594,21594,2048,17,"pk_gemm(__half const*, __half const*, __half*, int, int, int)",128,8704,0,208,0,128,"SQC_LDS_BANK_CONFLICT",65536.000000,2683599338302,2683599571860
20,20,"Agent 1",1,21594,21594,2048,17,"pk_gemm(__half const*, __half const*, __half*, int, int, int)",128,8704,0,208,0,128,"SQC_LDS_IDX_ACTIVE",524288.000000,2683599338302,2683599571860
20,20,"Agent 1",1,21594,21594,2048,17,"pk_gemm(__half const*, __half const*, __half*, int, int, int)",128,8704,0,208,0,128,"SQ_INSTS_LDS",163840.000000,2683599338302,2683599571860
20,20,"Agent 1",1,21594,21594,2048,17,"pk_gemm(__half const*, __half const*, __half*, int, int, int)",128,8704,0,208,0,128,"SQ_WAIT_INST_LDS",0.00000000e+00,2683599338302,2683599571860
21,21,"Agent 1",1,21594,21594,2048,17,"pk_gemm(__half const*, __half const*, __half*, int, int, int)",128,8704,0,208,0,128,"SQC_LDS_BANK_CONFLICT",65536.000000,2683599612776,2683599846254
21,21,"Agent 1",1,21594,21594,2048,17,"pk_gemm(__half const*, __half const*, __half*, int, int, int)",128,8704,0,208,0,128,"SQC_LDS_IDX_ACTIVE",524288.000000,2683599612776,2683599846254
21,21,"Agent 1",1,21594,21594,2048,17,"pk_gemm(__half const*, __half const*, __half*, int, int, int)",128,8704,0,208,0,128,"SQ_INSTS_LDS",163840.000000,2683599612776,2683599846254
21,21,"Agent 1",1,21594,21594,2048,17,"pk_gemm(__half const*, __half const*, __half*, int, int, int)",128,8704,0,208,0,128,"SQ_WAIT_INST_LDS",0.00000000e+00,2683599612776,2683599846254
22,22,"Agent 1",1,21594,21594,2048,17,"pk_gemm(__half const*, __half const*, __half*, int, int, int)",128,8704,0,208,0,128,"SQC_LDS_BANK_CONFLICT",65536.000000,2683599886690,2683600120608
22,22,"Agent 1",1,21594,21594,2048,17,"pk_gemm(__half const*, __half const*, __half*, int, int, int)",128,8704,0,208,0,128,"SQC_LDS_IDX_ACTIVE",524288.000000,2683599886690,2683600120608
22,22,"Agent 1",1,21594,21594,2048,17,"pk_gemm(__half const*, __half const*, __half*, int, int, int)",128,8704,0,208,0,128,"SQ_INSTS_LDS",163840.000000,2683599886690,2683600120608
22,22,"Agent 1",1,21594,21594,2048,17,"pk_gemm(__half const*, __half const*, __half*, int, int, int)",128,8704,0,208,0,128,"SQ_WAIT_INST_LDS",0.00000000e+00,2683599886690,2683600120608
23,23,"Agent 1",1,21594,21594,2048,17,"pk_gemm(__half const*, __half const*, __half*, int, int, int)",128,8704,0,208,0,128,"SQC_LDS_BANK_CONFLICT",65536.000000,2683600161765,2683600394561
23,23,"Agent 1",1,21594,21594,2048,17,"pk_gemm(__half const*, __half const*, __half*, int, int, int)",128,8704,0,208,0,128,"SQC_LDS_IDX_ACTIVE",524288.000000,2683600161765,2683600394561
23,23,"Agent 1",1,21594,21594,2048,17,"pk_gemm(__half const*, __half const*, __half*, int, int, int)",128,8704,0,208,0,128,"SQ_INSTS_LDS",163840.000000,2683600161765,2683600394561
23,23,"Agent 1",1,21594,21594,2048,17,"pk_gemm(__half const*, __half const*, __half*, int, int, int)",128,8704,0,208,0,128,"SQ_WAIT_INST_LDS",0.00000000e+00,2683600161765,2683600394561
24,24,"Agent 1",1,21594,21594,2048,17,"pk_gemm(__half const*, __half const*, __half*, int, int, int)",128,8704,0,208,0,128,"SQC_LDS_BANK_CONFLICT",65536.000000,2683600436039,2683600670839
24,24,"Agent 1",1,21594,21594,2048,17,"pk_gemm(__half const*, __half const*, __half*, int, int, int)",128,8704,0,208,0,128,"SQC_LDS_IDX_ACTIVE",524288.000000,2683600436039,2683600670839
24,24,"Agent 1",1,21594,21594,2048,17,"pk_gemm(__half const*, __half const*, __half*, int, int, int)",128,8704,0,208,0,128,"SQ_INSTS_LDS",163840.000000,2683600436039,2683600670839
24,24,"Agent 1",1,21594,21594,2048,17,"pk_gemm(__half const*, __half const*, __half*, int, int, int)",128,8704,0,208,0,128,"SQ_WAIT_INST_LDS",0.00000000e+00,2683600436039,2683600670839
25,25,"Agent 1",1,21594,21594,2048,17,"pk_gemm(__half const*, __half const*, __half*, int, int, int)",128,8704,0,208,0,128,"SQC_LDS_BANK_CONFLICT",65536.000000,2683600710914,2683600944873
25,25,"Agent 1",1,21594,21594,2048,17,"pk_gemm(__half const*, __half const*, __half*, int, int, int)",128,8704,0,208,0,128,"SQC_LDS_IDX_ACTIVE",524288.000000,2683600710914,2683600944873
25,25,"Agent 1",1,21594,21594,2048,17,"pk_gemm(__half const*, __half const*, __half*, int, int, int)",128,8704,0,208,0,128,"SQ_INSTS_LDS",163840.000000,2683600710914,2683600944873
25,25,"Agent 1",1,21594,21594,2048,17,"pk_gemm(__half const*, __half const*, __half*, int, int, int)",128,8704,0,208,0,128,"SQ_WAIT_INST_LDS",0.00000000e+00,2683600710914,2683600944873
26,26,"Agent 1",1,21594,21594,2048,17,"pk_gemm(__half const*, __half const*, __half*, int, int, int)",128,8704,0,208,0,128,"SQC_LDS_BANK_CONFLICT",65536.000000,2683600984467,2683601217864
26,26,"Agent 1",1,21594,21594,2048,17,"pk_gemm(__half const*, __half const*, __half*, int, int, int)",128,8704,0,208,0,128,"SQC_LDS_IDX_ACTIVE",524288.000000,2683600984467,2683601217864
26,26,"Agent 1",1,21594,21594,2048,17,"pk_gemm(__half const*, __half const*, __half*, int, int, int)",128,8704,0,208,0,128,"SQ_INSTS_LDS",163840.000000,2683600984467,2683601217864
26,26,"Agent 1",1,21594,21594,2048,17,"pk_gemm(__half const*, __half const*, __half*, int, int, int)",128,8704,0,208,0,128,"SQ_WAIT_INST_LDS",0.00000000e+00,2683600984467,2683601217864
27,27,"Agent 1",1,21594,21594,2048,17,"pk_gemm(__half const*, __half const*, __half*, int, int, int)",128,8704,0,208,0,128,"SQC_LDS_BANK_CONFLICT",65536.000000,2683601256617,2683601490095
27,27,"Agent 1",1,21594,21594,2048,17,"pk_gemm(__half const*, __half const*, __half*, int, int, int)",128,8704,0,208,0,128,"SQC_LDS_IDX_ACTIVE",524288.000000,2683601256617,2683601490095
27,27,"Agent 1",1,21594,21594,2048,17,"pk_gemm(__half const*, __half const*, __half*, int, int, int)",128,8704,0,208,0,128,"SQ_INSTS_LDS",163840.000000,2683601256617,2683601490095
27,27,"Agent 1",1,21594,21594,2048,17,"pk_gemm(__half const*, __half const*, __half*, int, int, int)",128,8704,0,208,0,128,"SQ_WAIT_INST_LDS",0.00000000e+00,2683601256617,2683601490095
28,28,"Agent 1",1,21594,21594,2048,17,"pk_gemm(__half const*, __half const*, __half*, int, int, int)",128,8704,0,208,0,128,"SQC_LDS_BANK_CONFLICT",65536.000000,2683601529649,2683601762525
28,28,"Agent 1",1,21594,21594,2048,17,"pk_gemm(__half const*, __half const*, __half*, int, int, int)",128,8704,0,208,0,128,"SQC_LDS_IDX_ACTIVE",524288.000000,2683601529649,2683601762525
28,28,"Agent 1",1,21594,21594,2048,17,"pk_gemm(__half const*, __half const*, __half*, int, int, int)",128,8704,0,208,0,128,"SQ_INSTS_LDS",163840.000000,2683601529649,2683601762525
28,28,"Agent 1",1,21594,21594,2048,17,"pk_gemm(__half const*, __half const*, __half*, int, int, int)",128,8704,0,208,0,128,"SQ_WAIT_INST_LDS",0.00000000e+00,2683601529649,2683601762525
29,29,"Agent 1",1,21594,21594,2048,17,"pk_gemm(__half const*, __half const*, __half*, int, int, int)",128,8704,0,208,0,128,"SQC_LDS_BANK_CONFLICT",65536.000000,2683601803602,2683602038442
29,29,"Agent 1",1,21594,21594,2048,17,"pk_gemm(__half const*, __half const*, __half*, int, int, int)",128,8704,0,208,0,128,"SQC_LDS_IDX_ACTIVE",524288.000000,2683601803602,2683602038442
29,29,"Agent 1",1,21594,21594,2048,17,"pk_gemm(__half const*, __half const*, __half*, int, int, int)",128,8704,0,208,0,128,"SQ_INSTS_LDS",163840.000000,2683601803602,2683602038442
29,29,"Agent 1",1,21594,21594,2048,17,"pk_gemm(__half const*, __half const*, __half*, int, int, int)",128,8704,0,208,0,128,"SQ_WAIT_INST_LDS",0.00000000e+00,2683601803602,2683602038442
30,30,"Agent 1",1,21594,21594,2048,17,"pk_gemm(__half const*, __half const*, __half*, int, int, int)",128,8704,0,208,0,128,"SQC_LDS_BANK_CONFLICT",65536.000000,2683602077395,2683602310873
30,30,"Agent 1",1,21594,21594,2048,17,"pk_gemm(__half const*, __half const*, __half*, int, int, int)",128,8704,0,208,0,128,"SQC_LDS_IDX_ACTIVE",524288.000000,2683602077395,2683602310873
30,30,"Agent 1",1,21594,21594,2048,17,"pk_gemm(__half const*, __half const*, __half*, int, int, int)",128,8704,0,208,0,128,"SQ_INSTS_LDS",163840.000000,2683602077395,2683602310873
30,30,"Agent 1",1,21594,21594,2048,17,"pk_gemm(__half const*, __half const*, __half*, int, int, int)",128,8704,0,208,0,128,"SQ_WAIT_INST_LDS",0.00000000e+00,2683602077395,2683602310873
31,31,"Agent 1",1,21594,21594,2048,17,"pk_gemm(__half const*, __half const*, __half*, int, int, int)",128,8704,0,208,0,128,"SQC_LDS_BANK_CONFLICT",65536.000000,2683602349746,2683602583704
31,31,"Agent 1",1,21594,21594,2048,17,"pk_gemm(__half const*, __half const*, __half*, int, int, int)",128,8704,0,208,0,128,"SQC_LDS_IDX_ACTIVE",524288.000000,2683602349746,2683602583704
31,31,"Agent 1",1,21594,21594,2048,17,"pk_gemm(__half const*, __half const*, __half*, int, int, int)",128,8704,0,208,0,128,"SQ_INSTS_LDS",163840.000000,2683602349746,2683602583704
31,31,"Agent 1",1,21594,21594,2048,17,"pk_gemm(__half const*, __half const*, __half*, int, int, int)",128,8704,0,208,0,128,"SQ_WAIT_INST_LDS",0.00000000e+00,2683602349746,2683602583704
32,32,"Agent 1",1,21594,21594,2048,17,"pk_gemm(__half const*, __half const*, __half*, int, int, int)",128,8704,0,208,0,128,"SQC_LDS_BANK_CONFLICT",65536.000000,2683602624180,2683602857938
32,32,"Agent 1",1,21594,21594,2048,17,"pk_gemm(__half const*, __half const*, __half*, int, int, int)",128,8704,0,208,0,128,"SQC_LDS_IDX_ACTIVE",524288.000000,2683602624180,2683602857938
32,32,"Agent 1",1,21594,21594,2048,17,"pk_gemm(__half const*, __half const*, __half*, int, int, int)",128,8704,0,208,0,128,"SQ_INSTS_LDS",163840.000000,2683602624180,2683602857938
32,32,"Agent 1",1,21594,21594,2048,17,"pk_gemm(__half const*, __half const*, __half*, int, int, int)",128,8704,0,208,0,128,"SQ_WAIT_INST_LDS",0.00000000e+00,2683602624180,2683602857938
33,33,"Agent 1",1,21594,21594,2048,17,"pk_gemm(__half const*, __half const*, __half*, int, int, int)",128,8704,0,208,0,128,"SQC_LDS_BANK_CONFLICT",65536.000000,2683602895729,2683603128244
33,33,"Agent 1",1,21594,21594,2048,17,"pk_gemm(__half const*, __half const*, __half*, int, int, int)",128,8704,0,208,0,128,"SQC_LDS_IDX_ACTIVE",524288.000000,2683602895729,2683603128244
33,33,"Agent 1",1,21594,21594,2048,17,"pk_gemm(__half const*, __half const*, __half*, int, int, int)",128,8704,0,208,0,128,"SQ_INSTS_LDS",163840.000000,2683602895729,2683603128244
33,33,"Agent 1",1,21594,21594,2048,17,"pk_gemm(__half const*, __half const*, __half*, int, int, int)",128,8704,0,208,0,128,"SQ_WAIT_INST_LDS",0.00000000e+00,2683602895729,2683603128244
34,34,"Agent 1",1,21594,21594,2048,17,"pk_gemm(__half const*, __half const*, __half*, int, int, int)",128,8704,0,208,0,128,"SQC_LDS_BANK_CONFLICT",65536.000000,2683603165715,2683603400394
34,34,"Agent 1",1,21594,21594,2048,17,"pk_gemm(__half const*, __half const*, __half*, int, int, int)",128,8704,0,208,0,128,"SQC_LDS_IDX_ACTIVE",524288.000000,2683603165715,2683603400394
34,34,"Agent 1",1,21594,21594,2048,17,"pk_gemm(__half const*, __half const*, __half*, int, int, int)",128,8704,0,208,0,128,"SQ_INSTS_LDS",163840.000000,2683603165715,2683603400394
34,34,"Agent 1",1,21594,21594,2048,17,"pk_gemm(__half const*, __half const*, __half*, int, int, int)",128,8704,0,208,0,128,"SQ_WAIT_INST_LDS",0.00000000e+00,2683603165715,2683603400394
35,35,"Agent 1",1,21594,21594,2048,17,"pk_gemm(__half const*, __half const*, __half*, int, int, int)",128,8704,0,208,0,128,"SQC_LDS_BANK_CONFLICT",65536.000000,2683603440229,2683603673747
35,35,"Agent 1",1,21594,21594,2048,17,"pk_gemm(__half const*, __half const*, __half*, int, int, int)",128,8704,0,208,0,128,"SQC_LDS_IDX_ACTIVE",524288.000000,2683603440229,2683603673747
35,35,"Agent 1",1,21594,21594,2048,17,"pk_gemm(__half const*, __half const*, __half*, int, int, int)",128,8704,0,208,0,128,"SQ_INSTS_LDS",163840.000000,2683603440229,2683603673747
35,35,"Agent 1",1,21594,21594,2048,17,"pk_gemm(__half const*, __half const*, __half*, int, int, int)",128,8704,0,208,0,128,"SQ_WAIT_INST_LDS",0.00000000e+00,2683603440229,2683603673747
36,36,"Agent 1",1,21594,21594,2048,17,"pk_gemm(__half const*, __half const*, __half*, int, int, int)",128,8704,0,208,0,128,"SQC_LDS_BANK_CONFLICT",65536.000000,2683603712700,2683603946338
36,36,"Agent 1",1,21594,21594,2048,17,"pk_gemm(__half const*, __half const*, __half*, int, int, int)",128,8704,0,208,0,128,"SQC_LDS_IDX_ACTIVE",524288.000000,2683603712700,2683603946338
36,36,"Agent 1",1,21594,21594,2048,17,"pk_gemm(__half const*, __half const*, __half*, int, int, int)",128,8704,0,208,0,128,"SQ_INSTS_LDS",163840.000000,2683603712700,2683603946338
36,36,"Agent 1",1,21594,21594,2048,17,"pk_gemm(__half const*, __half const*, __half*, int, int, int)",128,8704,0,208,0,128,"SQ_WAIT_INST_LDS",0.00000000e+00,2683603712700,2683603946338
37,37,"Agent 1",1,21594,21594,2048,17,"pk_gemm(__half const*, __half const*, __half*, int, int, int)",128,8704,0,208,0,128,"SQC_LDS_BANK_CONFLICT",65536.000000,2683603984128,2683604217285
37,37,"Agent 1",1,21594,21594,2048,17,"pk_gemm(__half const*, __half const*, __half*, int, int, int)",128,8704,0,208,0,128,"SQC_LDS_IDX_ACTIVE",524288.000000,2683603984128,2683604217285
37,37,"Agent 1",1,21594,21594,2048,17,"pk_gemm(__half const*, __half const*, __half*, int, int, int)",128,8704,0,208,0,128,"SQ_INSTS_LDS",163840.000000,2683603984128,2683604217285
37,37,"Agent 1",1,21594,21594,2048,17,"pk_gemm(__half const*, __half const*, __half*, int, int, int)",128,8704,0,208,0,128,"SQ_WAIT_INST_LDS",0.00000000e+00,2683603984128,2683604217285
38,38,"Agent 1",1,21594,21594,2048,17,"pk_gemm(__half const*, __half const*, __half*, int, int, int)",128,8704,0,208,0,128,"SQC_LDS_BANK_CONFLICT",65536.000000,2683604256278,2683604489155
38,38,"Agent 1",1,21594,21594,2048,17,"pk_gemm(__half const*, __half const*, __half*, int, int, int)",128,8704,0,208,0,128,"SQC_LDS_IDX_ACTIVE",524288.000000,2683604256278,2683604489155
38,38,"Agent 1",1,21594,21594,2048,17,"pk_gemm(__half const*, __half const*, __half*, int, int, int)",128,8704,0,208,0,128,"SQ_INSTS_LDS",163840.000000,2683604256278,2683604489155
38,38,"Agent 1",1,21594,21594,2048,17,"pk_gemm(__half const*, __half const*, __half*, int, int, int)",128,8704,0,208,0,128,"SQ_WAIT_INST_LDS",0.00000000e+00,2683604256278,2683604489155
39,39,"Agent 1",1,21594,21594,2048,17,"pk_gemm(__half const*, __half const*, __half*, int, int, int)",128,8704,0,208,0,128,"SQC_LDS_BANK_CONFLICT",65536.000000,2683604527427,2683604761986
39,39,"Agent 1",1,21594,21594,2048,17,"pk_gemm(__half const*, __half const*, __half*, int, int, int)",128,8704,0,208,0,128,"SQC_LDS_IDX_ACTIVE",524288.000000,2683604527427,2683604761986
39,39,"Agent 1",1,21594,21594,2048,17,"pk_gemm(__half const*, __half const*, __half*, int, int, int)",128,8704,0,208,0,128,"SQ_INSTS_LDS",163840.000000,2683604527427,2683604761986
39,39,"Agent 1",1,21594,21594,2048,17,"pk_gemm(__half const*, __half const*, __half*, int, int, int)",128,8704,0,208,0,128,"SQ_WAIT_INST_LDS",0.00000000e+00,2683604527427,2683604761986
40,40,"Agent 1",1,21594,21594,2048,17,"pk_gemm(__half const*, __half const*, __half*, int, int, int)",128,8704,0,208,0,128,"SQC_LDS_BANK_CONFLICT",65536.000000,2683604827429,2683605061588
40,40,"Agent 1",1,21594,21594,2048,17,"pk_gemm(__half const*, __half const*, __half*, int, int, int)",128,8704,0,208,0,128,"SQC_LDS_IDX_ACTIVE",524288.000000,2683604827429,2683605061588
40,40,"Agent 1",1,21594,21594,2048,17,"pk_gemm(__half const*, __half const*, __half*, int, int, int)",128,8704,0,208,0,128,"SQ_INSTS_LDS",163840.000000,2683604827429,2683605061588
40,40,"Agent 1",1,21594,21594,2048,17,"pk_gemm(__half const*, __half const*, __half*, int, int, int)",128,8704,0,208,0,128,"SQ_WAIT_INST_LDS",0.00000000e+00,2683604827429,2683605061588
41,41,"Agent 1",1,21594,21594,2048,17,"pk_gemm(__half const*, __half const*, __half*, int, int, int)",128,8704,0,208,0,128,"SQC_LDS_BANK_CONFLICT",65536.000000,2683605101823,2683605335581
41,41,"Agent 1",1,21594,21594,2048,17,"pk_gemm(__half const*, __half const*, __half*, int, int, int)",128,8704,0,208,0,128,"SQC_LDS_IDX_ACTIVE",524288.000000,2683605101823,2683605335581
41,41,"Agent 1",1,21594,21594,2048,17,"pk_gemm(__half const*, __half const*, __half*, int, int, int)",128,8704,0,208,0,128,"SQ_INSTS_LDS",163840.000000,2683605101823,2683605335581
41,41,"Agent 1",1,21594,21594,2048,17,"pk_gemm(__half const*, __half const*, __half*, int, int, int)",128,8704,0,208,0,128,"SQ_WAIT_INST_LDS",0.00000000e+00,2683605101823,2683605335581
42,42,"Agent 1",1,21594,21594,2048,17,"pk_gemm(__half const*, __half const*, __half*, int, int, int)",128,8704,0,208,0,128,"SQC_LDS_BANK_CONFLICT",65536.000000,2683605375376,2683605706997
42,42,"Agent 1",1,21594,21594,2048,17,"pk_gemm(__half const*, __half const*, __half*, int, int, int)",128,8704,0,208,0,128,"SQC_LDS_IDX_ACTIVE",525376.000000,2683605375376,2683605706997
42,42,"Agent 1",1,21594,21594,2048,17,"pk_gemm(__half const*, __half const*, __half*, int, int, int)",128,8704,0,208,0,128,"SQ_INSTS_LDS",164928.000000,2683605375376,2683605706997
42,42,"Agent 1",1,21594,21594,2048,17,"pk_gemm(__half const*, __half const*, __half*, int, int, int)",128,8704,0,208,0,128,"SQ_WAIT_INST_LDS",0.00000000e+00,2683605375376,2683605706997
43,43,"Agent 1",1,21594,21594,2048,17,"pk_gemm(__half const*, __half const*, __half*, int, int, int)",128,8704,0,208,0,128,"SQC_LDS_BANK_CONFLICT",65536.000000,2683605816082,2683606320587
43,43,"Agent 1",1,21594,21594,2048,17,"pk_gemm(__half const*, __half const*, __half*, int, int, int)",128,8704,0,208,0,128,"SQC_LDS_IDX_ACTIVE",527552.000000,2683605816082,2683606320587
43,43,"Agent 1",1,21594,21594,2048,17,"pk_gemm(__half const*, __half const*, __half*, int, int, int)",128,8704,0,208,0,128,"SQ_INSTS_LDS",167104.000000,2683605816082,2683606320587
43,43,"Agent 1",1,21594,21594,2048,17,"pk_gemm(__half const*, __half const*, __half*, int, int, int)",128,8704,0,208,0,128,"SQ_WAIT_INST_LDS",0.00000000e+00,2683605816082,2683606320587
44,44,"Agent 1",1,21594,21594,2048,17,"pk_gemm(__half const*, __half const*, __half*, int, int, int)",128,8704,0,208,0,128,"SQC_LDS_BANK_CONFLICT",65536.000000,2683606369038,2683606602315
44,44,"Agent 1",1,21594,21594,2048,17,"pk_gemm(__half const*, __half const*, __half*, int, int, int)",128,8704,0,208,0,128,"SQC_LDS_IDX_ACTIVE",524288.000000,2683606369038,2683606602315
44,44,"Agent 1",1,21594,21594,2048,17,"pk_gemm(__half const*, __half const*, __half*, int, int, int)",128,8704,0,208,0,128,"SQ_INSTS_LDS",163840.000000,2683606369038,2683606602315
44,44,"Agent 1",1,21594,21594,2048,17,"pk_gemm(__half const*, __half const*, __half*, int, int, int)",128,8704,0,208,0,128,"SQ_WAIT_INST_LDS",0.00000000e+00,2683606369038,2683606602315
45,45,"Agent 1",1,21594,21594,2048,17,"pk_gemm(__half const*, __half const*, __half*, int, int, int)",128,8704,0,208,0,128,"SQC_LDS_BANK_CONFLICT",65536.000000,2683606645596,2683606880596
45,45,"Agent 1",1,21594,21594,2048,17,"pk_gemm(__half const*, __half const*, __half*, int, int, int)",128,8704,0,208,0,128,"SQC_LDS_IDX_ACTIVE",524288.000000,2683606645596,2683606880596
45,45,"Agent 1",1,21594,21594,2048,17,"pk_gemm(__half const*, __half const*, __half*, int, int, int)",128,8704,0,208,0,128,"SQ_INSTS_LDS",163840.000000,2683606645596,2683606880596
45,45,"Agent 1",1,21594,21594,2048,17,"pk_gemm(__half const*, __half const*, __half*, int, int, int)",128,8704,0,208,0,128,"SQ_WAIT_INST_LDS",0.00000000e+00,2683606645596,2683606880596
46,46,"Agent 1",1,21594,21594,2048,17,"pk_gemm(__half const*, __half const*, __half*, int, int, int)",128,8704,0,208,0,128,"SQC_LDS_BANK_CONFLICT",65536.000000,2683606926082,2683607159720
46,46,"Agent 1",1,21594,21594,2048,17,"pk_gemm(__half const*, __half const*, __half*, int, int, int)",128,8704,0,208,0,128,"SQC_LDS_IDX_ACTIVE",524288.000000,2683606926082,2683607159720
46,46,"Agent 1",1,21594,21594,2048,17,"pk_gemm(__half const*, __half const*, __half*, int, int, int)",128,8704,0,208,0,128,"SQ_INSTS_LDS",163840.000000,2683606926082,2683607159720
46,46,"Agent 1",1,21594,21594,2048,17,"pk_gemm(__half const*, __half const*, __half*, int, int, int)",128,8704,0,208,0,128,"SQ_WAIT_INST_LDS",0.00000000e+00,2683606926082,2683607159720
47,47,"Agent 1",1,21594,21594,2048,17,"pk_gemm(__half const*, __half const*, __half*, int, int, int)",128,8704,0,208,0,128,"SQC_LDS_BANK_CONFLICT",65536.000000,2683607201318,2683607435076
47,47,"Agent 1",1,21594,21594,2048,17,"pk_gemm(__half const*, __half const*, __half*, int, int, int)",128,8704,0,208,0,128,"SQC_LDS_IDX_ACTIVE",524288.000000,2683607201318,2683607435076
47,47,"Agent 1",1,21594,21594,2048,17,"pk_gemm(__half const*, __half const*, __half*, int, int, int)",128,8704,0,208,0,128,"SQ_INSTS_LDS",163840.000000,2683607201318,2683607435076
47,47,"Agent 1",1,21594,21594,2048,17,"pk_gemm(__half const*, __half const*, __half*, int, int, int)",128,8704,0,208,0,128,"SQ_WAIT_INST_LDS",0.00000000e+00,2683607201318,2683607435076
48,48,"Agent 1",1,21594,21594,2048,17,"pk_gemm(__half const*, __half const*, __half*, int, int, int)",128,8704,0,208,0,128,"SQC_LDS_BANK_CONFLICT",65536.000000,2683607477715,2683607711033
48,48,"Agent 1",1,21594,21594,2048,17,"pk_gemm(__half const*, __half const*, __half*, int, int, int)",128,8704,0,208,0,128,"SQC_LDS_IDX_ACTIVE",524288.000000,2683607477715,2683607711033
48,48,"Agent 1",1,21594,21594,2048,17,"pk_gemm(__half const*, __half const*, __half*, int, int, int)",128,8704,0,208,0,128,"SQ_INSTS_LDS",163840.000000,2683607477715,2683607711033
48,48,"Agent 1",1,21594,21594,2048,17,"pk_gemm(__half const*, __half const*, __half*, int, int, int)",128,8704,0,208,0,128,"SQ_WAIT_INST_LDS",0.00000000e+00,2683607477715,2683607711033
49,49,"Agent 1",1,21594,21594,2048,17,"pk_gemm(__half const*, __half const*, __half*, int, int, int)",128,8704,0,208,0,128,"SQC_LDS_BANK_CONFLICT",65536.000000,2683607752270,2683607985307
49,49,"Agent 1",1,21594,21594,2048,17,"pk_gemm(__half const*, __half const*, __half*, int, int, int)",128,8704,0,208,0,128,"SQC_LDS_IDX_ACTIVE",524288.000000,2683607752270,2683607985307
49,49,"Agent 1",1,21594,21594,2048,17,"pk_gemm(__half const*, __half const*, __half*, int, int, int)",128,8704,0,208,0,128,"SQ_INSTS_LDS",163840.000000,2683607752270,2683607985307
49,49,"Agent 1",1,21594,21594,2048,17,"pk_gemm(__half const*, __half const*, __half*, int, int, int)",128,8704,0,208,0,128,"SQ_WAIT_INST_LDS",0.00000000e+00,2683607752270,2683607985307
50,50,"Agent 1",1,21594,21594,2048,17,"pk_gemm(__half const*, __half const*, __half*, int, int, int)",128,8704,0,208,0,128,"SQC_LDS_BANK_CONFLICT",65536.000000,2683608026103,2683608260903
50,50,"Agent 1",1,21594,21594,2048,17,"pk_gemm(__half const*, __half const*, __half*, int, int, int)",128,8704,0,208,0,128,"SQC_LDS_IDX_ACTIVE",524288.000000,2683608026103,2683608260903
50,50,"Agent 1",1,21594,21594,2048,17,"pk_gemm(__half const*, __half const*, __half*, int, int, int)",128,8704,0,208,0,128,"SQ_INSTS_LDS",163840.000000,2683608026103,2683608260903
50,50,"Agent 1",1,21594,21594,2048,17,"pk_gemm(__half const*, __half const*, __half*, int, int, int)",128,8704,0,208,0,128,"SQ_WAIT_INST_LDS",0.00000000e+00,2683608026103,2683608260903
51,51,"Agent 1",1,21594,21594,2048,17,"pk_gemm(__half const*, __half const*, __half*, int, int, int)",128,8704,0,208,0,128,"SQC_LDS_BANK_CONFLICT",65536.000000,2683608305427,2683608539185
51,51,"Agent 1",1,21594,21594,2048,17,"pk_gemm(__half const*, __half const*, __half*, int, int, int)",128,8704,0,208,0,128,"SQC_LDS_IDX_ACTIVE",524288.000000,2683608305427,2683608539185
51,51,"Agent 1",1,21594,21594,2048,17,"pk_gemm(__half const*, __half const*, __half*, int, int, int)",128,8704,0,208,0,128,"SQ_INSTS_LDS",163840.000000,2683608305427,2683608539185
51,51,"Agent 1",1,21594,21594,2048,17,"pk_gemm(__half const*, __half const*, __half*, int, int, int)",128,8704,0,208,0,128,"SQ_WAIT_INST_LDS",0.00000000e+00,2683608305427,2683608539185
52,52,"Agent 1",1,21594,21594,2048,17,"pk_gemm(__half const*, __half const*, __half*, int, int, int)",128,8704,0,208,0,128,"SQC_LDS_BANK_CONFLICT",65536.000000,2683608578739,2683608812136
52,52,"Agent 1",1,21594,21594,2048,17,"pk_gemm(__half const*, __half const*, __half*, int, int, int)",128,8704,0,208,0,128,"SQC_LDS_IDX_ACTIVE",524288.000000,2683608578739,2683608812136
52,52,"Agent 1",1,21594,21594,2048,17,"pk_gemm(__half const*, __half const*, __half*, int, int, int)",128,8704,0,208,0,128,"SQ_INSTS_LDS",163840.000000,2683608578739,2683608812136
52,52,"Agent 1",1,21594,21594,2048,17,"pk_gemm(__half const*, __half const*, __half*, int, int, int)",128,8704,0,208,0,128,"SQ_WAIT_INST_LDS",0.00000000e+00,2683608578739,2683608812136
53,53,"Agent 1",1,21594,21594,2048,17,"pk_gemm(__half const*, __half const*, __half*, int, int, int)",128,8704,0,208,0,128,"SQC_LDS_BANK_CONFLICT",65536.000000,2683608852332,2683609086210
53,53,"Agent 1",1,21594,21594,2048,17,"pk_gemm(__half const*, __half const*, __half*, int, int, int)",128,8704,0,208,0,128,"SQC_LDS_IDX_ACTIVE",524288.000000,2683608852332,2683609086210
53,53,"Agent 1",1,21594,21594,2048,17,"pk_gemm(__half const*, __half const*, __half*, int, int, int)",128,8704,0,208,0,128,"SQ_INSTS_LDS",163840.000000,2683608852332,2683609086210
53,53,"Agent 1",1,21594,21594,2048,17,"pk_gemm(__half const*, __half const*, __half*, int, int, int)",128,8704,0,208,0,128,"SQ_WAIT_INST_LDS",0.00000000e+00,2683608852332,2683609086210
54,54,"Agent 1",1,21594,21594,2048,17,"pk_gemm(__half const*, __half const*, __half*, int, int, int)",128,8704,0,208,0,128,"SQC_LDS_BANK_CONFLICT",65536.000000,2683609127207,2683609359923
54,54,"Agent 1",1,21594,21594,2048,17,"pk_gemm(__half const*, __half const*, __half*, int, int, int)",128,8704,0,208,0,128,"SQC_LDS_IDX_ACTIVE",524288.000000,2683609127207,2683609359923
54,54,"Agent 1",1,21594,21594,2048,17,"pk_gemm(__half const*, __half const*, __half*, int, int, int)",128,8704,0,208,0,128,"SQ_INSTS_LDS",163840.000000,2683609127207,2683609359923
54,54,"Agent 1",1,21594,21594,2048,17,"pk_gemm(__half const*, __half const*, __half*, int, int, int)",128,8704,0,208,0,128,"SQ_WAIT_INST_LDS",0.00000000e+00,2683609127207,2683609359923
55,55,"Agent 1",1,21594,21594,2048,17,"pk_gemm(__half const*, __half const*, __half*, int, int, int)",128,8704,0,208,0,128,"SQC_LDS_BANK_CONFLICT",65536.000000,2683609401601,2683609636802
55,55,"Agent 1",1,21594,21594,2048,17,"pk_gemm(__half const*, __half const*, __half*, int, int, int)",128,8704,0,208,0,128,"SQC_LDS_IDX_ACTIVE",524288.000000,2683609401601,2683609636802
55,55,"Agent 1",1,21594,21594,2048,17,"pk_gemm(__half const*, __half const*, __half*, int, int, int)",128,8704,0,208,0,128,"SQ_INSTS_LDS",163840.000000,2683609401601,2683609636802
55,55,"Agent 1",1,21594,21594,2048,17,"pk_gemm(__half const*, __half const*, __half*, int, int, int)",128,8704,0,208,0,128,"SQ_WAIT_INST_LDS",0.00000000e+00,2683609401601,2683609636802
56,56,"Agent 1",1,21594,21594,2048,17,"pk_gemm(__half const*, __half const*, __half*, int, int, int)",128,8704,0,208,0,128,"SQC_LDS_BANK_CONFLICT",65536.000000,2683609676276,2683609909833
56,56,"Agent 1",1,21594,21594,2048,17,"pk_gemm(__half const*, __half const*, __half*, int, int, int)",128,8704,0,208,0,128,"SQC_LDS_IDX_ACTIVE",524288.000000,2683609676276,2683609909833
56,56,"Agent 1",1,21594,21594,2048,17,"pk_gemm(__half const*, __half const*, __half*, int, int, int)",128,8704,0,208,0,128,"SQ_INSTS_LDS",163840.000000,2683609676276,2683609909833
56,56,"Agent 1",1,21594,21594,2048,17,"pk_gemm(__half const*, __half const*, __half*, int, int, int)",128,8704,0,208,0,128,"SQ_WAIT_INST_LDS",0.00000000e+00,2683609676276,2683609909833
57,57,"Agent 1",1,21594,21594,2048,17,"pk_gemm(__half const*, __half const*, __half*, int, int, int)",128,8704,0,208,0,128,"SQC_LDS_BANK_CONFLICT",65536.000000,2683609950590,2683610183947
57,57,"Agent 1",1,21594,21594,2048,17,"pk_gemm(__half const*, __half const*, __half*, int, int, int)",128,8704,0,208,0,128,"SQC_LDS_IDX_ACTIVE",524288.000000,2683609950590,2683610183947
57,57,"Agent 1",1,21594,21594,2048,17,"pk_gemm(__half const*, __half const*, __half*, int, int, int)",128,8704,0,208,0,128,"SQ_INSTS_LDS",163840.000000,2683609950590,2683610183947
57,57,"Agent 1",1,21594,21594,2048,17,"pk_gemm(__half const*, __half const*, __half*, int, int, int)",128,8704,0,208,0,128,"SQ_WAIT_INST_LDS",0.00000000e+00,2683609950590,2683610183947
58,58,"Agent 1",1,21594,21594,2048,17,"pk_gemm(__half const*, __half const*, __half*, int, int, int)",128,8704,0,208,0,128,"SQC_LDS_BANK_CONFLICT",65536.000000,2683610224383,2683610458101
58,58,"Agent 1",1,21594,21594,2048,17,"pk_gemm(__half const*, __half const*, __half*, int, int, int)",128,8704,0,208,0,128,"SQC_LDS_IDX_ACTIVE",524288.000000,2683610224383,2683610458101
58,58,"Agent 1",1,21594,21594,2048,17,"pk_gemm(__half const*, __half const*, __half*, int, int, int)",128,8704,0,208,0,128,"SQ_INSTS_LDS",163840.000000,2683610224383,2683610458101
58,58,"Agent 1",1,21594,21594,2048,17,"pk_gemm(__half const*, __half const*, __half*, int, int, int)",128,8704,0,208,0,128,"SQ_WAIT_INST_LDS",0.00000000e+00,2683610224383,2683610458101
59,59,"Agent 1",1,21594,21594,2048,17,"pk_gemm(__half const*, __half const*, __half*, int, int, int)",128,8704,0,208,0,128,"SQC_LDS_BANK_CONFLICT",65536.000000,2683610498577,2683610731052
59,59,"Agent 1",1,21594,21594,2048,17,"pk_gemm(__half const*, __half const*, __half*, int, int, int)",128,8704,0,208,0,128,"SQC_LDS_IDX_ACTIVE",524288.000000,2683610498577,2683610731052
59,59,"Agent 1",1,21594,21594,2048,17,"pk_gemm(__half const*, __half const*, __half*, int, int, int)",128,8704,0,208,0,128,"SQ_INSTS_LDS",163840.000000,2683610498577,2683610731052
59,59,"Agent 1",1,21594,21594,2048,17,"pk_gemm(__half const*, __half const*, __half*, int, int, int)",128,8704,0,208,0,128,"SQ_WAIT_INST_LDS",0.00000000e+00,2683610498577,2683610731052
60,60,"Agent 1",1,21594,21594,2048,17,"pk_gemm(__half const*, __half const*, __half*, int, int, int)",128,8704,0,208,0,128,"SQC_LDS_BANK_CONFLICT",65536.000000,2683610771127,2683611005727
60,60,"Agent 1",1,21594,21594,2048,17,"pk_gemm(__half const*, __half const*, __half*, int, int, int)",128,8704,0,208,0,128,"SQC_LDS_IDX_ACTIVE",524288.000000,2683610771127,2683611005727
60,60,"Agent 1",1,21594,21594,2048,17,"pk_gemm(__half const*, __half const*, __half*, int, int, int)",128,8704,0,208,0,128,"SQ_INSTS_LDS",163840.000000,2683610771127,2683611005727
60,60,"Agent 1",1,21594,21594,2048,17,"pk_gemm(__half const*, __half const*, __half*, int, int, int)",128,8704,0,208,0,128,"SQ_WAIT_INST_LDS",0.00000000e+00,2683610771127,2683611005727
61,61,"Agent 1",1,21594,21594,2048,17,"pk_gemm(__half const*, __half const*, __half*, int, int, int)",128,8704,0,208,0,128,"SQC_LDS_BANK_CONFLICT",65536.000000,2683611044640,2683611277557
61,61,"Agent 1",1,21594,21594,2048,17,"pk_gemm(__half const*, __half const*, __half*, int, int, int)",128,8704,0,208,0,128,"SQC_LDS_IDX_ACTIVE",524288.000000,2683611044640,2683611277557
61,61,"Agent 1",1,21594,21594,2048,17,"pk_gemm(__half const*, __half const*, __half*, int, int, int)",128,8704,0,208,0,128,"SQ_INSTS_LDS",163840.000000,2683611044640,2683611277557
61,61,"Agent 1",1,21594,21594,2048,17,"pk_gemm(__half const*, __half const*, __half*, int, int, int)",128,8704,0,208,0,128,"SQ_WAIT_INST_LDS",0.00000000e+00,2683611044640,2683611277557
62,62,"Agent 1",1,21594,21594,2048,17,"pk_gemm(__half const*, __half const*, __half*, int, int, int)",128,8704,0,208,0,128,"SQC_LDS_BANK_CONFLICT",65536.000000,2683611318113,2683611551790
62,62,"Agent 1",1,21594,21594,2048,17,"pk_gemm(__half const*, __half const*, __half*, int, int, int)",128,8704,0,208,0,128,"SQC_LDS_IDX_ACTIVE",524288.000000,2683611318113,2683611551790
62,62,"Agent 1",1,21594,21594,2048,17,"pk_gemm(__half const*, __half const*, __half*, int, int, int)",128,8704,0,208,0,128,"SQ_INSTS_LDS",163840.000000,2683611318113,2683611551790
62,62,"Agent 1",1,21594,21594,2048,17,"pk_gemm(__half const*, __half const*, __half*, int, int, int)",128,8704,0,208,0,128,"SQ_WAIT_INST_LDS",0.00000000e+00,2683611318113,2683611551790
63,63,"Agent 1",1,21594,21594,2048,17,"pk_gemm(__half const*, __half const*, __half*, int, int, int)",128,8704,0,208,0,128,"SQC_LDS_BANK_CONFLICT",65536.000000,2683611589661,2683611824061
63,63,"Agent 1",1,21594,21594,2048,17,"pk_gemm(__half const*, __half const*, __half*, int, int, int)",128,8704,0,208,0,128,"SQC_LDS_IDX_ACTIVE",524288.000000,2683611589661,2683611824061
63,63,"Agent 1",1,21594,21594,2048,17,"pk_gemm(__half const*, __half const*, __half*, int, int, int)",128,8704,0,208,0,128,"SQ_INSTS_LDS",163840.000000,2683611589661,2683611824061
63,63,"Agent 1",1,21594,21594,2048,17,"pk_gemm(__half const*, __half const*, __half*, int, int, int)",128,8704,0,208,0,128,"SQ_WAIT_INST_LDS",0.00000000e+00,2683611589661,2683611824061
64,64,"Agent 1",1,21594,21594,2048,17,"pk_gemm(__half const*, __half const*, __half*, int, int, int)",128,8704,0,208,0,128,"SQC_LDS_BANK_CONFLICT",65536.000000,2683611862012,2683612094928
64,64,"Agent 1",1,21594,21594,2048,17,"pk_gemm(__half const*, __half const*, __half*, int, int, int)",128,8704,0,208,0,128,"SQC_LDS_IDX_ACTIVE",524288.000000,2683611862012,2683612094928
64,64,"Agent 1",1,21594,21594,2048,17,"pk_gemm(__half const*, __half const*, __half*, int, int, int)",128,8704,0,208,0,128,"SQ_INSTS_LDS",163840.000000,2683611862012,2683612094928
64,64,"Agent 1",1,21594,21594,2048,17,"pk_gemm(__half const*, __half const*, __half*, int, int, int)",128,8704,0,208,0,128,"SQ_WAIT_INST_LDS",0.00000000e+00,2683611862012,2683612094928
65,65,"Agent 1",1,21594,21594,2048,17,"pk_gemm(__half const*, __half const*, __half*, int, int, int)",128,8704,0,208,0,128,"SQC_LDS_BANK_CONFLICT",65536.000000,2683612133440,2683612368601
65,65,"Agent 1",1,21594,21594,2048,17,"pk_gemm(__half const*, __half const*, __half*, int, int, int)",128,8704,0,208,0,128,"SQC_LDS_IDX_ACTIVE",524288.000000,2683612133440,2683612368601
65,65,"Agent 1",1,21594,21594,2048,17,"pk_gemm(__half const*, __half const*, __half*, int, int, int)",128,8704,0,208,0,128,"SQ_INSTS_LDS",163840.000000,2683612133440,2683612368601
65,65,"Agent 1",1,21594,21594,2048,17,"pk_gemm(__half const*, __half const*, __half*, int, int, int)",128,8704,0,208,0,128,"SQ_WAIT_INST_LDS",0.00000000e+00,2683612133440,2683612368601
66,66,"Agent 1",1,21594,21594,2048,17,"pk_gemm(__half const*, __half const*, __half*, int, int, int)",128,8704,0,208,0,128,"SQC_LDS_BANK_CONFLICT",65536.000000,2683612406472,2683612640070
66,66,"Agent 1",1,21594,21594,2048,17,"pk_gemm(__half const*, __half const*, __half*, int, int, int)",128,8704,0,208,0,128,"SQC_LDS_IDX_ACTIVE",524288.000000,2683612406472,2683612640070
66,66,"Agent 1",1,21594,21594,2048,17,"pk_gemm(__half const*, __half const*, __half*, int, int, int)",128,8704,0,208,0,128,"SQ_INSTS_LDS",163840.000000,2683612406472,2683612640070
66,66,"Agent 1",1,21594,21594,2048,17,"pk_gemm(__half const*, __half const*, __half*, int, int, int)",128,8704,0,208,0,128,"SQ_WAIT_INST_LDS",0.00000000e+00,2683612406472,2683612640070
67,67,"Agent 1",1,21594,21594,2048,17,"pk_gemm(__half const*, __half const*, __half*, int, int, int)",128,8704,0,208,0,128,"SQC_LDS_BANK_CONFLICT",65536.000000,2683612678502,2683612912661
67,67,"Agent 1",1,21594,21594,2048,17,"pk_gemm(__half const*, __half const*, __half*, int, int, int)",128,8704,0,208,0,128,"SQC_LDS_IDX_ACTIVE",524288.000000,2683612678502,2683612912661
67,67,"Agent 1",1,21594,21594,2048,17,"pk_gemm(__half const*, __half const*, __half*, int, int, int)",128,8704,0,208,0,128,"SQ_INSTS_LDS",163840.000000,2683612678502,2683612912661
67,67,"Agent 1",1,21594,21594,2048,17,"pk_gemm(__half const*, __half const*, __half*, int, int, int)",128,8704,0,208,0,128,"SQ_WAIT_INST_LDS",0.00000000e+00,2683612678502,2683612912661
68,68,"Agent 1",1,21594,21594,2048,17,"pk_gemm(__half const*, __half const*, __half*, int, int, int)",128,8704,0,208,0,128,"SQC_LDS_BANK_CONFLICT",65536.000000,2683612950371,2683613184370
68,68,"Agent 1",1,21594,21594,2048,17,"pk_gemm(__half const*, __half const*, __half*, int, int, int)",128,8704,0,208,0,128,"SQC_LDS_IDX_ACTIVE",524288.000000,2683612950371,2683613184370
68,68,"Agent 1",1,21594,21594,2048,17,"pk_gemm(__half const*, __half const*, __half*, int, int, int)",128,8704,0,208,0,128,"SQ_INSTS_LDS",163840.000000,2683612950371,2683613184370
68,68,"Agent 1",1,21594,21594,2048,17,"pk_gemm(__half const*, __half const*, __half*, int, int, int)",128,8704,0,208,0,128,"SQ_WAIT_INST_LDS",0.00000000e+00,2683612950371,2683613184370
69,69,"Agent 1",1,21594,21594,2048,17,"pk_gemm(__half const*, __half const*, __half*, int, int, int)",128,8704,0,208,0,128,"SQC_LDS_BANK_CONFLICT",65536.000000,2683613221560,2683613453835
69,69,"Agent 1",1,21594,21594,2048,17,"pk_gemm(__half const*, __half const*, __half*, int, int, int)",128,8704,0,208,0,128,"SQC_LDS_IDX_ACTIVE",524288.000000,2683613221560,2683613453835
69,69,"Agent 1",1,21594,21594,2048,17,"pk_gemm(__half const*, __half const*, __half*, int, int, int)",128,8704,0,208,0,128,"SQ_INSTS_LDS",163840.000000,2683613221560,2683613453835
69,69,"Agent 1",1,21594,21594,2048,17,"pk_gemm(__half const*, __half const*, __half*, int, int, int)",128,8704,0,208,0,128,"SQ_WAIT_INST_LDS",0.00000000e+00,2683613221560,2683613453835
70,70,"Agent 1",1,21594,21594,2048,17,"pk_gemm(__half const*, __half const*, __half*, int, int, int)",128,8704,0,208,0,128,"SQC_LDS_BANK_CONFLICT",65536.000000,2683613516072,2683613750872
70,70,"Agent 1",1,21594,21594,2048,17,"pk_gemm(__half const*, __half const*, __half*, int, int, int)",128,8704,0,208,0,128,"SQC_LDS_IDX_ACTIVE",524288.000000,2683613516072,2683613750872
70,70,"Agent 1",1,21594,21594,2048,17,"pk_gemm(__half const*, __half const*, __half*, int, int, int)",128,8704,0,208,0,128,"SQ_INSTS_LDS",163840.000000,2683613516072,2683613750872
70,70,"Agent 1",1,21594,21594,2048,17,"pk_gemm(__half const*, __half const*, __half*, int, int, int)",128,8704,0,208,0,128,"SQ_WAIT_INST_LDS",0.00000000e+00,2683613516072,2683613750872
71,71,"Agent 1",1,21594,21594,2048,17,"pk_gemm(__half const*, __half const*, __half*, int, int, int)",128,8704,0,208,0,128,"SQC_LDS_BANK_CONFLICT",65536.000000,2683613791908,2683614025787
71,71,"Agent 1",1,21594,21594,2048,17,"pk_gemm(__half const*, __half const*, __half*, int, int, int)",128,8704,0,208,0,128,"SQC_LDS_IDX_ACTIVE",524288.000000,2683613791908,2683614025787
71,71,"Agent 1",1,21594,21594,2048,17,"pk_gemm(__half const*, __half const*, __half*, int, int, int)",128,8704,0,208,0,128,"SQ_INSTS_LDS",163840.000000,2683613791908,2683614025787
71,71,"Agent 1",1,21594,21594,2048,17,"pk_gemm(__half const*, __half const*, __half*, int, int, int)",128,8704,0,208,0,128,"SQ_WAIT_INST_LDS",0.00000000e+00,2683613791908,2683614025787
72,72,"Agent 1",1,21594,21594,2048,17,"pk_gemm(__half const*, __half const*, __half*, int, int, int)",128,8704,0,208,0,128,"SQC_LDS_BANK_CONFLICT",65536.000000,2683614068186,2683614302385
72,72,"Agent 1",1,21594,21594,2048,17,"pk_gemm(__half const*, __half const*, __half*, int, int, int)",128,8704,0,208,0,128,"SQC_LDS_IDX_ACTIVE",524288.000000,2683614068186,2683614302385
72,72,"Agent 1",1,21594,21594,2048,17,"pk_gemm(__half const*, __half const*, __half*, int, int, int)",128,8704,0,208,0,128,"SQ_INSTS_LDS",163840.000000,2683614068186,2683614302385
72,72,"Agent 1",1,21594,21594,2048,17,"pk_gemm(__half const*, __half const*, __half*, int, int, int)",128,8704,0,208,0,128,"SQ_WAIT_INST_LDS",0.00000000e+00,2683614068186,2683614302385
73,73,"Agent 1",1,21594,21594,2048,17,"pk_gemm(__half const*, __half const*, __half*, int, int, int)",128,8704,0,208,0,128,"SQC_LDS_BANK_CONFLICT",65536.000000,2683614343943,2683614577581
73,73,"Agent 1",1,21594,21594,2048,17,"pk_gemm(__half const*, __half const*, __half*, int, int, int)",128,8704,0,208,0,128,"SQC_LDS_IDX_ACTIVE",524288.000000,2683614343943,2683614577581
73,73,"Agent 1",1,21594,21594,2048,17,"pk_gemm(__half const*, __half const*, __half*, int, int, int)",128,8704,0,208,0,128,"SQ_INSTS_LDS",163840.000000,2683614343943,2683614577581
73,73,"Agent 1",1,21594,21594,2048,17,"pk_gemm(__half const*, __half const*, __half*, int, int, int)",128,8704,0,208,0,128,"SQ_WAIT_INST_LDS",0.00000000e+00,2683614343943,2683614577581
74,74,"Agent 1",1,21594,21594,2048,17,"pk_gemm(__half const*, __half const*, __half*, int, int, int)",128,8704,0,208,0,128,"SQC_LDS_BANK_CONFLICT",65536.000000,2683614618658,2683614851454
74,74,"Agent 1",1,21594,21594,2048,17,"pk_gemm(__half const*, __half const*, __half*, int, int, int)",128,8704,0,208,0,128,"SQC_LDS_IDX_ACTIVE",524288.000000,2683614618658,2683614851454
74,74,"Agent 1",1,21594,21594,2048,17,"pk_gemm(__half const*, __half const*, __half*, int, int, int)",128,8704,0,208,0,128,"SQ_INSTS_LDS",163840.000000,2683614618658,2683614851454
74,74,"Agent 1",1,21594,21594,2048,17,"pk_gemm(__half const*, __half const*, __half*, int, int, int)",128,8704,0,208,0,128,"SQ_WAIT_INST_LDS",0.00000000e+00,2683614618658,2683614851454
75,75,"Agent 1",1,21594,21594,2048,17,"pk_gemm(__half const*, __half const*, __half*, int, int, int)",128,8704,0,208,0,128,"SQC_LDS_BANK_CONFLICT",65536.000000,2683614893773,2683615128894
75,75,"Agent 1",1,21594,21594,2048,17,"pk_gemm(__half const*, __half const*, __half*, int, int, int)",128,8704,0,208,0,128,"SQC_LDS_IDX_ACTIVE",524288.000000,2683614893773,2683615128894
75,75,"Agent 1",1,21594,21594,2048,17,"pk_gemm(__half const*, __half const*, __half*, int, int, int)",128,8704,0,208,0,128,"SQ_INSTS_LDS",163840.000000,2683614893773,2683615128894
75,75,"Agent 1",1,21594,21594,2048,17,"pk_gemm(__half const*, __half const*, __half*, int, int, int)",128,8704,0,208,0,128,"SQ_WAIT_INST_LDS",0.00000000e+00,2683614893773,2683615128894
76,76,"Agent 1",1,21594,21594,2048,17,"pk_gemm(__half const*, __half const*, __half*, int, int, int)",128,8704,0,208,0,128,"SQC_LDS_BANK_CONFLICT",65536.000000,2683615170332,2683615403569
76,76,"Agent 1",1,21594,21594,2048,17,"pk_gemm(__half const*, __half const*, __half*, int, int, int)",128,8704,0,208,0,128,"SQC_LDS_IDX_ACTIVE",524288.000000,2683615170332,2683615403569
76,76,"Agent 1",1,21594,21594,2048,17,"pk_gemm(__half const*, __half const*, __half*, int, int, int)",128,8704,0,208,0,128,"SQ_INSTS_LDS",163840.000000,2683615170332,2683615403569
76,76,"Agent 1",1,21594,21594,2048,17,"pk_gemm(__half const*, __half const*, __half*, int, int, int)",128,8704,0,208,0,128,"SQ_WAIT_INST_LDS",0.00000000e+00,2683615170332,2683615403569
77,77,"Agent 1",1,21594,21594,2048,17,"pk_gemm(__half const*, __half const*, __half*, int, int, int)",128,8704,0,208,0,128,"SQC_LDS_BANK_CONFLICT",65536.000000,2683615443644,2683615676881
77,77,"Agent 1",1,21594,21594,2048,17,"pk_gemm(__half const*, __half const*, __half*, int, int, int)",128,8704,0,208,0,128,"SQC_LDS_IDX_ACTIVE",524288.000000,2683615443644,2683615676881
77,77,"Agent 1",1,21594,21594,2048,17,"pk_gemm(__half const*, __half const*, __half*, int, int, int)",128,8704,0,208,0,128,"SQ_INSTS_LDS",163840.000000,2683615443644,2683615676881
77,77,"Agent 1",1,21594,21594,2048,17,"pk_gemm(__half const*, __half const*, __half*, int, int, int)",128,8704,0,208,0,128,"SQ_WAIT_INST_LDS",0.00000000e+00,2683615443644,2683615676881
78,78,"Agent 1",1,21594,21594,2048,17,"pk_gemm(__half const*, __half const*, __half*, int, int, int)",128,8704,0,208,0,128,"SQC_LDS_BANK_CONFLICT",65536.000000,2683615720202,2683615953760
78,78,"Agent 1",1,21594,21594,2048,17,"pk_gemm(__half const*, __half const*, __half*, int, int, int)",128,8704,0,208,0,128,"SQC_LDS_IDX_ACTIVE",524288.000000,2683615720202,2683615953760
78,78,"Agent 1",1,21594,21594,2048,17,"pk_gemm(__half const*, __half const*, __half*, int, int, int)",128,8704,0,208,0,128,"SQ_INSTS_LDS",163840.000000,2683615720202,2683615953760
78,78,"Agent 1",1,21594,21594,2048,17,"pk_gemm(__half const*, __half const*, __half*, int, int, int)",128,8704,0,208,0,128,"SQ_WAIT_INST_LDS",0.00000000e+00,2683615720202,2683615953760
79,79,"Agent 1",1,21594,21594,2048,17,"pk_gemm(__half const*, __half const*, __half*, int, int, int)",128,8704,0,208,0,128,"SQC_LDS_BANK_CONFLICT",65536.000000,2683615993114,2683616225269
79,79,"Agent 1",1,21594,21594,2048,17,"pk_gemm(__half const*, __half const*, __half*, int, int, int)",128,8704,0,208,0,128,"SQC_LDS_IDX_ACTIVE",524288.000000,2683615993114,2683616225269
79,79,"Agent 1",1,21594,21594,2048,17,"pk_gemm(__half const*, __half const*, __half*, int, int, int)",128,8704,0,208,0,128,"SQ_INSTS_LDS",163840.000000,2683615993114,2683616225269
79,79,"Agent 1",1,21594,21594,2048,17,"pk_gemm(__half const*, __half const*, __half*, int, int, int)",128,8704,0,208,0,128,"SQ_WAIT_INST_LDS",0.00000000e+00,2683615993114,2683616225269
80,80,"Agent 1",1,21594,21594,2048,17,"pk_gemm(__half const*, __half const*, __half*, int, int, int)",128,8704,0,208,0,128,"SQC_LDS_BANK_CONFLICT",65536.000000,2683616266586,2683616501226
80,80,"Agent 1",1,21594,21594,2048,17,"pk_gemm(__half const*, __half const*, __half*, int, int, int)",128,8704,0,208,0,128,"SQC_LDS_IDX_ACTIVE",524288.000000,2683616266586,2683616501226
80,80,"Agent 1",1,21594,21594,2048,17,"pk_gemm(__half const*, __half const*, __half*, int, int, int)",128,8704,0,208,0,128,"SQ_INSTS_LDS",163840.000000,2683616266586,2683616501226
80,80,"Agent 1",1,21594,21594,2048,17,"pk_gemm(__half const*, __half const*, __half*, int, int, int)",128,8704,0,208,0,128,"SQ_WAIT_INST_LDS",0.00000000e+00,2683616266586,2683616501226
81,81,"Agent 1",1,21594,21594,2048,17,"pk_gemm(__half const*, __half const*, __half*, int, int, int)",128,8704,0,208,0,128,"SQC_LDS_BANK_CONFLICT",65536.000000,2683616541301,2683616775620
81,81,"Agent 1",1,21594,21594,2048,17,"pk_gemm(__half const*, __half const*, __half*, int, int, int)",128,8704,0,208,0,128,"SQC_LDS_IDX_ACTIVE",524288.000000,2683616541301,2683616775620
81,81,"Agent 1",1,21594,21594,2048,17,"pk_gemm(__half const*, __half const*, __half*, int, int, int)",128,8704,0,208,0,128,"SQ_INSTS_LDS",163840.000000,2683616541301,2683616775620
81,81,"Agent 1",1,21594,21594,2048,17,"pk_gemm(__half const*, __half const*, __half*, int, int, int)",128,8704,0,208,0,128,"SQ_WAIT_INST_LDS",0.00000000e+00,2683616541301,2683616775620
82,82,"Agent 1",1,21594,21594,2048,17,"pk_gemm(__half const*, __half const*, __half*, int, int, int)",128,8704,0,208,0,128,"SQC_LDS_BANK_CONFLICT",65536.000000,2683616815014,2683617047970
82,82,"Agent 1",1,21594,21594,2048,17,"pk_gemm(__half const*, __half const*, __half*, int, int, int)",128,8704,0,208,0,128,"SQC_LDS_IDX_ACTIVE",524288.000000,2683616815014,2683617047970
82,82,"Agent 1",1,21594,21594,2048,17,"pk_gemm(__half const*, __half const*, __half*, int, int, int)",128,8704,0,208,0,128,"SQ_INSTS_LDS",163840.000000,2683616815014,2683617047970
82,82,"Agent 1",1,21594,21594,2048,17,"pk_gemm(__half const*, __half const*, __half*, int, int, int)",128,8704,0,208,0,128,"SQ_WAIT_INST_LDS",0.00000000e+00,2683616815014,2683617047970
83,83,"Agent 1",1,21594,21594,2048,17,"pk_gemm(__half const*, __half const*, __half*, int, int, int)",128,8704,0,208,0,128,"SQC_LDS_BANK_CONFLICT",65536.000000,2683617088526,2683617322405
83,83,"Agent 1",1,21594,21594,2048,17,"pk_gemm(__half const*, __half const*, __half*, int, int, int)",128,8704,0,208,0,128,"SQC_LDS_IDX_ACTIVE",524288.000000,2683617088526,2683617322405
83,83,"Agent 1",1,21594,21594,2048,17,"pk_gemm(__half const*, __half const*, __half*, int, int, int)",128,8704,0,208,0,128,"SQ_INSTS_LDS",163840.000000,2683617088526,2683617322405
83,83,"Agent 1",1,21594,21594,2048,17,"pk_gemm(__half const*, __half const*, __half*, int, int, int)",128,8704,0,208,0,128,"SQ_WAIT_INST_LDS",0.00000000e+00,2683617088526,2683617322405
84,84,"Agent 1",1,21594,21594,2048,17,"pk_gemm(__half const*, __half const*, __half*, int, int, int)",128,8704,0,208,0,128,"SQC_LDS_BANK_CONFLICT",65536.000000,2683617365766,2683617598963
84,84,"Agent 1",1,21594,21594,2048,17,"pk_gemm(__half const*, __half const*, __half*, int, int, int)",128,8704,0,208,0,128,"SQC_LDS_IDX_ACTIVE",524288.000000,2683617365766,2683617598963
84,84,"Agent 1",1,21594,21594,2048,17,"pk_gemm(__half const*, __half const*, __half*, int, int, int)",128,8704,0,208,0,128,"SQ_INSTS_LDS",163840.000000,2683617365766,2683617598963
84,84,"Agent 1",1,21594,21594,2048,17,"pk_gemm(__half const*, __half const*, __half*, int, int, int)",128,8704,0,208,0,128,"SQ_WAIT_INST_LDS",0.00000000e+00,2683617365766,2683617598963
85,85,"Agent 1",1,21594,21594,2048,17,"pk_gemm(__half const*, __half const*, __half*, int, int, int)",128,8704,0,208,0,128,"SQC_LDS_BANK_CONFLICT",65536.000000,2683617640481,2683617875121
85,85,"Agent 1",1,21594,21594,2048,17,"pk_gemm(__half const*, __half const*, __half*, int, int, int)",128,8704,0,208,0,128,"SQC_LDS_IDX_ACTIVE",524288.000000,2683617640481,2683617875121
85,85,"Agent 1",1,21594,21594,2048,17,"pk_gemm(__half const*, __half const*, __half*, int, int, int)",128,8704,0,208,0,128,"SQ_INSTS_LDS",163840.000000,2683617640481,2683617875121
85,85,"Agent 1",1,21594,21594,2048,17,"pk_gemm(__half const*, __half const*, __half*, int, int, int)",128,8704,0,208,0,128,"SQ_WAIT_INST_LDS",0.00000000e+00,2683617640481,2683617875121
86,86,"Agent 1",1,21594,21594,2048,17,"pk_gemm(__half const*, __half const*, __half*, int, int, int)",128,8704,0,208,0,128,"SQC_LDS_BANK_CONFLICT",65536.000000,2683617916759,2683618150957
86,86,"Agent 1",1,21594,21594,2048,17,"pk_gemm(__half const*, __half const*, __half*, int, int, int)",128,8704,0,208,0,128,"SQC_LDS_IDX_ACTIVE",524288.000000,2683617916759,2683618150957
86,86,"Agent 1",1,21594,21594,2048,17,"pk_gemm(__half const*, __half const*, __half*, int, int, int)",128,8704,0,208,0,128,"SQ_INSTS_LDS",163840.000000,2683617916759,2683618150957
86,86,"Agent 1",1,21594,21594,2048,17,"pk_gemm(__half const*, __half const*, __half*, int, int, int)",128,8704,0,208,0,128,"SQ_WAIT_INST_LDS",0.00000000e+00,2683617916759,2683618150957
87,87,"Agent 1",1,21594,21594,2048,17,"pk_gemm(__half const*, __half const*, __half*, int, int, int)",128,8704,0,208,0,128,"SQC_LDS_BANK_CONFLICT",65536.000000,2683618191634,2683618424991
87,87,"Agent 1",1,21594,21594,2048,17,"pk_gemm(__half const*, __half const*, __half*, int, int, int)",128,8704,0,208,0,128,"SQC_LDS_IDX_ACTIVE",524288.000000,2683618191634,2683618424991
87,87,"Agent 1",1,21594,21594,2048,17,"pk_gemm(__half const*, __half const*, __half*, int, int, int)",128,8704,0,208,0,128,"SQ_INSTS_LDS",163840.000000,2683618191634,2683618424991
87,87,"Agent 1",1,21594,21594,2048,17,"pk_gemm(__half const*, __half const*, __half*, int, int, int)",128,8704,0,208,0,128,"SQ_WAIT_INST_LDS",0.00000000e+00,2683618191634,2683618424991
88,88,"Agent 1",1,21594,21594,2048,17,"pk_gemm(__half const*, __half const*, __half*, int, int, int)",128,8704,0,208,0,128,"SQC_LDS_BANK_CONFLICT",65536.000000,2683618465226,2683618698624
88,88,"Agent 1",1,21594,21594,2048,17,"pk_gemm(__half const*, __half const*, __half*, int, int, int)",128,8704,0,208,0,128,"SQC_LDS_IDX_ACTIVE",524288.000000,2683618465226,2683618698624
88,88,"Agent 1",1,21594,21594,2048,17,"pk_gemm(__half const*, __half const*, __half*, int, int, int)",128,8704,0,208,0,128,"SQ_INSTS_LDS",163840.000000,2683618465226,2683618698624
88,88,"Agent 1",1,21594,21594,2048,17,"pk_gemm(__half const*, __half const*, __half*, int, int, int)",128,8704,0,208,0,128,"SQ_WAIT_INST_LDS",0.00000000e+00,2683618465226,2683618698624
89,89,"Agent 1",1,21594,21594,2048,17,"pk_gemm(__half const*, __half const*, __half*, int, int, int)",128,8704,0,208,0,128,"SQC_LDS_BANK_CONFLICT",65536.000000,2683618738859,2683618971535
89,89,"Agent 1",1,21594,21594,2048,17,"pk_gemm(__half const*, __half const*, __half*, int, int, int)",128,8704,0,208,0,128,"SQC_LDS_IDX_ACTIVE",524288.000000,2683618738859,2683618971535
89,89,"Agent 1",1,21594,21594,2048,17,"pk_gemm(__half const*, __half const*, __half*, int, int, int)",128,8704,0,208,0,128,"SQ_INSTS_LDS",163840.000000,2683618738859,2683618971535
89,89,"Agent 1",1,21594,21594,2048,17,"pk_gemm(__half const*, __half const*, __half*, int, int, int)",128,8704,0,208,0,128,"SQ_WAIT_INST_LDS",0.00000000e+00,2683618738859,2683618971535
90,90,"Agent 1",1,21594,21594,2048,17,"pk_gemm(__half const*, __half const*, __half*, int, int, int)",128,8704,0,208,0,128,"SQC_LDS_BANK_CONFLICT",65536.000000,2683619012171,2683619246370
90,90,"Agent 1",1,21594,21594,2048,17,"pk_gemm(__half const*, __half const*, __half*, int, int, int)",128,8704,0,208,0,128,"SQC_LDS_IDX_ACTIVE",524288.000000,2683619012171,2683619246370
90,90,"Agent 1",1,21594,21594,2048,17,"pk_gemm(__half const*, __half const*, __half*, int, int, int)",128,8704,0,208,0,128,"SQ_INSTS_LDS",163840.000000,2683619012171,2683619246370
90,90,"Agent 1",1,21594,21594,2048,17,"pk_gemm(__half const*, __half const*, __half*, int, int, int)",128,8704,0,208,0,128,"SQ_WAIT_INST_LDS",0.00000000e+00,2683619012171,2683619246370
91,91,"Agent 1",1,21594,21594,2048,17,"pk_gemm(__half const*, __half const*, __half*, int, int, int)",128,8704,0,208,0,128,"SQC_LDS_BANK_CONFLICT",65536.000000,2683619285804,2683619518841
91,91,"Agent 1",1,21594,21594,2048,17,"pk_gemm(__half const*, __half const*, __half*, int, int, int)",128,8704,0,208,0,128,"SQC_LDS_IDX_ACTIVE",524288.000000,2683619285804,2683619518841
91,91,"Agent 1",1,21594,21594,2048,17,"pk_gemm(__half const*, __half const*, __half*, int, int, int)",128,8704,0,208,0,128,"SQ_INSTS_LDS",163840.000000,2683619285804,2683619518841
91,91,"Agent 1",1,21594,21594,2048,17,"pk_gemm(__half const*, __half const*, __half*, int, int, int)",128,8704,0,208,0,128,"SQ_WAIT_INST_LDS",0.00000000e+00,2683619285804,2683619518841
92,92,"Agent 1",1,21594,21594,2048,17,"pk_gemm(__half const*, __half const*, __half*, int, int, int)",128,8704,0,208,0,128,"SQC_LDS_BANK_CONFLICT",65536.000000,2683619558976,2683619792012
92,92,"Agent 1",1,21594,21594,2048,17,"pk_gemm(__half const*, __half const*, __half*, int, int, int)",128,8704,0,208,0,128,"SQC_LDS_IDX_ACTIVE",524288.000000,2683619558976,2683619792012
92,92,"Agent 1",1,21594,21594,2048,17,"pk_gemm(__half const*, __half const*, __half*, int, int, int)",128,8704,0,208,0,128,"SQ_INSTS_LDS",163840.000000,2683619558976,2683619792012
92,92,"Agent 1",1,21594,21594,2048,17,"pk_gemm(__half const*, __half const*, __half*, int, int, int)",128,8704,0,208,0,128,"SQ_WAIT_INST_LDS",0.00000000e+00,2683619558976,2683619792012
93,93,"Agent 1",1,21594,21594,2048,17,"pk_gemm(__half const*, __half const*, __half*, int, int, int)",128,8704,0,208,0,128,"SQC_LDS_BANK_CONFLICT",65536.000000,2683619836014,2683620070252
93,93,"Agent 1",1,21594,21594,2048,17,"pk_gemm(__half const*, __half const*, __half*, int, int, int)",128,8704,0,208,0,128,"SQC_LDS_IDX_ACTIVE",524288.000000,2683619836014,2683620070252
93,93,"Agent 1",1,21594,21594,2048,17,"pk_gemm(__half const*, __half const*, __half*, int, int, int)",128,8704,0,208,0,128,"SQ_INSTS_LDS",163840.000000,2683619836014,2683620070252
93,93,"Agent 1",1,21594,21594,2048,17,"pk_gemm(__half const*, __half const*, __half*, int, int, int)",128,8704,0,208,0,128,"SQ_WAIT_INST_LDS",0.00000000e+00,2683619836014,2683620070252
94,94,"Agent 1",1,21594,21594,2048,17,"pk_gemm(__half const*, __half const*, __half*, int, int, int)",128,8704,0,208,0,128,"SQC_LDS_BANK_CONFLICT",65536.000000,2683620109566,2683620342562
94,94,"Agent 1",1,21594,21594,2048,17,"pk_gemm(__half const*, __half const*, __half*, int, int, int)",128,8704,0,208,0,128,"SQC_LDS_IDX_ACTIVE",524288.000000,2683620109566,2683620342562
94,94,"Agent 1",1,21594,21594,2048,17,"pk_gemm(__half const*, __half const*, __half*, int, int, int)",128,8704,0,208,0,128,"SQ_INSTS_LDS",163840.000000,2683620109566,2683620342562
94,94,"Agent 1",1,21594,21594,2048,17,"pk_gemm(__half const*, __half const*, __half*, int, int, int)",128,8704,0,208,0,128,"SQ_WAIT_INST_LDS",0.00000000e+00,2683620109566,2683620342562
95,95,"Agent 1",1,21594,21594,2048,17,"pk_gemm(__half const*, __half const*, __half*, int, int, int)",128,8704,0,208,0,128,"SQC_LDS_BANK_CONFLICT",65536.000000,2683620382076,2683620616635
95,95,"Agent 1",1,21594,21594,2048,17,"pk_gemm(__half const*, __half const*, __half*, int, int, int)",128,8704,0,208,0,128,"SQC_LDS_IDX_ACTIVE",524288.000000,2683620382076,2683620616635
95,95,"Agent 1",1,21594,21594,2048,17,"pk_gemm(__half const*, __half const*, __half*, int, int, int)",128,8704,0,208,0,128,"SQ_INSTS_LDS",163840.000000,2683620382076,2683620616635
95,95,"Agent 1",1,21594,21594,2048,17,"pk_gemm(__half const*, __half const*, __half*, int, int, int)",128,8704,0,208,0,128,"SQ_WAIT_INST_LDS",0.00000000e+00,2683620382076,2683620616635
96,96,"Agent 1",1,21594,21594,2048,17,"pk_gemm(__half const*, __half const*, __half*, int, int, int)",128,8704,0,208,0,128,"SQC_LDS_BANK_CONFLICT",65536.000000,2683620655188,2683620889266
96,96,"Agent 1",1,21594,21594,2048,17,"pk_gemm(__half const*, __half const*, __half*, int, int, int)",128,8704,0,208,0,128,"SQC_LDS_IDX_ACTIVE",524288.000000,2683620655188,2683620889266
96,96,"Agent 1",1,21594,21594,2048,17,"pk_gemm(__half const*, __half const*, __half*, int, int, int)",128,8704,0,208,0,128,"SQ_INSTS_LDS",163840.000000,2683620655188,2683620889266
96,96,"Agent 1",1,21594,21594,2048,17,"pk_gemm(__half const*, __half const*, __half*, int, int, int)",128,8704,0,208,0,128,"SQ_WAIT_INST_LDS",0.00000000e+00,2683620655188,2683620889266
97,97,"Agent 1",1,21594,21594,2048,17,"pk_gemm(__half const*, __half const*, __half*, int, int, int)",128,8704,0,208,0,128,"SQC_LDS_BANK_CONFLICT",65536.000000,2683620927618,2683621161015
97,97,"Agent 1",1,21594,21594,2048,17,"pk_gemm(__half const*, __half const*, __half*, int, int, int)",128,8704,0,208,0,128,"SQC_LDS_IDX_ACTIVE",524288.000000,2683620927618,2683621161015
97,97,"Agent 1",1,21594,21594,2048,17,"pk_gemm(__half const*, __half const*, __half*, int, int, int)",128,8704,0,208,0,128,"SQ_INSTS_LDS",163840.000000,2683620927618,2683621161015
97,97,"Agent 1",1,21594,21594,2048,17,"pk_gemm(__half const*, __half const*, __half*, int, int, int)",128,8704,0,208,0,128,"SQ_WAIT_INST_LDS",0.00000000e+00,2683620927618,2683621161015
98,98,"Agent 1",1,21594,21594,2048,17,"pk_gemm(__half const*, __half const*, __half*, int, int, int)",128,8704,0,208,0,128,"SQC_LDS_BANK_CONFLICT",65536.000000,2683621198325,2683621432483
98,98,"Agent 1",1,21594,21594,2048,17,"pk_gemm(__half const*, __half const*, __half*, int, int, int)",128,8704,0,208,0,128,"SQC_LDS_IDX_ACTIVE",524288.000000,2683621198325,2683621432483
98,98,"Agent 1",1,21594,21594,2048,17,"pk_gemm(__half const*, __half const*, __half*, int, int, int)",128,8704,0,208,0,128,"SQ_INSTS_LDS",163840.000000,2683621198325,2683621432483
98,98,"Agent 1",1,21594,21594,2048,17,"pk_gemm(__half const*, __half const*, __half*, int, int, int)",128,8704,0,208,0,128,"SQ_WAIT_INST_LDS",0.00000000e+00,2683621198325,2683621432483
99,99,"Agent 1",1,21594,21594,2048,17,"pk_gemm(__half const*, __half const*, __half*, int, int, int)",128,8704,0,208,0,128,"SQC_LDS_BANK_CONFLICT",65536.000000,2683621470875,2683621703190
99,99,"Agent 1",1,21594,21594,2048,17,"pk_gemm(__half const*, __half const*, __half*, int, int, int)",128,8704,0,208,0,128,"SQC_LDS_IDX_ACTIVE",524288.000000,2683621470875,2683621703190
99,99,"Agent 1",1,21594,21594,2048,17,"pk_gemm(__half const*, __half const*, __half*, int, int, int)",128,8704,0,208,0,128,"SQ_INSTS_LDS",163840.000000,2683621470875,2683621703190
99,99,"Agent 1",1,21594,21594,2048,17,"pk_gemm(__half const*, __half const*, __half*, int, int, int)",128,8704,0,208,0,128,"SQ_WAIT_INST_LDS",0.00000000e+00,2683621470875,2683621703190
100,100,"Agent 1",1,21594,21594,2048,17,"pk_gemm(__half const*, __half const*, __half*, int, int, int)",128,8704,0,208,0,128,"SQC_LDS_BANK_CONFLICT",65536.000000,2683621759496,2683621994055
100,100,"Agent 1",1,21594,21594,2048,17,"pk_gemm(__half const*, __half const*, __half*, int, int, int)",128,8704,0,208,0,128,"SQC_LDS_IDX_ACTIVE",524288.000000,2683621759496,2683621994055
100,100,"Agent 1",1,21594,21594,2048,17,"pk_gemm(__half const*, __half const*, __half*, int, int, int)",128,8704,0,208,0,128,"SQ_INSTS_LDS",163840.000000,2683621759496,2683621994055
100,100,"Agent 1",1,21594,21594,2048,17,"pk_gemm(__half const*, __half const*, __half*, int, int, int)",128,8704,0,208,0,128,"SQ_WAIT_INST_LDS",0.00000000e+00,2683621759496,2683621994055
101,101,"Agent 1",1,21594,21594,2048,17,"pk_gemm(__half const*, __half const*, __half*, int, int, int)",128,8704,0,208,0,128,"SQC_LDS_BANK_CONFLICT",65536.000000,2683622034491,2683622268489
101,101,"Agent 1",1,21594,21594,2048,17,"pk_gemm(__half const*, __half const*, __half*, int, int, int)",128,8704,0,208,0,128,"SQC_LDS_IDX_ACTIVE",524288.000000,2683622034491,2683622268489
101,101,"Agent 1",1,21594,21594,2048,17,"pk_gemm(__half const*, __half const*, __half*, int, int, int)",128,8704,0,208,0,128,"SQ_INSTS_LDS",163840.000000,2683622034491,2683622268489
101,101,"Agent 1",1,21594,21594,2048,17,"pk_gemm(__half const*, __half const*, __half*, int, int, int)",128,8704,0,208,0,128,"SQ_WAIT_INST_LDS",0.00000000e+00,2683622034491,2683622268489
102,102,"Agent 1",1,21594,21594,2048,17,"pk_gemm(__half const*, __half const*, __half*, int, int, int)",128,8704,0,208,0,128,"SQC_LDS_BANK_CONFLICT",65536.000000,2683622309245,2683622543003
102,102,"Agent 1",1,21594,21594,2048,17,"pk_gemm(__half const*, __half const*, __half*, int, int, int)",128,8704,0,208,0,128,"SQC_LDS_IDX_ACTIVE",524288.000000,2683622309245,2683622543003
102,102,"Agent 1",1,21594,21594,2048,17,"pk_gemm(__half const*, __half const*, __half*, int, int, int)",128,8704,0,208,0,128,"SQ_INSTS_LDS",163840.000000,2683622309245,2683622543003
102,102,"Agent 1",1,21594,21594,2048,17,"pk_gemm(__half const*, __half const*, __half*, int, int, int)",128,8704,0,208,0,128,"SQ_WAIT_INST_LDS",0.00000000e+00,2683622309245,2683622543003
103,103,"Agent 1",1,21594,21594,2048,17,"pk_gemm(__half const*, __half const*, __half*, int, int, int)",128,8704,0,208,0,128,"SQC_LDS_BANK_CONFLICT",65536.000000,2683622585242,2683622819440
103,103,"Agent 1",1,21594,21594,2048,17,"pk_gemm(__half const*, __half const*, __half*, int, int, int)",128,8704,0,208,0,128,"SQC_LDS_IDX_ACTIVE",524288.000000,2683622585242,2683622819440
103,103,"Agent 1",1,21594,21594,2048,17,"pk_gemm(__half const*, __half const*, __half*, int, int, int)",128,8704,0,208,0,128,"SQ_INSTS_LDS",163840.000000,2683622585242,2683622819440
103,103,"Agent 1",1,21594,21594,2048,17,"pk_gemm(__half const*, __half const*, __half*, int, int, int)",128,8704,0,208,0,128,"SQ_WAIT_INST_LDS",0.00000000e+00,2683622585242,2683622819440
104,104,"Agent 1",1,21594,21594,2048,17,"pk_gemm(__half const*, __half const*, __half*, int, int, int)",128,8704,0,208,0,128,"SQC_LDS_BANK_CONFLICT",65536.000000,2683622863844,2683623096118
104,104,"Agent 1",1,21594,21594,2048,17,"pk_gemm(__half const*, __half const*, __half*, int, int, int)",128,8704,0,208,0,128,"SQC_LDS_IDX_ACTIVE",524288.000000,2683622863844,2683623096118
104,104,"Agent 1",1,21594,21594,2048,17,"pk_gemm(__half const*, __half const*, __half*, int, int, int)",128,8704,0,208,0,128,"SQ_INSTS_LDS",163840.000000,2683622863844,2683623096118
104,104,"Agent 1",1,21594,21594,2048,17,"pk_gemm(__half const*, __half const*, __half*, int, int, int)",128,8704,0,208,0,128,"SQ_WAIT_INST_LDS",0.00000000e+00,2683622863844,2683623096118
105,105,"Agent 1",1,21594,21594,2048,17,"pk_gemm(__half const*, __half const*, __half*, int, int, int)",128,8704,0,208,0,128,"SQC_LDS_BANK_CONFLICT",65536.000000,2683623137115,2683623371594
105,105,"Agent 1",1,21594,21594,2048,17,"pk_gemm(__half const*, __half const*, __half*, int, int, int)",128,8704,0,208,0,128,"SQC_LDS_IDX_ACTIVE",524288.000000,2683623137115,2683623371594
105,105,"Agent 1",1,21594,21594,2048,17,"pk_gemm(__half const*, __half const*, __half*, int, int, int)",128,8704,0,208,0,128,"SQ_INSTS_LDS",163840.000000,2683623137115,2683623371594
105,105,"Agent 1",1,21594,21594,2048,17,"pk_gemm(__half const*, __half const*, __half*, int, int, int)",128,8704,0,208,0,128,"SQ_WAIT_INST_LDS",0.00000000e+00,2683623137115,2683623371594
106,106,"Agent 1",1,21594,21594,2048,17,"pk_gemm(__half const*, __half const*, __half*, int, int, int)",128,8704,0,208,0,128,"SQC_LDS_BANK_CONFLICT",65536.000000,2683623414114,2683623647271
106,106,"Agent 1",1,21594,21594,2048,17,"pk_gemm(__half const*, __half const*, __half*, int, int, int)",128,8704,0,208,0,128,"SQC_LDS_IDX_ACTIVE",524288.000000,2683623414114,2683623647271
106,106,"Agent 1",1,21594,21594,2048,17,"pk_gemm(__half const*, __half const*, __half*, int, int, int)",128,8704,0,208,0,128,"SQ_INSTS_LDS",163840.000000,2683623414114,2683623647271
106,106,"Agent 1",1,21594,21594,2048,17,"pk_gemm(__half const*, __half const*, __half*, int, int, int)",128,8704,0,208,0,128,"SQ_WAIT_INST_LDS",0.00000000e+00,2683623414114,2683623647271
107,107,"Agent 1",1,21594,21594,2048,17,"pk_gemm(__half const*, __half const*, __half*, int, int, int)",128,8704,0,208,0,128,"SQC_LDS_BANK_CONFLICT",65536.000000,2683623689991,2683623923869
107,107,"Agent 1",1,21594,21594,2048,17,"pk_gemm(__half const*, __half const*, __half*, int, int, int)",128,8704,0,208,0,128,"SQC_LDS_IDX_ACTIVE",524288.000000,2683623689991,2683623923869
107,107,"Agent 1",1,21594,21594,2048,17,"pk_gemm(__half const*, __half const*, __half*, int, int, int)",128,8704,0,208,0,128,"SQ_INSTS_LDS",163840.000000,2683623689991,2683623923869
107,107,"Agent 1",1,21594,21594,2048,17,"pk_gemm(__half const*, __half const*, __half*, int, int, int)",128,8704,0,208,0,128,"SQ_WAIT_INST_LDS",0.00000000e+00,2683623689991,2683623923869
108,108,"Agent 1",1,21594,21594,2048,17,"pk_gemm(__half const*, __half const*, __half*, int, int, int)",128,8704,0,208,0,128,"SQC_LDS_BANK_CONFLICT",65536.000000,2683623968312,2683624202230
108,108,"Agent 1",1,21594,21594,2048,17,"pk_gemm(__half const*, __half const*, __half*, int, int, int)",128,8704,0,208,0,128,"SQC_LDS_IDX_ACTIVE",524288.000000,2683623968312,2683624202230
108,108,"Agent 1",1,21594,21594,2048,17,"pk_gemm(__half const*, __half const*, __half*, int, int, int)",128,8704,0,208,0,128,"SQ_INSTS_LDS",163840.000000,2683623968312,2683624202230
108,108,"Agent 1",1,21594,21594,2048,17,"pk_gemm(__half const*, __half const*, __half*, int, int, int)",128,8704,0,208,0,128,"SQ_WAIT_INST_LDS",0.00000000e+00,2683623968312,2683624202230
109,109,"Agent 1",1,21594,21594,2048,17,"pk_gemm(__half const*, __half const*, __half*, int, int, int)",128,8704,0,208,0,128,"SQC_LDS_BANK_CONFLICT",65536.000000,2683624244830,2683624477465
109,109,"Agent 1",1,21594,21594,2048,17,"pk_gemm(__half const*, __half const*, __half*, int, int, int)",128,8704,0,208,0,128,"SQC_LDS_IDX_ACTIVE",524288.000000,2683624244830,2683624477465
109,109,"Agent 1",1,21594,21594,2048,17,"pk_gemm(__half const*, __half const*, __half*, int, int, int)",128,8704,0,208,0,128,"SQ_INSTS_LDS",163840.000000,2683624244830,2683624477465
109,109,"Agent 1",1,21594,21594,2048,17,"pk_gemm(__half const*, __half const*, __half*, int, int, int)",128,8704,0,208,0,128,"SQ_WAIT_INST_LDS",0.00000000e+00,2683624244830,2683624477465
110,110,"Agent 1",1,21594,21594,2048,17,"pk_gemm(__half const*, __half const*, __half*, int, int, int)",128,8704,0,208,0,128,"SQC_LDS_BANK_CONFLICT",65536.000000,2683624518221,2683624753222
110,110,"Agent 1",1,21594,21594,2048,17,"pk_gemm(__half const*, __half const*, __half*, int, int, int)",128,8704,0,208,0,128,"SQC_LDS_IDX_ACTIVE",524288.000000,2683624518221,2683624753222
110,110,"Agent 1",1,21594,21594,2048,17,"pk_gemm(__half const*, __half const*, __half*, int, int, int)",128,8704,0,208,0,128,"SQ_INSTS_LDS",163840.000000,2683624518221,2683624753222
110,110,"Agent 1",1,21594,21594,2048,17,"pk_gemm(__half const*, __half const*, __half*, int, int, int)",128,8704,0,208,0,128,"SQ_WAIT_INST_LDS",0.00000000e+00,2683624518221,2683624753222
111,111,"Agent 1",1,21594,21594,2048,17,"pk_gemm(__half const*, __half const*, __half*, int, int, int)",128,8704,0,208,0,128,"SQC_LDS_BANK_CONFLICT",65536.000000,2683624794900,2683625028657
111,111,"Agent 1",1,21594,21594,2048,17,"pk_gemm(__half const*, __half const*, __half*, int, int, int)",128,8704,0,208,0,128,"SQC_LDS_IDX_ACTIVE",524288.000000,2683624794900,2683625028657
111,111,"Agent 1",1,21594,21594,2048,17,"pk_gemm(__half const*, __half const*, __half*, int, int, int)",128,8704,0,208,0,128,"SQ_INSTS_LDS",163840.000000,2683624794900,2683625028657
111,111,"Agent 1",1,21594,21594,2048,17,"pk_gemm(__half const*, __half const*, __half*, int, int, int)",128,8704,0,208,0,128,"SQ_WAIT_INST_LDS",0.00000000e+00,2683624794900,2683625028657
112,112,"Agent 1",1,21594,21594,2048,17,"pk_gemm(__half const*, __half const*, __half*, int, int, int)",128,8704,0,208,0,128,"SQC_LDS_BANK_CONFLICT",65536.000000,2683625071978,2683625305135
112,112,"Agent 1",1,21594,21594,2048,17,"pk_gemm(__half const*, __half const*, __half*, int, int, int)",128,8704,0,208,0,128,"SQC_LDS_IDX_ACTIVE",524288.000000,2683625071978,2683625305135
112,112,"Agent 1",1,21594,21594,2048,17,"pk_gemm(__half const*, __half const*, __half*, int, int, int)",128,8704,0,208,0,128,"SQ_INSTS_LDS",163840.000000,2683625071978,2683625305135
112,112,"Agent 1",1,21594,21594,2048,17,"pk_gemm(__half const*, __half const*, __half*, int, int, int)",128,8704,0,208,0,128,"SQ_WAIT_INST_LDS",0.00000000e+00,2683625071978,2683625305135
113,113,"Agent 1",1,21594,21594,2048,17,"pk_gemm(__half const*, __half const*, __half*, int, int, int)",128,8704,0,208,0,128,"SQC_LDS_BANK_CONFLICT",65536.000000,2683625348576,2683625582094
113,113,"Agent 1",1,21594,21594,2048,17,"pk_gemm(__half const*, __half const*, __half*, int, int, int)",128,8704,0,208,0,128,"SQC_LDS_IDX_ACTIVE",524288.000000,2683625348576,2683625582094
113,113,"Agent 1",1,21594,21594,2048,17,"pk_gemm(__half const*, __half const*, __half*, int, int, int)",128,8704,0,208,0,128,"SQ_INSTS_LDS",163840.000000,2683625348576,2683625582094
113,113,"Agent 1",1,21594,21594,2048,17,"pk_gemm(__half const*, __half const*, __half*, int, int, int)",128,8704,0,208,0,128,"SQ_WAIT_INST_LDS",0.00000000e+00,2683625348576,2683625582094
114,114,"Agent 1",1,21594,21594,2048,17,"pk_gemm(__half const*, __half const*, __half*, int, int, int)",128,8704,0,208,0,128,"SQC_LDS_BANK_CONFLICT",65536.000000,2683625622409,2683625854804
114,114,"Agent 1",1,21594,21594,2048,17,"pk_gemm(__half const*, __half const*, __half*, int, int, int)",128,8704,0,208,0,128,"SQC_LDS_IDX_ACTIVE",524288.000000,2683625622409,2683625854804
114,114,"Agent 1",1,21594,21594,2048,17,"pk_gemm(__half const*, __half const*, __half*, int, int, int)",128,8704,0,208,0,128,"SQ_INSTS_LDS",163840.000000,2683625622409,2683625854804
114,114,"Agent 1",1,21594,21594,2048,17,"pk_gemm(__half const*, __half const*, __half*, int, int, int)",128,8704,0,208,0,128,"SQ_WAIT_INST_LDS",0.00000000e+00,2683625622409,2683625854804
115,115,"Agent 1",1,21594,21594,2048,17,"pk_gemm(__half const*, __half const*, __half*, int, int, int)",128,8704,0,208,0,128,"SQC_LDS_BANK_CONFLICT",65536.000000,2683625896442,2683626131002
115,115,"Agent 1",1,21594,21594,2048,17,"pk_gemm(__half const*, __half const*, __half*, int, int, int)",128,8704,0,208,0,128,"SQC_LDS_IDX_ACTIVE",524288.000000,2683625896442,2683626131002
115,115,"Agent 1",1,21594,21594,2048,17,"pk_gemm(__half const*, __half const*, __half*, int, int, int)",128,8704,0,208,0,128,"SQ_INSTS_LDS",163840.000000,2683625896442,2683626131002
115,115,"Agent 1",1,21594,21594,2048,17,"pk_gemm(__half const*, __half const*, __half*, int, int, int)",128,8704,0,208,0,128,"SQ_WAIT_INST_LDS",0.00000000e+00,2683625896442,2683626131002
116,116,"Agent 1",1,21594,21594,2048,17,"pk_gemm(__half const*, __half const*, __half*, int, int, int)",128,8704,0,208,0,128,"SQC_LDS_BANK_CONFLICT",65536.000000,2683626172559,2683626406718
116,116,"Agent 1",1,21594,21594,2048,17,"pk_gemm(__half const*, __half const*, __half*, int, int, int)",128,8704,0,208,0,128,"SQC_LDS_IDX_ACTIVE",524288.000000,2683626172559,2683626406718
116,116,"Agent 1",1,21594,21594,2048,17,"pk_gemm(__half const*, __half const*, __half*, int, int, int)",128,8704,0,208,0,128,"SQ_INSTS_LDS",163840.000000,2683626172559,2683626406718
116,116,"Agent 1",1,21594,21594,2048,17,"pk_gemm(__half const*, __half const*, __half*, int, int, int)",128,8704,0,208,0,128,"SQ_WAIT_INST_LDS",0.00000000e+00,2683626172559,2683626406718
117,117,"Agent 1",1,21594,21594,2048,17,"pk_gemm(__half const*, __half const*, __half*, int, int, int)",128,8704,0,208,0,128,"SQC_LDS_BANK_CONFLICT",65536.000000,2683626448276,2683626681953
117,117,"Agent 1",1,21594,21594,2048,17,"pk_gemm(__half const*, __half const*, __half*, int, int, int)",128,8704,0,208,0,128,"SQC_LDS_IDX_ACTIVE",524288.000000,2683626448276,2683626681953
117,117,"Agent 1",1,21594,21594,2048,17,"pk_gemm(__half const*, __half const*, __half*, int, int, int)",128,8704,0,208,0,128,"SQ_INSTS_LDS",163840.000000,2683626448276,2683626681953
117,117,"Agent 1",1,21594,21594,2048,17,"pk_gemm(__half const*, __half const*, __half*, int, int, int)",128,8704,0,208,0,128,"SQ_WAIT_INST_LDS",0.00000000e+00,2683626448276,2683626681953
118,118,"Agent 1",1,21594,21594,2048,17,"pk_gemm(__half const*, __half const*, __half*, int, int, int)",128,8704,0,208,0,128,"SQC_LDS_BANK_CONFLICT",65536.000000,2683626722229,2683626956307
118,118,"Agent 1",1,21594,21594,2048,17,"pk_gemm(__half const*, __half const*, __half*, int, int, int)",128,8704,0,208,0,128,"SQC_LDS_IDX_ACTIVE",524288.000000,2683626722229,2683626956307
118,118,"Agent 1",1,21594,21594,2048,17,"pk_gemm(__half const*, __half const*, __half*, int, int, int)",128,8704,0,208,0,128,"SQ_INSTS_LDS",163840.000000,2683626722229,2683626956307
118,118,"Agent 1",1,21594,21594,2048,17,"pk_gemm(__half const*, __half const*, __half*, int, int, int)",128,8704,0,208,0,128,"SQ_WAIT_INST_LDS",0.00000000e+00,2683626722229,2683626956307
119,119,"Agent 1",1,21594,21594,2048,17,"pk_gemm(__half const*, __half const*, __half*, int, int, int)",128,8704,0,208,0,128,"SQC_LDS_BANK_CONFLICT",65536.000000,2683626995781,2683627228136
119,119,"Agent 1",1,21594,21594,2048,17,"pk_gemm(__half const*, __half const*, __half*, int, int, int)",128,8704,0,208,0,128,"SQC_LDS_IDX_ACTIVE",524288.000000,2683626995781,2683627228136
119,119,"Agent 1",1,21594,21594,2048,17,"pk_gemm(__half const*, __half const*, __half*, int, int, int)",128,8704,0,208,0,128,"SQ_INSTS_LDS",163840.000000,2683626995781,2683627228136
119,119,"Agent 1",1,21594,21594,2048,17,"pk_gemm(__half const*, __half const*, __half*, int, int, int)",128,8704,0,208,0,128,"SQ_WAIT_INST_LDS",0.00000000e+00,2683626995781,2683627228136
120,120,"Agent 1",1,21594,21594,2048,17,"pk_gemm(__half const*, __half const*, __half*, int, int, int)",128,8704,0,208,0,128,"SQC_LDS_BANK_CONFLICT",65536.000000,2683627266849,2683627501127
120,120,"Agent 1",1,21594,21594,2048,17,"pk_gemm(__half const*, __half const*, __half*, int, int, int)",128,8704,0,208,0,128,"SQC_LDS_IDX_ACTIVE",524288.000000,2683627266849,2683627501127
120,120,"Agent 1",1,21594,21594,2048,17,"pk_gemm(__half const*, __half const*, __half*, int, int, int)",128,8704,0,208,0,128,"SQ_INSTS_LDS",163840.000000,2683627266849,2683627501127
120,120,"Agent 1",1,21594,21594,2048,17,"pk_gemm(__half const*, __half const*, __half*, int, int, int)",128,8704,0,208,0,128,"SQ_WAIT_INST_LDS",0.00000000e+00,2683627266849,2683627501127
121,121,"Agent 1",1,21594,21594,2048,17,"pk_gemm(__half const*, __half const*, __half*, int, int, int)",128,8704,0,208,0,128,"SQC_LDS_BANK_CONFLICT",65536.000000,2683627541403,2683627775040
121,121,"Agent 1",1,21594,21594,2048,17,"pk_gemm(__half const*, __half const*, __half*, int, int, int)",128,8704,0,208,0,128,"SQC_LDS_IDX_ACTIVE",524288.000000,2683627541403,2683627775040
121,121,"Agent 1",1,21594,21594,2048,17,"pk_gemm(__half const*, __half const*, __half*, int, int, int)",128,8704,0,208,0,128,"SQ_INSTS_LDS",163840.000000,2683627541403,2683627775040
121,121,"Agent 1",1,21594,21594,2048,17,"pk_gemm(__half const*, __half const*, __half*, int, int, int)",128,8704,0,208,0,128,"SQ_WAIT_INST_LDS",0.00000000e+00,2683627541403,2683627775040
122,122,"Agent 1",1,21594,21594,2048,17,"pk_gemm(__half const*, __half const*, __half*, int, int, int)",128,8704,0,208,0,128,"SQC_LDS_BANK_CONFLICT",65536.000000,2683627813272,2683628046549
122,122,"Agent 1",1,21594,21594,2048,17,"pk_gemm(__half const*, __half const*, __half*, int, int, int)",128,8704,0,208,0,128,"SQC_LDS_IDX_ACTIVE",524288.000000,2683627813272,2683628046549
122,122,"Agent 1",1,21594,21594,2048,17,"pk_gemm(__half const*, __half const*, __half*, int, int, int)",128,8704,0,208,0,128,"SQ_INSTS_LDS",163840.000000,2683627813272,2683628046549
122,122,"Agent 1",1,21594,21594,2048,17,"pk_gemm(__half const*, __half const*, __half*, int, int, int)",128,8704,0,208,0,128,"SQ_WAIT_INST_LDS",0.00000000e+00,2683627813272,2683628046549
123,123,"Agent 1",1,21594,21594,2048,17,"pk_gemm(__half const*, __half const*, __half*, int, int, int)",128,8704,0,208,0,128,"SQC_LDS_BANK_CONFLICT",65536.000000,2683628085582,2683628318899
123,123,"Agent 1",1,21594,21594,2048,17,"pk_gemm(__half const*, __half const*, __half*, int, int, int)",128,8704,0,208,0,128,"SQC_LDS_IDX_ACTIVE",524288.000000,2683628085582,2683628318899
123,123,"Agent 1",1,21594,21594,2048,17,"pk_gemm(__half const*, __half const*, __half*, int, int, int)",128,8704,0,208,0,128,"SQ_INSTS_LDS",163840.000000,2683628085582,2683628318899
123,123,"Agent 1",1,21594,21594,2048,17,"pk_gemm(__half const*, __half const*, __half*, int, int, int)",128,8704,0,208,0,128,"SQ_WAIT_INST_LDS",0.00000000e+00,2683628085582,2683628318899
124,124,"Agent 1",1,21594,21594,2048,17,"pk_gemm(__half const*, __half const*, __half*, int, int, int)",128,8704,0,208,0,128,"SQC_LDS_BANK_CONFLICT",65536.000000,2683628358052,2683628590848
124,124,"Agent 1",1,21594,21594,2048,17,"pk_gemm(__half const*, __half const*, __half*, int, int, int)",128,8704,0,208,0,128,"SQC_LDS_IDX_ACTIVE",524288.000000,2683628358052,2683628590848
124,124,"Agent 1",1,21594,21594,2048,17,"pk_gemm(__half const*, __half const*, __half*, int, int, int)",128,8704,0,208,0,128,"SQ_INSTS_LDS",163840.000000,2683628358052,2683628590848
124,124,"Agent 1",1,21594,21594,2048,17,"pk_gemm(__half const*, __half const*, __half*, int, int, int)",128,8704,0,208,0,128,"SQ_WAIT_INST_LDS",0.00000000e+00,2683628358052,2683628590848
125,125,"Agent 1",1,21594,21594,2048,17,"pk_gemm(__half const*, __half const*, __half*, int, int, int)",128,8704,0,208,0,128,"SQC_LDS_BANK_CONFLICT",65536.000000,2683628629841,2683628864520
125,125,"Agent 1",1,21594,21594,2048,17,"pk_gemm(__half const*, __half const*, __half*, int, int, int)",128,8704,0,208,0,128,"SQC_LDS_IDX_ACTIVE",524288.000000,2683628629841,2683628864520
125,125,"Agent 1",1,21594,21594,2048,17,"pk_gemm(__half const*, __half const*, __half*, int, int, int)",128,8704,0,208,0,128,"SQ_INSTS_LDS",163840.000000,2683628629841,2683628864520
125,125,"Agent 1",1,21594,21594,2048,17,"pk_gemm(__half const*, __half const*, __half*, int, int, int)",128,8704,0,208,0,128,"SQ_WAIT_INST_LDS",0.00000000e+00,2683628629841,2683628864520
126,126,"Agent 1",1,21594,21594,2048,17,"pk_gemm(__half const*, __half const*, __half*, int, int, int)",128,8704,0,208,0,128,"SQC_LDS_BANK_CONFLICT",65536.000000,2683628902632,2683629136389
126,126,"Agent 1",1,21594,21594,2048,17,"pk_gemm(__half const*, __half const*, __half*, int, int, int)",128,8704,0,208,0,128,"SQC_LDS_IDX_ACTIVE",524288.000000,2683628902632,2683629136389
126,126,"Agent 1",1,21594,21594,2048,17,"pk_gemm(__half const*, __half const*, __half*, int, int, int)",128,8704,0,208,0,128,"SQ_INSTS_LDS",163840.000000,2683628902632,2683629136389
126,126,"Agent 1",1,21594,21594,2048,17,"pk_gemm(__half const*, __half const*, __half*, int, int, int)",128,8704,0,208,0,128,"SQ_WAIT_INST_LDS",0.00000000e+00,2683628902632,2683629136389
127,127,"Agent 1",1,21594,21594,2048,17,"pk_gemm(__half const*, __half const*, __half*, int, int, int)",128,8704,0,208,0,128,"SQC_LDS_BANK_CONFLICT",65536.000000,2683629174220,2683629408098
127,127,"Agent 1",1,21594,21594,2048,17,"pk_gemm(__half const*, __half const*, __half*, int, int, int)",128,8704,0,208,0,128,"SQC_LDS_IDX_ACTIVE",524288.000000,2683629174220,2683629408098
127,127,"Agent 1",1,21594,21594,2048,17,"pk_gemm(__half const*, __half const*, __half*, int, int, int)",128,8704,0,208,0,128,"SQ_INSTS_LDS",163840.000000,2683629174220,2683629408098
127,127,"Agent 1",1,21594,21594,2048,17,"pk_gemm(__half const*, __half const*, __half*, int, int, int)",128,8704,0,208,0,128,"SQ_WAIT_INST_LDS",0.00000000e+00,2683629174220,2683629408098
128,128,"Agent 1",1,21594,21594,2048,17,"pk_gemm(__half const*, __half const*, __half*, int, int, int)",128,8704,0,208,0,128,"SQC_LDS_BANK_CONFLICT",65536.000000,2683629446330,2683629680328
128,128,"Agent 1",1,21594,21594,2048,17,"pk_gemm(__half const*, __half const*, __half*, int, int, int)",128,8704,0,208,0,128,"SQC_LDS_IDX_ACTIVE",524288.000000,2683629446330,2683629680328
128,128,"Agent 1",1,21594,21594,2048,17,"pk_gemm(__half const*, __half const*, __half*, int, int, int)",128,8704,0,208,0,128,"SQ_INSTS_LDS",163840.000000,2683629446330,2683629680328
128,128,"Agent 1",1,21594,21594,2048,17,"pk_gemm(__half const*, __half const*, __half*, int, int, int)",128,8704,0,208,0,128,"SQ_WAIT_INST_LDS",0.00000000e+00,2683629446330,2683629680328
129,129,"Agent 1",1,21594,21594,2048,17,"pk_gemm(__half const*, __half const*, __half*, int, int, int)",128,8704,0,208,0,128,"SQC_LDS_BANK_CONFLICT",65536.000000,2683629717598,2683629950634
129,129,"Agent 1",1,21594,21594,2048,17,"pk_gemm(__half const*, __half const*, __half*, int, int, int)",128,8704,0,208,0,128,"SQC_LDS_IDX_ACTIVE",524288.000000,2683629717598,2683629950634
129,129,"Agent 1",1,21594,21594,2048,17,"pk_gemm(__half const*, __half const*, __half*, int, int, int)",128,8704,0,208,0,128,"SQ_INSTS_LDS",163840.000000,2683629717598,2683629950634
129,129,"Agent 1",1,21594,21594,2048,17,"pk_gemm(__half const*, __half const*, __half*, int, int, int)",128,8704,0,208,0,128,"SQ_WAIT_INST_LDS",0.00000000e+00,2683629717598,2683629950634
130,130,"Agent 1",1,21594,21594,8192,17,"pk_gemm(__half const*, __half const*, __half*, int, int, int)",128,8704,0,208,0,128,"SQC_LDS_BANK_CONFLICT",524288.000000,2683657523987,2683658031177
130,130,"Agent 1",1,21594,21594,8192,17,"pk_gemm(__half const*, __half const*, __half*, int, int, int)",128,8704,0,208,0,128,"SQC_LDS_IDX_ACTIVE",4194304.000000,2683657523987,2683658031177
130,130,"Agent 1",1,21594,21594,8192,17,"pk_gemm(__half const*, __half const*, __half*, int, int, int)",128,8704,0,208,0,128,"SQ_INSTS_LDS",1310720.000000,2683657523987,2683658031177
130,130,"Agent 1",1,21594,21594,8192,17,"pk_gemm(__half const*, __half const*, __half*, int, int, int)",128,8704,0,208,0,128,"SQ_WAIT_INST_LDS",17810.000000,2683657523987,2683658031177
131,131,"Agent 1",1,21594,21594,8192,17,"pk_gemm(__half const*, __half const*, __half*, int, int, int)",128,8704,0,208,0,128,"SQC_LDS_BANK_CONFLICT",524288.000000,2683658065161,2683658573072
131,131,"Agent 1",1,21594,21594,8192,17,"pk_gemm(__half const*, __half const*, __half*, int, int, int)",128,8704,0,208,0,128,"SQC_LDS_IDX_ACTIVE",4194304.000000,2683658065161,2683658573072
131,131,"Agent 1",1,21594,21594,8192,17,"pk_gemm(__half const*, __half const*, __half*, int, int, int)",128,8704,0,208,0,128,"SQ_INSTS_LDS",1310720.000000,2683658065161,2683658573072
131,131,"Agent 1",1,21594,21594,8192,17,"pk_gemm(__half const*, __half const*, __half*, int, int, int)",128,8704,0,208,0,128,"SQ_WAIT_INST_LDS",17066.000000,2683658065161,2683658573072
132,132,"Agent 1",1,21594,21594,8192,17,"pk_gemm(__half const*, __half const*, __half*, int, int, int)",128,8704,0,208,0,128,"SQC_LDS_BANK_CONFLICT",524288.000000,2683658607136,2683659087676
132,132,"Agent 1",1,21594,21594,8192,17,"pk_gemm(__half const*, __half const*, __half*, int, int, int)",128,8704,0,208,0,128,"SQC_LDS_IDX_ACTIVE",4194304.000000,2683658607136,2683659087676
132,132,"Agent 1",1,21594,21594,8192,17,"pk_gemm(__half const*, __half const*, __half*, int, int, int)",128,8704,0,208,0,128,"SQ_INSTS_LDS",1310720.000000,2683658607136,2683659087676
132,132,"Agent 1",1,21594,21594,8192,17,"pk_gemm(__half const*, __half const*, __half*, int, int, int)",128,8704,0,208,0,128,"SQ_WAIT_INST_LDS",18961.000000,2683658607136,2683659087676
133,133,"Agent 1",1,21594,21594,8192,17,"pk_gemm(__half const*, __half const*, __half*, int, int, int)",128,8704,0,208,0,128,"SQC_LDS_BANK_CONFLICT",524288.000000,2683659120617,2683659630051
133,133,"Agent 1",1,21594,21594,8192,17,"pk_gemm(__half const*, __half const*, __half*, int, int, int)",128,8704,0,208,0,128,"SQC_LDS_IDX_ACTIVE",4194304.000000,2683659120617,2683659630051
133,133,"Agent 1",1,21594,21594,8192,17,"pk_gemm(__half const*, __half const*, __half*, int, int, int)",128,8704,0,208,0,128,"SQ_INSTS_LDS",1310720.000000,2683659120617,2683659630051
133,133,"Agent 1",1,21594,21594,8192,17,"pk_gemm(__half const*, __half const*, __half*, int, int, int)",128,8704,0,208,0,128,"SQ_WAIT_INST_LDS",17282.000000,2683659120617,2683659630051
134,134,"Agent 1",1,21594,21594,8192,17,"pk_gemm(__half const*, __half const*, __half*, int, int, int)",128,8704,0,208,0,128,"SQC_LDS_BANK_CONFLICT",524288.000000,2683659663314,2683660163530
134,134,"Agent 1",1,21594,21594,8192,17,"pk_gemm(__half const*, __half const*, __half*, int, int, int)",128,8704,0,208,0,128,"SQC_LDS_IDX_ACTIVE",4194304.000000,2683659663314,2683660163530
134,134,"Agent 1",1,21594,21594,8192,17,"pk_gemm(__half const*, __half const*, __half*, int, int, int)",128,8704,0,208,0,128,"SQ_INSTS_LDS",1310720.000000,2683659663314,2683660163530
134,134,"Agent 1",1,21594,21594,8192,17,"pk_gemm(__half const*, __half const*, __half*, int, int, int)",128,8704,0,208,0,128,"SQ_WAIT_INST_LDS",18147.000000,2683659663314,2683660163530
135,135,"Agent 1",1,21594,21594,8192,17,"pk_gemm(__half const*, __half const*, __half*, int, int, int)",128,8704,0,208,0,128,"SQC_LDS_BANK_CONFLICT",524288.000000,2683660196913,2683660676932
135,135,"Agent 1",1,21594,21594,8192,17,"pk_gemm(__half const*, __half const*, __half*, int, int, int)",128,8704,0,208,0,128,"SQC_LDS_IDX_ACTIVE",4194304.000000,2683660196913,2683660676932
135,135,"Agent 1",1,21594,21594,8192,17,"pk_gemm(__half const*, __half const*, __half*, int, int, int)",128,8704,0,208,0,128,"SQ_INSTS_LDS",1310720.000000,2683660196913,2683660676932
135,135,"Agent 1",1,21594,21594,8192,17,"pk_gemm(__half const*, __half const*, __half*, int, int, int)",128,8704,0,208,0,128,"SQ_WAIT_INST_LDS",18628.000000,2683660196913,2683660676932
136,136,"Agent 1",1,21594,21594,8192,17,"pk_gemm(__half const*, __half const*, __half*, int, int, int)",128,8704,0,208,0,128,"SQC_LDS_BANK_CONFLICT",524288.000000,2683660708871,2683661216141
136,136,"Agent 1",1,21594,21594,8192,17,"pk_gemm(__half const*, __half const*, __half*, int, int, int)",128,8704,0,208,0,128,"SQC_LDS_IDX_ACTIVE",4194304.000000,2683660708871,2683661216141
136,136,"Agent 1",1,21594,21594,8192,17,"pk_gemm(__half const*, __half const*, __half*, int, int, int)",128,8704,0,208,0,128,"SQ_INSTS_LDS",1310720.000000,2683660708871,2683661216141
136,136,"Agent 1",1,21594,21594,8192,17,"pk_gemm(__half const*, __half const*, __half*, int, int, int)",128,8704,0,208,0,128,"SQ_WAIT_INST_LDS",17437.000000,2683660708871,2683661216141
137,137,"Agent 1",1,21594,21594,8192,17,"pk_gemm(__half const*, __half const*, __half*, int, int, int)",128,8704,0,208,0,128,"SQC_LDS_BANK_CONFLICT",524288.000000,2683661248001,2683661735915
137,137,"Agent 1",1,21594,21594,8192,17,"pk_gemm(__half const*, __half const*, __half*, int, int, int)",128,8704,0,208,0,128,"SQC_LDS_IDX_ACTIVE",4194304.000000,2683661248001,2683661735915
137,137,"Agent 1",1,21594,21594,8192,17,"pk_gemm(__half const*, __half const*, __half*, int, int, int)",128,8704,0,208,0,128,"SQ_INSTS_LDS",1310720.000000,2683661248001,2683661735915
137,137,"Agent 1",1,21594,21594,8192,17,"pk_gemm(__half const*, __half const*, __half*, int, int, int)",128,8704,0,208,0,128,"SQ_WAIT_INST_LDS",17965.000000,2683661248001,2683661735915
138,138,"Agent 1",1,21594,21594,8192,17,"pk_gemm(__half const*, __half const*, __half*, int, int, int)",128,8704,0,208,0,128,"SQC_LDS_BANK_CONFLICT",524288.000000,2683661802960,2683662296765
138,138,"Agent 1",1,21594,21594,8192,17,"pk_gemm(__half const*, __half const*, __half*, int, int, int)",128,8704,0,208,0,128,"SQC_LDS_IDX_ACTIVE",4194304.000000,2683661802960,2683662296765
138,138,"Agent 1",1,21594,21594,8192,17,"pk_gemm(__half const*, __half const*, __half*, int, int, int)",128,8704,0,208,0,128,"SQ_INSTS_LDS",1310720.000000,2683661802960,2683662296765
138,138,"Agent 1",1,21594,21594,8192,17,"pk_gemm(__half const*, __half const*, __half*, int, int, int)",128,8704,0,208,0,128,"SQ_WAIT_INST_LDS",17856.000000,2683661802960,2683662296765
139,139,"Agent 1",1,21594,21594,8192,17,"pk_gemm(__half const*, __half const*, __half*, int, int, int)",128,8704,0,208,0,128,"SQC_LDS_BANK_CONFLICT",524288.000000,2683662332392,2683663063000
139,139,"Agent 1",1,21594,21594,8192,17,"pk_gemm(__half const*, __half const*, __half*, int, int, int)",128,8704,0,208,0,128,"SQC_LDS_IDX_ACTIVE",4203620.000000,2683662332392,2683663063000
139,139,"Agent 1",1,21594,21594,8192,17,"pk_gemm(__half const*, __half const*, __half*, int, int, int)",128,8704,0,208,0,128,"SQ_INSTS_LDS",1320036.000000,2683662332392,2683663063000
139,139,"Agent 1",1,21594,21594,8192,17,"pk_gemm(__half const*, __half const*, __half*, int, int, int)",128,8704,0,208,0,128,"SQ_WAIT_INST_LDS",18739.000000,2683662332392,2683663063000
140,140,"Agent 1",1,21594,21594,8192,17,"pk_gemm(__half const*, __half const*, __half*, int, int, int)",128,8704,0,208,0,128,"SQC_LDS_BANK_CONFLICT",524288.000000,2683663134534,2683663645691
140,140,"Agent 1",1,21594,21594,8192,17,"pk_gemm(__half const*, __half const*, __half*, int, int, int)",128,8704,0,208,0,128,"SQC_LDS_IDX_ACTIVE",4194304.000000,2683663134534,2683663645691
140,140,"Agent 1",1,21594,21594,8192,17,"pk_gemm(__half const*, __half const*, __half*, int, int, int)",128,8704,0,208,0,128,"SQ_INSTS_LDS",1310720.000000,2683663134534,2683663645691
140,140,"Agent 1",1,21594,21594,8192,17,"pk_gemm(__half const*, __half const*, __half*, int, int, int)",128,8704,0,208,0,128,"SQ_WAIT_INST_LDS",17524.000000,2683663134534,2683663645691
141,141,"Agent 1",1,21594,21594,8192,17,"pk_gemm(__half const*, __half const*, __half*, int, int, int)",128,8704,0,208,0,128,"SQC_LDS_BANK_CONFLICT",524288.000000,2683663684003,2683664185422
141,141,"Agent 1",1,21594,21594,8192,17,"pk_gemm(__half const*, __half const*, __half*, int, int, int)",128,8704,0,208,0,128,"SQC_LDS_IDX_ACTIVE",4194304.000000,2683663684003,2683664185422
141,141,"Agent 1",1,21594,21594,8192,17,"pk_gemm(__half const*, __half const*, __half*, int, int, int)",128,8704,0,208,0,128,"SQ_INSTS_LDS",1310720.000000,2683663684003,2683664185422
141,141,"Agent 1",1,21594,21594,8192,17,"pk_gemm(__half const*, __half const*, __half*, int, int, int)",128,8704,0,208,0,128,"SQ_WAIT_INST_LDS",17676.000000,2683663684003,2683664185422
142,142,"Agent 1",1,21594,21594,8192,17,"pk_gemm(__half const*, __half const*, __half*, int, int, int)",128,8704,0,208,0,128,"SQC_LDS_BANK_CONFLICT",524288.000000,2683664224815,2683664715935
142,142,"Agent 1",1,21594,21594,8192,17,"pk_gemm(__half const*, __half const*, __half*, int, int, int)",128,8704,0,208,0,128,"SQC_LDS_IDX_ACTIVE",4194304.000000,2683664224815,2683664715935
142,142,"Agent 1",1,21594,21594,8192,17,"pk_gemm(__half const*, __half const*, __half*, int, int, int)",128,8704,0,208,0,128,"SQ_INSTS_LDS",1310720.000000,2683664224815,2683664715935
142,142,"Agent 1",1,21594,21594,8192,17,"pk_gemm(__half const*, __half const*, __half*, int, int, int)",128,8704,0,208,0,128,"SQ_WAIT_INST_LDS",17695.000000,2683664224815,2683664715935
143,143,"Agent 1",1,21594,21594,8192,17,"pk_gemm(__half const*, __half const*, __half*, int, int, int)",128,8704,0,208,0,128,"SQC_LDS_BANK_CONFLICT",524288.000000,2683664754303,2683665267103
143,143,"Agent 1",1,21594,21594,8192,17,"pk_gemm(__half const*, __half const*, __half*, int, int, int)",128,8704,0,208,0,128,"SQC_LDS_IDX_ACTIVE",4194304.000000,2683664754303,2683665267103
143,143,"Agent 1",1,21594,21594,8192,17,"pk_gemm(__half const*, __half const*, __half*, int, int, int)",128,8704,0,208,0,128,"SQ_INSTS_LDS",1310720.000000,2683664754303,2683665267103
143,143,"Agent 1",1,21594,21594,8192,17,"pk_gemm(__half const*, __half const*, __half*, int, int, int)",128,8704,0,208,0,128,"SQ_WAIT_INST_LDS",17397.000000,2683664754303,2683665267103
144,144,"Agent 1",1,21594,21594,8192,17,"pk_gemm(__half const*, __half const*, __half*, int, int, int)",128,8704,0,208,0,128,"SQC_LDS_BANK_CONFLICT",524288.000000,2683665307137,2683665798617
144,144,"Agent 1",1,21594,21594,8192,17,"pk_gemm(__half const*, __half const*, __half*, int, int, int)",128,8704,0,208,0,128,"SQC_LDS_IDX_ACTIVE",4194304.000000,2683665307137,2683665798617
144,144,"Agent 1",1,21594,21594,8192,17,"pk_gemm(__half const*, __half const*, __half*, int, int, int)",128,8704,0,208,0,128,"SQ_INSTS_LDS",1310720.000000,2683665307137,2683665798617
144,144,"Agent 1",1,21594,21594,8192,17,"pk_gemm(__half const*, __half const*, __half*, int, int, int)",128,8704,0,208,0,128,"SQ_WAIT_INST_LDS",18187.000000,2683665307137,2683665798617
145,145,"Agent 1",1,21594,21594,8192,17,"pk_gemm(__half const*, __half const*, __half*, int, int, int)",128,8704,0,208,0,128,"SQC_LDS_BANK_CONFLICT",524288.000000,2683665839013,2683666354297
145,145,"Agent 1",1,21594,21594,8192,17,"pk_gemm(__half const*, __half const*, __half*, int, int, int)",128,8704,0,208,0,128,"SQC_LDS_IDX_ACTIVE",4194304.000000,2683665839013,2683666354297
145,145,"Agent 1",1,21594,21594,8192,17,"pk_gemm(__half const*, __half const*, __half*, int, int, int)",128,8704,0,208,0,128,"SQ_INSTS_LDS",1310720.000000,2683665839013,2683666354297
145,145,"Agent 1",1,21594,21594,8192,17,"pk_gemm(__half const*, __half const*, __half*, int, int, int)",128,8704,0,208,0,128,"SQ_WAIT_INST_LDS",17024.000000,2683665839013,2683666354297
146,146,"Agent 1",1,21594,21594,8192,17,"pk_gemm(__half const*, __half const*, __half*, int, int, int)",128,8704,0,208,0,128,"SQC_LDS_BANK_CONFLICT",524288.000000,2683666391847,2683666887535
146,146,"Agent 1",1,21594,21594,8192,17,"pk_gemm(__half const*, __half const*, __half*, int, int, int)",128,8704,0,208,0,128,"SQC_LDS_IDX_ACTIVE",4194304.000000,2683666391847,2683666887535
146,146,"Agent 1",1,21594,21594,8192,17,"pk_gemm(__half const*, __half const*, __half*, int, int, int)",128,8704,0,208,0,128,"SQ_INSTS_LDS",1310720.000000,2683666391847,2683666887535
146,146,"Agent 1",1,21594,21594,8192,17,"pk_gemm(__half const*, __half const*, __half*, int, int, int)",128,8704,0,208,0,128,"SQ_WAIT_INST_LDS",18275.000000,2683666391847,2683666887535
147,147,"Agent 1",1,21594,21594,8192,17,"pk_gemm(__half const*, __half const*, __half*, int, int, int)",128,8704,0,208,0,128,"SQC_LDS_BANK_CONFLICT",524288.000000,2683666924525,2683667417648
147,147,"Agent 1",1,21594,21594,8192,17,"pk_gemm(__half const*, __half const*, __half*, int, int, int)",128,8704,0,208,0,128,"SQC_LDS_IDX_ACTIVE",4194304.000000,2683666924525,2683667417648
147,147,"Agent 1",1,21594,21594,8192,17,"pk_gemm(__half const*, __half const*, __half*, int, int, int)",128,8704,0,208,0,128,"SQ_INSTS_LDS",1310720.000000,2683666924525,2683667417648
147,147,"Agent 1",1,21594,21594,8192,17,"pk_gemm(__half const*, __half const*, __half*, int, int, int)",128,8704,0,208,0,128,"SQ_WAIT_INST_LDS",18166.000000,2683666924525,2683667417648
148,148,"Agent 1",1,21594,21594,8192,17,"pk_gemm(__half const*, __half const*, __half*, int, int, int)",128,8704,0,208,0,128,"SQC_LDS_BANK_CONFLICT",524288.000000,2683667453916,2683667953691
148,148,"Agent 1",1,21594,21594,8192,17,"pk_gemm(__half const*, __half const*, __half*, int, int, int)",128,8704,0,208,0,128,"SQC_LDS_IDX_ACTIVE",4194304.000000,2683667453916,2683667953691
148,148,"Agent 1",1,21594,21594,8192,17,"pk_gemm(__half const*, __half const*, __half*, int, int, int)",128,8704,0,208,0,128,"SQ_INSTS_LDS",1310720.000000,2683667453916,2683667953691
148,148,"Agent 1",1,21594,21594,8192,17,"pk_gemm(__half const*, __half const*, __half*, int, int, int)",128,8704,0,208,0,128,"SQ_WAIT_INST_LDS",17665.000000,2683667453916,2683667953691
149,149,"Agent 1",1,21594,21594,8192,17,"pk_gemm(__half const*, __half const*, __half*, int, int, int)",128,8704,0,208,0,128,"SQC_LDS_BANK_CONFLICT",524288.000000,2683667987835,2683668478073
149,149,"Agent 1",1,21594,21594,8192,17,"pk_gemm(__half const*, __half const*, __half*, int, int, int)",128,8704,0,208,0,128,"SQC_LDS_IDX_ACTIVE",4194304.000000,2683667987835,2683668478073
149,149,"Agent 1",1,21594,21594,8192,17,"pk_gemm(__half const*, __half const*, __half*, int, int, int)",128,8704,0,208,0,128,"SQ_INSTS_LDS",1310720.000000,2683667987835,2683668478073
149,149,"Agent 1",1,21594,21594,8192,17,"pk_gemm(__half const*, __half const*, __half*, int, int, int)",128,8704,0,208,0,128,"SQ_WAIT_INST_LDS",18050.000000,2683667987835,2683668478073
150,150,"Agent 1",1,21594,21594,8192,17,"pk_gemm(__half const*, __half const*, __half*, int, int, int)",128,8704,0,208,0,128,"SQC_LDS_BANK_CONFLICT",524288.000000,2683668514862,2683669019887
150,150,"Agent 1",1,21594,21594,8192,17,"pk_gemm(__half const*, __half const*, __half*, int, int, int)",128,8704,0,208,0,128,"SQC_LDS_IDX_ACTIVE",4194304.000000,2683668514862,2683669019887
150,150,"Agent 1",1,21594,21594,8192,17,"pk_gemm(__half const*, __half const*, __half*, int, int, int)",128,8704,0,208,0,128,"SQ_INSTS_LDS",1310720.000000,2683668514862,2683669019887
150,150,"Agent 1",1,21594,21594,8192,17,"pk_gemm(__half const*, __half const*, __half*, int, int, int)",128,8704,0,208,0,128,"SQ_WAIT_INST_LDS",17440.000000,2683668514862,2683669019887
151,151,"Agent 1",1,21594,21594,8192,17,"pk_gemm(__half const*, __half const*, __half*, int, int, int)",128,8704,0,208,0,128,"SQC_LDS_BANK_CONFLICT",524288.000000,2683669056516,2683669568434
151,151,"Agent 1",1,21594,21594,8192,17,"pk_gemm(__half const*, __half const*, __half*, int, int, int)",128,8704,0,208,0,128,"SQC_LDS_IDX_ACTIVE",4194304.000000,2683669056516,2683669568434
151,151,"Agent 1",1,21594,21594,8192,17,"pk_gemm(__half const*, __half const*, __half*, int, int, int)",128,8704,0,208,0,128,"SQ_INSTS_LDS",1310720.000000,2683669056516,2683669568434
151,151,"Agent 1",1,21594,21594,8192,17,"pk_gemm(__half const*, __half const*, __half*, int, int, int)",128,8704,0,208,0,128,"SQ_WAIT_INST_LDS",17776.000000,2683669056516,2683669568434
152,152,"Agent 1",1,21594,21594,8192,17,"pk_gemm(__half const*, __half const*, __half*, int, int, int)",128,8704,0,208,0,128,"SQC_LDS_BANK_CONFLICT",524288.000000,2683669606105,2683670099990
152,152,"Agent 1",1,21594,21594,8192,17,"pk_gemm(__half const*, __half const*, __half*, int, int, int)",128,8704,0,208,0,128,"SQC_LDS_IDX_ACTIVE",4194304.000000,2683669606105,2683670099990
152,152,"Agent 1",1,21594,21594,8192,17,"pk_gemm(__half const*, __half const*, __half*, int, int, int)",128,8704,0,208,0,128,"SQ_INSTS_LDS",1310720.000000,2683669606105,2683670099990
152,152,"Agent 1",1,21594,21594,8192,17,"pk_gemm(__half const*, __half const*, __half*, int, int, int)",128,8704,0,208,0,128,"SQ_WAIT_INST_LDS",18054.000000,2683669606105,2683670099990
153,153,"Agent 1",1,21594,21594,8192,17,"pk_gemm(__half const*, __half const*, __half*, int, int, int)",128,8704,0,208,0,128,"SQC_LDS_BANK_CONFLICT",524288.000000,2683670134534,2683670644769
153,153,"Agent 1",1,21594,21594,8192,17,"pk_gemm(__half const*, __half const*, __half*, int, int, int)",128,8704,0,208,0,128,"SQC_LDS_IDX_ACTIVE",4194304.000000,2683670134534,2683670644769
153,153,"Agent 1",1,21594,21594,8192,17,"pk_gemm(__half const*, __half const*, __half*, int, int, int)",128,8704,0,208,0,128,"SQ_INSTS_LDS",1310720.000000,2683670134534,2683670644769
153,153,"Agent 1",1,21594,21594,8192,17,"pk_gemm(__half const*, __half const*, __half*, int, int, int)",128,8704,0,208,0,128,"SQ_WAIT_INST_LDS",17289.000000,2683670134534,2683670644769
154,154,"Agent 1",1,21594,21594,8192,17,"pk_gemm(__half const*, __half const*, __half*, int, int, int)",128,8704,0,208,0,128,"SQC_LDS_BANK_CONFLICT",524288.000000,2683670680516,2683671174401
154,154,"Agent 1",1,21594,21594,8192,17,"pk_gemm(__half const*, __half const*, __half*, int, int, int)",128,8704,0,208,0,128,"SQC_LDS_IDX_ACTIVE",4194304.000000,2683670680516,2683671174401
154,154,"Agent 1",1,21594,21594,8192,17,"pk_gemm(__half const*, __half const*, __half*, int, int, int)",128,8704,0,208,0,128,"SQ_INSTS_LDS",1310720.000000,2683670680516,2683671174401
154,154,"Agent 1",1,21594,21594,8192,17,"pk_gemm(__half const*, __half const*, __half*, int, int, int)",128,8704,0,208,0,128,"SQ_WAIT_INST_LDS",18142.000000,2683670680516,2683671174401
155,155,"Agent 1",1,21594,21594,8192,17,"pk_gemm(__half const*, __half const*, __half*, int, int, int)",128,8704,0,208,0,128,"SQC_LDS_BANK_CONFLICT",524288.000000,2683671210709,2683671718980
155,155,"Agent 1",1,21594,21594,8192,17,"pk_gemm(__half const*, __half const*, __half*, int, int, int)",128,8704,0,208,0,128,"SQC_LDS_IDX_ACTIVE",4194304.000000,2683671210709,2683671718980
155,155,"Agent 1",1,21594,21594,8192,17,"pk_gemm(__half const*, __half const*, __half*, int, int, int)",128,8704,0,208,0,128,"SQ_INSTS_LDS",1310720.000000,2683671210709,2683671718980
155,155,"Agent 1",1,21594,21594,8192,17,"pk_gemm(__half const*, __half const*, __half*, int, int, int)",128,8704,0,208,0,128,"SQ_WAIT_INST_LDS",17365.000000,2683671210709,2683671718980
156,156,"Agent 1",1,21594,21594,8192,17,"pk_gemm(__half const*, __half const*, __half*, int, int, int)",128,8704,0,208,0,128,"SQC_LDS_BANK_CONFLICT",524288.000000,2683671755369,2683672252299
156,156,"Agent 1",1,21594,21594,8192,17,"pk_gemm(__half const*, __half const*, __half*, int, int, int)",128,8704,0,208,0,128,"SQC_LDS_IDX_ACTIVE",4194304.000000,2683671755369,2683672252299
156,156,"Agent 1",1,21594,21594,8192,17,"pk_gemm(__half const*, __half const*, __half*, int, int, int)",128,8704,0,208,0,128,"SQ_INSTS_LDS",1310720.000000,2683671755369,2683672252299
156,156,"Agent 1",1,21594,21594,8192,17,"pk_gemm(__half const*, __half const*, __half*, int, int, int)",128,8704,0,208,0,128,"SQ_WAIT_INST_LDS",18299.000000,2683671755369,2683672252299
157,157,"Agent 1",1,21594,21594,8192,17,"pk_gemm(__half const*, __half const*, __half*, int, int, int)",128,8704,0,208,0,128,"SQC_LDS_BANK_CONFLICT",524288.000000,2683672288286,2683672779446
157,157,"Agent 1",1,21594,21594,8192,17,"pk_gemm(__half const*, __half const*, __half*, int, int, int)",128,8704,0,208,0,128,"SQC_LDS_IDX_ACTIVE",4194304.000000,2683672288286,2683672779446
157,157,"Agent 1",1,21594,21594,8192,17,"pk_gemm(__half const*, __half const*, __half*, int, int, int)",128,8704,0,208,0,128,"SQ_INSTS_LDS",1310720.000000,2683672288286,2683672779446
157,157,"Agent 1",1,21594,21594,8192,17,"pk_gemm(__half const*, __half const*, __half*, int, int, int)",128,8704,0,208,0,128,"SQ_WAIT_INST_LDS",18007.000000,2683672288286,2683672779446
158,158,"Agent 1",1,21594,21594,8192,17,"pk_gemm(__half const*, __half const*, __half*, int, int, int)",128,8704,0,208,0,128,"SQC_LDS_BANK_CONFLICT",524288.000000,2683672815233,2683673325989
158,158,"Agent 1",1,21594,21594,8192,17,"pk_gemm(__half const*, __half const*, __half*, int, int, int)",128,8704,0,208,0,128,"SQC_LDS_IDX_ACTIVE",4194304.000000,2683672815233,2683673325989
158,158,"Agent 1",1,21594,21594,8192,17,"pk_gemm(__half const*, __half const*, __half*, int, int, int)",128,8704,0,208,0,128,"SQ_INSTS_LDS",1310720.000000,2683672815233,2683673325989
158,158,"Agent 1",1,21594,21594,8192,17,"pk_gemm(__half const*, __half const*, __half*, int, int, int)",128,8704,0,208,0,128,"SQ_WAIT_INST_LDS",16900.000000,2683672815233,2683673325989
159,159,"Agent 1",1,21594,21594,8192,17,"pk_gemm(__half const*, __half const*, __half*, int, int, int)",128,8704,0,208,0,128,"SQC_LDS_BANK_CONFLICT",524288.000000,2683673361255,2683673865038
159,159,"Agent 1",1,21594,21594,8192,17,"pk_gemm(__half const*, __half const*, __half*, int, int, int)",128,8704,0,208,0,128,"SQC_LDS_IDX_ACTIVE",4194304.000000,2683673361255,2683673865038
159,159,"Agent 1",1,21594,21594,8192,17,"pk_gemm(__half const*, __half const*, __half*, int, int, int)",128,8704,0,208,0,128,"SQ_INSTS_LDS",1310720.000000,2683673361255,2683673865038
159,159,"Agent 1",1,21594,21594,8192,17,"pk_gemm(__half const*, __half const*, __half*, int, int, int)",128,8704,0,208,0,128,"SQ_WAIT_INST_LDS",17473.000000,2683673361255,2683673865038
160,160,"Agent 1",1,21594,21594,8192,17,"pk_gemm(__half const*, __half const*, __half*, int, int, int)",128,8704,0,208,0,128,"SQC_LDS_BANK_CONFLICT",524288.000000,2683673899984,2683674398958
160,160,"Agent 1",1,21594,21594,8192,17,"pk_gemm(__half const*, __half const*, __half*, int, int, int)",128,8704,0,208,0,128,"SQC_LDS_IDX_ACTIVE",4194304.000000,2683673899984,2683674398958
160,160,"Agent 1",1,21594,21594,8192,17,"pk_gemm(__half const*, __half const*, __half*, int, int, int)",128,8704,0,208,0,128,"SQ_INSTS_LDS",1310720.000000,2683673899984,2683674398958
160,160,"Agent 1",1,21594,21594,8192,17,"pk_gemm(__half const*, __half const*, __half*, int, int, int)",128,8704,0,208,0,128,"SQ_WAIT_INST_LDS",17545.000000,2683673899984,2683674398958
161,161,"Agent 1",1,21594,21594,8192,17,"pk_gemm(__half const*, __half const*, __half*, int, int, int)",128,8704,0,208,0,128,"SQC_LDS_BANK_CONFLICT",524288.000000,2683674432581,2683674926786
161,161,"Agent 1",1,21594,21594,8192,17,"pk_gemm(__half const*, __half const*, __half*, int, int, int)",128,8704,0,208,0,128,"SQC_LDS_IDX_ACTIVE",4194304.000000,2683674432581,2683674926786
161,161,"Agent 1",1,21594,21594,8192,17,"pk_gemm(__half const*, __half const*, __half*, int, int, int)",128,8704,0,208,0,128,"SQ_INSTS_LDS",1310720.000000,2683674432581,2683674926786
161,161,"Agent 1",1,21594,21594,8192,17,"pk_gemm(__half const*, __half const*, __half*, int, int, int)",128,8704,0,208,0,128,"SQ_WAIT_INST_LDS",18181.000000,2683674432581,2683674926786
162,162,"Agent 1",1,21594,21594,8192,17,"pk_gemm(__half const*, __half const*, __half*, int, int, int)",128,8704,0,208,0,128,"SQC_LDS_BANK_CONFLICT",524288.000000,2683674959968,2683675439826
162,162,"Agent 1",1,21594,21594,8192,17,"pk_gemm(__half const*, __half const*, __half*, int, int, int)",128,8704,0,208,0,128,"SQC_LDS_IDX_ACTIVE",4194304.000000,2683674959968,2683675439826
162,162,"Agent 1",1,21594,21594,8192,17,"pk_gemm(__half const*, __half const*, __half*, int, int, int)",128,8704,0,208,0,128,"SQ_INSTS_LDS",1310720.000000,2683674959968,2683675439826
162,162,"Agent 1",1,21594,21594,8192,17,"pk_gemm(__half const*, __half const*, __half*, int, int, int)",128,8704,0,208,0,128,"SQ_WAIT_INST_LDS",19370.000000,2683674959968,2683675439826
163,163,"Agent 1",1,21594,21594,8192,17,"pk_gemm(__half const*, __half const*, __half*, int, int, int)",128,8704,0,208,0,128,"SQC_LDS_BANK_CONFLICT",524288.000000,2683675473970,2683675967214
163,163,"Agent 1",1,21594,21594,8192,17,"pk_gemm(__half const*, __half const*, __half*, int, int, int)",128,8704,0,208,0,128,"SQC_LDS_IDX_ACTIVE",4194304.000000,2683675473970,2683675967214
163,163,"Agent 1",1,21594,21594,8192,17,"pk_gemm(__half const*, __half const*, __half*, int, int, int)",128,8704,0,208,0,128,"SQ_INSTS_LDS",1310720.000000,2683675473970,2683675967214
163,163,"Agent 1",1,21594,21594,8192,17,"pk_gemm(__half const*, __half const*, __half*, int, int, int)",128,8704,0,208,0,128,"SQ_WAIT_INST_LDS",17891.000000,2683675473970,2683675967214
164,164,"Agent 1",1,21594,21594,8192,17,"pk_gemm(__half const*, __half const*, __half*, int, int, int)",128,8704,0,208,0,128,"SQC_LDS_BANK_CONFLICT",524288.000000,2683675999915,2683676491515
164,164,"Agent 1",1,21594,21594,8192,17,"pk_gemm(__half const*, __half const*, __half*, int, int, int)",128,8704,0,208,0,128,"SQC_LDS_IDX_ACTIVE",4194304.000000,2683675999915,2683676491515
164,164,"Agent 1",1,21594,21594,8192,17,"pk_gemm(__half const*, __half const*, __half*, int, int, int)",128,8704,0,208,0,128,"SQ_INSTS_LDS",1310720.000000,2683675999915,2683676491515
164,164,"Agent 1",1,21594,21594,8192,17,"pk_gemm(__half const*, __half const*, __half*, int, int, int)",128,8704,0,208,0,128,"SQ_WAIT_INST_LDS",18724.000000,2683675999915,2683676491515
165,165,"Agent 1",1,21594,21594,8192,17,"pk_gemm(__half const*, __half const*, __half*, int, int, int)",128,8704,0,208,0,128,"SQC_LDS_BANK_CONFLICT",524288.000000,2683676524216,2683677016177
165,165,"Agent 1",1,21594,21594,8192,17,"pk_gemm(__half const*, __half const*, __half*, int, int, int)",128,8704,0,208,0,128,"SQC_LDS_IDX_ACTIVE",4194304.000000,2683676524216,2683677016177
165,165,"Agent 1",1,21594,21594,8192,17,"pk_gemm(__half const*, __half const*, __half*, int, int, int)",128,8704,0,208,0,128,"SQ_INSTS_LDS",1310720.000000,2683676524216,2683677016177
165,165,"Agent 1",1,21594,21594,8192,17,"pk_gemm(__half const*, __half const*, __half*, int, int, int)",128,8704,0,208,0,128,"SQ_WAIT_INST_LDS",18118.000000,2683676524216,2683677016177
166,166,"Agent 1",1,21594,21594,8192,17,"pk_gemm(__half const*, __half const*, __half*, int, int, int)",128,8704,0,208,0,128,"SQC_LDS_BANK_CONFLICT",524288.000000,2683677049600,2683677539838
166,166,"Agent 1",1,21594,21594,8192,17,"pk_gemm(__half const*, __half const*, __half*, int, int, int)",128,8704,0,208,0,128,"SQC_LDS_IDX_ACTIVE",4194304.000000,2683677049600,2683677539838
166,166,"Agent 1",1,21594,21594,8192,17,"pk_gemm(__half const*, __half const*, __half*, int, int, int)",128,8704,0,208,0,128,"SQ_INSTS_LDS",1310720.000000,2683677049600,2683677539838
166,166,"Agent 1",1,21594,21594,8192,17,"pk_gemm(__half const*, __half const*, __half*, int, int, int)",128,8704,0,208,0,128,"SQ_WAIT_INST_LDS",18308.000000,2683677049600,2683677539838
167,167,"Agent 1",1,21594,21594,8192,17,"pk_gemm(__half const*, __half const*, __half*, int, int, int)",128,8704,0,208,0,128,"SQC_LDS_BANK_CONFLICT",524288.000000,2683677570856,2683678068027
167,167,"Agent 1",1,21594,21594,8192,17,"pk_gemm(__half const*, __half const*, __half*, int, int, int)",128,8704,0,208,0,128,"SQC_LDS_IDX_ACTIVE",4194304.000000,2683677570856,2683678068027
167,167,"Agent 1",1,21594,21594,8192,17,"pk_gemm(__half const*, __half const*, __half*, int, int, int)",128,8704,0,208,0,128,"SQ_INSTS_LDS",1310720.000000,2683677570856,2683678068027
167,167,"Agent 1",1,21594,21594,8192,17,"pk_gemm(__half const*, __half const*, __half*, int, int, int)",128,8704,0,208,0,128,"SQ_WAIT_INST_LDS",17545.000000,2683677570856,2683678068027
168,168,"Agent 1",1,21594,21594,8192,17,"pk_gemm(__half const*, __half const*, __half*, int, int, int)",128,8704,0,208,0,128,"SQC_LDS_BANK_CONFLICT",524288.000000,2683678121767,2683678619699
168,168,"Agent 1",1,21594,21594,8192,17,"pk_gemm(__half const*, __half const*, __half*, int, int, int)",128,8704,0,208,0,128,"SQC_LDS_IDX_ACTIVE",4194304.000000,2683678121767,2683678619699
168,168,"Agent 1",1,21594,21594,8192,17,"pk_gemm(__half const*, __half const*, __half*, int, int, int)",128,8704,0,208,0,128,"SQ_INSTS_LDS",1310720.000000,2683678121767,2683678619699
168,168,"Agent 1",1,21594,21594,8192,17,"pk_gemm(__half const*, __half const*, __half*, int, int, int)",128,8704,0,208,0,128,"SQ_WAIT_INST_LDS",17259.000000,2683678121767,2683678619699
169,169,"Agent 1",1,21594,21594,8192,17,"pk_gemm(__half const*, __half const*, __half*, int, int, int)",128,8704,0,208,0,128,"SQC_LDS_BANK_CONFLICT",524288.000000,2683678655246,2683679144081
169,169,"Agent 1",1,21594,21594,8192,17,"pk_gemm(__half const*, __half const*, __half*, int, int, int)",128,8704,0,208,0,128,"SQC_LDS_IDX_ACTIVE",4194304.000000,2683678655246,2683679144081
169,169,"Agent 1",1,21594,21594,8192,17,"pk_gemm(__half const*, __half const*, __half*, int, int, int)",128,8704,0,208,0,128,"SQ_INSTS_LDS",1310720.000000,2683678655246,2683679144081
169,169,"Agent 1",1,21594,21594,8192,17,"pk_gemm(__half const*, __half const*, __half*, int, int, int)",128,8704,0,208,0,128,"SQ_WAIT_INST_LDS",18074.000000,2683678655246,2683679144081
170,170,"Agent 1",1,21594,21594,8192,17,"pk_gemm(__half const*, __half const*, __half*, int, int, int)",128,8704,0,208,0,128,"SQC_LDS_BANK_CONFLICT",524288.000000,2683679183876,2683679681086
170,170,"Agent 1",1,21594,21594,8192,17,"pk_gemm(__half const*, __half const*, __half*, int, int, int)",128,8704,0,208,0,128,"SQC_LDS_IDX_ACTIVE",4194304.000000,2683679183876,2683679681086
170,170,"Agent 1",1,21594,21594,8192,17,"pk_gemm(__half const*, __half const*, __half*, int, int, int)",128,8704,0,208,0,128,"SQ_INSTS_LDS",1310720.000000,2683679183876,2683679681086
170,170,"Agent 1",1,21594,21594,8192,17,"pk_gemm(__half const*, __half const*, __half*, int, int, int)",128,8704,0,208,0,128,"SQ_WAIT_INST_LDS",17584.000000,2683679183876,2683679681086
171,171,"Agent 1",1,21594,21594,8192,17,"pk_gemm(__half const*, __half const*, __half*, int, int, int)",128,8704,0,208,0,128,"SQC_LDS_BANK_CONFLICT",524288.000000,2683679720881,2683680228792
171,171,"Agent 1",1,21594,21594,8192,17,"pk_gemm(__half const*, __half const*, __half*, int, int, int)",128,8704,0,208,0,128,"SQC_LDS_IDX_ACTIVE",4194304.000000,2683679720881,2683680228792
171,171,"Agent 1",1,21594,21594,8192,17,"pk_gemm(__half const*, __half const*, __half*, int, int, int)",128,8704,0,208,0,128,"SQ_INSTS_LDS",1310720.000000,2683679720881,2683680228792
171,171,"Agent 1",1,21594,21594,8192,17,"pk_gemm(__half const*, __half const*, __half*, int, int, int)",128,8704,0,208,0,128,"SQ_WAIT_INST_LDS",17884.000000,2683679720881,2683680228792
172,172,"Agent 1",1,21594,21594,8192,17,"pk_gemm(__half const*, __half const*, __half*, int, int, int)",128,8704,0,208,0,128,"SQC_LDS_BANK_CONFLICT",524288.000000,2683680265981,2683680764034
172,172,"Agent 1",1,21594,21594,8192,17,"pk_gemm(__half const*, __half const*, __half*, int, int, int)",128,8704,0,208,0,128,"SQC_LDS_IDX_ACTIVE",4194304.000000,2683680265981,2683680764034
172,172,"Agent 1",1,21594,21594,8192,17,"pk_gemm(__half const*, __half const*, __half*, int, int, int)",128,8704,0,208,0,128,"SQ_INSTS_LDS",1310720.000000,2683680265981,2683680764034
172,172,"Agent 1",1,21594,21594,8192,17,"pk_gemm(__half const*, __half const*, __half*, int, int, int)",128,8704,0,208,0,128,"SQ_WAIT_INST_LDS",17433.000000,2683680265981,2683680764034
173,173,"Agent 1",1,21594,21594,8192,17,"pk_gemm(__half const*, __half const*, __half*, int, int, int)",128,8704,0,208,0,128,"SQC_LDS_BANK_CONFLICT",524288.000000,2683680803388,2683681305648
173,173,"Agent 1",1,21594,21594,8192,17,"pk_gemm(__half const*, __half const*, __half*, int, int, int)",128,8704,0,208,0,128,"SQC_LDS_IDX_ACTIVE",4194304.000000,2683680803388,2683681305648
173,173,"Agent 1",1,21594,21594,8192,17,"pk_gemm(__half const*, __half const*, __half*, int, int, int)",128,8704,0,208,0,128,"SQ_INSTS_LDS",1310720.000000,2683680803388,2683681305648
173,173,"Agent 1",1,21594,21594,8192,17,"pk_gemm(__half const*, __half const*, __half*, int, int, int)",128,8704,0,208,0,128,"SQ_WAIT_INST_LDS",17201.000000,2683680803388,2683681305648
174,174,"Agent 1",1,21594,21594,8192,17,"pk_gemm(__half const*, __half const*, __half*, int, int, int)",128,8704,0,208,0,128,"SQC_LDS_BANK_CONFLICT",524288.000000,2683681345963,2683681833436
174,174,"Agent 1",1,21594,21594,8192,17,"pk_gemm(__half const*, __half const*, __half*, int, int, int)",128,8704,0,208,0,128,"SQC_LDS_IDX_ACTIVE",4194304.000000,2683681345963,2683681833436
174,174,"Agent 1",1,21594,21594,8192,17,"pk_gemm(__half const*, __half const*, __half*, int, int, int)",128,8704,0,208,0,128,"SQ_INSTS_LDS",1310720.000000,2683681345963,2683681833436
174,174,"Agent 1",1,21594,21594,8192,17,"pk_gemm(__half const*, __half const*, __half*, int, int, int)",128,8704,0,208,0,128,"SQ_WAIT_INST_LDS",18947.000000,2683681345963,2683681833436
175,175,"Agent 1",1,21594,21594,8192,17,"pk_gemm(__half const*, __half const*, __half*, int, int, int)",128,8704,0,208,0,128,"SQC_LDS_BANK_CONFLICT",524288.000000,2683681870585,2683682381502
175,175,"Agent 1",1,21594,21594,8192,17,"pk_gemm(__half const*, __half const*, __half*, int, int, int)",128,8704,0,208,0,128,"SQC_LDS_IDX_ACTIVE",4194304.000000,2683681870585,2683682381502
175,175,"Agent 1",1,21594,21594,8192,17,"pk_gemm(__half const*, __half const*, __half*, int, int, int)",128,8704,0,208,0,128,"SQ_INSTS_LDS",1310720.000000,2683681870585,2683682381502
175,175,"Agent 1",1,21594,21594,8192,17,"pk_gemm(__half const*, __half const*, __half*, int, int, int)",128,8704,0,208,0,128,"SQ_WAIT_INST_LDS",17073.000000,2683681870585,2683682381502
176,176,"Agent 1",1,21594,21594,8192,17,"pk_gemm(__half const*, __half const*, __half*, int, int, int)",128,8704,0,208,0,128,"SQC_LDS_BANK_CONFLICT",524288.000000,2683682418171,2683682914059
176,176,"Agent 1",1,21594,21594,8192,17,"pk_gemm(__half const*, __half const*, __half*, int, int, int)",128,8704,0,208,0,128,"SQC_LDS_IDX_ACTIVE",4194304.000000,2683682418171,2683682914059
176,176,"Agent 1",1,21594,21594,8192,17,"pk_gemm(__half const*, __half const*, __half*, int, int, int)",128,8704,0,208,0,128,"SQ_INSTS_LDS",1310720.000000,2683682418171,2683682914059
176,176,"Agent 1",1,21594,21594,8192,17,"pk_gemm(__half const*, __half const*, __half*, int, int, int)",128,8704,0,208,0,128,"SQ_WAIT_INST_LDS",18572.000000,2683682418171,2683682914059
177,177,"Agent 1",1,21594,21594,8192,17,"pk_gemm(__half const*, __half const*, __half*, int, int, int)",128,8704,0,208,0,128,"SQC_LDS_BANK_CONFLICT",524288.000000,2683682951168,2683683432710
177,177,"Agent 1",1,21594,21594,8192,17,"pk_gemm(__half const*, __half const*, __half*, int, int, int)",128,8704,0,208,0,128,"SQC_LDS_IDX_ACTIVE",4194304.000000,2683682951168,2683683432710
177,177,"Agent 1",1,21594,21594,8192,17,"pk_gemm(__half const*, __half const*, __half*, int, int, int)",128,8704,0,208,0,128,"SQ_INSTS_LDS",1310720.000000,2683682951168,2683683432710
177,177,"Agent 1",1,21594,21594,8192,17,"pk_gemm(__half const*, __half const*, __half*, int, int, int)",128,8704,0,208,0,128,"SQ_WAIT_INST_LDS",18728.000000,2683682951168,2683683432710
178,178,"Agent 1",1,21594,21594,8192,17,"pk_gemm(__half const*, __half const*, __half*, int, int, int)",128,8704,0,208,0,128,"SQC_LDS_BANK_CONFLICT",524288.000000,2683683471382,2683683969635
178,178,"Agent 1",1,21594,21594,8192,17,"pk_gemm(__half const*, __half const*, __half*, int, int, int)",128,8704,0,208,0,128,"SQC_LDS_IDX_ACTIVE",4194304.000000,2683683471382,2683683969635
178,178,"Agent 1",1,21594,21594,8192,17,"pk_gemm(__half const*, __half const*, __half*, int, int, int)",128,8704,0,208,0,128,"SQ_INSTS_LDS",1310720.000000,2683683471382,2683683969635
178,178,"Agent 1",1,21594,21594,8192,17,"pk_gemm(__half const*, __half const*, __half*, int, int, int)",128,8704,0,208,0,128,"SQ_WAIT_INST_LDS",17779.000000,2683683471382,2683683969635
179,179,"Agent 1",1,21594,21594,8192,17,"pk_gemm(__half const*, __half const*, __half*, int, int, int)",128,8704,0,208,0,128,"SQC_LDS_BANK_CONFLICT",524288.000000,2683684004260,2683684490771
179,179,"Agent 1",1,21594,21594,8192,17,"pk_gemm(__half const*, __half const*, __half*, int, int, int)",128,8704,0,208,0,128,"SQC_LDS_IDX_ACTIVE",4194304.000000,2683684004260,2683684490771
179,179,"Agent 1",1,21594,21594,8192,17,"pk_gemm(__half const*, __half const*, __half*, int, int, int)",128,8704,0,208,0,128,"SQ_INSTS_LDS",1310720.000000,2683684004260,2683684490771
179,179,"Agent 1",1,21594,21594,8192,17,"pk_gemm(__half const*, __half const*, __half*, int, int, int)",128,8704,0,208,0,128,"SQ_WAIT_INST_LDS",18472.000000,2683684004260,2683684490771
180,180,"Agent 1",1,21594,21594,8192,17,"pk_gemm(__half const*, __half const*, __half*, int, int, int)",128,8704,0,208,0,128,"SQC_LDS_BANK_CONFLICT",524288.000000,2683684527279,2683685013028
180,180,"Agent 1",1,21594,21594,8192,17,"pk_gemm(__half const*, __half const*, __half*, int, int, int)",128,8704,0,208,0,128,"SQC_LDS_IDX_ACTIVE",4194304.000000,2683684527279,2683685013028
180,180,"Agent 1",1,21594,21594,8192,17,"pk_gemm(__half const*, __half const*, __half*, int, int, int)",128,8704,0,208,0,128,"SQ_INSTS_LDS",1310720.000000,2683684527279,2683685013028
180,180,"Agent 1",1,21594,21594,8192,17,"pk_gemm(__half const*, __half const*, __half*, int, int, int)",128,8704,0,208,0,128,"SQ_WAIT_INST_LDS",17873.000000,2683684527279,2683685013028
181,181,"Agent 1",1,21594,21594,8192,17,"pk_gemm(__half const*, __half const*, __half*, int, int, int)",128,8704,0,208,0,128,"SQC_LDS_BANK_CONFLICT",524288.000000,2683685049296,2683685544784
181,181,"Agent 1",1,21594,21594,8192,17,"pk_gemm(__half const*, __half const*, __half*, int, int, int)",128,8704,0,208,0,128,"SQC_LDS_IDX_ACTIVE",4194304.000000,2683685049296,2683685544784
181,181,"Agent 1",1,21594,21594,8192,17,"pk_gemm(__half const*, __half const*, __half*, int, int, int)",128,8704,0,208,0,128,"SQ_INSTS_LDS",1310720.000000,2683685049296,2683685544784
181,181,"Agent 1",1,21594,21594,8192,17,"pk_gemm(__half const*, __half const*, __half*, int, int, int)",128,8704,0,208,0,128,"SQ_WAIT_INST_LDS",18774.000000,2683685049296,2683685544784
182,182,"Agent 1",1,21594,21594,8192,17,"pk_gemm(__half const*, __half const*, __half*, int, int, int)",128,8704,0,208,0,128,"SQC_LDS_BANK_CONFLICT",524288.000000,2683685580331,2683686067282
182,182,"Agent 1",1,21594,21594,8192,17,"pk_gemm(__half const*, __half const*, __half*, int, int, int)",128,8704,0,208,0,128,"SQC_LDS_IDX_ACTIVE",4194304.000000,2683685580331,2683686067282
182,182,"Agent 1",1,21594,21594,8192,17,"pk_gemm(__half const*, __half const*, __half*, int, int, int)",128,8704,0,208,0,128,"SQ_INSTS_LDS",1310720.000000,2683685580331,2683686067282
182,182,"Agent 1",1,21594,21594,8192,17,"pk_gemm(__half const*, __half const*, __half*, int, int, int)",128,8704,0,208,0,128,"SQ_WAIT_INST_LDS",18020.000000,2683685580331,2683686067282
183,183,"Agent 1",1,21594,21594,8192,17,"pk_gemm(__half const*, __half const*, __half*, int, int, int)",128,8704,0,208,0,128,"SQC_LDS_BANK_CONFLICT",524288.000000,2683686101827,2683686594229
183,183,"Agent 1",1,21594,21594,8192,17,"pk_gemm(__half const*, __half const*, __half*, int, int, int)",128,8704,0,208,0,128,"SQC_LDS_IDX_ACTIVE",4194304.000000,2683686101827,2683686594229
183,183,"Agent 1",1,21594,21594,8192,17,"pk_gemm(__half const*, __half const*, __half*, int, int, int)",128,8704,0,208,0,128,"SQ_INSTS_LDS",1310720.000000,2683686101827,2683686594229
183,183,"Agent 1",1,21594,21594,8192,17,"pk_gemm(__half const*, __half const*, __half*, int, int, int)",128,8704,0,208,0,128,"SQ_WAIT_INST_LDS",18070.000000,2683686101827,2683686594229
184,184,"Agent 1",1,21594,21594,8192,17,"pk_gemm(__half const*, __half const*, __half*, int, int, int)",128,8704,0,208,0,128,"SQC_LDS_BANK_CONFLICT",524288.000000,2683686630136,2683687114683
184,184,"Agent 1",1,21594,21594,8192,17,"pk_gemm(__half const*, __half const*, __half*, int, int, int)",128,8704,0,208,0,128,"SQC_LDS_IDX_ACTIVE",4194304.000000,2683686630136,2683687114683
184,184,"Agent 1",1,21594,21594,8192,17,"pk_gemm(__half const*, __half const*, __half*, int, int, int)",128,8704,0,208,0,128,"SQ_INSTS_LDS",1310720.000000,2683686630136,2683687114683
184,184,"Agent 1",1,21594,21594,8192,17,"pk_gemm(__half const*, __half const*, __half*, int, int, int)",128,8704,0,208,0,128,"SQ_WAIT_INST_LDS",18477.000000,2683686630136,2683687114683
185,185,"Agent 1",1,21594,21594,8192,17,"pk_gemm(__half const*, __half const*, __half*, int, int, int)",128,8704,0,208,0,128,"SQC_LDS_BANK_CONFLICT",524288.000000,2683687150189,2683687646519
185,185,"Agent 1",1,21594,21594,8192,17,"pk_gemm(__half const*, __half const*, __half*, int, int, int)",128,8704,0,208,0,128,"SQC_LDS_IDX_ACTIVE",4194304.000000,2683687150189,2683687646519
185,185,"Agent 1",1,21594,21594,8192,17,"pk_gemm(__half const*, __half const*, __half*, int, int, int)",128,8704,0,208,0,128,"SQ_INSTS_LDS",1310720.000000,2683687150189,2683687646519
185,185,"Agent 1",1,21594,21594,8192,17,"pk_gemm(__half const*, __half const*, __half*, int, int, int)",128,8704,0,208,0,128,"SQ_WAIT_INST_LDS",18075.000000,2683687150189,2683687646519
186,186,"Agent 1",1,21594,21594,8192,17,"pk_gemm(__half const*, __half const*, __half*, int, int, int)",128,8704,0,208,0,128,"SQC_LDS_BANK_CONFLICT",524288.000000,2683687681384,2683688172183
186,186,"Agent 1",1,21594,21594,8192,17,"pk_gemm(__half const*, __half const*, __half*, int, int, int)",128,8704,0,208,0,128,"SQC_LDS_IDX_ACTIVE",4194304.000000,2683687681384,2683688172183
186,186,"Agent 1",1,21594,21594,8192,17,"pk_gemm(__half const*, __half const*, __half*, int, int, int)",128,8704,0,208,0,128,"SQ_INSTS_LDS",1310720.000000,2683687681384,2683688172183
186,186,"Agent 1",1,21594,21594,8192,17,"pk_gemm(__half const*, __half const*, __half*, int, int, int)",128,8704,0,208,0,128,"SQ_WAIT_INST_LDS",18497.000000,2683687681384,2683688172183
187,187,"Agent 1",1,21594,21594,8192,17,"pk_gemm(__half const*, __half const*, __half*, int, int, int)",128,8704,0,208,0,128,"SQC_LDS_BANK_CONFLICT",524288.000000,2683688205926,2683688692437
187,187,"Agent 1",1,21594,21594,8192,17,"pk_gemm(__half const*, __half const*, __half*, int, int, int)",128,8704,0,208,0,128,"SQC_LDS_IDX_ACTIVE",4194304.000000,2683688205926,2683688692437
187,187,"Agent 1",1,21594,21594,8192,17,"pk_gemm(__half const*, __half const*, __half*, int, int, int)",128,8704,0,208,0,128,"SQ_INSTS_LDS",1310720.000000,2683688205926,2683688692437
187,187,"Agent 1",1,21594,21594,8192,17,"pk_gemm(__half const*, __half const*, __half*, int, int, int)",128,8704,0,208,0,128,"SQ_WAIT_INST_LDS",18376.000000,2683688205926,2683688692437
188,188,"Agent 1",1,21594,21594,8192,17,"pk_gemm(__half const*, __half const*, __half*, int, int, int)",128,8704,0,208,0,128,"SQC_LDS_BANK_CONFLICT",524288.000000,2683688727222,2683689218301
188,188,"Agent 1",1,21594,21594,8192,17,"pk_gemm(__half const*, __half const*, __half*, int, int, int)",128,8704,0,208,0,128,"SQC_LDS_IDX_ACTIVE",4194304.000000,2683688727222,2683689218301
188,188,"Agent 1",1,21594,21594,8192,17,"pk_gemm(__half const*, __half const*, __half*, int, int, int)",128,8704,0,208,0,128,"SQ_INSTS_LDS",1310720.000000,2683688727222,2683689218301
188,188,"Agent 1",1,21594,21594,8192,17,"pk_gemm(__half const*, __half const*, __half*, int, int, int)",128,8704,0,208,0,128,"SQ_WAIT_INST_LDS",17991.000000,2683688727222,2683689218301
189,189,"Agent 1",1,21594,21594,8192,17,"pk_gemm(__half const*, __half const*, __half*, int, int, int)",128,8704,0,208,0,128,"SQC_LDS_BANK_CONFLICT",524288.000000,2683689251243,2683689733345
189,189,"Agent 1",1,21594,21594,8192,17,"pk_gemm(__half const*, __half const*, __half*, int, int, int)",128,8704,0,208,0,128,"SQC_LDS_IDX_ACTIVE",4194304.000000,2683689251243,2683689733345
189,189,"Agent 1",1,21594,21594,8192,17,"pk_gemm(__half const*, __half const*, __half*, int, int, int)",128,8704,0,208,0,128,"SQ_INSTS_LDS",1310720.000000,2683689251243,2683689733345
189,189,"Agent 1",1,21594,21594,8192,17,"pk_gemm(__half const*, __half const*, __half*, int, int, int)",128,8704,0,208,0,128,"SQ_WAIT_INST_LDS",18893.000000,2683689251243,2683689733345
190,190,"Agent 1",1,21594,21594,8192,17,"pk_gemm(__half const*, __half const*, __half*, int, int, int)",128,8704,0,208,0,128,"SQC_LDS_BANK_CONFLICT",524288.000000,2683689763722,2683690270912
190,190,"Agent 1",1,21594,21594,8192,17,"pk_gemm(__half const*, __half const*, __half*, int, int, int)",128,8704,0,208,0,128,"SQC_LDS_IDX_ACTIVE",4194304.000000,2683689763722,2683690270912
190,190,"Agent 1",1,21594,21594,8192,17,"pk_gemm(__half const*, __half const*, __half*, int, int, int)",128,8704,0,208,0,128,"SQ_INSTS_LDS",1310720.000000,2683689763722,2683690270912
190,190,"Agent 1",1,21594,21594,8192,17,"pk_gemm(__half const*, __half const*, __half*, int, int, int)",128,8704,0,208,0,128,"SQ_WAIT_INST_LDS",16793.000000,2683689763722,2683690270912
191,191,"Agent 1",1,21594,21594,8192,17,"pk_gemm(__half const*, __half const*, __half*, int, int, int)",128,8704,0,208,0,128,"SQC_LDS_BANK_CONFLICT",524288.000000,2683690301730,2683690813167
191,191,"Agent 1",1,21594,21594,8192,17,"pk_gemm(__half const*, __half const*, __half*, int, int, int)",128,8704,0,208,0,128,"SQC_LDS_IDX_ACTIVE",4194304.000000,2683690301730,2683690813167
191,191,"Agent 1",1,21594,21594,8192,17,"pk_gemm(__half const*, __half const*, __half*, int, int, int)",128,8704,0,208,0,128,"SQ_INSTS_LDS",1310720.000000,2683690301730,2683690813167
191,191,"Agent 1",1,21594,21594,8192,17,"pk_gemm(__half const*, __half const*, __half*, int, int, int)",128,8704,0,208,0,128,"SQ_WAIT_INST_LDS",17594.000000,2683690301730,2683690813167
192,192,"Agent 1",1,21594,21594,8192,17,"pk_gemm(__half const*, __half const*, __half*, int, int, int)",128,8704,0,208,0,128,"SQC_LDS_BANK_CONFLICT",524288.000000,2683690845788,2683691338991
192,192,"Agent 1",1,21594,21594,8192,17,"pk_gemm(__half const*, __half const*, __half*, int, int, int)",128,8704,0,208,0,128,"SQC_LDS_IDX_ACTIVE",4194304.000000,2683690845788,2683691338991
192,192,"Agent 1",1,21594,21594,8192,17,"pk_gemm(__half const*, __half const*, __half*, int, int, int)",128,8704,0,208,0,128,"SQ_INSTS_LDS",1310720.000000,2683690845788,2683691338991
192,192,"Agent 1",1,21594,21594,8192,17,"pk_gemm(__half const*, __half const*, __half*, int, int, int)",128,8704,0,208,0,128,"SQ_WAIT_INST_LDS",18071.000000,2683690845788,2683691338991
193,193,"Agent 1",1,21594,21594,8192,17,"pk_gemm(__half const*, __half const*, __half*, int, int, int)",128,8704,0,208,0,128,"SQC_LDS_BANK_CONFLICT",524288.000000,2683691370370,2683691869625
193,193,"Agent 1",1,21594,21594,8192,17,"pk_gemm(__half const*, __half const*, __half*, int, int, int)",128,8704,0,208,0,128,"SQC_LDS_IDX_ACTIVE",4194304.000000,2683691370370,2683691869625
193,193,"Agent 1",1,21594,21594,8192,17,"pk_gemm(__half const*, __half const*, __half*, int, int, int)",128,8704,0,208,0,128,"SQ_INSTS_LDS",1310720.000000,2683691370370,2683691869625
193,193,"Agent 1",1,21594,21594,8192,17,"pk_gemm(__half const*, __half const*, __half*, int, int, int)",128,8704,0,208,0,128,"SQ_WAIT_INST_LDS",18197.000000,2683691370370,2683691869625
194,194,"Agent 1",1,21594,21594,8192,17,"pk_gemm(__half const*, __half const*, __half*, int, int, int)",128,8704,0,208,0,128,"SQC_LDS_BANK_CONFLICT",524288.000000,2683691902807,2683692397052
194,194,"Agent 1",1,21594,21594,8192,17,"pk_gemm(__half const*, __half const*, __half*, int, int, int)",128,8704,0,208,0,128,"SQC_LDS_IDX_ACTIVE",4194304.000000,2683691902807,2683692397052
194,194,"Agent 1",1,21594,21594,8192,17,"pk_gemm(__half const*, __half const*, __half*, int, int, int)",128,8704,0,208,0,128,"SQ_INSTS_LDS",1310720.000000,2683691902807,2683692397052
194,194,"Agent 1",1,21594,21594,8192,17,"pk_gemm(__half const*, __half const*, __half*, int, int, int)",128,8704,0,208,0,128,"SQ_WAIT_INST_LDS",18157.000000,2683691902807,2683692397052
195,195,"Agent 1",1,21594,21594,8192,17,"pk_gemm(__half const*, __half const*, __half*, int, int, int)",128,8704,0,208,0,128,"SQC_LDS_BANK_CONFLICT",524288.000000,2683692427990,2683692928447
195,195,"Agent 1",1,21594,21594,8192,17,"pk_gemm(__half const*, __half const*, __half*, int, int, int)",128,8704,0,208,0,128,"SQC_LDS_IDX_ACTIVE",4194304.000000,2683692427990,2683692928447
195,195,"Agent 1",1,21594,21594,8192,17,"pk_gemm(__half const*, __half const*, __half*, int, int, int)",128,8704,0,208,0,128,"SQ_INSTS_LDS",1310720.000000,2683692427990,2683692928447
195,195,"Agent 1",1,21594,21594,8192,17,"pk_gemm(__half const*, __half const*, __half*, int, int, int)",128,8704,0,208,0,128,"SQ_WAIT_INST_LDS",17468.000000,2683692427990,2683692928447
196,196,"Agent 1",1,21594,21594,8192,17,"pk_gemm(__half const*, __half const*, __half*, int, int, int)",128,8704,0,208,0,128,"SQC_LDS_BANK_CONFLICT",524288.000000,2683692961068,2683693458079
196,196,"Agent 1",1,21594,21594,8192,17,"pk_gemm(__half const*, __half const*, __half*, int, int, int)",128,8704,0,208,0,128,"SQC_LDS_IDX_ACTIVE",4194304.000000,2683692961068,2683693458079
196,196,"Agent 1",1,21594,21594,8192,17,"pk_gemm(__half const*, __half const*, __half*, int, int, int)",128,8704,0,208,0,128,"SQ_INSTS_LDS",1310720.000000,2683692961068,2683693458079
196,196,"Agent 1",1,21594,21594,8192,17,"pk_gemm(__half const*, __half const*, __half*, int, int, int)",128,8704,0,208,0,128,"SQ_WAIT_INST_LDS",18224.000000,2683692961068,2683693458079
197,197,"Agent 1",1,21594,21594,8192,17,"pk_gemm(__half const*, __half const*, __half*, int, int, int)",128,8704,0,208,0,128,"SQC_LDS_BANK_CONFLICT",524288.000000,2683693490219,2683693973203
197,197,"Agent 1",1,21594,21594,8192,17,"pk_gemm(__half const*, __half const*, __half*, int, int, int)",128,8704,0,208,0,128,"SQC_LDS_IDX_ACTIVE",4194304.000000,2683693490219,2683693973203
197,197,"Agent 1",1,21594,21594,8192,17,"pk_gemm(__half const*, __half const*, __half*, int, int, int)",128,8704,0,208,0,128,"SQ_INSTS_LDS",1310720.000000,2683693490219,2683693973203
197,197,"Agent 1",1,21594,21594,8192,17,"pk_gemm(__half const*, __half const*, __half*, int, int, int)",128,8704,0,208,0,128,"SQ_WAIT_INST_LDS",18725.000000,2683693490219,2683693973203
198,198,"Agent 1",1,21594,21594,8192,17,"pk_gemm(__half const*, __half const*, __half*, int, int, int)",128,8704,0,208,0,128,"SQC_LDS_BANK_CONFLICT",524288.000000,2683694033917,2683694540465
198,198,"Agent 1",1,21594,21594,8192,17,"pk_gemm(__half const*, __half const*, __half*, int, int, int)",128,8704,0,208,0,128,"SQC_LDS_IDX_ACTIVE",4194304.000000,2683694033917,2683694540465
198,198,"Agent 1",1,21594,21594,8192,17,"pk_gemm(__half const*, __half const*, __half*, int, int, int)",128,8704,0,208,0,128,"SQ_INSTS_LDS",1310720.000000,2683694033917,2683694540465
198,198,"Agent 1",1,21594,21594,8192,17,"pk_gemm(__half const*, __half const*, __half*, int, int, int)",128,8704,0,208,0,128,"SQ_WAIT_INST_LDS",17129.000000,2683694033917,2683694540465
199,199,"Agent 1",1,21594,21594,8192,17,"pk_gemm(__half const*, __half const*, __half*, int, int, int)",128,8704,0,208,0,128,"SQC_LDS_BANK_CONFLICT",524288.000000,2683694577013,2683695052383
199,199,"Agent 1",1,21594,21594,8192,17,"pk_gemm(__half const*, __half const*, __half*, int, int, int)",128,8704,0,208,0,128,"SQC_LDS_IDX_ACTIVE",4194304.000000,2683694577013,2683695052383
199,199,"Agent 1",1,21594,21594,8192,17,"pk_gemm(__half const*, __half const*, __half*, int, int, int)",128,8704,0,208,0,128,"SQ_INSTS_LDS",1310720.000000,2683694577013,2683695052383
199,199,"Agent 1",1,21594,21594,8192,17,"pk_gemm(__half const*, __half const*, __half*, int, int, int)",128,8704,0,208,0,128,"SQ_WAIT_INST_LDS",19483.000000,2683694577013,2683695052383
200,200,"Agent 1",1,21594,21594,8192,17,"pk_gemm(__half const*, __half const*, __half*, int, int, int)",128,8704,0,208,0,128,"SQC_LDS_BANK_CONFLICT",524288.000000,2683695090374,2683695587746
200,200,"Agent 1",1,21594,21594,8192,17,"pk_gemm(__half const*, __half const*, __half*, int, int, int)",128,8704,0,208,0,128,"SQC_LDS_IDX_ACTIVE",4194304.000000,2683695090374,2683695587746
200,200,"Agent 1",1,21594,21594,8192,17,"pk_gemm(__half const*, __half const*, __half*, int, int, int)",128,8704,0,208,0,128,"SQ_INSTS_LDS",1310720.000000,2683695090374,2683695587746
200,200,"Agent 1",1,21594,21594,8192,17,"pk_gemm(__half const*, __half const*, __half*, int, int, int)",128,8704,0,208,0,128,"SQ_WAIT_INST_LDS",17578.000000,2683695090374,2683695587746
201,201,"Agent 1",1,21594,21594,8192,17,"pk_gemm(__half const*, __half const*, __half*, int, int, int)",128,8704,0,208,0,128,"SQC_LDS_BANK_CONFLICT",524288.000000,2683695628021,2683696134289
201,201,"Agent 1",1,21594,21594,8192,17,"pk_gemm(__half const*, __half const*, __half*, int, int, int)",128,8704,0,208,0,128,"SQC_LDS_IDX_ACTIVE",4194304.000000,2683695628021,2683696134289
201,201,"Agent 1",1,21594,21594,8192,17,"pk_gemm(__half const*, __half const*, __half*, int, int, int)",128,8704,0,208,0,128,"SQ_INSTS_LDS",1310720.000000,2683695628021,2683696134289
201,201,"Agent 1",1,21594,21594,8192,17,"pk_gemm(__half const*, __half const*, __half*, int, int, int)",128,8704,0,208,0,128,"SQ_WAIT_INST_LDS",17861.000000,2683695628021,2683696134289
202,202,"Agent 1",1,21594,21594,8192,17,"pk_gemm(__half const*, __half const*, __half*, int, int, int)",128,8704,0,208,0,128,"SQC_LDS_BANK_CONFLICT",524288.000000,2683696171398,2683696665603
202,202,"Agent 1",1,21594,21594,8192,17,"pk_gemm(__half const*, __half const*, __half*, int, int, int)",128,8704,0,208,0,128,"SQC_LDS_IDX_ACTIVE",4194304.000000,2683696171398,2683696665603
202,202,"Agent 1",1,21594,21594,8192,17,"pk_gemm(__half const*, __half const*, __half*, int, int, int)",128,8704,0,208,0,128,"SQ_INSTS_LDS",1310720.000000,2683696171398,2683696665603
202,202,"Agent 1",1,21594,21594,8192,17,"pk_gemm(__half const*, __half const*, __half*, int, int, int)",128,8704,0,208,0,128,"SQ_WAIT_INST_LDS",18062.000000,2683696171398,2683696665603
203,203,"Agent 1",1,21594,21594,8192,17,"pk_gemm(__half const*, __half const*, __half*, int, int, int)",128,8704,0,208,0,128,"SQC_LDS_BANK_CONFLICT",524288.000000,2683696705157,2683697209021
203,203,"Agent 1",1,21594,21594,8192,17,"pk_gemm(__half const*, __half const*, __half*, int, int, int)",128,8704,0,208,0,128,"SQC_LDS_IDX_ACTIVE",4194304.000000,2683696705157,2683697209021
203,203,"Agent 1",1,21594,21594,8192,17,"pk_gemm(__half const*, __half const*, __half*, int, int, int)",128,8704,0,208,0,128,"SQ_INSTS_LDS",1310720.000000,2683696705157,2683697209021
203,203,"Agent 1",1,21594,21594,8192,17,"pk_gemm(__half const*, __half const*, __half*, int, int, int)",128,8704,0,208,0,128,"SQ_WAIT_INST_LDS",17130.000000,2683696705157,2683697209021
204,204,"Agent 1",1,21594,21594,8192,17,"pk_gemm(__half const*, __half const*, __half*, int, int, int)",128,8704,0,208,0,128,"SQC_LDS_BANK_CONFLICT",524288.000000,2683697248535,2683697735607
204,204,"Agent 1",1,21594,21594,8192,17,"pk_gemm(__half const*, __half const*, __half*, int, int, int)",128,8704,0,208,0,128,"SQC_LDS_IDX_ACTIVE",4194304.000000,2683697248535,2683697735607
204,204,"Agent 1",1,21594,21594,8192,17,"pk_gemm(__half const*, __half const*, __half*, int, int, int)",128,8704,0,208,0,128,"SQ_INSTS_LDS",1310720.000000,2683697248535,2683697735607
204,204,"Agent 1",1,21594,21594,8192,17,"pk_gemm(__half const*, __half const*, __half*, int, int, int)",128,8704,0,208,0,128,"SQ_WAIT_INST_LDS",18373.000000,2683697248535,2683697735607
205,205,"Agent 1",1,21594,21594,8192,17,"pk_gemm(__half const*, __half const*, __half*, int, int, int)",128,8704,0,208,0,128,"SQC_LDS_BANK_CONFLICT",524288.000000,2683697771434,2683698273534
205,205,"Agent 1",1,21594,21594,8192,17,"pk_gemm(__half const*, __half const*, __half*, int, int, int)",128,8704,0,208,0,128,"SQC_LDS_IDX_ACTIVE",4194304.000000,2683697771434,2683698273534
205,205,"Agent 1",1,21594,21594,8192,17,"pk_gemm(__half const*, __half const*, __half*, int, int, int)",128,8704,0,208,0,128,"SQ_INSTS_LDS",1310720.000000,2683697771434,2683698273534
205,205,"Agent 1",1,21594,21594,8192,17,"pk_gemm(__half const*, __half const*, __half*, int, int, int)",128,8704,0,208,0,128,"SQ_WAIT_INST_LDS",17376.000000,2683697771434,2683698273534
206,206,"Agent 1",1,21594,21594,8192,17,"pk_gemm(__half const*, __half const*, __half*, int, int, int)",128,8704,0,208,0,128,"SQC_LDS_BANK_CONFLICT",524288.000000,2683698313689,2683698818314
206,206,"Agent 1",1,21594,21594,8192,17,"pk_gemm(__half const*, __half const*, __half*, int, int, int)",128,8704,0,208,0,128,"SQC_LDS_IDX_ACTIVE",4194304.000000,2683698313689,2683698818314
206,206,"Agent 1",1,21594,21594,8192,17,"pk_gemm(__half const*, __half const*, __half*, int, int, int)",128,8704,0,208,0,128,"SQ_INSTS_LDS",1310720.000000,2683698313689,2683698818314
206,206,"Agent 1",1,21594,21594,8192,17,"pk_gemm(__half const*, __half const*, __half*, int, int, int)",128,8704,0,208,0,128,"SQ_WAIT_INST_LDS",17750.000000,2683698313689,2683698818314
207,207,"Agent 1",1,21594,21594,8192,17,"pk_gemm(__half const*, __half const*, __half*, int, int, int)",128,8704,0,208,0,128,"SQC_LDS_BANK_CONFLICT",524288.000000,2683698856425,2683699344298
207,207,"Agent 1",1,21594,21594,8192,17,"pk_gemm(__half const*, __half const*, __half*, int, int, int)",128,8704,0,208,0,128,"SQC_LDS_IDX_ACTIVE",4194304.000000,2683698856425,2683699344298
207,207,"Agent 1",1,21594,21594,8192,17,"pk_gemm(__half const*, __half const*, __half*, int, int, int)",128,8704,0,208,0,128,"SQ_INSTS_LDS",1310720.000000,2683698856425,2683699344298
207,207,"Agent 1",1,21594,21594,8192,17,"pk_gemm(__half const*, __half const*, __half*, int, int, int)",128,8704,0,208,0,128,"SQ_WAIT_INST_LDS",18198.000000,2683698856425,2683699344298
208,208,"Agent 1",1,21594,21594,8192,17,"pk_gemm(__half const*, __half const*, __half*, int, int, int)",128,8704,0,208,0,128,"SQC_LDS_BANK_CONFLICT",524288.000000,2683699381167,2683699878619
208,208,"Agent 1",1,21594,21594,8192,17,"pk_gemm(__half const*, __half const*, __half*, int, int, int)",128,8704,0,208,0,128,"SQC_LDS_IDX_ACTIVE",4194304.000000,2683699381167,2683699878619
208,208,"Agent 1",1,21594,21594,8192,17,"pk_gemm(__half const*, __half const*, __half*, int, int, int)",128,8704,0,208,0,128,"SQ_INSTS_LDS",1310720.000000,2683699381167,2683699878619
208,208,"Agent 1",1,21594,21594,8192,17,"pk_gemm(__half const*, __half const*, __half*, int, int, int)",128,8704,0,208,0,128,"SQ_WAIT_INST_LDS",17731.000000,2683699381167,2683699878619
209,209,"Agent 1",1,21594,21594,8192,17,"pk_gemm(__half const*, __half const*, __half*, int, int, int)",128,8704,0,208,0,128,"SQC_LDS_BANK_CONFLICT",524288.000000,2683699915568,2683700422477
209,209,"Agent 1",1,21594,21594,8192,17,"pk_gemm(__half const*, __half const*, __half*, int, int, int)",128,8704,0,208,0,128,"SQC_LDS_IDX_ACTIVE",4194304.000000,2683699915568,2683700422477
209,209,"Agent 1",1,21594,21594,8192,17,"pk_gemm(__half const*, __half const*, __half*, int, int, int)",128,8704,0,208,0,128,"SQ_INSTS_LDS",1310720.000000,2683699915568,2683700422477
209,209,"Agent 1",1,21594,21594,8192,17,"pk_gemm(__half const*, __half const*, __half*, int, int, int)",128,8704,0,208,0,128,"SQ_WAIT_INST_LDS",17570.000000,2683699915568,2683700422477
210,210,"Agent 1",1,21594,21594,8192,17,"pk_gemm(__half const*, __half const*, __half*, int, int, int)",128,8704,0,208,0,128,"SQC_LDS_BANK_CONFLICT",524288.000000,2683700460388,2683700942771
210,210,"Agent 1",1,21594,21594,8192,17,"pk_gemm(__half const*, __half const*, __half*, int, int, int)",128,8704,0,208,0,128,"SQC_LDS_IDX_ACTIVE",4194304.000000,2683700460388,2683700942771
210,210,"Agent 1",1,21594,21594,8192,17,"pk_gemm(__half const*, __half const*, __half*, int, int, int)",128,8704,0,208,0,128,"SQ_INSTS_LDS",1310720.000000,2683700460388,2683700942771
210,210,"Agent 1",1,21594,21594,8192,17,"pk_gemm(__half const*, __half const*, __half*, int, int, int)",128,8704,0,208,0,128,"SQ_WAIT_INST_LDS",18196.000000,2683700460388,2683700942771
211,211,"Agent 1",1,21594,21594,8192,17,"pk_gemm(__half const*, __half const*, __half*, int, int, int)",128,8704,0,208,0,128,"SQC_LDS_BANK_CONFLICT",524288.000000,2683700978878,2683701469717
211,211,"Agent 1",1,21594,21594,8192,17,"pk_gemm(__half const*, __half const*, __half*, int, int, int)",128,8704,0,208,0,128,"SQC_LDS_IDX_ACTIVE",4194304.000000,2683700978878,2683701469717
211,211,"Agent 1",1,21594,21594,8192,17,"pk_gemm(__half const*, __half const*, __half*, int, int, int)",128,8704,0,208,0,128,"SQ_INSTS_LDS",1310720.000000,2683700978878,2683701469717
211,211,"Agent 1",1,21594,21594,8192,17,"pk_gemm(__half const*, __half const*, __half*, int, int, int)",128,8704,0,208,0,128,"SQ_WAIT_INST_LDS",18911.000000,2683700978878,2683701469717
212,212,"Agent 1",1,21594,21594,8192,17,"pk_gemm(__half const*, __half const*, __half*, int, int, int)",128,8704,0,208,0,128,"SQC_LDS_BANK_CONFLICT",524288.000000,2683701500936,2683701992015
212,212,"Agent 1",1,21594,21594,8192,17,"pk_gemm(__half const*, __half const*, __half*, int, int, int)",128,8704,0,208,0,128,"SQC_LDS_IDX_ACTIVE",4194304.000000,2683701500936,2683701992015
212,212,"Agent 1",1,21594,21594,8192,17,"pk_gemm(__half const*, __half const*, __half*, int, int, int)",128,8704,0,208,0,128,"SQ_INSTS_LDS",1310720.000000,2683701500936,2683701992015
212,212,"Agent 1",1,21594,21594,8192,17,"pk_gemm(__half const*, __half const*, __half*, int, int, int)",128,8704,0,208,0,128,"SQ_WAIT_INST_LDS",18175.000000,2683701500936,2683701992015
213,213,"Agent 1",1,21594,21594,8192,17,"pk_gemm(__half const*, __half const*, __half*, int, int, int)",128,8704,0,208,0,128,"SQC_LDS_BANK_CONFLICT",524288.000000,2683702024115,2683702534390
213,213,"Agent 1",1,21594,21594,8192,17,"pk_gemm(__half const*, __half const*, __half*, int, int, int)",128,8704,0,208,0,128,"SQC_LDS_IDX_ACTIVE",4194304.000000,2683702024115,2683702534390
213,213,"Agent 1",1,21594,21594,8192,17,"pk_gemm(__half const*, __half const*, __half*, int, int, int)",128,8704,0,208,0,128,"SQ_INSTS_LDS",1310720.000000,2683702024115,2683702534390
213,213,"Agent 1",1,21594,21594,8192,17,"pk_gemm(__half const*, __half const*, __half*, int, int, int)",128,8704,0,208,0,128,"SQ_WAIT_INST_LDS",17080.000000,2683702024115,2683702534390
214,214,"Agent 1",1,21594,21594,8192,17,"pk_gemm(__half const*, __half const*, __half*, int, int, int)",128,8704,0,208,0,128,"SQC_LDS_BANK_CONFLICT",524288.000000,2683702566571,2683703059173
214,214,"Agent 1",1,21594,21594,8192,17,"pk_gemm(__half const*, __half const*, __half*, int, int, int)",128,8704,0,208,0,128,"SQC_LDS_IDX_ACTIVE",4194304.000000,2683702566571,2683703059173
214,214,"Agent 1",1,21594,21594,8192,17,"pk_gemm(__half const*, __half const*, __half*, int, int, int)",128,8704,0,208,0,128,"SQ_INSTS_LDS",1310720.000000,2683702566571,2683703059173
214,214,"Agent 1",1,21594,21594,8192,17,"pk_gemm(__half const*, __half const*, __half*, int, int, int)",128,8704,0,208,0,128,"SQ_WAIT_INST_LDS",18336.000000,2683702566571,2683703059173
215,215,"Agent 1",1,21594,21594,8192,17,"pk_gemm(__half const*, __half const*, __half*, int, int, int)",128,8704,0,208,0,128,"SQC_LDS_BANK_CONFLICT",524288.000000,2683703092275,2683703596499
215,215,"Agent 1",1,21594,21594,8192,17,"pk_gemm(__half const*, __half const*, __half*, int, int, int)",128,8704,0,208,0,128,"SQC_LDS_IDX_ACTIVE",4194304.000000,2683703092275,2683703596499
215,215,"Agent 1",1,21594,21594,8192,17,"pk_gemm(__half const*, __half const*, __half*, int, int, int)",128,8704,0,208,0,128,"SQ_INSTS_LDS",1310720.000000,2683703092275,2683703596499
215,215,"Agent 1",1,21594,21594,8192,17,"pk_gemm(__half const*, __half const*, __half*, int, int, int)",128,8704,0,208,0,128,"SQ_WAIT_INST_LDS",17266.000000,2683703092275,2683703596499
216,216,"Agent 1",1,21594,21594,8192,17,"pk_gemm(__half const*, __half const*, __half*, int, int, int)",128,8704,0,208,0,128,"SQC_LDS_BANK_CONFLICT",524288.000000,2683703627998,2683704134666
216,216,"Agent 1",1,21594,21594,8192,17,"pk_gemm(__half const*, __half const*, __half*, int, int, int)",128,8704,0,208,0,128,"SQC_LDS_IDX_ACTIVE",4194304.000000,2683703627998,2683704134666
216,216,"Agent 1",1,21594,21594,8192,17,"pk_gemm(__half const*, __half const*, __half*, int, int, int)",128,8704,0,208,0,128,"SQ_INSTS_LDS",1310720.000000,2683703627998,2683704134666
216,216,"Agent 1",1,21594,21594,8192,17,"pk_gemm(__half const*, __half const*, __half*, int, int, int)",128,8704,0,208,0,128,"SQ_WAIT_INST_LDS",17545.000000,2683703627998,2683704134666
217,217,"Agent 1",1,21594,21594,8192,17,"pk_gemm(__half const*, __half const*, __half*, int, int, int)",128,8704,0,208,0,128,"SQC_LDS_BANK_CONFLICT",524288.000000,2683704166165,2683704648949
217,217,"Agent 1",1,21594,21594,8192,17,"pk_gemm(__half const*, __half const*, __half*, int, int, int)",128,8704,0,208,0,128,"SQC_LDS_IDX_ACTIVE",4194304.000000,2683704166165,2683704648949
217,217,"Agent 1",1,21594,21594,8192,17,"pk_gemm(__half const*, __half const*, __half*, int, int, int)",128,8704,0,208,0,128,"SQ_INSTS_LDS",1310720.000000,2683704166165,2683704648949
217,217,"Agent 1",1,21594,21594,8192,17,"pk_gemm(__half const*, __half const*, __half*, int, int, int)",128,8704,0,208,0,128,"SQ_WAIT_INST_LDS",18283.000000,2683704166165,2683704648949
218,218,"Agent 1",1,21594,21594,8192,17,"pk_gemm(__half const*, __half const*, __half*, int, int, int)",128,8704,0,208,0,128,"SQC_LDS_BANK_CONFLICT",524288.000000,2683704679486,2683705193248
218,218,"Agent 1",1,21594,21594,8192,17,"pk_gemm(__half const*, __half const*, __half*, int, int, int)",128,8704,0,208,0,128,"SQC_LDS_IDX_ACTIVE",4194304.000000,2683704679486,2683705193248
218,218,"Agent 1",1,21594,21594,8192,17,"pk_gemm(__half const*, __half const*, __half*, int, int, int)",128,8704,0,208,0,128,"SQ_INSTS_LDS",1310720.000000,2683704679486,2683705193248
218,218,"Agent 1",1,21594,21594,8192,17,"pk_gemm(__half const*, __half const*, __half*, int, int, int)",128,8704,0,208,0,128,"SQ_WAIT_INST_LDS",17381.000000,2683704679486,2683705193248
219,219,"Agent 1",1,21594,21594,8192,17,"pk_gemm(__half const*, __half const*, __half*, int, int, int)",128,8704,0,208,0,128,"SQC_LDS_BANK_CONFLICT",524288.000000,2683705224747,2683705720876
219,219,"Agent 1",1,21594,21594,8192,17,"pk_gemm(__half const*, __half const*, __half*, int, int, int)",128,8704,0,208,0,128,"SQC_LDS_IDX_ACTIVE",4194304.000000,2683705224747,2683705720876
219,219,"Agent 1",1,21594,21594,8192,17,"pk_gemm(__half const*, __half const*, __half*, int, int, int)",128,8704,0,208,0,128,"SQ_INSTS_LDS",1310720.000000,2683705224747,2683705720876
219,219,"Agent 1",1,21594,21594,8192,17,"pk_gemm(__half const*, __half const*, __half*, int, int, int)",128,8704,0,208,0,128,"SQ_WAIT_INST_LDS",17998.000000,2683705224747,2683705720876
220,220,"Agent 1",1,21594,21594,8192,17,"pk_gemm(__half const*, __half const*, __half*, int, int, int)",128,8704,0,208,0,128,"SQC_LDS_BANK_CONFLICT",524288.000000,2683705754138,2683706234998
220,220,"Agent 1",1,21594,21594,8192,17,"pk_gemm(__half const*, __half const*, __half*, int, int, int)",128,8704,0,208,0,128,"SQC_LDS_IDX_ACTIVE",4194304.000000,2683705754138,2683706234998
220,220,"Agent 1",1,21594,21594,8192,17,"pk_gemm(__half const*, __half const*, __half*, int, int, int)",128,8704,0,208,0,128,"SQ_INSTS_LDS",1310720.000000,2683705754138,2683706234998
220,220,"Agent 1",1,21594,21594,8192,17,"pk_gemm(__half const*, __half const*, __half*, int, int, int)",128,8704,0,208,0,128,"SQ_WAIT_INST_LDS",18272.000000,2683705754138,2683706234998
221,221,"Agent 1",1,21594,21594,8192,17,"pk_gemm(__half const*, __half const*, __half*, int, int, int)",128,8704,0,208,0,128,"SQC_LDS_BANK_CONFLICT",524288.000000,2683706266618,2683706773246
221,221,"Agent 1",1,21594,21594,8192,17,"pk_gemm(__half const*, __half const*, __half*, int, int, int)",128,8704,0,208,0,128,"SQC_LDS_IDX_ACTIVE",4194304.000000,2683706266618,2683706773246
221,221,"Agent 1",1,21594,21594,8192,17,"pk_gemm(__half const*, __half const*, __half*, int, int, int)",128,8704,0,208,0,128,"SQ_INSTS_LDS",1310720.000000,2683706266618,2683706773246
221,221,"Agent 1",1,21594,21594,8192,17,"pk_gemm(__half const*, __half const*, __half*, int, int, int)",128,8704,0,208,0,128,"SQ_WAIT_INST_LDS",17434.000000,2683706266618,2683706773246
222,222,"Agent 1",1,21594,21594,8192,17,"pk_gemm(__half const*, __half const*, __half*, int, int, int)",128,8704,0,208,0,128,"SQC_LDS_BANK_CONFLICT",524288.000000,2683706804505,2683707301956
222,222,"Agent 1",1,21594,21594,8192,17,"pk_gemm(__half const*, __half const*, __half*, int, int, int)",128,8704,0,208,0,128,"SQC_LDS_IDX_ACTIVE",4194304.000000,2683706804505,2683707301956
222,222,"Agent 1",1,21594,21594,8192,17,"pk_gemm(__half const*, __half const*, __half*, int, int, int)",128,8704,0,208,0,128,"SQ_INSTS_LDS",1310720.000000,2683706804505,2683707301956
222,222,"Agent 1",1,21594,21594,8192,17,"pk_gemm(__half const*, __half const*, __half*, int, int, int)",128,8704,0,208,0,128,"SQ_WAIT_INST_LDS",18060.000000,2683706804505,2683707301956
223,223,"Agent 1",1,21594,21594,8192,17,"pk_gemm(__half const*, __half const*, __half*, int, int, int)",128,8704,0,208,0,128,"SQC_LDS_BANK_CONFLICT",524288.000000,2683707332934,2683707847738
223,223,"Agent 1",1,21594,21594,8192,17,"pk_gemm(__half const*, __half const*, __half*, int, int, int)",128,8704,0,208,0,128,"SQC_LDS_IDX_ACTIVE",4194304.000000,2683707332934,2683707847738
223,223,"Agent 1",1,21594,21594,8192,17,"pk_gemm(__half const*, __half const*, __half*, int, int, int)",128,8704,0,208,0,128,"SQ_INSTS_LDS",1310720.000000,2683707332934,2683707847738
223,223,"Agent 1",1,21594,21594,8192,17,"pk_gemm(__half const*, __half const*, __half*, int, int, int)",128,8704,0,208,0,128,"SQ_WAIT_INST_LDS",16730.000000,2683707332934,2683707847738
224,224,"Agent 1",1,21594,21594,8192,17,"pk_gemm(__half const*, __half const*, __half*, int, int, int)",128,8704,0,208,0,128,"SQC_LDS_BANK_CONFLICT",524288.000000,2683707878315,2683708377289
224,224,"Agent 1",1,21594,21594,8192,17,"pk_gemm(__half const*, __half const*, __half*, int, int, int)",128,8704,0,208,0,128,"SQC_LDS_IDX_ACTIVE",4194304.000000,2683707878315,2683708377289
224,224,"Agent 1",1,21594,21594,8192,17,"pk_gemm(__half const*, __half const*, __half*, int, int, int)",128,8704,0,208,0,128,"SQ_INSTS_LDS",1310720.000000,2683707878315,2683708377289
224,224,"Agent 1",1,21594,21594,8192,17,"pk_gemm(__half const*, __half const*, __half*, int, int, int)",128,8704,0,208,0,128,"SQ_WAIT_INST_LDS",18069.000000,2683707878315,2683708377289
225,225,"Agent 1",1,21594,21594,8192,17,"pk_gemm(__half const*, __half const*, __half*, int, int, int)",128,8704,0,208,0,128,"SQC_LDS_BANK_CONFLICT",524288.000000,2683708407906,2683708907001
225,225,"Agent 1",1,21594,21594,8192,17,"pk_gemm(__half const*, __half const*, __half*, int, int, int)",128,8704,0,208,0,128,"SQC_LDS_IDX_ACTIVE",4194304.000000,2683708407906,2683708907001
225,225,"Agent 1",1,21594,21594,8192,17,"pk_gemm(__half const*, __half const*, __half*, int, int, int)",128,8704,0,208,0,128,"SQ_INSTS_LDS",1310720.000000,2683708407906,2683708907001
225,225,"Agent 1",1,21594,21594,8192,17,"pk_gemm(__half const*, __half const*, __half*, int, int, int)",128,8704,0,208,0,128,"SQ_WAIT_INST_LDS",17443.000000,2683708407906,2683708907001
226,226,"Agent 1",1,21594,21594,8192,17,"pk_gemm(__half const*, __half const*, __half*, int, int, int)",128,8704,0,208,0,128,"SQC_LDS_BANK_CONFLICT",524288.000000,2683708937859,2683709446491
226,226,"Agent 1",1,21594,21594,8192,17,"pk_gemm(__half const*, __half const*, __half*, int, int, int)",128,8704,0,208,0,128,"SQC_LDS_IDX_ACTIVE",4194304.000000,2683708937859,2683709446491
226,226,"Agent 1",1,21594,21594,8192,17,"pk_gemm(__half const*, __half const*, __half*, int, int, int)",128,8704,0,208,0,128,"SQ_INSTS_LDS",1310720.000000,2683708937859,2683709446491
226,226,"Agent 1",1,21594,21594,8192,17,"pk_gemm(__half const*, __half const*, __half*, int, int, int)",128,8704,0,208,0,128,"SQ_WAIT_INST_LDS",17777.000000,2683708937859,2683709446491
227,227,"Agent 1",1,21594,21594,8192,17,"pk_gemm(__half const*, __half const*, __half*, int, int, int)",128,8704,0,208,0,128,"SQC_LDS_BANK_CONFLICT",524288.000000,2683709476186,2683709962336
227,227,"Agent 1",1,21594,21594,8192,17,"pk_gemm(__half const*, __half const*, __half*, int, int, int)",128,8704,0,208,0,128,"SQC_LDS_IDX_ACTIVE",4194304.000000,2683709476186,2683709962336
227,227,"Agent 1",1,21594,21594,8192,17,"pk_gemm(__half const*, __half const*, __half*, int, int, int)",128,8704,0,208,0,128,"SQ_INSTS_LDS",1310720.000000,2683709476186,2683709962336
227,227,"Agent 1",1,21594,21594,8192,17,"pk_gemm(__half const*, __half const*, __half*, int, int, int)",128,8704,0,208,0,128,"SQ_WAIT_INST_LDS",18284.000000,2683709476186,2683709962336
228,228,"Agent 1",1,21594,21594,8192,17,"pk_gemm(__half const*, __half const*, __half*, int, int, int)",128,8704,0,208,0,128,"SQC_LDS_BANK_CONFLICT",524288.000000,2683710011589,2683710512366
228,228,"Agent 1",1,21594,21594,8192,17,"pk_gemm(__half const*, __half const*, __half*, int, int, int)",128,8704,0,208,0,128,"SQC_LDS_IDX_ACTIVE",4194304.000000,2683710011589,2683710512366
228,228,"Agent 1",1,21594,21594,8192,17,"pk_gemm(__half const*, __half const*, __half*, int, int, int)",128,8704,0,208,0,128,"SQ_INSTS_LDS",1310720.000000,2683710011589,2683710512366
228,228,"Agent 1",1,21594,21594,8192,17,"pk_gemm(__half const*, __half const*, __half*, int, int, int)",128,8704,0,208,0,128,"SQ_WAIT_INST_LDS",17970.000000,2683710011589,2683710512366
229,229,"Agent 1",1,21594,21594,8192,17,"pk_gemm(__half const*, __half const*, __half*, int, int, int)",128,8704,0,208,0,128,"SQC_LDS_BANK_CONFLICT",524288.000000,2683710549275,2683711031618
229,229,"Agent 1",1,21594,21594,8192,17,"pk_gemm(__half const*, __half const*, __half*, int, int, int)",128,8704,0,208,0,128,"SQC_LDS_IDX_ACTIVE",4194304.000000,2683710549275,2683711031618
229,229,"Agent 1",1,21594,21594,8192,17,"pk_gemm(__half const*, __half const*, __half*, int, int, int)",128,8704,0,208,0,128,"SQ_INSTS_LDS",1310720.000000,2683710549275,2683711031618
229,229,"Agent 1",1,21594,21594,8192,17,"pk_gemm(__half const*, __half const*, __half*, int, int, int)",128,8704,0,208,0,128,"SQ_WAIT_INST_LDS",19384.000000,2683710549275,2683711031618
230,230,"Agent 1",1,21594,21594,8192,17,"pk_gemm(__half const*, __half const*, __half*, int, int, int)",128,8704,0,208,0,128,"SQC_LDS_BANK_CONFLICT",524288.000000,2683711067806,2683711569866
230,230,"Agent 1",1,21594,21594,8192,17,"pk_gemm(__half const*, __half const*, __half*, int, int, int)",128,8704,0,208,0,128,"SQC_LDS_IDX_ACTIVE",4194304.000000,2683711067806,2683711569866
230,230,"Agent 1",1,21594,21594,8192,17,"pk_gemm(__half const*, __half const*, __half*, int, int, int)",128,8704,0,208,0,128,"SQ_INSTS_LDS",1310720.000000,2683711067806,2683711569866
230,230,"Agent 1",1,21594,21594,8192,17,"pk_gemm(__half const*, __half const*, __half*, int, int, int)",128,8704,0,208,0,128,"SQ_WAIT_INST_LDS",17298.000000,2683711067806,2683711569866
231,231,"Agent 1",1,21594,21594,8192,17,"pk_gemm(__half const*, __half const*, __half*, int, int, int)",128,8704,0,208,0,128,"SQC_LDS_BANK_CONFLICT",524288.000000,2683711606214,2683712097494
231,231,"Agent 1",1,21594,21594,8192,17,"pk_gemm(__half const*, __half const*, __half*, int, int, int)",128,8704,0,208,0,128,"SQC_LDS_IDX_ACTIVE",4194304.000000,2683711606214,2683712097494
231,231,"Agent 1",1,21594,21594,8192,17,"pk_gemm(__half const*, __half const*, __half*, int, int, int)",128,8704,0,208,0,128,"SQ_INSTS_LDS",1310720.000000,2683711606214,2683712097494
231,231,"Agent 1",1,21594,21594,8192,17,"pk_gemm(__half const*, __half const*, __half*, int, int, int)",128,8704,0,208,0,128,"SQ_WAIT_INST_LDS",18844.000000,2683711606214,2683712097494
232,232,"Agent 1",1,21594,21594,8192,17,"pk_gemm(__half const*, __half const*, __half*, int, int, int)",128,8704,0,208,0,128,"SQC_LDS_BANK_CONFLICT",524288.000000,2683712134964,2683712628127
232,232,"Agent 1",1,21594,21594,8192,17,"pk_gemm(__half const*, __half const*, __half*, int, int, int)",128,8704,0,208,0,128,"SQC_LDS_IDX_ACTIVE",4194304.000000,2683712134964,2683712628127
232,232,"Agent 1",1,21594,21594,8192,17,"pk_gemm(__half const*, __half const*, __half*, int, int, int)",128,8704,0,208,0,128,"SQ_INSTS_LDS",1310720.000000,2683712134964,2683712628127
232,232,"Agent 1",1,21594,21594,8192,17,"pk_gemm(__half const*, __half const*, __half*, int, int, int)",128,8704,0,208,0,128,"SQ_WAIT_INST_LDS",17808.000000,2683712134964,2683712628127
233,233,"Agent 1",1,21594,21594,8192,17,"pk_gemm(__half const*, __half const*, __half*, int, int, int)",128,8704,0,208,0,128,"SQC_LDS_BANK_CONFLICT",524288.000000,2683712662792,2683713164291
233,233,"Agent 1",1,21594,21594,8192,17,"pk_gemm(__half const*, __half const*, __half*, int, int, int)",128,8704,0,208,0,128,"SQC_LDS_IDX_ACTIVE",4194304.000000,2683712662792,2683713164291
233,233,"Agent 1",1,21594,21594,8192,17,"pk_gemm(__half const*, __half const*, __half*, int, int, int)",128,8704,0,208,0,128,"SQ_INSTS_LDS",1310720.000000,2683712662792,2683713164291
233,233,"Agent 1",1,21594,21594,8192,17,"pk_gemm(__half const*, __half const*, __half*, int, int, int)",128,8704,0,208,0,128,"SQ_WAIT_INST_LDS",17931.000000,2683712662792,2683713164291
234,234,"Agent 1",1,21594,21594,8192,17,"pk_gemm(__half const*, __half const*, __half*, int, int, int)",128,8704,0,208,0,128,"SQC_LDS_BANK_CONFLICT",524288.000000,2683713202482,2683713683703
234,234,"Agent 1",1,21594,21594,8192,17,"pk_gemm(__half const*, __half const*, __half*, int, int, int)",128,8704,0,208,0,128,"SQC_LDS_IDX_ACTIVE",4194304.000000,2683713202482,2683713683703
234,234,"Agent 1",1,21594,21594,8192,17,"pk_gemm(__half const*, __half const*, __half*, int, int, int)",128,8704,0,208,0,128,"SQ_INSTS_LDS",1310720.000000,2683713202482,2683713683703
234,234,"Agent 1",1,21594,21594,8192,17,"pk_gemm(__half const*, __half const*, __half*, int, int, int)",128,8704,0,208,0,128,"SQ_WAIT_INST_LDS",18185.000000,2683713202482,2683713683703
235,235,"Agent 1",1,21594,21594,8192,17,"pk_gemm(__half const*, __half const*, __half*, int, int, int)",128,8704,0,208,0,128,"SQC_LDS_BANK_CONFLICT",524288.000000,2683713721414,2683714234094
235,235,"Agent 1",1,21594,21594,8192,17,"pk_gemm(__half const*, __half const*, __half*, int, int, int)",128,8704,0,208,0,128,"SQC_LDS_IDX_ACTIVE",4194304.000000,2683713721414,2683714234094
235,235,"Agent 1",1,21594,21594,8192,17,"pk_gemm(__half const*, __half const*, __half*, int, int, int)",128,8704,0,208,0,128,"SQ_INSTS_LDS",1310720.000000,2683713721414,2683714234094
235,235,"Agent 1",1,21594,21594,8192,17,"pk_gemm(__half const*, __half const*, __half*, int, int, int)",128,8704,0,208,0,128,"SQ_WAIT_INST_LDS",16595.000000,2683713721414,2683714234094
236,236,"Agent 1",1,21594,21594,8192,17,"pk_gemm(__half const*, __half const*, __half*, int, int, int)",128,8704,0,208,0,128,"SQC_LDS_BANK_CONFLICT",524288.000000,2683714268638,2683714772702
236,236,"Agent 1",1,21594,21594,8192,17,"pk_gemm(__half const*, __half const*, __half*, int, int, int)",128,8704,0,208,0,128,"SQC_LDS_IDX_ACTIVE",4194304.000000,2683714268638,2683714772702
236,236,"Agent 1",1,21594,21594,8192,17,"pk_gemm(__half const*, __half const*, __half*, int, int, int)",128,8704,0,208,0,128,"SQ_INSTS_LDS",1310720.000000,2683714268638,2683714772702
236,236,"Agent 1",1,21594,21594,8192,17,"pk_gemm(__half const*, __half const*, __half*, int, int, int)",128,8704,0,208,0,128,"SQ_WAIT_INST_LDS",18146.000000,2683714268638,2683714772702
237,237,"Agent 1",1,21594,21594,8192,17,"pk_gemm(__half const*, __half const*, __half*, int, int, int)",128,8704,0,208,0,128,"SQC_LDS_BANK_CONFLICT",524288.000000,2683714807407,2683715313795
237,237,"Agent 1",1,21594,21594,8192,17,"pk_gemm(__half const*, __half const*, __half*, int, int, int)",128,8704,0,208,0,128,"SQC_LDS_IDX_ACTIVE",4194304.000000,2683714807407,2683715313795
237,237,"Agent 1",1,21594,21594,8192,17,"pk_gemm(__half const*, __half const*, __half*, int, int, int)",128,8704,0,208,0,128,"SQ_INSTS_LDS",1310720.000000,2683714807407,2683715313795
237,237,"Agent 1",1,21594,21594,8192,17,"pk_gemm(__half const*, __half const*, __half*, int, int, int)",128,8704,0,208,0,128,"SQ_WAIT_INST_LDS",17174.000000,2683714807407,2683715313795
238,238,"Agent 1",1,21594,21594,8192,17,"pk_gemm(__half const*, __half const*, __half*, int, int, int)",128,8704,0,208,0,128,"SQC_LDS_BANK_CONFLICT",524288.000000,2683715347899,2683715860979
238,238,"Agent 1",1,21594,21594,8192,17,"pk_gemm(__half const*, __half const*, __half*, int, int, int)",128,8704,0,208,0,128,"SQC_LDS_IDX_ACTIVE",4194304.000000,2683715347899,2683715860979
238,238,"Agent 1",1,21594,21594,8192,17,"pk_gemm(__half const*, __half const*, __half*, int, int, int)",128,8704,0,208,0,128,"SQ_INSTS_LDS",1310720.000000,2683715347899,2683715860979
238,238,"Agent 1",1,21594,21594,8192,17,"pk_gemm(__half const*, __half const*, __half*, int, int, int)",128,8704,0,208,0,128,"SQ_WAIT_INST_LDS",17156.000000,2683715347899,2683715860979
239,239,"Agent 1",1,21594,21594,8192,17,"pk_gemm(__half const*, __half const*, __half*, int, int, int)",128,8704,0,208,0,128,"SQC_LDS_BANK_CONFLICT",524288.000000,2683715893240,2683716373699
239,239,"Agent 1",1,21594,21594,8192,17,"pk_gemm(__half const*, __half const*, __half*, int, int, int)",128,8704,0,208,0,128,"SQC_LDS_IDX_ACTIVE",4194304.000000,2683715893240,2683716373699
239,239,"Agent 1",1,21594,21594,8192,17,"pk_gemm(__half const*, __half const*, __half*, int, int, int)",128,8704,0,208,0,128,"SQ_INSTS_LDS",1310720.000000,2683715893240,2683716373699
239,239,"Agent 1",1,21594,21594,8192,17,"pk_gemm(__half const*, __half const*, __half*, int, int, int)",128,8704,0,208,0,128,"SQ_WAIT_INST_LDS",18542.000000,2683715893240,2683716373699
240,240,"Agent 1",1,21594,21594,8192,17,"pk_gemm(__half const*, __half const*, __half*, int, int, int)",128,8704,0,208,0,128,"SQC_LDS_BANK_CONFLICT",524288.000000,2683716408404,2683716905936
240,240,"Agent 1",1,21594,21594,8192,17,"pk_gemm(__half const*, __half const*, __half*, int, int, int)",128,8704,0,208,0,128,"SQC_LDS_IDX_ACTIVE",4194304.000000,2683716408404,2683716905936
240,240,"Agent 1",1,21594,21594,8192,17,"pk_gemm(__half const*, __half const*, __half*, int, int, int)",128,8704,0,208,0,128,"SQ_INSTS_LDS",1310720.000000,2683716408404,2683716905936
240,240,"Agent 1",1,21594,21594,8192,17,"pk_gemm(__half const*, __half const*, __half*, int, int, int)",128,8704,0,208,0,128,"SQ_WAIT_INST_LDS",17921.000000,2683716408404,2683716905936
241,241,"Agent 1",1,21594,21594,8192,17,"pk_gemm(__half const*, __half const*, __half*, int, int, int)",128,8704,0,208,0,128,"SQC_LDS_BANK_CONFLICT",524288.000000,2683716938837,2683717436529
241,241,"Agent 1",1,21594,21594,8192,17,"pk_gemm(__half const*, __half const*, __half*, int, int, int)",128,8704,0,208,0,128,"SQC_LDS_IDX_ACTIVE",4194304.000000,2683716938837,2683717436529
241,241,"Agent 1",1,21594,21594,8192,17,"pk_gemm(__half const*, __half const*, __half*, int, int, int)",128,8704,0,208,0,128,"SQ_INSTS_LDS",1310720.000000,2683716938837,2683717436529
241,241,"Agent 1",1,21594,21594,8192,17,"pk_gemm(__half const*, __half const*, __half*, int, int, int)",128,8704,0,208,0,128,"SQ_WAIT_INST_LDS",18083.000000,2683716938837,2683717436529
242,242,"Agent 1",1,21594,21594,8192,17,"pk_gemm(__half const*, __half const*, __half*, int, int, int)",128,8704,0,208,0,128,"SQC_LDS_BANK_CONFLICT",524288.000000,2683717470192,2683717959628
242,242,"Agent 1",1,21594,21594,8192,17,"pk_gemm(__half const*, __half const*, __half*, int, int, int)",128,8704,0,208,0,128,"SQC_LDS_IDX_ACTIVE",4194304.000000,2683717470192,2683717959628
242,242,"Agent 1",1,21594,21594,8192,17,"pk_gemm(__half const*, __half const*, __half*, int, int, int)",128,8704,0,208,0,128,"SQ_INSTS_LDS",1310720.000000,2683717470192,2683717959628
242,242,"Agent 1",1,21594,21594,8192,17,"pk_gemm(__half const*, __half const*, __half*, int, int, int)",128,8704,0,208,0,128,"SQ_WAIT_INST_LDS",18333.000000,2683717470192,2683717959628
243,243,"Agent 1",1,21594,21594,8192,17,"pk_gemm(__half const*, __half const*, __half*, int, int, int)",128,8704,0,208,0,128,"SQC_LDS_BANK_CONFLICT",524288.000000,2683717992410,2683718504569
243,243,"Agent 1",1,21594,21594,8192,17,"pk_gemm(__half const*, __half const*, __half*, int, int, int)",128,8704,0,208,0,128,"SQC_LDS_IDX_ACTIVE",4194304.000000,2683717992410,2683718504569
243,243,"Agent 1",1,21594,21594,8192,17,"pk_gemm(__half const*, __half const*, __half*, int, int, int)",128,8704,0,208,0,128,"SQ_INSTS_LDS",1310720.000000,2683717992410,2683718504569
243,243,"Agent 1",1,21594,21594,8192,17,"pk_gemm(__half const*, __half const*, __half*, int, int, int)",128,8704,0,208,0,128,"SQ_WAIT_INST_LDS",17442.000000,2683717992410,2683718504569
244,244,"Agent 1",1,21594,21594,8192,17,"pk_gemm(__half const*, __half const*, __half*, int, int, int)",128,8704,0,208,0,128,"SQC_LDS_BANK_CONFLICT",524288.000000,2683718537951,2683719020374
244,244,"Agent 1",1,21594,21594,8192,17,"pk_gemm(__half const*, __half const*, __half*, int, int, int)",128,8704,0,208,0,128,"SQC_LDS_IDX_ACTIVE",4194304.000000,2683718537951,2683719020374
244,244,"Agent 1",1,21594,21594,8192,17,"pk_gemm(__half const*, __half const*, __half*, int, int, int)",128,8704,0,208,0,128,"SQ_INSTS_LDS",1310720.000000,2683718537951,2683719020374
244,244,"Agent 1",1,21594,21594,8192,17,"pk_gemm(__half const*, __half const*, __half*, int, int, int)",128,8704,0,208,0,128,"SQ_WAIT_INST_LDS",18811.000000,2683718537951,2683719020374
245,245,"Agent 1",1,21594,21594,8192,17,"pk_gemm(__half const*, __half const*, __half*, int, int, int)",128,8704,0,208,0,128,"SQC_LDS_BANK_CONFLICT",524288.000000,2683719053957,2683719552611
245,245,"Agent 1",1,21594,21594,8192,17,"pk_gemm(__half const*, __half const*, __half*, int, int, int)",128,8704,0,208,0,128,"SQC_LDS_IDX_ACTIVE",4194304.000000,2683719053957,2683719552611
245,245,"Agent 1",1,21594,21594,8192,17,"pk_gemm(__half const*, __half const*, __half*, int, int, int)",128,8704,0,208,0,128,"SQ_INSTS_LDS",1310720.000000,2683719053957,2683719552611
245,245,"Agent 1",1,21594,21594,8192,17,"pk_gemm(__half const*, __half const*, __half*, int, int, int)",128,8704,0,208,0,128,"SQ_WAIT_INST_LDS",17215.000000,2683719053957,2683719552611
246,246,"Agent 1",1,21594,21594,8192,17,"pk_gemm(__half const*, __half const*, __half*, int, int, int)",128,8704,0,208,0,128,"SQC_LDS_BANK_CONFLICT",524288.000000,2683719585512,2683720074628
246,246,"Agent 1",1,21594,21594,8192,17,"pk_gemm(__half const*, __half const*, __half*, int, int, int)",128,8704,0,208,0,128,"SQC_LDS_IDX_ACTIVE",4194304.000000,2683719585512,2683720074628
246,246,"Agent 1",1,21594,21594,8192,17,"pk_gemm(__half const*, __half const*, __half*, int, int, int)",128,8704,0,208,0,128,"SQ_INSTS_LDS",1310720.000000,2683719585512,2683720074628
246,246,"Agent 1",1,21594,21594,8192,17,"pk_gemm(__half const*, __half const*, __half*, int, int, int)",128,8704,0,208,0,128,"SQ_WAIT_INST_LDS",18682.000000,2683719585512,2683720074628
247,247,"Agent 1",1,21594,21594,8192,17,"pk_gemm(__half const*, __half const*, __half*, int, int, int)",128,8704,0,208,0,128,"SQC_LDS_BANK_CONFLICT",524288.000000,2683720106688,2683720602817
247,247,"Agent 1",1,21594,21594,8192,17,"pk_gemm(__half const*, __half const*, __half*, int, int, int)",128,8704,0,208,0,128,"SQC_LDS_IDX_ACTIVE",4194304.000000,2683720106688,2683720602817
247,247,"Agent 1",1,21594,21594,8192,17,"pk_gemm(__half const*, __half const*, __half*, int, int, int)",128,8704,0,208,0,128,"SQ_INSTS_LDS",1310720.000000,2683720106688,2683720602817
247,247,"Agent 1",1,21594,21594,8192,17,"pk_gemm(__half const*, __half const*, __half*, int, int, int)",128,8704,0,208,0,128,"SQ_WAIT_INST_LDS",17560.000000,2683720106688,2683720602817
248,248,"Agent 1",1,21594,21594,8192,17,"pk_gemm(__half const*, __half const*, __half*, int, int, int)",128,8704,0,208,0,128,"SQC_LDS_BANK_CONFLICT",524288.000000,2683720635157,2683721126397
248,248,"Agent 1",1,21594,21594,8192,17,"pk_gemm(__half const*, __half const*, __half*, int, int, int)",128,8704,0,208,0,128,"SQC_LDS_IDX_ACTIVE",4194304.000000,2683720635157,2683721126397
248,248,"Agent 1",1,21594,21594,8192,17,"pk_gemm(__half const*, __half const*, __half*, int, int, int)",128,8704,0,208,0,128,"SQ_INSTS_LDS",1310720.000000,2683720635157,2683721126397
248,248,"Agent 1",1,21594,21594,8192,17,"pk_gemm(__half const*, __half const*, __half*, int, int, int)",128,8704,0,208,0,128,"SQ_WAIT_INST_LDS",18103.000000,2683720635157,2683721126397
249,249,"Agent 1",1,21594,21594,8192,17,"pk_gemm(__half const*, __half const*, __half*, int, int, int)",128,8704,0,208,0,128,"SQC_LDS_BANK_CONFLICT",524288.000000,2683721159739,2683721634709
249,249,"Agent 1",1,21594,21594,8192,17,"pk_gemm(__half const*, __half const*, __half*, int, int, int)",128,8704,0,208,0,128,"SQC_LDS_IDX_ACTIVE",4194304.000000,2683721159739,2683721634709
249,249,"Agent 1",1,21594,21594,8192,17,"pk_gemm(__half const*, __half const*, __half*, int, int, int)",128,8704,0,208,0,128,"SQ_INSTS_LDS",1310720.000000,2683721159739,2683721634709
249,249,"Agent 1",1,21594,21594,8192,17,"pk_gemm(__half const*, __half const*, __half*, int, int, int)",128,8704,0,208,0,128,"SQ_WAIT_INST_LDS",19278.000000,2683721159739,2683721634709
250,250,"Agent 1",1,21594,21594,8192,17,"pk_gemm(__half const*, __half const*, __half*, int, int, int)",128,8704,0,208,0,128,"SQC_LDS_BANK_CONFLICT",524288.000000,2683721664986,2683722157388
250,250,"Agent 1",1,21594,21594,8192,17,"pk_gemm(__half const*, __half const*, __half*, int, int, int)",128,8704,0,208,0,128,"SQC_LDS_IDX_ACTIVE",4194304.000000,2683721664986,2683722157388
250,250,"Agent 1",1,21594,21594,8192,17,"pk_gemm(__half const*, __half const*, __half*, int, int, int)",128,8704,0,208,0,128,"SQ_INSTS_LDS",1310720.000000,2683721664986,2683722157388
250,250,"Agent 1",1,21594,21594,8192,17,"pk_gemm(__half const*, __half const*, __half*, int, int, int)",128,8704,0,208,0,128,"SQ_WAIT_INST_LDS",18074.000000,2683721664986,2683722157388
251,251,"Agent 1",1,21594,21594,8192,17,"pk_gemm(__half const*, __half const*, __half*, int, int, int)",128,8704,0,208,0,128,"SQC_LDS_BANK_CONFLICT",524288.000000,2683722192293,2683722691828
251,251,"Agent 1",1,21594,21594,8192,17,"pk_gemm(__half const*, __half const*, __half*, int, int, int)",128,8704,0,208,0,128,"SQC_LDS_IDX_ACTIVE",4194304.000000,2683722192293,2683722691828
251,251,"Agent 1",1,21594,21594,8192,17,"pk_gemm(__half const*, __half const*, __half*, int, int, int)",128,8704,0,208,0,128,"SQ_INSTS_LDS",1310720.000000,2683722192293,2683722691828
251,251,"Agent 1",1,21594,21594,8192,17,"pk_gemm(__half const*, __half const*, __half*, int, int, int)",128,8704,0,208,0,128,"SQ_WAIT_INST_LDS",17830.000000,2683722192293,2683722691828
252,252,"Agent 1",1,21594,21594,8192,17,"pk_gemm(__half const*, __half const*, __half*, int, int, int)",128,8704,0,208,0,128,"SQC_LDS_BANK_CONFLICT",524288.000000,2683722723167,2683723205510
252,252,"Agent 1",1,21594,21594,8192,17,"pk_gemm(__half const*, __half const*, __half*, int, int, int)",128,8704,0,208,0,128,"SQC_LDS_IDX_ACTIVE",4194304.000000,2683722723167,2683723205510
252,252,"Agent 1",1,21594,21594,8192,17,"pk_gemm(__half const*, __half const*, __half*, int, int, int)",128,8704,0,208,0,128,"SQ_INSTS_LDS",1310720.000000,2683722723167,2683723205510
252,252,"Agent 1",1,21594,21594,8192,17,"pk_gemm(__half const*, __half const*, __half*, int, int, int)",128,8704,0,208,0,128,"SQ_WAIT_INST_LDS",18859.000000,2683722723167,2683723205510
253,253,"Agent 1",1,21594,21594,8192,17,"pk_gemm(__half const*, __half const*, __half*, int, int, int)",128,8704,0,208,0,128,"SQC_LDS_BANK_CONFLICT",524288.000000,2683723236768,2683723741513
253,253,"Agent 1",1,21594,21594,8192,17,"pk_gemm(__half const*, __half const*, __half*, int, int, int)",128,8704,0,208,0,128,"SQC_LDS_IDX_ACTIVE",4194304.000000,2683723236768,2683723741513
253,253,"Agent 1",1,21594,21594,8192,17,"pk_gemm(__half const*, __half const*, __half*, int, int, int)",128,8704,0,208,0,128,"SQ_INSTS_LDS",1310720.000000,2683723236768,2683723741513
253,253,"Agent 1",1,21594,21594,8192,17,"pk_gemm(__half const*, __half const*, __half*, int, int, int)",128,8704,0,208,0,128,"SQ_WAIT_INST_LDS",17724.000000,2683723236768,2683723741513
254,254,"Agent 1",1,21594,21594,8192,17,"pk_gemm(__half const*, __half const*, __half*, int, int, int)",128,8704,0,208,0,128,"SQC_LDS_BANK_CONFLICT",524288.000000,2683723772451,2683724258561
254,254,"Agent 1",1,21594,21594,8192,17,"pk_gemm(__half const*, __half const*, __half*, int, int, int)",128,8704,0,208,0,128,"SQC_LDS_IDX_ACTIVE",4194304.000000,2683723772451,2683724258561
254,254,"Agent 1",1,21594,21594,8192,17,"pk_gemm(__half const*, __half const*, __half*, int, int, int)",128,8704,0,208,0,128,"SQ_INSTS_LDS",1310720.000000,2683723772451,2683724258561
254,254,"Agent 1",1,21594,21594,8192,17,"pk_gemm(__half const*, __half const*, __half*, int, int, int)",128,8704,0,208,0,128,"SQ_WAIT_INST_LDS",18952.000000,2683723772451,2683724258561
255,255,"Agent 1",1,21594,21594,8192,17,"pk_gemm(__half const*, __half const*, __half*, int, int, int)",128,8704,0,208,0,128,"SQC_LDS_BANK_CONFLICT",524288.000000,2683724289379,2683724785107
255,255,"Agent 1",1,21594,21594,8192,17,"pk_gemm(__half const*, __half const*, __half*, int, int, int)",128,8704,0,208,0,128,"SQC_LDS_IDX_ACTIVE",4194304.000000,2683724289379,2683724785107
255,255,"Agent 1",1,21594,21594,8192,17,"pk_gemm(__half const*, __half const*, __half*, int, int, int)",128,8704,0,208,0,128,"SQ_INSTS_LDS",1310720.000000,2683724289379,2683724785107
255,255,"Agent 1",1,21594,21594,8192,17,"pk_gemm(__half const*, __half const*, __half*, int, int, int)",128,8704,0,208,0,128,"SQ_WAIT_INST_LDS",17118.000000,2683724289379,2683724785107
256,256,"Agent 1",1,21594,21594,8192,17,"pk_gemm(__half const*, __half const*, __half*, int, int, int)",128,8704,0,208,0,128,"SQC_LDS_BANK_CONFLICT",524288.000000,2683724815804,2683725313576
256,256,"Agent 1",1,21594,21594,8192,17,"pk_gemm(__half const*, __half const*, __half*, int, int, int)",128,8704,0,208,0,128,"SQC_LDS_IDX_ACTIVE",4194304.000000,2683724815804,2683725313576
256,256,"Agent 1",1,21594,21594,8192,17,"pk_gemm(__half const*, __half const*, __half*, int, int, int)",128,8704,0,208,0,128,"SQ_INSTS_LDS",1310720.000000,2683724815804,2683725313576
256,256,"Agent 1",1,21594,21594,8192,17,"pk_gemm(__half const*, __half const*, __half*, int, int, int)",128,8704,0,208,0,128,"SQ_WAIT_INST_LDS",18249.000000,2683724815804,2683725313576
257,257,"Agent 1",1,21594,21594,8192,17,"pk_gemm(__half const*, __half const*, __half*, int, int, int)",128,8704,0,208,0,128,"SQC_LDS_BANK_CONFLICT",524288.000000,2683725343512,2683725835554
257,257,"Agent 1",1,21594,21594,8192,17,"pk_gemm(__half const*, __half const*, __half*, int, int, int)",128,8704,0,208,0,128,"SQC_LDS_IDX_ACTIVE",4194304.000000,2683725343512,2683725835554
257,257,"Agent 1",1,21594,21594,8192,17,"pk_gemm(__half const*, __half const*, __half*, int, int, int)",128,8704,0,208,0,128,"SQ_INSTS_LDS",1310720.000000,2683725343512,2683725835554
257,257,"Agent 1",1,21594,21594,8192,17,"pk_gemm(__half const*, __half const*, __half*, int, int, int)",128,8704,0,208,0,128,"SQ_WAIT_INST_LDS",17443.000000,2683725343512,2683725835554
258,258,"Agent 1",1,21594,21594,32768,17,"pk_gemm(__half const*, __half const*, __half*, int, int, int)",128,8704,0,208,0,128,"SQC_LDS_BANK_CONFLICT",4194304.000000,2683834993261,2683841763016
258,258,"Agent 1",1,21594,21594,32768,17,"pk_gemm(__half const*, __half const*, __half*, int, int, int)",128,8704,0,208,0,128,"SQC_LDS_IDX_ACTIVE",33554432.000000,2683834993261,2683841763016
258,258,"Agent 1",1,21594,21594,32768,17,"pk_gemm(__half const*, __half const*, __half*, int, int, int)",128,8704,0,208,0,128,"SQ_INSTS_LDS",10485760.000000,2683834993261,2683841763016
258,258,"Agent 1",1,21594,21594,32768,17,"pk_gemm(__half const*, __half const*, __half*, int, int, int)",128,8704,0,208,0,128,"SQ_WAIT_INST_LDS",190466.000000,2683834993261,2683841763016
259,259,"Agent 1",1,21594,21594,32768,17,"pk_gemm(__half const*, __half const*, __half*, int, int, int)",128,8704,0,208,0,128,"SQC_LDS_BANK_CONFLICT",4194304.000000,2683841801447,2683847848730
259,259,"Agent 1",1,21594,21594,32768,17,"pk_gemm(__half const*, __half const*, __half*, int, int, int)",128,8704,0,208,0,128,"SQC_LDS_IDX_ACTIVE",33554432.000000,2683841801447,2683847848730
259,259,"Agent 1",1,21594,21594,32768,17,"pk_gemm(__half const*, __half const*, __half*, int, int, int)",128,8704,0,208,0,128,"SQ_INSTS_LDS",10485760.000000,2683841801447,2683847848730
259,259,"Agent 1",1,21594,21594,32768,17,"pk_gemm(__half const*, __half const*, __half*, int, int, int)",128,8704,0,208,0,128,"SQ_WAIT_INST_LDS",180572.000000,2683841801447,2683847848730
260,260,"Agent 1",1,21594,21594,32768,17,"pk_gemm(__half const*, __half const*, __half*, int, int, int)",128,8704,0,208,0,128,"SQC_LDS_BANK_CONFLICT",4194304.000000,2683847880309,2683854164154
260,260,"Agent 1",1,21594,21594,32768,17,"pk_gemm(__half const*, __half const*, __half*, int, int, int)",128,8704,0,208,0,128,"SQC_LDS_IDX_ACTIVE",33554432.000000,2683847880309,2683854164154
260,260,"Agent 1",1,21594,21594,32768,17,"pk_gemm(__half const*, __half const*, __half*, int, int, int)",128,8704,0,208,0,128,"SQ_INSTS_LDS",10485760.000000,2683847880309,2683854164154
260,260,"Agent 1",1,21594,21594,32768,17,"pk_gemm(__half const*, __half const*, __half*, int, int, int)",128,8704,0,208,0,128,"SQ_WAIT_INST_LDS",203687.000000,2683847880309,2683854164154
261,261,"Agent 1",1,21594,21594,32768,17,"pk_gemm(__half const*, __half const*, __half*, int, int, int)",128,8704,0,208,0,128,"SQC_LDS_BANK_CONFLICT",4194304.000000,2683854194812,2683861181533
261,261,"Agent 1",1,21594,21594,32768,17,"pk_gemm(__half const*, __half const*, __half*, int, int, int)",128,8704,0,208,0,128,"SQC_LDS_IDX_ACTIVE",33554432.000000,2683854194812,2683861181533
261,261,"Agent 1",1,21594,21594,32768,17,"pk_gemm(__half const*, __half const*, __half*, int, int, int)",128,8704,0,208,0,128,"SQ_INSTS_LDS",10485760.000000,2683854194812,2683861181533
261,261,"Agent 1",1,21594,21594,32768,17,"pk_gemm(__half const*, __half const*, __half*, int, int, int)",128,8704,0,208,0,128,"SQ_WAIT_INST_LDS",175441.000000,2683854194812,2683861181533
262,262,"Agent 1",1,21594,21594,32768,17,"pk_gemm(__half const*, __half const*, __half*, int, int, int)",128,8704,0,208,0,128,"SQC_LDS_BANK_CONFLICT",4194304.000000,2683861212752,2683867271816
262,262,"Agent 1",1,21594,21594,32768,17,"pk_gemm(__half const*, __half const*, __half*, int, int, int)",128,8704,0,208,0,128,"SQC_LDS_IDX_ACTIVE",33554432.000000,2683861212752,2683867271816
262,262,"Agent 1",1,21594,21594,32768,17,"pk_gemm(__half const*, __half const*, __half*, int, int, int)",128,8704,0,208,0,128,"SQ_INSTS_LDS",10485760.000000,2683861212752,2683867271816
262,262,"Agent 1",1,21594,21594,32768,17,"pk_gemm(__half const*, __half const*, __half*, int, int, int)",128,8704,0,208,0,128,"SQ_WAIT_INST_LDS",203963.000000,2683861212752,2683867271816
263,263,"Agent 1",1,21594,21594,32768,17,"pk_gemm(__half const*, __half const*, __half*, int, int, int)",128,8704,0,208,0,128,"SQC_LDS_BANK_CONFLICT",4194304.000000,2683867303235,2683873750226
263,263,"Agent 1",1,21594,21594,32768,17,"pk_gemm(__half const*, __half const*, __half*, int, int, int)",128,8704,0,208,0,128,"SQC_LDS_IDX_ACTIVE",33554432.000000,2683867303235,2683873750226
263,263,"Agent 1",1,21594,21594,32768,17,"pk_gemm(__half const*, __half const*, __half*, int, int, int)",128,8704,0,208,0,128,"SQ_INSTS_LDS",10485760.000000,2683867303235,2683873750226
263,263,"Agent 1",1,21594,21594,32768,17,"pk_gemm(__half const*, __half const*, __half*, int, int, int)",128,8704,0,208,0,128,"SQ_WAIT_INST_LDS",195012.000000,2683867303235,2683873750226
264,264,"Agent 1",1,21594,21594,32768,17,"pk_gemm(__half const*, __half const*, __half*, int, int, int)",128,8704,0,208,0,128,"SQC_LDS_BANK_CONFLICT",4194304.000000,2683873779361,2683880196897
264,264,"Agent 1",1,21594,21594,32768,17,"pk_gemm(__half const*, __half const*, __half*, int, int, int)",128,8704,0,208,0,128,"SQC_LDS_IDX_ACTIVE",33554432.000000,2683873779361,2683880196897
264,264,"Agent 1",1,21594,21594,32768,17,"pk_gemm(__half const*, __half const*, __half*, int, int, int)",128,8704,0,208,0,128,"SQ_INSTS_LDS",10485760.000000,2683873779361,2683880196897
264,264,"Agent 1",1,21594,21594,32768,17,"pk_gemm(__half const*, __half const*, __half*, int, int, int)",128,8704,0,208,0,128,"SQ_WAIT_INST_LDS",184449.000000,2683873779361,2683880196897
265,265,"Agent 1",1,21594,21594,32768,17,"pk_gemm(__half const*, __half const*, __half*, int, int, int)",128,8704,0,208,0,128,"SQC_LDS_BANK_CONFLICT",4194304.000000,2683880227113,2683887241647
265,265,"Agent 1",1,21594,21594,32768,17,"pk_gemm(__half const*, __half const*, __half*, int, int, int)",128,8704,0,208,0,128,"SQC_LDS_IDX_ACTIVE",33554432.000000,2683880227113,2683887241647
265,265,"Agent 1",1,21594,21594,32768,17,"pk_gemm(__half const*, __half const*, __half*, int, int, int)",128,8704,0,208,0,128,"SQ_INSTS_LDS",10485760.000000,2683880227113,2683887241647
265,265,"Agent 1",1,21594,21594,32768,17,"pk_gemm(__half const*, __half const*, __half*, int, int, int)",128,8704,0,208,0,128,"SQ_WAIT_INST_LDS",178289.000000,2683880227113,2683887241647
266,266,"Agent 1",1,21594,21594,32768,17,"pk_gemm(__half const*, __half const*, __half*, int, int, int)",128,8704,0,208,0,128,"SQC_LDS_BANK_CONFLICT",4194304.000000,2683887288615,2683894286116
266,266,"Agent 1",1,21594,21594,32768,17,"pk_gemm(__half const*, __half const*, __half*, int, int, int)",128,8704,0,208,0,128,"SQC_LDS_IDX_ACTIVE",33565312.000000,2683887288615,2683894286116
266,266,"Agent 1",1,21594,21594,32768,17,"pk_gemm(__half const*, __half const*, __half*, int, int, int)",128,8704,0,208,0,128,"SQ_INSTS_LDS",10496640.000000,2683887288615,2683894286116
266,266,"Agent 1",1,21594,21594,32768,17,"pk_gemm(__half const*, __half const*, __half*, int, int, int)",128,8704,0,208,0,128,"SQ_WAIT_INST_LDS",171053.000000,2683887288615,2683894286116
267,267,"Agent 1",1,21594,21594,32768,17,"pk_gemm(__half const*, __half const*, __half*, int, int, int)",128,8704,0,208,0,128,"SQC_LDS_BANK_CONFLICT",4194304.000000,2683894323426,2683899776637
267,267,"Agent 1",1,21594,21594,32768,17,"pk_gemm(__half const*, __half const*, __half*, int, int, int)",128,8704,0,208,0,128,"SQC_LDS_IDX_ACTIVE",33554432.000000,2683894323426,2683899776637
267,267,"Agent 1",1,21594,21594,32768,17,"pk_gemm(__half const*, __half const*, __half*, int, int, int)",128,8704,0,208,0,128,"SQ_INSTS_LDS",10485760.000000,2683894323426,2683899776637
267,267,"Agent 1",1,21594,21594,32768,17,"pk_gemm(__half const*, __half const*, __half*, int, int, int)",128,8704,0,208,0,128,"SQ_WAIT_INST_LDS",183938.000000,2683894323426,2683899776637
268,268,"Agent 1",1,21594,21594,32768,17,"pk_gemm(__half const*, __half const*, __half*, int, int, int)",128,8704,0,208,0,128,"SQC_LDS_BANK_CONFLICT",4194304.000000,2683899812789,2683905722414
268,268,"Agent 1",1,21594,21594,32768,17,"pk_gemm(__half const*, __half const*, __half*, int, int, int)",128,8704,0,208,0,128,"SQC_LDS_IDX_ACTIVE",33554432.000000,2683899812789,2683905722414
268,268,"Agent 1",1,21594,21594,32768,17,"pk_gemm(__half const*, __half const*, __half*, int, int, int)",128,8704,0,208,0,128,"SQ_INSTS_LDS",10485760.000000,2683899812789,2683905722414
268,268,"Agent 1",1,21594,21594,32768,17,"pk_gemm(__half const*, __half const*, __half*, int, int, int)",128,8704,0,208,0,128,"SQ_WAIT_INST_LDS",203214.000000,2683899812789,2683905722414
269,269,"Agent 1",1,21594,21594,32768,17,"pk_gemm(__half const*, __half const*, __half*, int, int, int)",128,8704,0,208,0,128,"SQC_LDS_BANK_CONFLICT",4194304.000000,2683905763931,2683912301491
269,269,"Agent 1",1,21594,21594,32768,17,"pk_gemm(__half const*, __half const*, __half*, int, int, int)",128,8704,0,208,0,128,"SQC_LDS_IDX_ACTIVE",33554432.000000,2683905763931,2683912301491
269,269,"Agent 1",1,21594,21594,32768,17,"pk_gemm(__half const*, __half const*, __half*, int, int, int)",128,8704,0,208,0,128,"SQ_INSTS_LDS",10485760.000000,2683905763931,2683912301491
269,269,"Agent 1",1,21594,21594,32768,17,"pk_gemm(__half const*, __half const*, __half*, int, int, int)",128,8704,0,208,0,128,"SQ_WAIT_INST_LDS",206303.000000,2683905763931,2683912301491
270,270,"Agent 1",1,21594,21594,32768,17,"pk_gemm(__half const*, __half const*, __half*, int, int, int)",128,8704,0,208,0,128,"SQC_LDS_BANK_CONFLICT",4194304.000000,2683912340444,2683918603451
270,270,"Agent 1",1,21594,21594,32768,17,"pk_gemm(__half const*, __half const*, __half*, int, int, int)",128,8704,0,208,0,128,"SQC_LDS_IDX_ACTIVE",33554432.000000,2683912340444,2683918603451
270,270,"Agent 1",1,21594,21594,32768,17,"pk_gemm(__half const*, __half const*, __half*, int, int, int)",128,8704,0,208,0,128,"SQ_INSTS_LDS",10485760.000000,2683912340444,2683918603451
270,270,"Agent 1",1,21594,21594,32768,17,"pk_gemm(__half const*, __half const*, __half*, int, int, int)",128,8704,0,208,0,128,"SQ_WAIT_INST_LDS",183354.000000,2683912340444,2683918603451
271,271,"Agent 1",1,21594,21594,32768,17,"pk_gemm(__half const*, __half const*, __half*, int, int, int)",128,8704,0,208,0,128,"SQC_LDS_BANK_CONFLICT",4194304.000000,2683918640680,2683925193229
271,271,"Agent 1",1,21594,21594,32768,17,"pk_gemm(__half const*, __half const*, __half*, int, int, int)",128,8704,0,208,0,128,"SQC_LDS_IDX_ACTIVE",33554432.000000,2683918640680,2683925193229
271,271,"Agent 1",1,21594,21594,32768,17,"pk_gemm(__half const*, __half const*, __half*, int, int, int)",128,8704,0,208,0,128,"SQ_INSTS_LDS",10485760.000000,2683918640680,2683925193229
271,271,"Agent 1",1,21594,21594,32768,17,"pk_gemm(__half const*, __half const*, __half*, int, int, int)",128,8704,0,208,0,128,"SQ_WAIT_INST_LDS",186847.000000,2683918640680,2683925193229
272,272,"Agent 1",1,21594,21594,32768,17,"pk_gemm(__half const*, __half const*, __half*, int, int, int)",128,8704,0,208,0,128,"SQC_LDS_BANK_CONFLICT",4194304.000000,2683925228455,2683931312206
272,272,"Agent 1",1,21594,21594,32768,17,"pk_gemm(__half const*, __half const*, __half*, int, int, int)",128,8704,0,208,0,128,"SQC_LDS_IDX_ACTIVE",33554432.000000,2683925228455,2683931312206
272,272,"Agent 1",1,21594,21594,32768,17,"pk_gemm(__half const*, __half const*, __half*, int, int, int)",128,8704,0,208,0,128,"SQ_INSTS_LDS",10485760.000000,2683925228455,2683931312206
272,272,"Agent 1",1,21594,21594,32768,17,"pk_gemm(__half const*, __half const*, __half*, int, int, int)",128,8704,0,208,0,128,"SQ_WAIT_INST_LDS",199955.000000,2683925228455,2683931312206
273,273,"Agent 1",1,21594,21594,32768,17,"pk_gemm(__half const*, __half const*, __half*, int, int, int)",128,8704,0,208,0,128,"SQC_LDS_BANK_CONFLICT",4194304.000000,2683931349235,2683938039722
273,273,"Agent 1",1,21594,21594,32768,17,"pk_gemm(__half const*, __half const*, __half*, int, int, int)",128,8704,0,208,0,128,"SQC_LDS_IDX_ACTIVE",33554432.000000,2683931349235,2683938039722
273,273,"Agent 1",1,21594,21594,32768,17,"pk_gemm(__half const*, __half const*, __half*, int, int, int)",128,8704,0,208,0,128,"SQ_INSTS_LDS",10485760.000000,2683931349235,2683938039722
273,273,"Agent 1",1,21594,21594,32768,17,"pk_gemm(__half const*, __half const*, __half*, int, int, int)",128,8704,0,208,0,128,"SQ_WAIT_INST_LDS",193612.000000,2683931349235,2683938039722
274,274,"Agent 1",1,21594,21594,32768,17,"pk_gemm(__half const*, __half const*, __half*, int, int, int)",128,8704,0,208,0,128,"SQC_LDS_BANK_CONFLICT",4194304.000000,2683938074668,2683943897370
274,274,"Agent 1",1,21594,21594,32768,17,"pk_gemm(__half const*, __half const*, __half*, int, int, int)",128,8704,0,208,0,128,"SQC_LDS_IDX_ACTIVE",33554432.000000,2683938074668,2683943897370
274,274,"Agent 1",1,21594,21594,32768,17,"pk_gemm(__half const*, __half const*, __half*, int, int, int)",128,8704,0,208,0,128,"SQ_INSTS_LDS",10485760.000000,2683938074668,2683943897370
274,274,"Agent 1",1,21594,21594,32768,17,"pk_gemm(__half const*, __half const*, __half*, int, int, int)",128,8704,0,208,0,128,"SQ_WAIT_INST_LDS",189732.000000,2683938074668,2683943897370
275,275,"Agent 1",1,21594,21594,32768,17,"pk_gemm(__half const*, __half const*, __half*, int, int, int)",128,8704,0,208,0,128,"SQC_LDS_BANK_CONFLICT",4194304.000000,2683943933157,2683950775769
275,275,"Agent 1",1,21594,21594,32768,17,"pk_gemm(__half const*, __half const*, __half*, int, int, int)",128,8704,0,208,0,128,"SQC_LDS_IDX_ACTIVE",33554432.000000,2683943933157,2683950775769
275,275,"Agent 1",1,21594,21594,32768,17,"pk_gemm(__half const*, __half const*, __half*, int, int, int)",128,8704,0,208,0,128,"SQ_INSTS_LDS",10485760.000000,2683943933157,2683950775769
275,275,"Agent 1",1,21594,21594,32768,17,"pk_gemm(__half const*, __half const*, __half*, int, int, int)",128,8704,0,208,0,128,"SQ_WAIT_INST_LDS",173137.000000,2683943933157,2683950775769
276,276,"Agent 1",1,21594,21594,32768,17,"pk_gemm(__half const*, __half const*, __half*, int, int, int)",128,8704,0,208,0,128,"SQC_LDS_BANK_CONFLICT",4194304.000000,2683950808149,2683957036812
276,276,"Agent 1",1,21594,21594,32768,17,"pk_gemm(__half const*, __half const*, __half*, int, int, int)",128,8704,0,208,0,128,"SQC_LDS_IDX_ACTIVE",33554432.000000,2683950808149,2683957036812
276,276,"Agent 1",1,21594,21594,32768,17,"pk_gemm(__half const*, __half const*, __half*, int, int, int)",128,8704,0,208,0,128,"SQ_INSTS_LDS",10485760.000000,2683950808149,2683957036812
276,276,"Agent 1",1,21594,21594,32768,17,"pk_gemm(__half const*, __half const*, __half*, int, int, int)",128,8704,0,208,0,128,"SQ_WAIT_INST_LDS",207810.000000,2683950808149,2683957036812
277,277,"Agent 1",1,21594,21594,32768,17,"pk_gemm(__half const*, __half const*, __half*, int, int, int)",128,8704,0,208,0,128,"SQC_LDS_BANK_CONFLICT",4194304.000000,2683957071116,2683963293326
277,277,"Agent 1",1,21594,21594,32768,17,"pk_gemm(__half const*, __half const*, __half*, int, int, int)",128,8704,0,208,0,128,"SQC_LDS_IDX_ACTIVE",33554432.000000,2683957071116,2683963293326
277,277,"Agent 1",1,21594,21594,32768,17,"pk_gemm(__half const*, __half const*, __half*, int, int, int)",128,8704,0,208,0,128,"SQ_INSTS_LDS",10485760.000000,2683957071116,2683963293326
277,277,"Agent 1",1,21594,21594,32768,17,"pk_gemm(__half const*, __half const*, __half*, int, int, int)",128,8704,0,208,0,128,"SQ_WAIT_INST_LDS",192183.000000,2683957071116,2683963293326
278,278,"Agent 1",1,21594,21594,32768,17,"pk_gemm(__half const*, __half const*, __half*, int, int, int)",128,8704,0,208,0,128,"SQC_LDS_BANK_CONFLICT",4194304.000000,2683963325464,2683969497821
278,278,"Agent 1",1,21594,21594,32768,17,"pk_gemm(__half const*, __half const*, __half*, int, int, int)",128,8704,0,208,0,128,"SQC_LDS_IDX_ACTIVE",33554432.000000,2683963325464,2683969497821
278,278,"Agent 1",1,21594,21594,32768,17,"pk_gemm(__half const*, __half const*, __half*, int, int, int)",128,8704,0,208,0,128,"SQ_INSTS_LDS",10485760.000000,2683963325464,2683969497821
278,278,"Agent 1",1,21594,21594,32768,17,"pk_gemm(__half const*, __half const*, __half*, int, int, int)",128,8704,0,208,0,128,"SQ_WAIT_INST_LDS",193568.000000,2683963325464,2683969497821
279,279,"Agent 1",1,21594,21594,32768,17,"pk_gemm(__half const*, __half const*, __half*, int, int, int)",128,8704,0,208,0,128,"SQC_LDS_BANK_CONFLICT",4194304.000000,2683969535130,2683975481143
279,279,"Agent 1",1,21594,21594,32768,17,"pk_gemm(__half const*, __half const*, __half*, int, int, int)",128,8704,0,208,0,128,"SQC_LDS_IDX_ACTIVE",33554432.000000,2683969535130,2683975481143
279,279,"Agent 1",1,21594,21594,32768,17,"pk_gemm(__half const*, __half const*, __half*, int, int, int)",128,8704,0,208,0,128,"SQ_INSTS_LDS",10485760.000000,2683969535130,2683975481143
279,279,"Agent 1",1,21594,21594,32768,17,"pk_gemm(__half const*, __half const*, __half*, int, int, int)",128,8704,0,208,0,128,"SQ_WAIT_INST_LDS",218655.000000,2683969535130,2683975481143
280,280,"Agent 1",1,21594,21594,32768,17,"pk_gemm(__half const*, __half const*, __half*, int, int, int)",128,8704,0,208,0,128,"SQC_LDS_BANK_CONFLICT",4194304.000000,2683975513243,2683982627203
280,280,"Agent 1",1,21594,21594,32768,17,"pk_gemm(__half const*, __half const*, __half*, int, int, int)",128,8704,0,208,0,128,"SQC_LDS_IDX_ACTIVE",33554432.000000,2683975513243,2683982627203
280,280,"Agent 1",1,21594,21594,32768,17,"pk_gemm(__half const*, __half const*, __half*, int, int, int)",128,8704,0,208,0,128,"SQ_INSTS_LDS",10485760.000000,2683975513243,2683982627203
280,280,"Agent 1",1,21594,21594,32768,17,"pk_gemm(__half const*, __half const*, __half*, int, int, int)",128,8704,0,208,0,128,"SQ_WAIT_INST_LDS",186512.000000,2683975513243,2683982627203
281,281,"Agent 1",1,21594,21594,32768,17,"pk_gemm(__half const*, __half const*, __half*, int, int, int)",128,8704,0,208,0,128,"SQC_LDS_BANK_CONFLICT",4194304.000000,2683982660786,2683988955772
281,281,"Agent 1",1,21594,21594,32768,17,"pk_gemm(__half const*, __half const*, __half*, int, int, int)",128,8704,0,208,0,128,"SQC_LDS_IDX_ACTIVE",33554432.000000,2683982660786,2683988955772
281,281,"Agent 1",1,21594,21594,32768,17,"pk_gemm(__half const*, __half const*, __half*, int, int, int)",128,8704,0,208,0,128,"SQ_INSTS_LDS",10485760.000000,2683982660786,2683988955772
281,281,"Agent 1",1,21594,21594,32768,17,"pk_gemm(__half const*, __half const*, __half*, int, int, int)",128,8704,0,208,0,128,"SQ_WAIT_INST_LDS",185376.000000,2683982660786,2683988955772
282,282,"Agent 1",1,21594,21594,32768,17,"pk_gemm(__half const*, __half const*, __half*, int, int, int)",128,8704,0,208,0,128,"SQC_LDS_BANK_CONFLICT",4194304.000000,2683988989475,2683995899614
282,282,"Agent 1",1,21594,21594,32768,17,"pk_gemm(__half const*, __half const*, __half*, int, int, int)",128,8704,0,208,0,128,"SQC_LDS_IDX_ACTIVE",33554432.000000,2683988989475,2683995899614
282,282,"Agent 1",1,21594,21594,32768,17,"pk_gemm(__half const*, __half const*, __half*, int, int, int)",128,8704,0,208,0,128,"SQ_INSTS_LDS",10485760.000000,2683988989475,2683995899614
282,282,"Agent 1",1,21594,21594,32768,17,"pk_gemm(__half const*, __half const*, __half*, int, int, int)",128,8704,0,208,0,128,"SQ_WAIT_INST_LDS",187494.000000,2683988989475,2683995899614
283,283,"Agent 1",1,21594,21594,32768,17,"pk_gemm(__half const*, __half const*, __half*, int, int, int)",128,8704,0,208,0,128,"SQC_LDS_BANK_CONFLICT",4194304.000000,2683995933116,2684002609617
283,283,"Agent 1",1,21594,21594,32768,17,"pk_gemm(__half const*, __half const*, __half*, int, int, int)",128,8704,0,208,0,128,"SQC_LDS_IDX_ACTIVE",33554432.000000,2683995933116,2684002609617
283,283,"Agent 1",1,21594,21594,32768,17,"pk_gemm(__half const*, __half const*, __half*, int, int, int)",128,8704,0,208,0,128,"SQ_INSTS_LDS",10485760.000000,2683995933116,2684002609617
283,283,"Agent 1",1,21594,21594,32768,17,"pk_gemm(__half const*, __half const*, __half*, int, int, int)",128,8704,0,208,0,128,"SQ_WAIT_INST_LDS",200504.000000,2683995933116,2684002609617
284,284,"Agent 1",1,21594,21594,32768,17,"pk_gemm(__half const*, __half const*, __half*, int, int, int)",128,8704,0,208,0,128,"SQC_LDS_BANK_CONFLICT",4194304.000000,2684002641437,2684008744303
284,284,"Agent 1",1,21594,21594,32768,17,"pk_gemm(__half const*, __half const*, __half*, int, int, int)",128,8704,0,208,0,128,"SQC_LDS_IDX_ACTIVE",33554432.000000,2684002641437,2684008744303
284,284,"Agent 1",1,21594,21594,32768,17,"pk_gemm(__half const*, __half const*, __half*, int, int, int)",128,8704,0,208,0,128,"SQ_INSTS_LDS",10485760.000000,2684002641437,2684008744303
284,284,"Agent 1",1,21594,21594,32768,17,"pk_gemm(__half const*, __half const*, __half*, int, int, int)",128,8704,0,208,0,128,"SQ_WAIT_INST_LDS",204959.000000,2684002641437,2684008744303
285,285,"Agent 1",1,21594,21594,32768,17,"pk_gemm(__half const*, __half const*, __half*, int, int, int)",128,8704,0,208,0,128,"SQC_LDS_BANK_CONFLICT",4194304.000000,2684008776443,2684015301661
285,285,"Agent 1",1,21594,21594,32768,17,"pk_gemm(__half const*, __half const*, __half*, int, int, int)",128,8704,0,208,0,128,"SQC_LDS_IDX_ACTIVE",33554432.000000,2684008776443,2684015301661
285,285,"Agent 1",1,21594,21594,32768,17,"pk_gemm(__half const*, __half const*, __half*, int, int, int)",128,8704,0,208,0,128,"SQ_INSTS_LDS",10485760.000000,2684008776443,2684015301661
285,285,"Agent 1",1,21594,21594,32768,17,"pk_gemm(__half const*, __half const*, __half*, int, int, int)",128,8704,0,208,0,128,"SQ_WAIT_INST_LDS",196746.000000,2684008776443,2684015301661
286,286,"Agent 1",1,21594,21594,32768,17,"pk_gemm(__half const*, __half const*, __half*, int, int, int)",128,8704,0,208,0,128,"SQC_LDS_BANK_CONFLICT",4194304.000000,2684015332439,2684021762398
286,286,"Agent 1",1,21594,21594,32768,17,"pk_gemm(__half const*, __half const*, __half*, int, int, int)",128,8704,0,208,0,128,"SQC_LDS_IDX_ACTIVE",33554432.000000,2684015332439,2684021762398
286,286,"Agent 1",1,21594,21594,32768,17,"pk_gemm(__half const*, __half const*, __half*, int, int, int)",128,8704,0,208,0,128,"SQ_INSTS_LDS",10485760.000000,2684015332439,2684021762398
286,286,"Agent 1",1,21594,21594,32768,17,"pk_gemm(__half const*, __half const*, __half*, int, int, int)",128,8704,0,208,0,128,"SQ_WAIT_INST_LDS",189114.000000,2684015332439,2684021762398
287,287,"Agent 1",1,21594,21594,32768,17,"pk_gemm(__half const*, __half const*, __half*, int, int, int)",128,8704,0,208,0,128,"SQC_LDS_BANK_CONFLICT",4194304.000000,2684021792093,2684028709084
287,287,"Agent 1",1,21594,21594,32768,17,"pk_gemm(__half const*, __half const*, __half*, int, int, int)",128,8704,0,208,0,128,"SQC_LDS_IDX_ACTIVE",33554432.000000,2684021792093,2684028709084
287,287,"Agent 1",1,21594,21594,32768,17,"pk_gemm(__half const*, __half const*, __half*, int, int, int)",128,8704,0,208,0,128,"SQ_INSTS_LDS",10485760.000000,2684021792093,2684028709084
287,287,"Agent 1",1,21594,21594,32768,17,"pk_gemm(__half const*, __half const*, __half*, int, int, int)",128,8704,0,208,0,128,"SQ_WAIT_INST_LDS",194556.000000,2684021792093,2684028709084
288,288,"Agent 1",1,21594,21594,32768,17,"pk_gemm(__half const*, __half const*, __half*, int, int, int)",128,8704,0,208,0,128,"SQC_LDS_BANK_CONFLICT",4194304.000000,2684028740001,2684034822550
288,288,"Agent 1",1,21594,21594,32768,17,"pk_gemm(__half const*, __half const*, __half*, int, int, int)",128,8704,0,208,0,128,"SQC_LDS_IDX_ACTIVE",33554432.000000,2684028740001,2684034822550
288,288,"Agent 1",1,21594,21594,32768,17,"pk_gemm(__half const*, __half const*, __half*, int, int, int)",128,8704,0,208,0,128,"SQ_INSTS_LDS",10485760.000000,2684028740001,2684034822550
288,288,"Agent 1",1,21594,21594,32768,17,"pk_gemm(__half const*, __half const*, __half*, int, int, int)",128,8704,0,208,0,128,"SQ_WAIT_INST_LDS",198503.000000,2684028740001,2684034822550
289,289,"Agent 1",1,21594,21594,32768,17,"pk_gemm(__half const*, __half const*, __half*, int, int, int)",128,8704,0,208,0,128,"SQC_LDS_BANK_CONFLICT",4194304.000000,2684034856733,2684041412487
289,289,"Agent 1",1,21594,21594,32768,17,"pk_gemm(__half const*, __half const*, __half*, int, int, int)",128,8704,0,208,0,128,"SQC_LDS_IDX_ACTIVE",33554432.000000,2684034856733,2684041412487
289,289,"Agent 1",1,21594,21594,32768,17,"pk_gemm(__half const*, __half const*, __half*, int, int, int)",128,8704,0,208,0,128,"SQ_INSTS_LDS",10485760.000000,2684034856733,2684041412487
289,289,"Agent 1",1,21594,21594,32768,17,"pk_gemm(__half const*, __half const*, __half*, int, int, int)",128,8704,0,208,0,128,"SQ_WAIT_INST_LDS",193598.000000,2684034856733,2684041412487
290,290,"Agent 1",1,21594,21594,32768,17,"pk_gemm(__half const*, __half const*, __half*, int, int, int)",128,8704,0,208,0,128,"SQC_LDS_BANK_CONFLICT",4194304.000000,2684041442904,2684047910775
290,290,"Agent 1",1,21594,21594,32768,17,"pk_gemm(__half const*, __half const*, __half*, int, int, int)",128,8704,0,208,0,128,"SQC_LDS_IDX_ACTIVE",33554432.000000,2684041442904,2684047910775
290,290,"Agent 1",1,21594,21594,32768,17,"pk_gemm(__half const*, __half const*, __half*, int, int, int)",128,8704,0,208,0,128,"SQ_INSTS_LDS",10485760.000000,2684041442904,2684047910775
290,290,"Agent 1",1,21594,21594,32768,17,"pk_gemm(__half const*, __half const*, __half*, int, int, int)",128,8704,0,208,0,128,"SQ_WAIT_INST_LDS",190340.000000,2684041442904,2684047910775
291,291,"Agent 1",1,21594,21594,32768,17,"pk_gemm(__half const*, __half const*, __half*, int, int, int)",128,8704,0,208,0,128,"SQC_LDS_BANK_CONFLICT",4194304.000000,2684047941392,2684054421926
291,291,"Agent 1",1,21594,21594,32768,17,"pk_gemm(__half const*, __half const*, __half*, int, int, int)",128,8704,0,208,0,128,"SQC_LDS_IDX_ACTIVE",33554432.000000,2684047941392,2684054421926
291,291,"Agent 1",1,21594,21594,32768,17,"pk_gemm(__half const*, __half const*, __half*, int, int, int)",128,8704,0,208,0,128,"SQ_INSTS_LDS",10485760.000000,2684047941392,2684054421926
291,291,"Agent 1",1,21594,21594,32768,17,"pk_gemm(__half const*, __half const*, __half*, int, int, int)",128,8704,0,208,0,128,"SQ_WAIT_INST_LDS",186750.000000,2684047941392,2684054421926
292,292,"Agent 1",1,21594,21594,32768,17,"pk_gemm(__half const*, __half const*, __half*, int, int, int)",128,8704,0,208,0,128,"SQC_LDS_BANK_CONFLICT",4194304.000000,2684054451942,2684060566912
292,292,"Agent 1",1,21594,21594,32768,17,"pk_gemm(__half const*, __half const*, __half*, int, int, int)",128,8704,0,208,0,128,"SQC_LDS_IDX_ACTIVE",33554432.000000,2684054451942,2684060566912
292,292,"Agent 1",1,21594,21594,32768,17,"pk_gemm(__half const*, __half const*, __half*, int, int, int)",128,8704,0,208,0,128,"SQ_INSTS_LDS",10485760.000000,2684054451942,2684060566912
292,292,"Agent 1",1,21594,21594,32768,17,"pk_gemm(__half const*, __half const*, __half*, int, int, int)",128,8704,0,208,0,128,"SQ_WAIT_INST_LDS",198590.000000,2684054451942,2684060566912
293,293,"Agent 1",1,21594,21594,32768,17,"pk_gemm(__half const*, __half const*, __half*, int, int, int)",128,8704,0,208,0,128,"SQC_LDS_BANK_CONFLICT",4194304.000000,2684060595926,2684066980520
293,293,"Agent 1",1,21594,21594,32768,17,"pk_gemm(__half const*, __half const*, __half*, int, int, int)",128,8704,0,208,0,128,"SQC_LDS_IDX_ACTIVE",33554432.000000,2684060595926,2684066980520
293,293,"Agent 1",1,21594,21594,32768,17,"pk_gemm(__half const*, __half const*, __half*, int, int, int)",128,8704,0,208,0,128,"SQ_INSTS_LDS",10485760.000000,2684060595926,2684066980520
293,293,"Agent 1",1,21594,21594,32768,17,"pk_gemm(__half const*, __half const*, __half*, int, int, int)",128,8704,0,208,0,128,"SQ_WAIT_INST_LDS",199869.000000,2684060595926,2684066980520
294,294,"Agent 1",1,21594,21594,32768,17,"pk_gemm(__half const*, __half const*, __half*, int, int, int)",128,8704,0,208,0,128,"SQC_LDS_BANK_CONFLICT",4194304.000000,2684067010897,2684073614221
294,294,"Agent 1",1,21594,21594,32768,17,"pk_gemm(__half const*, __half const*, __half*, int, int, int)",128,8704,0,208,0,128,"SQC_LDS_IDX_ACTIVE",33554432.000000,2684067010897,2684073614221
294,294,"Agent 1",1,21594,21594,32768,17,"pk_gemm(__half const*, __half const*, __half*, int, int, int)",128,8704,0,208,0,128,"SQ_INSTS_LDS",10485760.000000,2684067010897,2684073614221
294,294,"Agent 1",1,21594,21594,32768,17,"pk_gemm(__half const*, __half const*, __half*, int, int, int)",128,8704,0,208,0,128,"SQ_WAIT_INST_LDS",204244.000000,2684067010897,2684073614221
295,295,"Agent 1",1,21594,21594,32768,17,"pk_gemm(__half const*, __half const*, __half*, int, int, int)",128,8704,0,208,0,128,"SQC_LDS_BANK_CONFLICT",4194304.000000,2684073645159,2684080418361
295,295,"Agent 1",1,21594,21594,32768,17,"pk_gemm(__half const*, __half const*, __half*, int, int, int)",128,8704,0,208,0,128,"SQC_LDS_IDX_ACTIVE",33554432.000000,2684073645159,2684080418361
295,295,"Agent 1",1,21594,21594,32768,17,"pk_gemm(__half const*, __half const*, __half*, int, int, int)",128,8704,0,208,0,128,"SQ_INSTS_LDS",10485760.000000,2684073645159,2684080418361
295,295,"Agent 1",1,21594,21594,32768,17,"pk_gemm(__half const*, __half const*, __half*, int, int, int)",128,8704,0,208,0,128,"SQ_WAIT_INST_LDS",197788.000000,2684073645159,2684080418361
296,296,"Agent 1",1,21594,21594,32768,17,"pk_gemm(__half const*, __half const*, __half*, int, int, int)",128,8704,0,208,0,128,"SQC_LDS_BANK_CONFLICT",4194304.000000,2684080470819,2684086642014
296,296,"Agent 1",1,21594,21594,32768,17,"pk_gemm(__half const*, __half const*, __half*, int, int, int)",128,8704,0,208,0,128,"SQC_LDS_IDX_ACTIVE",33554432.000000,2684080470819,2684086642014
296,296,"Agent 1",1,21594,21594,32768,17,"pk_gemm(__half const*, __half const*, __half*, int, int, int)",128,8704,0,208,0,128,"SQ_INSTS_LDS",10485760.000000,2684080470819,2684086642014
296,296,"Agent 1",1,21594,21594,32768,17,"pk_gemm(__half const*, __half const*, __half*, int, int, int)",128,8704,0,208,0,128,"SQ_WAIT_INST_LDS",187174.000000,2684080470819,2684086642014
297,297,"Agent 1",1,21594,21594,32768,17,"pk_gemm(__half const*, __half const*, __half*, int, int, int)",128,8704,0,208,0,128,"SQC_LDS_BANK_CONFLICT",4194304.000000,2684086679725,2684092126563
297,297,"Agent 1",1,21594,21594,32768,17,"pk_gemm(__half const*, __half const*, __half*, int, int, int)",128,8704,0,208,0,128,"SQC_LDS_IDX_ACTIVE",33554432.000000,2684086679725,2684092126563
297,297,"Agent 1",1,21594,21594,32768,17,"pk_gemm(__half const*, __half const*, __half*, int, int, int)",128,8704,0,208,0,128,"SQ_INSTS_LDS",10485760.000000,2684086679725,2684092126563
297,297,"Agent 1",1,21594,21594,32768,17,"pk_gemm(__half const*, __half const*, __half*, int, int, int)",128,8704,0,208,0,128,"SQ_WAIT_INST_LDS",188201.000000,2684086679725,2684092126563
298,298,"Agent 1",1,21594,21594,32768,17,"pk_gemm(__half const*, __half const*, __half*, int, int, int)",128,8704,0,208,0,128,"SQC_LDS_BANK_CONFLICT",4194304.000000,2684092161877,2684098935280
298,298,"Agent 1",1,21594,21594,32768,17,"pk_gemm(__half const*, __half const*, __half*, int, int, int)",128,8704,0,208,0,128,"SQC_LDS_IDX_ACTIVE",33554432.000000,2684092161877,2684098935280
298,298,"Agent 1",1,21594,21594,32768,17,"pk_gemm(__half const*, __half const*, __half*, int, int, int)",128,8704,0,208,0,128,"SQ_INSTS_LDS",10485760.000000,2684092161877,2684098935280
298,298,"Agent 1",1,21594,21594,32768,17,"pk_gemm(__half const*, __half const*, __half*, int, int, int)",128,8704,0,208,0,128,"SQ_WAIT_INST_LDS",196829.000000,2684092161877,2684098935280
299,299,"Agent 1",1,21594,21594,32768,17,"pk_gemm(__half const*, __half const*, __half*, int, int, int)",128,8704,0,208,0,128,"SQC_LDS_BANK_CONFLICT",4194304.000000,2684098975274,2684105532151
299,299,"Agent 1",1,21594,21594,32768,17,"pk_gemm(__half const*, __half const*, __half*, int, int, int)",128,8704,0,208,0,128,"SQC_LDS_IDX_ACTIVE",33554432.000000,2684098975274,2684105532151
299,299,"Agent 1",1,21594,21594,32768,17,"pk_gemm(__half const*, __half const*, __half*, int, int, int)",128,8704,0,208,0,128,"SQ_INSTS_LDS",10485760.000000,2684098975274,2684105532151
299,299,"Agent 1",1,21594,21594,32768,17,"pk_gemm(__half const*, __half const*, __half*, int, int, int)",128,8704,0,208,0,128,"SQ_WAIT_INST_LDS",192745.000000,2684098975274,2684105532151
300,300,"Agent 1",1,21594,21594,32768,17,"pk_gemm(__half const*, __half const*, __half*, int, int, int)",128,8704,0,208,0,128,"SQC_LDS_BANK_CONFLICT",4194304.000000,2684105567698,2684111703627
300,300,"Agent 1",1,21594,21594,32768,17,"pk_gemm(__half const*, __half const*, __half*, int, int, int)",128,8704,0,208,0,128,"SQC_LDS_IDX_ACTIVE",33554432.000000,2684105567698,2684111703627
300,300,"Agent 1",1,21594,21594,32768,17,"pk_gemm(__half const*, __half const*, __half*, int, int, int)",128,8704,0,208,0,128,"SQ_INSTS_LDS",10485760.000000,2684105567698,2684111703627
300,300,"Agent 1",1,21594,21594,32768,17,"pk_gemm(__half const*, __half const*, __half*, int, int, int)",128,8704,0,208,0,128,"SQ_WAIT_INST_LDS",204039.000000,2684105567698,2684111703627
301,301,"Agent 1",1,21594,21594,32768,17,"pk_gemm(__half const*, __half const*, __half*, int, int, int)",128,8704,0,208,0,128,"SQC_LDS_BANK_CONFLICT",4194304.000000,2684111737771,2684118143085
301,301,"Agent 1",1,21594,21594,32768,17,"pk_gemm(__half const*, __half const*, __half*, int, int, int)",128,8704,0,208,0,128,"SQC_LDS_IDX_ACTIVE",33554432.000000,2684111737771,2684118143085
301,301,"Agent 1",1,21594,21594,32768,17,"pk_gemm(__half const*, __half const*, __half*, int, int, int)",128,8704,0,208,0,128,"SQ_INSTS_LDS",10485760.000000,2684111737771,2684118143085
301,301,"Agent 1",1,21594,21594,32768,17,"pk_gemm(__half const*, __half const*, __half*, int, int, int)",128,8704,0,208,0,128,"SQ_WAIT_INST_LDS",190338.000000,2684111737771,2684118143085
302,302,"Agent 1",1,21594,21594,32768,17,"pk_gemm(__half const*, __half const*, __half*, int, int, int)",128,8704,0,208,0,128,"SQC_LDS_BANK_CONFLICT",4194304.000000,2684118179713,2684124525876
302,302,"Agent 1",1,21594,21594,32768,17,"pk_gemm(__half const*, __half const*, __half*, int, int, int)",128,8704,0,208,0,128,"SQC_LDS_IDX_ACTIVE",33554432.000000,2684118179713,2684124525876
302,302,"Agent 1",1,21594,21594,32768,17,"pk_gemm(__half const*, __half const*, __half*, int, int, int)",128,8704,0,208,0,128,"SQ_INSTS_LDS",10485760.000000,2684118179713,2684124525876
302,302,"Agent 1",1,21594,21594,32768,17,"pk_gemm(__half const*, __half const*, __half*, int, int, int)",128,8704,0,208,0,128,"SQ_WAIT_INST_LDS",204448.000000,2684118179713,2684124525876
303,303,"Agent 1",1,21594,21594,32768,17,"pk_gemm(__half const*, __half const*, __half*, int, int, int)",128,8704,0,208,0,128,"SQC_LDS_BANK_CONFLICT",4194304.000000,2684124561022,2684131186548
303,303,"Agent 1",1,21594,21594,32768,17,"pk_gemm(__half const*, __half const*, __half*, int, int, int)",128,8704,0,208,0,128,"SQC_LDS_IDX_ACTIVE",33554432.000000,2684124561022,2684131186548
303,303,"Agent 1",1,21594,21594,32768,17,"pk_gemm(__half const*, __half const*, __half*, int, int, int)",128,8704,0,208,0,128,"SQ_INSTS_LDS",10485760.000000,2684124561022,2684131186548
303,303,"Agent 1",1,21594,21594,32768,17,"pk_gemm(__half const*, __half const*, __half*, int, int, int)",128,8704,0,208,0,128,"SQ_WAIT_INST_LDS",196865.000000,2684124561022,2684131186548
304,304,"Agent 1",1,21594,21594,32768,17,"pk_gemm(__half const*, __half const*, __half*, int, int, int)",128,8704,0,208,0,128,"SQC_LDS_BANK_CONFLICT",4194304.000000,2684131219169,2684137455366
304,304,"Agent 1",1,21594,21594,32768,17,"pk_gemm(__half const*, __half const*, __half*, int, int, int)",128,8704,0,208,0,128,"SQC_LDS_IDX_ACTIVE",33554432.000000,2684131219169,2684137455366
304,304,"Agent 1",1,21594,21594,32768,17,"pk_gemm(__half const*, __half const*, __half*, int, int, int)",128,8704,0,208,0,128,"SQ_INSTS_LDS",10485760.000000,2684131219169,2684137455366
304,304,"Agent 1",1,21594,21594,32768,17,"pk_gemm(__half const*, __half const*, __half*, int, int, int)",128,8704,0,208,0,128,"SQ_WAIT_INST_LDS",178636.000000,2684131219169,2684137455366
305,305,"Agent 1",1,21594,21594,32768,17,"pk_gemm(__half const*, __half const*, __half*, int, int, int)",128,8704,0,208,0,128,"SQC_LDS_BANK_CONFLICT",4194304.000000,2684137490873,2684143874145
305,305,"Agent 1",1,21594,21594,32768,17,"pk_gemm(__half const*, __half const*, __half*, int, int, int)",128,8704,0,208,0,128,"SQC_LDS_IDX_ACTIVE",33554432.000000,2684137490873,2684143874145
305,305,"Agent 1",1,21594,21594,32768,17,"pk_gemm(__half const*, __half const*, __half*, int, int, int)",128,8704,0,208,0,128,"SQ_INSTS_LDS",10485760.000000,2684137490873,2684143874145
305,305,"Agent 1",1,21594,21594,32768,17,"pk_gemm(__half const*, __half const*, __half*, int, int, int)",128,8704,0,208,0,128,"SQ_WAIT_INST_LDS",186394.000000,2684137490873,2684143874145
306,306,"Agent 1",1,21594,21594,32768,17,"pk_gemm(__half const*, __half const*, __half*, int, int, int)",128,8704,0,208,0,128,"SQC_LDS_BANK_CONFLICT",4194304.000000,2684143907928,2684150687663
306,306,"Agent 1",1,21594,21594,32768,17,"pk_gemm(__half const*, __half const*, __half*, int, int, int)",128,8704,0,208,0,128,"SQC_LDS_IDX_ACTIVE",33554432.000000,2684143907928,2684150687663
306,306,"Agent 1",1,21594,21594,32768,17,"pk_gemm(__half const*, __half const*, __half*, int, int, int)",128,8704,0,208,0,128,"SQ_INSTS_LDS",10485760.000000,2684143907928,2684150687663
306,306,"Agent 1",1,21594,21594,32768,17,"pk_gemm(__half const*, __half const*, __half*, int, int, int)",128,8704,0,208,0,128,"SQ_WAIT_INST_LDS",190582.000000,2684143907928,2684150687663
307,307,"Agent 1",1,21594,21594,32768,17,"pk_gemm(__half const*, __half const*, __half*, int, int, int)",128,8704,0,208,0,128,"SQC_LDS_BANK_CONFLICT",4194304.000000,2684150720645,2684157858490
307,307,"Agent 1",1,21594,21594,32768,17,"pk_gemm(__half const*, __half const*, __half*, int, int, int)",128,8704,0,208,0,128,"SQC_LDS_IDX_ACTIVE",33554432.000000,2684150720645,2684157858490
307,307,"Agent 1",1,21594,21594,32768,17,"pk_gemm(__half const*, __half const*, __half*, int, int, int)",128,8704,0,208,0,128,"SQ_INSTS_LDS",10485760.000000,2684150720645,2684157858490
307,307,"Agent 1",1,21594,21594,32768,17,"pk_gemm(__half const*, __half const*, __half*, int, int, int)",128,8704,0,208,0,128,"SQ_WAIT_INST_LDS",176038.000000,2684150720645,2684157858490
308,308,"Agent 1",1,21594,21594,32768,17,"pk_gemm(__half const*, __half const*, __half*, int, int, int)",128,8704,0,208,0,128,"SQC_LDS_BANK_CONFLICT",4194304.000000,2684157894094,2684164374388
308,308,"Agent 1",1,21594,21594,32768,17,"pk_gemm(__half const*, __half const*, __half*, int, int, int)",128,8704,0,208,0,128,"SQC_LDS_IDX_ACTIVE",33554432.000000,2684157894094,2684164374388
308,308,"Agent 1",1,21594,21594,32768,17,"pk_gemm(__half const*, __half const*, __half*, int, int, int)",128,8704,0,208,0,128,"SQ_INSTS_LDS",10485760.000000,2684157894094,2684164374388
308,308,"Agent 1",1,21594,21594,32768,17,"pk_gemm(__half const*, __half const*, __half*, int, int, int)",128,8704,0,208,0,128,"SQ_WAIT_INST_LDS",193747.000000,2684157894094,2684164374388
309,309,"Agent 1",1,21594,21594,32768,17,"pk_gemm(__half const*, __half const*, __half*, int, int, int)",128,8704,0,208,0,128,"SQC_LDS_BANK_CONFLICT",4194304.000000,2684164412097,2684171280157
309,309,"Agent 1",1,21594,21594,32768,17,"pk_gemm(__half const*, __half const*, __half*, int, int, int)",128,8704,0,208,0,128,"SQC_LDS_IDX_ACTIVE",33554432.000000,2684164412097,2684171280157
309,309,"Agent 1",1,21594,21594,32768,17,"pk_gemm(__half const*, __half const*, __half*, int, int, int)",128,8704,0,208,0,128,"SQ_INSTS_LDS",10485760.000000,2684164412097,2684171280157
309,309,"Agent 1",1,21594,21594,32768,17,"pk_gemm(__half const*, __half const*, __half*, int, int, int)",128,8704,0,208,0,128,"SQ_WAIT_INST_LDS",180316.000000,2684164412097,2684171280157
310,310,"Agent 1",1,21594,21594,32768,17,"pk_gemm(__half const*, __half const*, __half*, int, int, int)",128,8704,0,208,0,128,"SQC_LDS_BANK_CONFLICT",4194304.000000,2684171313620,2684177932012
310,310,"Agent 1",1,21594,21594,32768,17,"pk_gemm(__half const*, __half const*, __half*, int, int, int)",128,8704,0,208,0,128,"SQC_LDS_IDX_ACTIVE",33554432.000000,2684171313620,2684177932012
310,310,"Agent 1",1,21594,21594,32768,17,"pk_gemm(__half const*, __half const*, __half*, int, int, int)",128,8704,0,208,0,128,"SQ_INSTS_LDS",10485760.000000,2684171313620,2684177932012
310,310,"Agent 1",1,21594,21594,32768,17,"pk_gemm(__half const*, __half const*, __half*, int, int, int)",128,8704,0,208,0,128,"SQ_WAIT_INST_LDS",190109.000000,2684171313620,2684177932012
311,311,"Agent 1",1,21594,21594,32768,17,"pk_gemm(__half const*, __half const*, __half*, int, int, int)",128,8704,0,208,0,128,"SQC_LDS_BANK_CONFLICT",4194304.000000,2684177964072,2684184415792
311,311,"Agent 1",1,21594,21594,32768,17,"pk_gemm(__half const*, __half const*, __half*, int, int, int)",128,8704,0,208,0,128,"SQC_LDS_IDX_ACTIVE",33554432.000000,2684177964072,2684184415792
311,311,"Agent 1",1,21594,21594,32768,17,"pk_gemm(__half const*, __half const*, __half*, int, int, int)",128,8704,0,208,0,128,"SQ_INSTS_LDS",10485760.000000,2684177964072,2684184415792
311,311,"Agent 1",1,21594,21594,32768,17,"pk_gemm(__half const*, __half const*, __half*, int, int, int)",128,8704,0,208,0,128,"SQ_WAIT_INST_LDS",196263.000000,2684177964072,2684184415792
312,312,"Agent 1",1,21594,21594,32768,17,"pk_gemm(__half const*, __half const*, __half*, int, int, int)",128,8704,0,208,0,128,"SQC_LDS_BANK_CONFLICT",4194304.000000,2684184447772,2684190933637
312,312,"Agent 1",1,21594,21594,32768,17,"pk_gemm(__half const*, __half const*, __half*, int, int, int)",128,8704,0,208,0,128,"SQC_LDS_IDX_ACTIVE",33554432.000000,2684184447772,2684190933637
312,312,"Agent 1",1,21594,21594,32768,17,"pk_gemm(__half const*, __half const*, __half*, int, int, int)",128,8704,0,208,0,128,"SQ_INSTS_LDS",10485760.000000,2684184447772,2684190933637
312,312,"Agent 1",1,21594,21594,32768,17,"pk_gemm(__half const*, __half const*, __half*, int, int, int)",128,8704,0,208,0,128,"SQ_WAIT_INST_LDS",185850.000000,2684184447772,2684190933637
313,313,"Agent 1",1,21594,21594,32768,17,"pk_gemm(__half const*, __half const*, __half*, int, int, int)",128,8704,0,208,0,128,"SQC_LDS_BANK_CONFLICT",4194304.000000,2684190967460,2684197421384
313,313,"Agent 1",1,21594,21594,32768,17,"pk_gemm(__half const*, __half const*, __half*, int, int, int)",128,8704,0,208,0,128,"SQC_LDS_IDX_ACTIVE",33554432.000000,2684190967460,2684197421384
313,313,"Agent 1",1,21594,21594,32768,17,"pk_gemm(__half const*, __half const*, __half*, int, int, int)",128,8704,0,208,0,128,"SQ_INSTS_LDS",10485760.000000,2684190967460,2684197421384
313,313,"Agent 1",1,21594,21594,32768,17,"pk_gemm(__half const*, __half const*, __half*, int, int, int)",128,8704,0,208,0,128,"SQ_WAIT_INST_LDS",189494.000000,2684190967460,2684197421384
314,314,"Agent 1",1,21594,21594,32768,17,"pk_gemm(__half const*, __half const*, __half*, int, int, int)",128,8704,0,208,0,128,"SQC_LDS_BANK_CONFLICT",4194304.000000,2684197454887,2684204223441
314,314,"Agent 1",1,21594,21594,32768,17,"pk_gemm(__half const*, __half const*, __half*, int, int, int)",128,8704,0,208,0,128,"SQC_LDS_IDX_ACTIVE",33554432.000000,2684197454887,2684204223441
314,314,"Agent 1",1,21594,21594,32768,17,"pk_gemm(__half const*, __half const*, __half*, int, int, int)",128,8704,0,208,0,128,"SQ_INSTS_LDS",10485760.000000,2684197454887,2684204223441
314,314,"Agent 1",1,21594,21594,32768,17,"pk_gemm(__half const*, __half const*, __half*, int, int, int)",128,8704,0,208,0,128,"SQ_WAIT_INST_LDS",182100.000000,2684197454887,2684204223441
315,315,"Agent 1",1,21594,21594,32768,17,"pk_gemm(__half const*, __half const*, __half*, int, int, int)",128,8704,0,208,0,128,"SQC_LDS_BANK_CONFLICT",4194304.000000,2684204253978,2684210700889
315,315,"Agent 1",1,21594,21594,32768,17,"pk_gemm(__half const*, __half const*, __half*, int, int, int)",128,8704,0,208,0,128,"SQC_LDS_IDX_ACTIVE",33554432.000000,2684204253978,2684210700889
315,315,"Agent 1",1,21594,21594,32768,17,"pk_gemm(__half const*, __half const*, __half*, int, int, int)",128,8704,0,208,0,128,"SQ_INSTS_LDS",10485760.000000,2684204253978,2684210700889
315,315,"Agent 1",1,21594,21594,32768,17,"pk_gemm(__half const*, __half const*, __half*, int, int, int)",128,8704,0,208,0,128,"SQ_WAIT_INST_LDS",199398.000000,2684204253978,2684210700889
316,316,"Agent 1",1,21594,21594,32768,17,"pk_gemm(__half const*, __half const*, __half*, int, int, int)",128,8704,0,208,0,128,"SQC_LDS_BANK_CONFLICT",4194304.000000,2684210731106,2684216750256
316,316,"Agent 1",1,21594,21594,32768,17,"pk_gemm(__half const*, __half const*, __half*, int, int, int)",128,8704,0,208,0,128,"SQC_LDS_IDX_ACTIVE",33554432.000000,2684210731106,2684216750256
316,316,"Agent 1",1,21594,21594,32768,17,"pk_gemm(__half const*, __half const*, __half*, int, int, int)",128,8704,0,208,0,128,"SQ_INSTS_LDS",10485760.000000,2684210731106,2684216750256
316,316,"Agent 1",1,21594,21594,32768,17,"pk_gemm(__half const*, __half const*, __half*, int, int, int)",128,8704,0,208,0,128,"SQ_WAIT_INST_LDS",191620.000000,2684210731106,2684216750256
317,317,"Agent 1",1,21594,21594,32768,17,"pk_gemm(__half const*, __half const*, __half*, int, int, int)",128,8704,0,208,0,128,"SQC_LDS_BANK_CONFLICT",4194304.000000,2684216782677,2684222865466
317,317,"Agent 1",1,21594,21594,32768,17,"pk_gemm(__half const*, __half const*, __half*, int, int, int)",128,8704,0,208,0,128,"SQC_LDS_IDX_ACTIVE",33554432.000000,2684216782677,2684222865466
317,317,"Agent 1",1,21594,21594,32768,17,"pk_gemm(__half const*, __half const*, __half*, int, int, int)",128,8704,0,208,0,128,"SQ_INSTS_LDS",10485760.000000,2684216782677,2684222865466
317,317,"Agent 1",1,21594,21594,32768,17,"pk_gemm(__half const*, __half const*, __half*, int, int, int)",128,8704,0,208,0,128,"SQ_WAIT_INST_LDS",196340.000000,2684216782677,2684222865466
318,318,"Agent 1",1,21594,21594,32768,17,"pk_gemm(__half const*, __half const*, __half*, int, int, int)",128,8704,0,208,0,128,"SQC_LDS_BANK_CONFLICT",4194304.000000,2684222897884,2684229568855
318,318,"Agent 1",1,21594,21594,32768,17,"pk_gemm(__half const*, __half const*, __half*, int, int, int)",128,8704,0,208,0,128,"SQC_LDS_IDX_ACTIVE",33554432.000000,2684222897884,2684229568855
318,318,"Agent 1",1,21594,21594,32768,17,"pk_gemm(__half const*, __half const*, __half*, int, int, int)",128,8704,0,208,0,128,"SQ_INSTS_LDS",10485760.000000,2684222897884,2684229568855
318,318,"Agent 1",1,21594,21594,32768,17,"pk_gemm(__half const*, __half const*, __half*, int, int, int)",128,8704,0,208,0,128,"SQ_WAIT_INST_LDS",198980.000000,2684222897884,2684229568855
319,319,"Agent 1",1,21594,21594,32768,17,"pk_gemm(__half const*, __half const*, __half*, int, int, int)",128,8704,0,208,0,128,"SQC_LDS_BANK_CONFLICT",4194304.000000,2684229602797,2684235559271
319,319,"Agent 1",1,21594,21594,32768,17,"pk_gemm(__half const*, __half const*, __half*, int, int, int)",128,8704,0,208,0,128,"SQC_LDS_IDX_ACTIVE",33554432.000000,2684229602797,2684235559271
319,319,"Agent 1",1,21594,21594,32768,17,"pk_gemm(__half const*, __half const*, __half*, int, int, int)",128,8704,0,208,0,128,"SQ_INSTS_LDS",10485760.000000,2684229602797,2684235559271
319,319,"Agent 1",1,21594,21594,32768,17,"pk_gemm(__half const*, __half const*, __half*, int, int, int)",128,8704,0,208,0,128,"SQ_WAIT_INST_LDS",193367.000000,2684229602797,2684235559271
320,320,"Agent 1",1,21594,21594,32768,17,"pk_gemm(__half const*, __half const*, __half*, int, int, int)",128,8704,0,208,0,128,"SQC_LDS_BANK_CONFLICT",4194304.000000,2684235589928,2684242427972
320,320,"Agent 1",1,21594,21594,32768,17,"pk_gemm(__half const*, __half const*, __half*, int, int, int)",128,8704,0,208,0,128,"SQC_LDS_IDX_ACTIVE",33554432.000000,2684235589928,2684242427972
320,320,"Agent 1",1,21594,21594,32768,17,"pk_gemm(__half const*, __half const*, __half*, int, int, int)",128,8704,0,208,0,128,"SQ_INSTS_LDS",10485760.000000,2684235589928,2684242427972
320,320,"Agent 1",1,21594,21594,32768,17,"pk_gemm(__half const*, __half const*, __half*, int, int, int)",128,8704,0,208,0,128,"SQ_WAIT_INST_LDS",191713.000000,2684235589928,2684242427972
321,321,"Agent 1",1,21594,21594,32768,17,"pk_gemm(__half const*, __half const*, __half*, int, int, int)",128,8704,0,208,0,128,"SQC_LDS_BANK_CONFLICT",4194304.000000,2684242458509,2684249082633
321,321,"Agent 1",1,21594,21594,32768,17,"pk_gemm(__half const*, __half const*, __half*, int, int, int)",128,8704,0,208,0,128,"SQC_LDS_IDX_ACTIVE",33554432.000000,2684242458509,2684249082633
321,321,"Agent 1",1,21594,21594,32768,17,"pk_gemm(__half const*, __half const*, __half*, int, int, int)",128,8704,0,208,0,128,"SQ_INSTS_LDS",10485760.000000,2684242458509,2684249082633
321,321,"Agent 1",1,21594,21594,32768,17,"pk_gemm(__half const*, __half const*, __half*, int, int, int)",128,8704,0,208,0,128,"SQ_WAIT_INST_LDS",186904.000000,2684242458509,2684249082633
322,322,"Agent 1",1,21594,21594,32768,17,"pk_gemm(__half const*, __half const*, __half*, int, int, int)",128,8704,0,208,0,128,"SQC_LDS_BANK_CONFLICT",4194304.000000,2684249112970,2684255696136
322,322,"Agent 1",1,21594,21594,32768,17,"pk_gemm(__half const*, __half const*, __half*, int, int, int)",128,8704,0,208,0,128,"SQC_LDS_IDX_ACTIVE",33554432.000000,2684249112970,2684255696136
322,322,"Agent 1",1,21594,21594,32768,17,"pk_gemm(__half const*, __half const*, __half*, int, int, int)",128,8704,0,208,0,128,"SQ_INSTS_LDS",10485760.000000,2684249112970,2684255696136
322,322,"Agent 1",1,21594,21594,32768,17,"pk_gemm(__half const*, __half const*, __half*, int, int, int)",128,8704,0,208,0,128,"SQ_WAIT_INST_LDS",191648.000000,2684249112970,2684255696136
323,323,"Agent 1",1,21594,21594,32768,17,"pk_gemm(__half const*, __half const*, __half*, int, int, int)",128,8704,0,208,0,128,"SQC_LDS_BANK_CONFLICT",4194304.000000,2684255725030,2684262041778
323,323,"Agent 1",1,21594,21594,32768,17,"pk_gemm(__half const*, __half const*, __half*, int, int, int)",128,8704,0,208,0,128,"SQC_LDS_IDX_ACTIVE",33554432.000000,2684255725030,2684262041778
323,323,"Agent 1",1,21594,21594,32768,17,"pk_gemm(__half const*, __half const*, __half*, int, int, int)",128,8704,0,208,0,128,"SQ_INSTS_LDS",10485760.000000,2684255725030,2684262041778
323,323,"Agent 1",1,21594,21594,32768,17,"pk_gemm(__half const*, __half const*, __half*, int, int, int)",128,8704,0,208,0,128,"SQ_WAIT_INST_LDS",203905.000000,2684255725030,2684262041778
324,324,"Agent 1",1,21594,21594,32768,17,"pk_gemm(__half const*, __half const*, __half*, int, int, int)",128,8704,0,208,0,128,"SQC_LDS_BANK_CONFLICT",4194304.000000,2684262070913,2684268640775
324,324,"Agent 1",1,21594,21594,32768,17,"pk_gemm(__half const*, __half const*, __half*, int, int, int)",128,8704,0,208,0,128,"SQC_LDS_IDX_ACTIVE",33554432.000000,2684262070913,2684268640775
324,324,"Agent 1",1,21594,21594,32768,17,"pk_gemm(__half const*, __half const*, __half*, int, int, int)",128,8704,0,208,0,128,"SQ_INSTS_LDS",10485760.000000,2684262070913,2684268640775
324,324,"Agent 1",1,21594,21594,32768,17,"pk_gemm(__half const*, __half const*, __half*, int, int, int)",128,8704,0,208,0,128,"SQ_WAIT_INST_LDS",202658.000000,2684262070913,2684268640775
325,325,"Agent 1",1,21594,21594,32768,17,"pk_gemm(__half const*, __half const*, __half*, int, int, int)",128,8704,0,208,0,128,"SQC_LDS_BANK_CONFLICT",4194304.000000,2684268670350,2684274436507
325,325,"Agent 1",1,21594,21594,32768,17,"pk_gemm(__half const*, __half const*, __half*, int, int, int)",128,8704,0,208,0,128,"SQC_LDS_IDX_ACTIVE",33554432.000000,2684268670350,2684274436507
325,325,"Agent 1",1,21594,21594,32768,17,"pk_gemm(__half const*, __half const*, __half*, int, int, int)",128,8704,0,208,0,128,"SQ_INSTS_LDS",10485760.000000,2684268670350,2684274436507
325,325,"Agent 1",1,21594,21594,32768,17,"pk_gemm(__half const*, __half const*, __half*, int, int, int)",128,8704,0,208,0,128,"SQ_WAIT_INST_LDS",188212.000000,2684268670350,2684274436507
326,326,"Agent 1",1,21594,21594,32768,17,"pk_gemm(__half const*, __half const*, __half*, int, int, int)",128,8704,0,208,0,128,"SQC_LDS_BANK_CONFLICT",4194304.000000,2684274484196,2684280973267
326,326,"Agent 1",1,21594,21594,32768,17,"pk_gemm(__half const*, __half const*, __half*, int, int, int)",128,8704,0,208,0,128,"SQC_LDS_IDX_ACTIVE",33554432.000000,2684274484196,2684280973267
326,326,"Agent 1",1,21594,21594,32768,17,"pk_gemm(__half const*, __half const*, __half*, int, int, int)",128,8704,0,208,0,128,"SQ_INSTS_LDS",10485760.000000,2684274484196,2684280973267
326,326,"Agent 1",1,21594,21594,32768,17,"pk_gemm(__half const*, __half const*, __half*, int, int, int)",128,8704,0,208,0,128,"SQ_WAIT_INST_LDS",191535.000000,2684274484196,2684280973267
327,327,"Agent 1",1,21594,21594,32768,17,"pk_gemm(__half const*, __half const*, __half*, int, int, int)",128,8704,0,208,0,128,"SQC_LDS_BANK_CONFLICT",4194304.000000,2684281011699,2684286092532
327,327,"Agent 1",1,21594,21594,32768,17,"pk_gemm(__half const*, __half const*, __half*, int, int, int)",128,8704,0,208,0,128,"SQC_LDS_IDX_ACTIVE",33554432.000000,2684281011699,2684286092532
327,327,"Agent 1",1,21594,21594,32768,17,"pk_gemm(__half const*, __half const*, __half*, int, int, int)",128,8704,0,208,0,128,"SQ_INSTS_LDS",10485760.000000,2684281011699,2684286092532
327,327,"Agent 1",1,21594,21594,32768,17,"pk_gemm(__half const*, __half const*, __half*, int, int, int)",128,8704,0,208,0,128,"SQ_WAIT_INST_LDS",185529.000000,2684281011699,2684286092532
328,328,"Agent 1",1,21594,21594,32768,17,"pk_gemm(__half const*, __half const*, __half*, int, int, int)",128,8704,0,208,0,128,"SQC_LDS_BANK_CONFLICT",4194304.000000,2684286126876,2684292812795
328,328,"Agent 1",1,21594,21594,32768,17,"pk_gemm(__half const*, __half const*, __half*, int, int, int)",128,8704,0,208,0,128,"SQC_LDS_IDX_ACTIVE",33554432.000000,2684286126876,2684292812795
328,328,"Agent 1",1,21594,21594,32768,17,"pk_gemm(__half const*, __half const*, __half*, int, int, int)",128,8704,0,208,0,128,"SQ_INSTS_LDS",10485760.000000,2684286126876,2684292812795
328,328,"Agent 1",1,21594,21594,32768,17,"pk_gemm(__half const*, __half const*, __half*, int, int, int)",128,8704,0,208,0,128,"SQ_WAIT_INST_LDS",184983.000000,2684286126876,2684292812795
329,329,"Agent 1",1,21594,21594,32768,17,"pk_gemm(__half const*, __half const*, __half*, int, int, int)",128,8704,0,208,0,128,"SQC_LDS_BANK_CONFLICT",4194304.000000,2684292852709,2684298891657
329,329,"Agent 1",1,21594,21594,32768,17,"pk_gemm(__half const*, __half const*, __half*, int, int, int)",128,8704,0,208,0,128,"SQC_LDS_IDX_ACTIVE",33554432.000000,2684292852709,2684298891657
329,329,"Agent 1",1,21594,21594,32768,17,"pk_gemm(__half const*, __half const*, __half*, int, int, int)",128,8704,0,208,0,128,"SQ_INSTS_LDS",10485760.000000,2684292852709,2684298891657
329,329,"Agent 1",1,21594,21594,32768,17,"pk_gemm(__half const*, __half const*, __half*, int, int, int)",128,8704,0,208,0,128,"SQ_WAIT_INST_LDS",214164.000000,2684292852709,2684298891657
330,330,"Agent 1",1,21594,21594,32768,17,"pk_gemm(__half const*, __half const*, __half*, int, int, int)",128,8704,0,208,0,128,"SQC_LDS_BANK_CONFLICT",4194304.000000,2684298925360,2684305412427
330,330,"Agent 1",1,21594,21594,32768,17,"pk_gemm(__half const*, __half const*, __half*, int, int, int)",128,8704,0,208,0,128,"SQC_LDS_IDX_ACTIVE",33554432.000000,2684298925360,2684305412427
330,330,"Agent 1",1,21594,21594,32768,17,"pk_gemm(__half const*, __half const*, __half*, int, int, int)",128,8704,0,208,0,128,"SQ_INSTS_LDS",10485760.000000,2684298925360,2684305412427
330,330,"Agent 1",1,21594,21594,32768,17,"pk_gemm(__half const*, __half const*, __half*, int, int, int)",128,8704,0,208,0,128,"SQ_WAIT_INST_LDS",200563.000000,2684298925360,2684305412427
331,331,"Agent 1",1,21594,21594,32768,17,"pk_gemm(__half const*, __half const*, __half*, int, int, int)",128,8704,0,208,0,128,"SQC_LDS_BANK_CONFLICT",4194304.000000,2684305445569,2684311948907
331,331,"Agent 1",1,21594,21594,32768,17,"pk_gemm(__half const*, __half const*, __half*, int, int, int)",128,8704,0,208,0,128,"SQC_LDS_IDX_ACTIVE",33554432.000000,2684305445569,2684311948907
331,331,"Agent 1",1,21594,21594,32768,17,"pk_gemm(__half const*, __half const*, __half*, int, int, int)",128,8704,0,208,0,128,"SQ_INSTS_LDS",10485760.000000,2684305445569,2684311948907
331,331,"Agent 1",1,21594,21594,32768,17,"pk_gemm(__half const*, __half const*, __half*, int, int, int)",128,8704,0,208,0,128,"SQ_WAIT_INST_LDS",194871.000000,2684305445569,2684311948907
332,332,"Agent 1",1,21594,21594,32768,17,"pk_gemm(__half const*, __half const*, __half*, int, int, int)",128,8704,0,208,0,128,"SQC_LDS_BANK_CONFLICT",4194304.000000,2684311982850,2684318603448
332,332,"Agent 1",1,21594,21594,32768,17,"pk_gemm(__half const*, __half const*, __half*, int, int, int)",128,8704,0,208,0,128,"SQC_LDS_IDX_ACTIVE",33554432.000000,2684311982850,2684318603448
332,332,"Agent 1",1,21594,21594,32768,17,"pk_gemm(__half const*, __half const*, __half*, int, int, int)",128,8704,0,208,0,128,"SQ_INSTS_LDS",10485760.000000,2684311982850,2684318603448
332,332,"Agent 1",1,21594,21594,32768,17,"pk_gemm(__half const*, __half const*, __half*, int, int, int)",128,8704,0,208,0,128,"SQ_WAIT_INST_LDS",190737.000000,2684311982850,2684318603448
333,333,"Agent 1",1,21594,21594,32768,17,"pk_gemm(__half const*, __half const*, __half*, int, int, int)",128,8704,0,208,0,128,"SQC_LDS_BANK_CONFLICT",4194304.000000,2684318639555,2684325613654
333,333,"Agent 1",1,21594,21594,32768,17,"pk_gemm(__half const*, __half const*, __half*, int, int, int)",128,8704,0,208,0,128,"SQC_LDS_IDX_ACTIVE",33554432.000000,2684318639555,2684325613654
333,333,"Agent 1",1,21594,21594,32768,17,"pk_gemm(__half const*, __half const*, __half*, int, int, int)",128,8704,0,208,0,128,"SQ_INSTS_LDS",10485760.000000,2684318639555,2684325613654
333,333,"Agent 1",1,21594,21594,32768,17,"pk_gemm(__half const*, __half const*, __half*, int, int, int)",128,8704,0,208,0,128,"SQ_WAIT_INST_LDS",182901.000000,2684318639555,2684325613654
334,334,"Agent 1",1,21594,21594,32768,17,"pk_gemm(__half const*, __half const*, __half*, int, int, int)",128,8704,0,208,0,128,"SQC_LDS_BANK_CONFLICT",4194304.000000,2684325648479,2684331554899
334,334,"Agent 1",1,21594,21594,32768,17,"pk_gemm(__half const*, __half const*, __half*, int, int, int)",128,8704,0,208,0,128,"SQC_LDS_IDX_ACTIVE",33554432.000000,2684325648479,2684331554899
334,334,"Agent 1",1,21594,21594,32768,17,"pk_gemm(__half const*, __half const*, __half*, int, int, int)",128,8704,0,208,0,128,"SQ_INSTS_LDS",10485760.000000,2684325648479,2684331554899
334,334,"Agent 1",1,21594,21594,32768,17,"pk_gemm(__half const*, __half const*, __half*, int, int, int)",128,8704,0,208,0,128,"SQ_WAIT_INST_LDS",207646.000000,2684325648479,2684331554899
335,335,"Agent 1",1,21594,21594,32768,17,"pk_gemm(__half const*, __half const*, __half*, int, int, int)",128,8704,0,208,0,128,"SQC_LDS_BANK_CONFLICT",4194304.000000,2684331588282,2684337311919
335,335,"Agent 1",1,21594,21594,32768,17,"pk_gemm(__half const*, __half const*, __half*, int, int, int)",128,8704,0,208,0,128,"SQC_LDS_IDX_ACTIVE",33554432.000000,2684331588282,2684337311919
335,335,"Agent 1",1,21594,21594,32768,17,"pk_gemm(__half const*, __half const*, __half*, int, int, int)",128,8704,0,208,0,128,"SQ_INSTS_LDS",10485760.000000,2684331588282,2684337311919
335,335,"Agent 1",1,21594,21594,32768,17,"pk_gemm(__half const*, __half const*, __half*, int, int, int)",128,8704,0,208,0,128,"SQ_WAIT_INST_LDS",183345.000000,2684331588282,2684337311919
336,336,"Agent 1",1,21594,21594,32768,17,"pk_gemm(__half const*, __half const*, __half*, int, int, int)",128,8704,0,208,0,128,"SQC_LDS_BANK_CONFLICT",4194304.000000,2684337345142,2684343864188
336,336,"Agent 1",1,21594,21594,32768,17,"pk_gemm(__half const*, __half const*, __half*, int, int, int)",128,8704,0,208,0,128,"SQC_LDS_IDX_ACTIVE",33554432.000000,2684337345142,2684343864188
336,336,"Agent 1",1,21594,21594,32768,17,"pk_gemm(__half const*, __half const*, __half*, int, int, int)",128,8704,0,208,0,128,"SQ_INSTS_LDS",10485760.000000,2684337345142,2684343864188
336,336,"Agent 1",1,21594,21594,32768,17,"pk_gemm(__half const*, __half const*, __half*, int, int, int)",128,8704,0,208,0,128,"SQ_WAIT_INST_LDS",186728.000000,2684337345142,2684343864188
337,337,"Agent 1",1,21594,21594,32768,17,"pk_gemm(__half const*, __half const*, __half*, int, int, int)",128,8704,0,208,0,128,"SQC_LDS_BANK_CONFLICT",4194304.000000,2684343898773,2684349996431
337,337,"Agent 1",1,21594,21594,32768,17,"pk_gemm(__half const*, __half const*, __half*, int, int, int)",128,8704,0,208,0,128,"SQC_LDS_IDX_ACTIVE",33554432.000000,2684343898773,2684349996431
337,337,"Agent 1",1,21594,21594,32768,17,"pk_gemm(__half const*, __half const*, __half*, int, int, int)",128,8704,0,208,0,128,"SQ_INSTS_LDS",10485760.000000,2684343898773,2684349996431
337,337,"Agent 1",1,21594,21594,32768,17,"pk_gemm(__half const*, __half const*, __half*, int, int, int)",128,8704,0,208,0,128,"SQ_WAIT_INST_LDS",196273.000000,2684343898773,2684349996431
338,338,"Agent 1",1,21594,21594,32768,17,"pk_gemm(__half const*, __half const*, __half*, int, int, int)",128,8704,0,208,0,128,"SQC_LDS_BANK_CONFLICT",4194304.000000,2684350030549,2684357122389
338,338,"Agent 1",1,21594,21594,32768,17,"pk_gemm(__half const*, __half const*, __half*, int, int, int)",128,8704,0,208,0,128,"SQC_LDS_IDX_ACTIVE",33554432.000000,2684350030549,2684357122389
338,338,"Agent 1",1,21594,21594,32768,17,"pk_gemm(__half const*, __half const*, __half*, int, int, int)",128,8704,0,208,0,128,"SQ_INSTS_LDS",10485760.000000,2684350030549,2684357122389
338,338,"Agent 1",1,21594,21594,32768,17,"pk_gemm(__half const*, __half const*, __half*, int, int, int)",128,8704,0,208,0,128,"SQ_WAIT_INST_LDS",185305.000000,2684350030549,2684357122389
339,339,"Agent 1",1,21594,21594,32768,17,"pk_gemm(__half const*, __half const*, __half*, int, int, int)",128,8704,0,208,0,128,"SQC_LDS_BANK_CONFLICT",4194304.000000,2684357157012,2684363251144
339,339,"Agent 1",1,21594,21594,32768,17,"pk_gemm(__half const*, __half const*, __half*, int, int, int)",128,8704,0,208,0,128,"SQC_LDS_IDX_ACTIVE",33554432.000000,2684357157012,2684363251144
339,339,"Agent 1",1,21594,21594,32768,17,"pk_gemm(__half const*, __half const*, __half*, int, int, int)",128,8704,0,208,0,128,"SQ_INSTS_LDS",10485760.000000,2684357157012,2684363251144
339,339,"Agent 1",1,21594,21594,32768,17,"pk_gemm(__half const*, __half const*, __half*, int, int, int)",128,8704,0,208,0,128,"SQ_WAIT_INST_LDS",189506.000000,2684357157012,2684363251144
340,340,"Agent 1",1,21594,21594,32768,17,"pk_gemm(__half const*, __half const*, __half*, int, int, int)",128,8704,0,208,0,128,"SQC_LDS_BANK_CONFLICT",4194304.000000,2684363283364,2684370101491
340,340,"Agent 1",1,21594,21594,32768,17,"pk_gemm(__half const*, __half const*, __half*, int, int, int)",128,8704,0,208,0,128,"SQC_LDS_IDX_ACTIVE",33554432.000000,2684363283364,2684370101491
340,340,"Agent 1",1,21594,21594,32768,17,"pk_gemm(__half const*, __half const*, __half*, int, int, int)",128,8704,0,208,0,128,"SQ_INSTS_LDS",10485760.000000,2684363283364,2684370101491
340,340,"Agent 1",1,21594,21594,32768,17,"pk_gemm(__half const*, __half const*, __half*, int, int, int)",128,8704,0,208,0,128,"SQ_WAIT_INST_LDS",190298.000000,2684363283364,2684370101491
341,341,"Agent 1",1,21594,21594,32768,17,"pk_gemm(__half const*, __half const*, __half*, int, int, int)",128,8704,0,208,0,128,"SQC_LDS_BANK_CONFLICT",4194304.000000,2684370133832,2684376497307
341,341,"Agent 1",1,21594,21594,32768,17,"pk_gemm(__half const*, __half const*, __half*, int, int, int)",128,8704,0,208,0,128,"SQC_LDS_IDX_ACTIVE",33554432.000000,2684370133832,2684376497307
341,341,"Agent 1",1,21594,21594,32768,17,"pk_gemm(__half const*, __half const*, __half*, int, int, int)",128,8704,0,208,0,128,"SQ_INSTS_LDS",10485760.000000,2684370133832,2684376497307
341,341,"Agent 1",1,21594,21594,32768,17,"pk_gemm(__half const*, __half const*, __half*, int, int, int)",128,8704,0,208,0,128,"SQ_WAIT_INST_LDS",199974.000000,2684370133832,2684376497307
342,342,"Agent 1",1,21594,21594,32768,17,"pk_gemm(__half const*, __half const*, __half*, int, int, int)",128,8704,0,208,0,128,"SQC_LDS_BANK_CONFLICT",4194304.000000,2684376528326,2684383326095
342,342,"Agent 1",1,21594,21594,32768,17,"pk_gemm(__half const*, __half const*, __half*, int, int, int)",128,8704,0,208,0,128,"SQC_LDS_IDX_ACTIVE",33554432.000000,2684376528326,2684383326095
342,342,"Agent 1",1,21594,21594,32768,17,"pk_gemm(__half const*, __half const*, __half*, int, int, int)",128,8704,0,208,0,128,"SQ_INSTS_LDS",10485760.000000,2684376528326,2684383326095
342,342,"Agent 1",1,21594,21594,32768,17,"pk_gemm(__half const*, __half const*, __half*, int, int, int)",128,8704,0,208,0,128,"SQ_WAIT_INST_LDS",192551.000000,2684376528326,2684383326095
343,343,"Agent 1",1,21594,21594,32768,17,"pk_gemm(__half const*, __half const*, __half*, int, int, int)",128,8704,0,208,0,128,"SQC_LDS_BANK_CONFLICT",4194304.000000,2684383358395,2684389823902
343,343,"Agent 1",1,21594,21594,32768,17,"pk_gemm(__half const*, __half const*, __half*, int, int, int)",128,8704,0,208,0,128,"SQC_LDS_IDX_ACTIVE",33554432.000000,2684383358395,2684389823902
343,343,"Agent 1",1,21594,21594,32768,17,"pk_gemm(__half const*, __half const*, __half*, int, int, int)",128,8704,0,208,0,128,"SQ_INSTS_LDS",10485760.000000,2684383358395,2684389823902
343,343,"Agent 1",1,21594,21594,32768,17,"pk_gemm(__half const*, __half const*, __half*, int, int, int)",128,8704,0,208,0,128,"SQ_WAIT_INST_LDS",186840.000000,2684383358395,2684389823902
344,344,"Agent 1",1,21594,21594,32768,17,"pk_gemm(__half const*, __half const*, __half*, int, int, int)",128,8704,0,208,0,128,"SQC_LDS_BANK_CONFLICT",4194304.000000,2684389854559,2684396816676
344,344,"Agent 1",1,21594,21594,32768,17,"pk_gemm(__half const*, __half const*, __half*, int, int, int)",128,8704,0,208,0,128,"SQC_LDS_IDX_ACTIVE",33554432.000000,2684389854559,2684396816676
344,344,"Agent 1",1,21594,21594,32768,17,"pk_gemm(__half const*, __half const*, __half*, int, int, int)",128,8704,0,208,0,128,"SQ_INSTS_LDS",10485760.000000,2684389854559,2684396816676
344,344,"Agent 1",1,21594,21594,32768,17,"pk_gemm(__half const*, __half const*, __half*, int, int, int)",128,8704,0,208,0,128,"SQ_WAIT_INST_LDS",180714.000000,2684389854559,2684396816676
345,345,"Agent 1",1,21594,21594,32768,17,"pk_gemm(__half const*, __half const*, __half*, int, int, int)",128,8704,0,208,0,128,"SQC_LDS_BANK_CONFLICT",4194304.000000,2684396847654,2684403430701
345,345,"Agent 1",1,21594,21594,32768,17,"pk_gemm(__half const*, __half const*, __half*, int, int, int)",128,8704,0,208,0,128,"SQC_LDS_IDX_ACTIVE",33554432.000000,2684396847654,2684403430701
345,345,"Agent 1",1,21594,21594,32768,17,"pk_gemm(__half const*, __half const*, __half*, int, int, int)",128,8704,0,208,0,128,"SQ_INSTS_LDS",10485760.000000,2684396847654,2684403430701
345,345,"Agent 1",1,21594,21594,32768,17,"pk_gemm(__half const*, __half const*, __half*, int, int, int)",128,8704,0,208,0,128,"SQ_WAIT_INST_LDS",189091.000000,2684396847654,2684403430701
346,346,"Agent 1",1,21594,21594,32768,17,"pk_gemm(__half const*, __half const*, __half*, int, int, int)",128,8704,0,208,0,128,"SQC_LDS_BANK_CONFLICT",4194304.000000,2684403460557,2684409779469
346,346,"Agent 1",1,21594,21594,32768,17,"pk_gemm(__half const*, __half const*, __half*, int, int, int)",128,8704,0,208,0,128,"SQC_LDS_IDX_ACTIVE",33554432.000000,2684403460557,2684409779469
346,346,"Agent 1",1,21594,21594,32768,17,"pk_gemm(__half const*, __half const*, __half*, int, int, int)",128,8704,0,208,0,128,"SQ_INSTS_LDS",10485760.000000,2684403460557,2684409779469
346,346,"Agent 1",1,21594,21594,32768,17,"pk_gemm(__half const*, __half const*, __half*, int, int, int)",128,8704,0,208,0,128,"SQ_WAIT_INST_LDS",198385.000000,2684403460557,2684409779469
347,347,"Agent 1",1,21594,21594,32768,17,"pk_gemm(__half const*, __half const*, __half*, int, int, int)",128,8704,0,208,0,128,"SQC_LDS_BANK_CONFLICT",4194304.000000,2684409810447,2684416278438
347,347,"Agent 1",1,21594,21594,32768,17,"pk_gemm(__half const*, __half const*, __half*, int, int, int)",128,8704,0,208,0,128,"SQC_LDS_IDX_ACTIVE",33554432.000000,2684409810447,2684416278438
347,347,"Agent 1",1,21594,21594,32768,17,"pk_gemm(__half const*, __half const*, __half*, int, int, int)",128,8704,0,208,0,128,"SQ_INSTS_LDS",10485760.000000,2684409810447,2684416278438
347,347,"Agent 1",1,21594,21594,32768,17,"pk_gemm(__half const*, __half const*, __half*, int, int, int)",128,8704,0,208,0,128,"SQ_WAIT_INST_LDS",193262.000000,2684409810447,2684416278438
348,348,"Agent 1",1,21594,21594,32768,17,"pk_gemm(__half const*, __half const*, __half*, int, int, int)",128,8704,0,208,0,128,"SQC_LDS_BANK_CONFLICT",4194304.000000,2684416309796,2684422651231
348,348,"Agent 1",1,21594,21594,32768,17,"pk_gemm(__half const*, __half const*, __half*, int, int, int)",128,8704,0,208,0,128,"SQC_LDS_IDX_ACTIVE",33554432.000000,2684416309796,2684422651231
348,348,"Agent 1",1,21594,21594,32768,17,"pk_gemm(__half const*, __half const*, __half*, int, int, int)",128,8704,0,208,0,128,"SQ_INSTS_LDS",10485760.000000,2684416309796,2684422651231
348,348,"Agent 1",1,21594,21594,32768,17,"pk_gemm(__half const*, __half const*, __half*, int, int, int)",128,8704,0,208,0,128,"SQ_WAIT_INST_LDS",201182.000000,2684416309796,2684422651231
349,349,"Agent 1",1,21594,21594,32768,17,"pk_gemm(__half const*, __half const*, __half*, int, int, int)",128,8704,0,208,0,128,"SQC_LDS_BANK_CONFLICT",4194304.000000,2684422685213,2684428539095
349,349,"Agent 1",1,21594,21594,32768,17,"pk_gemm(__half const*, __half const*, __half*, int, int, int)",128,8704,0,208,0,128,"SQC_LDS_IDX_ACTIVE",33554432.000000,2684422685213,2684428539095
349,349,"Agent 1",1,21594,21594,32768,17,"pk_gemm(__half const*, __half const*, __half*, int, int, int)",128,8704,0,208,0,128,"SQ_INSTS_LDS",10485760.000000,2684422685213,2684428539095
349,349,"Agent 1",1,21594,21594,32768,17,"pk_gemm(__half const*, __half const*, __half*, int, int, int)",128,8704,0,208,0,128,"SQ_WAIT_INST_LDS",192559.000000,2684422685213,2684428539095
350,350,"Agent 1",1,21594,21594,32768,17,"pk_gemm(__half const*, __half const*, __half*, int, int, int)",128,8704,0,208,0,128,"SQC_LDS_BANK_CONFLICT",4194304.000000,2684428569953,2684434760384
350,350,"Agent 1",1,21594,21594,32768,17,"pk_gemm(__half const*, __half const*, __half*, int, int, int)",128,8704,0,208,0,128,"SQC_LDS_IDX_ACTIVE",33554432.000000,2684428569953,2684434760384
350,350,"Agent 1",1,21594,21594,32768,17,"pk_gemm(__half const*, __half const*, __half*, int, int, int)",128,8704,0,208,0,128,"SQ_INSTS_LDS",10485760.000000,2684428569953,2684434760384
350,350,"Agent 1",1,21594,21594,32768,17,"pk_gemm(__half const*, __half const*, __half*, int, int, int)",128,8704,0,208,0,128,"SQ_WAIT_INST_LDS",194980.000000,2684428569953,2684434760384
351,351,"Agent 1",1,21594,21594,32768,17,"pk_gemm(__half const*, __half const*, __half*, int, int, int)",128,8704,0,208,0,128,"SQC_LDS_BANK_CONFLICT",4194304.000000,2684434790961,2684440512836
351,351,"Agent 1",1,21594,21594,32768,17,"pk_gemm(__half const*, __half const*, __half*, int, int, int)",128,8704,0,208,0,128,"SQC_LDS_IDX_ACTIVE",33554432.000000,2684434790961,2684440512836
351,351,"Agent 1",1,21594,21594,32768,17,"pk_gemm(__half const*, __half const*, __half*, int, int, int)",128,8704,0,208,0,128,"SQ_INSTS_LDS",10485760.000000,2684434790961,2684440512836
351,351,"Agent 1",1,21594,21594,32768,17,"pk_gemm(__half const*, __half const*, __half*, int, int, int)",128,8704,0,208,0,128,"SQ_WAIT_INST_LDS",186537.000000,2684434790961,2684440512836
352,352,"Agent 1",1,21594,21594,32768,17,"pk_gemm(__half const*, __half const*, __half*, int, int, int)",128,8704,0,208,0,128,"SQC_LDS_BANK_CONFLICT",4194304.000000,2684440542892,2684446679823
352,352,"Agent 1",1,21594,21594,32768,17,"pk_gemm(__half const*, __half const*, __half*, int, int, int)",128,8704,0,208,0,128,"SQC_LDS_IDX_ACTIVE",33554432.000000,2684440542892,2684446679823
352,352,"Agent 1",1,21594,21594,32768,17,"pk_gemm(__half const*, __half const*, __half*, int, int, int)",128,8704,0,208,0,128,"SQ_INSTS_LDS",10485760.000000,2684440542892,2684446679823
352,352,"Agent 1",1,21594,21594,32768,17,"pk_gemm(__half const*, __half const*, __half*, int, int, int)",128,8704,0,208,0,128,"SQ_WAIT_INST_LDS",207915.000000,2684440542892,2684446679823
353,353,"Agent 1",1,21594,21594,32768,17,"pk_gemm(__half const*, __half const*, __half*, int, int, int)",128,8704,0,208,0,128,"SQC_LDS_BANK_CONFLICT",4194304.000000,2684446709639,2684453171579
353,353,"Agent 1",1,21594,21594,32768,17,"pk_gemm(__half const*, __half const*, __half*, int, int, int)",128,8704,0,208,0,128,"SQC_LDS_IDX_ACTIVE",33554432.000000,2684446709639,2684453171579
353,353,"Agent 1",1,21594,21594,32768,17,"pk_gemm(__half const*, __half const*, __half*, int, int, int)",128,8704,0,208,0,128,"SQ_INSTS_LDS",10485760.000000,2684446709639,2684453171579
353,353,"Agent 1",1,21594,21594,32768,17,"pk_gemm(__half const*, __half const*, __half*, int, int, int)",128,8704,0,208,0,128,"SQ_WAIT_INST_LDS",199268.000000,2684446709639,2684453171579
354,354,"Agent 1",1,21594,21594,32768,17,"pk_gemm(__half const*, __half const*, __half*, int, int, int)",128,8704,0,208,0,128,"SQC_LDS_BANK_CONFLICT",4194304.000000,2684453200393,2684459221468
354,354,"Agent 1",1,21594,21594,32768,17,"pk_gemm(__half const*, __half const*, __half*, int, int, int)",128,8704,0,208,0,128,"SQC_LDS_IDX_ACTIVE",33554432.000000,2684453200393,2684459221468
354,354,"Agent 1",1,21594,21594,32768,17,"pk_gemm(__half const*, __half const*, __half*, int, int, int)",128,8704,0,208,0,128,"SQ_INSTS_LDS",10485760.000000,2684453200393,2684459221468
354,354,"Agent 1",1,21594,21594,32768,17,"pk_gemm(__half const*, __half const*, __half*, int, int, int)",128,8704,0,208,0,128,"SQ_WAIT_INST_LDS",199758.000000,2684453200393,2684459221468
355,355,"Agent 1",1,21594,21594,32768,17,"pk_gemm(__half const*, __half const*, __half*, int, int, int)",128,8704,0,208,0,128,"SQC_LDS_BANK_CONFLICT",4194304.000000,2684459249961,2684465494414
355,355,"Agent 1",1,21594,21594,32768,17,"pk_gemm(__half const*, __half const*, __half*, int, int, int)",128,8704,0,208,0,128,"SQC_LDS_IDX_ACTIVE",33554432.000000,2684459249961,2684465494414
355,355,"Agent 1",1,21594,21594,32768,17,"pk_gemm(__half const*, __half const*, __half*, int, int, int)",128,8704,0,208,0,128,"SQ_INSTS_LDS",10485760.000000,2684459249961,2684465494414
355,355,"Agent 1",1,21594,21594,32768,17,"pk_gemm(__half const*, __half const*, __half*, int, int, int)",128,8704,0,208,0,128,"SQ_WAIT_INST_LDS",198516.000000,2684459249961,2684465494414
356,356,"Agent 1",1,21594,21594,32768,17,"pk_gemm(__half const*, __half const*, __half*, int, int, int)",128,8704,0,208,0,128,"SQC_LDS_BANK_CONFLICT",4194304.000000,2684465538937,2684472328891
356,356,"Agent 1",1,21594,21594,32768,17,"pk_gemm(__half const*, __half const*, __half*, int, int, int)",128,8704,0,208,0,128,"SQC_LDS_IDX_ACTIVE",33554432.000000,2684465538937,2684472328891
356,356,"Agent 1",1,21594,21594,32768,17,"pk_gemm(__half const*, __half const*, __half*, int, int, int)",128,8704,0,208,0,128,"SQ_INSTS_LDS",10485760.000000,2684465538937,2684472328891
356,356,"Agent 1",1,21594,21594,32768,17,"pk_gemm(__half const*, __half const*, __half*, int, int, int)",128,8704,0,208,0,128,"SQ_WAIT_INST_LDS",194063.000000,2684465538937,2684472328891
357,357,"Agent 1",1,21594,21594,32768,17,"pk_gemm(__half const*, __half const*, __half*, int, int, int)",128,8704,0,208,0,128,"SQC_LDS_BANK_CONFLICT",4194304.000000,2684472363676,2684478860361
357,357,"Agent 1",1,21594,21594,32768,17,"pk_gemm(__half const*, __half const*, __half*, int, int, int)",128,8704,0,208,0,128,"SQC_LDS_IDX_ACTIVE",33554432.000000,2684472363676,2684478860361
357,357,"Agent 1",1,21594,21594,32768,17,"pk_gemm(__half const*, __half const*, __half*, int, int, int)",128,8704,0,208,0,128,"SQ_INSTS_LDS",10485760.000000,2684472363676,2684478860361
357,357,"Agent 1",1,21594,21594,32768,17,"pk_gemm(__half const*, __half const*, __half*, int, int, int)",128,8704,0,208,0,128,"SQ_WAIT_INST_LDS",196392.000000,2684472363676,2684478860361
358,358,"Agent 1",1,21594,21594,32768,17,"pk_gemm(__half const*, __half const*, __half*, int, int, int)",128,8704,0,208,0,128,"SQC_LDS_BANK_CONFLICT",4194304.000000,2684478897619,2684485576365
358,358,"Agent 1",1,21594,21594,32768,17,"pk_gemm(__half const*, __half const*, __half*, int, int, int)",128,8704,0,208,0,128,"SQC_LDS_IDX_ACTIVE",33554432.000000,2684478897619,2684485576365
358,358,"Agent 1",1,21594,21594,32768,17,"pk_gemm(__half const*, __half const*, __half*, int, int, int)",128,8704,0,208,0,128,"SQ_INSTS_LDS",10485760.000000,2684478897619,2684485576365
358,358,"Agent 1",1,21594,21594,32768,17,"pk_gemm(__half const*, __half const*, __half*, int, int, int)",128,8704,0,208,0,128,"SQ_WAIT_INST_LDS",190100.000000,2684478897619,2684485576365
359,359,"Agent 1",1,21594,21594,32768,17,"pk_gemm(__half const*, __half const*, __half*, int, int, int)",128,8704,0,208,0,128,"SQC_LDS_BANK_CONFLICT",4194304.000000,2684485612512,2684491655708
359,359,"Agent 1",1,21594,21594,32768,17,"pk_gemm(__half const*, __half const*, __half*, int, int, int)",128,8704,0,208,0,128,"SQC_LDS_IDX_ACTIVE",33554432.000000,2684485612512,2684491655708
359,359,"Agent 1",1,21594,21594,32768,17,"pk_gemm(__half const*, __half const*, __half*, int, int, int)",128,8704,0,208,0,128,"SQ_INSTS_LDS",10485760.000000,2684485612512,2684491655708
359,359,"Agent 1",1,21594,21594,32768,17,"pk_gemm(__half const*, __half const*, __half*, int, int, int)",128,8704,0,208,0,128,"SQ_WAIT_INST_LDS",212531.000000,2684485612512,2684491655708
360,360,"Agent 1",1,21594,21594,32768,17,"pk_gemm(__half const*, __half const*, __half*, int, int, int)",128,8704,0,208,0,128,"SQC_LDS_BANK_CONFLICT",4194304.000000,2684491689973,2684498168264
360,360,"Agent 1",1,21594,21594,32768,17,"pk_gemm(__half const*, __half const*, __half*, int, int, int)",128,8704,0,208,0,128,"SQC_LDS_IDX_ACTIVE",33554432.000000,2684491689973,2684498168264
360,360,"Agent 1",1,21594,21594,32768,17,"pk_gemm(__half const*, __half const*, __half*, int, int, int)",128,8704,0,208,0,128,"SQ_INSTS_LDS",10485760.000000,2684491689973,2684498168264
360,360,"Agent 1",1,21594,21594,32768,17,"pk_gemm(__half const*, __half const*, __half*, int, int, int)",128,8704,0,208,0,128,"SQ_WAIT_INST_LDS",190655.000000,2684491689973,2684498168264
361,361,"Agent 1",1,21594,21594,32768,17,"pk_gemm(__half const*, __half const*, __half*, int, int, int)",128,8704,0,208,0,128,"SQC_LDS_BANK_CONFLICT",4194304.000000,2684498202888,2684504092597
361,361,"Agent 1",1,21594,21594,32768,17,"pk_gemm(__half const*, __half const*, __half*, int, int, int)",128,8704,0,208,0,128,"SQC_LDS_IDX_ACTIVE",33554432.000000,2684498202888,2684504092597
361,361,"Agent 1",1,21594,21594,32768,17,"pk_gemm(__half const*, __half const*, __half*, int, int, int)",128,8704,0,208,0,128,"SQ_INSTS_LDS",10485760.000000,2684498202888,2684504092597
361,361,"Agent 1",1,21594,21594,32768,17,"pk_gemm(__half const*, __half const*, __half*, int, int, int)",128,8704,0,208,0,128,"SQ_WAIT_INST_LDS",182965.000000,2684498202888,2684504092597
362,362,"Agent 1",1,21594,21594,32768,17,"pk_gemm(__half const*, __half const*, __half*, int, int, int)",128,8704,0,208,0,128,"SQC_LDS_BANK_CONFLICT",4194304.000000,2684504128825,2684510884315
362,362,"Agent 1",1,21594,21594,32768,17,"pk_gemm(__half const*, __half const*, __half*, int, int, int)",128,8704,0,208,0,128,"SQC_LDS_IDX_ACTIVE",33554432.000000,2684504128825,2684510884315
362,362,"Agent 1",1,21594,21594,32768,17,"pk_gemm(__half const*, __half const*, __half*, int, int, int)",128,8704,0,208,0,128,"SQ_INSTS_LDS",10485760.000000,2684504128825,2684510884315
362,362,"Agent 1",1,21594,21594,32768,17,"pk_gemm(__half const*, __half const*, __half*, int, int, int)",128,8704,0,208,0,128,"SQ_WAIT_INST_LDS",192699.000000,2684504128825,2684510884315
363,363,"Agent 1",1,21594,21594,32768,17,"pk_gemm(__half const*, __half const*, __half*, int, int, int)",128,8704,0,208,0,128,"SQC_LDS_BANK_CONFLICT",4194304.000000,2684510920543,2684517372144
363,363,"Agent 1",1,21594,21594,32768,17,"pk_gemm(__half const*, __half const*, __half*, int, int, int)",128,8704,0,208,0,128,"SQC_LDS_IDX_ACTIVE",33554432.000000,2684510920543,2684517372144
363,363,"Agent 1",1,21594,21594,32768,17,"pk_gemm(__half const*, __half const*, __half*, int, int, int)",128,8704,0,208,0,128,"SQ_INSTS_LDS",10485760.000000,2684510920543,2684517372144
363,363,"Agent 1",1,21594,21594,32768,17,"pk_gemm(__half const*, __half const*, __half*, int, int, int)",128,8704,0,208,0,128,"SQ_WAIT_INST_LDS",199081.000000,2684510920543,2684517372144
364,364,"Agent 1",1,21594,21594,32768,17,"pk_gemm(__half const*, __half const*, __half*, int, int, int)",128,8704,0,208,0,128,"SQC_LDS_BANK_CONFLICT",4194304.000000,2684517407370,2684523311306
364,364,"Agent 1",1,21594,21594,32768,17,"pk_gemm(__half const*, __half const*, __half*, int, int, int)",128,8704,0,208,0,128,"SQC_LDS_IDX_ACTIVE",33554432.000000,2684517407370,2684523311306
364,364,"Agent 1",1,21594,21594,32768,17,"pk_gemm(__half const*, __half const*, __half*, int, int, int)",128,8704,0,208,0,128,"SQ_INSTS_LDS",10485760.000000,2684517407370,2684523311306
364,364,"Agent 1",1,21594,21594,32768,17,"pk_gemm(__half const*, __half const*, __half*, int, int, int)",128,8704,0,208,0,128,"SQ_WAIT_INST_LDS",205725.000000,2684517407370,2684523311306
365,365,"Agent 1",1,21594,21594,32768,17,"pk_gemm(__half const*, __half const*, __half*, int, int, int)",128,8704,0,208,0,128,"SQC_LDS_BANK_CONFLICT",4194304.000000,2684523344888,2684528587105
365,365,"Agent 1",1,21594,21594,32768,17,"pk_gemm(__half const*, __half const*, __half*, int, int, int)",128,8704,0,208,0,128,"SQC_LDS_IDX_ACTIVE",33554432.000000,2684523344888,2684528587105
365,365,"Agent 1",1,21594,21594,32768,17,"pk_gemm(__half const*, __half const*, __half*, int, int, int)",128,8704,0,208,0,128,"SQ_INSTS_LDS",10485760.000000,2684523344888,2684528587105
365,365,"Agent 1",1,21594,21594,32768,17,"pk_gemm(__half const*, __half const*, __half*, int, int, int)",128,8704,0,208,0,128,"SQ_WAIT_INST_LDS",188431.000000,2684523344888,2684528587105
366,366,"Agent 1",1,21594,21594,32768,17,"pk_gemm(__half const*, __half const*, __half*, int, int, int)",128,8704,0,208,0,128,"SQC_LDS_BANK_CONFLICT",4194304.000000,2684528620848,2684535218082
366,366,"Agent 1",1,21594,21594,32768,17,"pk_gemm(__half const*, __half const*, __half*, int, int, int)",128,8704,0,208,0,128,"SQC_LDS_IDX_ACTIVE",33554432.000000,2684528620848,2684535218082
366,366,"Agent 1",1,21594,21594,32768,17,"pk_gemm(__half const*, __half const*, __half*, int, int, int)",128,8704,0,208,0,128,"SQ_INSTS_LDS",10485760.000000,2684528620848,2684535218082
366,366,"Agent 1",1,21594,21594,32768,17,"pk_gemm(__half const*, __half const*, __half*, int, int, int)",128,8704,0,208,0,128,"SQ_WAIT_INST_LDS",181786.000000,2684528620848,2684535218082
367,367,"Agent 1",1,21594,21594,32768,17,"pk_gemm(__half const*, __half const*, __half*, int, int, int)",128,8704,0,208,0,128,"SQC_LDS_BANK_CONFLICT",4194304.000000,2684535253548,2684542261832
367,367,"Agent 1",1,21594,21594,32768,17,"pk_gemm(__half const*, __half const*, __half*, int, int, int)",128,8704,0,208,0,128,"SQC_LDS_IDX_ACTIVE",33554432.000000,2684535253548,2684542261832
367,367,"Agent 1",1,21594,21594,32768,17,"pk_gemm(__half const*, __half const*, __half*, int, int, int)",128,8704,0,208,0,128,"SQ_INSTS_LDS",10485760.000000,2684535253548,2684542261832
367,367,"Agent 1",1,21594,21594,32768,17,"pk_gemm(__half const*, __half const*, __half*, int, int, int)",128,8704,0,208,0,128,"SQ_WAIT_INST_LDS",193689.000000,2684535253548,2684542261832
368,368,"Agent 1",1,21594,21594,32768,17,"pk_gemm(__half const*, __half const*, __half*, int, int, int)",128,8704,0,208,0,128,"SQC_LDS_BANK_CONFLICT",4194304.000000,2684542293841,2684548420874
368,368,"Agent 1",1,21594,21594,32768,17,"pk_gemm(__half const*, __half const*, __half*, int, int, int)",128,8704,0,208,0,128,"SQC_LDS_IDX_ACTIVE",33554432.000000,2684542293841,2684548420874
368,368,"Agent 1",1,21594,21594,32768,17,"pk_gemm(__half const*, __half const*, __half*, int, int, int)",128,8704,0,208,0,128,"SQ_INSTS_LDS",10485760.000000,2684542293841,2684548420874
368,368,"Agent 1",1,21594,21594,32768,17,"pk_gemm(__half const*, __half const*, __half*, int, int, int)",128,8704,0,208,0,128,"SQ_WAIT_INST_LDS",193326.000000,2684542293841,2684548420874
369,369,"Agent 1",1,21594,21594,32768,17,"pk_gemm(__half const*, __half const*, __half*, int, int, int)",128,8704,0,208,0,128,"SQC_LDS_BANK_CONFLICT",4194304.000000,2684548456700,2684554587861
369,369,"Agent 1",1,21594,21594,32768,17,"pk_gemm(__half const*, __half const*, __half*, int, int, int)",128,8704,0,208,0,128,"SQC_LDS_IDX_ACTIVE",33554432.000000,2684548456700,2684554587861
369,369,"Agent 1",1,21594,21594,32768,17,"pk_gemm(__half const*, __half const*, __half*, int, int, int)",128,8704,0,208,0,128,"SQ_INSTS_LDS",10485760.000000,2684548456700,2684554587861
369,369,"Agent 1",1,21594,21594,32768,17,"pk_gemm(__half const*, __half const*, __half*, int, int, int)",128,8704,0,208,0,128,"SQ_WAIT_INST_LDS",203739.000000,2684548456700,2684554587861
370,370,"Agent 1",1,21594,21594,32768,17,"pk_gemm(__half const*, __half const*, __half*, int, int, int)",128,8704,0,208,0,128,"SQC_LDS_BANK_CONFLICT",4194304.000000,2684554621604,2684560895071
370,370,"Agent 1",1,21594,21594,32768,17,"pk_gemm(__half const*, __half const*, __half*, int, int, int)",128,8704,0,208,0,128,"SQC_LDS_IDX_ACTIVE",33554432.000000,2684554621604,2684560895071
370,370,"Agent 1",1,21594,21594,32768,17,"pk_gemm(__half const*, __half const*, __half*, int, int, int)",128,8704,0,208,0,128,"SQ_INSTS_LDS",10485760.000000,2684554621604,2684560895071
370,370,"Agent 1",1,21594,21594,32768,17,"pk_gemm(__half const*, __half const*, __half*, int, int, int)",128,8704,0,208,0,128,"SQ_WAIT_INST_LDS",200410.000000,2684554621604,2684560895071
371,371,"Agent 1",1,21594,21594,32768,17,"pk_gemm(__half const*, __half const*, __half*, int, int, int)",128,8704,0,208,0,128,"SQC_LDS_BANK_CONFLICT",4194304.000000,2684560927773,2684567397888
371,371,"Agent 1",1,21594,21594,32768,17,"pk_gemm(__half const*, __half const*, __half*, int, int, int)",128,8704,0,208,0,128,"SQC_LDS_IDX_ACTIVE",33554432.000000,2684560927773,2684567397888
371,371,"Agent 1",1,21594,21594,32768,17,"pk_gemm(__half const*, __half const*, __half*, int, int, int)",128,8704,0,208,0,128,"SQ_INSTS_LDS",10485760.000000,2684560927773,2684567397888
371,371,"Agent 1",1,21594,21594,32768,17,"pk_gemm(__half const*, __half const*, __half*, int, int, int)",128,8704,0,208,0,128,"SQ_WAIT_INST_LDS",196795.000000,2684560927773,2684567397888
372,372,"Agent 1",1,21594,21594,32768,17,"pk_gemm(__half const*, __half const*, __half*, int, int, int)",128,8704,0,208,0,128,"SQC_LDS_BANK_CONFLICT",4194304.000000,2684567427944,2684573780880
372,372,"Agent 1",1,21594,21594,32768,17,"pk_gemm(__half const*, __half const*, __half*, int, int, int)",128,8704,0,208,0,128,"SQC_LDS_IDX_ACTIVE",33554432.000000,2684567427944,2684573780880
372,372,"Agent 1",1,21594,21594,32768,17,"pk_gemm(__half const*, __half const*, __half*, int, int, int)",128,8704,0,208,0,128,"SQ_INSTS_LDS",10485760.000000,2684567427944,2684573780880
372,372,"Agent 1",1,21594,21594,32768,17,"pk_gemm(__half const*, __half const*, __half*, int, int, int)",128,8704,0,208,0,128,"SQ_WAIT_INST_LDS",195389.000000,2684567427944,2684573780880
373,373,"Agent 1",1,21594,21594,32768,17,"pk_gemm(__half const*, __half const*, __half*, int, int, int)",128,8704,0,208,0,128,"SQC_LDS_BANK_CONFLICT",4194304.000000,2684573812940,2684579915407
373,373,"Agent 1",1,21594,21594,32768,17,"pk_gemm(__half const*, __half const*, __half*, int, int, int)",128,8704,0,208,0,128,"SQC_LDS_IDX_ACTIVE",33554432.000000,2684573812940,2684579915407
373,373,"Agent 1",1,21594,21594,32768,17,"pk_gemm(__half const*, __half const*, __half*, int, int, int)",128,8704,0,208,0,128,"SQ_INSTS_LDS",10485760.000000,2684573812940,2684579915407
373,373,"Agent 1",1,21594,21594,32768,17,"pk_gemm(__half const*, __half const*, __half*, int, int, int)",128,8704,0,208,0,128,"SQ_WAIT_INST_LDS",194524.000000,2684573812940,2684579915407
374,374,"Agent 1",1,21594,21594,32768,17,"pk_gemm(__half const*, __half const*, __half*, int, int, int)",128,8704,0,208,0,128,"SQC_LDS_BANK_CONFLICT",4194304.000000,2684579947908,2684585379479
374,374,"Agent 1",1,21594,21594,32768,17,"pk_gemm(__half const*, __half const*, __half*, int, int, int)",128,8704,0,208,0,128,"SQC_LDS_IDX_ACTIVE",33554432.000000,2684579947908,2684585379479
374,374,"Agent 1",1,21594,21594,32768,17,"pk_gemm(__half const*, __half const*, __half*, int, int, int)",128,8704,0,208,0,128,"SQ_INSTS_LDS",10485760.000000,2684579947908,2684585379479
374,374,"Agent 1",1,21594,21594,32768,17,"pk_gemm(__half const*, __half const*, __half*, int, int, int)",128,8704,0,208,0,128,"SQ_WAIT_INST_LDS",183628.000000,2684579947908,2684585379479
375,375,"Agent 1",1,21594,21594,32768,17,"pk_gemm(__half const*, __half const*, __half*, int, int, int)",128,8704,0,208,0,128,"SQC_LDS_BANK_CONFLICT",4194304.000000,2684585413783,2684592201093
375,375,"Agent 1",1,21594,21594,32768,17,"pk_gemm(__half const*, __half const*, __half*, int, int, int)",128,8704,0,208,0,128,"SQC_LDS_IDX_ACTIVE",33554432.000000,2684585413783,2684592201093
375,375,"Agent 1",1,21594,21594,32768,17,"pk_gemm(__half const*, __half const*, __half*, int, int, int)",128,8704,0,208,0,128,"SQ_INSTS_LDS",10485760.000000,2684585413783,2684592201093
375,375,"Agent 1",1,21594,21594,32768,17,"pk_gemm(__half const*, __half const*, __half*, int, int, int)",128,8704,0,208,0,128,"SQ_WAIT_INST_LDS",171478.000000,2684585413783,2684592201093
376,376,"Agent 1",1,21594,21594,32768,17,"pk_gemm(__half const*, __half const*, __half*, int, int, int)",128,8704,0,208,0,128,"SQC_LDS_BANK_CONFLICT",4194304.000000,2684592232752,2684598206818
376,376,"Agent 1",1,21594,21594,32768,17,"pk_gemm(__half const*, __half const*, __half*, int, int, int)",128,8704,0,208,0,128,"SQC_LDS_IDX_ACTIVE",33554432.000000,2684592232752,2684598206818
376,376,"Agent 1",1,21594,21594,32768,17,"pk_gemm(__half const*, __half const*, __half*, int, int, int)",128,8704,0,208,0,128,"SQ_INSTS_LDS",10485760.000000,2684592232752,2684598206818
376,376,"Agent 1",1,21594,21594,32768,17,"pk_gemm(__half const*, __half const*, __half*, int, int, int)",128,8704,0,208,0,128,"SQ_WAIT_INST_LDS",198327.000000,2684592232752,2684598206818
377,377,"Agent 1",1,21594,21594,32768,17,"pk_gemm(__half const*, __half const*, __half*, int, int, int)",128,8704,0,208,0,128,"SQC_LDS_BANK_CONFLICT",4194304.000000,2684598238918,2684604387832
377,377,"Agent 1",1,21594,21594,32768,17,"pk_gemm(__half const*, __half const*, __half*, int, int, int)",128,8704,0,208,0,128,"SQC_LDS_IDX_ACTIVE",33554432.000000,2684598238918,2684604387832
377,377,"Agent 1",1,21594,21594,32768,17,"pk_gemm(__half const*, __half const*, __half*, int, int, int)",128,8704,0,208,0,128,"SQ_INSTS_LDS",10485760.000000,2684598238918,2684604387832
377,377,"Agent 1",1,21594,21594,32768,17,"pk_gemm(__half const*, __half const*, __half*, int, int, int)",128,8704,0,208,0,128,"SQ_WAIT_INST_LDS",196444.000000,2684598238918,2684604387832
378,378,"Agent 1",1,21594,21594,32768,17,"pk_gemm(__half const*, __half const*, __half*, int, int, int)",128,8704,0,208,0,128,"SQC_LDS_BANK_CONFLICT",4194304.000000,2684604419933,2684610764292
378,378,"Agent 1",1,21594,21594,32768,17,"pk_gemm(__half const*, __half const*, __half*, int, int, int)",128,8704,0,208,0,128,"SQC_LDS_IDX_ACTIVE",33554432.000000,2684604419933,2684610764292
378,378,"Agent 1",1,21594,21594,32768,17,"pk_gemm(__half const*, __half const*, __half*, int, int, int)",128,8704,0,208,0,128,"SQ_INSTS_LDS",10485760.000000,2684604419933,2684610764292
378,378,"Agent 1",1,21594,21594,32768,17,"pk_gemm(__half const*, __half const*, __half*, int, int, int)",128,8704,0,208,0,128,"SQ_WAIT_INST_LDS",209180.000000,2684604419933,2684610764292
379,379,"Agent 1",1,21594,21594,32768,17,"pk_gemm(__half const*, __half const*, __half*, int, int, int)",128,8704,0,208,0,128,"SQC_LDS_BANK_CONFLICT",4194304.000000,2684610795807,2684617377973
379,379,"Agent 1",1,21594,21594,32768,17,"pk_gemm(__half const*, __half const*, __half*, int, int, int)",128,8704,0,208,0,128,"SQC_LDS_IDX_ACTIVE",33554432.000000,2684610795807,2684617377973
379,379,"Agent 1",1,21594,21594,32768,17,"pk_gemm(__half const*, __half const*, __half*, int, int, int)",128,8704,0,208,0,128,"SQ_INSTS_LDS",10485760.000000,2684610795807,2684617377973
379,379,"Agent 1",1,21594,21594,32768,17,"pk_gemm(__half const*, __half const*, __half*, int, int, int)",128,8704,0,208,0,128,"SQ_WAIT_INST_LDS",191635.000000,2684610795807,2684617377973
380,380,"Agent 1",1,21594,21594,32768,17,"pk_gemm(__half const*, __half const*, __half*, int, int, int)",128,8704,0,208,0,128,"SQC_LDS_BANK_CONFLICT",4194304.000000,2684617412316,2684623980536
380,380,"Agent 1",1,21594,21594,32768,17,"pk_gemm(__half const*, __half const*, __half*, int, int, int)",128,8704,0,208,0,128,"SQC_LDS_IDX_ACTIVE",33554432.000000,2684617412316,2684623980536
380,380,"Agent 1",1,21594,21594,32768,17,"pk_gemm(__half const*, __half const*, __half*, int, int, int)",128,8704,0,208,0,128,"SQ_INSTS_LDS",10485760.000000,2684617412316,2684623980536
380,380,"Agent 1",1,21594,21594,32768,17,"pk_gemm(__half const*, __half const*, __half*, int, int, int)",128,8704,0,208,0,128,"SQ_WAIT_INST_LDS",192125.000000,2684617412316,2684623980536
381,381,"Agent 1",1,21594,21594,32768,17,"pk_gemm(__half const*, __half const*, __half*, int, int, int)",128,8704,0,208,0,128,"SQC_LDS_BANK_CONFLICT",4194304.000000,2684624012155,2684630399996
381,381,"Agent 1",1,21594,21594,32768,17,"pk_gemm(__half const*, __half const*, __half*, int, int, int)",128,8704,0,208,0,128,"SQC_LDS_IDX_ACTIVE",33554432.000000,2684624012155,2684630399996
381,381,"Agent 1",1,21594,21594,32768,17,"pk_gemm(__half const*, __half const*, __half*, int, int, int)",128,8704,0,208,0,128,"SQ_INSTS_LDS",10485760.000000,2684624012155,2684630399996
381,381,"Agent 1",1,21594,21594,32768,17,"pk_gemm(__half const*, __half const*, __half*, int, int, int)",128,8704,0,208,0,128,"SQ_WAIT_INST_LDS",193171.000000,2684624012155,2684630399996
382,382,"Agent 1",1,21594,21594,32768,17,"pk_gemm(__half const*, __half const*, __half*, int, int, int)",128,8704,0,208,0,128,"SQC_LDS_BANK_CONFLICT",4194304.000000,2684630429772,2684636907863
382,382,"Agent 1",1,21594,21594,32768,17,"pk_gemm(__half const*, __half const*, __half*, int, int, int)",128,8704,0,208,0,128,"SQC_LDS_IDX_ACTIVE",33554432.000000,2684630429772,2684636907863
382,382,"Agent 1",1,21594,21594,32768,17,"pk_gemm(__half const*, __half const*, __half*, int, int, int)",128,8704,0,208,0,128,"SQ_INSTS_LDS",10485760.000000,2684630429772,2684636907863
382,382,"Agent 1",1,21594,21594,32768,17,"pk_gemm(__half const*, __half const*, __half*, int, int, int)",128,8704,0,208,0,128,"SQ_WAIT_INST_LDS",182020.000000,2684630429772,2684636907863
383,383,"Agent 1",1,21594,21594,32768,17,"pk_gemm(__half const*, __half const*, __half*, int, int, int)",128,8704,0,208,0,128,"SQC_LDS_BANK_CONFLICT",4194304.000000,2684636939362,2684643131397
383,383,"Agent 1",1,21594,21594,32768,17,"pk_gemm(__half const*, __half const*, __half*, int, int, int)",128,8704,0,208,0,128,"SQC_LDS_IDX_ACTIVE",33554432.000000,2684636939362,2684643131397
383,383,"Agent 1",1,21594,21594,32768,17,"pk_gemm(__half const*, __half const*, __half*, int, int, int)",128,8704,0,208,0,128,"SQ_INSTS_LDS",10485760.000000,2684636939362,2684643131397
383,383,"Agent 1",1,21594,21594,32768,17,"pk_gemm(__half const*, __half const*, __half*, int, int, int)",128,8704,0,208,0,128,"SQ_WAIT_INST_LDS",182579.000000,2684636939362,2684643131397
384,384,"Agent 1",1,21594,21594,32768,17,"pk_gemm(__half const*, __half const*, __half*, int, int, int)",128,8704,0,208,0,128,"SQC_LDS_BANK_CONFLICT",4194304.000000,2684643159449,2684649935658
384,384,"Agent 1",1,21594,21594,32768,17,"pk_gemm(__half const*, __half const*, __half*, int, int, int)",128,8704,0,208,0,128,"SQC_LDS_IDX_ACTIVE",33554432.000000,2684643159449,2684649935658
384,384,"Agent 1",1,21594,21594,32768,17,"pk_gemm(__half const*, __half const*, __half*, int, int, int)",128,8704,0,208,0,128,"SQ_INSTS_LDS",10485760.000000,2684643159449,2684649935658
384,384,"Agent 1",1,21594,21594,32768,17,"pk_gemm(__half const*, __half const*, __half*, int, int, int)",128,8704,0,208,0,128,"SQ_WAIT_INST_LDS",168762.000000,2684643159449,2684649935658
385,385,"Agent 1",1,21594,21594,32768,17,"pk_gemm(__half const*, __half const*, __half*, int, int, int)",128,8704,0,208,0,128,"SQC_LDS_BANK_CONFLICT",4194304.000000,2684649964352,2684656979568
385,385,"Agent 1",1,21594,21594,32768,17,"pk_gemm(__half const*, __half const*, __half*, int, int, int)",128,8704,0,208,0,128,"SQC_LDS_IDX_ACTIVE",33554432.000000,2684649964352,2684656979568
385,385,"Agent 1",1,21594,21594,32768,17,"pk_gemm(__half const*, __half const*, __half*, int, int, int)",128,8704,0,208,0,128,"SQ_INSTS_LDS",10485760.000000,2684649964352,2684656979568
385,385,"Agent 1",1,21594,21594,32768,17,"pk_gemm(__half const*, __half const*, __half*, int, int, int)",128,8704,0,208,0,128,"SQ_WAIT_INST_LDS",188692.000000,2684649964352,2684656979568
386,386,"Agent 1",1,21594,21594,131072,17,"pk_gemm(__half const*, __half const*, __half*, int, int, int)",128,8704,0,208,0,128,"SQC_LDS_BANK_CONFLICT",33554432.000000,2685102137001,2685137215849
386,386,"Agent 1",1,21594,21594,131072,17,"pk_gemm(__half const*, __half const*, __half*, int, int, int)",128,8704,0,208,0,128,"SQC_LDS_IDX_ACTIVE",268435456.000000,2685102137001,2685137215849
386,386,"Agent 1",1,21594,21594,131072,17,"pk_gemm(__half const*, __half const*, __half*, int, int, int)",128,8704,0,208,0,128,"SQ_INSTS_LDS",83886080.000000,2685102137001,2685137215849
386,386,"Agent 1",1,21594,21594,131072,17,"pk_gemm(__half const*, __half const*, __half*, int, int, int)",128,8704,0,208,0,128,"SQ_WAIT_INST_LDS",1611320.000000,2685102137001,2685137215849
387,387,"Agent 1",1,21594,21594,131072,17,"pk_gemm(__half const*, __half const*, __half*, int, int, int)",128,8704,0,208,0,128,"SQC_LDS_BANK_CONFLICT",33554432.000000,2685137254160,2685189575376
387,387,"Agent 1",1,21594,21594,131072,17,"pk_gemm(__half const*, __half const*, __half*, int, int, int)",128,8704,0,208,0,128,"SQC_LDS_IDX_ACTIVE",268435456.000000,2685137254160,2685189575376
387,387,"Agent 1",1,21594,21594,131072,17,"pk_gemm(__half const*, __half const*, __half*, int, int, int)",128,8704,0,208,0,128,"SQ_INSTS_LDS",83886080.000000,2685137254160,2685189575376
387,387,"Agent 1",1,21594,21594,131072,17,"pk_gemm(__half const*, __half const*, __half*, int, int, int)",128,8704,0,208,0,128,"SQ_WAIT_INST_LDS",1552665.000000,2685137254160,2685189575376
388,388,"Agent 1",1,21594,21594,131072,17,"pk_gemm(__half const*, __half const*, __half*, int, int, int)",128,8704,0,208,0,128,"SQC_LDS_BANK_CONFLICT",33554432.000000,2685189608127,2685237731363
388,388,"Agent 1",1,21594,21594,131072,17,"pk_gemm(__half const*, __half const*, __half*, int, int, int)",128,8704,0,208,0,128,"SQC_LDS_IDX_ACTIVE",268435456.000000,2685189608127,2685237731363
388,388,"Agent 1",1,21594,21594,131072,17,"pk_gemm(__half const*, __half const*, __half*, int, int, int)",128,8704,0,208,0,128,"SQ_INSTS_LDS",83886080.000000,2685189608127,2685237731363
388,388,"Agent 1",1,21594,21594,131072,17,"pk_gemm(__half const*, __half const*, __half*, int, int, int)",128,8704,0,208,0,128,"SQ_WAIT_INST_LDS",1573854.000000,2685189608127,2685237731363
389,389,"Agent 1",1,21594,21594,131072,17,"pk_gemm(__half const*, __half const*, __half*, int, int, int)",128,8704,0,208,0,128,"SQC_LDS_BANK_CONFLICT",33554432.000000,2685237766107,2685289882059
389,389,"Agent 1",1,21594,21594,131072,17,"pk_gemm(__half const*, __half const*, __half*, int, int, int)",128,8704,0,208,0,128,"SQC_LDS_IDX_ACTIVE",268435456.000000,2685237766107,2685289882059
389,389,"Agent 1",1,21594,21594,131072,17,"pk_gemm(__half const*, __half const*, __half*, int, int, int)",128,8704,0,208,0,128,"SQ_INSTS_LDS",83886080.000000,2685237766107,2685289882059
389,389,"Agent 1",1,21594,21594,131072,17,"pk_gemm(__half const*, __half const*, __half*, int, int, int)",128,8704,0,208,0,128,"SQ_WAIT_INST_LDS",1558600.000000,2685237766107,2685289882059
390,390,"Agent 1",1,21594,21594,131072,17,"pk_gemm(__half const*, __half const*, __half*, int, int, int)",128,8704,0,208,0,128,"SQC_LDS_BANK_CONFLICT",33554432.000000,2685289913436,2685338883776
390,390,"Agent 1",1,21594,21594,131072,17,"pk_gemm(__half const*, __half const*, __half*, int, int, int)",128,8704,0,208,0,128,"SQC_LDS_IDX_ACTIVE",268435456.000000,2685289913436,2685338883776
390,390,"Agent 1",1,21594,21594,131072,17,"pk_gemm(__half const*, __half const*, __half*, int, int, int)",128,8704,0,208,0,128,"SQ_INSTS_LDS",83886080.000000,2685289913436,2685338883776
390,390,"Agent 1",1,21594,21594,131072,17,"pk_gemm(__half const*, __half const*, __half*, int, int, int)",128,8704,0,208,0,128,"SQ_WAIT_INST_LDS",1546461.000000,2685289913436,2685338883776
391,391,"Agent 1",1,21594,21594,131072,17,"pk_gemm(__half const*, __half const*, __half*, int, int, int)",128,8704,0,208,0,128,"SQC_LDS_BANK_CONFLICT",33554432.000000,2685338916557,2685395019333
391,391,"Agent 1",1,21594,21594,131072,17,"pk_gemm(__half const*, __half const*, __half*, int, int, int)",128,8704,0,208,0,128,"SQC_LDS_IDX_ACTIVE",268435456.000000,2685338916557,2685395019333
391,391,"Agent 1",1,21594,21594,131072,17,"pk_gemm(__half const*, __half const*, __half*, int, int, int)",128,8704,0,208,0,128,"SQ_INSTS_LDS",83886080.000000,2685338916557,2685395019333
391,391,"Agent 1",1,21594,21594,131072,17,"pk_gemm(__half const*, __half const*, __half*, int, int, int)",128,8704,0,208,0,128,"SQ_WAIT_INST_LDS",1505571.000000,2685338916557,2685395019333
392,392,"Agent 1",1,21594,21594,131072,17,"pk_gemm(__half const*, __half const*, __half*, int, int, int)",128,8704,0,208,0,128,"SQC_LDS_BANK_CONFLICT",33554432.000000,2685395049507,2685433819146
392,392,"Agent 1",1,21594,21594,131072,17,"pk_gemm(__half const*, __half const*, __half*, int, int, int)",128,8704,0,208,0,128,"SQC_LDS_IDX_ACTIVE",268435456.000000,2685395049507,2685433819146
392,392,"Agent 1",1,21594,21594,131072,17,"pk_gemm(__half const*, __half const*, __half*, int, int, int)",128,8704,0,208,0,128,"SQ_INSTS_LDS",83886080.000000,2685395049507,2685433819146
392,392,"Agent 1",1,21594,21594,131072,17,"pk_gemm(__half const*, __half const*, __half*, int, int, int)",128,8704,0,208,0,128,"SQ_WAIT_INST_LDS",1629312.000000,2685395049507,2685433819146
393,393,"Agent 1",1,21594,21594,131072,17,"pk_gemm(__half const*, __half const*, __half*, int, int, int)",128,8704,0,208,0,128,"SQC_LDS_BANK_CONFLICT",33554432.000000,2685433850925,2685486291845
393,393,"Agent 1",1,21594,21594,131072,17,"pk_gemm(__half const*, __half const*, __half*, int, int, int)",128,8704,0,208,0,128,"SQC_LDS_IDX_ACTIVE",268435456.000000,2685433850925,2685486291845
393,393,"Agent 1",1,21594,21594,131072,17,"pk_gemm(__half const*, __half const*, __half*, int, int, int)",128,8704,0,208,0,128,"SQ_INSTS_LDS",83886080.000000,2685433850925,2685486291845
393,393,"Agent 1",1,21594,21594,131072,17,"pk_gemm(__half const*, __half const*, __half*, int, int, int)",128,8704,0,208,0,128,"SQ_WAIT_INST_LDS",1579985.000000,2685433850925,2685486291845
394,394,"Agent 1",1,21594,21594,131072,17,"pk_gemm(__half const*, __half const*, __half*, int, int, int)",128,8704,0,208,0,128,"SQC_LDS_BANK_CONFLICT",33554432.000000,2685486352147,2685540140511
394,394,"Agent 1",1,21594,21594,131072,17,"pk_gemm(__half const*, __half const*, __half*, int, int, int)",128,8704,0,208,0,128,"SQC_LDS_IDX_ACTIVE",268435456.000000,2685486352147,2685540140511
394,394,"Agent 1",1,21594,21594,131072,17,"pk_gemm(__half const*, __half const*, __half*, int, int, int)",128,8704,0,208,0,128,"SQ_INSTS_LDS",83886080.000000,2685486352147,2685540140511
394,394,"Agent 1",1,21594,21594,131072,17,"pk_gemm(__half const*, __half const*, __half*, int, int, int)",128,8704,0,208,0,128,"SQ_WAIT_INST_LDS",1510164.000000,2685486352147,2685540140511
395,395,"Agent 1",1,21594,21594,131072,17,"pk_gemm(__half const*, __half const*, __half*, int, int, int)",128,8704,0,208,0,128,"SQC_LDS_BANK_CONFLICT",33554432.000000,2685540180093,2685608730662
395,395,"Agent 1",1,21594,21594,131072,17,"pk_gemm(__half const*, __half const*, __half*, int, int, int)",128,8704,0,208,0,128,"SQC_LDS_IDX_ACTIVE",268435456.000000,2685540180093,2685608730662
395,395,"Agent 1",1,21594,21594,131072,17,"pk_gemm(__half const*, __half const*, __half*, int, int, int)",128,8704,0,208,0,128,"SQ_INSTS_LDS",83886080.000000,2685540180093,2685608730662
395,395,"Agent 1",1,21594,21594,131072,17,"pk_gemm(__half const*, __half const*, __half*, int, int, int)",128,8704,0,208,0,128,"SQ_WAIT_INST_LDS",1474014.000000,2685540180093,2685608730662
396,396,"Agent 1",1,21594,21594,131072,17,"pk_gemm(__half const*, __half const*, __half*, int, int, int)",128,8704,0,208,0,128,"SQC_LDS_BANK_CONFLICT",33554432.000000,2685608769654,2685650388871
396,396,"Agent 1",1,21594,21594,131072,17,"pk_gemm(__half const*, __half const*, __half*, int, int, int)",128,8704,0,208,0,128,"SQC_LDS_IDX_ACTIVE",268435456.000000,2685608769654,2685650388871
396,396,"Agent 1",1,21594,21594,131072,17,"pk_gemm(__half const*, __half const*, __half*, int, int, int)",128,8704,0,208,0,128,"SQ_INSTS_LDS",83886080.000000,2685608769654,2685650388871
396,396,"Agent 1",1,21594,21594,131072,17,"pk_gemm(__half const*, __half const*, __half*, int, int, int)",128,8704,0,208,0,128,"SQ_WAIT_INST_LDS",1626117.000000,2685608769654,2685650388871
397,397,"Agent 1",1,21594,21594,131072,17,"pk_gemm(__half const*, __half const*, __half*, int, int, int)",128,8704,0,208,0,128,"SQC_LDS_BANK_CONFLICT",33554432.000000,2685650426187,2685697867586
397,397,"Agent 1",1,21594,21594,131072,17,"pk_gemm(__half const*, __half const*, __half*, int, int, int)",128,8704,0,208,0,128,"SQC_LDS_IDX_ACTIVE",268435456.000000,2685650426187,2685697867586
397,397,"Agent 1",1,21594,21594,131072,17,"pk_gemm(__half const*, __half const*, __half*, int, int, int)",128,8704,0,208,0,128,"SQ_INSTS_LDS",83886080.000000,2685650426187,2685697867586
397,397,"Agent 1",1,21594,21594,131072,17,"pk_gemm(__half const*, __half const*, __half*, int, int, int)",128,8704,0,208,0,128,"SQ_WAIT_INST_LDS",1568032.000000,2685650426187,2685697867586
398,398,"Agent 1",1,21594,21594,131072,17,"pk_gemm(__half const*, __half const*, __half*, int, int, int)",128,8704,0,208,0,128,"SQC_LDS_BANK_CONFLICT",33554432.000000,2685697909263,2685746845781
398,398,"Agent 1",1,21594,21594,131072,17,"pk_gemm(__half const*, __half const*, __half*, int, int, int)",128,8704,0,208,0,128,"SQC_LDS_IDX_ACTIVE",268435456.000000,2685697909263,2685746845781
398,398,"Agent 1",1,21594,21594,131072,17,"pk_gemm(__half const*, __half const*, __half*, int, int, int)",128,8704,0,208,0,128,"SQ_INSTS_LDS",83886080.000000,2685697909263,2685746845781
398,398,"Agent 1",1,21594,21594,131072,17,"pk_gemm(__half const*, __half const*, __half*, int, int, int)",128,8704,0,208,0,128,"SQ_WAIT_INST_LDS",1581786.000000,2685697909263,2685746845781
399,399,"Agent 1",1,21594,21594,131072,17,"pk_gemm(__half const*, __half const*, __half*, int, int, int)",128,8704,0,208,0,128,"SQC_LDS_BANK_CONFLICT",33554432.000000,2685746882025,2685805432147
399,399,"Agent 1",1,21594,21594,131072,17,"pk_gemm(__half const*, __half const*, __half*, int, int, int)",128,8704,0,208,0,128,"SQC_LDS_IDX_ACTIVE",268435456.000000,2685746882025,2685805432147
399,399,"Agent 1",1,21594,21594,131072,17,"pk_gemm(__half const*, __half const*, __half*, int, int, int)",128,8704,0,208,0,128,"SQ_INSTS_LDS",83886080.000000,2685746882025,2685805432147
399,399,"Agent 1",1,21594,21594,131072,17,"pk_gemm(__half const*, __half const*, __half*, int, int, int)",128,8704,0,208,0,128,"SQ_WAIT_INST_LDS",1528397.000000,2685746882025,2685805432147
400,400,"Agent 1",1,21594,21594,131072,17,"pk_gemm(__half const*, __half const*, __half*, int, int, int)",128,8704,0,208,0,128,"SQC_LDS_BANK_CONFLICT",33554432.000000,2685805469776,2685860879016
400,400,"Agent 1",1,21594,21594,131072,17,"pk_gemm(__half const*, __half const*, __half*, int, int, int)",128,8704,0,208,0,128,"SQC_LDS_IDX_ACTIVE",268435456.000000,2685805469776,2685860879016
400,400,"Agent 1",1,21594,21594,131072,17,"pk_gemm(__half const*, __half const*, __half*, int, int, int)",128,8704,0,208,0,128,"SQ_INSTS_LDS",83886080.000000,2685805469776,2685860879016
400,400,"Agent 1",1,21594,21594,131072,17,"pk_gemm(__half const*, __half const*, __half*, int, int, int)",128,8704,0,208,0,128,"SQ_WAIT_INST_LDS",1540681.000000,2685805469776,2685860879016
401,401,"Agent 1",1,21594,21594,131072,17,"pk_gemm(__half const*, __half const*, __half*, int, int, int)",128,8704,0,208,0,128,"SQC_LDS_BANK_CONFLICT",33554432.000000,2685860912496,2685910027828
401,401,"Agent 1",1,21594,21594,131072,17,"pk_gemm(__half const*, __half const*, __half*, int, int, int)",128,8704,0,208,0,128,"SQC_LDS_IDX_ACTIVE",268435456.000000,2685860912496,2685910027828
401,401,"Agent 1",1,21594,21594,131072,17,"pk_gemm(__half const*, __half const*, __half*, int, int, int)",128,8704,0,208,0,128,"SQ_INSTS_LDS",83886080.000000,2685860912496,2685910027828
401,401,"Agent 1",1,21594,21594,131072,17,"pk_gemm(__half const*, __half const*, __half*, int, int, int)",128,8704,0,208,0,128,"SQ_WAIT_INST_LDS",1562669.000000,2685860912496,2685910027828
402,402,"Agent 1",1,21594,21594,131072,17,"pk_gemm(__half const*, __half const*, __half*, int, int, int)",128,8704,0,208,0,128,"SQC_LDS_BANK_CONFLICT",33554432.000000,2685910069710,2685975732269
402,402,"Agent 1",1,21594,21594,131072,17,"pk_gemm(__half const*, __half const*, __half*, int, int, int)",128,8704,0,208,0,128,"SQC_LDS_IDX_ACTIVE",268435456.000000,2685910069710,2685975732269
402,402,"Agent 1",1,21594,21594,131072,17,"pk_gemm(__half const*, __half const*, __half*, int, int, int)",128,8704,0,208,0,128,"SQ_INSTS_LDS",83886080.000000,2685910069710,2685975732269
402,402,"Agent 1",1,21594,21594,131072,17,"pk_gemm(__half const*, __half const*, __half*, int, int, int)",128,8704,0,208,0,128,"SQ_WAIT_INST_LDS",1482089.000000,2685910069710,2685975732269
403,403,"Agent 1",1,21594,21594,131072,17,"pk_gemm(__half const*, __half const*, __half*, int, int, int)",128,8704,0,208,0,128,"SQC_LDS_BANK_CONFLICT",33554432.000000,2685975775590,2686015555762
403,403,"Agent 1",1,21594,21594,131072,17,"pk_gemm(__half const*, __half const*, __half*, int, int, int)",128,8704,0,208,0,128,"SQC_LDS_IDX_ACTIVE",268435456.000000,2685975775590,2686015555762
403,403,"Agent 1",1,21594,21594,131072,17,"pk_gemm(__half const*, __half const*, __half*, int, int, int)",128,8704,0,208,0,128,"SQ_INSTS_LDS",83886080.000000,2685975775590,2686015555762
403,403,"Agent 1",1,21594,21594,131072,17,"pk_gemm(__half const*, __half const*, __half*, int, int, int)",128,8704,0,208,0,128,"SQ_WAIT_INST_LDS",1610545.000000,2685975775590,2686015555762
404,404,"Agent 1",1,21594,21594,131072,17,"pk_gemm(__half const*, __half const*, __half*, int, int, int)",128,8704,0,208,0,128,"SQC_LDS_BANK_CONFLICT",33554432.000000,2686015592136,2686056379996
404,404,"Agent 1",1,21594,21594,131072,17,"pk_gemm(__half const*, __half const*, __half*, int, int, int)",128,8704,0,208,0,128,"SQC_LDS_IDX_ACTIVE",268435456.000000,2686015592136,2686056379996
404,404,"Agent 1",1,21594,21594,131072,17,"pk_gemm(__half const*, __half const*, __half*, int, int, int)",128,8704,0,208,0,128,"SQ_INSTS_LDS",83886080.000000,2686015592136,2686056379996
404,404,"Agent 1",1,21594,21594,131072,17,"pk_gemm(__half const*, __half const*, __half*, int, int, int)",128,8704,0,208,0,128,"SQ_WAIT_INST_LDS",1577660.000000,2686015592136,2686056379996
405,405,"Agent 1",1,21594,21594,131072,17,"pk_gemm(__half const*, __half const*, __half*, int, int, int)",128,8704,0,208,0,128,"SQC_LDS_BANK_CONFLICT",33554432.000000,2686056417465,2686098755307
405,405,"Agent 1",1,21594,21594,131072,17,"pk_gemm(__half const*, __half const*, __half*, int, int, int)",128,8704,0,208,0,128,"SQC_LDS_IDX_ACTIVE",268435456.000000,2686056417465,2686098755307
405,405,"Agent 1",1,21594,21594,131072,17,"pk_gemm(__half const*, __half const*, __half*, int, int, int)",128,8704,0,208,0,128,"SQ_INSTS_LDS",83886080.000000,2686056417465,2686098755307
405,405,"Agent 1",1,21594,21594,131072,17,"pk_gemm(__half const*, __half const*, __half*, int, int, int)",128,8704,0,208,0,128,"SQ_WAIT_INST_LDS",1594202.000000,2686056417465,2686098755307
406,406,"Agent 1",1,21594,21594,131072,17,"pk_gemm(__half const*, __half const*, __half*, int, int, int)",128,8704,0,208,0,128,"SQC_LDS_BANK_CONFLICT",33554432.000000,2686098790708,2686138076075
406,406,"Agent 1",1,21594,21594,131072,17,"pk_gemm(__half const*, __half const*, __half*, int, int, int)",128,8704,0,208,0,128,"SQC_LDS_IDX_ACTIVE",268435456.000000,2686098790708,2686138076075
406,406,"Agent 1",1,21594,21594,131072,17,"pk_gemm(__half const*, __half const*, __half*, int, int, int)",128,8704,0,208,0,128,"SQ_INSTS_LDS",83886080.000000,2686098790708,2686138076075
406,406,"Agent 1",1,21594,21594,131072,17,"pk_gemm(__half const*, __half const*, __half*, int, int, int)",128,8704,0,208,0,128,"SQ_WAIT_INST_LDS",1615539.000000,2686098790708,2686138076075
407,407,"Agent 1",1,21594,21594,131072,17,"pk_gemm(__half const*, __half const*, __half*, int, int, int)",128,8704,0,208,0,128,"SQC_LDS_BANK_CONFLICT",33554432.000000,2686138112542,2686186622703
407,407,"Agent 1",1,21594,21594,131072,17,"pk_gemm(__half const*, __half const*, __half*, int, int, int)",128,8704,0,208,0,128,"SQC_LDS_IDX_ACTIVE",268435456.000000,2686138112542,2686186622703
407,407,"Agent 1",1,21594,21594,131072,17,"pk_gemm(__half const*, __half const*, __half*, int, int, int)",128,8704,0,208,0,128,"SQ_INSTS_LDS",83886080.000000,2686138112542,2686186622703
407,407,"Agent 1",1,21594,21594,131072,17,"pk_gemm(__half const*, __half const*, __half*, int, int, int)",128,8704,0,208,0,128,"SQ_WAIT_INST_LDS",1559194.000000,2686138112542,2686186622703
408,408,"Agent 1",1,21594,21594,131072,17,"pk_gemm(__half const*, __half const*, __half*, int, int, int)",128,8704,0,208,0,128,"SQC_LDS_BANK_CONFLICT",33554432.000000,2686186656297,2686234388681
408,408,"Agent 1",1,21594,21594,131072,17,"pk_gemm(__half const*, __half const*, __half*, int, int, int)",128,8704,0,208,0,128,"SQC_LDS_IDX_ACTIVE",268435456.000000,2686186656297,2686234388681
408,408,"Agent 1",1,21594,21594,131072,17,"pk_gemm(__half const*, __half const*, __half*, int, int, int)",128,8704,0,208,0,128,"SQ_INSTS_LDS",83886080.000000,2686186656297,2686234388681
408,408,"Agent 1",1,21594,21594,131072,17,"pk_gemm(__half const*, __half const*, __half*, int, int, int)",128,8704,0,208,0,128,"SQ_WAIT_INST_LDS",1547293.000000,2686186656297,2686234388681
409,409,"Agent 1",1,21594,21594,131072,17,"pk_gemm(__half const*, __half const*, __half*, int, int, int)",128,8704,0,208,0,128,"SQC_LDS_BANK_CONFLICT",33554432.000000,2686234424707,2686271343001
409,409,"Agent 1",1,21594,21594,131072,17,"pk_gemm(__half const*, __half const*, __half*, int, int, int)",128,8704,0,208,0,128,"SQC_LDS_IDX_ACTIVE",268435456.000000,2686234424707,2686271343001
409,409,"Agent 1",1,21594,21594,131072,17,"pk_gemm(__half const*, __half const*, __half*, int, int, int)",128,8704,0,208,0,128,"SQ_INSTS_LDS",83886080.000000,2686234424707,2686271343001
409,409,"Agent 1",1,21594,21594,131072,17,"pk_gemm(__half const*, __half const*, __half*, int, int, int)",128,8704,0,208,0,128,"SQ_WAIT_INST_LDS",1602294.000000,2686234424707,2686271343001
410,410,"Agent 1",1,21594,21594,131072,17,"pk_gemm(__half const*, __half const*, __half*, int, int, int)",128,8704,0,208,0,128,"SQC_LDS_BANK_CONFLICT",33554432.000000,2686271376701,2686339948830
410,410,"Agent 1",1,21594,21594,131072,17,"pk_gemm(__half const*, __half const*, __half*, int, int, int)",128,8704,0,208,0,128,"SQC_LDS_IDX_ACTIVE",268435456.000000,2686271376701,2686339948830
410,410,"Agent 1",1,21594,21594,131072,17,"pk_gemm(__half const*, __half const*, __half*, int, int, int)",128,8704,0,208,0,128,"SQ_INSTS_LDS",83886080.000000,2686271376701,2686339948830
410,410,"Agent 1",1,21594,21594,131072,17,"pk_gemm(__half const*, __half const*, __half*, int, int, int)",128,8704,0,208,0,128,"SQ_WAIT_INST_LDS",1518208.000000,2686271376701,2686339948830
411,411,"Agent 1",1,21594,21594,131072,17,"pk_gemm(__half const*, __half const*, __half*, int, int, int)",128,8704,0,208,0,128,"SQC_LDS_BANK_CONFLICT",33554432.000000,2686339985658,2686389465074
411,411,"Agent 1",1,21594,21594,131072,17,"pk_gemm(__half const*, __half const*, __half*, int, int, int)",128,8704,0,208,0,128,"SQC_LDS_IDX_ACTIVE",268435456.000000,2686339985658,2686389465074
411,411,"Agent 1",1,21594,21594,131072,17,"pk_gemm(__half const*, __half const*, __half*, int, int, int)",128,8704,0,208,0,128,"SQ_INSTS_LDS",83886080.000000,2686339985658,2686389465074
411,411,"Agent 1",1,21594,21594,131072,17,"pk_gemm(__half const*, __half const*, __half*, int, int, int)",128,8704,0,208,0,128,"SQ_WAIT_INST_LDS",1564512.000000,2686339985658,2686389465074
412,412,"Agent 1",1,21594,21594,131072,17,"pk_gemm(__half const*, __half const*, __half*, int, int, int)",128,8704,0,208,0,128,"SQC_LDS_BANK_CONFLICT",33554432.000000,2686389497107,2686433759353
412,412,"Agent 1",1,21594,21594,131072,17,"pk_gemm(__half const*, __half const*, __half*, int, int, int)",128,8704,0,208,0,128,"SQC_LDS_IDX_ACTIVE",268435456.000000,2686389497107,2686433759353
412,412,"Agent 1",1,21594,21594,131072,17,"pk_gemm(__half const*, __half const*, __half*, int, int, int)",128,8704,0,208,0,128,"SQ_INSTS_LDS",83886080.000000,2686389497107,2686433759353
412,412,"Agent 1",1,21594,21594,131072,17,"pk_gemm(__half const*, __half const*, __half*, int, int, int)",128,8704,0,208,0,128,"SQ_WAIT_INST_LDS",1580896.000000,2686389497107,2686433759353
413,413,"Agent 1",1,21594,21594,131072,17,"pk_gemm(__half const*, __half const*, __half*, int, int, int)",128,8704,0,208,0,128,"SQC_LDS_BANK_CONFLICT",33554432.000000,2686433793816,2686479342271
413,413,"Agent 1",1,21594,21594,131072,17,"pk_gemm(__half const*, __half const*, __half*, int, int, int)",128,8704,0,208,0,128,"SQC_LDS_IDX_ACTIVE",268435456.000000,2686433793816,2686479342271
413,413,"Agent 1",1,21594,21594,131072,17,"pk_gemm(__half const*, __half const*, __half*, int, int, int)",128,8704,0,208,0,128,"SQ_INSTS_LDS",83886080.000000,2686433793816,2686479342271
413,413,"Agent 1",1,21594,21594,131072,17,"pk_gemm(__half const*, __half const*, __half*, int, int, int)",128,8704,0,208,0,128,"SQ_WAIT_INST_LDS",1597556.000000,2686433793816,2686479342271
414,414,"Agent 1",1,21594,21594,131072,17,"pk_gemm(__half const*, __half const*, __half*, int, int, int)",128,8704,0,208,0,128,"SQC_LDS_BANK_CONFLICT",33554432.000000,2686479372856,2686534955180
414,414,"Agent 1",1,21594,21594,131072,17,"pk_gemm(__half const*, __half const*, __half*, int, int, int)",128,8704,0,208,0,128,"SQC_LDS_IDX_ACTIVE",268435456.000000,2686479372856,2686534955180
414,414,"Agent 1",1,21594,21594,131072,17,"pk_gemm(__half const*, __half const*, __half*, int, int, int)",128,8704,0,208,0,128,"SQ_INSTS_LDS",83886080.000000,2686479372856,2686534955180
414,414,"Agent 1",1,21594,21594,131072,17,"pk_gemm(__half const*, __half const*, __half*, int, int, int)",128,8704,0,208,0,128,"SQ_WAIT_INST_LDS",1544056.000000,2686479372856,2686534955180
415,415,"Agent 1",1,21594,21594,131072,17,"pk_gemm(__half const*, __half const*, __half*, int, int, int)",128,8704,0,208,0,128,"SQC_LDS_BANK_CONFLICT",33554432.000000,2686534988040,2686588199204
415,415,"Agent 1",1,21594,21594,131072,17,"pk_gemm(__half const*, __half const*, __half*, int, int, int)",128,8704,0,208,0,128,"SQC_LDS_IDX_ACTIVE",268435456.000000,2686534988040,2686588199204
415,415,"Agent 1",1,21594,21594,131072,17,"pk_gemm(__half const*, __half const*, __half*, int, int, int)",128,8704,0,208,0,128,"SQ_INSTS_LDS",83886080.000000,2686534988040,2686588199204
415,415,"Agent 1",1,21594,21594,131072,17,"pk_gemm(__half const*, __half const*, __half*, int, int, int)",128,8704,0,208,0,128,"SQ_WAIT_INST_LDS",1530820.000000,2686534988040,2686588199204
416,416,"Agent 1",1,21594,21594,131072,17,"pk_gemm(__half const*, __half const*, __half*, int, int, int)",128,8704,0,208,0,128,"SQC_LDS_BANK_CONFLICT",33554432.000000,2686588229989,2686630402241
416,416,"Agent 1",1,21594,21594,131072,17,"pk_gemm(__half const*, __half const*, __half*, int, int, int)",128,8704,0,208,0,128,"SQC_LDS_IDX_ACTIVE",268435456.000000,2686588229989,2686630402241
416,416,"Agent 1",1,21594,21594,131072,17,"pk_gemm(__half const*, __half const*, __half*, int, int, int)",128,8704,0,208,0,128,"SQ_INSTS_LDS",83886080.000000,2686588229989,2686630402241
416,416,"Agent 1",1,21594,21594,131072,17,"pk_gemm(__half const*, __half const*, __half*, int, int, int)",128,8704,0,208,0,128,"SQ_WAIT_INST_LDS",1606887.000000,2686588229989,2686630402241
417,417,"Agent 1",1,21594,21594,131072,17,"pk_gemm(__half const*, __half const*, __half*, int, int, int)",128,8704,0,208,0,128,"SQC_LDS_BANK_CONFLICT",33554432.000000,2686630434781,2686669243816
417,417,"Agent 1",1,21594,21594,131072,17,"pk_gemm(__half const*, __half const*, __half*, int, int, int)",128,8704,0,208,0,128,"SQC_LDS_IDX_ACTIVE",268435456.000000,2686630434781,2686669243816
417,417,"Agent 1",1,21594,21594,131072,17,"pk_gemm(__half const*, __half const*, __half*, int, int, int)",128,8704,0,208,0,128,"SQ_INSTS_LDS",83886080.000000,2686630434781,2686669243816
417,417,"Agent 1",1,21594,21594,131072,17,"pk_gemm(__half const*, __half const*, __half*, int, int, int)",128,8704,0,208,0,128,"SQ_WAIT_INST_LDS",1605622.000000,2686630434781,2686669243816
418,418,"Agent 1",1,21594,21594,131072,17,"pk_gemm(__half const*, __half const*, __half*, int, int, int)",128,8704,0,208,0,128,"SQC_LDS_BANK_CONFLICT",33554432.000000,2686669275348,2686716637760
418,418,"Agent 1",1,21594,21594,131072,17,"pk_gemm(__half const*, __half const*, __half*, int, int, int)",128,8704,0,208,0,128,"SQC_LDS_IDX_ACTIVE",268435456.000000,2686669275348,2686716637760
418,418,"Agent 1",1,21594,21594,131072,17,"pk_gemm(__half const*, __half const*, __half*, int, int, int)",128,8704,0,208,0,128,"SQ_INSTS_LDS",83886080.000000,2686669275348,2686716637760
418,418,"Agent 1",1,21594,21594,131072,17,"pk_gemm(__half const*, __half const*, __half*, int, int, int)",128,8704,0,208,0,128,"SQ_WAIT_INST_LDS",1555501.000000,2686669275348,2686716637760
419,419,"Agent 1",1,21594,21594,131072,17,"pk_gemm(__half const*, __half const*, __half*, int, int, int)",128,8704,0,208,0,128,"SQC_LDS_BANK_CONFLICT",33554432.000000,2686716672344,2686767140652
419,419,"Agent 1",1,21594,21594,131072,17,"pk_gemm(__half const*, __half const*, __half*, int, int, int)",128,8704,0,208,0,128,"SQC_LDS_IDX_ACTIVE",268435456.000000,2686716672344,2686767140652
419,419,"Agent 1",1,21594,21594,131072,17,"pk_gemm(__half const*, __half const*, __half*, int, int, int)",128,8704,0,208,0,128,"SQ_INSTS_LDS",83886080.000000,2686716672344,2686767140652
419,419,"Agent 1",1,21594,21594,131072,17,"pk_gemm(__half const*, __half const*, __half*, int, int, int)",128,8704,0,208,0,128,"SQ_WAIT_INST_LDS",1567298.000000,2686716672344,2686767140652
420,420,"Agent 1",1,21594,21594,131072,17,"pk_gemm(__half const*, __half const*, __half*, int, int, int)",128,8704,0,208,0,128,"SQC_LDS_BANK_CONFLICT",33554432.000000,2686767172933,2686810502833
420,420,"Agent 1",1,21594,21594,131072,17,"pk_gemm(__half const*, __half const*, __half*, int, int, int)",128,8704,0,208,0,128,"SQC_LDS_IDX_ACTIVE",268435456.000000,2686767172933,2686810502833
420,420,"Agent 1",1,21594,21594,131072,17,"pk_gemm(__half const*, __half const*, __half*, int, int, int)",128,8704,0,208,0,128,"SQ_INSTS_LDS",83886080.000000,2686767172933,2686810502833
420,420,"Agent 1",1,21594,21594,131072,17,"pk_gemm(__half const*, __half const*, __half*, int, int, int)",128,8704,0,208,0,128,"SQ_WAIT_INST_LDS",1602614.000000,2686767172933,2686810502833
421,421,"Agent 1",1,21594,21594,131072,17,"pk_gemm(__half const*, __half const*, __half*, int, int, int)",128,8704,0,208,0,128,"SQC_LDS_BANK_CONFLICT",33554432.000000,2686810534211,2686854323210
421,421,"Agent 1",1,21594,21594,131072,17,"pk_gemm(__half const*, __half const*, __half*, int, int, int)",128,8704,0,208,0,128,"SQC_LDS_IDX_ACTIVE",268435456.000000,2686810534211,2686854323210
421,421,"Agent 1",1,21594,21594,131072,17,"pk_gemm(__half const*, __half const*, __half*, int, int, int)",128,8704,0,208,0,128,"SQ_INSTS_LDS",83886080.000000,2686810534211,2686854323210
421,421,"Agent 1",1,21594,21594,131072,17,"pk_gemm(__half const*, __half const*, __half*, int, int, int)",128,8704,0,208,0,128,"SQ_WAIT_INST_LDS",1571560.000000,2686810534211,2686854323210
422,422,"Agent 1",1,21594,21594,131072,17,"pk_gemm(__half const*, __half const*, __half*, int, int, int)",128,8704,0,208,0,128,"SQC_LDS_BANK_CONFLICT",33554432.000000,2686854353803,2686898501875
422,422,"Agent 1",1,21594,21594,131072,17,"pk_gemm(__half const*, __half const*, __half*, int, int, int)",128,8704,0,208,0,128,"SQC_LDS_IDX_ACTIVE",268435456.000000,2686854353803,2686898501875
422,422,"Agent 1",1,21594,21594,131072,17,"pk_gemm(__half const*, __half const*, __half*, int, int, int)",128,8704,0,208,0,128,"SQ_INSTS_LDS",83886080.000000,2686854353803,2686898501875
422,422,"Agent 1",1,21594,21594,131072,17,"pk_gemm(__half const*, __half const*, __half*, int, int, int)",128,8704,0,208,0,128,"SQ_WAIT_INST_LDS",1587974.000000,2686854353803,2686898501875
423,423,"Agent 1",1,21594,21594,131072,17,"pk_gemm(__half const*, __half const*, __half*, int, int, int)",128,8704,0,208,0,128,"SQC_LDS_BANK_CONFLICT",33554432.000000,2686898537100,2686953423721
423,423,"Agent 1",1,21594,21594,131072,17,"pk_gemm(__half const*, __half const*, __half*, int, int, int)",128,8704,0,208,0,128,"SQC_LDS_IDX_ACTIVE",268435456.000000,2686898537100,2686953423721
423,423,"Agent 1",1,21594,21594,131072,17,"pk_gemm(__half const*, __half const*, __half*, int, int, int)",128,8704,0,208,0,128,"SQ_INSTS_LDS",83886080.000000,2686898537100,2686953423721
423,423,"Agent 1",1,21594,21594,131072,17,"pk_gemm(__half const*, __half const*, __half*, int, int, int)",128,8704,0,208,0,128,"SQ_WAIT_INST_LDS",1523606.000000,2686898537100,2686953423721
424,424,"Agent 1",1,21594,21594,131072,17,"pk_gemm(__half const*, __half const*, __half*, int, int, int)",128,8704,0,208,0,128,"SQC_LDS_BANK_CONFLICT",33554432.000000,2686953490742,2687015341726
424,424,"Agent 1",1,21594,21594,131072,17,"pk_gemm(__half const*, __half const*, __half*, int, int, int)",128,8704,0,208,0,128,"SQC_LDS_IDX_ACTIVE",268435456.000000,2686953490742,2687015341726
424,424,"Agent 1",1,21594,21594,131072,17,"pk_gemm(__half const*, __half const*, __half*, int, int, int)",128,8704,0,208,0,128,"SQ_INSTS_LDS",83886080.000000,2686953490742,2687015341726
424,424,"Agent 1",1,21594,21594,131072,17,"pk_gemm(__half const*, __half const*, __half*, int, int, int)",128,8704,0,208,0,128,"SQ_WAIT_INST_LDS",1487954.000000,2686953490742,2687015341726
425,425,"Agent 1",1,21594,21594,131072,17,"pk_gemm(__half const*, __half const*, __half*, int, int, int)",128,8704,0,208,0,128,"SQC_LDS_BANK_CONFLICT",33554432.000000,2687015379034,2687067881792
425,425,"Agent 1",1,21594,21594,131072,17,"pk_gemm(__half const*, __half const*, __half*, int, int, int)",128,8704,0,208,0,128,"SQC_LDS_IDX_ACTIVE",268435456.000000,2687015379034,2687067881792
425,425,"Agent 1",1,21594,21594,131072,17,"pk_gemm(__half const*, __half const*, __half*, int, int, int)",128,8704,0,208,0,128,"SQ_INSTS_LDS",83886080.000000,2687015379034,2687067881792
425,425,"Agent 1",1,21594,21594,131072,17,"pk_gemm(__half const*, __half const*, __half*, int, int, int)",128,8704,0,208,0,128,"SQ_WAIT_INST_LDS",1534971.000000,2687015379034,2687067881792
426,426,"Agent 1",1,21594,21594,131072,17,"pk_gemm(__half const*, __half const*, __half*, int, int, int)",128,8704,0,208,0,128,"SQC_LDS_BANK_CONFLICT",33554432.000000,2687067918148,2687128830574
426,426,"Agent 1",1,21594,21594,131072,17,"pk_gemm(__half const*, __half const*, __half*, int, int, int)",128,8704,0,208,0,128,"SQC_LDS_IDX_ACTIVE",268435456.000000,2687067918148,2687128830574
426,426,"Agent 1",1,21594,21594,131072,17,"pk_gemm(__half const*, __half const*, __half*, int, int, int)",128,8704,0,208,0,128,"SQ_INSTS_LDS",83886080.000000,2687067918148,2687128830574
426,426,"Agent 1",1,21594,21594,131072,17,"pk_gemm(__half const*, __half const*, __half*, int, int, int)",128,8704,0,208,0,128,"SQ_WAIT_INST_LDS",1513530.000000,2687067918148,2687128830574
427,427,"Agent 1",1,21594,21594,131072,17,"pk_gemm(__half const*, __half const*, __half*, int, int, int)",128,8704,0,208,0,128,"SQC_LDS_BANK_CONFLICT",33554432.000000,2687128870528,2687164933099
427,427,"Agent 1",1,21594,21594,131072,17,"pk_gemm(__half const*, __half const*, __half*, int, int, int)",128,8704,0,208,0,128,"SQC_LDS_IDX_ACTIVE",268435456.000000,2687128870528,2687164933099
427,427,"Agent 1",1,21594,21594,131072,17,"pk_gemm(__half const*, __half const*, __half*, int, int, int)",128,8704,0,208,0,128,"SQ_INSTS_LDS",83886080.000000,2687128870528,2687164933099
427,427,"Agent 1",1,21594,21594,131072,17,"pk_gemm(__half const*, __half const*, __half*, int, int, int)",128,8704,0,208,0,128,"SQ_WAIT_INST_LDS",1604265.000000,2687128870528,2687164933099
428,428,"Agent 1",1,21594,21594,131072,17,"pk_gemm(__half const*, __half const*, __half*, int, int, int)",128,8704,0,208,0,128,"SQC_LDS_BANK_CONFLICT",33554432.000000,2687164967766,2687207577317
428,428,"Agent 1",1,21594,21594,131072,17,"pk_gemm(__half const*, __half const*, __half*, int, int, int)",128,8704,0,208,0,128,"SQC_LDS_IDX_ACTIVE",268435456.000000,2687164967766,2687207577317
428,428,"Agent 1",1,21594,21594,131072,17,"pk_gemm(__half const*, __half const*, __half*, int, int, int)",128,8704,0,208,0,128,"SQ_INSTS_LDS",83886080.000000,2687164967766,2687207577317
428,428,"Agent 1",1,21594,21594,131072,17,"pk_gemm(__half const*, __half const*, __half*, int, int, int)",128,8704,0,208,0,128,"SQ_WAIT_INST_LDS",1601212.000000,2687164967766,2687207577317
429,429,"Agent 1",1,21594,21594,131072,17,"pk_gemm(__half const*, __half const*, __half*, int, int, int)",128,8704,0,208,0,128,"SQC_LDS_BANK_CONFLICT",33554432.000000,2687207617431,2687267971291
429,429,"Agent 1",1,21594,21594,131072,17,"pk_gemm(__half const*, __half const*, __half*, int, int, int)",128,8704,0,208,0,128,"SQC_LDS_IDX_ACTIVE",268435456.000000,2687207617431,2687267971291
429,429,"Agent 1",1,21594,21594,131072,17,"pk_gemm(__half const*, __half const*, __half*, int, int, int)",128,8704,0,208,0,128,"SQ_INSTS_LDS",83886080.000000,2687207617431,2687267971291
429,429,"Agent 1",1,21594,21594,131072,17,"pk_gemm(__half const*, __half const*, __half*, int, int, int)",128,8704,0,208,0,128,"SQ_WAIT_INST_LDS",1497843.000000,2687207617431,2687267971291
430,430,"Agent 1",1,21594,21594,131072,17,"pk_gemm(__half const*, __half const*, __half*, int, int, int)",128,8704,0,208,0,128,"SQC_LDS_BANK_CONFLICT",33554432.000000,2687268006214,2687321643255
430,430,"Agent 1",1,21594,21594,131072,17,"pk_gemm(__half const*, __half const*, __half*, int, int, int)",128,8704,0,208,0,128,"SQC_LDS_IDX_ACTIVE",268435456.000000,2687268006214,2687321643255
430,430,"Agent 1",1,21594,21594,131072,17,"pk_gemm(__half const*, __half const*, __half*, int, int, int)",128,8704,0,208,0,128,"SQ_INSTS_LDS",83886080.000000,2687268006214,2687321643255
430,430,"Agent 1",1,21594,21594,131072,17,"pk_gemm(__half const*, __half const*, __half*, int, int, int)",128,8704,0,208,0,128,"SQ_WAIT_INST_LDS",1570228.000000,2687268006214,2687321643255
431,431,"Agent 1",1,21594,21594,131072,17,"pk_gemm(__half const*, __half const*, __half*, int, int, int)",128,8704,0,208,0,128,"SQC_LDS_BANK_CONFLICT",33554432.000000,2687321679442,2687360542738
431,431,"Agent 1",1,21594,21594,131072,17,"pk_gemm(__half const*, __half const*, __half*, int, int, int)",128,8704,0,208,0,128,"SQC_LDS_IDX_ACTIVE",268435456.000000,2687321679442,2687360542738
431,431,"Agent 1",1,21594,21594,131072,17,"pk_gemm(__half const*, __half const*, __half*, int, int, int)",128,8704,0,208,0,128,"SQ_INSTS_LDS",83886080.000000,2687321679442,2687360542738
431,431,"Agent 1",1,21594,21594,131072,17,"pk_gemm(__half const*, __half const*, __half*, int, int, int)",128,8704,0,208,0,128,"SQ_WAIT_INST_LDS",1602711.000000,2687321679442,2687360542738
432,432,"Agent 1",1,21594,21594,131072,17,"pk_gemm(__half const*, __half const*, __half*, int, int, int)",128,8704,0,208,0,128,"SQC_LDS_BANK_CONFLICT",33554432.000000,2687360577897,2687400028854
432,432,"Agent 1",1,21594,21594,131072,17,"pk_gemm(__half const*, __half const*, __half*, int, int, int)",128,8704,0,208,0,128,"SQC_LDS_IDX_ACTIVE",268435456.000000,2687360577897,2687400028854
432,432,"Agent 1",1,21594,21594,131072,17,"pk_gemm(__half const*, __half const*, __half*, int, int, int)",128,8704,0,208,0,128,"SQ_INSTS_LDS",83886080.000000,2687360577897,2687400028854
432,432,"Agent 1",1,21594,21594,131072,17,"pk_gemm(__half const*, __half const*, __half*, int, int, int)",128,8704,0,208,0,128,"SQ_WAIT_INST_LDS",1618397.000000,2687360577897,2687400028854
433,433,"Agent 1",1,21594,21594,131072,17,"pk_gemm(__half const*, __half const*, __half*, int, int, int)",128,8704,0,208,0,128,"SQC_LDS_BANK_CONFLICT",33554432.000000,2687400065642,2687450208461
433,433,"Agent 1",1,21594,21594,131072,17,"pk_gemm(__half const*, __half const*, __half*, int, int, int)",128,8704,0,208,0,128,"SQC_LDS_IDX_ACTIVE",268435456.000000,2687400065642,2687450208461
433,433,"Agent 1",1,21594,21594,131072,17,"pk_gemm(__half const*, __half const*, __half*, int, int, int)",128,8704,0,208,0,128,"SQ_INSTS_LDS",83886080.000000,2687400065642,2687450208461
433,433,"Agent 1",1,21594,21594,131072,17,"pk_gemm(__half const*, __half const*, __half*, int, int, int)",128,8704,0,208,0,128,"SQ_WAIT_INST_LDS",1584471.000000,2687400065642,2687450208461
434,434,"Agent 1",1,21594,21594,131072,17,"pk_gemm(__half const*, __half const*, __half*, int, int, int)",128,8704,0,208,0,128,"SQC_LDS_BANK_CONFLICT",33554432.000000,2687450242785,2687508315734
434,434,"Agent 1",1,21594,21594,131072,17,"pk_gemm(__half const*, __half const*, __half*, int, int, int)",128,8704,0,208,0,128,"SQC_LDS_IDX_ACTIVE",268435456.000000,2687450242785,2687508315734
434,434,"Agent 1",1,21594,21594,131072,17,"pk_gemm(__half const*, __half const*, __half*, int, int, int)",128,8704,0,208,0,128,"SQ_INSTS_LDS",83886080.000000,2687450242785,2687508315734
434,434,"Agent 1",1,21594,21594,131072,17,"pk_gemm(__half const*, __half const*, __half*, int, int, int)",128,8704,0,208,0,128,"SQ_WAIT_INST_LDS",1489567.000000,2687450242785,2687508315734
435,435,"Agent 1",1,21594,21594,131072,17,"pk_gemm(__half const*, __half const*, __half*, int, int, int)",128,8704,0,208,0,128,"SQC_LDS_BANK_CONFLICT",33554432.000000,2687508352803,2687552849969
435,435,"Agent 1",1,21594,21594,131072,17,"pk_gemm(__half const*, __half const*, __half*, int, int, int)",128,8704,0,208,0,128,"SQC_LDS_IDX_ACTIVE",268435456.000000,2687508352803,2687552849969
435,435,"Agent 1",1,21594,21594,131072,17,"pk_gemm(__half const*, __half const*, __half*, int, int, int)",128,8704,0,208,0,128,"SQ_INSTS_LDS",83886080.000000,2687508352803,2687552849969
435,435,"Agent 1",1,21594,21594,131072,17,"pk_gemm(__half const*, __half const*, __half*, int, int, int)",128,8704,0,208,0,128,"SQ_WAIT_INST_LDS",1593376.000000,2687508352803,2687552849969
436,436,"Agent 1",1,21594,21594,131072,17,"pk_gemm(__half const*, __half const*, __half*, int, int, int)",128,8704,0,208,0,128,"SQC_LDS_BANK_CONFLICT",33554432.000000,2687552884900,2687606408730
436,436,"Agent 1",1,21594,21594,131072,17,"pk_gemm(__half const*, __half const*, __half*, int, int, int)",128,8704,0,208,0,128,"SQC_LDS_IDX_ACTIVE",268435456.000000,2687552884900,2687606408730
436,436,"Agent 1",1,21594,21594,131072,17,"pk_gemm(__half const*, __half const*, __half*, int, int, int)",128,8704,0,208,0,128,"SQ_INSTS_LDS",83886080.000000,2687552884900,2687606408730
436,436,"Agent 1",1,21594,21594,131072,17,"pk_gemm(__half const*, __half const*, __half*, int, int, int)",128,8704,0,208,0,128,"SQ_WAIT_INST_LDS",1539497.000000,2687552884900,2687606408730
437,437,"Agent 1",1,21594,21594,131072,17,"pk_gemm(__half const*, __half const*, __half*, int, int, int)",128,8704,0,208,0,128,"SQC_LDS_BANK_CONFLICT",33554432.000000,2687606445879,2687642197508
437,437,"Agent 1",1,21594,21594,131072,17,"pk_gemm(__half const*, __half const*, __half*, int, int, int)",128,8704,0,208,0,128,"SQC_LDS_IDX_ACTIVE",268435456.000000,2687606445879,2687642197508
437,437,"Agent 1",1,21594,21594,131072,17,"pk_gemm(__half const*, __half const*, __half*, int, int, int)",128,8704,0,208,0,128,"SQ_INSTS_LDS",83886080.000000,2687606445879,2687642197508
437,437,"Agent 1",1,21594,21594,131072,17,"pk_gemm(__half const*, __half const*, __half*, int, int, int)",128,8704,0,208,0,128,"SQ_WAIT_INST_LDS",1615306.000000,2687606445879,2687642197508
438,438,"Agent 1",1,21594,21594,131072,17,"pk_gemm(__half const*, __half const*, __half*, int, int, int)",128,8704,0,208,0,128,"SQC_LDS_BANK_CONFLICT",33554432.000000,2687642231096,2687699949381
438,438,"Agent 1",1,21594,21594,131072,17,"pk_gemm(__half const*, __half const*, __half*, int, int, int)",128,8704,0,208,0,128,"SQC_LDS_IDX_ACTIVE",268435456.000000,2687642231096,2687699949381
438,438,"Agent 1",1,21594,21594,131072,17,"pk_gemm(__half const*, __half const*, __half*, int, int, int)",128,8704,0,208,0,128,"SQ_INSTS_LDS",83886080.000000,2687642231096,2687699949381
438,438,"Agent 1",1,21594,21594,131072,17,"pk_gemm(__half const*, __half const*, __half*, int, int, int)",128,8704,0,208,0,128,"SQ_WAIT_INST_LDS",1531290.000000,2687642231096,2687699949381
439,439,"Agent 1",1,21594,21594,131072,17,"pk_gemm(__half const*, __half const*, __half*, int, int, int)",128,8704,0,208,0,128,"SQC_LDS_BANK_CONFLICT",33554432.000000,2687699985047,2687758351746
439,439,"Agent 1",1,21594,21594,131072,17,"pk_gemm(__half const*, __half const*, __half*, int, int, int)",128,8704,0,208,0,128,"SQC_LDS_IDX_ACTIVE",268435456.000000,2687699985047,2687758351746
439,439,"Agent 1",1,21594,21594,131072,17,"pk_gemm(__half const*, __half const*, __half*, int, int, int)",128,8704,0,208,0,128,"SQ_INSTS_LDS",83886080.000000,2687699985047,2687758351746
439,439,"Agent 1",1,21594,21594,131072,17,"pk_gemm(__half const*, __half const*, __half*, int, int, int)",128,8704,0,208,0,128,"SQ_WAIT_INST_LDS",1522934.000000,2687699985047,2687758351746
440,440,"Agent 1",1,21594,21594,131072,17,"pk_gemm(__half const*, __half const*, __half*, int, int, int)",128,8704,0,208,0,128,"SQC_LDS_BANK_CONFLICT",33554432.000000,2687758383458,2687808393268
440,440,"Agent 1",1,21594,21594,131072,17,"pk_gemm(__half const*, __half const*, __half*, int, int, int)",128,8704,0,208,0,128,"SQC_LDS_IDX_ACTIVE",268435456.000000,2687758383458,2687808393268
440,440,"Agent 1",1,21594,21594,131072,17,"pk_gemm(__half const*, __half const*, __half*, int, int, int)",128,8704,0,208,0,128,"SQ_INSTS_LDS",83886080.000000,2687758383458,2687808393268
440,440,"Agent 1",1,21594,21594,131072,17,"pk_gemm(__half const*, __half const*, __half*, int, int, int)",128,8704,0,208,0,128,"SQ_WAIT_INST_LDS",1528625.000000,2687758383458,2687808393268
441,441,"Agent 1",1,21594,21594,131072,17,"pk_gemm(__half const*, __half const*, __half*, int, int, int)",128,8704,0,208,0,128,"SQC_LDS_BANK_CONFLICT",33554432.000000,2687808429104,2687872413242
441,441,"Agent 1",1,21594,21594,131072,17,"pk_gemm(__half const*, __half const*, __half*, int, int, int)",128,8704,0,208,0,128,"SQC_LDS_IDX_ACTIVE",268435456.000000,2687808429104,2687872413242
441,441,"Agent 1",1,21594,21594,131072,17,"pk_gemm(__half const*, __half const*, __half*, int, int, int)",128,8704,0,208,0,128,"SQ_INSTS_LDS",83886080.000000,2687808429104,2687872413242
441,441,"Agent 1",1,21594,21594,131072,17,"pk_gemm(__half const*, __half const*, __half*, int, int, int)",128,8704,0,208,0,128,"SQ_WAIT_INST_LDS",1493952.000000,2687808429104,2687872413242
442,442,"Agent 1",1,21594,21594,131072,17,"pk_gemm(__half const*, __half const*, __half*, int, int, int)",128,8704,0,208,0,128,"SQC_LDS_BANK_CONFLICT",33554432.000000,2687872448347,2687933561229
442,442,"Agent 1",1,21594,21594,131072,17,"pk_gemm(__half const*, __half const*, __half*, int, int, int)",128,8704,0,208,0,128,"SQC_LDS_IDX_ACTIVE",268435456.000000,2687872448347,2687933561229
442,442,"Agent 1",1,21594,21594,131072,17,"pk_gemm(__half const*, __half const*, __half*, int, int, int)",128,8704,0,208,0,128,"SQ_INSTS_LDS",83886080.000000,2687872448347,2687933561229
442,442,"Agent 1",1,21594,21594,131072,17,"pk_gemm(__half const*, __half const*, __half*, int, int, int)",128,8704,0,208,0,128,"SQ_WAIT_INST_LDS",1523936.000000,2687872448347,2687933561229
443,443,"Agent 1",1,21594,21594,131072,17,"pk_gemm(__half const*, __half const*, __half*, int, int, int)",128,8704,0,208,0,128,"SQC_LDS_BANK_CONFLICT",33554432.000000,2687933592261,2687989733953
443,443,"Agent 1",1,21594,21594,131072,17,"pk_gemm(__half const*, __half const*, __half*, int, int, int)",128,8704,0,208,0,128,"SQC_LDS_IDX_ACTIVE",268435456.000000,2687933592261,2687989733953
443,443,"Agent 1",1,21594,21594,131072,17,"pk_gemm(__half const*, __half const*, __half*, int, int, int)",128,8704,0,208,0,128,"SQ_INSTS_LDS",83886080.000000,2687933592261,2687989733953
443,443,"Agent 1",1,21594,21594,131072,17,"pk_gemm(__half const*, __half const*, __half*, int, int, int)",128,8704,0,208,0,128,"SQ_WAIT_INST_LDS",1529895.000000,2687933592261,2687989733953
444,444,"Agent 1",1,21594,21594,131072,17,"pk_gemm(__half const*, __half const*, __half*, int, int, int)",128,8704,0,208,0,128,"SQC_LDS_BANK_CONFLICT",33554432.000000,2687989769819,2688030932862
444,444,"Agent 1",1,21594,21594,131072,17,"pk_gemm(__half const*, __half const*, __half*, int, int, int)",128,8704,0,208,0,128,"SQC_LDS_IDX_ACTIVE",268435456.000000,2687989769819,2688030932862
444,444,"Agent 1",1,21594,21594,131072,17,"pk_gemm(__half const*, __half const*, __half*, int, int, int)",128,8704,0,208,0,128,"SQ_INSTS_LDS",83886080.000000,2687989769819,2688030932862
444,444,"Agent 1",1,21594,21594,131072,17,"pk_gemm(__half const*, __half const*, __half*, int, int, int)",128,8704,0,208,0,128,"SQ_WAIT_INST_LDS",1623372.000000,2687989769819,2688030932862
445,445,"Agent 1",1,21594,21594,131072,17,"pk_gemm(__half const*, __half const*, __half*, int, int, int)",128,8704,0,208,0,128,"SQC_LDS_BANK_CONFLICT",33554432.000000,2688030964299,2688094127259
445,445,"Agent 1",1,21594,21594,131072,17,"pk_gemm(__half const*, __half const*, __half*, int, int, int)",128,8704,0,208,0,128,"SQC_LDS_IDX_ACTIVE",268435456.000000,2688030964299,2688094127259
445,445,"Agent 1",1,21594,21594,131072,17,"pk_gemm(__half const*, __half const*, __half*, int, int, int)",128,8704,0,208,0,128,"SQ_INSTS_LDS",83886080.000000,2688030964299,2688094127259
445,445,"Agent 1",1,21594,21594,131072,17,"pk_gemm(__half const*, __half const*, __half*, int, int, int)",128,8704,0,208,0,128,"SQ_WAIT_INST_LDS",1508396.000000,2688030964299,2688094127259
446,446,"Agent 1",1,21594,21594,131072,17,"pk_gemm(__half const*, __half const*, __half*, int, int, int)",128,8704,0,208,0,128,"SQC_LDS_BANK_CONFLICT",33554432.000000,2688094160641,2688140774651
446,446,"Agent 1",1,21594,21594,131072,17,"pk_gemm(__half const*, __half const*, __half*, int, int, int)",128,8704,0,208,0,128,"SQC_LDS_IDX_ACTIVE",268435456.000000,2688094160641,2688140774651
446,446,"Agent 1",1,21594,21594,131072,17,"pk_gemm(__half const*, __half const*, __half*, int, int, int)",128,8704,0,208,0,128,"SQ_INSTS_LDS",83886080.000000,2688094160641,2688140774651
446,446,"Agent 1",1,21594,21594,131072,17,"pk_gemm(__half const*, __half const*, __half*, int, int, int)",128,8704,0,208,0,128,"SQ_WAIT_INST_LDS",1572785.000000,2688094160641,2688140774651
447,447,"Agent 1",1,21594,21594,131072,17,"pk_gemm(__half const*, __half const*, __half*, int, int, int)",128,8704,0,208,0,128,"SQC_LDS_BANK_CONFLICT",33554432.000000,2688140805369,2688198114087
447,447,"Agent 1",1,21594,21594,131072,17,"pk_gemm(__half const*, __half const*, __half*, int, int, int)",128,8704,0,208,0,128,"SQC_LDS_IDX_ACTIVE",268435456.000000,2688140805369,2688198114087
447,447,"Agent 1",1,21594,21594,131072,17,"pk_gemm(__half const*, __half const*, __half*, int, int, int)",128,8704,0,208,0,128,"SQ_INSTS_LDS",83886080.000000,2688140805369,2688198114087
447,447,"Agent 1",1,21594,21594,131072,17,"pk_gemm(__half const*, __half const*, __half*, int, int, int)",128,8704,0,208,0,128,"SQ_WAIT_INST_LDS",1514573.000000,2688140805369,2688198114087
448,448,"Agent 1",1,21594,21594,131072,17,"pk_gemm(__half const*, __half const*, __half*, int, int, int)",128,8704,0,208,0,128,"SQC_LDS_BANK_CONFLICT",33554432.000000,2688198149032,2688258142257
448,448,"Agent 1",1,21594,21594,131072,17,"pk_gemm(__half const*, __half const*, __half*, int, int, int)",128,8704,0,208,0,128,"SQC_LDS_IDX_ACTIVE",268435456.000000,2688198149032,2688258142257
448,448,"Agent 1",1,21594,21594,131072,17,"pk_gemm(__half const*, __half const*, __half*, int, int, int)",128,8704,0,208,0,128,"SQ_INSTS_LDS",83886080.000000,2688198149032,2688258142257
448,448,"Agent 1",1,21594,21594,131072,17,"pk_gemm(__half const*, __half const*, __half*, int, int, int)",128,8704,0,208,0,128,"SQ_WAIT_INST_LDS",1521361.000000,2688198149032,2688258142257
449,449,"Agent 1",1,21594,21594,131072,17,"pk_gemm(__half const*, __half const*, __half*, int, int, int)",128,8704,0,208,0,128,"SQC_LDS_BANK_CONFLICT",33554432.000000,2688258173922,2688305819705
449,449,"Agent 1",1,21594,21594,131072,17,"pk_gemm(__half const*, __half const*, __half*, int, int, int)",128,8704,0,208,0,128,"SQC_LDS_IDX_ACTIVE",268435456.000000,2688258173922,2688305819705
449,449,"Agent 1",1,21594,21594,131072,17,"pk_gemm(__half const*, __half const*, __half*, int, int, int)",128,8704,0,208,0,128,"SQ_INSTS_LDS",83886080.000000,2688258173922,2688305819705
449,449,"Agent 1",1,21594,21594,131072,17,"pk_gemm(__half const*, __half const*, __half*, int, int, int)",128,8704,0,208,0,128,"SQ_WAIT_INST_LDS",1586115.000000,2688258173922,2688305819705
450,450,"Agent 1",1,21594,21594,131072,17,"pk_gemm(__half const*, __half const*, __half*, int, int, int)",128,8704,0,208,0,128,"SQC_LDS_BANK_CONFLICT",33554432.000000,2688305851564,2688350201014
450,450,"Agent 1",1,21594,21594,131072,17,"pk_gemm(__half const*, __half const*, __half*, int, int, int)",128,8704,0,208,0,128,"SQC_LDS_IDX_ACTIVE",268435456.000000,2688305851564,2688350201014
450,450,"Agent 1",1,21594,21594,131072,17,"pk_gemm(__half const*, __half const*, __half*, int, int, int)",128,8704,0,208,0,128,"SQ_INSTS_LDS",83886080.000000,2688305851564,2688350201014
450,450,"Agent 1",1,21594,21594,131072,17,"pk_gemm(__half const*, __half const*, __half*, int, int, int)",128,8704,0,208,0,128,"SQ_WAIT_INST_LDS",1573245.000000,2688305851564,2688350201014
451,451,"Agent 1",1,21594,21594,131072,17,"pk_gemm(__half const*, __half const*, __half*, int, int, int)",128,8704,0,208,0,128,"SQC_LDS_BANK_CONFLICT",33554432.000000,2688350233644,2688417343076
451,451,"Agent 1",1,21594,21594,131072,17,"pk_gemm(__half const*, __half const*, __half*, int, int, int)",128,8704,0,208,0,128,"SQC_LDS_IDX_ACTIVE",268435456.000000,2688350233644,2688417343076
451,451,"Agent 1",1,21594,21594,131072,17,"pk_gemm(__half const*, __half const*, __half*, int, int, int)",128,8704,0,208,0,128,"SQ_INSTS_LDS",83886080.000000,2688350233644,2688417343076
451,451,"Agent 1",1,21594,21594,131072,17,"pk_gemm(__half const*, __half const*, __half*, int, int, int)",128,8704,0,208,0,128,"SQ_WAIT_INST_LDS",1466941.000000,2688350233644,2688417343076
452,452,"Agent 1",1,21594,21594,131072,17,"pk_gemm(__half const*, __half const*, __half*, int, int, int)",128,8704,0,208,0,128,"SQC_LDS_BANK_CONFLICT",33554432.000000,2688417376254,2688481204781
452,452,"Agent 1",1,21594,21594,131072,17,"pk_gemm(__half const*, __half const*, __half*, int, int, int)",128,8704,0,208,0,128,"SQC_LDS_IDX_ACTIVE",268435456.000000,2688417376254,2688481204781
452,452,"Agent 1",1,21594,21594,131072,17,"pk_gemm(__half const*, __half const*, __half*, int, int, int)",128,8704,0,208,0,128,"SQ_INSTS_LDS",83886080.000000,2688417376254,2688481204781
452,452,"Agent 1",1,21594,21594,131072,17,"pk_gemm(__half const*, __half const*, __half*, int, int, int)",128,8704,0,208,0,128,"SQ_WAIT_INST_LDS",1512025.000000,2688417376254,2688481204781
453,453,"Agent 1",1,21594,21594,131072,17,"pk_gemm(__half const*, __half const*, __half*, int, int, int)",128,8704,0,208,0,128,"SQC_LDS_BANK_CONFLICT",33554432.000000,2688481238211,2688548144876
453,453,"Agent 1",1,21594,21594,131072,17,"pk_gemm(__half const*, __half const*, __half*, int, int, int)",128,8704,0,208,0,128,"SQC_LDS_IDX_ACTIVE",268435456.000000,2688481238211,2688548144876
453,453,"Agent 1",1,21594,21594,131072,17,"pk_gemm(__half const*, __half const*, __half*, int, int, int)",128,8704,0,208,0,128,"SQ_INSTS_LDS",83886080.000000,2688481238211,2688548144876
453,453,"Agent 1",1,21594,21594,131072,17,"pk_gemm(__half const*, __half const*, __half*, int, int, int)",128,8704,0,208,0,128,"SQ_WAIT_INST_LDS",1475432.000000,2688481238211,2688548144876
454,454,"Agent 1",1,21594,21594,131072,17,"pk_gemm(__half const*, __half const*, __half*, int, int, int)",128,8704,0,208,0,128,"SQC_LDS_BANK_CONFLICT",33554432.000000,2688548201758,2688612956302
454,454,"Agent 1",1,21594,21594,131072,17,"pk_gemm(__half const*, __half const*, __half*, int, int, int)",128,8704,0,208,0,128,"SQC_LDS_IDX_ACTIVE",268435456.000000,2688548201758,2688612956302
454,454,"Agent 1",1,21594,21594,131072,17,"pk_gemm(__half const*, __half const*, __half*, int, int, int)",128,8704,0,208,0,128,"SQ_INSTS_LDS",83886080.000000,2688548201758,2688612956302
454,454,"Agent 1",1,21594,21594,131072,17,"pk_gemm(__half const*, __half const*, __half*, int, int, int)",128,8704,0,208,0,128,"SQ_WAIT_INST_LDS",1477089.000000,2688548201758,2688612956302
455,455,"Agent 1",1,21594,21594,131072,17,"pk_gemm(__half const*, __half const*, __half*, int, int, int)",128,8704,0,208,0,128,"SQC_LDS_BANK_CONFLICT",33554432.000000,2688613000463,2688668429258
455,455,"Agent 1",1,21594,21594,131072,17,"pk_gemm(__half const*, __half const*, __half*, int, int, int)",128,8704,0,208,0,128,"SQC_LDS_IDX_ACTIVE",268435456.000000,2688613000463,2688668429258
455,455,"Agent 1",1,21594,21594,131072,17,"pk_gemm(__half const*, __half const*, __half*, int, int, int)",128,8704,0,208,0,128,"SQ_INSTS_LDS",83886080.000000,2688613000463,2688668429258
455,455,"Agent 1",1,21594,21594,131072,17,"pk_gemm(__half const*, __half const*, __half*, int, int, int)",128,8704,0,208,0,128,"SQ_WAIT_INST_LDS",1538471.000000,2688613000463,2688668429258
456,456,"Agent 1",1,21594,21594,131072,17,"pk_gemm(__half const*, __half const*, __half*, int, int, int)",128,8704,0,208,0,128,"SQC_LDS_BANK_CONFLICT",33554432.000000,2688668461819,2688729041742
456,456,"Agent 1",1,21594,21594,131072,17,"pk_gemm(__half const*, __half const*, __half*, int, int, int)",128,8704,0,208,0,128,"SQC_LDS_IDX_ACTIVE",268435456.000000,2688668461819,2688729041742
456,456,"Agent 1",1,21594,21594,131072,17,"pk_gemm(__half const*, __half const*, __half*, int, int, int)",128,8704,0,208,0,128,"SQ_INSTS_LDS",83886080.000000,2688668461819,2688729041742
456,456,"Agent 1",1,21594,21594,131072,17,"pk_gemm(__half const*, __half const*, __half*, int, int, int)",128,8704,0,208,0,128,"SQ_WAIT_INST_LDS",1522477.000000,2688668461819,2688729041742
457,457,"Agent 1",1,21594,21594,131072,17,"pk_gemm(__half const*, __half const*, __half*, int, int, int)",128,8704,0,208,0,128,"SQC_LDS_BANK_CONFLICT",33554432.000000,2688729080173,2688775473850
457,457,"Agent 1",1,21594,21594,131072,17,"pk_gemm(__half const*, __half const*, __half*, int, int, int)",128,8704,0,208,0,128,"SQC_LDS_IDX_ACTIVE",268435456.000000,2688729080173,2688775473850
457,457,"Agent 1",1,21594,21594,131072,17,"pk_gemm(__half const*, __half const*, __half*, int, int, int)",128,8704,0,208,0,128,"SQ_INSTS_LDS",83886080.000000,2688729080173,2688775473850
457,457,"Agent 1",1,21594,21594,131072,17,"pk_gemm(__half const*, __half const*, __half*, int, int, int)",128,8704,0,208,0,128,"SQ_WAIT_INST_LDS",1592124.000000,2688729080173,2688775473850
458,458,"Agent 1",1,21594,21594,131072,17,"pk_gemm(__half const*, __half const*, __half*, int, int, int)",128,8704,0,208,0,128,"SQC_LDS_BANK_CONFLICT",33554432.000000,2688775511024,2688836977007
458,458,"Agent 1",1,21594,21594,131072,17,"pk_gemm(__half const*, __half const*, __half*, int, int, int)",128,8704,0,208,0,128,"SQC_LDS_IDX_ACTIVE",268435456.000000,2688775511024,2688836977007
458,458,"Agent 1",1,21594,21594,131072,17,"pk_gemm(__half const*, __half const*, __half*, int, int, int)",128,8704,0,208,0,128,"SQ_INSTS_LDS",83886080.000000,2688775511024,2688836977007
458,458,"Agent 1",1,21594,21594,131072,17,"pk_gemm(__half const*, __half const*, __half*, int, int, int)",128,8704,0,208,0,128,"SQ_WAIT_INST_LDS",1514084.000000,2688775511024,2688836977007
459,459,"Agent 1",1,21594,21594,131072,17,"pk_gemm(__half const*, __half const*, __half*, int, int, int)",128,8704,0,208,0,128,"SQC_LDS_BANK_CONFLICT",33554432.000000,2688837015317,2688890842916
459,459,"Agent 1",1,21594,21594,131072,17,"pk_gemm(__half const*, __half const*, __half*, int, int, int)",128,8704,0,208,0,128,"SQC_LDS_IDX_ACTIVE",268435456.000000,2688837015317,2688890842916
459,459,"Agent 1",1,21594,21594,131072,17,"pk_gemm(__half const*, __half const*, __half*, int, int, int)",128,8704,0,208,0,128,"SQ_INSTS_LDS",83886080.000000,2688837015317,2688890842916
459,459,"Agent 1",1,21594,21594,131072,17,"pk_gemm(__half const*, __half const*, __half*, int, int, int)",128,8704,0,208,0,128,"SQ_WAIT_INST_LDS",1535055.000000,2688837015317,2688890842916
460,460,"Agent 1",1,21594,21594,131072,17,"pk_gemm(__half const*, __half const*, __half*, int, int, int)",128,8704,0,208,0,128,"SQC_LDS_BANK_CONFLICT",33554432.000000,2688890878487,2688948174861
460,460,"Agent 1",1,21594,21594,131072,17,"pk_gemm(__half const*, __half const*, __half*, int, int, int)",128,8704,0,208,0,128,"SQC_LDS_IDX_ACTIVE",268435456.000000,2688890878487,2688948174861
460,460,"Agent 1",1,21594,21594,131072,17,"pk_gemm(__half const*, __half const*, __half*, int, int, int)",128,8704,0,208,0,128,"SQ_INSTS_LDS",83886080.000000,2688890878487,2688948174861
460,460,"Agent 1",1,21594,21594,131072,17,"pk_gemm(__half const*, __half const*, __half*, int, int, int)",128,8704,0,208,0,128,"SQ_WAIT_INST_LDS",1537861.000000,2688890878487,2688948174861
461,461,"Agent 1",1,21594,21594,131072,17,"pk_gemm(__half const*, __half const*, __half*, int, int, int)",128,8704,0,208,0,128,"SQC_LDS_BANK_CONFLICT",33554432.000000,2688948211930,2688992229398
461,461,"Agent 1",1,21594,21594,131072,17,"pk_gemm(__half const*, __half const*, __half*, int, int, int)",128,8704,0,208,0,128,"SQC_LDS_IDX_ACTIVE",268435456.000000,2688948211930,2688992229398
461,461,"Agent 1",1,21594,21594,131072,17,"pk_gemm(__half const*, __half const*, __half*, int, int, int)",128,8704,0,208,0,128,"SQ_INSTS_LDS",83886080.000000,2688948211930,2688992229398
461,461,"Agent 1",1,21594,21594,131072,17,"pk_gemm(__half const*, __half const*, __half*, int, int, int)",128,8704,0,208,0,128,"SQ_WAIT_INST_LDS",1578766.000000,2688948211930,2688992229398
462,462,"Agent 1",1,21594,21594,131072,17,"pk_gemm(__half const*, __half const*, __half*, int, int, int)",128,8704,0,208,0,128,"SQC_LDS_BANK_CONFLICT",33554432.000000,2688992265229,2689031644412
462,462,"Agent 1",1,21594,21594,131072,17,"pk_gemm(__half const*, __half const*, __half*, int, int, int)",128,8704,0,208,0,128,"SQC_LDS_IDX_ACTIVE",268435456.000000,2688992265229,2689031644412
462,462,"Agent 1",1,21594,21594,131072,17,"pk_gemm(__half const*, __half const*, __half*, int, int, int)",128,8704,0,208,0,128,"SQ_INSTS_LDS",83886080.000000,2688992265229,2689031644412
462,462,"Agent 1",1,21594,21594,131072,17,"pk_gemm(__half const*, __half const*, __half*, int, int, int)",128,8704,0,208,0,128,"SQ_WAIT_INST_LDS",1619084.000000,2688992265229,2689031644412
463,463,"Agent 1",1,21594,21594,131072,17,"pk_gemm(__half const*, __half const*, __half*, int, int, int)",128,8704,0,208,0,128,"SQC_LDS_BANK_CONFLICT",33554432.000000,2689031682322,2689079319449
463,463,"Agent 1",1,21594,21594,131072,17,"pk_gemm(__half const*, __half const*, __half*, int, int, int)",128,8704,0,208,0,128,"SQC_LDS_IDX_ACTIVE",268435456.000000,2689031682322,2689079319449
463,463,"Agent 1",1,21594,21594,131072,17,"pk_gemm(__half const*, __half const*, __half*, int, int, int)",128,8704,0,208,0,128,"SQ_INSTS_LDS",83886080.000000,2689031682322,2689079319449
463,463,"Agent 1",1,21594,21594,131072,17,"pk_gemm(__half const*, __half const*, __half*, int, int, int)",128,8704,0,208,0,128,"SQ_WAIT_INST_LDS",1574604.000000,2689031682322,2689079319449
464,464,"Agent 1",1,21594,21594,131072,17,"pk_gemm(__half const*, __half const*, __half*, int, int, int)",128,8704,0,208,0,128,"SQC_LDS_BANK_CONFLICT",33554432.000000,2689079356211,2689124272443
464,464,"Agent 1",1,21594,21594,131072,17,"pk_gemm(__half const*, __half const*, __half*, int, int, int)",128,8704,0,208,0,128,"SQC_LDS_IDX_ACTIVE",268435456.000000,2689079356211,2689124272443
464,464,"Agent 1",1,21594,21594,131072,17,"pk_gemm(__half const*, __half const*, __half*, int, int, int)",128,8704,0,208,0,128,"SQ_INSTS_LDS",83886080.000000,2689079356211,2689124272443
464,464,"Agent 1",1,21594,21594,131072,17,"pk_gemm(__half const*, __half const*, __half*, int, int, int)",128,8704,0,208,0,128,"SQ_WAIT_INST_LDS",1589123.000000,2689079356211,2689124272443
465,465,"Agent 1",1,21594,21594,131072,17,"pk_gemm(__half const*, __half const*, __half*, int, int, int)",128,8704,0,208,0,128,"SQC_LDS_BANK_CONFLICT",33554432.000000,2689124306967,2689191610281
465,465,"Agent 1",1,21594,21594,131072,17,"pk_gemm(__half const*, __half const*, __half*, int, int, int)",128,8704,0,208,0,128,"SQC_LDS_IDX_ACTIVE",268435456.000000,2689124306967,2689191610281
465,465,"Agent 1",1,21594,21594,131072,17,"pk_gemm(__half const*, __half const*, __half*, int, int, int)",128,8704,0,208,0,128,"SQ_INSTS_LDS",83886080.000000,2689124306967,2689191610281
465,465,"Agent 1",1,21594,21594,131072,17,"pk_gemm(__half const*, __half const*, __half*, int, int, int)",128,8704,0,208,0,128,"SQ_WAIT_INST_LDS",1472836.000000,2689124306967,2689191610281
466,466,"Agent 1",1,21594,21594,131072,17,"pk_gemm(__half const*, __half const*, __half*, int, int, int)",128,8704,0,208,0,128,"SQC_LDS_BANK_CONFLICT",33554432.000000,2689191645546,2689232686882
466,466,"Agent 1",1,21594,21594,131072,17,"pk_gemm(__half const*, __half const*, __half*, int, int, int)",128,8704,0,208,0,128,"SQC_LDS_IDX_ACTIVE",268435456.000000,2689191645546,2689232686882
466,466,"Agent 1",1,21594,21594,131072,17,"pk_gemm(__half const*, __half const*, __half*, int, int, int)",128,8704,0,208,0,128,"SQ_INSTS_LDS",83886080.000000,2689191645546,2689232686882
466,466,"Agent 1",1,21594,21594,131072,17,"pk_gemm(__half const*, __half const*, __half*, int, int, int)",128,8704,0,208,0,128,"SQ_WAIT_INST_LDS",1613794.000000,2689191645546,2689232686882
467,467,"Agent 1",1,21594,21594,131072,17,"pk_gemm(__half const*, __half const*, __half*, int, int, int)",128,8704,0,208,0,128,"SQC_LDS_BANK_CONFLICT",33554432.000000,2689232724095,2689282938648
467,467,"Agent 1",1,21594,21594,131072,17,"pk_gemm(__half const*, __half const*, __half*, int, int, int)",128,8704,0,208,0,128,"SQC_LDS_IDX_ACTIVE",268435456.000000,2689232724095,2689282938648
467,467,"Agent 1",1,21594,21594,131072,17,"pk_gemm(__half const*, __half const*, __half*, int, int, int)",128,8704,0,208,0,128,"SQ_INSTS_LDS",83886080.000000,2689232724095,2689282938648
467,467,"Agent 1",1,21594,21594,131072,17,"pk_gemm(__half const*, __half const*, __half*, int, int, int)",128,8704,0,208,0,128,"SQ_WAIT_INST_LDS",1566623.000000,2689232724095,2689282938648
468,468,"Agent 1",1,21594,21594,131072,17,"pk_gemm(__half const*, __half const*, __half*, int, int, int)",128,8704,0,208,0,128,"SQC_LDS_BANK_CONFLICT",33554432.000000,2689282974715,2689343279243
468,468,"Agent 1",1,21594,21594,131072,17,"pk_gemm(__half const*, __half const*, __half*, int, int, int)",128,8704,0,208,0,128,"SQC_LDS_IDX_ACTIVE",268435456.000000,2689282974715,2689343279243
468,468,"Agent 1",1,21594,21594,131072,17,"pk_gemm(__half const*, __half const*, __half*, int, int, int)",128,8704,0,208,0,128,"SQ_INSTS_LDS",83886080.000000,2689282974715,2689343279243
468,468,"Agent 1",1,21594,21594,131072,17,"pk_gemm(__half const*, __half const*, __half*, int, int, int)",128,8704,0,208,0,128,"SQ_WAIT_INST_LDS",1536266.000000,2689282974715,2689343279243
469,469,"Agent 1",1,21594,21594,131072,17,"pk_gemm(__half const*, __half const*, __half*, int, int, int)",128,8704,0,208,0,128,"SQC_LDS_BANK_CONFLICT",33554432.000000,2689343311174,2689407707645
469,469,"Agent 1",1,21594,21594,131072,17,"pk_gemm(__half const*, __half const*, __half*, int, int, int)",128,8704,0,208,0,128,"SQC_LDS_IDX_ACTIVE",268435456.000000,2689343311174,2689407707645
469,469,"Agent 1",1,21594,21594,131072,17,"pk_gemm(__half const*, __half const*, __half*, int, int, int)",128,8704,0,208,0,128,"SQ_INSTS_LDS",83886080.000000,2689343311174,2689407707645
469,469,"Agent 1",1,21594,21594,131072,17,"pk_gemm(__half const*, __half const*, __half*, int, int, int)",128,8704,0,208,0,128,"SQ_WAIT_INST_LDS",1503164.000000,2689343311174,2689407707645
470,470,"Agent 1",1,21594,21594,131072,17,"pk_gemm(__half const*, __half const*, __half*, int, int, int)",128,8704,0,208,0,128,"SQC_LDS_BANK_CONFLICT",33554432.000000,2689407742950,2689468500487
470,470,"Agent 1",1,21594,21594,131072,17,"pk_gemm(__half const*, __half const*, __half*, int, int, int)",128,8704,0,208,0,128,"SQC_LDS_IDX_ACTIVE",268435456.000000,2689407742950,2689468500487
470,470,"Agent 1",1,21594,21594,131072,17,"pk_gemm(__half const*, __half const*, __half*, int, int, int)",128,8704,0,208,0,128,"SQ_INSTS_LDS",83886080.000000,2689407742950,2689468500487
470,470,"Agent 1",1,21594,21594,131072,17,"pk_gemm(__half const*, __half const*, __half*, int, int, int)",128,8704,0,208,0,128,"SQ_WAIT_INST_LDS",1500635.000000,2689407742950,2689468500487
471,471,"Agent 1",1,21594,21594,131072,17,"pk_gemm(__half const*, __half const*, __half*, int, int, int)",128,8704,0,208,0,128,"SQC_LDS_BANK_CONFLICT",33554432.000000,2689468534336,2689510594098
471,471,"Agent 1",1,21594,21594,131072,17,"pk_gemm(__half const*, __half const*, __half*, int, int, int)",128,8704,0,208,0,128,"SQC_LDS_IDX_ACTIVE",268435456.000000,2689468534336,2689510594098
471,471,"Agent 1",1,21594,21594,131072,17,"pk_gemm(__half const*, __half const*, __half*, int, int, int)",128,8704,0,208,0,128,"SQ_INSTS_LDS",83886080.000000,2689468534336,2689510594098
471,471,"Agent 1",1,21594,21594,131072,17,"pk_gemm(__half const*, __half const*, __half*, int, int, int)",128,8704,0,208,0,128,"SQ_WAIT_INST_LDS",1582544.000000,2689468534336,2689510594098
472,472,"Agent 1",1,21594,21594,131072,17,"pk_gemm(__half const*, __half const*, __half*, int, int, int)",128,8704,0,208,0,128,"SQC_LDS_BANK_CONFLICT",33554432.000000,2689510630726,2689553786380
472,472,"Agent 1",1,21594,21594,131072,17,"pk_gemm(__half const*, __half const*, __half*, int, int, int)",128,8704,0,208,0,128,"SQC_LDS_IDX_ACTIVE",268435456.000000,2689510630726,2689553786380
472,472,"Agent 1",1,21594,21594,131072,17,"pk_gemm(__half const*, __half const*, __half*, int, int, int)",128,8704,0,208,0,128,"SQ_INSTS_LDS",83886080.000000,2689510630726,2689553786380
472,472,"Agent 1",1,21594,21594,131072,17,"pk_gemm(__half const*, __half const*, __half*, int, int, int)",128,8704,0,208,0,128,"SQ_WAIT_INST_LDS",1584532.000000,2689510630726,2689553786380
473,473,"Agent 1",1,21594,21594,131072,17,"pk_gemm(__half const*, __half const*, __half*, int, int, int)",128,8704,0,208,0,128,"SQC_LDS_BANK_CONFLICT",33554432.000000,2689553816928,2689592336461
473,473,"Agent 1",1,21594,21594,131072,17,"pk_gemm(__half const*, __half const*, __half*, int, int, int)",128,8704,0,208,0,128,"SQC_LDS_IDX_ACTIVE",268435456.000000,2689553816928,2689592336461
473,473,"Agent 1",1,21594,21594,131072,17,"pk_gemm(__half const*, __half const*, __half*, int, int, int)",128,8704,0,208,0,128,"SQ_INSTS_LDS",83886080.000000,2689553816928,2689592336461
473,473,"Agent 1",1,21594,21594,131072,17,"pk_gemm(__half const*, __half const*, __half*, int, int, int)",128,8704,0,208,0,128,"SQ_WAIT_INST_LDS",1599367.000000,2689553816928,2689592336461
474,474,"Agent 1",1,21594,21594,131072,17,"pk_gemm(__half const*, __half const*, __half*, int, int, int)",128,8704,0,208,0,128,"SQC_LDS_BANK_CONFLICT",33554432.000000,2689592369883,2689628776619
474,474,"Agent 1",1,21594,21594,131072,17,"pk_gemm(__half const*, __half const*, __half*, int, int, int)",128,8704,0,208,0,128,"SQC_LDS_IDX_ACTIVE",268435456.000000,2689592369883,2689628776619
474,474,"Agent 1",1,21594,21594,131072,17,"pk_gemm(__half const*, __half const*, __half*, int, int, int)",128,8704,0,208,0,128,"SQ_INSTS_LDS",83886080.000000,2689592369883,2689628776619
474,474,"Agent 1",1,21594,21594,131072,17,"pk_gemm(__half const*, __half const*, __half*, int, int, int)",128,8704,0,208,0,128,"SQ_WAIT_INST_LDS",1633705.000000,2689592369883,2689628776619
475,475,"Agent 1",1,21594,21594,131072,17,"pk_gemm(__half const*, __half const*, __half*, int, int, int)",128,8704,0,208,0,128,"SQC_LDS_BANK_CONFLICT",33554432.000000,2689628808354,2689688610261
475,475,"Agent 1",1,21594,21594,131072,17,"pk_gemm(__half const*, __half const*, __half*, int, int, int)",128,8704,0,208,0,128,"SQC_LDS_IDX_ACTIVE",268435456.000000,2689628808354,2689688610261
475,475,"Agent 1",1,21594,21594,131072,17,"pk_gemm(__half const*, __half const*, __half*, int, int, int)",128,8704,0,208,0,128,"SQ_INSTS_LDS",83886080.000000,2689628808354,2689688610261
475,475,"Agent 1",1,21594,21594,131072,17,"pk_gemm(__half const*, __half const*, __half*, int, int, int)",128,8704,0,208,0,128,"SQ_WAIT_INST_LDS",1481220.000000,2689628808354,2689688610261
476,476,"Agent 1",1,21594,21594,131072,17,"pk_gemm(__half const*, __half const*, __half*, int, int, int)",128,8704,0,208,0,128,"SQC_LDS_BANK_CONFLICT",33554432.000000,2689688642200,2689735826839
476,476,"Agent 1",1,21594,21594,131072,17,"pk_gemm(__half const*, __half const*, __half*, int, int, int)",128,8704,0,208,0,128,"SQC_LDS_IDX_ACTIVE",268435456.000000,2689688642200,2689735826839
476,476,"Agent 1",1,21594,21594,131072,17,"pk_gemm(__half const*, __half const*, __half*, int, int, int)",128,8704,0,208,0,128,"SQ_INSTS_LDS",83886080.000000,2689688642200,2689735826839
476,476,"Agent 1",1,21594,21594,131072,17,"pk_gemm(__half const*, __half const*, __half*, int, int, int)",128,8704,0,208,0,128,"SQ_WAIT_INST_LDS",1556879.000000,2689688642200,2689735826839
477,477,"Agent 1",1,21594,21594,131072,17,"pk_gemm(__half const*, __half const*, __half*, int, int, int)",128,8704,0,208,0,128,"SQC_LDS_BANK_CONFLICT",33554432.000000,2689735856037,2689791807293
477,477,"Agent 1",1,21594,21594,131072,17,"pk_gemm(__half const*, __half const*, __half*, int, int, int)",128,8704,0,208,0,128,"SQC_LDS_IDX_ACTIVE",268435456.000000,2689735856037,2689791807293
477,477,"Agent 1",1,21594,21594,131072,17,"pk_gemm(__half const*, __half const*, __half*, int, int, int)",128,8704,0,208,0,128,"SQ_INSTS_LDS",83886080.000000,2689735856037,2689791807293
477,477,"Agent 1",1,21594,21594,131072,17,"pk_gemm(__half const*, __half const*, __half*, int, int, int)",128,8704,0,208,0,128,"SQ_WAIT_INST_LDS",1518818.000000,2689735856037,2689791807293
478,478,"Agent 1",1,21594,21594,131072,17,"pk_gemm(__half const*, __half const*, __half*, int, int, int)",128,8704,0,208,0,128,"SQC_LDS_BANK_CONFLICT",33554432.000000,2689791839914,2689847192128
478,478,"Agent 1",1,21594,21594,131072,17,"pk_gemm(__half const*, __half const*, __half*, int, int, int)",128,8704,0,208,0,128,"SQC_LDS_IDX_ACTIVE",268435456.000000,2689791839914,2689847192128
478,478,"Agent 1",1,21594,21594,131072,17,"pk_gemm(__half const*, __half const*, __half*, int, int, int)",128,8704,0,208,0,128,"SQ_INSTS_LDS",83886080.000000,2689791839914,2689847192128
478,478,"Agent 1",1,21594,21594,131072,17,"pk_gemm(__half const*, __half const*, __half*, int, int, int)",128,8704,0,208,0,128,"SQ_WAIT_INST_LDS",1535679.000000,2689791839914,2689847192128
479,479,"Agent 1",1,21594,21594,131072,17,"pk_gemm(__half const*, __half const*, __half*, int, int, int)",128,8704,0,208,0,128,"SQC_LDS_BANK_CONFLICT",33554432.000000,2689847222976,2689890903573
479,479,"Agent 1",1,21594,21594,131072,17,"pk_gemm(__half const*, __half const*, __half*, int, int, int)",128,8704,0,208,0,128,"SQC_LDS_IDX_ACTIVE",268435456.000000,2689847222976,2689890903573
479,479,"Agent 1",1,21594,21594,131072,17,"pk_gemm(__half const*, __half const*, __half*, int, int, int)",128,8704,0,208,0,128,"SQ_INSTS_LDS",83886080.000000,2689847222976,2689890903573
479,479,"Agent 1",1,21594,21594,131072,17,"pk_gemm(__half const*, __half const*, __half*, int, int, int)",128,8704,0,208,0,128,"SQ_WAIT_INST_LDS",1557609.000000,2689847222976,2689890903573
480,480,"Agent 1",1,21594,21594,131072,17,"pk_gemm(__half const*, __half const*, __half*, int, int, int)",128,8704,0,208,0,128,"SQC_LDS_BANK_CONFLICT",33554432.000000,2689890936674,2689950420666
480,480,"Agent 1",1,21594,21594,131072,17,"pk_gemm(__half const*, __half const*, __half*, int, int, int)",128,8704,0,208,0,128,"SQC_LDS_IDX_ACTIVE",268435456.000000,2689890936674,2689950420666
480,480,"Agent 1",1,21594,21594,131072,17,"pk_gemm(__half const*, __half const*, __half*, int, int, int)",128,8704,0,208,0,128,"SQ_INSTS_LDS",83886080.000000,2689890936674,2689950420666
480,480,"Agent 1",1,21594,21594,131072,17,"pk_gemm(__half const*, __half const*, __half*, int, int, int)",128,8704,0,208,0,128,"SQ_WAIT_INST_LDS",1505723.000000,2689890936674,2689950420666
481,481,"Agent 1",1,21594,21594,131072,17,"pk_gemm(__half const*, __half const*, __half*, int, int, int)",128,8704,0,208,0,128,"SQC_LDS_BANK_CONFLICT",33554432.000000,2689950452450,2689992081686
481,481,"Agent 1",1,21594,21594,131072,17,"pk_gemm(__half const*, __half const*, __half*, int, int, int)",128,8704,0,208,0,128,"SQC_LDS_IDX_ACTIVE",268435456.000000,2689950452450,2689992081686
481,481,"Agent 1",1,21594,21594,131072,17,"pk_gemm(__half const*, __half const*, __half*, int, int, int)",128,8704,0,208,0,128,"SQ_INSTS_LDS",83886080.000000,2689950452450,2689992081686
481,481,"Agent 1",1,21594,21594,131072,17,"pk_gemm(__half const*, __half const*, __half*, int, int, int)",128,8704,0,208,0,128,"SQ_WAIT_INST_LDS",1586290.000000,2689950452450,2689992081686
482,482,"Agent 1",1,21594,21594,131072,17,"pk_gemm(__half const*, __half const*, __half*, int, int, int)",128,8704,0,208,0,128,"SQC_LDS_BANK_CONFLICT",33554432.000000,2689992114747,2690052977841
482,482,"Agent 1",1,21594,21594,131072,17,"pk_gemm(__half const*, __half const*, __half*, int, int, int)",128,8704,0,208,0,128,"SQC_LDS_IDX_ACTIVE",268435456.000000,2689992114747,2690052977841
482,482,"Agent 1",1,21594,21594,131072,17,"pk_gemm(__half const*, __half const*, __half*, int, int, int)",128,8704,0,208,0,128,"SQ_INSTS_LDS",83886080.000000,2689992114747,2690052977841
482,482,"Agent 1",1,21594,21594,131072,17,"pk_gemm(__half const*, __half const*, __half*, int, int, int)",128,8704,0,208,0,128,"SQ_WAIT_INST_LDS",1492382.000000,2689992114747,2690052977841
483,483,"Agent 1",1,21594,21594,131072,17,"pk_gemm(__half const*, __half const*, __half*, int, int, int)",128,8704,0,208,0,128,"SQC_LDS_BANK_CONFLICT",33554432.000000,2690053012068,2690115959957
483,483,"Agent 1",1,21594,21594,131072,17,"pk_gemm(__half const*, __half const*, __half*, int, int, int)",128,8704,0,208,0,128,"SQC_LDS_IDX_ACTIVE",268435456.000000,2690053012068,2690115959957
483,483,"Agent 1",1,21594,21594,131072,17,"pk_gemm(__half const*, __half const*, __half*, int, int, int)",128,8704,0,208,0,128,"SQ_INSTS_LDS",83886080.000000,2690053012068,2690115959957
483,483,"Agent 1",1,21594,21594,131072,17,"pk_gemm(__half const*, __half const*, __half*, int, int, int)",128,8704,0,208,0,128,"SQ_WAIT_INST_LDS",1517758.000000,2690053012068,2690115959957
484,484,"Agent 1",1,21594,21594,131072,17,"pk_gemm(__half const*, __half const*, __half*, int, int, int)",128,8704,0,208,0,128,"SQC_LDS_BANK_CONFLICT",33554432.000000,2690116022095,2690180705422
484,484,"Agent 1",1,21594,21594,131072,17,"pk_gemm(__half const*, __half const*, __half*, int, int, int)",128,8704,0,208,0,128,"SQC_LDS_IDX_ACTIVE",268435456.000000,2690116022095,2690180705422
484,484,"Agent 1",1,21594,21594,131072,17,"pk_gemm(__half const*, __half const*, __half*, int, int, int)",128,8704,0,208,0,128,"SQ_INSTS_LDS",83886080.000000,2690116022095,2690180705422
484,484,"Agent 1",1,21594,21594,131072,17,"pk_gemm(__half const*, __half const*, __half*, int, int, int)",128,8704,0,208,0,128,"SQ_WAIT_INST_LDS",1470351.000000,2690116022095,2690180705422
485,485,"Agent 1",1,21594,21594,131072,17,"pk_gemm(__half const*, __half const*, __half*, int, int, int)",128,8704,0,208,0,128,"SQC_LDS_BANK_CONFLICT",33554432.000000,2690180744254,2690238042312
485,485,"Agent 1",1,21594,21594,131072,17,"pk_gemm(__half const*, __half const*, __half*, int, int, int)",128,8704,0,208,0,128,"SQC_LDS_IDX_ACTIVE",268435456.000000,2690180744254,2690238042312
485,485,"Agent 1",1,21594,21594,131072,17,"pk_gemm(__half const*, __half const*, __half*, int, int, int)",128,8704,0,208,0,128,"SQ_INSTS_LDS",83886080.000000,2690180744254,2690238042312
485,485,"Agent 1",1,21594,21594,131072,17,"pk_gemm(__half const*, __half const*, __half*, int, int, int)",128,8704,0,208,0,128,"SQ_WAIT_INST_LDS",1543906.000000,2690180744254,2690238042312
486,486,"Agent 1",1,21594,21594,131072,17,"pk_gemm(__half const*, __half const*, __half*, int, int, int)",128,8704,0,208,0,128,"SQC_LDS_BANK_CONFLICT",33554432.000000,2690238079167,2690305921891
486,486,"Agent 1",1,21594,21594,131072,17,"pk_gemm(__half const*, __half const*, __half*, int, int, int)",128,8704,0,208,0,128,"SQC_LDS_IDX_ACTIVE",268435456.000000,2690238079167,2690305921891
486,486,"Agent 1",1,21594,21594,131072,17,"pk_gemm(__half const*, __half const*, __half*, int, int, int)",128,8704,0,208,0,128,"SQ_INSTS_LDS",83886080.000000,2690238079167,2690305921891
486,486,"Agent 1",1,21594,21594,131072,17,"pk_gemm(__half const*, __half const*, __half*, int, int, int)",128,8704,0,208,0,128,"SQ_WAIT_INST_LDS",1510325.000000,2690238079167,2690305921891
487,487,"Agent 1",1,21594,21594,131072,17,"pk_gemm(__half const*, __half const*, __half*, int, int, int)",128,8704,0,208,0,128,"SQC_LDS_BANK_CONFLICT",33554432.000000,2690305960843,2690359151970
487,487,"Agent 1",1,21594,21594,131072,17,"pk_gemm(__half const*, __half const*, __half*, int, int, int)",128,8704,0,208,0,128,"SQC_LDS_IDX_ACTIVE",268435456.000000,2690305960843,2690359151970
487,487,"Agent 1",1,21594,21594,131072,17,"pk_gemm(__half const*, __half const*, __half*, int, int, int)",128,8704,0,208,0,128,"SQ_INSTS_LDS",83886080.000000,2690305960843,2690359151970
487,487,"Agent 1",1,21594,21594,131072,17,"pk_gemm(__half const*, __half const*, __half*, int, int, int)",128,8704,0,208,0,128,"SQ_WAIT_INST_LDS",1551512.000000,2690305960843,2690359151970
488,488,"Agent 1",1,21594,21594,131072,17,"pk_gemm(__half const*, __half const*, __half*, int, int, int)",128,8704,0,208,0,128,"SQC_LDS_BANK_CONFLICT",33554432.000000,2690359189991,2690421170137
488,488,"Agent 1",1,21594,21594,131072,17,"pk_gemm(__half const*, __half const*, __half*, int, int, int)",128,8704,0,208,0,128,"SQC_LDS_IDX_ACTIVE",268435456.000000,2690359189991,2690421170137
488,488,"Agent 1",1,21594,21594,131072,17,"pk_gemm(__half const*, __half const*, __half*, int, int, int)",128,8704,0,208,0,128,"SQ_INSTS_LDS",83886080.000000,2690359189991,2690421170137
488,488,"Agent 1",1,21594,21594,131072,17,"pk_gemm(__half const*, __half const*, __half*, int, int, int)",128,8704,0,208,0,128,"SQ_WAIT_INST_LDS",1502010.000000,2690359189991,2690421170137
489,489,"Agent 1",1,21594,21594,131072,17,"pk_gemm(__half const*, __half const*, __half*, int, int, int)",128,8704,0,208,0,128,"SQC_LDS_BANK_CONFLICT",33554432.000000,2690421209289,2690481567237
489,489,"Agent 1",1,21594,21594,131072,17,"pk_gemm(__half const*, __half const*, __half*, int, int, int)",128,8704,0,208,0,128,"SQC_LDS_IDX_ACTIVE",268435456.000000,2690421209289,2690481567237
489,489,"Agent 1",1,21594,21594,131072,17,"pk_gemm(__half const*, __half const*, __half*, int, int, int)",128,8704,0,208,0,128,"SQ_INSTS_LDS",83886080.000000,2690421209289,2690481567237
489,489,"Agent 1",1,21594,21594,131072,17,"pk_gemm(__half const*, __half const*, __half*, int, int, int)",128,8704,0,208,0,128,"SQ_WAIT_INST_LDS",1510061.000000,2690421209289,2690481567237
490,490,"Agent 1",1,21594,21594,131072,17,"pk_gemm(__half const*, __half const*, __half*, int, int, int)",128,8704,0,208,0,128,"SQC_LDS_BANK_CONFLICT",33554432.000000,2690481602088,2690545137467
490,490,"Agent 1",1,21594,21594,131072,17,"pk_gemm(__half const*, __half const*, __half*, int, int, int)",128,8704,0,208,0,128,"SQC_LDS_IDX_ACTIVE",268435456.000000,2690481602088,2690545137467
490,490,"Agent 1",1,21594,21594,131072,17,"pk_gemm(__half const*, __half const*, __half*, int, int, int)",128,8704,0,208,0,128,"SQ_INSTS_LDS",83886080.000000,2690481602088,2690545137467
490,490,"Agent 1",1,21594,21594,131072,17,"pk_gemm(__half const*, __half const*, __half*, int, int, int)",128,8704,0,208,0,128,"SQ_WAIT_INST_LDS",1502035.000000,2690481602088,2690545137467
491,491,"Agent 1",1,21594,21594,131072,17,"pk_gemm(__half const*, __half const*, __half*, int, int, int)",128,8704,0,208,0,128,"SQC_LDS_BANK_CONFLICT",33554432.000000,2690545174375,2690583015117
491,491,"Agent 1",1,21594,21594,131072,17,"pk_gemm(__half const*, __half const*, __half*, int, int, int)",128,8704,0,208,0,128,"SQC_LDS_IDX_ACTIVE",268435456.000000,2690545174375,2690583015117
491,491,"Agent 1",1,21594,21594,131072,17,"pk_gemm(__half const*, __half const*, __half*, int, int, int)",128,8704,0,208,0,128,"SQ_INSTS_LDS",83886080.000000,2690545174375,2690583015117
491,491,"Agent 1",1,21594,21594,131072,17,"pk_gemm(__half const*, __half const*, __half*, int, int, int)",128,8704,0,208,0,128,"SQ_WAIT_INST_LDS",1612351.000000,2690545174375,2690583015117
492,492,"Agent 1",1,21594,21594,131072,17,"pk_gemm(__half const*, __half const*, __half*, int, int, int)",128,8704,0,208,0,128,"SQC_LDS_BANK_CONFLICT",33554432.000000,2690583050646,2690637158169
492,492,"Agent 1",1,21594,21594,131072,17,"pk_gemm(__half const*, __half const*, __half*, int, int, int)",128,8704,0,208,0,128,"SQC_LDS_IDX_ACTIVE",268435456.000000,2690583050646,2690637158169
492,492,"Agent 1",1,21594,21594,131072,17,"pk_gemm(__half const*, __half const*, __half*, int, int, int)",128,8704,0,208,0,128,"SQ_INSTS_LDS",83886080.000000,2690583050646,2690637158169
492,492,"Agent 1",1,21594,21594,131072,17,"pk_gemm(__half const*, __half const*, __half*, int, int, int)",128,8704,0,208,0,128,"SQ_WAIT_INST_LDS",1520317.000000,2690583050646,2690637158169
493,493,"Agent 1",1,21594,21594,131072,17,"pk_gemm(__half const*, __half const*, __half*, int, int, int)",128,8704,0,208,0,128,"SQC_LDS_BANK_CONFLICT",33554432.000000,2690637194837,2690672693193
493,493,"Agent 1",1,21594,21594,131072,17,"pk_gemm(__half const*, __half const*, __half*, int, int, int)",128,8704,0,208,0,128,"SQC_LDS_IDX_ACTIVE",268435456.000000,2690637194837,2690672693193
493,493,"Agent 1",1,21594,21594,131072,17,"pk_gemm(__half const*, __half const*, __half*, int, int, int)",128,8704,0,208,0,128,"SQ_INSTS_LDS",83886080.000000,2690637194837,2690672693193
493,493,"Agent 1",1,21594,21594,131072,17,"pk_gemm(__half const*, __half const*, __half*, int, int, int)",128,8704,0,208,0,128,"SQ_WAIT_INST_LDS",1645633.000000,2690637194837,2690672693193
494,494,"Agent 1",1,21594,21594,131072,17,"pk_gemm(__half const*, __half const*, __half*, int, int, int)",128,8704,0,208,0,128,"SQC_LDS_BANK_CONFLICT",33554432.000000,2690672725162,2690730907877
494,494,"Agent 1",1,21594,21594,131072,17,"pk_gemm(__half const*, __half const*, __half*, int, int, int)",128,8704,0,208,0,128,"SQC_LDS_IDX_ACTIVE",268435456.000000,2690672725162,2690730907877
494,494,"Agent 1",1,21594,21594,131072,17,"pk_gemm(__half const*, __half const*, __half*, int, int, int)",128,8704,0,208,0,128,"SQ_INSTS_LDS",83886080.000000,2690672725162,2690730907877
494,494,"Agent 1",1,21594,21594,131072,17,"pk_gemm(__half const*, __half const*, __half*, int, int, int)",128,8704,0,208,0,128,"SQ_WAIT_INST_LDS",1534908.000000,2690672725162,2690730907877
495,495,"Agent 1",1,21594,21594,131072,17,"pk_gemm(__half const*, __half const*, __half*, int, int, int)",128,8704,0,208,0,128,"SQC_LDS_BANK_CONFLICT",33554432.000000,2690730945908,2690779631678
495,495,"Agent 1",1,21594,21594,131072,17,"pk_gemm(__half const*, __half const*, __half*, int, int, int)",128,8704,0,208,0,128,"SQC_LDS_IDX_ACTIVE",268435456.000000,2690730945908,2690779631678
495,495,"Agent 1",1,21594,21594,131072,17,"pk_gemm(__half const*, __half const*, __half*, int, int, int)",128,8704,0,208,0,128,"SQ_INSTS_LDS",83886080.000000,2690730945908,2690779631678
495,495,"Agent 1",1,21594,21594,131072,17,"pk_gemm(__half const*, __half const*, __half*, int, int, int)",128,8704,0,208,0,128,"SQ_WAIT_INST_LDS",1551338.000000,2690730945908,2690779631678
496,496,"Agent 1",1,21594,21594,131072,17,"pk_gemm(__half const*, __half const*, __half*, int, int, int)",128,8704,0,208,0,128,"SQC_LDS_BANK_CONFLICT",33554432.000000,2690779663684,2690832206998
496,496,"Agent 1",1,21594,21594,131072,17,"pk_gemm(__half const*, __half const*, __half*, int, int, int)",128,8704,0,208,0,128,"SQC_LDS_IDX_ACTIVE",268435456.000000,2690779663684,2690832206998
496,496,"Agent 1",1,21594,21594,131072,17,"pk_gemm(__half const*, __half const*, __half*, int, int, int)",128,8704,0,208,0,128,"SQ_INSTS_LDS",83886080.000000,2690779663684,2690832206998
496,496,"Agent 1",1,21594,21594,131072,17,"pk_gemm(__half const*, __half const*, __half*, int, int, int)",128,8704,0,208,0,128,"SQ_WAIT_INST_LDS",1546671.000000,2690779663684,2690832206998
497,497,"Agent 1",1,21594,21594,131072,17,"pk_gemm(__half const*, __half const*, __half*, int, int, int)",128,8704,0,208,0,128,"SQC_LDS_BANK_CONFLICT",33554432.000000,2690832243888,2690899561789
497,497,"Agent 1",1,21594,21594,131072,17,"pk_gemm(__half const*, __half const*, __half*, int, int, int)",128,8704,0,208,0,128,"SQC_LDS_IDX_ACTIVE",268435456.000000,2690832243888,2690899561789
497,497,"Agent 1",1,21594,21594,131072,17,"pk_gemm(__half const*, __half const*, __half*, int, int, int)",128,8704,0,208,0,128,"SQ_INSTS_LDS",83886080.000000,2690832243888,2690899561789
497,497,"Agent 1",1,21594,21594,131072,17,"pk_gemm(__half const*, __half const*, __half*, int, int, int)",128,8704,0,208,0,128,"SQ_WAIT_INST_LDS",1495535.000000,2690832243888,2690899561789
498,498,"Agent 1",1,21594,21594,131072,17,"pk_gemm(__half const*, __half const*, __half*, int, int, int)",128,8704,0,208,0,128,"SQC_LDS_BANK_CONFLICT",33554432.000000,2690899598818,2690961286496
498,498,"Agent 1",1,21594,21594,131072,17,"pk_gemm(__half const*, __half const*, __half*, int, int, int)",128,8704,0,208,0,128,"SQC_LDS_IDX_ACTIVE",268435456.000000,2690899598818,2690961286496
498,498,"Agent 1",1,21594,21594,131072,17,"pk_gemm(__half const*, __half const*, __half*, int, int, int)",128,8704,0,208,0,128,"SQ_INSTS_LDS",83886080.000000,2690899598818,2690961286496
498,498,"Agent 1",1,21594,21594,131072,17,"pk_gemm(__half const*, __half const*, __half*, int, int, int)",128,8704,0,208,0,128,"SQ_WAIT_INST_LDS",1512244.000000,2690899598818,2690961286496
499,499,"Agent 1",1,21594,21594,131072,17,"pk_gemm(__half const*, __half const*, __half*, int, int, int)",128,8704,0,208,0,128,"SQC_LDS_BANK_CONFLICT",33554432.000000,2690961319813,2691022655833
499,499,"Agent 1",1,21594,21594,131072,17,"pk_gemm(__half const*, __half const*, __half*, int, int, int)",128,8704,0,208,0,128,"SQC_LDS_IDX_ACTIVE",268435456.000000,2690961319813,2691022655833
499,499,"Agent 1",1,21594,21594,131072,17,"pk_gemm(__half const*, __half const*, __half*, int, int, int)",128,8704,0,208,0,128,"SQ_INSTS_LDS",83886080.000000,2690961319813,2691022655833
499,499,"Agent 1",1,21594,21594,131072,17,"pk_gemm(__half const*, __half const*, __half*, int, int, int)",128,8704,0,208,0,128,"SQ_WAIT_INST_LDS",1468216.000000,2690961319813,2691022655833
500,500,"Agent 1",1,21594,21594,131072,17,"pk_gemm(__half const*, __half const*, __half*, int, int, int)",128,8704,0,208,0,128,"SQC_LDS_BANK_CONFLICT",33554432.000000,2691022692742,2691066362319
500,500,"Agent 1",1,21594,21594,131072,17,"pk_gemm(__half const*, __half const*, __half*, int, int, int)",128,8704,0,208,0,128,"SQC_LDS_IDX_ACTIVE",268435456.000000,2691022692742,2691066362319
500,500,"Agent 1",1,21594,21594,131072,17,"pk_gemm(__half const*, __half const*, __half*, int, int, int)",128,8704,0,208,0,128,"SQ_INSTS_LDS",83886080.000000,2691022692742,2691066362319
500,500,"Agent 1",1,21594,21594,131072,17,"pk_gemm(__half const*, __half const*, __half*, int, int, int)",128,8704,0,208,0,128,"SQ_WAIT_INST_LDS",1576919.000000,2691022692742,2691066362319
501,501,"Agent 1",1,21594,21594,131072,17,"pk_gemm(__half const*, __half const*, __half*, int, int, int)",128,8704,0,208,0,128,"SQC_LDS_BANK_CONFLICT",33554432.000000,2691066393629,2691134184857
501,501,"Agent 1",1,21594,21594,131072,17,"pk_gemm(__half const*, __half const*, __half*, int, int, int)",128,8704,0,208,0,128,"SQC_LDS_IDX_ACTIVE",268435456.000000,2691066393629,2691134184857
501,501,"Agent 1",1,21594,21594,131072,17,"pk_gemm(__half const*, __half const*, __half*, int, int, int)",128,8704,0,208,0,128,"SQ_INSTS_LDS",83886080.000000,2691066393629,2691134184857
501,501,"Agent 1",1,21594,21594,131072,17,"pk_gemm(__half const*, __half const*, __half*, int, int, int)",128,8704,0,208,0,128,"SQ_WAIT_INST_LDS",1479973.000000,2691066393629,2691134184857
502,502,"Agent 1",1,21594,21594,131072,17,"pk_gemm(__half const*, __half const*, __half*, int, int, int)",128,8704,0,208,0,128,"SQC_LDS_BANK_CONFLICT",33554432.000000,2691134220283,2691188820289
502,502,"Agent 1",1,21594,21594,131072,17,"pk_gemm(__half const*, __half const*, __half*, int, int, int)",128,8704,0,208,0,128,"SQC_LDS_IDX_ACTIVE",268435456.000000,2691134220283,2691188820289
502,502,"Agent 1",1,21594,21594,131072,17,"pk_gemm(__half const*, __half const*, __half*, int, int, int)",128,8704,0,208,0,128,"SQ_INSTS_LDS",83886080.000000,2691134220283,2691188820289
502,502,"Agent 1",1,21594,21594,131072,17,"pk_gemm(__half const*, __half const*, __half*, int, int, int)",128,8704,0,208,0,128,"SQ_WAIT_INST_LDS",1521737.000000,2691134220283,2691188820289
503,503,"Agent 1",1,21594,21594,131072,17,"pk_gemm(__half const*, __half const*, __half*, int, int, int)",128,8704,0,208,0,128,"SQC_LDS_BANK_CONFLICT",33554432.000000,2691188850607,2691232856774
503,503,"Agent 1",1,21594,21594,131072,17,"pk_gemm(__half const*, __half const*, __half*, int, int, int)",128,8704,0,208,0,128,"SQC_LDS_IDX_ACTIVE",268435456.000000,2691188850607,2691232856774
503,503,"Agent 1",1,21594,21594,131072,17,"pk_gemm(__half const*, __half const*, __half*, int, int, int)",128,8704,0,208,0,128,"SQ_INSTS_LDS",83886080.000000,2691188850607,2691232856774
503,503,"Agent 1",1,21594,21594,131072,17,"pk_gemm(__half const*, __half const*, __half*, int, int, int)",128,8704,0,208,0,128,"SQ_WAIT_INST_LDS",1585772.000000,2691188850607,2691232856774
504,504,"Agent 1",1,21594,21594,131072,17,"pk_gemm(__half const*, __half const*, __half*, int, int, int)",128,8704,0,208,0,128,"SQC_LDS_BANK_CONFLICT",33554432.000000,2691232889996,2691292069898
504,504,"Agent 1",1,21594,21594,131072,17,"pk_gemm(__half const*, __half const*, __half*, int, int, int)",128,8704,0,208,0,128,"SQC_LDS_IDX_ACTIVE",268435456.000000,2691232889996,2691292069898
504,504,"Agent 1",1,21594,21594,131072,17,"pk_gemm(__half const*, __half const*, __half*, int, int, int)",128,8704,0,208,0,128,"SQ_INSTS_LDS",83886080.000000,2691232889996,2691292069898
504,504,"Agent 1",1,21594,21594,131072,17,"pk_gemm(__half const*, __half const*, __half*, int, int, int)",128,8704,0,208,0,128,"SQ_WAIT_INST_LDS",1506804.000000,2691232889996,2691292069898
505,505,"Agent 1",1,21594,21594,131072,17,"pk_gemm(__half const*, __half const*, __half*, int, int, int)",128,8704,0,208,0,128,"SQC_LDS_BANK_CONFLICT",33554432.000000,2691292100692,2691334212151
505,505,"Agent 1",1,21594,21594,131072,17,"pk_gemm(__half const*, __half const*, __half*, int, int, int)",128,8704,0,208,0,128,"SQC_LDS_IDX_ACTIVE",268435456.000000,2691292100692,2691334212151
505,505,"Agent 1",1,21594,21594,131072,17,"pk_gemm(__half const*, __half const*, __half*, int, int, int)",128,8704,0,208,0,128,"SQ_INSTS_LDS",83886080.000000,2691292100692,2691334212151
505,505,"Agent 1",1,21594,21594,131072,17,"pk_gemm(__half const*, __half const*, __half*, int, int, int)",128,8704,0,208,0,128,"SQ_WAIT_INST_LDS",1612301.000000,2691292100692,2691334212151
506,506,"Agent 1",1,21594,21594,131072,17,"pk_gemm(__half const*, __half const*, __half*, int, int, int)",128,8704,0,208,0,128,"SQC_LDS_BANK_CONFLICT",33554432.000000,2691334244771,2691376144033
506,506,"Agent 1",1,21594,21594,131072,17,"pk_gemm(__half const*, __half const*, __half*, int, int, int)",128,8704,0,208,0,128,"SQC_LDS_IDX_ACTIVE",268435456.000000,2691334244771,2691376144033
506,506,"Agent 1",1,21594,21594,131072,17,"pk_gemm(__half const*, __half const*, __half*, int, int, int)",128,8704,0,208,0,128,"SQ_INSTS_LDS",83886080.000000,2691334244771,2691376144033
506,506,"Agent 1",1,21594,21594,131072,17,"pk_gemm(__half const*, __half const*, __half*, int, int, int)",128,8704,0,208,0,128,"SQ_WAIT_INST_LDS",1603409.000000,2691334244771,2691376144033
507,507,"Agent 1",1,21594,21594,131072,17,"pk_gemm(__half const*, __half const*, __half*, int, int, int)",128,8704,0,208,0,128,"SQC_LDS_BANK_CONFLICT",33554432.000000,2691376174469,2691422346412
507,507,"Agent 1",1,21594,21594,131072,17,"pk_gemm(__half const*, __half const*, __half*, int, int, int)",128,8704,0,208,0,128,"SQC_LDS_IDX_ACTIVE",268435456.000000,2691376174469,2691422346412
507,507,"Agent 1",1,21594,21594,131072,17,"pk_gemm(__half const*, __half const*, __half*, int, int, int)",128,8704,0,208,0,128,"SQ_INSTS_LDS",83886080.000000,2691376174469,2691422346412
507,507,"Agent 1",1,21594,21594,131072,17,"pk_gemm(__half const*, __half const*, __half*, int, int, int)",128,8704,0,208,0,128,"SQ_WAIT_INST_LDS",1579046.000000,2691376174469,2691422346412
508,508,"Agent 1",1,21594,21594,131072,17,"pk_gemm(__half const*, __half const*, __half*, int, int, int)",128,8704,0,208,0,128,"SQC_LDS_BANK_CONFLICT",33554432.000000,2691422379393,2691467559118
508,508,"Agent 1",1,21594,21594,131072,17,"pk_gemm(__half const*, __half const*, __half*, int, int, int)",128,8704,0,208,0,128,"SQC_LDS_IDX_ACTIVE",268435456.000000,2691422379393,2691467559118
508,508,"Agent 1",1,21594,21594,131072,17,"pk_gemm(__half const*, __half const*, __half*, int, int, int)",128,8704,0,208,0,128,"SQ_INSTS_LDS",83886080.000000,2691422379393,2691467559118
508,508,"Agent 1",1,21594,21594,131072,17,"pk_gemm(__half const*, __half const*, __half*, int, int, int)",128,8704,0,208,0,128,"SQ_WAIT_INST_LDS",1585696.000000,2691422379393,2691467559118
509,509,"Agent 1",1,21594,21594,131072,17,"pk_gemm(__half const*, __half const*, __half*, int, int, int)",128,8704,0,208,0,128,"SQC_LDS_BANK_CONFLICT",33554432.000000,2691467587844,2691516368432
509,509,"Agent 1",1,21594,21594,131072,17,"pk_gemm(__half const*, __half const*, __half*, int, int, int)",128,8704,0,208,0,128,"SQC_LDS_IDX_ACTIVE",268435456.000000,2691467587844,2691516368432
509,509,"Agent 1",1,21594,21594,131072,17,"pk_gemm(__half const*, __half const*, __half*, int, int, int)",128,8704,0,208,0,128,"SQ_INSTS_LDS",83886080.000000,2691467587844,2691516368432
509,509,"Agent 1",1,21594,21594,131072,17,"pk_gemm(__half const*, __half const*, __half*, int, int, int)",128,8704,0,208,0,128,"SQ_WAIT_INST_LDS",1563429.000000,2691467587844,2691516368432
510,510,"Agent 1",1,21594,21594,131072,17,"pk_gemm(__half const*, __half const*, __half*, int, int, int)",128,8704,0,208,0,128,"SQC_LDS_BANK_CONFLICT",33554432.000000,2691516400611,2691577429216
510,510,"Agent 1",1,21594,21594,131072,17,"pk_gemm(__half const*, __half const*, __half*, int, int, int)",128,8704,0,208,0,128,"SQC_LDS_IDX_ACTIVE",268435456.000000,2691516400611,2691577429216
510,510,"Agent 1",1,21594,21594,131072,17,"pk_gemm(__half const*, __half const*, __half*, int, int, int)",128,8704,0,208,0,128,"SQ_INSTS_LDS",83886080.000000,2691516400611,2691577429216
510,510,"Agent 1",1,21594,21594,131072,17,"pk_gemm(__half const*, __half const*, __half*, int, int, int)",128,8704,0,208,0,128,"SQ_WAIT_INST_LDS",1492282.000000,2691516400611,2691577429216
511,511,"Agent 1",1,21594,21594,131072,17,"pk_gemm(__half const*, __half const*, __half*, int, int, int)",128,8704,0,208,0,128,"SQC_LDS_BANK_CONFLICT",33554432.000000,2691577461430,2691635629717
511,511,"Agent 1",1,21594,21594,131072,17,"pk_gemm(__half const*, __half const*, __half*, int, int, int)",128,8704,0,208,0,128,"SQC_LDS_IDX_ACTIVE",268435456.000000,2691577461430,2691635629717
511,511,"Agent 1",1,21594,21594,131072,17,"pk_gemm(__half const*, __half const*, __half*, int, int, int)",128,8704,0,208,0,128,"SQ_INSTS_LDS",83886080.000000,2691577461430,2691635629717
511,511,"Agent 1",1,21594,21594,131072,17,"pk_gemm(__half const*, __half const*, __half*, int, int, int)",128,8704,0,208,0,128,"SQ_WAIT_INST_LDS",1535555.000000,2691577461430,2691635629717
512,512,"Agent 1",1,21594,21594,131072,17,"pk_gemm(__half const*, __half const*, __half*, int, int, int)",128,8704,0,208,0,128,"SQC_LDS_BANK_CONFLICT",33554432.000000,2691635663259,2691675502624
512,512,"Agent 1",1,21594,21594,131072,17,"pk_gemm(__half const*, __half const*, __half*, int, int, int)",128,8704,0,208,0,128,"SQC_LDS_IDX_ACTIVE",268435456.000000,2691635663259,2691675502624
512,512,"Agent 1",1,21594,21594,131072,17,"pk_gemm(__half const*, __half const*, __half*, int, int, int)",128,8704,0,208,0,128,"SQ_INSTS_LDS",83886080.000000,2691635663259,2691675502624
512,512,"Agent 1",1,21594,21594,131072,17,"pk_gemm(__half const*, __half const*, __half*, int, int, int)",128,8704,0,208,0,128,"SQ_WAIT_INST_LDS",1603686.000000,2691635663259,2691675502624
513,513,"Agent 1",1,21594,21594,131072,17,"pk_gemm(__half const*, __half const*, __half*, int, int, int)",128,8704,0,208,0,128,"SQC_LDS_BANK_CONFLICT",33554432.000000,2691675533564,2691741828831
513,513,"Agent 1",1,21594,21594,131072,17,"pk_gemm(__half const*, __half const*, __half*, int, int, int)",128,8704,0,208,0,128,"SQC_LDS_IDX_ACTIVE",268435456.000000,2691675533564,2691741828831
513,513,"Agent 1",1,21594,21594,131072,17,"pk_gemm(__half const*, __half const*, __half*, int, int, int)",128,8704,0,208,0,128,"SQ_INSTS_LDS",83886080.000000,2691675533564,2691741828831
513,513,"Agent 1",1,21594,21594,131072,17,"pk_gemm(__half const*, __half const*, __half*, int, int, int)",128,8704,0,208,0,128,"SQ_WAIT_INST_LDS",1485566.000000,2691675533564,2691741828831
514,514,"Agent 1",1,21594,21594,524288,17,"pk_gemm(__half const*, __half const*, __half*, int, int, int)",128,8704,0,208,0,128,"SQC_LDS_BANK_CONFLICT",268435456.000000,2693519685604,2694051845110
514,514,"Agent 1",1,21594,21594,524288,17,"pk_gemm(__half const*, __half const*, __half*, int, int, int)",128,8704,0,208,0,128,"SQC_LDS_IDX_ACTIVE",2147483648.000000,2693519685604,2694051845110
514,514,"Agent 1",1,21594,21594,524288,17,"pk_gemm(__half const*, __half const*, __half*, int, int, int)",128,8704,0,208,0,128,"SQ_INSTS_LDS",671088640.000000,2693519685604,2694051845110
514,514,"Agent 1",1,21594,21594,524288,17,"pk_gemm(__half const*, __half const*, __half*, int, int, int)",128,8704,0,208,0,128,"SQ_WAIT_INST_LDS",10434588.000000,2693519685604,2694051845110
515,515,"Agent 1",1,21594,21594,524288,17,"pk_gemm(__half const*, __half const*, __half*, int, int, int)",128,8704,0,208,0,128,"SQC_LDS_BANK_CONFLICT",268435456.000000,2694051885753,2694544633531
515,515,"Agent 1",1,21594,21594,524288,17,"pk_gemm(__half const*, __half const*, __half*, int, int, int)",128,8704,0,208,0,128,"SQC_LDS_IDX_ACTIVE",2147483648.000000,2694051885753,2694544633531
515,515,"Agent 1",1,21594,21594,524288,17,"pk_gemm(__half const*, __half const*, __half*, int, int, int)",128,8704,0,208,0,128,"SQ_INSTS_LDS",671088640.000000,2694051885753,2694544633531
515,515,"Agent 1",1,21594,21594,524288,17,"pk_gemm(__half const*, __half const*, __half*, int, int, int)",128,8704,0,208,0,128,"SQ_WAIT_INST_LDS",10573674.000000,2694051885753,2694544633531
516,516,"Agent 1",1,21594,21594,524288,17,"pk_gemm(__half const*, __half const*, __half*, int, int, int)",128,8704,0,208,0,128,"SQC_LDS_BANK_CONFLICT",268435456.000000,2694544669082,2695075088888
516,516,"Agent 1",1,21594,21594,524288,17,"pk_gemm(__half const*, __half const*, __half*, int, int, int)",128,8704,0,208,0,128,"SQC_LDS_IDX_ACTIVE",2147483648.000000,2694544669082,2695075088888
516,516,"Agent 1",1,21594,21594,524288,17,"pk_gemm(__half const*, __half const*, __half*, int, int, int)",128,8704,0,208,0,128,"SQ_INSTS_LDS",671088640.000000,2694544669082,2695075088888
516,516,"Agent 1",1,21594,21594,524288,17,"pk_gemm(__half const*, __half const*, __half*, int, int, int)",128,8704,0,208,0,128,"SQ_WAIT_INST_LDS",10348267.000000,2694544669082,2695075088888
517,517,"Agent 1",1,21594,21594,524288,17,"pk_gemm(__half const*, __half const*, __half*, int, int, int)",128,8704,0,208,0,128,"SQC_LDS_BANK_CONFLICT",268435456.000000,2695075125524,2695551627920
517,517,"Agent 1",1,21594,21594,524288,17,"pk_gemm(__half const*, __half const*, __half*, int, int, int)",128,8704,0,208,0,128,"SQC_LDS_IDX_ACTIVE",2147483648.000000,2695075125524,2695551627920
517,517,"Agent 1",1,21594,21594,524288,17,"pk_gemm(__half const*, __half const*, __half*, int, int, int)",128,8704,0,208,0,128,"SQ_INSTS_LDS",671088640.000000,2695075125524,2695551627920
517,517,"Agent 1",1,21594,21594,524288,17,"pk_gemm(__half const*, __half const*, __half*, int, int, int)",128,8704,0,208,0,128,"SQ_WAIT_INST_LDS",10749557.000000,2695075125524,2695551627920
518,518,"Agent 1",1,21594,21594,524288,17,"pk_gemm(__half const*, __half const*, __half*, int, int, int)",128,8704,0,208,0,128,"SQC_LDS_BANK_CONFLICT",268435456.000000,2695551663262,2695951269062
518,518,"Agent 1",1,21594,21594,524288,17,"pk_gemm(__half const*, __half const*, __half*, int, int, int)",128,8704,0,208,0,128,"SQC_LDS_IDX_ACTIVE",2147483648.000000,2695551663262,2695951269062
518,518,"Agent 1",1,21594,21594,524288,17,"pk_gemm(__half const*, __half const*, __half*, int, int, int)",128,8704,0,208,0,128,"SQ_INSTS_LDS",671088640.000000,2695551663262,2695951269062
518,518,"Agent 1",1,21594,21594,524288,17,"pk_gemm(__half const*, __half const*, __half*, int, int, int)",128,8704,0,208,0,128,"SQ_WAIT_INST_LDS",11209142.000000,2695551663262,2695951269062
519,519,"Agent 1",1,21594,21594,524288,17,"pk_gemm(__half const*, __half const*, __half*, int, int, int)",128,8704,0,208,0,128,"SQC_LDS_BANK_CONFLICT",268435456.000000,2695951302428,2696430140600
519,519,"Agent 1",1,21594,21594,524288,17,"pk_gemm(__half const*, __half const*, __half*, int, int, int)",128,8704,0,208,0,128,"SQC_LDS_IDX_ACTIVE",2147483648.000000,2695951302428,2696430140600
519,519,"Agent 1",1,21594,21594,524288,17,"pk_gemm(__half const*, __half const*, __half*, int, int, int)",128,8704,0,208,0,128,"SQ_INSTS_LDS",671088640.000000,2695951302428,2696430140600
519,519,"Agent 1",1,21594,21594,524288,17,"pk_gemm(__half const*, __half const*, __half*, int, int, int)",128,8704,0,208,0,128,"SQ_WAIT_INST_LDS",10980775.000000,2695951302428,2696430140600
520,520,"Agent 1",1,21594,21594,524288,17,"pk_gemm(__half const*, __half const*, __half*, int, int, int)",128,8704,0,208,0,128,"SQC_LDS_BANK_CONFLICT",268435456.000000,2696430173285,2696934503756
520,520,"Agent 1",1,21594,21594,524288,17,"pk_gemm(__half const*, __half const*, __half*, int, int, int)",128,8704,0,208,0,128,"SQC_LDS_IDX_ACTIVE",2147483648.000000,2696430173285,2696934503756
520,520,"Agent 1",1,21594,21594,524288,17,"pk_gemm(__half const*, __half const*, __half*, int, int, int)",128,8704,0,208,0,128,"SQ_INSTS_LDS",671088640.000000,2696430173285,2696934503756
520,520,"Agent 1",1,21594,21594,524288,17,"pk_gemm(__half const*, __half const*, __half*, int, int, int)",128,8704,0,208,0,128,"SQ_WAIT_INST_LDS",10550860.000000,2696430173285,2696934503756
521,521,"Agent 1",1,21594,21594,524288,17,"pk_gemm(__half const*, __half const*, __half*, int, int, int)",128,8704,0,208,0,128,"SQC_LDS_BANK_CONFLICT",268435456.000000,2696934537972,2697295991768
521,521,"Agent 1",1,21594,21594,524288,17,"pk_gemm(__half const*, __half const*, __half*, int, int, int)",128,8704,0,208,0,128,"SQC_LDS_IDX_ACTIVE",2147483648.000000,2696934537972,2697295991768
521,521,"Agent 1",1,21594,21594,524288,17,"pk_gemm(__half const*, __half const*, __half*, int, int, int)",128,8704,0,208,0,128,"SQ_INSTS_LDS",671088640.000000,2696934537972,2697295991768
521,521,"Agent 1",1,21594,21594,524288,17,"pk_gemm(__half const*, __half const*, __half*, int, int, int)",128,8704,0,208,0,128,"SQ_WAIT_INST_LDS",11454337.000000,2696934537972,2697295991768
522,522,"Agent 1",1,21594,21594,524288,17,"pk_gemm(__half const*, __half const*, __half*, int, int, int)",128,8704,0,208,0,128,"SQC_LDS_BANK_CONFLICT",268435456.000000,2697296064989,2697838043360
522,522,"Agent 1",1,21594,21594,524288,17,"pk_gemm(__half const*, __half const*, __half*, int, int, int)",128,8704,0,208,0,128,"SQC_LDS_IDX_ACTIVE",2147483648.000000,2697296064989,2697838043360
522,522,"Agent 1",1,21594,21594,524288,17,"pk_gemm(__half const*, __half const*, __half*, int, int, int)",128,8704,0,208,0,128,"SQ_INSTS_LDS",671088640.000000,2697296064989,2697838043360
522,522,"Agent 1",1,21594,21594,524288,17,"pk_gemm(__half const*, __half const*, __half*, int, int, int)",128,8704,0,208,0,128,"SQ_WAIT_INST_LDS",10457242.000000,2697296064989,2697838043360
523,523,"Agent 1",1,21594,21594,524288,17,"pk_gemm(__half const*, __half const*, __half*, int, int, int)",128,8704,0,208,0,128,"SQC_LDS_BANK_CONFLICT",268435456.000000,2697838084172,2698376105615
523,523,"Agent 1",1,21594,21594,524288,17,"pk_gemm(__half const*, __half const*, __half*, int, int, int)",128,8704,0,208,0,128,"SQC_LDS_IDX_ACTIVE",2147483648.000000,2697838084172,2698376105615
523,523,"Agent 1",1,21594,21594,524288,17,"pk_gemm(__half const*, __half const*, __half*, int, int, int)",128,8704,0,208,0,128,"SQ_INSTS_LDS",671088640.000000,2697838084172,2698376105615
523,523,"Agent 1",1,21594,21594,524288,17,"pk_gemm(__half const*, __half const*, __half*, int, int, int)",128,8704,0,208,0,128,"SQ_WAIT_INST_LDS",10411338.000000,2697838084172,2698376105615
524,524,"Agent 1",1,21594,21594,524288,17,"pk_gemm(__half const*, __half const*, __half*, int, int, int)",128,8704,0,208,0,128,"SQC_LDS_BANK_CONFLICT",268435456.000000,2698376144083,2698839274761
524,524,"Agent 1",1,21594,21594,524288,17,"pk_gemm(__half const*, __half const*, __half*, int, int, int)",128,8704,0,208,0,128,"SQC_LDS_IDX_ACTIVE",2147483648.000000,2698376144083,2698839274761
524,524,"Agent 1",1,21594,21594,524288,17,"pk_gemm(__half const*, __half const*, __half*, int, int, int)",128,8704,0,208,0,128,"SQ_INSTS_LDS",671088640.000000,2698376144083,2698839274761
524,524,"Agent 1",1,21594,21594,524288,17,"pk_gemm(__half const*, __half const*, __half*, int, int, int)",128,8704,0,208,0,128,"SQ_WAIT_INST_LDS",11033218.000000,2698376144083,2698839274761
525,525,"Agent 1",1,21594,21594,524288,17,"pk_gemm(__half const*, __half const*, __half*, int, int, int)",128,8704,0,208,0,128,"SQC_LDS_BANK_CONFLICT",268435456.000000,2698839314679,2699377072790
525,525,"Agent 1",1,21594,21594,524288,17,"pk_gemm(__half const*, __half const*, __half*, int, int, int)",128,8704,0,208,0,128,"SQC_LDS_IDX_ACTIVE",2147483648.000000,2698839314679,2699377072790
525,525,"Agent 1",1,21594,21594,524288,17,"pk_gemm(__half const*, __half const*, __half*, int, int, int)",128,8704,0,208,0,128,"SQ_INSTS_LDS",671088640.000000,2698839314679,2699377072790
525,525,"Agent 1",1,21594,21594,524288,17,"pk_gemm(__half const*, __half const*, __half*, int, int, int)",128,8704,0,208,0,128,"SQ_WAIT_INST_LDS",10208120.000000,2698839314679,2699377072790
526,526,"Agent 1",1,21594,21594,524288,17,"pk_gemm(__half const*, __half const*, __half*, int, int, int)",128,8704,0,208,0,128,"SQC_LDS_BANK_CONFLICT",268435456.000000,2699377114261,2699898498988
526,526,"Agent 1",1,21594,21594,524288,17,"pk_gemm(__half const*, __half const*, __half*, int, int, int)",128,8704,0,208,0,128,"SQC_LDS_IDX_ACTIVE",2147483648.000000,2699377114261,2699898498988
526,526,"Agent 1",1,21594,21594,524288,17,"pk_gemm(__half const*, __half const*, __half*, int, int, int)",128,8704,0,208,0,128,"SQ_INSTS_LDS",671088640.000000,2699377114261,2699898498988
526,526,"Agent 1",1,21594,21594,524288,17,"pk_gemm(__half const*, __half const*, __half*, int, int, int)",128,8704,0,208,0,128,"SQ_WAIT_INST_LDS",10484830.000000,2699377114261,2699898498988
527,527,"Agent 1",1,21594,21594,524288,17,"pk_gemm(__half const*, __half const*, __half*, int, int, int)",128,8704,0,208,0,128,"SQC_LDS_BANK_CONFLICT",268435456.000000,2699898539456,2700304824604
527,527,"Agent 1",1,21594,21594,524288,17,"pk_gemm(__half const*, __half const*, __half*, int, int, int)",128,8704,0,208,0,128,"SQC_LDS_IDX_ACTIVE",2147483648.000000,2699898539456,2700304824604
527,527,"Agent 1",1,21594,21594,524288,17,"pk_gemm(__half const*, __half const*, __half*, int, int, int)",128,8704,0,208,0,128,"SQ_INSTS_LDS",671088640.000000,2699898539456,2700304824604
527,527,"Agent 1",1,21594,21594,524288,17,"pk_gemm(__half const*, __half const*, __half*, int, int, int)",128,8704,0,208,0,128,"SQ_WAIT_INST_LDS",11043017.000000,2699898539456,2700304824604
528,528,"Agent 1",1,21594,21594,524288,17,"pk_gemm(__half const*, __half const*, __half*, int, int, int)",128,8704,0,208,0,128,"SQC_LDS_BANK_CONFLICT",268435456.000000,2700304863298,2700800802456
528,528,"Agent 1",1,21594,21594,524288,17,"pk_gemm(__half const*, __half const*, __half*, int, int, int)",128,8704,0,208,0,128,"SQC_LDS_IDX_ACTIVE",2147483648.000000,2700304863298,2700800802456
528,528,"Agent 1",1,21594,21594,524288,17,"pk_gemm(__half const*, __half const*, __half*, int, int, int)",128,8704,0,208,0,128,"SQ_INSTS_LDS",671088640.000000,2700304863298,2700800802456
528,528,"Agent 1",1,21594,21594,524288,17,"pk_gemm(__half const*, __half const*, __half*, int, int, int)",128,8704,0,208,0,128,"SQ_WAIT_INST_LDS",10540015.000000,2700304863298,2700800802456
529,529,"Agent 1",1,21594,21594,524288,17,"pk_gemm(__half const*, __half const*, __half*, int, int, int)",128,8704,0,208,0,128,"SQC_LDS_BANK_CONFLICT",268435456.000000,2700800858134,2701332509890
529,529,"Agent 1",1,21594,21594,524288,17,"pk_gemm(__half const*, __half const*, __half*, int, int, int)",128,8704,0,208,0,128,"SQC_LDS_IDX_ACTIVE",2147483648.000000,2700800858134,2701332509890
529,529,"Agent 1",1,21594,21594,524288,17,"pk_gemm(__half const*, __half const*, __half*, int, int, int)",128,8704,0,208,0,128,"SQ_INSTS_LDS",671088640.000000,2700800858134,2701332509890
529,529,"Agent 1",1,21594,21594,524288,17,"pk_gemm(__half const*, __half const*, __half*, int, int, int)",128,8704,0,208,0,128,"SQ_WAIT_INST_LDS",10160484.000000,2700800858134,2701332509890
530,530,"Agent 1",1,21594,21594,524288,17,"pk_gemm(__half const*, __half const*, __half*, int, int, int)",128,8704,0,208,0,128,"SQC_LDS_BANK_CONFLICT",268435456.000000,2701332551255,2701876436279
530,530,"Agent 1",1,21594,21594,524288,17,"pk_gemm(__half const*, __half const*, __half*, int, int, int)",128,8704,0,208,0,128,"SQC_LDS_IDX_ACTIVE",2147483648.000000,2701332551255,2701876436279
530,530,"Agent 1",1,21594,21594,524288,17,"pk_gemm(__half const*, __half const*, __half*, int, int, int)",128,8704,0,208,0,128,"SQ_INSTS_LDS",671088640.000000,2701332551255,2701876436279
530,530,"Agent 1",1,21594,21594,524288,17,"pk_gemm(__half const*, __half const*, __half*, int, int, int)",128,8704,0,208,0,128,"SQ_WAIT_INST_LDS",10393887.000000,2701332551255,2701876436279
531,531,"Agent 1",1,21594,21594,524288,17,"pk_gemm(__half const*, __half const*, __half*, int, int, int)",128,8704,0,208,0,128,"SQC_LDS_BANK_CONFLICT",268435456.000000,2701876486667,2702317908093
531,531,"Agent 1",1,21594,21594,524288,17,"pk_gemm(__half const*, __half const*, __half*, int, int, int)",128,8704,0,208,0,128,"SQC_LDS_IDX_ACTIVE",2147483648.000000,2701876486667,2702317908093
531,531,"Agent 1",1,21594,21594,524288,17,"pk_gemm(__half const*, __half const*, __half*, int, int, int)",128,8704,0,208,0,128,"SQ_INSTS_LDS",671088640.000000,2701876486667,2702317908093
531,531,"Agent 1",1,21594,21594,524288,17,"pk_gemm(__half const*, __half const*, __half*, int, int, int)",128,8704,0,208,0,128,"SQ_WAIT_INST_LDS",11366502.000000,2701876486667,2702317908093
532,532,"Agent 1",1,21594,21594,524288,17,"pk_gemm(__half const*, __half const*, __half*, int, int, int)",128,8704,0,208,0,128,"SQC_LDS_BANK_CONFLICT",268435456.000000,2702317952815,2702805742392
532,532,"Agent 1",1,21594,21594,524288,17,"pk_gemm(__half const*, __half const*, __half*, int, int, int)",128,8704,0,208,0,128,"SQC_LDS_IDX_ACTIVE",2147483648.000000,2702317952815,2702805742392
532,532,"Agent 1",1,21594,21594,524288,17,"pk_gemm(__half const*, __half const*, __half*, int, int, int)",128,8704,0,208,0,128,"SQ_INSTS_LDS",671088640.000000,2702317952815,2702805742392
532,532,"Agent 1",1,21594,21594,524288,17,"pk_gemm(__half const*, __half const*, __half*, int, int, int)",128,8704,0,208,0,128,"SQ_WAIT_INST_LDS",10576531.000000,2702317952815,2702805742392
533,533,"Agent 1",1,21594,21594,524288,17,"pk_gemm(__half const*, __half const*, __half*, int, int, int)",128,8704,0,208,0,128,"SQC_LDS_BANK_CONFLICT",268435456.000000,2702805780557,2703237104634
533,533,"Agent 1",1,21594,21594,524288,17,"pk_gemm(__half const*, __half const*, __half*, int, int, int)",128,8704,0,208,0,128,"SQC_LDS_IDX_ACTIVE",2147483648.000000,2702805780557,2703237104634
533,533,"Agent 1",1,21594,21594,524288,17,"pk_gemm(__half const*, __half const*, __half*, int, int, int)",128,8704,0,208,0,128,"SQ_INSTS_LDS",671088640.000000,2702805780557,2703237104634
533,533,"Agent 1",1,21594,21594,524288,17,"pk_gemm(__half const*, __half const*, __half*, int, int, int)",128,8704,0,208,0,128,"SQ_WAIT_INST_LDS",11182140.000000,2702805780557,2703237104634
534,534,"Agent 1",1,21594,21594,524288,17,"pk_gemm(__half const*, __half const*, __half*, int, int, int)",128,8704,0,208,0,128,"SQC_LDS_BANK_CONFLICT",268435456.000000,2703237143089,2703679177624
534,534,"Agent 1",1,21594,21594,524288,17,"pk_gemm(__half const*, __half const*, __half*, int, int, int)",128,8704,0,208,0,128,"SQC_LDS_IDX_ACTIVE",2147483648.000000,2703237143089,2703679177624
534,534,"Agent 1",1,21594,21594,524288,17,"pk_gemm(__half const*, __half const*, __half*, int, int, int)",128,8704,0,208,0,128,"SQ_INSTS_LDS",671088640.000000,2703237143089,2703679177624
534,534,"Agent 1",1,21594,21594,524288,17,"pk_gemm(__half const*, __half const*, __half*, int, int, int)",128,8704,0,208,0,128,"SQ_WAIT_INST_LDS",10988574.000000,2703237143089,2703679177624
535,535,"Agent 1",1,21594,21594,524288,17,"pk_gemm(__half const*, __half const*, __half*, int, int, int)",128,8704,0,208,0,128,"SQC_LDS_BANK_CONFLICT",268435456.000000,2703679217833,2704182064006
535,535,"Agent 1",1,21594,21594,524288,17,"pk_gemm(__half const*, __half const*, __half*, int, int, int)",128,8704,0,208,0,128,"SQC_LDS_IDX_ACTIVE",2147483648.000000,2703679217833,2704182064006
535,535,"Agent 1",1,21594,21594,524288,17,"pk_gemm(__half const*, __half const*, __half*, int, int, int)",128,8704,0,208,0,128,"SQ_INSTS_LDS",671088640.000000,2703679217833,2704182064006
535,535,"Agent 1",1,21594,21594,524288,17,"pk_gemm(__half const*, __half const*, __half*, int, int, int)",128,8704,0,208,0,128,"SQ_WAIT_INST_LDS",10733476.000000,2703679217833,2704182064006
536,536,"Agent 1",1,21594,21594,524288,17,"pk_gemm(__half const*, __half const*, __half*, int, int, int)",128,8704,0,208,0,128,"SQC_LDS_BANK_CONFLICT",268435456.000000,2704182104904,2704668974077
536,536,"Agent 1",1,21594,21594,524288,17,"pk_gemm(__half const*, __half const*, __half*, int, int, int)",128,8704,0,208,0,128,"SQC_LDS_IDX_ACTIVE",2147483648.000000,2704182104904,2704668974077
536,536,"Agent 1",1,21594,21594,524288,17,"pk_gemm(__half const*, __half const*, __half*, int, int, int)",128,8704,0,208,0,128,"SQ_INSTS_LDS",671088640.000000,2704182104904,2704668974077
536,536,"Agent 1",1,21594,21594,524288,17,"pk_gemm(__half const*, __half const*, __half*, int, int, int)",128,8704,0,208,0,128,"SQ_WAIT_INST_LDS",10833172.000000,2704182104904,2704668974077
537,537,"Agent 1",1,21594,21594,524288,17,"pk_gemm(__half const*, __half const*, __half*, int, int, int)",128,8704,0,208,0,128,"SQC_LDS_BANK_CONFLICT",268435456.000000,2704669013808,2705196725826
537,537,"Agent 1",1,21594,21594,524288,17,"pk_gemm(__half const*, __half const*, __half*, int, int, int)",128,8704,0,208,0,128,"SQC_LDS_IDX_ACTIVE",2147483648.000000,2704669013808,2705196725826
537,537,"Agent 1",1,21594,21594,524288,17,"pk_gemm(__half const*, __half const*, __half*, int, int, int)",128,8704,0,208,0,128,"SQ_INSTS_LDS",671088640.000000,2704669013808,2705196725826
537,537,"Agent 1",1,21594,21594,524288,17,"pk_gemm(__half const*, __half const*, __half*, int, int, int)",128,8704,0,208,0,128,"SQ_WAIT_INST_LDS",10455335.000000,2704669013808,2705196725826
538,538,"Agent 1",1,21594,21594,524288,17,"pk_gemm(__half const*, __half const*, __half*, int, int, int)",128,8704,0,208,0,128,"SQC_LDS_BANK_CONFLICT",268435456.000000,2705196764308,2705675780456
538,538,"Agent 1",1,21594,21594,524288,17,"pk_gemm(__half const*, __half const*, __half*, int, int, int)",128,8704,0,208,0,128,"SQC_LDS_IDX_ACTIVE",2147483648.000000,2705196764308,2705675780456
538,538,"Agent 1",1,21594,21594,524288,17,"pk_gemm(__half const*, __half const*, __half*, int, int, int)",128,8704,0,208,0,128,"SQ_INSTS_LDS",671088640.000000,2705196764308,2705675780456
538,538,"Agent 1",1,21594,21594,524288,17,"pk_gemm(__half const*, __half const*, __half*, int, int, int)",128,8704,0,208,0,128,"SQ_WAIT_INST_LDS",10758102.000000,2705196764308,2705675780456
539,539,"Agent 1",1,21594,21594,524288,17,"pk_gemm(__half const*, __half const*, __half*, int, int, int)",128,8704,0,208,0,128,"SQC_LDS_BANK_CONFLICT",268435456.000000,2705675819560,2706192582995
539,539,"Agent 1",1,21594,21594,524288,17,"pk_gemm(__half const*, __half const*, __half*, int, int, int)",128,8704,0,208,0,128,"SQC_LDS_IDX_ACTIVE",2147483648.000000,2705675819560,2706192582995
539,539,"Agent 1",1,21594,21594,524288,17,"pk_gemm(__half const*, __half const*, __half*, int, int, int)",128,8704,0,208,0,128,"SQ_INSTS_LDS",671088640.000000,2705675819560,2706192582995
539,539,"Agent 1",1,21594,21594,524288,17,"pk_gemm(__half const*, __half const*, __half*, int, int, int)",128,8704,0,208,0,128,"SQ_WAIT_INST_LDS",10542160.000000,2705675819560,2706192582995
540,540,"Agent 1",1,21594,21594,524288,17,"pk_gemm(__half const*, __half const*, __half*, int, int, int)",128,8704,0,208,0,128,"SQC_LDS_BANK_CONFLICT",268435456.000000,2706192620849,2706709015634
540,540,"Agent 1",1,21594,21594,524288,17,"pk_gemm(__half const*, __half const*, __half*, int, int, int)",128,8704,0,208,0,128,"SQC_LDS_IDX_ACTIVE",2147483648.000000,2706192620849,2706709015634
540,540,"Agent 1",1,21594,21594,524288,17,"pk_gemm(__half const*, __half const*, __half*, int, int, int)",128,8704,0,208,0,128,"SQ_INSTS_LDS",671088640.000000,2706192620849,2706709015634
540,540,"Agent 1",1,21594,21594,524288,17,"pk_gemm(__half const*, __half const*, __half*, int, int, int)",128,8704,0,208,0,128,"SQ_WAIT_INST_LDS",10593522.000000,2706192620849,2706709015634
541,541,"Agent 1",1,21594,21594,524288,17,"pk_gemm(__half const*, __half const*, __half*, int, int, int)",128,8704,0,208,0,128,"SQC_LDS_BANK_CONFLICT",268435456.000000,2706709053891,2707213996108
541,541,"Agent 1",1,21594,21594,524288,17,"pk_gemm(__half const*, __half const*, __half*, int, int, int)",128,8704,0,208,0,128,"SQC_LDS_IDX_ACTIVE",2147483648.000000,2706709053891,2707213996108
541,541,"Agent 1",1,21594,21594,524288,17,"pk_gemm(__half const*, __half const*, __half*, int, int, int)",128,8704,0,208,0,128,"SQ_INSTS_LDS",671088640.000000,2706709053891,2707213996108
541,541,"Agent 1",1,21594,21594,524288,17,"pk_gemm(__half const*, __half const*, __half*, int, int, int)",128,8704,0,208,0,128,"SQ_WAIT_INST_LDS",10241903.000000,2706709053891,2707213996108
542,542,"Agent 1",1,21594,21594,524288,17,"pk_gemm(__half const*, __half const*, __half*, int, int, int)",128,8704,0,208,0,128,"SQC_LDS_BANK_CONFLICT",268435456.000000,2707214032830,2707729696885
542,542,"Agent 1",1,21594,21594,524288,17,"pk_gemm(__half const*, __half const*, __half*, int, int, int)",128,8704,0,208,0,128,"SQC_LDS_IDX_ACTIVE",2147483648.000000,2707214032830,2707729696885
542,542,"Agent 1",1,21594,21594,524288,17,"pk_gemm(__half const*, __half const*, __half*, int, int, int)",128,8704,0,208,0,128,"SQ_INSTS_LDS",671088640.000000,2707214032830,2707729696885
542,542,"Agent 1",1,21594,21594,524288,17,"pk_gemm(__half const*, __half const*, __half*, int, int, int)",128,8704,0,208,0,128,"SQ_WAIT_INST_LDS",10514712.000000,2707214032830,2707729696885
543,543,"Agent 1",1,21594,21594,524288,17,"pk_gemm(__half const*, __half const*, __half*, int, int, int)",128,8704,0,208,0,128,"SQC_LDS_BANK_CONFLICT",268435456.000000,2707729733771,2708257474923
543,543,"Agent 1",1,21594,21594,524288,17,"pk_gemm(__half const*, __half const*, __half*, int, int, int)",128,8704,0,208,0,128,"SQC_LDS_IDX_ACTIVE",2147483648.000000,2707729733771,2708257474923
543,543,"Agent 1",1,21594,21594,524288,17,"pk_gemm(__half const*, __half const*, __half*, int, int, int)",128,8704,0,208,0,128,"SQ_INSTS_LDS",671088640.000000,2707729733771,2708257474923
543,543,"Agent 1",1,21594,21594,524288,17,"pk_gemm(__half const*, __half const*, __half*, int, int, int)",128,8704,0,208,0,128,"SQ_WAIT_INST_LDS",10183675.000000,2707729733771,2708257474923
544,544,"Agent 1",1,21594,21594,524288,17,"pk_gemm(__half const*, __half const*, __half*, int, int, int)",128,8704,0,208,0,128,"SQC_LDS_BANK_CONFLICT",268435456.000000,2708257511253,2708746804447
544,544,"Agent 1",1,21594,21594,524288,17,"pk_gemm(__half const*, __half const*, __half*, int, int, int)",128,8704,0,208,0,128,"SQC_LDS_IDX_ACTIVE",2147483648.000000,2708257511253,2708746804447
544,544,"Agent 1",1,21594,21594,524288,17,"pk_gemm(__half const*, __half const*, __half*, int, int, int)",128,8704,0,208,0,128,"SQ_INSTS_LDS",671088640.000000,2708257511253,2708746804447
544,544,"Agent 1",1,21594,21594,524288,17,"pk_gemm(__half const*, __half const*, __half*, int, int, int)",128,8704,0,208,0,128,"SQ_WAIT_INST_LDS",10497987.000000,2708257511253,2708746804447
545,545,"Agent 1",1,21594,21594,524288,17,"pk_gemm(__half const*, __half const*, __half*, int, int, int)",128,8704,0,208,0,128,"SQC_LDS_BANK_CONFLICT",268435456.000000,2708746840135,2709175536332
545,545,"Agent 1",1,21594,21594,524288,17,"pk_gemm(__half const*, __half const*, __half*, int, int, int)",128,8704,0,208,0,128,"SQC_LDS_IDX_ACTIVE",2147483648.000000,2708746840135,2709175536332
545,545,"Agent 1",1,21594,21594,524288,17,"pk_gemm(__half const*, __half const*, __half*, int, int, int)",128,8704,0,208,0,128,"SQ_INSTS_LDS",671088640.000000,2708746840135,2709175536332
545,545,"Agent 1",1,21594,21594,524288,17,"pk_gemm(__half const*, __half const*, __half*, int, int, int)",128,8704,0,208,0,128,"SQ_WAIT_INST_LDS",11181412.000000,2708746840135,2709175536332
546,546,"Agent 1",1,21594,21594,524288,17,"pk_gemm(__half const*, __half const*, __half*, int, int, int)",128,8704,0,208,0,128,"SQC_LDS_BANK_CONFLICT",268435456.000000,2709175574597,2709642633353
546,546,"Agent 1",1,21594,21594,524288,17,"pk_gemm(__half const*, __half const*, __half*, int, int, int)",128,8704,0,208,0,128,"SQC_LDS_IDX_ACTIVE",2147483648.000000,2709175574597,2709642633353
546,546,"Agent 1",1,21594,21594,524288,17,"pk_gemm(__half const*, __half const*, __half*, int, int, int)",128,8704,0,208,0,128,"SQ_INSTS_LDS",671088640.000000,2709175574597,2709642633353
546,546,"Agent 1",1,21594,21594,524288,17,"pk_gemm(__half const*, __half const*, __half*, int, int, int)",128,8704,0,208,0,128,"SQ_WAIT_INST_LDS",10768303.000000,2709175574597,2709642633353
547,547,"Agent 1",1,21594,21594,524288,17,"pk_gemm(__half const*, __half const*, __half*, int, int, int)",128,8704,0,208,0,128,"SQC_LDS_BANK_CONFLICT",268435456.000000,2709642667497,2710183390881
547,547,"Agent 1",1,21594,21594,524288,17,"pk_gemm(__half const*, __half const*, __half*, int, int, int)",128,8704,0,208,0,128,"SQC_LDS_IDX_ACTIVE",2147483648.000000,2709642667497,2710183390881
547,547,"Agent 1",1,21594,21594,524288,17,"pk_gemm(__half const*, __half const*, __half*, int, int, int)",128,8704,0,208,0,128,"SQ_INSTS_LDS",671088640.000000,2709642667497,2710183390881
547,547,"Agent 1",1,21594,21594,524288,17,"pk_gemm(__half const*, __half const*, __half*, int, int, int)",128,8704,0,208,0,128,"SQ_WAIT_INST_LDS",10527636.000000,2709642667497,2710183390881
548,548,"Agent 1",1,21594,21594,524288,17,"pk_gemm(__half const*, __half const*, __half*, int, int, int)",128,8704,0,208,0,128,"SQC_LDS_BANK_CONFLICT",268435456.000000,2710183427254,2710634639936
548,548,"Agent 1",1,21594,21594,524288,17,"pk_gemm(__half const*, __half const*, __half*, int, int, int)",128,8704,0,208,0,128,"SQC_LDS_IDX_ACTIVE",2147483648.000000,2710183427254,2710634639936
548,548,"Agent 1",1,21594,21594,524288,17,"pk_gemm(__half const*, __half const*, __half*, int, int, int)",128,8704,0,208,0,128,"SQ_INSTS_LDS",671088640.000000,2710183427254,2710634639936
548,548,"Agent 1",1,21594,21594,524288,17,"pk_gemm(__half const*, __half const*, __half*, int, int, int)",128,8704,0,208,0,128,"SQ_WAIT_INST_LDS",10775732.000000,2710183427254,2710634639936
549,549,"Agent 1",1,21594,21594,524288,17,"pk_gemm(__half const*, __half const*, __half*, int, int, int)",128,8704,0,208,0,128,"SQC_LDS_BANK_CONFLICT",268435456.000000,2710634674854,2711030985565
549,549,"Agent 1",1,21594,21594,524288,17,"pk_gemm(__half const*, __half const*, __half*, int, int, int)",128,8704,0,208,0,128,"SQC_LDS_IDX_ACTIVE",2147483648.000000,2710634674854,2711030985565
549,549,"Agent 1",1,21594,21594,524288,17,"pk_gemm(__half const*, __half const*, __half*, int, int, int)",128,8704,0,208,0,128,"SQ_INSTS_LDS",671088640.000000,2710634674854,2711030985565
549,549,"Agent 1",1,21594,21594,524288,17,"pk_gemm(__half const*, __half const*, __half*, int, int, int)",128,8704,0,208,0,128,"SQ_WAIT_INST_LDS",11221791.000000,2710634674854,2711030985565
550,550,"Agent 1",1,21594,21594,524288,17,"pk_gemm(__half const*, __half const*, __half*, int, int, int)",128,8704,0,208,0,128,"SQC_LDS_BANK_CONFLICT",268435456.000000,2711031023473,2711571405018
550,550,"Agent 1",1,21594,21594,524288,17,"pk_gemm(__half const*, __half const*, __half*, int, int, int)",128,8704,0,208,0,128,"SQC_LDS_IDX_ACTIVE",2147483648.000000,2711031023473,2711571405018
550,550,"Agent 1",1,21594,21594,524288,17,"pk_gemm(__half const*, __half const*, __half*, int, int, int)",128,8704,0,208,0,128,"SQ_INSTS_LDS",671088640.000000,2711031023473,2711571405018
550,550,"Agent 1",1,21594,21594,524288,17,"pk_gemm(__half const*, __half const*, __half*, int, int, int)",128,8704,0,208,0,128,"SQ_WAIT_INST_LDS",10611792.000000,2711031023473,2711571405018
551,551,"Agent 1",1,21594,21594,524288,17,"pk_gemm(__half const*, __half const*, __half*, int, int, int)",128,8704,0,208,0,128,"SQC_LDS_BANK_CONFLICT",268435456.000000,2711571439053,2712103226525
551,551,"Agent 1",1,21594,21594,524288,17,"pk_gemm(__half const*, __half const*, __half*, int, int, int)",128,8704,0,208,0,128,"SQC_LDS_IDX_ACTIVE",2147483648.000000,2711571439053,2712103226525
551,551,"Agent 1",1,21594,21594,524288,17,"pk_gemm(__half const*, __half const*, __half*, int, int, int)",128,8704,0,208,0,128,"SQ_INSTS_LDS",671088640.000000,2711571439053,2712103226525
551,551,"Agent 1",1,21594,21594,524288,17,"pk_gemm(__half const*, __half const*, __half*, int, int, int)",128,8704,0,208,0,128,"SQ_WAIT_INST_LDS",10356541.000000,2711571439053,2712103226525
552,552,"Agent 1",1,21594,21594,524288,17,"pk_gemm(__half const*, __half const*, __half*, int, int, int)",128,8704,0,208,0,128,"SQC_LDS_BANK_CONFLICT",268435456.000000,2712103336457,2712656276759
552,552,"Agent 1",1,21594,21594,524288,17,"pk_gemm(__half const*, __half const*, __half*, int, int, int)",128,8704,0,208,0,128,"SQC_LDS_IDX_ACTIVE",2147483648.000000,2712103336457,2712656276759
552,552,"Agent 1",1,21594,21594,524288,17,"pk_gemm(__half const*, __half const*, __half*, int, int, int)",128,8704,0,208,0,128,"SQ_INSTS_LDS",671088640.000000,2712103336457,2712656276759
552,552,"Agent 1",1,21594,21594,524288,17,"pk_gemm(__half const*, __half const*, __half*, int, int, int)",128,8704,0,208,0,128,"SQ_WAIT_INST_LDS",10443353.000000,2712103336457,2712656276759
553,553,"Agent 1",1,21594,21594,524288,17,"pk_gemm(__half const*, __half const*, __half*, int, int, int)",128,8704,0,208,0,128,"SQC_LDS_BANK_CONFLICT",268435456.000000,2712656316915,2713173593151
553,553,"Agent 1",1,21594,21594,524288,17,"pk_gemm(__half const*, __half const*, __half*, int, int, int)",128,8704,0,208,0,128,"SQC_LDS_IDX_ACTIVE",2147483648.000000,2712656316915,2713173593151
553,553,"Agent 1",1,21594,21594,524288,17,"pk_gemm(__half const*, __half const*, __half*, int, int, int)",128,8704,0,208,0,128,"SQ_INSTS_LDS",671088640.000000,2712656316915,2713173593151
553,553,"Agent 1",1,21594,21594,524288,17,"pk_gemm(__half const*, __half const*, __half*, int, int, int)",128,8704,0,208,0,128,"SQ_WAIT_INST_LDS",10406765.000000,2712656316915,2713173593151
554,554,"Agent 1",1,21594,21594,524288,17,"pk_gemm(__half const*, __half const*, __half*, int, int, int)",128,8704,0,208,0,128,"SQC_LDS_BANK_CONFLICT",268435456.000000,2713173633279,2713700552172
554,554,"Agent 1",1,21594,21594,524288,17,"pk_gemm(__half const*, __half const*, __half*, int, int, int)",128,8704,0,208,0,128,"SQC_LDS_IDX_ACTIVE",2147483648.000000,2713173633279,2713700552172
554,554,"Agent 1",1,21594,21594,524288,17,"pk_gemm(__half const*, __half const*, __half*, int, int, int)",128,8704,0,208,0,128,"SQ_INSTS_LDS",671088640.000000,2713173633279,2713700552172
554,554,"Agent 1",1,21594,21594,524288,17,"pk_gemm(__half const*, __half const*, __half*, int, int, int)",128,8704,0,208,0,128,"SQ_WAIT_INST_LDS",10175667.000000,2713173633279,2713700552172
555,555,"Agent 1",1,21594,21594,524288,17,"pk_gemm(__half const*, __half const*, __half*, int, int, int)",128,8704,0,208,0,128,"SQC_LDS_BANK_CONFLICT",268435456.000000,2713700591346,2714226999403
555,555,"Agent 1",1,21594,21594,524288,17,"pk_gemm(__half const*, __half const*, __half*, int, int, int)",128,8704,0,208,0,128,"SQC_LDS_IDX_ACTIVE",2147483648.000000,2713700591346,2714226999403
555,555,"Agent 1",1,21594,21594,524288,17,"pk_gemm(__half const*, __half const*, __half*, int, int, int)",128,8704,0,208,0,128,"SQ_INSTS_LDS",671088640.000000,2713700591346,2714226999403
555,555,"Agent 1",1,21594,21594,524288,17,"pk_gemm(__half const*, __half const*, __half*, int, int, int)",128,8704,0,208,0,128,"SQ_WAIT_INST_LDS",10406066.000000,2713700591346,2714226999403
556,556,"Agent 1",1,21594,21594,524288,17,"pk_gemm(__half const*, __half const*, __half*, int, int, int)",128,8704,0,208,0,128,"SQC_LDS_BANK_CONFLICT",268435456.000000,2714227038640,2714735057460
556,556,"Agent 1",1,21594,21594,524288,17,"pk_gemm(__half const*, __half const*, __half*, int, int, int)",128,8704,0,208,0,128,"SQC_LDS_IDX_ACTIVE",2147483648.000000,2714227038640,2714735057460
556,556,"Agent 1",1,21594,21594,524288,17,"pk_gemm(__half const*, __half const*, __half*, int, int, int)",128,8704,0,208,0,128,"SQ_INSTS_LDS",671088640.000000,2714227038640,2714735057460
556,556,"Agent 1",1,21594,21594,524288,17,"pk_gemm(__half const*, __half const*, __half*, int, int, int)",128,8704,0,208,0,128,"SQ_WAIT_INST_LDS",10587866.000000,2714227038640,2714735057460
557,557,"Agent 1",1,21594,21594,524288,17,"pk_gemm(__half const*, __half const*, __half*, int, int, int)",128,8704,0,208,0,128,"SQC_LDS_BANK_CONFLICT",268435456.000000,2714735095875,2715267830459
557,557,"Agent 1",1,21594,21594,524288,17,"pk_gemm(__half const*, __half const*, __half*, int, int, int)",128,8704,0,208,0,128,"SQC_LDS_IDX_ACTIVE",2147483648.000000,2714735095875,2715267830459
557,557,"Agent 1",1,21594,21594,524288,17,"pk_gemm(__half const*, __half const*, __half*, int, int, int)",128,8704,0,208,0,128,"SQ_INSTS_LDS",671088640.000000,2714735095875,2715267830459
557,557,"Agent 1",1,21594,21594,524288,17,"pk_gemm(__half const*, __half const*, __half*, int, int, int)",128,8704,0,208,0,128,"SQ_WAIT_INST_LDS",10696507.000000,2714735095875,2715267830459
558,558,"Agent 1",1,21594,21594,524288,17,"pk_gemm(__half const*, __half const*, __half*, int, int, int)",128,8704,0,208,0,128,"SQC_LDS_BANK_CONFLICT",268435456.000000,2715267883338,2715797525131
558,558,"Agent 1",1,21594,21594,524288,17,"pk_gemm(__half const*, __half const*, __half*, int, int, int)",128,8704,0,208,0,128,"SQC_LDS_IDX_ACTIVE",2147483648.000000,2715267883338,2715797525131
558,558,"Agent 1",1,21594,21594,524288,17,"pk_gemm(__half const*, __half const*, __half*, int, int, int)",128,8704,0,208,0,128,"SQ_INSTS_LDS",671088640.000000,2715267883338,2715797525131
558,558,"Agent 1",1,21594,21594,524288,17,"pk_gemm(__half const*, __half const*, __half*, int, int, int)",128,8704,0,208,0,128,"SQ_WAIT_INST_LDS",10362926.000000,2715267883338,2715797525131
559,559,"Agent 1",1,21594,21594,524288,17,"pk_gemm(__half const*, __half const*, __half*, int, int, int)",128,8704,0,208,0,128,"SQC_LDS_BANK_CONFLICT",268435456.000000,2715797567252,2716312987092
559,559,"Agent 1",1,21594,21594,524288,17,"pk_gemm(__half const*, __half const*, __half*, int, int, int)",128,8704,0,208,0,128,"SQC_LDS_IDX_ACTIVE",2147483648.000000,2715797567252,2716312987092
559,559,"Agent 1",1,21594,21594,524288,17,"pk_gemm(__half const*, __half const*, __half*, int, int, int)",128,8704,0,208,0,128,"SQ_INSTS_LDS",671088640.000000,2715797567252,2716312987092
559,559,"Agent 1",1,21594,21594,524288,17,"pk_gemm(__half const*, __half const*, __half*, int, int, int)",128,8704,0,208,0,128,"SQ_WAIT_INST_LDS",10657385.000000,2715797567252,2716312987092
560,560,"Agent 1",1,21594,21594,524288,17,"pk_gemm(__half const*, __half const*, __half*, int, int, int)",128,8704,0,208,0,128,"SQC_LDS_BANK_CONFLICT",268435456.000000,2716313031711,2716753857983
560,560,"Agent 1",1,21594,21594,524288,17,"pk_gemm(__half const*, __half const*, __half*, int, int, int)",128,8704,0,208,0,128,"SQC_LDS_IDX_ACTIVE",2147483648.000000,2716313031711,2716753857983
560,560,"Agent 1",1,21594,21594,524288,17,"pk_gemm(__half const*, __half const*, __half*, int, int, int)",128,8704,0,208,0,128,"SQ_INSTS_LDS",671088640.000000,2716313031711,2716753857983
560,560,"Agent 1",1,21594,21594,524288,17,"pk_gemm(__half const*, __half const*, __half*, int, int, int)",128,8704,0,208,0,128,"SQ_WAIT_INST_LDS",10913159.000000,2716313031711,2716753857983
561,561,"Agent 1",1,21594,21594,524288,17,"pk_gemm(__half const*, __half const*, __half*, int, int, int)",128,8704,0,208,0,128,"SQC_LDS_BANK_CONFLICT",268435456.000000,2716753895786,2717233302947
561,561,"Agent 1",1,21594,21594,524288,17,"pk_gemm(__half const*, __half const*, __half*, int, int, int)",128,8704,0,208,0,128,"SQC_LDS_IDX_ACTIVE",2147483648.000000,2716753895786,2717233302947
561,561,"Agent 1",1,21594,21594,524288,17,"pk_gemm(__half const*, __half const*, __half*, int, int, int)",128,8704,0,208,0,128,"SQ_INSTS_LDS",671088640.000000,2716753895786,2717233302947
561,561,"Agent 1",1,21594,21594,524288,17,"pk_gemm(__half const*, __half const*, __half*, int, int, int)",128,8704,0,208,0,128,"SQ_WAIT_INST_LDS",10879229.000000,2716753895786,2717233302947
562,562,"Agent 1",1,21594,21594,524288,17,"pk_gemm(__half const*, __half const*, __half*, int, int, int)",128,8704,0,208,0,128,"SQC_LDS_BANK_CONFLICT",268435456.000000,2717233340898,2717767567796
562,562,"Agent 1",1,21594,21594,524288,17,"pk_gemm(__half const*, __half const*, __half*, int, int, int)",128,8704,0,208,0,128,"SQC_LDS_IDX_ACTIVE",2147483648.000000,2717233340898,2717767567796
562,562,"Agent 1",1,21594,21594,524288,17,"pk_gemm(__half const*, __half const*, __half*, int, int, int)",128,8704,0,208,0,128,"SQ_INSTS_LDS",671088640.000000,2717233340898,2717767567796
562,562,"Agent 1",1,21594,21594,524288,17,"pk_gemm(__half const*, __half const*, __half*, int, int, int)",128,8704,0,208,0,128,"SQ_WAIT_INST_LDS",10450228.000000,2717233340898,2717767567796
563,563,"Agent 1",1,21594,21594,524288,17,"pk_gemm(__half const*, __half const*, __half*, int, int, int)",128,8704,0,208,0,128,"SQC_LDS_BANK_CONFLICT",268435456.000000,2717767608206,2718308890918
563,563,"Agent 1",1,21594,21594,524288,17,"pk_gemm(__half const*, __half const*, __half*, int, int, int)",128,8704,0,208,0,128,"SQC_LDS_IDX_ACTIVE",2147483648.000000,2717767608206,2718308890918
563,563,"Agent 1",1,21594,21594,524288,17,"pk_gemm(__half const*, __half const*, __half*, int, int, int)",128,8704,0,208,0,128,"SQ_INSTS_LDS",671088640.000000,2717767608206,2718308890918
563,563,"Agent 1",1,21594,21594,524288,17,"pk_gemm(__half const*, __half const*, __half*, int, int, int)",128,8704,0,208,0,128,"SQ_WAIT_INST_LDS",10482991.000000,2717767608206,2718308890918
564,564,"Agent 1",1,21594,21594,524288,17,"pk_gemm(__half const*, __half const*, __half*, int, int, int)",128,8704,0,208,0,128,"SQC_LDS_BANK_CONFLICT",268435456.000000,2718308929741,2718827352885
564,564,"Agent 1",1,21594,21594,524288,17,"pk_gemm(__half const*, __half const*, __half*, int, int, int)",128,8704,0,208,0,128,"SQC_LDS_IDX_ACTIVE",2147483648.000000,2718308929741,2718827352885
564,564,"Agent 1",1,21594,21594,524288,17,"pk_gemm(__half const*, __half const*, __half*, int, int, int)",128,8704,0,208,0,128,"SQ_INSTS_LDS",671088640.000000,2718308929741,2718827352885
564,564,"Agent 1",1,21594,21594,524288,17,"pk_gemm(__half const*, __half const*, __half*, int, int, int)",128,8704,0,208,0,128,"SQ_WAIT_INST_LDS",10300650.000000,2718308929741,2718827352885
565,565,"Agent 1",1,21594,21594,524288,17,"pk_gemm(__half const*, __half const*, __half*, int, int, int)",128,8704,0,208,0,128,"SQC_LDS_BANK_CONFLICT",268435456.000000,2718827392472,2719348779686
565,565,"Agent 1",1,21594,21594,524288,17,"pk_gemm(__half const*, __half const*, __half*, int, int, int)",128,8704,0,208,0,128,"SQC_LDS_IDX_ACTIVE",2147483648.000000,2718827392472,2719348779686
565,565,"Agent 1",1,21594,21594,524288,17,"pk_gemm(__half const*, __half const*, __half*, int, int, int)",128,8704,0,208,0,128,"SQ_INSTS_LDS",671088640.000000,2718827392472,2719348779686
565,565,"Agent 1",1,21594,21594,524288,17,"pk_gemm(__half const*, __half const*, __half*, int, int, int)",128,8704,0,208,0,128,"SQ_WAIT_INST_LDS",10412500.000000,2718827392472,2719348779686
566,566,"Agent 1",1,21594,21594,524288,17,"pk_gemm(__half const*, __half const*, __half*, int, int, int)",128,8704,0,208,0,128,"SQC_LDS_BANK_CONFLICT",268435456.000000,2719348819275,2719831612618
566,566,"Agent 1",1,21594,21594,524288,17,"pk_gemm(__half const*, __half const*, __half*, int, int, int)",128,8704,0,208,0,128,"SQC_LDS_IDX_ACTIVE",2147483648.000000,2719348819275,2719831612618
566,566,"Agent 1",1,21594,21594,524288,17,"pk_gemm(__half const*, __half const*, __half*, int, int, int)",128,8704,0,208,0,128,"SQ_INSTS_LDS",671088640.000000,2719348819275,2719831612618
566,566,"Agent 1",1,21594,21594,524288,17,"pk_gemm(__half const*, __half const*, __half*, int, int, int)",128,8704,0,208,0,128,"SQ_WAIT_INST_LDS",10917021.000000,2719348819275,2719831612618
567,567,"Agent 1",1,21594,21594,524288,17,"pk_gemm(__half const*, __half const*, __half*, int, int, int)",128,8704,0,208,0,128,"SQC_LDS_BANK_CONFLICT",268435456.000000,2719831650941,2720365661475
567,567,"Agent 1",1,21594,21594,524288,17,"pk_gemm(__half const*, __half const*, __half*, int, int, int)",128,8704,0,208,0,128,"SQC_LDS_IDX_ACTIVE",2147483648.000000,2719831650941,2720365661475
567,567,"Agent 1",1,21594,21594,524288,17,"pk_gemm(__half const*, __half const*, __half*, int, int, int)",128,8704,0,208,0,128,"SQ_INSTS_LDS",671088640.000000,2719831650941,2720365661475
567,567,"Agent 1",1,21594,21594,524288,17,"pk_gemm(__half const*, __half const*, __half*, int, int, int)",128,8704,0,208,0,128,"SQ_WAIT_INST_LDS",10437336.000000,2719831650941,2720365661475
568,568,"Agent 1",1,21594,21594,524288,17,"pk_gemm(__half const*, __half const*, __half*, int, int, int)",128,8704,0,208,0,128,"SQC_LDS_BANK_CONFLICT",268435456.000000,2720365700628,2720859405203
568,568,"Agent 1",1,21594,21594,524288,17,"pk_gemm(__half const*, __half const*, __half*, int, int, int)",128,8704,0,208,0,128,"SQC_LDS_IDX_ACTIVE",2147483648.000000,2720365700628,2720859405203
568,568,"Agent 1",1,21594,21594,524288,17,"pk_gemm(__half const*, __half const*, __half*, int, int, int)",128,8704,0,208,0,128,"SQ_INSTS_LDS",671088640.000000,2720365700628,2720859405203
568,568,"Agent 1",1,21594,21594,524288,17,"pk_gemm(__half const*, __half const*, __half*, int, int, int)",128,8704,0,208,0,128,"SQ_WAIT_INST_LDS",10870772.000000,2720365700628,2720859405203
569,569,"Agent 1",1,21594,21594,524288,17,"pk_gemm(__half const*, __half const*, __half*, int, int, int)",128,8704,0,208,0,128,"SQC_LDS_BANK_CONFLICT",268435456.000000,2720859443486,2721287490428
569,569,"Agent 1",1,21594,21594,524288,17,"pk_gemm(__half const*, __half const*, __half*, int, int, int)",128,8704,0,208,0,128,"SQC_LDS_IDX_ACTIVE",2147483648.000000,2720859443486,2721287490428
569,569,"Agent 1",1,21594,21594,524288,17,"pk_gemm(__half const*, __half const*, __half*, int, int, int)",128,8704,0,208,0,128,"SQ_INSTS_LDS",671088640.000000,2720859443486,2721287490428
569,569,"Agent 1",1,21594,21594,524288,17,"pk_gemm(__half const*, __half const*, __half*, int, int, int)",128,8704,0,208,0,128,"SQ_WAIT_INST_LDS",10920437.000000,2720859443486,2721287490428
570,570,"Agent 1",1,21594,21594,524288,17,"pk_gemm(__half const*, __half const*, __half*, int, int, int)",128,8704,0,208,0,128,"SQC_LDS_BANK_CONFLICT",268435456.000000,2721287530324,2721802290329
570,570,"Agent 1",1,21594,21594,524288,17,"pk_gemm(__half const*, __half const*, __half*, int, int, int)",128,8704,0,208,0,128,"SQC_LDS_IDX_ACTIVE",2147483648.000000,2721287530324,2721802290329
570,570,"Agent 1",1,21594,21594,524288,17,"pk_gemm(__half const*, __half const*, __half*, int, int, int)",128,8704,0,208,0,128,"SQ_INSTS_LDS",671088640.000000,2721287530324,2721802290329
570,570,"Agent 1",1,21594,21594,524288,17,"pk_gemm(__half const*, __half const*, __half*, int, int, int)",128,8704,0,208,0,128,"SQ_WAIT_INST_LDS",10421251.000000,2721287530324,2721802290329
571,571,"Agent 1",1,21594,21594,524288,17,"pk_gemm(__half const*, __half const*, __half*, int, int, int)",128,8704,0,208,0,128,"SQC_LDS_BANK_CONFLICT",268435456.000000,2721802326940,2722302045737
571,571,"Agent 1",1,21594,21594,524288,17,"pk_gemm(__half const*, __half const*, __half*, int, int, int)",128,8704,0,208,0,128,"SQC_LDS_IDX_ACTIVE",2147483648.000000,2721802326940,2722302045737
571,571,"Agent 1",1,21594,21594,524288,17,"pk_gemm(__half const*, __half const*, __half*, int, int, int)",128,8704,0,208,0,128,"SQ_INSTS_LDS",671088640.000000,2721802326940,2722302045737
571,571,"Agent 1",1,21594,21594,524288,17,"pk_gemm(__half const*, __half const*, __half*, int, int, int)",128,8704,0,208,0,128,"SQ_WAIT_INST_LDS",10781811.000000,2721802326940,2722302045737
572,572,"Agent 1",1,21594,21594,524288,17,"pk_gemm(__half const*, __half const*, __half*, int, int, int)",128,8704,0,208,0,128,"SQC_LDS_BANK_CONFLICT",268435456.000000,2722302080663,2722826300824
572,572,"Agent 1",1,21594,21594,524288,17,"pk_gemm(__half const*, __half const*, __half*, int, int, int)",128,8704,0,208,0,128,"SQC_LDS_IDX_ACTIVE",2147483648.000000,2722302080663,2722826300824
572,572,"Agent 1",1,21594,21594,524288,17,"pk_gemm(__half const*, __half const*, __half*, int, int, int)",128,8704,0,208,0,128,"SQ_INSTS_LDS",671088640.000000,2722302080663,2722826300824
572,572,"Agent 1",1,21594,21594,524288,17,"pk_gemm(__half const*, __half const*, __half*, int, int, int)",128,8704,0,208,0,128,"SQ_WAIT_INST_LDS",10318745.000000,2722302080663,2722826300824
573,573,"Agent 1",1,21594,21594,524288,17,"pk_gemm(__half const*, __half const*, __half*, int, int, int)",128,8704,0,208,0,128,"SQC_LDS_BANK_CONFLICT",268435456.000000,2722826334990,2723375116946
573,573,"Agent 1",1,21594,21594,524288,17,"pk_gemm(__half const*, __half const*, __half*, int, int, int)",128,8704,0,208,0,128,"SQC_LDS_IDX_ACTIVE",2147483648.000000,2722826334990,2723375116946
573,573,"Agent 1",1,21594,21594,524288,17,"pk_gemm(__half const*, __half const*, __half*, int, int, int)",128,8704,0,208,0,128,"SQ_INSTS_LDS",671088640.000000,2722826334990,2723375116946
573,573,"Agent 1",1,21594,21594,524288,17,"pk_gemm(__half const*, __half const*, __half*, int, int, int)",128,8704,0,208,0,128,"SQ_WAIT_INST_LDS",10630032.000000,2722826334990,2723375116946
574,574,"Agent 1",1,21594,21594,524288,17,"pk_gemm(__half const*, __half const*, __half*, int, int, int)",128,8704,0,208,0,128,"SQC_LDS_BANK_CONFLICT",268435456.000000,2723375151952,2723899145489
574,574,"Agent 1",1,21594,21594,524288,17,"pk_gemm(__half const*, __half const*, __half*, int, int, int)",128,8704,0,208,0,128,"SQC_LDS_IDX_ACTIVE",2147483648.000000,2723375151952,2723899145489
574,574,"Agent 1",1,21594,21594,524288,17,"pk_gemm(__half const*, __half const*, __half*, int, int, int)",128,8704,0,208,0,128,"SQ_INSTS_LDS",671088640.000000,2723375151952,2723899145489
574,574,"Agent 1",1,21594,21594,524288,17,"pk_gemm(__half const*, __half const*, __half*, int, int, int)",128,8704,0,208,0,128,"SQ_WAIT_INST_LDS",10537690.000000,2723375151952,2723899145489
575,575,"Agent 1",1,21594,21594,524288,17,"pk_gemm(__half const*, __half const*, __half*, int, int, int)",128,8704,0,208,0,128,"SQC_LDS_BANK_CONFLICT",268435456.000000,2723899178924,2724191230354
575,575,"Agent 1",1,21594,21594,524288,17,"pk_gemm(__half const*, __half const*, __half*, int, int, int)",128,8704,0,208,0,128,"SQC_LDS_IDX_ACTIVE",2147483648.000000,2723899178924,2724191230354
575,575,"Agent 1",1,21594,21594,524288,17,"pk_gemm(__half const*, __half const*, __half*, int, int, int)",128,8704,0,208,0,128,"SQ_INSTS_LDS",671088640.000000,2723899178924,2724191230354
575,575,"Agent 1",1,21594,21594,524288,17,"pk_gemm(__half const*, __half const*, __half*, int, int, int)",128,8704,0,208,0,128,"SQ_WAIT_INST_LDS",11944725.000000,2723899178924,2724191230354
576,576,"Agent 1",1,21594,21594,524288,17,"pk_gemm(__half const*, __half const*, __half*, int, int, int)",128,8704,0,208,0,128,"SQC_LDS_BANK_CONFLICT",268435456.000000,2724191263627,2724655025091
576,576,"Agent 1",1,21594,21594,524288,17,"pk_gemm(__half const*, __half const*, __half*, int, int, int)",128,8704,0,208,0,128,"SQC_LDS_IDX_ACTIVE",2147483648.000000,2724191263627,2724655025091
576,576,"Agent 1",1,21594,21594,524288,17,"pk_gemm(__half const*, __half const*, __half*, int, int, int)",128,8704,0,208,0,128,"SQ_INSTS_LDS",671088640.000000,2724191263627,2724655025091
576,576,"Agent 1",1,21594,21594,524288,17,"pk_gemm(__half const*, __half const*, __half*, int, int, int)",128,8704,0,208,0,128,"SQ_WAIT_INST_LDS",10835599.000000,2724191263627,2724655025091
577,577,"Agent 1",1,21594,21594,524288,17,"pk_gemm(__half const*, __half const*, __half*, int, int, int)",128,8704,0,208,0,128,"SQC_LDS_BANK_CONFLICT",268435456.000000,2724655058201,2725143184050
577,577,"Agent 1",1,21594,21594,524288,17,"pk_gemm(__half const*, __half const*, __half*, int, int, int)",128,8704,0,208,0,128,"SQC_LDS_IDX_ACTIVE",2147483648.000000,2724655058201,2725143184050
577,577,"Agent 1",1,21594,21594,524288,17,"pk_gemm(__half const*, __half const*, __half*, int, int, int)",128,8704,0,208,0,128,"SQ_INSTS_LDS",671088640.000000,2724655058201,2725143184050
577,577,"Agent 1",1,21594,21594,524288,17,"pk_gemm(__half const*, __half const*, __half*, int, int, int)",128,8704,0,208,0,128,"SQ_WAIT_INST_LDS",10647013.000000,2724655058201,2725143184050
578,578,"Agent 1",1,21594,21594,524288,17,"pk_gemm(__half const*, __half const*, __half*, int, int, int)",128,8704,0,208,0,128,"SQC_LDS_BANK_CONFLICT",268435456.000000,2725143218255,2725661442989
578,578,"Agent 1",1,21594,21594,524288,17,"pk_gemm(__half const*, __half const*, __half*, int, int, int)",128,8704,0,208,0,128,"SQC_LDS_IDX_ACTIVE",2147483648.000000,2725143218255,2725661442989
578,578,"Agent 1",1,21594,21594,524288,17,"pk_gemm(__half const*, __half const*, __half*, int, int, int)",128,8704,0,208,0,128,"SQ_INSTS_LDS",671088640.000000,2725143218255,2725661442989
578,578,"Agent 1",1,21594,21594,524288,17,"pk_gemm(__half const*, __half const*, __half*, int, int, int)",128,8704,0,208,0,128,"SQ_WAIT_INST_LDS",10729789.000000,2725143218255,2725661442989
579,579,"Agent 1",1,21594,21594,524288,17,"pk_gemm(__half const*, __half const*, __half*, int, int, int)",128,8704,0,208,0,128,"SQC_LDS_BANK_CONFLICT",268435456.000000,2725661476173,2726063805395
579,579,"Agent 1",1,21594,21594,524288,17,"pk_gemm(__half const*, __half const*, __half*, int, int, int)",128,8704,0,208,0,128,"SQC_LDS_IDX_ACTIVE",2147483648.000000,2725661476173,2726063805395
579,579,"Agent 1",1,21594,21594,524288,17,"pk_gemm(__half const*, __half const*, __half*, int, int, int)",128,8704,0,208,0,128,"SQ_INSTS_LDS",671088640.000000,2725661476173,2726063805395
579,579,"Agent 1",1,21594,21594,524288,17,"pk_gemm(__half const*, __half const*, __half*, int, int, int)",128,8704,0,208,0,128,"SQ_WAIT_INST_LDS",11292196.000000,2725661476173,2726063805395
580,580,"Agent 1",1,21594,21594,524288,17,"pk_gemm(__half const*, __half const*, __half*, int, int, int)",128,8704,0,208,0,128,"SQC_LDS_BANK_CONFLICT",268435456.000000,2726063839628,2726579858832
580,580,"Agent 1",1,21594,21594,524288,17,"pk_gemm(__half const*, __half const*, __half*, int, int, int)",128,8704,0,208,0,128,"SQC_LDS_IDX_ACTIVE",2147483648.000000,2726063839628,2726579858832
580,580,"Agent 1",1,21594,21594,524288,17,"pk_gemm(__half const*, __half const*, __half*, int, int, int)",128,8704,0,208,0,128,"SQ_INSTS_LDS",671088640.000000,2726063839628,2726579858832
580,580,"Agent 1",1,21594,21594,524288,17,"pk_gemm(__half const*, __half const*, __half*, int, int, int)",128,8704,0,208,0,128,"SQ_WAIT_INST_LDS",10623548.000000,2726063839628,2726579858832
581,581,"Agent 1",1,21594,21594,524288,17,"pk_gemm(__half const*, __half const*, __half*, int, int, int)",128,8704,0,208,0,128,"SQC_LDS_BANK_CONFLICT",268435456.000000,2726579891304,2727105042970
581,581,"Agent 1",1,21594,21594,524288,17,"pk_gemm(__half const*, __half const*, __half*, int, int, int)",128,8704,0,208,0,128,"SQC_LDS_IDX_ACTIVE",2147483648.000000,2726579891304,2727105042970
581,581,"Agent 1",1,21594,21594,524288,17,"pk_gemm(__half const*, __half const*, __half*, int, int, int)",128,8704,0,208,0,128,"SQ_INSTS_LDS",671088640.000000,2726579891304,2727105042970
581,581,"Agent 1",1,21594,21594,524288,17,"pk_gemm(__half const*, __half const*, __half*, int, int, int)",128,8704,0,208,0,128,"SQ_WAIT_INST_LDS",10701914.000000,2726579891304,2727105042970
582,582,"Agent 1",1,21594,21594,524288,17,"pk_gemm(__half const*, __half const*, __half*, int, int, int)",128,8704,0,208,0,128,"SQC_LDS_BANK_CONFLICT",268435456.000000,2727105143161,2727601623815
582,582,"Agent 1",1,21594,21594,524288,17,"pk_gemm(__half const*, __half const*, __half*, int, int, int)",128,8704,0,208,0,128,"SQC_LDS_IDX_ACTIVE",2147483648.000000,2727105143161,2727601623815
582,582,"Agent 1",1,21594,21594,524288,17,"pk_gemm(__half const*, __half const*, __half*, int, int, int)",128,8704,0,208,0,128,"SQ_INSTS_LDS",671088640.000000,2727105143161,2727601623815
582,582,"Agent 1",1,21594,21594,524288,17,"pk_gemm(__half const*, __half const*, __half*, int, int, int)",128,8704,0,208,0,128,"SQ_WAIT_INST_LDS",10731697.000000,2727105143161,2727601623815
583,583,"Agent 1",1,21594,21594,524288,17,"pk_gemm(__half const*, __half const*, __half*, int, int, int)",128,8704,0,208,0,128,"SQC_LDS_BANK_CONFLICT",268435456.000000,2727601665223,2728138771274
583,583,"Agent 1",1,21594,21594,524288,17,"pk_gemm(__half const*, __half const*, __half*, int, int, int)",128,8704,0,208,0,128,"SQC_LDS_IDX_ACTIVE",2147483648.000000,2727601665223,2728138771274
583,583,"Agent 1",1,21594,21594,524288,17,"pk_gemm(__half const*, __half const*, __half*, int, int, int)",128,8704,0,208,0,128,"SQ_INSTS_LDS",671088640.000000,2727601665223,2728138771274
583,583,"Agent 1",1,21594,21594,524288,17,"pk_gemm(__half const*, __half const*, __half*, int, int, int)",128,8704,0,208,0,128,"SQ_WAIT_INST_LDS",10456965.000000,2727601665223,2728138771274
584,584,"Agent 1",1,21594,21594,524288,17,"pk_gemm(__half const*, __half const*, __half*, int, int, int)",128,8704,0,208,0,128,"SQC_LDS_BANK_CONFLICT",268435456.000000,2728138811762,2728678688643
584,584,"Agent 1",1,21594,21594,524288,17,"pk_gemm(__half const*, __half const*, __half*, int, int, int)",128,8704,0,208,0,128,"SQC_LDS_IDX_ACTIVE",2147483648.000000,2728138811762,2728678688643
584,584,"Agent 1",1,21594,21594,524288,17,"pk_gemm(__half const*, __half const*, __half*, int, int, int)",128,8704,0,208,0,128,"SQ_INSTS_LDS",671088640.000000,2728138811762,2728678688643
584,584,"Agent 1",1,21594,21594,524288,17,"pk_gemm(__half const*, __half const*, __half*, int, int, int)",128,8704,0,208,0,128,"SQ_WAIT_INST_LDS",10376231.000000,2728138811762,2728678688643
585,585,"Agent 1",1,21594,21594,524288,17,"pk_gemm(__half const*, __half const*, __half*, int, int, int)",128,8704,0,208,0,128,"SQC_LDS_BANK_CONFLICT",268435456.000000,2728678725583,2729170716069
585,585,"Agent 1",1,21594,21594,524288,17,"pk_gemm(__half const*, __half const*, __half*, int, int, int)",128,8704,0,208,0,128,"SQC_LDS_IDX_ACTIVE",2147483648.000000,2728678725583,2729170716069
585,585,"Agent 1",1,21594,21594,524288,17,"pk_gemm(__half const*, __half const*, __half*, int, int, int)",128,8704,0,208,0,128,"SQ_INSTS_LDS",671088640.000000,2728678725583,2729170716069
585,585,"Agent 1",1,21594,21594,524288,17,"pk_gemm(__half const*, __half const*, __half*, int, int, int)",128,8704,0,208,0,128,"SQ_WAIT_INST_LDS",10509125.000000,2728678725583,2729170716069
586,586,"Agent 1",1,21594,21594,524288,17,"pk_gemm(__half const*, __half const*, __half*, int, int, int)",128,8704,0,208,0,128,"SQC_LDS_BANK_CONFLICT",268435456.000000,2729170756715,2729644493058
586,586,"Agent 1",1,21594,21594,524288,17,"pk_gemm(__half const*, __half const*, __half*, int, int, int)",128,8704,0,208,0,128,"SQC_LDS_IDX_ACTIVE",2147483648.000000,2729170756715,2729644493058
586,586,"Agent 1",1,21594,21594,524288,17,"pk_gemm(__half const*, __half const*, __half*, int, int, int)",128,8704,0,208,0,128,"SQ_INSTS_LDS",671088640.000000,2729170756715,2729644493058
586,586,"Agent 1",1,21594,21594,524288,17,"pk_gemm(__half const*, __half const*, __half*, int, int, int)",128,8704,0,208,0,128,"SQ_WAIT_INST_LDS",10917579.000000,2729170756715,2729644493058
587,587,"Agent 1",1,21594,21594,524288,17,"pk_gemm(__half const*, __half const*, __half*, int, int, int)",128,8704,0,208,0,128,"SQC_LDS_BANK_CONFLICT",268435456.000000,2729644529849,2730102103163
587,587,"Agent 1",1,21594,21594,524288,17,"pk_gemm(__half const*, __half const*, __half*, int, int, int)",128,8704,0,208,0,128,"SQC_LDS_IDX_ACTIVE",2147483648.000000,2729644529849,2730102103163
587,587,"Agent 1",1,21594,21594,524288,17,"pk_gemm(__half const*, __half const*, __half*, int, int, int)",128,8704,0,208,0,128,"SQ_INSTS_LDS",671088640.000000,2729644529849,2730102103163
587,587,"Agent 1",1,21594,21594,524288,17,"pk_gemm(__half const*, __half const*, __half*, int, int, int)",128,8704,0,208,0,128,"SQ_WAIT_INST_LDS",10728078.000000,2729644529849,2730102103163
588,588,"Agent 1",1,21594,21594,524288,17,"pk_gemm(__half const*, __half const*, __half*, int, int, int)",128,8704,0,208,0,128,"SQC_LDS_BANK_CONFLICT",268435456.000000,2730102141572,2730643125285
588,588,"Agent 1",1,21594,21594,524288,17,"pk_gemm(__half const*, __half const*, __half*, int, int, int)",128,8704,0,208,0,128,"SQC_LDS_IDX_ACTIVE",2147483648.000000,2730102141572,2730643125285
588,588,"Agent 1",1,21594,21594,524288,17,"pk_gemm(__half const*, __half const*, __half*, int, int, int)",128,8704,0,208,0,128,"SQ_INSTS_LDS",671088640.000000,2730102141572,2730643125285
588,588,"Agent 1",1,21594,21594,524288,17,"pk_gemm(__half const*, __half const*, __half*, int, int, int)",128,8704,0,208,0,128,"SQ_WAIT_INST_LDS",9942111.000000,2730102141572,2730643125285
589,589,"Agent 1",1,21594,21594,524288,17,"pk_gemm(__half const*, __half const*, __half*, int, int, int)",128,8704,0,208,0,128,"SQC_LDS_BANK_CONFLICT",268435456.000000,2730643161968,2731086585785
589,589,"Agent 1",1,21594,21594,524288,17,"pk_gemm(__half const*, __half const*, __half*, int, int, int)",128,8704,0,208,0,128,"SQC_LDS_IDX_ACTIVE",2147483648.000000,2730643161968,2731086585785
589,589,"Agent 1",1,21594,21594,524288,17,"pk_gemm(__half const*, __half const*, __half*, int, int, int)",128,8704,0,208,0,128,"SQ_INSTS_LDS",671088640.000000,2730643161968,2731086585785
589,589,"Agent 1",1,21594,21594,524288,17,"pk_gemm(__half const*, __half const*, __half*, int, int, int)",128,8704,0,208,0,128,"SQ_WAIT_INST_LDS",10965839.000000,2730643161968,2731086585785
590,590,"Agent 1",1,21594,21594,524288,17,"pk_gemm(__half const*, __half const*, __half*, int, int, int)",128,8704,0,208,0,128,"SQC_LDS_BANK_CONFLICT",268435456.000000,2731086625640,2731521757409
590,590,"Agent 1",1,21594,21594,524288,17,"pk_gemm(__half const*, __half const*, __half*, int, int, int)",128,8704,0,208,0,128,"SQC_LDS_IDX_ACTIVE",2147483648.000000,2731086625640,2731521757409
590,590,"Agent 1",1,21594,21594,524288,17,"pk_gemm(__half const*, __half const*, __half*, int, int, int)",128,8704,0,208,0,128,"SQ_INSTS_LDS",671088640.000000,2731086625640,2731521757409
590,590,"Agent 1",1,21594,21594,524288,17,"pk_gemm(__half const*, __half const*, __half*, int, int, int)",128,8704,0,208,0,128,"SQ_WAIT_INST_LDS",10899590.000000,2731086625640,2731521757409
591,591,"Agent 1",1,21594,21594,524288,17,"pk_gemm(__half const*, __half const*, __half*, int, int, int)",128,8704,0,208,0,128,"SQC_LDS_BANK_CONFLICT",268435456.000000,2731521794431,2731857356983
591,591,"Agent 1",1,21594,21594,524288,17,"pk_gemm(__half const*, __half const*, __half*, int, int, int)",128,8704,0,208,0,128,"SQC_LDS_IDX_ACTIVE",2147483648.000000,2731521794431,2731857356983
591,591,"Agent 1",1,21594,21594,524288,17,"pk_gemm(__half const*, __half const*, __half*, int, int, int)",128,8704,0,208,0,128,"SQ_INSTS_LDS",671088640.000000,2731521794431,2731857356983
591,591,"Agent 1",1,21594,21594,524288,17,"pk_gemm(__half const*, __half const*, __half*, int, int, int)",128,8704,0,208,0,128,"SQ_WAIT_INST_LDS",11761227.000000,2731521794431,2731857356983
592,592,"Agent 1",1,21594,21594,524288,17,"pk_gemm(__half const*, __half const*, __half*, int, int, int)",128,8704,0,208,0,128,"SQC_LDS_BANK_CONFLICT",268435456.000000,2731857396097,2732366793860
592,592,"Agent 1",1,21594,21594,524288,17,"pk_gemm(__half const*, __half const*, __half*, int, int, int)",128,8704,0,208,0,128,"SQC_LDS_IDX_ACTIVE",2147483648.000000,2731857396097,2732366793860
592,592,"Agent 1",1,21594,21594,524288,17,"pk_gemm(__half const*, __half const*, __half*, int, int, int)",128,8704,0,208,0,128,"SQ_INSTS_LDS",671088640.000000,2731857396097,2732366793860
592,592,"Agent 1",1,21594,21594,524288,17,"pk_gemm(__half const*, __half const*, __half*, int, int, int)",128,8704,0,208,0,128,"SQ_WAIT_INST_LDS",10449673.000000,2731857396097,2732366793860
593,593,"Agent 1",1,21594,21594,524288,17,"pk_gemm(__half const*, __half const*, __half*, int, int, int)",128,8704,0,208,0,128,"SQC_LDS_BANK_CONFLICT",268435456.000000,2732366833214,2732879634752
593,593,"Agent 1",1,21594,21594,524288,17,"pk_gemm(__half const*, __half const*, __half*, int, int, int)",128,8704,0,208,0,128,"SQC_LDS_IDX_ACTIVE",2147483648.000000,2732366833214,2732879634752
593,593,"Agent 1",1,21594,21594,524288,17,"pk_gemm(__half const*, __half const*, __half*, int, int, int)",128,8704,0,208,0,128,"SQ_INSTS_LDS",671088640.000000,2732366833214,2732879634752
593,593,"Agent 1",1,21594,21594,524288,17,"pk_gemm(__half const*, __half const*, __half*, int, int, int)",128,8704,0,208,0,128,"SQ_WAIT_INST_LDS",10538576.000000,2732366833214,2732879634752
594,594,"Agent 1",1,21594,21594,524288,17,"pk_gemm(__half const*, __half const*, __half*, int, int, int)",128,8704,0,208,0,128,"SQC_LDS_BANK_CONFLICT",268435456.000000,2732879673713,2733410378177
594,594,"Agent 1",1,21594,21594,524288,17,"pk_gemm(__half const*, __half const*, __half*, int, int, int)",128,8704,0,208,0,128,"SQC_LDS_IDX_ACTIVE",2147483648.000000,2732879673713,2733410378177
594,594,"Agent 1",1,21594,21594,524288,17,"pk_gemm(__half const*, __half const*, __half*, int, int, int)",128,8704,0,208,0,128,"SQ_INSTS_LDS",671088640.000000,2732879673713,2733410378177
594,594,"Agent 1",1,21594,21594,524288,17,"pk_gemm(__half const*, __half const*, __half*, int, int, int)",128,8704,0,208,0,128,"SQ_WAIT_INST_LDS",10493560.000000,2732879673713,2733410378177
595,595,"Agent 1",1,21594,21594,524288,17,"pk_gemm(__half const*, __half const*, __half*, int, int, int)",128,8704,0,208,0,128,"SQC_LDS_BANK_CONFLICT",268435456.000000,2733410414487,2733862076170
595,595,"Agent 1",1,21594,21594,524288,17,"pk_gemm(__half const*, __half const*, __half*, int, int, int)",128,8704,0,208,0,128,"SQC_LDS_IDX_ACTIVE",2147483648.000000,2733410414487,2733862076170
595,595,"Agent 1",1,21594,21594,524288,17,"pk_gemm(__half const*, __half const*, __half*, int, int, int)",128,8704,0,208,0,128,"SQ_INSTS_LDS",671088640.000000,2733410414487,2733862076170
595,595,"Agent 1",1,21594,21594,524288,17,"pk_gemm(__half const*, __half const*, __half*, int, int, int)",128,8704,0,208,0,128,"SQ_WAIT_INST_LDS",10797657.000000,2733410414487,2733862076170
596,596,"Agent 1",1,21594,21594,524288,17,"pk_gemm(__half const*, __half const*, __half*, int, int, int)",128,8704,0,208,0,128,"SQC_LDS_BANK_CONFLICT",268435456.000000,2733862120516,2734342219093
596,596,"Agent 1",1,21594,21594,524288,17,"pk_gemm(__half const*, __half const*, __half*, int, int, int)",128,8704,0,208,0,128,"SQC_LDS_IDX_ACTIVE",2147483648.000000,2733862120516,2734342219093
596,596,"Agent 1",1,21594,21594,524288,17,"pk_gemm(__half const*, __half const*, __half*, int, int, int)",128,8704,0,208,0,128,"SQ_INSTS_LDS",671088640.000000,2733862120516,2734342219093
596,596,"Agent 1",1,21594,21594,524288,17,"pk_gemm(__half const*, __half const*, __half*, int, int, int)",128,8704,0,208,0,128,"SQ_WAIT_INST_LDS",10634234.000000,2733862120516,2734342219093
597,597,"Agent 1",1,21594,21594,524288,17,"pk_gemm(__half const*, __half const*, __half*, int, int, int)",128,8704,0,208,0,128,"SQC_LDS_BANK_CONFLICT",268435456.000000,2734342254099,2734830283608
597,597,"Agent 1",1,21594,21594,524288,17,"pk_gemm(__half const*, __half const*, __half*, int, int, int)",128,8704,0,208,0,128,"SQC_LDS_IDX_ACTIVE",2147483648.000000,2734342254099,2734830283608
597,597,"Agent 1",1,21594,21594,524288,17,"pk_gemm(__half const*, __half const*, __half*, int, int, int)",128,8704,0,208,0,128,"SQ_INSTS_LDS",671088640.000000,2734342254099,2734830283608
597,597,"Agent 1",1,21594,21594,524288,17,"pk_gemm(__half const*, __half const*, __half*, int, int, int)",128,8704,0,208,0,128,"SQ_WAIT_INST_LDS",10704183.000000,2734342254099,2734830283608
598,598,"Agent 1",1,21594,21594,524288,17,"pk_gemm(__half const*, __half const*, __half*, int, int, int)",128,8704,0,208,0,128,"SQC_LDS_BANK_CONFLICT",268435456.000000,2734830319598,2735377127938
598,598,"Agent 1",1,21594,21594,524288,17,"pk_gemm(__half const*, __half const*, __half*, int, int, int)",128,8704,0,208,0,128,"SQC_LDS_IDX_ACTIVE",2147483648.000000,2734830319598,2735377127938
598,598,"Agent 1",1,21594,21594,524288,17,"pk_gemm(__half const*, __half const*, __half*, int, int, int)",128,8704,0,208,0,128,"SQ_INSTS_LDS",671088640.000000,2734830319598,2735377127938
598,598,"Agent 1",1,21594,21594,524288,17,"pk_gemm(__half const*, __half const*, __half*, int, int, int)",128,8704,0,208,0,128,"SQ_WAIT_INST_LDS",10149529.000000,2734830319598,2735377127938
599,599,"Agent 1",1,21594,21594,524288,17,"pk_gemm(__half const*, __half const*, __half*, int, int, int)",128,8704,0,208,0,128,"SQC_LDS_BANK_CONFLICT",268435456.000000,2735377163155,2735713705902
599,599,"Agent 1",1,21594,21594,524288,17,"pk_gemm(__half const*, __half const*, __half*, int, int, int)",128,8704,0,208,0,128,"SQC_LDS_IDX_ACTIVE",2147483648.000000,2735377163155,2735713705902
599,599,"Agent 1",1,21594,21594,524288,17,"pk_gemm(__half const*, __half const*, __half*, int, int, int)",128,8704,0,208,0,128,"SQ_INSTS_LDS",671088640.000000,2735377163155,2735713705902
599,599,"Agent 1",1,21594,21594,524288,17,"pk_gemm(__half const*, __half const*, __half*, int, int, int)",128,8704,0,208,0,128,"SQ_WAIT_INST_LDS",11677114.000000,2735377163155,2735713705902
600,600,"Agent 1",1,21594,21594,524288,17,"pk_gemm(__half const*, __half const*, __half*, int, int, int)",128,8704,0,208,0,128,"SQC_LDS_BANK_CONFLICT",268435456.000000,2735713740446,2736188617685
600,600,"Agent 1",1,21594,21594,524288,17,"pk_gemm(__half const*, __half const*, __half*, int, int, int)",128,8704,0,208,0,128,"SQC_LDS_IDX_ACTIVE",2147483648.000000,2735713740446,2736188617685
600,600,"Agent 1",1,21594,21594,524288,17,"pk_gemm(__half const*, __half const*, __half*, int, int, int)",128,8704,0,208,0,128,"SQ_INSTS_LDS",671088640.000000,2735713740446,2736188617685
600,600,"Agent 1",1,21594,21594,524288,17,"pk_gemm(__half const*, __half const*, __half*, int, int, int)",128,8704,0,208,0,128,"SQ_WAIT_INST_LDS",10728081.000000,2735713740446,2736188617685
601,601,"Agent 1",1,21594,21594,524288,17,"pk_gemm(__half const*, __half const*, __half*, int, int, int)",128,8704,0,208,0,128,"SQC_LDS_BANK_CONFLICT",268435456.000000,2736188652612,2736675342171
601,601,"Agent 1",1,21594,21594,524288,17,"pk_gemm(__half const*, __half const*, __half*, int, int, int)",128,8704,0,208,0,128,"SQC_LDS_IDX_ACTIVE",2147483648.000000,2736188652612,2736675342171
601,601,"Agent 1",1,21594,21594,524288,17,"pk_gemm(__half const*, __half const*, __half*, int, int, int)",128,8704,0,208,0,128,"SQ_INSTS_LDS",671088640.000000,2736188652612,2736675342171
601,601,"Agent 1",1,21594,21594,524288,17,"pk_gemm(__half const*, __half const*, __half*, int, int, int)",128,8704,0,208,0,128,"SQ_WAIT_INST_LDS",10659179.000000,2736188652612,2736675342171
602,602,"Agent 1",1,21594,21594,524288,17,"pk_gemm(__half const*, __half const*, __half*, int, int, int)",128,8704,0,208,0,128,"SQC_LDS_BANK_CONFLICT",268435456.000000,2736675379320,2737126824559
602,602,"Agent 1",1,21594,21594,524288,17,"pk_gemm(__half const*, __half const*, __half*, int, int, int)",128,8704,0,208,0,128,"SQC_LDS_IDX_ACTIVE",2147483648.000000,2736675379320,2737126824559
602,602,"Agent 1",1,21594,21594,524288,17,"pk_gemm(__half const*, __half const*, __half*, int, int, int)",128,8704,0,208,0,128,"SQ_INSTS_LDS",671088640.000000,2736675379320,2737126824559
602,602,"Agent 1",1,21594,21594,524288,17,"pk_gemm(__half const*, __half const*, __half*, int, int, int)",128,8704,0,208,0,128,"SQ_WAIT_INST_LDS",10849364.000000,2736675379320,2737126824559
603,603,"Agent 1",1,21594,21594,524288,17,"pk_gemm(__half const*, __half const*, __half*, int, int, int)",128,8704,0,208,0,128,"SQC_LDS_BANK_CONFLICT",268435456.000000,2737126857804,2737394034373
603,603,"Agent 1",1,21594,21594,524288,17,"pk_gemm(__half const*, __half const*, __half*, int, int, int)",128,8704,0,208,0,128,"SQC_LDS_IDX_ACTIVE",2147483648.000000,2737126857804,2737394034373
603,603,"Agent 1",1,21594,21594,524288,17,"pk_gemm(__half const*, __half const*, __half*, int, int, int)",128,8704,0,208,0,128,"SQ_INSTS_LDS",671088640.000000,2737126857804,2737394034373
603,603,"Agent 1",1,21594,21594,524288,17,"pk_gemm(__half const*, __half const*, __half*, int, int, int)",128,8704,0,208,0,128,"SQ_WAIT_INST_LDS",11929535.000000,2737126857804,2737394034373
604,604,"Agent 1",1,21594,21594,524288,17,"pk_gemm(__half const*, __half const*, __half*, int, int, int)",128,8704,0,208,0,128,"SQC_LDS_BANK_CONFLICT",268435456.000000,2737394068085,2737929281152
604,604,"Agent 1",1,21594,21594,524288,17,"pk_gemm(__half const*, __half const*, __half*, int, int, int)",128,8704,0,208,0,128,"SQC_LDS_IDX_ACTIVE",2147483648.000000,2737394068085,2737929281152
604,604,"Agent 1",1,21594,21594,524288,17,"pk_gemm(__half const*, __half const*, __half*, int, int, int)",128,8704,0,208,0,128,"SQ_INSTS_LDS",671088640.000000,2737394068085,2737929281152
604,604,"Agent 1",1,21594,21594,524288,17,"pk_gemm(__half const*, __half const*, __half*, int, int, int)",128,8704,0,208,0,128,"SQ_WAIT_INST_LDS",10295132.000000,2737394068085,2737929281152
605,605,"Agent 1",1,21594,21594,524288,17,"pk_gemm(__half const*, __half const*, __half*, int, int, int)",128,8704,0,208,0,128,"SQC_LDS_BANK_CONFLICT",268435456.000000,2737929316390,2738464925920
605,605,"Agent 1",1,21594,21594,524288,17,"pk_gemm(__half const*, __half const*, __half*, int, int, int)",128,8704,0,208,0,128,"SQC_LDS_IDX_ACTIVE",2147483648.000000,2737929316390,2738464925920
605,605,"Agent 1",1,21594,21594,524288,17,"pk_gemm(__half const*, __half const*, __half*, int, int, int)",128,8704,0,208,0,128,"SQ_INSTS_LDS",671088640.000000,2737929316390,2738464925920
605,605,"Agent 1",1,21594,21594,524288,17,"pk_gemm(__half const*, __half const*, __half*, int, int, int)",128,8704,0,208,0,128,"SQ_WAIT_INST_LDS",10570961.000000,2737929316390,2738464925920
606,606,"Agent 1",1,21594,21594,524288,17,"pk_gemm(__half const*, __half const*, __half*, int, int, int)",128,8704,0,208,0,128,"SQC_LDS_BANK_CONFLICT",268435456.000000,2738464959059,2739015836020
606,606,"Agent 1",1,21594,21594,524288,17,"pk_gemm(__half const*, __half const*, __half*, int, int, int)",128,8704,0,208,0,128,"SQC_LDS_IDX_ACTIVE",2147483648.000000,2738464959059,2739015836020
606,606,"Agent 1",1,21594,21594,524288,17,"pk_gemm(__half const*, __half const*, __half*, int, int, int)",128,8704,0,208,0,128,"SQ_INSTS_LDS",671088640.000000,2738464959059,2739015836020
606,606,"Agent 1",1,21594,21594,524288,17,"pk_gemm(__half const*, __half const*, __half*, int, int, int)",128,8704,0,208,0,128,"SQ_WAIT_INST_LDS",10601874.000000,2738464959059,2739015836020
607,607,"Agent 1",1,21594,21594,524288,17,"pk_gemm(__half const*, __half const*, __half*, int, int, int)",128,8704,0,208,0,128,"SQC_LDS_BANK_CONFLICT",268435456.000000,2739015868834,2739548633757
607,607,"Agent 1",1,21594,21594,524288,17,"pk_gemm(__half const*, __half const*, __half*, int, int, int)",128,8704,0,208,0,128,"SQC_LDS_IDX_ACTIVE",2147483648.000000,2739015868834,2739548633757
607,607,"Agent 1",1,21594,21594,524288,17,"pk_gemm(__half const*, __half const*, __half*, int, int, int)",128,8704,0,208,0,128,"SQ_INSTS_LDS",671088640.000000,2739015868834,2739548633757
607,607,"Agent 1",1,21594,21594,524288,17,"pk_gemm(__half const*, __half const*, __half*, int, int, int)",128,8704,0,208,0,128,"SQ_WAIT_INST_LDS",10384817.000000,2739015868834,2739548633757
608,608,"Agent 1",1,21594,21594,524288,17,"pk_gemm(__half const*, __half const*, __half*, int, int, int)",128,8704,0,208,0,128,"SQC_LDS_BANK_CONFLICT",268435456.000000,2739548670465,2740010704814
608,608,"Agent 1",1,21594,21594,524288,17,"pk_gemm(__half const*, __half const*, __half*, int, int, int)",128,8704,0,208,0,128,"SQC_LDS_IDX_ACTIVE",2147483648.000000,2739548670465,2740010704814
608,608,"Agent 1",1,21594,21594,524288,17,"pk_gemm(__half const*, __half const*, __half*, int, int, int)",128,8704,0,208,0,128,"SQ_INSTS_LDS",671088640.000000,2739548670465,2740010704814
608,608,"Agent 1",1,21594,21594,524288,17,"pk_gemm(__half const*, __half const*, __half*, int, int, int)",128,8704,0,208,0,128,"SQ_WAIT_INST_LDS",10730643.000000,2739548670465,2740010704814
609,609,"Agent 1",1,21594,21594,524288,17,"pk_gemm(__half const*, __half const*, __half*, int, int, int)",128,8704,0,208,0,128,"SQC_LDS_BANK_CONFLICT",268435456.000000,2740010737857,2740440661193
609,609,"Agent 1",1,21594,21594,524288,17,"pk_gemm(__half const*, __half const*, __half*, int, int, int)",128,8704,0,208,0,128,"SQC_LDS_IDX_ACTIVE",2147483648.000000,2740010737857,2740440661193
609,609,"Agent 1",1,21594,21594,524288,17,"pk_gemm(__half const*, __half const*, __half*, int, int, int)",128,8704,0,208,0,128,"SQ_INSTS_LDS",671088640.000000,2740010737857,2740440661193
609,609,"Agent 1",1,21594,21594,524288,17,"pk_gemm(__half const*, __half const*, __half*, int, int, int)",128,8704,0,208,0,128,"SQ_WAIT_INST_LDS",11234400.000000,2740010737857,2740440661193
610,610,"Agent 1",1,21594,21594,524288,17,"pk_gemm(__half const*, __half const*, __half*, int, int, int)",128,8704,0,208,0,128,"SQC_LDS_BANK_CONFLICT",268435456.000000,2740440703444,2740923679569
610,610,"Agent 1",1,21594,21594,524288,17,"pk_gemm(__half const*, __half const*, __half*, int, int, int)",128,8704,0,208,0,128,"SQC_LDS_IDX_ACTIVE",2147483648.000000,2740440703444,2740923679569
610,610,"Agent 1",1,21594,21594,524288,17,"pk_gemm(__half const*, __half const*, __half*, int, int, int)",128,8704,0,208,0,128,"SQ_INSTS_LDS",671088640.000000,2740440703444,2740923679569
610,610,"Agent 1",1,21594,21594,524288,17,"pk_gemm(__half const*, __half const*, __half*, int, int, int)",128,8704,0,208,0,128,"SQ_WAIT_INST_LDS",10608357.000000,2740440703444,2740923679569
611,611,"Agent 1",1,21594,21594,524288,17,"pk_gemm(__half const*, __half const*, __half*, int, int, int)",128,8704,0,208,0,128,"SQC_LDS_BANK_CONFLICT",268435456.000000,2740923713303,2741278905253
611,611,"Agent 1",1,21594,21594,524288,17,"pk_gemm(__half const*, __half const*, __half*, int, int, int)",128,8704,0,208,0,128,"SQC_LDS_IDX_ACTIVE",2147483648.000000,2740923713303,2741278905253
611,611,"Agent 1",1,21594,21594,524288,17,"pk_gemm(__half const*, __half const*, __half*, int, int, int)",128,8704,0,208,0,128,"SQ_INSTS_LDS",671088640.000000,2740923713303,2741278905253
611,611,"Agent 1",1,21594,21594,524288,17,"pk_gemm(__half const*, __half const*, __half*, int, int, int)",128,8704,0,208,0,128,"SQ_WAIT_INST_LDS",11597031.000000,2740923713303,2741278905253
612,612,"Agent 1",1,21594,21594,524288,17,"pk_gemm(__half const*, __half const*, __half*, int, int, int)",128,8704,0,208,0,128,"SQC_LDS_BANK_CONFLICT",268435456.000000,2741279010781,2741802750361
612,612,"Agent 1",1,21594,21594,524288,17,"pk_gemm(__half const*, __half const*, __half*, int, int, int)",128,8704,0,208,0,128,"SQC_LDS_IDX_ACTIVE",2147483648.000000,2741279010781,2741802750361
612,612,"Agent 1",1,21594,21594,524288,17,"pk_gemm(__half const*, __half const*, __half*, int, int, int)",128,8704,0,208,0,128,"SQ_INSTS_LDS",671088640.000000,2741279010781,2741802750361
612,612,"Agent 1",1,21594,21594,524288,17,"pk_gemm(__half const*, __half const*, __half*, int, int, int)",128,8704,0,208,0,128,"SQ_WAIT_INST_LDS",10327352.000000,2741279010781,2741802750361
613,613,"Agent 1",1,21594,21594,524288,17,"pk_gemm(__half const*, __half const*, __half*, int, int, int)",128,8704,0,208,0,128,"SQC_LDS_BANK_CONFLICT",268435456.000000,2741802789068,2742287842563
613,613,"Agent 1",1,21594,21594,524288,17,"pk_gemm(__half const*, __half const*, __half*, int, int, int)",128,8704,0,208,0,128,"SQC_LDS_IDX_ACTIVE",2147483648.000000,2741802789068,2742287842563
613,613,"Agent 1",1,21594,21594,524288,17,"pk_gemm(__half const*, __half const*, __half*, int, int, int)",128,8704,0,208,0,128,"SQ_INSTS_LDS",671088640.000000,2741802789068,2742287842563
613,613,"Agent 1",1,21594,21594,524288,17,"pk_gemm(__half const*, __half const*, __half*, int, int, int)",128,8704,0,208,0,128,"SQ_WAIT_INST_LDS",10338678.000000,2741802789068,2742287842563
614,614,"Agent 1",1,21594,21594,524288,17,"pk_gemm(__half const*, __half const*, __half*, int, int, int)",128,8704,0,208,0,128,"SQC_LDS_BANK_CONFLICT",268435456.000000,2742287883489,2742795062177
614,614,"Agent 1",1,21594,21594,524288,17,"pk_gemm(__half const*, __half const*, __half*, int, int, int)",128,8704,0,208,0,128,"SQC_LDS_IDX_ACTIVE",2147483648.000000,2742287883489,2742795062177
614,614,"Agent 1",1,21594,21594,524288,17,"pk_gemm(__half const*, __half const*, __half*, int, int, int)",128,8704,0,208,0,128,"SQ_INSTS_LDS",671088640.000000,2742287883489,2742795062177
614,614,"Agent 1",1,21594,21594,524288,17,"pk_gemm(__half const*, __half const*, __half*, int, int, int)",128,8704,0,208,0,128,"SQ_WAIT_INST_LDS",10477340.000000,2742287883489,2742795062177
615,615,"Agent 1",1,21594,21594,524288,17,"pk_gemm(__half const*, __half const*, __half*, int, int, int)",128,8704,0,208,0,128,"SQC_LDS_BANK_CONFLICT",268435456.000000,2742795107596,2743145184687
615,615,"Agent 1",1,21594,21594,524288,17,"pk_gemm(__half const*, __half const*, __half*, int, int, int)",128,8704,0,208,0,128,"SQC_LDS_IDX_ACTIVE",2147483648.000000,2742795107596,2743145184687
615,615,"Agent 1",1,21594,21594,524288,17,"pk_gemm(__half const*, __half const*, __half*, int, int, int)",128,8704,0,208,0,128,"SQ_INSTS_LDS",671088640.000000,2742795107596,2743145184687
615,615,"Agent 1",1,21594,21594,524288,17,"pk_gemm(__half const*, __half const*, __half*, int, int, int)",128,8704,0,208,0,128,"SQ_WAIT_INST_LDS",11492367.000000,2742795107596,2743145184687
616,616,"Agent 1",1,21594,21594,524288,17,"pk_gemm(__half const*, __half const*, __half*, int, int, int)",128,8704,0,208,0,128,"SQC_LDS_BANK_CONFLICT",268435456.000000,2743145222637,2743695353720
616,616,"Agent 1",1,21594,21594,524288,17,"pk_gemm(__half const*, __half const*, __half*, int, int, int)",128,8704,0,208,0,128,"SQC_LDS_IDX_ACTIVE",2147483648.000000,2743145222637,2743695353720
616,616,"Agent 1",1,21594,21594,524288,17,"pk_gemm(__half const*, __half const*, __half*, int, int, int)",128,8704,0,208,0,128,"SQ_INSTS_LDS",671088640.000000,2743145222637,2743695353720
616,616,"Agent 1",1,21594,21594,524288,17,"pk_gemm(__half const*, __half const*, __half*, int, int, int)",128,8704,0,208,0,128,"SQ_WAIT_INST_LDS",10488672.000000,2743145222637,2743695353720
617,617,"Agent 1",1,21594,21594,524288,17,"pk_gemm(__half const*, __half const*, __half*, int, int, int)",128,8704,0,208,0,128,"SQC_LDS_BANK_CONFLICT",268435456.000000,2743695394274,2744173384102
617,617,"Agent 1",1,21594,21594,524288,17,"pk_gemm(__half const*, __half const*, __half*, int, int, int)",128,8704,0,208,0,128,"SQC_LDS_IDX_ACTIVE",2147483648.000000,2743695394274,2744173384102
617,617,"Agent 1",1,21594,21594,524288,17,"pk_gemm(__half const*, __half const*, __half*, int, int, int)",128,8704,0,208,0,128,"SQ_INSTS_LDS",671088640.000000,2743695394274,2744173384102
617,617,"Agent 1",1,21594,21594,524288,17,"pk_gemm(__half const*, __half const*, __half*, int, int, int)",128,8704,0,208,0,128,"SQ_WAIT_INST_LDS",10627185.000000,2743695394274,2744173384102
618,618,"Agent 1",1,21594,21594,524288,17,"pk_gemm(__half const*, __half const*, __half*, int, int, int)",128,8704,0,208,0,128,"SQC_LDS_BANK_CONFLICT",268435456.000000,2744173419911,2744700796102
618,618,"Agent 1",1,21594,21594,524288,17,"pk_gemm(__half const*, __half const*, __half*, int, int, int)",128,8704,0,208,0,128,"SQC_LDS_IDX_ACTIVE",2147483648.000000,2744173419911,2744700796102
618,618,"Agent 1",1,21594,21594,524288,17,"pk_gemm(__half const*, __half const*, __half*, int, int, int)",128,8704,0,208,0,128,"SQ_INSTS_LDS",671088640.000000,2744173419911,2744700796102
618,618,"Agent 1",1,21594,21594,524288,17,"pk_gemm(__half const*, __half const*, __half*, int, int, int)",128,8704,0,208,0,128,"SQ_WAIT_INST_LDS",10728153.000000,2744173419911,2744700796102
619,619,"Agent 1",1,21594,21594,524288,17,"pk_gemm(__half const*, __half const*, __half*, int, int, int)",128,8704,0,208,0,128,"SQC_LDS_BANK_CONFLICT",268435456.000000,2744700835401,2745214923908
619,619,"Agent 1",1,21594,21594,524288,17,"pk_gemm(__half const*, __half const*, __half*, int, int, int)",128,8704,0,208,0,128,"SQC_LDS_IDX_ACTIVE",2147483648.000000,2744700835401,2745214923908
619,619,"Agent 1",1,21594,21594,524288,17,"pk_gemm(__half const*, __half const*, __half*, int, int, int)",128,8704,0,208,0,128,"SQ_INSTS_LDS",671088640.000000,2744700835401,2745214923908
619,619,"Agent 1",1,21594,21594,524288,17,"pk_gemm(__half const*, __half const*, __half*, int, int, int)",128,8704,0,208,0,128,"SQ_WAIT_INST_LDS",10457549.000000,2744700835401,2745214923908
620,620,"Agent 1",1,21594,21594,524288,17,"pk_gemm(__half const*, __half const*, __half*, int, int, int)",128,8704,0,208,0,128,"SQC_LDS_BANK_CONFLICT",268435456.000000,2745214963874,2745662492819
620,620,"Agent 1",1,21594,21594,524288,17,"pk_gemm(__half const*, __half const*, __half*, int, int, int)",128,8704,0,208,0,128,"SQC_LDS_IDX_ACTIVE",2147483648.000000,2745214963874,2745662492819
620,620,"Agent 1",1,21594,21594,524288,17,"pk_gemm(__half const*, __half const*, __half*, int, int, int)",128,8704,0,208,0,128,"SQ_INSTS_LDS",671088640.000000,2745214963874,2745662492819
620,620,"Agent 1",1,21594,21594,524288,17,"pk_gemm(__half const*, __half const*, __half*, int, int, int)",128,8704,0,208,0,128,"SQ_WAIT_INST_LDS",11041503.000000,2745214963874,2745662492819
621,621,"Agent 1",1,21594,21594,524288,17,"pk_gemm(__half const*, __half const*, __half*, int, int, int)",128,8704,0,208,0,128,"SQC_LDS_BANK_CONFLICT",268435456.000000,2745662530771,2746184410950
621,621,"Agent 1",1,21594,21594,524288,17,"pk_gemm(__half const*, __half const*, __half*, int, int, int)",128,8704,0,208,0,128,"SQC_LDS_IDX_ACTIVE",2147483648.000000,2745662530771,2746184410950
621,621,"Agent 1",1,21594,21594,524288,17,"pk_gemm(__half const*, __half const*, __half*, int, int, int)",128,8704,0,208,0,128,"SQ_INSTS_LDS",671088640.000000,2745662530771,2746184410950
621,621,"Agent 1",1,21594,21594,524288,17,"pk_gemm(__half const*, __half const*, __half*, int, int, int)",128,8704,0,208,0,128,"SQ_WAIT_INST_LDS",10591329.000000,2745662530771,2746184410950
622,622,"Agent 1",1,21594,21594,524288,17,"pk_gemm(__half const*, __half const*, __half*, int, int, int)",128,8704,0,208,0,128,"SQC_LDS_BANK_CONFLICT",268435456.000000,2746184455353,2746717635614
622,622,"Agent 1",1,21594,21594,524288,17,"pk_gemm(__half const*, __half const*, __half*, int, int, int)",128,8704,0,208,0,128,"SQC_LDS_IDX_ACTIVE",2147483648.000000,2746184455353,2746717635614
622,622,"Agent 1",1,21594,21594,524288,17,"pk_gemm(__half const*, __half const*, __half*, int, int, int)",128,8704,0,208,0,128,"SQ_INSTS_LDS",671088640.000000,2746184455353,2746717635614
622,622,"Agent 1",1,21594,21594,524288,17,"pk_gemm(__half const*, __half const*, __half*, int, int, int)",128,8704,0,208,0,128,"SQ_WAIT_INST_LDS",10036338.000000,2746184455353,2746717635614
623,623,"Agent 1",1,21594,21594,524288,17,"pk_gemm(__half const*, __half const*, __half*, int, int, int)",128,8704,0,208,0,128,"SQC_LDS_BANK_CONFLICT",268435456.000000,2746717671992,2747248804057
623,623,"Agent 1",1,21594,21594,524288,17,"pk_gemm(__half const*, __half const*, __half*, int, int, int)",128,8704,0,208,0,128,"SQC_LDS_IDX_ACTIVE",2147483648.000000,2746717671992,2747248804057
623,623,"Agent 1",1,21594,21594,524288,17,"pk_gemm(__half const*, __half const*, __half*, int, int, int)",128,8704,0,208,0,128,"SQ_INSTS_LDS",671088640.000000,2746717671992,2747248804057
623,623,"Agent 1",1,21594,21594,524288,17,"pk_gemm(__half const*, __half const*, __half*, int, int, int)",128,8704,0,208,0,128,"SQ_WAIT_INST_LDS",10093845.000000,2746717671992,2747248804057
624,624,"Agent 1",1,21594,21594,524288,17,"pk_gemm(__half const*, __half const*, __half*, int, int, int)",128,8704,0,208,0,128,"SQC_LDS_BANK_CONFLICT",268435456.000000,2747248840684,2747730054590
624,624,"Agent 1",1,21594,21594,524288,17,"pk_gemm(__half const*, __half const*, __half*, int, int, int)",128,8704,0,208,0,128,"SQC_LDS_IDX_ACTIVE",2147483648.000000,2747248840684,2747730054590
624,624,"Agent 1",1,21594,21594,524288,17,"pk_gemm(__half const*, __half const*, __half*, int, int, int)",128,8704,0,208,0,128,"SQ_INSTS_LDS",671088640.000000,2747248840684,2747730054590
624,624,"Agent 1",1,21594,21594,524288,17,"pk_gemm(__half const*, __half const*, __half*, int, int, int)",128,8704,0,208,0,128,"SQ_WAIT_INST_LDS",10545973.000000,2747248840684,2747730054590
625,625,"Agent 1",1,21594,21594,524288,17,"pk_gemm(__half const*, __half const*, __half*, int, int, int)",128,8704,0,208,0,128,"SQC_LDS_BANK_CONFLICT",268435456.000000,2747730090309,2748178691463
625,625,"Agent 1",1,21594,21594,524288,17,"pk_gemm(__half const*, __half const*, __half*, int, int, int)",128,8704,0,208,0,128,"SQC_LDS_IDX_ACTIVE",2147483648.000000,2747730090309,2748178691463
625,625,"Agent 1",1,21594,21594,524288,17,"pk_gemm(__half const*, __half const*, __half*, int, int, int)",128,8704,0,208,0,128,"SQ_INSTS_LDS",671088640.000000,2747730090309,2748178691463
625,625,"Agent 1",1,21594,21594,524288,17,"pk_gemm(__half const*, __half const*, __half*, int, int, int)",128,8704,0,208,0,128,"SQ_WAIT_INST_LDS",10893453.000000,2747730090309,2748178691463
626,626,"Agent 1",1,21594,21594,524288,17,"pk_gemm(__half const*, __half const*, __half*, int, int, int)",128,8704,0,208,0,128,"SQC_LDS_BANK_CONFLICT",268435456.000000,2748178729944,2748667731192
626,626,"Agent 1",1,21594,21594,524288,17,"pk_gemm(__half const*, __half const*, __half*, int, int, int)",128,8704,0,208,0,128,"SQC_LDS_IDX_ACTIVE",2147483648.000000,2748178729944,2748667731192
626,626,"Agent 1",1,21594,21594,524288,17,"pk_gemm(__half const*, __half const*, __half*, int, int, int)",128,8704,0,208,0,128,"SQ_INSTS_LDS",671088640.000000,2748178729944,2748667731192
626,626,"Agent 1",1,21594,21594,524288,17,"pk_gemm(__half const*, __half const*, __half*, int, int, int)",128,8704,0,208,0,128,"SQ_WAIT_INST_LDS",10673509.000000,2748178729944,2748667731192
627,627,"Agent 1",1,21594,21594,524288,17,"pk_gemm(__half const*, __half const*, __half*, int, int, int)",128,8704,0,208,0,128,"SQC_LDS_BANK_CONFLICT",268435456.000000,2748667766032,2749201307609
627,627,"Agent 1",1,21594,21594,524288,17,"pk_gemm(__half const*, __half const*, __half*, int, int, int)",128,8704,0,208,0,128,"SQC_LDS_IDX_ACTIVE",2147483648.000000,2748667766032,2749201307609
627,627,"Agent 1",1,21594,21594,524288,17,"pk_gemm(__half const*, __half const*, __half*, int, int, int)",128,8704,0,208,0,128,"SQ_INSTS_LDS",671088640.000000,2748667766032,2749201307609
627,627,"Agent 1",1,21594,21594,524288,17,"pk_gemm(__half const*, __half const*, __half*, int, int, int)",128,8704,0,208,0,128,"SQ_WAIT_INST_LDS",10446870.000000,2748667766032,2749201307609
628,628,"Agent 1",1,21594,21594,524288,17,"pk_gemm(__half const*, __half const*, __half*, int, int, int)",128,8704,0,208,0,128,"SQC_LDS_BANK_CONFLICT",268435456.000000,2749201344103,2749615899742
628,628,"Agent 1",1,21594,21594,524288,17,"pk_gemm(__half const*, __half const*, __half*, int, int, int)",128,8704,0,208,0,128,"SQC_LDS_IDX_ACTIVE",2147483648.000000,2749201344103,2749615899742
628,628,"Agent 1",1,21594,21594,524288,17,"pk_gemm(__half const*, __half const*, __half*, int, int, int)",128,8704,0,208,0,128,"SQ_INSTS_LDS",671088640.000000,2749201344103,2749615899742
628,628,"Agent 1",1,21594,21594,524288,17,"pk_gemm(__half const*, __half const*, __half*, int, int, int)",128,8704,0,208,0,128,"SQ_WAIT_INST_LDS",10970958.000000,2749201344103,2749615899742
629,629,"Agent 1",1,21594,21594,524288,17,"pk_gemm(__half const*, __half const*, __half*, int, int, int)",128,8704,0,208,0,128,"SQC_LDS_BANK_CONFLICT",268435456.000000,2749615938526,2750136384499
629,629,"Agent 1",1,21594,21594,524288,17,"pk_gemm(__half const*, __half const*, __half*, int, int, int)",128,8704,0,208,0,128,"SQC_LDS_IDX_ACTIVE",2147483648.000000,2749615938526,2750136384499
629,629,"Agent 1",1,21594,21594,524288,17,"pk_gemm(__half const*, __half const*, __half*, int, int, int)",128,8704,0,208,0,128,"SQ_INSTS_LDS",671088640.000000,2749615938526,2750136384499
629,629,"Agent 1",1,21594,21594,524288,17,"pk_gemm(__half const*, __half const*, __half*, int, int, int)",128,8704,0,208,0,128,"SQ_WAIT_INST_LDS",10402295.000000,2749615938526,2750136384499
630,630,"Agent 1",1,21594,21594,524288,17,"pk_gemm(__half const*, __half const*, __half*, int, int, int)",128,8704,0,208,0,128,"SQC_LDS_BANK_CONFLICT",268435456.000000,2750136420829,2750611528980
630,630,"Agent 1",1,21594,21594,524288,17,"pk_gemm(__half const*, __half const*, __half*, int, int, int)",128,8704,0,208,0,128,"SQC_LDS_IDX_ACTIVE",2147483648.000000,2750136420829,2750611528980
630,630,"Agent 1",1,21594,21594,524288,17,"pk_gemm(__half const*, __half const*, __half*, int, int, int)",128,8704,0,208,0,128,"SQ_INSTS_LDS",671088640.000000,2750136420829,2750611528980
630,630,"Agent 1",1,21594,21594,524288,17,"pk_gemm(__half const*, __half const*, __half*, int, int, int)",128,8704,0,208,0,128,"SQ_WAIT_INST_LDS",10929295.000000,2750136420829,2750611528980
631,631,"Agent 1",1,21594,21594,524288,17,"pk_gemm(__half const*, __half const*, __half*, int, int, int)",128,8704,0,208,0,128,"SQC_LDS_BANK_CONFLICT",268435456.000000,2750611577169,2751155291075
631,631,"Agent 1",1,21594,21594,524288,17,"pk_gemm(__half const*, __half const*, __half*, int, int, int)",128,8704,0,208,0,128,"SQC_LDS_IDX_ACTIVE",2147483648.000000,2750611577169,2751155291075
631,631,"Agent 1",1,21594,21594,524288,17,"pk_gemm(__half const*, __half const*, __half*, int, int, int)",128,8704,0,208,0,128,"SQ_INSTS_LDS",671088640.000000,2750611577169,2751155291075
631,631,"Agent 1",1,21594,21594,524288,17,"pk_gemm(__half const*, __half const*, __half*, int, int, int)",128,8704,0,208,0,128,"SQ_WAIT_INST_LDS",10204833.000000,2750611577169,2751155291075
632,632,"Agent 1",1,21594,21594,524288,17,"pk_gemm(__half const*, __half const*, __half*, int, int, int)",128,8704,0,208,0,128,"SQC_LDS_BANK_CONFLICT",268435456.000000,2751155329298,2751620297821
632,632,"Agent 1",1,21594,21594,524288,17,"pk_gemm(__half const*, __half const*, __half*, int, int, int)",128,8704,0,208,0,128,"SQC_LDS_IDX_ACTIVE",2147483648.000000,2751155329298,2751620297821
632,632,"Agent 1",1,21594,21594,524288,17,"pk_gemm(__half const*, __half const*, __half*, int, int, int)",128,8704,0,208,0,128,"SQ_INSTS_LDS",671088640.000000,2751155329298,2751620297821
632,632,"Agent 1",1,21594,21594,524288,17,"pk_gemm(__half const*, __half const*, __half*, int, int, int)",128,8704,0,208,0,128,"SQ_WAIT_INST_LDS",10941755.000000,2751155329298,2751620297821
633,633,"Agent 1",1,21594,21594,524288,17,"pk_gemm(__half const*, __half const*, __half*, int, int, int)",128,8704,0,208,0,128,"SQC_LDS_BANK_CONFLICT",268435456.000000,2751620340873,2752136775856
633,633,"Agent 1",1,21594,21594,524288,17,"pk_gemm(__half const*, __half const*, __half*, int, int, int)",128,8704,0,208,0,128,"SQC_LDS_IDX_ACTIVE",2147483648.000000,2751620340873,2752136775856
633,633,"Agent 1",1,21594,21594,524288,17,"pk_gemm(__half const*, __half const*, __half*, int, int, int)",128,8704,0,208,0,128,"SQ_INSTS_LDS",671088640.000000,2751620340873,2752136775856
633,633,"Agent 1",1,21594,21594,524288,17,"pk_gemm(__half const*, __half const*, __half*, int, int, int)",128,8704,0,208,0,128,"SQ_WAIT_INST_LDS",10702824.000000,2751620340873,2752136775856
634,634,"Agent 1",1,21594,21594,524288,17,"pk_gemm(__half const*, __half const*, __half*, int, int, int)",128,8704,0,208,0,128,"SQC_LDS_BANK_CONFLICT",268435456.000000,2752136813527,2752656303109
634,634,"Agent 1",1,21594,21594,524288,17,"pk_gemm(__half const*, __half const*, __half*, int, int, int)",128,8704,0,208,0,128,"SQC_LDS_IDX_ACTIVE",2147483648.000000,2752136813527,2752656303109
634,634,"Agent 1",1,21594,21594,524288,17,"pk_gemm(__half const*, __half const*, __half*, int, int, int)",128,8704,0,208,0,128,"SQ_INSTS_LDS",671088640.000000,2752136813527,2752656303109
634,634,"Agent 1",1,21594,21594,524288,17,"pk_gemm(__half const*, __half const*, __half*, int, int, int)",128,8704,0,208,0,128,"SQ_WAIT_INST_LDS",10271257.000000,2752136813527,2752656303109
635,635,"Agent 1",1,21594,21594,524288,17,"pk_gemm(__half const*, __half const*, __half*, int, int, int)",128,8704,0,208,0,128,"SQC_LDS_BANK_CONFLICT",268435456.000000,2752656339318,2753187393476
635,635,"Agent 1",1,21594,21594,524288,17,"pk_gemm(__half const*, __half const*, __half*, int, int, int)",128,8704,0,208,0,128,"SQC_LDS_IDX_ACTIVE",2147483648.000000,2752656339318,2753187393476
635,635,"Agent 1",1,21594,21594,524288,17,"pk_gemm(__half const*, __half const*, __half*, int, int, int)",128,8704,0,208,0,128,"SQ_INSTS_LDS",671088640.000000,2752656339318,2753187393476
635,635,"Agent 1",1,21594,21594,524288,17,"pk_gemm(__half const*, __half const*, __half*, int, int, int)",128,8704,0,208,0,128,"SQ_WAIT_INST_LDS",10363272.000000,2752656339318,2753187393476
636,636,"Agent 1",1,21594,21594,524288,17,"pk_gemm(__half const*, __half const*, __half*, int, int, int)",128,8704,0,208,0,128,"SQC_LDS_BANK_CONFLICT",268435456.000000,2753187427804,2753728773876
636,636,"Agent 1",1,21594,21594,524288,17,"pk_gemm(__half const*, __half const*, __half*, int, int, int)",128,8704,0,208,0,128,"SQC_LDS_IDX_ACTIVE",2147483648.000000,2753187427804,2753728773876
636,636,"Agent 1",1,21594,21594,524288,17,"pk_gemm(__half const*, __half const*, __half*, int, int, int)",128,8704,0,208,0,128,"SQ_INSTS_LDS",671088640.000000,2753187427804,2753728773876
636,636,"Agent 1",1,21594,21594,524288,17,"pk_gemm(__half const*, __half const*, __half*, int, int, int)",128,8704,0,208,0,128,"SQ_WAIT_INST_LDS",10386488.000000,2753187427804,2753728773876
637,637,"Agent 1",1,21594,21594,524288,17,"pk_gemm(__half const*, __half const*, __half*, int, int, int)",128,8704,0,208,0,128,"SQC_LDS_BANK_CONFLICT",268435456.000000,2753728807751,2754218590663
637,637,"Agent 1",1,21594,21594,524288,17,"pk_gemm(__half const*, __half const*, __half*, int, int, int)",128,8704,0,208,0,128,"SQC_LDS_IDX_ACTIVE",2147483648.000000,2753728807751,2754218590663
637,637,"Agent 1",1,21594,21594,524288,17,"pk_gemm(__half const*, __half const*, __half*, int, int, int)",128,8704,0,208,0,128,"SQ_INSTS_LDS",671088640.000000,2753728807751,2754218590663
637,637,"Agent 1",1,21594,21594,524288,17,"pk_gemm(__half const*, __half const*, __half*, int, int, int)",128,8704,0,208,0,128,"SQ_WAIT_INST_LDS",10637150.000000,2753728807751,2754218590663
638,638,"Agent 1",1,21594,21594,524288,17,"pk_gemm(__half const*, __half const*, __half*, int, int, int)",128,8704,0,208,0,128,"SQC_LDS_BANK_CONFLICT",268435456.000000,2754218625225,2754636544762
638,638,"Agent 1",1,21594,21594,524288,17,"pk_gemm(__half const*, __half const*, __half*, int, int, int)",128,8704,0,208,0,128,"SQC_LDS_IDX_ACTIVE",2147483648.000000,2754218625225,2754636544762
638,638,"Agent 1",1,21594,21594,524288,17,"pk_gemm(__half const*, __half const*, __half*, int, int, int)",128,8704,0,208,0,128,"SQ_INSTS_LDS",671088640.000000,2754218625225,2754636544762
638,638,"Agent 1",1,21594,21594,524288,17,"pk_gemm(__half const*, __half const*, __half*, int, int, int)",128,8704,0,208,0,128,"SQ_WAIT_INST_LDS",11124232.000000,2754218625225,2754636544762
639,639,"Agent 1",1,21594,21594,524288,17,"pk_gemm(__half const*, __half const*, __half*, int, int, int)",128,8704,0,208,0,128,"SQC_LDS_BANK_CONFLICT",268435456.000000,2754636577826,2754981076512
639,639,"Agent 1",1,21594,21594,524288,17,"pk_gemm(__half const*, __half const*, __half*, int, int, int)",128,8704,0,208,0,128,"SQC_LDS_IDX_ACTIVE",2147483648.000000,2754636577826,2754981076512
639,639,"Agent 1",1,21594,21594,524288,17,"pk_gemm(__half const*, __half const*, __half*, int, int, int)",128,8704,0,208,0,128,"SQ_INSTS_LDS",671088640.000000,2754636577826,2754981076512
639,639,"Agent 1",1,21594,21594,524288,17,"pk_gemm(__half const*, __half const*, __half*, int, int, int)",128,8704,0,208,0,128,"SQ_WAIT_INST_LDS",11510165.000000,2754636577826,2754981076512
640,640,"Agent 1",1,21594,21594,524288,17,"pk_gemm(__half const*, __half const*, __half*, int, int, int)",128,8704,0,208,0,128,"SQC_LDS_BANK_CONFLICT",268435456.000000,2754981109424,2755381605253
640,640,"Agent 1",1,21594,21594,524288,17,"pk_gemm(__half const*, __half const*, __half*, int, int, int)",128,8704,0,208,0,128,"SQC_LDS_IDX_ACTIVE",2147483648.000000,2754981109424,2755381605253
640,640,"Agent 1",1,21594,21594,524288,17,"pk_gemm(__half const*, __half const*, __half*, int, int, int)",128,8704,0,208,0,128,"SQ_INSTS_LDS",671088640.000000,2754981109424,2755381605253
640,640,"Agent 1",1,21594,21594,524288,17,"pk_gemm(__half const*, __half const*, __half*, int, int, int)",128,8704,0,208,0,128,"SQ_WAIT_INST_LDS",11371403.000000,2754981109424,2755381605253
641,641,"Agent 1",1,21594,21594,524288,17,"pk_gemm(__half const*, __half const*, __half*, int, int, int)",128,8704,0,208,0,128,"SQC_LDS_BANK_CONFLICT",268435456.000000,2755381638258,2755923356226
641,641,"Agent 1",1,21594,21594,524288,17,"pk_gemm(__half const*, __half const*, __half*, int, int, int)",128,8704,0,208,0,128,"SQC_LDS_IDX_ACTIVE",2147483648.000000,2755381638258,2755923356226
641,641,"Agent 1",1,21594,21594,524288,17,"pk_gemm(__half const*, __half const*, __half*, int, int, int)",128,8704,0,208,0,128,"SQ_INSTS_LDS",671088640.000000,2755381638258,2755923356226
641,641,"Agent 1",1,21594,21594,524288,17,"pk_gemm(__half const*, __half const*, __half*, int, int, int)",128,8704,0,208,0,128,"SQ_WAIT_INST_LDS",10350177.000000,2755381638258,2755923356226
